any;municipi;edat any a any;sexe;concepte;estat;valor
2014;Abella de la Conca;total;homes;població;;94
2014;Abella de la Conca;total;dones;població;;76
2014;Abella de la Conca;total;total;població;;170
2014;Abrera;total;homes;població;;6167
2014;Abrera;total;dones;població;;5958
2014;Abrera;total;total;població;;12125
2014;Àger;total;homes;població;;314
2014;Àger;total;dones;població;;280
2014;Àger;total;total;població;;594
2014;Agramunt;total;homes;població;;2777
2014;Agramunt;total;dones;població;;2738
2014;Agramunt;total;total;població;;5515
2014;Aguilar de Segarra;total;homes;població;;132
2014;Aguilar de Segarra;total;dones;població;;119
2014;Aguilar de Segarra;total;total;població;;251
2014;Agullana;total;homes;població;;414
2014;Agullana;total;dones;població;;412
2014;Agullana;total;total;població;;826
2014;Aiguafreda;total;homes;població;;1194
2014;Aiguafreda;total;dones;població;;1304
2014;Aiguafreda;total;total;població;;2498
2014;Aiguamúrcia;total;homes;població;;487
2014;Aiguamúrcia;total;dones;població;;422
2014;Aiguamúrcia;total;total;població;;909
2014;Aiguaviva;total;homes;població;;392
2014;Aiguaviva;total;dones;població;;391
2014;Aiguaviva;total;total;població;;783
2014;Aitona;total;homes;població;;1225
2014;Aitona;total;dones;població;;1190
2014;Aitona;total;total;població;;2415
2014;Alamús, els;total;homes;població;;403
2014;Alamús, els;total;dones;població;;366
2014;Alamús, els;total;total;població;;769
2014;Alàs i Cerc;total;homes;població;;182
2014;Alàs i Cerc;total;dones;població;;174
2014;Alàs i Cerc;total;total;població;;356
2014;Albagés, l';total;homes;població;;220
2014;Albagés, l';total;dones;població;;199
2014;Albagés, l';total;total;població;;419
2014;Albanyà;total;homes;població;;85
2014;Albanyà;total;dones;població;;70
2014;Albanyà;total;total;població;;155
2014;Albatàrrec;total;homes;població;;1112
2014;Albatàrrec;total;dones;població;;1027
2014;Albatàrrec;total;total;població;;2139
2014;Albesa;total;homes;població;;856
2014;Albesa;total;dones;població;;752
2014;Albesa;total;total;població;;1608
2014;Albi, l';total;homes;població;;436
2014;Albi, l';total;dones;població;;398
2014;Albi, l';total;total;població;;834
2014;Albinyana;total;homes;població;;1181
2014;Albinyana;total;dones;població;;1154
2014;Albinyana;total;total;població;;2335
2014;Albiol, l';total;homes;població;;234
2014;Albiol, l';total;dones;població;;224
2014;Albiol, l';total;total;població;;458
2014;Albons;total;homes;població;;375
2014;Albons;total;dones;població;;352
2014;Albons;total;total;població;;727
2014;Alcanar;total;homes;població;;4922
2014;Alcanar;total;dones;població;;4715
2014;Alcanar;total;total;població;;9637
2014;Alcanó;total;homes;població;;118
2014;Alcanó;total;dones;població;;124
2014;Alcanó;total;total;població;;242
2014;Alcarràs;total;homes;població;;4815
2014;Alcarràs;total;dones;població;;4437
2014;Alcarràs;total;total;població;;9252
2014;Alcoletge;total;homes;població;;1716
2014;Alcoletge;total;dones;població;;1554
2014;Alcoletge;total;total;població;;3270
2014;Alcover;total;homes;població;;2573
2014;Alcover;total;dones;població;;2558
2014;Alcover;total;total;població;;5131
2014;Aldea, l';total;homes;població;;2318
2014;Aldea, l';total;dones;població;;2058
2014;Aldea, l';total;total;població;;4376
2014;Aldover;total;homes;població;;475
2014;Aldover;total;dones;població;;465
2014;Aldover;total;total;població;;940
2014;Aleixar, l';total;homes;població;;450
2014;Aleixar, l';total;dones;població;;441
2014;Aleixar, l';total;total;població;;891
2014;Alella;total;homes;població;;4722
2014;Alella;total;dones;població;;4929
2014;Alella;total;total;població;;9651
2014;Alfara de Carles;total;homes;població;;211
2014;Alfara de Carles;total;dones;població;;184
2014;Alfara de Carles;total;total;població;;395
2014;Alfarràs;total;homes;població;;1562
2014;Alfarràs;total;dones;població;;1441
2014;Alfarràs;total;total;població;;3003
2014;Alfés;total;homes;població;;162
2014;Alfés;total;dones;població;;153
2014;Alfés;total;total;població;;315
2014;Alforja;total;homes;població;;946
2014;Alforja;total;dones;població;;913
2014;Alforja;total;total;població;;1859
2014;Algerri;total;homes;població;;228
2014;Algerri;total;dones;població;;195
2014;Algerri;total;total;població;;423
2014;Alguaire;total;homes;població;;1636
2014;Alguaire;total;dones;població;;1457
2014;Alguaire;total;total;població;;3093
2014;Alins;total;homes;població;;150
2014;Alins;total;dones;població;;136
2014;Alins;total;total;població;;286
2014;Alió;total;homes;població;;210
2014;Alió;total;dones;població;;222
2014;Alió;total;total;població;;432
2014;Almacelles;total;homes;població;;3484
2014;Almacelles;total;dones;població;;3215
2014;Almacelles;total;total;població;;6699
2014;Almatret;total;homes;població;;176
2014;Almatret;total;dones;població;;157
2014;Almatret;total;total;població;;333
2014;Almenar;total;homes;població;;1887
2014;Almenar;total;dones;població;;1660
2014;Almenar;total;total;població;;3547
2014;Almoster;total;homes;població;;691
2014;Almoster;total;dones;població;;705
2014;Almoster;total;total;població;;1396
2014;Alòs de Balaguer;total;homes;població;;69
2014;Alòs de Balaguer;total;dones;població;;57
2014;Alòs de Balaguer;total;total;població;;126
2014;Alp;total;homes;població;;876
2014;Alp;total;dones;població;;785
2014;Alp;total;total;població;;1661
2014;Alpens;total;homes;població;;162
2014;Alpens;total;dones;població;;138
2014;Alpens;total;total;població;;300
2014;Alpicat;total;homes;població;;3140
2014;Alpicat;total;dones;població;;3157
2014;Alpicat;total;total;població;;6297
2014;Alt Àneu;total;homes;població;;235
2014;Alt Àneu;total;dones;població;;181
2014;Alt Àneu;total;total;població;;416
2014;Altafulla;total;homes;població;;2451
2014;Altafulla;total;dones;població;;2537
2014;Altafulla;total;total;població;;4988
2014;Amer;total;homes;població;;1095
2014;Amer;total;dones;població;;1186
2014;Amer;total;total;població;;2281
2014;Ametlla de Mar, l';total;homes;població;;3703
2014;Ametlla de Mar, l';total;dones;població;;3600
2014;Ametlla de Mar, l';total;total;població;;7303
2014;Ametlla del Vallès, l';total;homes;població;;4177
2014;Ametlla del Vallès, l';total;dones;població;;4106
2014;Ametlla del Vallès, l';total;total;població;;8283
2014;Ampolla, l';total;homes;població;;1772
2014;Ampolla, l';total;dones;població;;1707
2014;Ampolla, l';total;total;població;;3479
2014;Amposta;total;homes;població;;10713
2014;Amposta;total;dones;població;;10484
2014;Amposta;total;total;població;;21197
2014;Anglès;total;homes;població;;2786
2014;Anglès;total;dones;població;;2820
2014;Anglès;total;total;població;;5606
2014;Anglesola;total;homes;població;;678
2014;Anglesola;total;dones;població;;682
2014;Anglesola;total;total;població;;1360
2014;Arbeca;total;homes;població;;1221
2014;Arbeca;total;dones;població;;1168
2014;Arbeca;total;total;població;;2389
2014;Arboç, l';total;homes;població;;2865
2014;Arboç, l';total;dones;població;;2650
2014;Arboç, l';total;total;població;;5515
2014;Arbolí;total;homes;població;;59
2014;Arbolí;total;dones;població;;46
2014;Arbolí;total;total;població;;105
2014;Arbúcies;total;homes;població;;3377
2014;Arbúcies;total;dones;població;;3104
2014;Arbúcies;total;total;població;;6481
2014;Arenys de Mar;total;homes;població;;7509
2014;Arenys de Mar;total;dones;població;;7798
2014;Arenys de Mar;total;total;població;;15307
2014;Arenys de Munt;total;homes;població;;4371
2014;Arenys de Munt;total;dones;població;;4283
2014;Arenys de Munt;total;total;població;;8654
2014;Argelaguer;total;homes;població;;229
2014;Argelaguer;total;dones;població;;196
2014;Argelaguer;total;total;població;;425
2014;Argençola;total;homes;població;;113
2014;Argençola;total;dones;població;;99
2014;Argençola;total;total;població;;212
2014;Argentera, l';total;homes;població;;81
2014;Argentera, l';total;dones;població;;65
2014;Argentera, l';total;total;població;;146
2014;Argentona;total;homes;població;;5877
2014;Argentona;total;dones;població;;6086
2014;Argentona;total;total;població;;11963
2014;Armentera, l';total;homes;població;;450
2014;Armentera, l';total;dones;població;;451
2014;Armentera, l';total;total;població;;901
2014;Arnes;total;homes;població;;242
2014;Arnes;total;dones;població;;232
2014;Arnes;total;total;població;;474
2014;Arres;total;homes;població;;45
2014;Arres;total;dones;població;;28
2014;Arres;total;total;població;;73
2014;Arsèguel;total;homes;població;;45
2014;Arsèguel;total;dones;població;;36
2014;Arsèguel;total;total;població;;81
2014;Artés;total;homes;població;;2841
2014;Artés;total;dones;població;;2820
2014;Artés;total;total;població;;5661
2014;Artesa de Lleida;total;homes;població;;784
2014;Artesa de Lleida;total;dones;població;;724
2014;Artesa de Lleida;total;total;població;;1508
2014;Artesa de Segre;total;homes;població;;1850
2014;Artesa de Segre;total;dones;població;;1806
2014;Artesa de Segre;total;total;població;;3656
2014;Ascó;total;homes;població;;862
2014;Ascó;total;dones;població;;792
2014;Ascó;total;total;població;;1654
2014;Aspa;total;homes;població;;107
2014;Aspa;total;dones;població;;108
2014;Aspa;total;total;població;;215
2014;Avellanes i Santa Linya, les;total;homes;població;;272
2014;Avellanes i Santa Linya, les;total;dones;població;;207
2014;Avellanes i Santa Linya, les;total;total;població;;479
2014;Avià;total;homes;població;;1129
2014;Avià;total;dones;població;;1129
2014;Avià;total;total;població;;2258
2014;Avinyó;total;homes;població;;1138
2014;Avinyó;total;dones;població;;1137
2014;Avinyó;total;total;població;;2275
2014;Avinyonet de Puigventós;total;homes;població;;797
2014;Avinyonet de Puigventós;total;dones;població;;784
2014;Avinyonet de Puigventós;total;total;població;;1581
2014;Avinyonet del Penedès;total;homes;població;;878
2014;Avinyonet del Penedès;total;dones;població;;797
2014;Avinyonet del Penedès;total;total;població;;1675
2014;Badalona;total;homes;població;;107587
2014;Badalona;total;dones;població;;109623
2014;Badalona;total;total;població;;217210
2014;Badia del Vallès;total;homes;població;;6603
2014;Badia del Vallès;total;dones;població;;6950
2014;Badia del Vallès;total;total;població;;13553
2014;Bagà;total;homes;població;;1109
2014;Bagà;total;dones;població;;1116
2014;Bagà;total;total;població;;2225
2014;Baix Pallars;total;homes;població;;192
2014;Baix Pallars;total;dones;població;;169
2014;Baix Pallars;total;total;població;;361
2014;Balaguer;total;homes;població;;8333
2014;Balaguer;total;dones;població;;8152
2014;Balaguer;total;total;població;;16485
2014;Balenyà;total;homes;població;;1870
2014;Balenyà;total;dones;població;;1854
2014;Balenyà;total;total;població;;3724
2014;Balsareny;total;homes;població;;1644
2014;Balsareny;total;dones;població;;1699
2014;Balsareny;total;total;població;;3343
2014;Banyeres del Penedès;total;homes;població;;1552
2014;Banyeres del Penedès;total;dones;població;;1505
2014;Banyeres del Penedès;total;total;població;;3057
2014;Banyoles;total;homes;població;;9709
2014;Banyoles;total;dones;població;;9634
2014;Banyoles;total;total;població;;19343
2014;Barbens;total;homes;població;;465
2014;Barbens;total;dones;població;;410
2014;Barbens;total;total;població;;875
2014;Barberà de la Conca;total;homes;població;;281
2014;Barberà de la Conca;total;dones;població;;238
2014;Barberà de la Conca;total;total;població;;519
2014;Barberà del Vallès;total;homes;població;;16120
2014;Barberà del Vallès;total;dones;població;;16430
2014;Barberà del Vallès;total;total;població;;32550
2014;Barcelona;total;homes;població;;758316
2014;Barcelona;total;dones;població;;844070
2014;Barcelona;total;total;població;;1602386
2014;Baronia de Rialb, la;total;homes;població;;124
2014;Baronia de Rialb, la;total;dones;població;;111
2014;Baronia de Rialb, la;total;total;població;;235
2014;Bàscara;total;homes;població;;482
2014;Bàscara;total;dones;població;;467
2014;Bàscara;total;total;població;;949
2014;Bassella;total;homes;població;;125
2014;Bassella;total;dones;població;;119
2014;Bassella;total;total;població;;244
2014;Batea;total;homes;població;;983
2014;Batea;total;dones;població;;992
2014;Batea;total;total;població;;1975
2014;Bausen;total;homes;població;;29
2014;Bausen;total;dones;població;;20
2014;Bausen;total;total;població;;49
2014;Begues;total;homes;població;;3282
2014;Begues;total;dones;població;;3338
2014;Begues;total;total;població;;6620
2014;Begur;total;homes;població;;2027
2014;Begur;total;dones;població;;1967
2014;Begur;total;total;població;;3994
2014;Belianes;total;homes;població;;275
2014;Belianes;total;dones;població;;280
2014;Belianes;total;total;població;;555
2014;Bellaguarda;total;homes;població;;161
2014;Bellaguarda;total;dones;població;;146
2014;Bellaguarda;total;total;població;;307
2014;Bellcaire d'Empordà;total;homes;població;;309
2014;Bellcaire d'Empordà;total;dones;població;;341
2014;Bellcaire d'Empordà;total;total;població;;650
2014;Bellcaire d'Urgell;total;homes;població;;666
2014;Bellcaire d'Urgell;total;dones;població;;639
2014;Bellcaire d'Urgell;total;total;població;;1305
2014;Bell-lloc d'Urgell;total;homes;població;;1164
2014;Bell-lloc d'Urgell;total;dones;població;;1187
2014;Bell-lloc d'Urgell;total;total;població;;2351
2014;Bellmunt d'Urgell;total;homes;població;;95
2014;Bellmunt d'Urgell;total;dones;població;;97
2014;Bellmunt d'Urgell;total;total;població;;192
2014;Bellmunt del Priorat;total;homes;població;;156
2014;Bellmunt del Priorat;total;dones;població;;151
2014;Bellmunt del Priorat;total;total;població;;307
2014;Bellprat;total;homes;població;;46
2014;Bellprat;total;dones;població;;32
2014;Bellprat;total;total;població;;78
2014;Bellpuig;total;homes;població;;2558
2014;Bellpuig;total;dones;població;;2398
2014;Bellpuig;total;total;població;;4956
2014;Bellvei;total;homes;població;;1121
2014;Bellvei;total;dones;població;;1053
2014;Bellvei;total;total;població;;2174
2014;Bellver de Cerdanya;total;homes;població;;1086
2014;Bellver de Cerdanya;total;dones;població;;989
2014;Bellver de Cerdanya;total;total;població;;2075
2014;Bellvís;total;homes;població;;1184
2014;Bellvís;total;dones;població;;1158
2014;Bellvís;total;total;població;;2342
2014;Benavent de Segrià;total;homes;població;;792
2014;Benavent de Segrià;total;dones;població;;724
2014;Benavent de Segrià;total;total;població;;1516
2014;Benifallet;total;homes;població;;358
2014;Benifallet;total;dones;població;;345
2014;Benifallet;total;total;població;;703
2014;Benissanet;total;homes;població;;677
2014;Benissanet;total;dones;població;;570
2014;Benissanet;total;total;població;;1247
2014;Berga;total;homes;població;;8076
2014;Berga;total;dones;població;;8380
2014;Berga;total;total;població;;16456
2014;Besalú;total;homes;població;;1154
2014;Besalú;total;dones;població;;1246
2014;Besalú;total;total;població;;2400
2014;Bescanó;total;homes;població;;2427
2014;Bescanó;total;dones;població;;2447
2014;Bescanó;total;total;població;;4874
2014;Beuda;total;homes;població;;108
2014;Beuda;total;dones;població;;92
2014;Beuda;total;total;població;;200
2014;Bigues i Riells del Fai;total;homes;població;;4513
2014;Bigues i Riells del Fai;total;dones;població;;4341
2014;Bigues i Riells del Fai;total;total;població;;8854
2014;Biosca;total;homes;població;;106
2014;Biosca;total;dones;població;;91
2014;Biosca;total;total;població;;197
2014;Bisbal d'Empordà, la;total;homes;població;;5419
2014;Bisbal d'Empordà, la;total;dones;població;;5342
2014;Bisbal d'Empordà, la;total;total;població;;10761
2014;Bisbal de Montsant, la;total;homes;població;;119
2014;Bisbal de Montsant, la;total;dones;població;;97
2014;Bisbal de Montsant, la;total;total;població;;216
2014;Bisbal del Penedès, la;total;homes;població;;1835
2014;Bisbal del Penedès, la;total;dones;població;;1660
2014;Bisbal del Penedès, la;total;total;població;;3495
2014;Biure;total;homes;població;;132
2014;Biure;total;dones;població;;113
2014;Biure;total;total;població;;245
2014;Blancafort;total;homes;població;;214
2014;Blancafort;total;dones;població;;199
2014;Blancafort;total;total;població;;413
2014;Blanes;total;homes;població;;19703
2014;Blanes;total;dones;població;;19590
2014;Blanes;total;total;població;;39293
2014;Boadella i les Escaules;total;homes;població;;129
2014;Boadella i les Escaules;total;dones;població;;119
2014;Boadella i les Escaules;total;total;població;;248
2014;Bolvir;total;homes;població;;197
2014;Bolvir;total;dones;població;;176
2014;Bolvir;total;total;població;;373
2014;Bonastre;total;homes;població;;321
2014;Bonastre;total;dones;població;;301
2014;Bonastre;total;total;població;;622
2014;Bòrdes, Es;total;homes;població;;134
2014;Bòrdes, Es;total;dones;població;;100
2014;Bòrdes, Es;total;total;població;;234
2014;Bordils;total;homes;població;;852
2014;Bordils;total;dones;població;;838
2014;Bordils;total;total;població;;1690
2014;Borges Blanques, les;total;homes;població;;3094
2014;Borges Blanques, les;total;dones;població;;2994
2014;Borges Blanques, les;total;total;població;;6088
2014;Borges del Camp, les;total;homes;població;;1040
2014;Borges del Camp, les;total;dones;població;;1037
2014;Borges del Camp, les;total;total;població;;2077
2014;Borrassà;total;homes;població;;374
2014;Borrassà;total;dones;població;;354
2014;Borrassà;total;total;població;;728
2014;Borredà;total;homes;població;;299
2014;Borredà;total;dones;població;;241
2014;Borredà;total;total;població;;540
2014;Bossòst;total;homes;població;;569
2014;Bossòst;total;dones;població;;571
2014;Bossòst;total;total;població;;1140
2014;Bot;total;homes;població;;327
2014;Bot;total;dones;població;;303
2014;Bot;total;total;població;;630
2014;Botarell;total;homes;població;;576
2014;Botarell;total;dones;població;;524
2014;Botarell;total;total;població;;1100
2014;Bovera;total;homes;població;;157
2014;Bovera;total;dones;població;;133
2014;Bovera;total;total;població;;290
2014;Bràfim;total;homes;població;;332
2014;Bràfim;total;dones;població;;328
2014;Bràfim;total;total;població;;660
2014;Breda;total;homes;població;;1876
2014;Breda;total;dones;població;;1875
2014;Breda;total;total;població;;3751
2014;Bruc, el;total;homes;població;;1070
2014;Bruc, el;total;dones;població;;921
2014;Bruc, el;total;total;població;;1991
2014;Brull, el;total;homes;població;;145
2014;Brull, el;total;dones;població;;118
2014;Brull, el;total;total;població;;263
2014;Brunyola i Sant Martí Sapresa;total;homes;població;;197
2014;Brunyola i Sant Martí Sapresa;total;dones;població;;194
2014;Brunyola i Sant Martí Sapresa;total;total;població;;391
2014;Cabacés;total;homes;població;;163
2014;Cabacés;total;dones;població;;163
2014;Cabacés;total;total;població;;326
2014;Cabanabona;total;homes;població;;41
2014;Cabanabona;total;dones;població;;47
2014;Cabanabona;total;total;població;;88
2014;Cabanelles;total;homes;població;;136
2014;Cabanelles;total;dones;població;;107
2014;Cabanelles;total;total;població;;243
2014;Cabanes;total;homes;població;;489
2014;Cabanes;total;dones;població;;432
2014;Cabanes;total;total;població;;921
2014;Cabanyes, les;total;homes;població;;497
2014;Cabanyes, les;total;dones;població;;464
2014;Cabanyes, les;total;total;població;;961
2014;Cabó;total;homes;població;;50
2014;Cabó;total;dones;població;;48
2014;Cabó;total;total;població;;98
2014;Cabra del Camp;total;homes;població;;588
2014;Cabra del Camp;total;dones;població;;527
2014;Cabra del Camp;total;total;població;;1115
2014;Cabrera d'Anoia;total;homes;població;;713
2014;Cabrera d'Anoia;total;dones;població;;650
2014;Cabrera d'Anoia;total;total;població;;1363
2014;Cabrera de Mar;total;homes;població;;2275
2014;Cabrera de Mar;total;dones;població;;2250
2014;Cabrera de Mar;total;total;població;;4525
2014;Cabrils;total;homes;població;;3554
2014;Cabrils;total;dones;població;;3643
2014;Cabrils;total;total;població;;7197
2014;Cadaqués;total;homes;població;;1368
2014;Cadaqués;total;dones;població;;1452
2014;Cadaqués;total;total;població;;2820
2014;Calaf;total;homes;població;;1793
2014;Calaf;total;dones;població;;1682
2014;Calaf;total;total;població;;3475
2014;Calafell;total;homes;població;;12210
2014;Calafell;total;dones;població;;12123
2014;Calafell;total;total;població;;24333
2014;Calders;total;homes;població;;491
2014;Calders;total;dones;població;;458
2014;Calders;total;total;població;;949
2014;Caldes d'Estrac;total;homes;població;;1314
2014;Caldes d'Estrac;total;dones;població;;1424
2014;Caldes d'Estrac;total;total;població;;2738
2014;Caldes de Malavella;total;homes;població;;3555
2014;Caldes de Malavella;total;dones;població;;3575
2014;Caldes de Malavella;total;total;població;;7130
2014;Caldes de Montbui;total;homes;població;;8552
2014;Caldes de Montbui;total;dones;població;;8604
2014;Caldes de Montbui;total;total;població;;17156
2014;Calella;total;homes;població;;8996
2014;Calella;total;dones;població;;9311
2014;Calella;total;total;població;;18307
2014;Calldetenes;total;homes;població;;1242
2014;Calldetenes;total;dones;població;;1187
2014;Calldetenes;total;total;població;;2429
2014;Callús;total;homes;població;;962
2014;Callús;total;dones;població;;1023
2014;Callús;total;total;població;;1985
2014;Calonge de Segarra;total;homes;població;;99
2014;Calonge de Segarra;total;dones;població;;103
2014;Calonge de Segarra;total;total;població;;202
2014;Calonge i Sant Antoni;total;homes;població;;5298
2014;Calonge i Sant Antoni;total;dones;població;;5243
2014;Calonge i Sant Antoni;total;total;població;;10541
2014;Camarasa;total;homes;població;;454
2014;Camarasa;total;dones;població;;457
2014;Camarasa;total;total;població;;911
2014;Camarles;total;homes;població;;1804
2014;Camarles;total;dones;població;;1710
2014;Camarles;total;total;població;;3514
2014;Cambrils;total;homes;població;;16429
2014;Cambrils;total;dones;població;;16872
2014;Cambrils;total;total;població;;33301
2014;Camós;total;homes;població;;345
2014;Camós;total;dones;població;;341
2014;Camós;total;total;població;;686
2014;Campdevànol;total;homes;població;;1660
2014;Campdevànol;total;dones;població;;1735
2014;Campdevànol;total;total;població;;3395
2014;Campelles;total;homes;població;;67
2014;Campelles;total;dones;població;;65
2014;Campelles;total;total;població;;132
2014;Campins;total;homes;població;;261
2014;Campins;total;dones;població;;260
2014;Campins;total;total;població;;521
2014;Campllong;total;homes;població;;257
2014;Campllong;total;dones;població;;258
2014;Campllong;total;total;població;;515
2014;Camprodon;total;homes;població;;1149
2014;Camprodon;total;dones;població;;1210
2014;Camprodon;total;total;població;;2359
2014;Canejan;total;homes;població;;57
2014;Canejan;total;dones;població;;45
2014;Canejan;total;total;població;;102
2014;Canet d'Adri;total;homes;població;;331
2014;Canet d'Adri;total;dones;població;;313
2014;Canet d'Adri;total;total;població;;644
2014;Canet de Mar;total;homes;població;;6861
2014;Canet de Mar;total;dones;població;;7262
2014;Canet de Mar;total;total;població;;14123
2014;Canonja, la;total;homes;població;;2896
2014;Canonja, la;total;dones;població;;2911
2014;Canonja, la;total;total;població;;5807
2014;Canovelles;total;homes;població;;8277
2014;Canovelles;total;dones;població;;7677
2014;Canovelles;total;total;població;;15954
2014;Cànoves i Samalús;total;homes;població;;1454
2014;Cànoves i Samalús;total;dones;població;;1409
2014;Cànoves i Samalús;total;total;població;;2863
2014;Cantallops;total;homes;població;;163
2014;Cantallops;total;dones;població;;161
2014;Cantallops;total;total;població;;324
2014;Canyelles;total;homes;població;;2217
2014;Canyelles;total;dones;població;;2128
2014;Canyelles;total;total;població;;4345
2014;Capafonts;total;homes;població;;57
2014;Capafonts;total;dones;població;;57
2014;Capafonts;total;total;població;;114
2014;Capçanes;total;homes;població;;203
2014;Capçanes;total;dones;població;;208
2014;Capçanes;total;total;població;;411
2014;Capellades;total;homes;població;;2626
2014;Capellades;total;dones;població;;2658
2014;Capellades;total;total;població;;5284
2014;Capmany;total;homes;població;;323
2014;Capmany;total;dones;població;;289
2014;Capmany;total;total;població;;612
2014;Capolat;total;homes;població;;41
2014;Capolat;total;dones;població;;47
2014;Capolat;total;total;població;;88
2014;Cardedeu;total;homes;població;;8712
2014;Cardedeu;total;dones;població;;8986
2014;Cardedeu;total;total;població;;17698
2014;Cardona;total;homes;població;;2413
2014;Cardona;total;dones;població;;2508
2014;Cardona;total;total;població;;4921
2014;Carme;total;homes;població;;424
2014;Carme;total;dones;població;;393
2014;Carme;total;total;població;;817
2014;Caseres;total;homes;població;;134
2014;Caseres;total;dones;població;;133
2014;Caseres;total;total;població;;267
2014;Cassà de la Selva;total;homes;població;;5062
2014;Cassà de la Selva;total;dones;població;;4860
2014;Cassà de la Selva;total;total;població;;9922
2014;Casserres;total;homes;població;;776
2014;Casserres;total;dones;població;;793
2014;Casserres;total;total;població;;1569
2014;Castell d'Aro, Platja d'Aro i s'Agaró;total;homes;població;;5309
2014;Castell d'Aro, Platja d'Aro i s'Agaró;total;dones;població;;5412
2014;Castell d'Aro, Platja d'Aro i s'Agaró;total;total;població;;10721
2014;Castell de l'Areny;total;homes;població;;42
2014;Castell de l'Areny;total;dones;població;;33
2014;Castell de l'Areny;total;total;població;;75
2014;Castell de Mur;total;homes;població;;85
2014;Castell de Mur;total;dones;població;;78
2014;Castell de Mur;total;total;població;;163
2014;Castellar de la Ribera;total;homes;població;;77
2014;Castellar de la Ribera;total;dones;població;;72
2014;Castellar de la Ribera;total;total;població;;149
2014;Castellar de n'Hug;total;homes;població;;86
2014;Castellar de n'Hug;total;dones;població;;73
2014;Castellar de n'Hug;total;total;població;;159
2014;Castellar del Riu;total;homes;població;;96
2014;Castellar del Riu;total;dones;població;;75
2014;Castellar del Riu;total;total;població;;171
2014;Castellar del Vallès;total;homes;població;;11538
2014;Castellar del Vallès;total;dones;població;;11902
2014;Castellar del Vallès;total;total;població;;23440
2014;Castellbell i el Vilar;total;homes;població;;1856
2014;Castellbell i el Vilar;total;dones;població;;1768
2014;Castellbell i el Vilar;total;total;població;;3624
2014;Castellbisbal;total;homes;població;;6331
2014;Castellbisbal;total;dones;població;;6103
2014;Castellbisbal;total;total;població;;12434
2014;Castellcir;total;homes;població;;367
2014;Castellcir;total;dones;població;;351
2014;Castellcir;total;total;població;;718
2014;Castelldans;total;homes;població;;528
2014;Castelldans;total;dones;població;;448
2014;Castelldans;total;total;població;;976
2014;Castelldefels;total;homes;població;;31286
2014;Castelldefels;total;dones;població;;31969
2014;Castelldefels;total;total;població;;63255
2014;Castellet i la Gornal;total;homes;població;;1127
2014;Castellet i la Gornal;total;dones;població;;1110
2014;Castellet i la Gornal;total;total;població;;2237
2014;Castellfollit de la Roca;total;homes;població;;518
2014;Castellfollit de la Roca;total;dones;població;;495
2014;Castellfollit de la Roca;total;total;població;;1013
2014;Castellfollit de Riubregós;total;homes;població;;97
2014;Castellfollit de Riubregós;total;dones;població;;80
2014;Castellfollit de Riubregós;total;total;població;;177
2014;Castellfollit del Boix;total;homes;població;;217
2014;Castellfollit del Boix;total;dones;població;;211
2014;Castellfollit del Boix;total;total;població;;428
2014;Castellgalí;total;homes;població;;1051
2014;Castellgalí;total;dones;població;;971
2014;Castellgalí;total;total;població;;2022
2014;Castellnou de Bages;total;homes;població;;629
2014;Castellnou de Bages;total;dones;població;;612
2014;Castellnou de Bages;total;total;població;;1241
2014;Castellnou de Seana;total;homes;població;;386
2014;Castellnou de Seana;total;dones;població;;354
2014;Castellnou de Seana;total;total;població;;740
2014;Castelló d'Empúries;total;homes;població;;5835
2014;Castelló d'Empúries;total;dones;població;;5638
2014;Castelló d'Empúries;total;total;població;;11473
2014;Castelló de Farfanya;total;homes;població;;304
2014;Castelló de Farfanya;total;dones;població;;261
2014;Castelló de Farfanya;total;total;població;;565
2014;Castellolí;total;homes;població;;275
2014;Castellolí;total;dones;població;;296
2014;Castellolí;total;total;població;;571
2014;Castellserà;total;homes;població;;546
2014;Castellserà;total;dones;població;;537
2014;Castellserà;total;total;població;;1083
2014;Castellterçol;total;homes;població;;1191
2014;Castellterçol;total;dones;població;;1209
2014;Castellterçol;total;total;població;;2400
2014;Castellvell del Camp;total;homes;població;;1434
2014;Castellvell del Camp;total;dones;població;;1435
2014;Castellvell del Camp;total;total;població;;2869
2014;Castellví de la Marca;total;homes;població;;802
2014;Castellví de la Marca;total;dones;població;;787
2014;Castellví de la Marca;total;total;població;;1589
2014;Castellví de Rosanes;total;homes;població;;871
2014;Castellví de Rosanes;total;dones;població;;889
2014;Castellví de Rosanes;total;total;població;;1760
2014;Catllar, el;total;homes;població;;2178
2014;Catllar, el;total;dones;població;;2044
2014;Catllar, el;total;total;població;;4222
2014;Cava;total;homes;població;;34
2014;Cava;total;dones;població;;26
2014;Cava;total;total;població;;60
2014;Cellera de Ter, la;total;homes;població;;1034
2014;Cellera de Ter, la;total;dones;població;;1037
2014;Cellera de Ter, la;total;total;població;;2071
2014;Celrà;total;homes;població;;2519
2014;Celrà;total;dones;població;;2534
2014;Celrà;total;total;població;;5053
2014;Centelles;total;homes;població;;3596
2014;Centelles;total;dones;població;;3737
2014;Centelles;total;total;població;;7333
2014;Cercs;total;homes;població;;628
2014;Cercs;total;dones;població;;618
2014;Cercs;total;total;població;;1246
2014;Cerdanyola del Vallès;total;homes;població;;28192
2014;Cerdanyola del Vallès;total;dones;població;;29210
2014;Cerdanyola del Vallès;total;total;població;;57402
2014;Cervelló;total;homes;població;;4423
2014;Cervelló;total;dones;població;;4388
2014;Cervelló;total;total;població;;8811
2014;Cervera;total;homes;població;;4555
2014;Cervera;total;dones;població;;4484
2014;Cervera;total;total;població;;9039
2014;Cervià de les Garrigues;total;homes;població;;365
2014;Cervià de les Garrigues;total;dones;població;;343
2014;Cervià de les Garrigues;total;total;població;;708
2014;Cervià de Ter;total;homes;població;;470
2014;Cervià de Ter;total;dones;població;;464
2014;Cervià de Ter;total;total;població;;934
2014;Cistella;total;homes;població;;143
2014;Cistella;total;dones;població;;150
2014;Cistella;total;total;població;;293
2014;Ciutadilla;total;homes;població;;114
2014;Ciutadilla;total;dones;població;;95
2014;Ciutadilla;total;total;població;;209
2014;Clariana de Cardener;total;homes;població;;71
2014;Clariana de Cardener;total;dones;població;;69
2014;Clariana de Cardener;total;total;població;;140
2014;Cogul, el;total;homes;població;;103
2014;Cogul, el;total;dones;població;;87
2014;Cogul, el;total;total;població;;190
2014;Colera;total;homes;població;;274
2014;Colera;total;dones;població;;258
2014;Colera;total;total;població;;532
2014;Coll de Nargó;total;homes;població;;296
2014;Coll de Nargó;total;dones;població;;291
2014;Coll de Nargó;total;total;població;;587
2014;Collbató;total;homes;població;;2286
2014;Collbató;total;dones;població;;2141
2014;Collbató;total;total;població;;4427
2014;Colldejou;total;homes;població;;93
2014;Colldejou;total;dones;població;;79
2014;Colldejou;total;total;població;;172
2014;Collsuspina;total;homes;població;;177
2014;Collsuspina;total;dones;població;;161
2014;Collsuspina;total;total;població;;338
2014;Colomers;total;homes;població;;95
2014;Colomers;total;dones;població;;100
2014;Colomers;total;total;població;;195
2014;Coma i la Pedra, la;total;homes;població;;164
2014;Coma i la Pedra, la;total;dones;població;;105
2014;Coma i la Pedra, la;total;total;població;;269
2014;Conca de Dalt;total;homes;població;;231
2014;Conca de Dalt;total;dones;població;;212
2014;Conca de Dalt;total;total;població;;443
2014;Conesa;total;homes;població;;62
2014;Conesa;total;dones;població;;60
2014;Conesa;total;total;població;;122
2014;Constantí;total;homes;població;;3396
2014;Constantí;total;dones;població;;3143
2014;Constantí;total;total;població;;6539
2014;Copons;total;homes;població;;163
2014;Copons;total;dones;població;;160
2014;Copons;total;total;població;;323
2014;Corbera d'Ebre;total;homes;població;;604
2014;Corbera d'Ebre;total;dones;població;;532
2014;Corbera d'Ebre;total;total;població;;1136
2014;Corbera de Llobregat;total;homes;població;;7134
2014;Corbera de Llobregat;total;dones;població;;7103
2014;Corbera de Llobregat;total;total;població;;14237
2014;Corbins;total;homes;població;;749
2014;Corbins;total;dones;població;;651
2014;Corbins;total;total;població;;1400
2014;Corçà;total;homes;població;;624
2014;Corçà;total;dones;població;;633
2014;Corçà;total;total;població;;1257
2014;Cornellà de Llobregat;total;homes;població;;42133
2014;Cornellà de Llobregat;total;dones;població;;44101
2014;Cornellà de Llobregat;total;total;població;;86234
2014;Cornellà del Terri;total;homes;població;;1139
2014;Cornellà del Terri;total;dones;població;;1096
2014;Cornellà del Terri;total;total;població;;2235
2014;Cornudella de Montsant;total;homes;població;;509
2014;Cornudella de Montsant;total;dones;població;;445
2014;Cornudella de Montsant;total;total;població;;954
2014;Creixell;total;homes;població;;1769
2014;Creixell;total;dones;població;;1711
2014;Creixell;total;total;població;;3480
2014;Crespià;total;homes;població;;124
2014;Crespià;total;dones;població;;121
2014;Crespià;total;total;població;;245
2014;Cruïlles, Monells i Sant Sadurní de l'Heura;total;homes;població;;654
2014;Cruïlles, Monells i Sant Sadurní de l'Heura;total;dones;població;;630
2014;Cruïlles, Monells i Sant Sadurní de l'Heura;total;total;població;;1284
2014;Cubelles;total;homes;població;;7315
2014;Cubelles;total;dones;població;;7166
2014;Cubelles;total;total;població;;14481
2014;Cubells;total;homes;població;;212
2014;Cubells;total;dones;població;;183
2014;Cubells;total;total;població;;395
2014;Cunit;total;homes;població;;5969
2014;Cunit;total;dones;població;;6020
2014;Cunit;total;total;població;;11989
2014;Darnius;total;homes;població;;271
2014;Darnius;total;dones;població;;263
2014;Darnius;total;total;població;;534
2014;Das;total;homes;població;;119
2014;Das;total;dones;població;;101
2014;Das;total;total;població;;220
2014;Deltebre;total;homes;població;;5957
2014;Deltebre;total;dones;població;;5874
2014;Deltebre;total;total;població;;11831
2014;Dosrius;total;homes;població;;2611
2014;Dosrius;total;dones;població;;2526
2014;Dosrius;total;total;població;;5137
2014;Duesaigües;total;homes;població;;133
2014;Duesaigües;total;dones;població;;106
2014;Duesaigües;total;total;població;;239
2014;Escala, l';total;homes;població;;5149
2014;Escala, l';total;dones;població;;4994
2014;Escala, l';total;total;població;;10143
2014;Esparreguera;total;homes;població;;11018
2014;Esparreguera;total;dones;població;;10667
2014;Esparreguera;total;total;població;;21685
2014;Espinelves;total;homes;població;;97
2014;Espinelves;total;dones;població;;99
2014;Espinelves;total;total;població;;196
2014;Espluga Calba, l';total;homes;població;;199
2014;Espluga Calba, l';total;dones;població;;196
2014;Espluga Calba, l';total;total;població;;395
2014;Espluga de Francolí, l';total;homes;població;;1867
2014;Espluga de Francolí, l';total;dones;població;;1969
2014;Espluga de Francolí, l';total;total;població;;3836
2014;Esplugues de Llobregat;total;homes;població;;22250
2014;Esplugues de Llobregat;total;dones;població;;23883
2014;Esplugues de Llobregat;total;total;població;;46133
2014;Espolla;total;homes;població;;210
2014;Espolla;total;dones;població;;207
2014;Espolla;total;total;població;;417
2014;Esponellà;total;homes;població;;229
2014;Esponellà;total;dones;població;;229
2014;Esponellà;total;total;població;;458
2014;Espot;total;homes;població;;193
2014;Espot;total;dones;població;;164
2014;Espot;total;total;població;;357
2014;Espunyola, l';total;homes;població;;129
2014;Espunyola, l';total;dones;població;;130
2014;Espunyola, l';total;total;població;;259
2014;Esquirol, l';total;homes;població;;1101
2014;Esquirol, l';total;dones;població;;1087
2014;Esquirol, l';total;total;població;;2188
2014;Estamariu;total;homes;població;;71
2014;Estamariu;total;dones;població;;48
2014;Estamariu;total;total;població;;119
2014;Estany, l';total;homes;població;;206
2014;Estany, l';total;dones;població;;201
2014;Estany, l';total;total;població;;407
2014;Estaràs;total;homes;població;;95
2014;Estaràs;total;dones;població;;81
2014;Estaràs;total;total;població;;176
2014;Esterri d'Àneu;total;homes;població;;438
2014;Esterri d'Àneu;total;dones;població;;428
2014;Esterri d'Àneu;total;total;població;;866
2014;Esterri de Cardós;total;homes;població;;36
2014;Esterri de Cardós;total;dones;població;;36
2014;Esterri de Cardós;total;total;població;;72
2014;Falset;total;homes;població;;1429
2014;Falset;total;dones;població;;1409
2014;Falset;total;total;població;;2838
2014;Far d'Empordà, el;total;homes;població;;285
2014;Far d'Empordà, el;total;dones;població;;278
2014;Far d'Empordà, el;total;total;població;;563
2014;Farrera;total;homes;població;;72
2014;Farrera;total;dones;població;;53
2014;Farrera;total;total;població;;125
2014;Fatarella, la;total;homes;població;;524
2014;Fatarella, la;total;dones;població;;527
2014;Fatarella, la;total;total;població;;1051
2014;Febró, la;total;homes;població;;29
2014;Febró, la;total;dones;població;;11
2014;Febró, la;total;total;població;;40
2014;Figaró-Montmany;total;homes;població;;550
2014;Figaró-Montmany;total;dones;població;;546
2014;Figaró-Montmany;total;total;població;;1096
2014;Fígols;total;homes;població;;22
2014;Fígols;total;dones;població;;21
2014;Fígols;total;total;població;;43
2014;Fígols i Alinyà;total;homes;població;;147
2014;Fígols i Alinyà;total;dones;població;;113
2014;Fígols i Alinyà;total;total;població;;260
2014;Figuera, la;total;homes;població;;66
2014;Figuera, la;total;dones;població;;52
2014;Figuera, la;total;total;població;;118
2014;Figueres;total;homes;població;;22489
2014;Figueres;total;dones;població;;22955
2014;Figueres;total;total;població;;45444
2014;Figuerola del Camp;total;homes;població;;165
2014;Figuerola del Camp;total;dones;població;;180
2014;Figuerola del Camp;total;total;població;;345
2014;Flaçà;total;homes;població;;505
2014;Flaçà;total;dones;població;;536
2014;Flaçà;total;total;població;;1041
2014;Flix;total;homes;població;;1887
2014;Flix;total;dones;població;;1908
2014;Flix;total;total;població;;3795
2014;Floresta, la;total;homes;població;;89
2014;Floresta, la;total;dones;població;;73
2014;Floresta, la;total;total;població;;162
2014;Fogars de la Selva;total;homes;població;;794
2014;Fogars de la Selva;total;dones;població;;718
2014;Fogars de la Selva;total;total;població;;1512
2014;Fogars de Montclús;total;homes;població;;257
2014;Fogars de Montclús;total;dones;població;;225
2014;Fogars de Montclús;total;total;població;;482
2014;Foixà;total;homes;població;;156
2014;Foixà;total;dones;població;;164
2014;Foixà;total;total;població;;320
2014;Folgueroles;total;homes;població;;1138
2014;Folgueroles;total;dones;població;;1121
2014;Folgueroles;total;total;població;;2259
2014;Fondarella;total;homes;població;;424
2014;Fondarella;total;dones;població;;414
2014;Fondarella;total;total;població;;838
2014;Fonollosa;total;homes;població;;739
2014;Fonollosa;total;dones;població;;690
2014;Fonollosa;total;total;població;;1429
2014;Fontanals de Cerdanya;total;homes;població;;229
2014;Fontanals de Cerdanya;total;dones;població;;214
2014;Fontanals de Cerdanya;total;total;població;;443
2014;Fontanilles;total;homes;població;;92
2014;Fontanilles;total;dones;població;;68
2014;Fontanilles;total;total;població;;160
2014;Fontcoberta;total;homes;població;;704
2014;Fontcoberta;total;dones;població;;738
2014;Fontcoberta;total;total;població;;1442
2014;Font-rubí;total;homes;població;;699
2014;Font-rubí;total;dones;població;;654
2014;Font-rubí;total;total;població;;1353
2014;Foradada;total;homes;població;;103
2014;Foradada;total;dones;població;;79
2014;Foradada;total;total;població;;182
2014;Forallac;total;homes;població;;846
2014;Forallac;total;dones;població;;883
2014;Forallac;total;total;població;;1729
2014;Forès;total;homes;població;;25
2014;Forès;total;dones;població;;21
2014;Forès;total;total;població;;46
2014;Fornells de la Selva;total;homes;població;;1209
2014;Fornells de la Selva;total;dones;població;;1270
2014;Fornells de la Selva;total;total;població;;2479
2014;Fortià;total;homes;població;;346
2014;Fortià;total;dones;població;;364
2014;Fortià;total;total;població;;710
2014;Franqueses del Vallès, les;total;homes;població;;9755
2014;Franqueses del Vallès, les;total;dones;població;;9415
2014;Franqueses del Vallès, les;total;total;població;;19170
2014;Freginals;total;homes;població;;213
2014;Freginals;total;dones;població;;192
2014;Freginals;total;total;població;;405
2014;Fuliola, la;total;homes;població;;653
2014;Fuliola, la;total;dones;població;;641
2014;Fuliola, la;total;total;població;;1294
2014;Fulleda;total;homes;població;;47
2014;Fulleda;total;dones;població;;51
2014;Fulleda;total;total;població;;98
2014;Gaià;total;homes;població;;90
2014;Gaià;total;dones;població;;73
2014;Gaià;total;total;població;;163
2014;Galera, la;total;homes;població;;409
2014;Galera, la;total;dones;població;;391
2014;Galera, la;total;total;població;;800
2014;Gallifa;total;homes;població;;103
2014;Gallifa;total;dones;població;;99
2014;Gallifa;total;total;població;;202
2014;Gandesa;total;homes;població;;1590
2014;Gandesa;total;dones;població;;1501
2014;Gandesa;total;total;població;;3091
2014;Garcia;total;homes;població;;288
2014;Garcia;total;dones;població;;271
2014;Garcia;total;total;població;;559
2014;Garidells, els;total;homes;població;;89
2014;Garidells, els;total;dones;població;;93
2014;Garidells, els;total;total;població;;182
2014;Garriga, la;total;homes;població;;7661
2014;Garriga, la;total;dones;població;;8101
2014;Garriga, la;total;total;població;;15762
2014;Garrigàs;total;homes;població;;211
2014;Garrigàs;total;dones;població;;187
2014;Garrigàs;total;total;població;;398
2014;Garrigoles;total;homes;població;;87
2014;Garrigoles;total;dones;població;;72
2014;Garrigoles;total;total;població;;159
2014;Garriguella;total;homes;població;;432
2014;Garriguella;total;dones;població;;425
2014;Garriguella;total;total;població;;857
2014;Gavà;total;homes;població;;22809
2014;Gavà;total;dones;població;;23517
2014;Gavà;total;total;població;;46326
2014;Gavet de la Conca;total;homes;població;;151
2014;Gavet de la Conca;total;dones;població;;152
2014;Gavet de la Conca;total;total;població;;303
2014;Gelida;total;homes;població;;3600
2014;Gelida;total;dones;població;;3594
2014;Gelida;total;total;població;;7194
2014;Ger;total;homes;població;;233
2014;Ger;total;dones;població;;199
2014;Ger;total;total;població;;432
2014;Gimenells i el Pla de la Font;total;homes;població;;577
2014;Gimenells i el Pla de la Font;total;dones;població;;552
2014;Gimenells i el Pla de la Font;total;total;població;;1129
2014;Ginestar;total;homes;població;;422
2014;Ginestar;total;dones;població;;397
2014;Ginestar;total;total;població;;819
2014;Girona;total;homes;població;;46734
2014;Girona;total;dones;població;;50493
2014;Girona;total;total;població;;97227
2014;Gironella;total;homes;població;;2457
2014;Gironella;total;dones;població;;2530
2014;Gironella;total;total;població;;4987
2014;Gisclareny;total;homes;població;;15
2014;Gisclareny;total;dones;població;;10
2014;Gisclareny;total;total;població;;25
2014;Godall;total;homes;població;;340
2014;Godall;total;dones;població;;333
2014;Godall;total;total;població;;673
2014;Golmés;total;homes;població;;869
2014;Golmés;total;dones;població;;865
2014;Golmés;total;total;població;;1734
2014;Gombrèn;total;homes;població;;95
2014;Gombrèn;total;dones;població;;100
2014;Gombrèn;total;total;població;;195
2014;Gósol;total;homes;població;;127
2014;Gósol;total;dones;població;;89
2014;Gósol;total;total;població;;216
2014;Granada, la;total;homes;població;;1062
2014;Granada, la;total;dones;població;;1011
2014;Granada, la;total;total;població;;2073
2014;Granadella, la;total;homes;població;;374
2014;Granadella, la;total;dones;població;;341
2014;Granadella, la;total;total;població;;715
2014;Granera;total;homes;població;;52
2014;Granera;total;dones;població;;28
2014;Granera;total;total;població;;80
2014;Granja d'Escarp, la;total;homes;població;;505
2014;Granja d'Escarp, la;total;dones;població;;467
2014;Granja d'Escarp, la;total;total;població;;972
2014;Granollers;total;homes;població;;29638
2014;Granollers;total;dones;població;;30292
2014;Granollers;total;total;població;;59930
2014;Granyanella;total;homes;població;;81
2014;Granyanella;total;dones;població;;66
2014;Granyanella;total;total;població;;147
2014;Granyena de les Garrigues;total;homes;població;;96
2014;Granyena de les Garrigues;total;dones;població;;66
2014;Granyena de les Garrigues;total;total;població;;162
2014;Granyena de Segarra;total;homes;població;;67
2014;Granyena de Segarra;total;dones;població;;69
2014;Granyena de Segarra;total;total;població;;136
2014;Gratallops;total;homes;població;;129
2014;Gratallops;total;dones;població;;114
2014;Gratallops;total;total;població;;243
2014;Gualba;total;homes;població;;729
2014;Gualba;total;dones;població;;700
2014;Gualba;total;total;població;;1429
2014;Gualta;total;homes;població;;195
2014;Gualta;total;dones;població;;167
2014;Gualta;total;total;població;;362
2014;Guardiola de Berguedà;total;homes;població;;500
2014;Guardiola de Berguedà;total;dones;població;;437
2014;Guardiola de Berguedà;total;total;població;;937
2014;Guiamets, els;total;homes;població;;134
2014;Guiamets, els;total;dones;població;;158
2014;Guiamets, els;total;total;població;;292
2014;Guils de Cerdanya;total;homes;població;;282
2014;Guils de Cerdanya;total;dones;població;;254
2014;Guils de Cerdanya;total;total;població;;536
2014;Guimerà;total;homes;població;;162
2014;Guimerà;total;dones;població;;133
2014;Guimerà;total;total;població;;295
2014;Guingueta d'Àneu, la;total;homes;població;;169
2014;Guingueta d'Àneu, la;total;dones;població;;148
2014;Guingueta d'Àneu, la;total;total;població;;317
2014;Guissona;total;homes;població;;3605
2014;Guissona;total;dones;població;;3222
2014;Guissona;total;total;població;;6827
2014;Guixers;total;homes;població;;76
2014;Guixers;total;dones;població;;52
2014;Guixers;total;total;població;;128
2014;Gurb;total;homes;població;;1324
2014;Gurb;total;dones;població;;1221
2014;Gurb;total;total;població;;2545
2014;Horta de Sant Joan;total;homes;població;;633
2014;Horta de Sant Joan;total;dones;població;;586
2014;Horta de Sant Joan;total;total;població;;1219
2014;Hospitalet de Llobregat, l';total;homes;població;;123269
2014;Hospitalet de Llobregat, l';total;dones;població;;130249
2014;Hospitalet de Llobregat, l';total;total;població;;253518
2014;Hostalets de Pierola, els;total;homes;població;;1516
2014;Hostalets de Pierola, els;total;dones;població;;1426
2014;Hostalets de Pierola, els;total;total;població;;2942
2014;Hostalric;total;homes;població;;2025
2014;Hostalric;total;dones;població;;1985
2014;Hostalric;total;total;població;;4010
2014;Igualada;total;homes;població;;18973
2014;Igualada;total;dones;població;;19778
2014;Igualada;total;total;població;;38751
2014;Isona i Conca Dellà;total;homes;població;;548
2014;Isona i Conca Dellà;total;dones;població;;501
2014;Isona i Conca Dellà;total;total;població;;1049
2014;Isòvol;total;homes;població;;167
2014;Isòvol;total;dones;població;;134
2014;Isòvol;total;total;població;;301
2014;Ivars d'Urgell;total;homes;població;;843
2014;Ivars d'Urgell;total;dones;població;;764
2014;Ivars d'Urgell;total;total;població;;1607
2014;Ivars de Noguera;total;homes;població;;182
2014;Ivars de Noguera;total;dones;població;;168
2014;Ivars de Noguera;total;total;població;;350
2014;Ivorra;total;homes;població;;59
2014;Ivorra;total;dones;població;;56
2014;Ivorra;total;total;població;;115
2014;Jafre;total;homes;població;;218
2014;Jafre;total;dones;població;;178
2014;Jafre;total;total;població;;396
2014;Jonquera, la;total;homes;població;;1576
2014;Jonquera, la;total;dones;població;;1539
2014;Jonquera, la;total;total;població;;3115
2014;Jorba;total;homes;població;;420
2014;Jorba;total;dones;població;;418
2014;Jorba;total;total;població;;838
2014;Josa i Tuixén;total;homes;població;;74
2014;Josa i Tuixén;total;dones;població;;54
2014;Josa i Tuixén;total;total;població;;128
2014;Juià;total;homes;població;;177
2014;Juià;total;dones;població;;163
2014;Juià;total;total;població;;340
2014;Juncosa;total;homes;població;;238
2014;Juncosa;total;dones;població;;200
2014;Juncosa;total;total;població;;438
2014;Juneda;total;homes;població;;1843
2014;Juneda;total;dones;població;;1654
2014;Juneda;total;total;població;;3497
2014;Les;total;homes;població;;481
2014;Les;total;dones;població;;487
2014;Les;total;total;població;;968
2014;Linyola;total;homes;població;;1361
2014;Linyola;total;dones;població;;1316
2014;Linyola;total;total;població;;2677
2014;Llacuna, la;total;homes;població;;494
2014;Llacuna, la;total;dones;població;;412
2014;Llacuna, la;total;total;població;;906
2014;Lladó;total;homes;població;;378
2014;Lladó;total;dones;població;;389
2014;Lladó;total;total;població;;767
2014;Lladorre;total;homes;població;;114
2014;Lladorre;total;dones;població;;118
2014;Lladorre;total;total;població;;232
2014;Lladurs;total;homes;població;;106
2014;Lladurs;total;dones;població;;89
2014;Lladurs;total;total;població;;195
2014;Llagosta, la;total;homes;població;;6620
2014;Llagosta, la;total;dones;població;;6810
2014;Llagosta, la;total;total;població;;13430
2014;Llagostera;total;homes;població;;4217
2014;Llagostera;total;dones;població;;3981
2014;Llagostera;total;total;població;;8198
2014;Llambilles;total;homes;població;;377
2014;Llambilles;total;dones;població;;361
2014;Llambilles;total;total;població;;738
2014;Llanars;total;homes;població;;263
2014;Llanars;total;dones;població;;246
2014;Llanars;total;total;població;;509
2014;Llançà;total;homes;població;;2461
2014;Llançà;total;dones;població;;2509
2014;Llançà;total;total;població;;4970
2014;Llardecans;total;homes;població;;257
2014;Llardecans;total;dones;població;;240
2014;Llardecans;total;total;població;;497
2014;Llavorsí;total;homes;població;;188
2014;Llavorsí;total;dones;població;;179
2014;Llavorsí;total;total;població;;367
2014;Lleida;total;homes;població;;68911
2014;Lleida;total;dones;població;;70265
2014;Lleida;total;total;població;;139176
2014;Llers;total;homes;població;;619
2014;Llers;total;dones;població;;623
2014;Llers;total;total;població;;1242
2014;Lles de Cerdanya;total;homes;població;;156
2014;Lles de Cerdanya;total;dones;població;;104
2014;Lles de Cerdanya;total;total;població;;260
2014;Lliçà d'Amunt;total;homes;població;;7466
2014;Lliçà d'Amunt;total;dones;població;;7230
2014;Lliçà d'Amunt;total;total;població;;14696
2014;Lliçà de Vall;total;homes;població;;3224
2014;Lliçà de Vall;total;dones;població;;3130
2014;Lliçà de Vall;total;total;població;;6354
2014;Llimiana;total;homes;població;;95
2014;Llimiana;total;dones;població;;64
2014;Llimiana;total;total;població;;159
2014;Llinars del Vallès;total;homes;població;;4732
2014;Llinars del Vallès;total;dones;població;;4804
2014;Llinars del Vallès;total;total;població;;9536
2014;Llívia;total;homes;població;;836
2014;Llívia;total;dones;població;;700
2014;Llívia;total;total;població;;1536
2014;Lloar, el;total;homes;població;;58
2014;Lloar, el;total;dones;població;;52
2014;Lloar, el;total;total;població;;110
2014;Llobera;total;homes;població;;104
2014;Llobera;total;dones;població;;97
2014;Llobera;total;total;població;;201
2014;Llorac;total;homes;població;;61
2014;Llorac;total;dones;població;;51
2014;Llorac;total;total;població;;112
2014;Llorenç del Penedès;total;homes;població;;1130
2014;Llorenç del Penedès;total;dones;població;;1176
2014;Llorenç del Penedès;total;total;població;;2306
2014;Lloret de Mar;total;homes;població;;19972
2014;Lloret de Mar;total;dones;població;;18652
2014;Lloret de Mar;total;total;població;;38624
2014;Llosses, les;total;homes;població;;121
2014;Llosses, les;total;dones;població;;90
2014;Llosses, les;total;total;població;;211
2014;Lluçà;total;homes;població;;130
2014;Lluçà;total;dones;població;;127
2014;Lluçà;total;total;població;;257
2014;Maçanet de Cabrenys;total;homes;població;;394
2014;Maçanet de Cabrenys;total;dones;població;;387
2014;Maçanet de Cabrenys;total;total;població;;781
2014;Maçanet de la Selva;total;homes;població;;3567
2014;Maçanet de la Selva;total;dones;població;;3396
2014;Maçanet de la Selva;total;total;població;;6963
2014;Madremanya;total;homes;població;;140
2014;Madremanya;total;dones;població;;143
2014;Madremanya;total;total;població;;283
2014;Maià de Montcal;total;homes;població;;223
2014;Maià de Montcal;total;dones;població;;220
2014;Maià de Montcal;total;total;població;;443
2014;Maials;total;homes;població;;501
2014;Maials;total;dones;població;;458
2014;Maials;total;total;població;;959
2014;Maldà;total;homes;població;;117
2014;Maldà;total;dones;població;;110
2014;Maldà;total;total;població;;227
2014;Malgrat de Mar;total;homes;població;;9244
2014;Malgrat de Mar;total;dones;població;;9173
2014;Malgrat de Mar;total;total;població;;18417
2014;Malla;total;homes;població;;131
2014;Malla;total;dones;població;;135
2014;Malla;total;total;població;;266
2014;Manlleu;total;homes;població;;10112
2014;Manlleu;total;dones;població;;10167
2014;Manlleu;total;total;població;;20279
2014;Manresa;total;homes;població;;36809
2014;Manresa;total;dones;població;;38488
2014;Manresa;total;total;població;;75297
2014;Marçà;total;homes;població;;316
2014;Marçà;total;dones;població;;295
2014;Marçà;total;total;població;;611
2014;Margalef;total;homes;població;;65
2014;Margalef;total;dones;població;;43
2014;Margalef;total;total;població;;108
2014;Marganell;total;homes;població;;143
2014;Marganell;total;dones;població;;154
2014;Marganell;total;total;població;;297
2014;Martorell;total;homes;població;;14313
2014;Martorell;total;dones;població;;13582
2014;Martorell;total;total;població;;27895
2014;Martorelles;total;homes;població;;2382
2014;Martorelles;total;dones;població;;2401
2014;Martorelles;total;total;població;;4783
2014;Mas de Barberans;total;homes;població;;306
2014;Mas de Barberans;total;dones;població;;313
2014;Mas de Barberans;total;total;població;;619
2014;Masarac i Vilarnadal;total;homes;població;;153
2014;Masarac i Vilarnadal;total;dones;població;;131
2014;Masarac i Vilarnadal;total;total;població;;284
2014;Masdenverge;total;homes;població;;571
2014;Masdenverge;total;dones;població;;535
2014;Masdenverge;total;total;població;;1106
2014;Masies de Roda, les;total;homes;població;;365
2014;Masies de Roda, les;total;dones;població;;372
2014;Masies de Roda, les;total;total;població;;737
2014;Masies de Voltregà, les;total;homes;població;;1570
2014;Masies de Voltregà, les;total;dones;població;;1616
2014;Masies de Voltregà, les;total;total;població;;3186
2014;Masllorenç;total;homes;població;;280
2014;Masllorenç;total;dones;població;;239
2014;Masllorenç;total;total;població;;519
2014;Masnou, el;total;homes;població;;10950
2014;Masnou, el;total;dones;població;;11792
2014;Masnou, el;total;total;població;;22742
2014;Masó, la;total;homes;població;;153
2014;Masó, la;total;dones;població;;135
2014;Masó, la;total;total;població;;288
2014;Maspujols;total;homes;població;;403
2014;Maspujols;total;dones;població;;379
2014;Maspujols;total;total;població;;782
2014;Masquefa;total;homes;població;;4246
2014;Masquefa;total;dones;població;;4160
2014;Masquefa;total;total;població;;8406
2014;Masroig, el;total;homes;població;;283
2014;Masroig, el;total;dones;població;;251
2014;Masroig, el;total;total;població;;534
2014;Massalcoreig;total;homes;població;;292
2014;Massalcoreig;total;dones;població;;268
2014;Massalcoreig;total;total;població;;560
2014;Massanes;total;homes;població;;392
2014;Massanes;total;dones;població;;331
2014;Massanes;total;total;població;;723
2014;Massoteres;total;homes;població;;108
2014;Massoteres;total;dones;població;;88
2014;Massoteres;total;total;població;;196
2014;Matadepera;total;homes;població;;4432
2014;Matadepera;total;dones;població;;4409
2014;Matadepera;total;total;població;;8841
2014;Mataró;total;homes;població;;61860
2014;Mataró;total;dones;població;;62420
2014;Mataró;total;total;població;;124280
2014;Mediona;total;homes;població;;1162
2014;Mediona;total;dones;població;;1149
2014;Mediona;total;total;població;;2311
2014;Menàrguens;total;homes;població;;489
2014;Menàrguens;total;dones;població;;398
2014;Menàrguens;total;total;població;;887
2014;Meranges;total;homes;població;;53
2014;Meranges;total;dones;població;;41
2014;Meranges;total;total;població;;94
2014;Mieres;total;homes;població;;165
2014;Mieres;total;dones;població;;161
2014;Mieres;total;total;població;;326
2014;Milà, el;total;homes;població;;86
2014;Milà, el;total;dones;població;;88
2014;Milà, el;total;total;població;;174
2014;Miralcamp;total;homes;població;;697
2014;Miralcamp;total;dones;població;;687
2014;Miralcamp;total;total;població;;1384
2014;Miravet;total;homes;població;;416
2014;Miravet;total;dones;població;;358
2014;Miravet;total;total;població;;774
2014;Moià;total;homes;població;;2894
2014;Moià;total;dones;població;;2866
2014;Moià;total;total;població;;5760
2014;Molar, el;total;homes;població;;160
2014;Molar, el;total;dones;població;;133
2014;Molar, el;total;total;població;;293
2014;Molins de Rei;total;homes;població;;12278
2014;Molins de Rei;total;dones;població;;12874
2014;Molins de Rei;total;total;població;;25152
2014;Mollerussa;total;homes;població;;7629
2014;Mollerussa;total;dones;població;;7334
2014;Mollerussa;total;total;població;;14963
2014;Mollet de Peralada;total;homes;població;;96
2014;Mollet de Peralada;total;dones;població;;86
2014;Mollet de Peralada;total;total;població;;182
2014;Mollet del Vallès;total;homes;població;;25698
2014;Mollet del Vallès;total;dones;població;;26021
2014;Mollet del Vallès;total;total;població;;51719
2014;Molló;total;homes;població;;165
2014;Molló;total;dones;població;;174
2014;Molló;total;total;població;;339
2014;Molsosa, la;total;homes;població;;58
2014;Molsosa, la;total;dones;població;;58
2014;Molsosa, la;total;total;població;;116
2014;Monistrol de Calders;total;homes;població;;364
2014;Monistrol de Calders;total;dones;població;;331
2014;Monistrol de Calders;total;total;població;;695
2014;Monistrol de Montserrat;total;homes;població;;1495
2014;Monistrol de Montserrat;total;dones;població;;1450
2014;Monistrol de Montserrat;total;total;població;;2945
2014;Montagut i Oix;total;homes;població;;507
2014;Montagut i Oix;total;dones;població;;463
2014;Montagut i Oix;total;total;població;;970
2014;Montblanc;total;homes;població;;3725
2014;Montblanc;total;dones;població;;3634
2014;Montblanc;total;total;població;;7359
2014;Montbrió del Camp;total;homes;població;;1349
2014;Montbrió del Camp;total;dones;població;;1301
2014;Montbrió del Camp;total;total;població;;2650
2014;Montcada i Reixac;total;homes;població;;17012
2014;Montcada i Reixac;total;dones;població;;17382
2014;Montcada i Reixac;total;total;població;;34394
2014;Montclar;total;homes;població;;59
2014;Montclar;total;dones;població;;58
2014;Montclar;total;total;població;;117
2014;Montellà i Martinet;total;homes;població;;335
2014;Montellà i Martinet;total;dones;població;;288
2014;Montellà i Martinet;total;total;població;;623
2014;Montesquiu;total;homes;població;;455
2014;Montesquiu;total;dones;població;;440
2014;Montesquiu;total;total;població;;895
2014;Montferrer i Castellbò;total;homes;població;;549
2014;Montferrer i Castellbò;total;dones;població;;478
2014;Montferrer i Castellbò;total;total;població;;1027
2014;Montferri;total;homes;població;;203
2014;Montferri;total;dones;població;;166
2014;Montferri;total;total;població;;369
2014;Montgai;total;homes;població;;348
2014;Montgai;total;dones;població;;323
2014;Montgai;total;total;població;;671
2014;Montgat;total;homes;població;;5610
2014;Montgat;total;dones;població;;5705
2014;Montgat;total;total;població;;11315
2014;Montmajor;total;homes;població;;240
2014;Montmajor;total;dones;població;;236
2014;Montmajor;total;total;població;;476
2014;Montmaneu;total;homes;població;;88
2014;Montmaneu;total;dones;població;;76
2014;Montmaneu;total;total;població;;164
2014;Montmell, el;total;homes;població;;769
2014;Montmell, el;total;dones;població;;649
2014;Montmell, el;total;total;població;;1418
2014;Montmeló;total;homes;població;;4376
2014;Montmeló;total;dones;població;;4487
2014;Montmeló;total;total;població;;8863
2014;Montoliu de Lleida;total;homes;població;;263
2014;Montoliu de Lleida;total;dones;població;;252
2014;Montoliu de Lleida;total;total;població;;515
2014;Montoliu de Segarra;total;homes;població;;111
2014;Montoliu de Segarra;total;dones;població;;82
2014;Montoliu de Segarra;total;total;població;;193
2014;Montornès de Segarra;total;homes;població;;53
2014;Montornès de Segarra;total;dones;població;;52
2014;Montornès de Segarra;total;total;població;;105
2014;Montornès del Vallès;total;homes;població;;8241
2014;Montornès del Vallès;total;dones;població;;7976
2014;Montornès del Vallès;total;total;població;;16217
2014;Mont-ral;total;homes;població;;96
2014;Mont-ral;total;dones;població;;69
2014;Mont-ral;total;total;població;;165
2014;Mont-ras;total;homes;població;;867
2014;Mont-ras;total;dones;població;;872
2014;Mont-ras;total;total;població;;1739
2014;Mont-roig del Camp;total;homes;població;;6361
2014;Mont-roig del Camp;total;dones;població;;5787
2014;Mont-roig del Camp;total;total;població;;12148
2014;Montseny;total;homes;població;;174
2014;Montseny;total;dones;població;;158
2014;Montseny;total;total;població;;332
2014;Móra d'Ebre;total;homes;població;;2750
2014;Móra d'Ebre;total;dones;població;;2828
2014;Móra d'Ebre;total;total;població;;5578
2014;Móra la Nova;total;homes;població;;1613
2014;Móra la Nova;total;dones;població;;1577
2014;Móra la Nova;total;total;població;;3190
2014;Morell, el;total;homes;població;;1817
2014;Morell, el;total;dones;població;;1713
2014;Morell, el;total;total;població;;3530
2014;Morera de Montsant, la;total;homes;població;;94
2014;Morera de Montsant, la;total;dones;població;;63
2014;Morera de Montsant, la;total;total;població;;157
2014;Muntanyola;total;homes;població;;302
2014;Muntanyola;total;dones;població;;293
2014;Muntanyola;total;total;població;;595
2014;Mura;total;homes;població;;112
2014;Mura;total;dones;població;;99
2014;Mura;total;total;població;;211
2014;Nalec;total;homes;població;;48
2014;Nalec;total;dones;població;;45
2014;Nalec;total;total;població;;93
2014;Naut Aran;total;homes;població;;897
2014;Naut Aran;total;dones;població;;885
2014;Naut Aran;total;total;població;;1782
2014;Navarcles;total;homes;població;;2925
2014;Navarcles;total;dones;població;;3078
2014;Navarcles;total;total;població;;6003
2014;Navàs;total;homes;població;;3045
2014;Navàs;total;dones;població;;3072
2014;Navàs;total;total;població;;6117
2014;Navata;total;homes;població;;626
2014;Navata;total;dones;població;;636
2014;Navata;total;total;població;;1262
2014;Navès;total;homes;població;;137
2014;Navès;total;dones;població;;143
2014;Navès;total;total;població;;280
2014;Nou de Berguedà, la;total;homes;població;;75
2014;Nou de Berguedà, la;total;dones;població;;75
2014;Nou de Berguedà, la;total;total;població;;150
2014;Nou de Gaià, la;total;homes;població;;273
2014;Nou de Gaià, la;total;dones;població;;275
2014;Nou de Gaià, la;total;total;població;;548
2014;Nulles;total;homes;població;;232
2014;Nulles;total;dones;població;;221
2014;Nulles;total;total;població;;453
2014;Odèn;total;homes;població;;154
2014;Odèn;total;dones;població;;113
2014;Odèn;total;total;població;;267
2014;Òdena;total;homes;població;;1856
2014;Òdena;total;dones;població;;1768
2014;Òdena;total;total;població;;3624
2014;Ogassa;total;homes;població;;147
2014;Ogassa;total;dones;població;;98
2014;Ogassa;total;total;població;;245
2014;Olèrdola;total;homes;població;;1853
2014;Olèrdola;total;dones;població;;1726
2014;Olèrdola;total;total;població;;3579
2014;Olesa de Bonesvalls;total;homes;població;;889
2014;Olesa de Bonesvalls;total;dones;població;;846
2014;Olesa de Bonesvalls;total;total;població;;1735
2014;Olesa de Montserrat;total;homes;població;;11776
2014;Olesa de Montserrat;total;dones;població;;11767
2014;Olesa de Montserrat;total;total;població;;23543
2014;Oliana;total;homes;població;;922
2014;Oliana;total;dones;població;;948
2014;Oliana;total;total;població;;1870
2014;Oliola;total;homes;població;;129
2014;Oliola;total;dones;població;;106
2014;Oliola;total;total;població;;235
2014;Olius;total;homes;població;;462
2014;Olius;total;dones;població;;440
2014;Olius;total;total;població;;902
2014;Olivella;total;homes;població;;1917
2014;Olivella;total;dones;població;;1692
2014;Olivella;total;total;població;;3609
2014;Olost;total;homes;població;;593
2014;Olost;total;dones;població;;593
2014;Olost;total;total;població;;1186
2014;Olot;total;homes;població;;16881
2014;Olot;total;dones;població;;17032
2014;Olot;total;total;població;;33913
2014;Oluges, les;total;homes;població;;84
2014;Oluges, les;total;dones;població;;74
2014;Oluges, les;total;total;població;;158
2014;Olvan;total;homes;població;;432
2014;Olvan;total;dones;població;;444
2014;Olvan;total;total;població;;876
2014;Omellons, els;total;homes;població;;123
2014;Omellons, els;total;dones;població;;109
2014;Omellons, els;total;total;població;;232
2014;Omells de na Gaia, els;total;homes;població;;76
2014;Omells de na Gaia, els;total;dones;població;;65
2014;Omells de na Gaia, els;total;total;població;;141
2014;Ordis;total;homes;població;;199
2014;Ordis;total;dones;població;;181
2014;Ordis;total;total;població;;380
2014;Organyà;total;homes;població;;413
2014;Organyà;total;dones;població;;428
2014;Organyà;total;total;població;;841
2014;Orís;total;homes;població;;154
2014;Orís;total;dones;població;;149
2014;Orís;total;total;població;;303
2014;Oristà;total;homes;població;;272
2014;Oristà;total;dones;població;;285
2014;Oristà;total;total;població;;557
2014;Orpí;total;homes;població;;73
2014;Orpí;total;dones;població;;58
2014;Orpí;total;total;població;;131
2014;Òrrius;total;homes;població;;353
2014;Òrrius;total;dones;població;;337
2014;Òrrius;total;total;població;;690
2014;Os de Balaguer;total;homes;població;;510
2014;Os de Balaguer;total;dones;població;;498
2014;Os de Balaguer;total;total;població;;1008
2014;Osor;total;homes;població;;230
2014;Osor;total;dones;població;;222
2014;Osor;total;total;població;;452
2014;Ossó de Sió;total;homes;població;;106
2014;Ossó de Sió;total;dones;població;;105
2014;Ossó de Sió;total;total;població;;211
2014;Pacs del Penedès;total;homes;població;;440
2014;Pacs del Penedès;total;dones;població;;452
2014;Pacs del Penedès;total;total;població;;892
2014;Palafolls;total;homes;població;;4504
2014;Palafolls;total;dones;població;;4561
2014;Palafolls;total;total;població;;9065
2014;Palafrugell;total;homes;població;;11373
2014;Palafrugell;total;dones;població;;11390
2014;Palafrugell;total;total;població;;22763
2014;Palamós;total;homes;població;;8681
2014;Palamós;total;dones;població;;9124
2014;Palamós;total;total;població;;17805
2014;Palau d'Anglesola, el;total;homes;població;;1061
2014;Palau d'Anglesola, el;total;dones;població;;1074
2014;Palau d'Anglesola, el;total;total;població;;2135
2014;Palau de Santa Eulàlia;total;homes;població;;57
2014;Palau de Santa Eulàlia;total;dones;població;;41
2014;Palau de Santa Eulàlia;total;total;població;;98
2014;Palau-sator;total;homes;població;;158
2014;Palau-sator;total;dones;població;;147
2014;Palau-sator;total;total;població;;305
2014;Palau-saverdera;total;homes;població;;712
2014;Palau-saverdera;total;dones;població;;725
2014;Palau-saverdera;total;total;població;;1437
2014;Palau-solità i Plegamans;total;homes;població;;7125
2014;Palau-solità i Plegamans;total;dones;població;;7329
2014;Palau-solità i Plegamans;total;total;població;;14454
2014;Pallaresos, els;total;homes;població;;2283
2014;Pallaresos, els;total;dones;població;;2196
2014;Pallaresos, els;total;total;població;;4479
2014;Pallejà;total;homes;població;;5641
2014;Pallejà;total;dones;població;;5612
2014;Pallejà;total;total;població;;11253
2014;Palma d'Ebre, la;total;homes;població;;173
2014;Palma d'Ebre, la;total;dones;població;;198
2014;Palma d'Ebre, la;total;total;població;;371
2014;Palma de Cervelló, la;total;homes;població;;1503
2014;Palma de Cervelló, la;total;dones;població;;1499
2014;Palma de Cervelló, la;total;total;població;;3002
2014;Palol de Revardit;total;homes;població;;243
2014;Palol de Revardit;total;dones;població;;231
2014;Palol de Revardit;total;total;població;;474
2014;Pals;total;homes;població;;1282
2014;Pals;total;dones;població;;1251
2014;Pals;total;total;població;;2533
2014;Papiol, el;total;homes;població;;2000
2014;Papiol, el;total;dones;població;;2023
2014;Papiol, el;total;total;població;;4023
2014;Pardines;total;homes;població;;88
2014;Pardines;total;dones;població;;67
2014;Pardines;total;total;població;;155
2014;Parets del Vallès;total;homes;població;;9414
2014;Parets del Vallès;total;dones;població;;9319
2014;Parets del Vallès;total;total;població;;18733
2014;Parlavà;total;homes;població;;213
2014;Parlavà;total;dones;població;;197
2014;Parlavà;total;total;població;;410
2014;Passanant i Belltall;total;homes;població;;86
2014;Passanant i Belltall;total;dones;població;;68
2014;Passanant i Belltall;total;total;població;;154
2014;Pau;total;homes;població;;280
2014;Pau;total;dones;població;;289
2014;Pau;total;total;població;;569
2014;Paüls;total;homes;població;;290
2014;Paüls;total;dones;població;;306
2014;Paüls;total;total;població;;596
2014;Pedret i Marzà;total;homes;població;;104
2014;Pedret i Marzà;total;dones;població;;85
2014;Pedret i Marzà;total;total;població;;189
2014;Penelles;total;homes;població;;298
2014;Penelles;total;dones;població;;206
2014;Penelles;total;total;població;;504
2014;Pera, la;total;homes;població;;223
2014;Pera, la;total;dones;població;;244
2014;Pera, la;total;total;població;;467
2014;Perafita;total;homes;població;;206
2014;Perafita;total;dones;població;;201
2014;Perafita;total;total;població;;407
2014;Perafort;total;homes;població;;686
2014;Perafort;total;dones;població;;601
2014;Perafort;total;total;població;;1287
2014;Peralada;total;homes;població;;925
2014;Peralada;total;dones;població;;934
2014;Peralada;total;total;població;;1859
2014;Peramola;total;homes;població;;177
2014;Peramola;total;dones;població;;172
2014;Peramola;total;total;població;;349
2014;Perelló, el;total;homes;població;;1648
2014;Perelló, el;total;dones;població;;1507
2014;Perelló, el;total;total;població;;3155
2014;Piera;total;homes;població;;7652
2014;Piera;total;dones;població;;7348
2014;Piera;total;total;població;;15000
2014;Piles, les;total;homes;població;;113
2014;Piles, les;total;dones;població;;101
2014;Piles, les;total;total;població;;214
2014;Pineda de Mar;total;homes;població;;12980
2014;Pineda de Mar;total;dones;població;;12968
2014;Pineda de Mar;total;total;població;;25948
2014;Pinell de Brai, el;total;homes;població;;551
2014;Pinell de Brai, el;total;dones;població;;525
2014;Pinell de Brai, el;total;total;població;;1076
2014;Pinell de Solsonès;total;homes;població;;116
2014;Pinell de Solsonès;total;dones;població;;91
2014;Pinell de Solsonès;total;total;població;;207
2014;Pinós;total;homes;població;;166
2014;Pinós;total;dones;població;;136
2014;Pinós;total;total;població;;302
2014;Pira;total;homes;població;;251
2014;Pira;total;dones;població;;229
2014;Pira;total;total;població;;480
2014;Pla de Santa Maria, el;total;homes;població;;1220
2014;Pla de Santa Maria, el;total;dones;població;;1124
2014;Pla de Santa Maria, el;total;total;població;;2344
2014;Pla del Penedès, el;total;homes;població;;615
2014;Pla del Penedès, el;total;dones;població;;608
2014;Pla del Penedès, el;total;total;població;;1223
2014;Planes d'Hostoles, les;total;homes;població;;864
2014;Planes d'Hostoles, les;total;dones;població;;830
2014;Planes d'Hostoles, les;total;total;població;;1694
2014;Planoles;total;homes;població;;166
2014;Planoles;total;dones;població;;134
2014;Planoles;total;total;població;;300
2014;Plans de Sió, els;total;homes;població;;294
2014;Plans de Sió, els;total;dones;població;;266
2014;Plans de Sió, els;total;total;població;;560
2014;Poal, el;total;homes;població;;342
2014;Poal, el;total;dones;població;;314
2014;Poal, el;total;total;població;;656
2014;Pobla de Cérvoles, la;total;homes;població;;123
2014;Pobla de Cérvoles, la;total;dones;població;;97
2014;Pobla de Cérvoles, la;total;total;població;;220
2014;Pobla de Claramunt, la;total;homes;població;;1090
2014;Pobla de Claramunt, la;total;dones;població;;1096
2014;Pobla de Claramunt, la;total;total;població;;2186
2014;Pobla de Lillet, la;total;homes;població;;571
2014;Pobla de Lillet, la;total;dones;població;;584
2014;Pobla de Lillet, la;total;total;població;;1155
2014;Pobla de Mafumet, la;total;homes;població;;1763
2014;Pobla de Mafumet, la;total;dones;població;;1657
2014;Pobla de Mafumet, la;total;total;població;;3420
2014;Pobla de Massaluca, la;total;homes;població;;186
2014;Pobla de Massaluca, la;total;dones;població;;168
2014;Pobla de Massaluca, la;total;total;població;;354
2014;Pobla de Montornès, la;total;homes;població;;1499
2014;Pobla de Montornès, la;total;dones;població;;1361
2014;Pobla de Montornès, la;total;total;població;;2860
2014;Pobla de Segur, la;total;homes;població;;1490
2014;Pobla de Segur, la;total;dones;població;;1522
2014;Pobla de Segur, la;total;total;població;;3012
2014;Poboleda;total;homes;població;;195
2014;Poboleda;total;dones;població;;166
2014;Poboleda;total;total;població;;361
2014;Polinyà;total;homes;població;;4172
2014;Polinyà;total;dones;població;;4066
2014;Polinyà;total;total;població;;8238
2014;Pont d'Armentera, el;total;homes;població;;289
2014;Pont d'Armentera, el;total;dones;població;;272
2014;Pont d'Armentera, el;total;total;població;;561
2014;Pont de Bar, el;total;homes;població;;100
2014;Pont de Bar, el;total;dones;població;;72
2014;Pont de Bar, el;total;total;població;;172
2014;Pont de Molins;total;homes;població;;264
2014;Pont de Molins;total;dones;població;;265
2014;Pont de Molins;total;total;població;;529
2014;Pont de Suert, el;total;homes;població;;1172
2014;Pont de Suert, el;total;dones;població;;1146
2014;Pont de Suert, el;total;total;població;;2318
2014;Pont de Vilomara i Rocafort, el;total;homes;població;;1949
2014;Pont de Vilomara i Rocafort, el;total;dones;població;;1831
2014;Pont de Vilomara i Rocafort, el;total;total;població;;3780
2014;Pontils;total;homes;població;;68
2014;Pontils;total;dones;població;;55
2014;Pontils;total;total;població;;123
2014;Pontons;total;homes;població;;258
2014;Pontons;total;dones;població;;219
2014;Pontons;total;total;població;;477
2014;Pontós;total;homes;població;;126
2014;Pontós;total;dones;població;;97
2014;Pontós;total;total;població;;223
2014;Ponts;total;homes;població;;1340
2014;Ponts;total;dones;població;;1361
2014;Ponts;total;total;població;;2701
2014;Porqueres;total;homes;població;;2252
2014;Porqueres;total;dones;població;;2277
2014;Porqueres;total;total;població;;4529
2014;Porrera;total;homes;població;;253
2014;Porrera;total;dones;població;;208
2014;Porrera;total;total;població;;461
2014;Port de la Selva, el;total;homes;població;;523
2014;Port de la Selva, el;total;dones;població;;457
2014;Port de la Selva, el;total;total;població;;980
2014;Portbou;total;homes;població;;596
2014;Portbou;total;dones;població;;618
2014;Portbou;total;total;població;;1214
2014;Portella, la;total;homes;població;;415
2014;Portella, la;total;dones;població;;335
2014;Portella, la;total;total;població;;750
2014;Pradell de la Teixeta;total;homes;població;;81
2014;Pradell de la Teixeta;total;dones;població;;100
2014;Pradell de la Teixeta;total;total;població;;181
2014;Prades;total;homes;població;;321
2014;Prades;total;dones;població;;305
2014;Prades;total;total;població;;626
2014;Prat de Comte;total;homes;població;;88
2014;Prat de Comte;total;dones;població;;76
2014;Prat de Comte;total;total;població;;164
2014;Prat de Llobregat, el;total;homes;població;;30916
2014;Prat de Llobregat, el;total;dones;població;;31950
2014;Prat de Llobregat, el;total;total;població;;62866
2014;Pratdip;total;homes;població;;368
2014;Pratdip;total;dones;població;;317
2014;Pratdip;total;total;població;;685
2014;Prats de Lluçanès;total;homes;població;;1314
2014;Prats de Lluçanès;total;dones;població;;1310
2014;Prats de Lluçanès;total;total;població;;2624
2014;Prats de Rei, els;total;homes;població;;281
2014;Prats de Rei, els;total;dones;població;;256
2014;Prats de Rei, els;total;total;població;;537
2014;Prats i Sansor;total;homes;població;;129
2014;Prats i Sansor;total;dones;població;;119
2014;Prats i Sansor;total;total;població;;248
2014;Preixana;total;homes;població;;202
2014;Preixana;total;dones;població;;203
2014;Preixana;total;total;població;;405
2014;Preixens;total;homes;població;;229
2014;Preixens;total;dones;població;;221
2014;Preixens;total;total;població;;450
2014;Premià de Dalt;total;homes;població;;5171
2014;Premià de Dalt;total;dones;població;;5140
2014;Premià de Dalt;total;total;població;;10311
2014;Premià de Mar;total;homes;població;;13820
2014;Premià de Mar;total;dones;població;;14343
2014;Premià de Mar;total;total;població;;28163
2014;Preses, les;total;homes;població;;884
2014;Preses, les;total;dones;població;;888
2014;Preses, les;total;total;població;;1772
2014;Prullans;total;homes;població;;104
2014;Prullans;total;dones;població;;105
2014;Prullans;total;total;població;;209
2014;Puigcerdà;total;homes;població;;4379
2014;Puigcerdà;total;dones;població;;4382
2014;Puigcerdà;total;total;població;;8761
2014;Puigdàlber;total;homes;població;;262
2014;Puigdàlber;total;dones;població;;270
2014;Puigdàlber;total;total;població;;532
2014;Puiggròs;total;homes;població;;160
2014;Puiggròs;total;dones;població;;136
2014;Puiggròs;total;total;població;;296
2014;Puigpelat;total;homes;població;;563
2014;Puigpelat;total;dones;població;;520
2014;Puigpelat;total;total;població;;1083
2014;Puig-reig;total;homes;població;;2040
2014;Puig-reig;total;dones;població;;2167
2014;Puig-reig;total;total;població;;4207
2014;Puigverd d'Agramunt;total;homes;població;;150
2014;Puigverd d'Agramunt;total;dones;població;;109
2014;Puigverd d'Agramunt;total;total;població;;259
2014;Puigverd de Lleida;total;homes;població;;727
2014;Puigverd de Lleida;total;dones;població;;684
2014;Puigverd de Lleida;total;total;població;;1411
2014;Pujalt;total;homes;població;;109
2014;Pujalt;total;dones;població;;89
2014;Pujalt;total;total;població;;198
2014;Quar, la;total;homes;població;;32
2014;Quar, la;total;dones;població;;25
2014;Quar, la;total;total;població;;57
2014;Quart;total;homes;població;;1724
2014;Quart;total;dones;població;;1717
2014;Quart;total;total;població;;3441
2014;Queralbs;total;homes;població;;106
2014;Queralbs;total;dones;població;;76
2014;Queralbs;total;total;població;;182
2014;Querol;total;homes;població;;305
2014;Querol;total;dones;població;;245
2014;Querol;total;total;població;;550
2014;Rabós;total;homes;població;;89
2014;Rabós;total;dones;població;;93
2014;Rabós;total;total;població;;182
2014;Rajadell;total;homes;població;;269
2014;Rajadell;total;dones;població;;259
2014;Rajadell;total;total;població;;528
2014;Ràpita, la;total;homes;població;;7392
2014;Ràpita, la;total;dones;població;;7611
2014;Ràpita, la;total;total;població;;15003
2014;Rasquera;total;homes;població;;430
2014;Rasquera;total;dones;població;;428
2014;Rasquera;total;total;població;;858
2014;Regencós;total;homes;població;;154
2014;Regencós;total;dones;població;;137
2014;Regencós;total;total;població;;291
2014;Rellinars;total;homes;població;;375
2014;Rellinars;total;dones;població;;351
2014;Rellinars;total;total;població;;726
2014;Renau;total;homes;població;;71
2014;Renau;total;dones;població;;70
2014;Renau;total;total;població;;141
2014;Reus;total;homes;població;;51081
2014;Reus;total;dones;població;;53881
2014;Reus;total;total;població;;104962
2014;Rialp;total;homes;població;;349
2014;Rialp;total;dones;població;;318
2014;Rialp;total;total;població;;667
2014;Riba, la;total;homes;població;;321
2014;Riba, la;total;dones;població;;280
2014;Riba, la;total;total;població;;601
2014;Riba-roja d'Ebre;total;homes;població;;632
2014;Riba-roja d'Ebre;total;dones;població;;563
2014;Riba-roja d'Ebre;total;total;població;;1195
2014;Ribera d'Ondara;total;homes;població;;219
2014;Ribera d'Ondara;total;dones;població;;201
2014;Ribera d'Ondara;total;total;població;;420
2014;Ribera d'Urgellet;total;homes;població;;504
2014;Ribera d'Urgellet;total;dones;població;;459
2014;Ribera d'Urgellet;total;total;població;;963
2014;Ribes de Freser;total;homes;població;;916
2014;Ribes de Freser;total;dones;població;;943
2014;Ribes de Freser;total;total;població;;1859
2014;Riells i Viabrea;total;homes;població;;2063
2014;Riells i Viabrea;total;dones;població;;1937
2014;Riells i Viabrea;total;total;població;;4000
2014;Riera de Gaià, la;total;homes;població;;845
2014;Riera de Gaià, la;total;dones;població;;833
2014;Riera de Gaià, la;total;total;població;;1678
2014;Riner;total;homes;població;;137
2014;Riner;total;dones;població;;144
2014;Riner;total;total;població;;281
2014;Ripoll;total;homes;població;;5303
2014;Ripoll;total;dones;població;;5448
2014;Ripoll;total;total;població;;10751
2014;Ripollet;total;homes;població;;18402
2014;Ripollet;total;dones;població;;18831
2014;Ripollet;total;total;població;;37233
2014;Riu de Cerdanya;total;homes;població;;60
2014;Riu de Cerdanya;total;dones;població;;46
2014;Riu de Cerdanya;total;total;població;;106
2014;Riudarenes;total;homes;població;;1109
2014;Riudarenes;total;dones;població;;1039
2014;Riudarenes;total;total;població;;2148
2014;Riudaura;total;homes;població;;222
2014;Riudaura;total;dones;població;;241
2014;Riudaura;total;total;població;;463
2014;Riudecanyes;total;homes;població;;594
2014;Riudecanyes;total;dones;població;;548
2014;Riudecanyes;total;total;població;;1142
2014;Riudecols;total;homes;població;;654
2014;Riudecols;total;dones;població;;600
2014;Riudecols;total;total;població;;1254
2014;Riudellots de la Selva;total;homes;població;;1020
2014;Riudellots de la Selva;total;dones;població;;1006
2014;Riudellots de la Selva;total;total;població;;2026
2014;Riudoms;total;homes;població;;3360
2014;Riudoms;total;dones;població;;3186
2014;Riudoms;total;total;població;;6546
2014;Riumors;total;homes;població;;125
2014;Riumors;total;dones;població;;119
2014;Riumors;total;total;població;;244
2014;Roca del Vallès, la;total;homes;població;;5289
2014;Roca del Vallès, la;total;dones;població;;5229
2014;Roca del Vallès, la;total;total;població;;10518
2014;Rocafort de Queralt;total;homes;població;;135
2014;Rocafort de Queralt;total;dones;població;;121
2014;Rocafort de Queralt;total;total;població;;256
2014;Roda de Berà;total;homes;població;;3272
2014;Roda de Berà;total;dones;població;;3050
2014;Roda de Berà;total;total;població;;6322
2014;Roda de Ter;total;homes;població;;3002
2014;Roda de Ter;total;dones;població;;3122
2014;Roda de Ter;total;total;població;;6124
2014;Rodonyà;total;homes;població;;269
2014;Rodonyà;total;dones;població;;244
2014;Rodonyà;total;total;població;;513
2014;Roquetes;total;homes;població;;4281
2014;Roquetes;total;dones;població;;4006
2014;Roquetes;total;total;població;;8287
2014;Roses;total;homes;població;;9795
2014;Roses;total;dones;població;;9805
2014;Roses;total;total;població;;19600
2014;Rosselló;total;homes;població;;1543
2014;Rosselló;total;dones;població;;1478
2014;Rosselló;total;total;població;;3021
2014;Rourell, el;total;homes;població;;200
2014;Rourell, el;total;dones;població;;194
2014;Rourell, el;total;total;població;;394
2014;Rubí;total;homes;població;;36911
2014;Rubí;total;dones;població;;37442
2014;Rubí;total;total;població;;74353
2014;Rubió;total;homes;població;;123
2014;Rubió;total;dones;població;;105
2014;Rubió;total;total;població;;228
2014;Rupià;total;homes;població;;127
2014;Rupià;total;dones;població;;119
2014;Rupià;total;total;població;;246
2014;Rupit i Pruit;total;homes;població;;155
2014;Rupit i Pruit;total;dones;població;;145
2014;Rupit i Pruit;total;total;població;;300
2014;Sabadell;total;homes;població;;100979
2014;Sabadell;total;dones;població;;106465
2014;Sabadell;total;total;població;;207444
2014;Sagàs;total;homes;població;;80
2014;Sagàs;total;dones;població;;69
2014;Sagàs;total;total;població;;149
2014;Salàs de Pallars;total;homes;població;;192
2014;Salàs de Pallars;total;dones;població;;173
2014;Salàs de Pallars;total;total;població;;365
2014;Saldes;total;homes;població;;158
2014;Saldes;total;dones;població;;125
2014;Saldes;total;total;població;;283
2014;Sales de Llierca;total;homes;població;;66
2014;Sales de Llierca;total;dones;població;;67
2014;Sales de Llierca;total;total;població;;133
2014;Sallent;total;homes;població;;3258
2014;Sallent;total;dones;població;;3522
2014;Sallent;total;total;població;;6780
2014;Salomó;total;homes;població;;284
2014;Salomó;total;dones;població;;255
2014;Salomó;total;total;població;;539
2014;Salou;total;homes;població;;13982
2014;Salou;total;dones;població;;12576
2014;Salou;total;total;població;;26558
2014;Salt;total;homes;població;;15921
2014;Salt;total;dones;població;;14182
2014;Salt;total;total;població;;30103
2014;Sanaüja;total;homes;població;;219
2014;Sanaüja;total;dones;població;;204
2014;Sanaüja;total;total;població;;423
2014;Sant Adrià de Besòs;total;homes;població;;17410
2014;Sant Adrià de Besòs;total;dones;població;;17976
2014;Sant Adrià de Besòs;total;total;població;;35386
2014;Sant Agustí de Lluçanès;total;homes;població;;46
2014;Sant Agustí de Lluçanès;total;dones;població;;45
2014;Sant Agustí de Lluçanès;total;total;població;;91
2014;Sant Andreu de la Barca;total;homes;població;;13666
2014;Sant Andreu de la Barca;total;dones;població;;13602
2014;Sant Andreu de la Barca;total;total;població;;27268
2014;Sant Andreu de Llavaneres;total;homes;població;;5197
2014;Sant Andreu de Llavaneres;total;dones;població;;5393
2014;Sant Andreu de Llavaneres;total;total;població;;10590
2014;Sant Andreu Salou;total;homes;població;;80
2014;Sant Andreu Salou;total;dones;població;;75
2014;Sant Andreu Salou;total;total;població;;155
2014;Sant Aniol de Finestres;total;homes;població;;189
2014;Sant Aniol de Finestres;total;dones;població;;162
2014;Sant Aniol de Finestres;total;total;població;;351
2014;Sant Antoni de Vilamajor;total;homes;població;;2862
2014;Sant Antoni de Vilamajor;total;dones;població;;2846
2014;Sant Antoni de Vilamajor;total;total;població;;5708
2014;Sant Bartomeu del Grau;total;homes;població;;448
2014;Sant Bartomeu del Grau;total;dones;població;;427
2014;Sant Bartomeu del Grau;total;total;població;;875
2014;Sant Boi de Llobregat;total;homes;població;;40956
2014;Sant Boi de Llobregat;total;dones;població;;42151
2014;Sant Boi de Llobregat;total;total;població;;83107
2014;Sant Boi de Lluçanès;total;homes;població;;271
2014;Sant Boi de Lluçanès;total;dones;població;;285
2014;Sant Boi de Lluçanès;total;total;població;;556
2014;Sant Cebrià de Vallalta;total;homes;població;;1729
2014;Sant Cebrià de Vallalta;total;dones;població;;1599
2014;Sant Cebrià de Vallalta;total;total;població;;3328
2014;Sant Celoni;total;homes;població;;8555
2014;Sant Celoni;total;dones;població;;8696
2014;Sant Celoni;total;total;població;;17251
2014;Sant Climent de Llobregat;total;homes;població;;1973
2014;Sant Climent de Llobregat;total;dones;població;;1965
2014;Sant Climent de Llobregat;total;total;població;;3938
2014;Sant Climent Sescebes;total;homes;població;;333
2014;Sant Climent Sescebes;total;dones;població;;257
2014;Sant Climent Sescebes;total;total;població;;590
2014;Sant Cugat del Vallès;total;homes;població;;42428
2014;Sant Cugat del Vallès;total;dones;població;;44690
2014;Sant Cugat del Vallès;total;total;població;;87118
2014;Sant Cugat Sesgarrigues;total;homes;població;;481
2014;Sant Cugat Sesgarrigues;total;dones;població;;491
2014;Sant Cugat Sesgarrigues;total;total;població;;972
2014;Sant Esteve de la Sarga;total;homes;població;;79
2014;Sant Esteve de la Sarga;total;dones;població;;53
2014;Sant Esteve de la Sarga;total;total;població;;132
2014;Sant Esteve de Palautordera;total;homes;població;;1232
2014;Sant Esteve de Palautordera;total;dones;població;;1300
2014;Sant Esteve de Palautordera;total;total;població;;2532
2014;Sant Esteve Sesrovires;total;homes;població;;3755
2014;Sant Esteve Sesrovires;total;dones;població;;3787
2014;Sant Esteve Sesrovires;total;total;població;;7542
2014;Sant Feliu de Buixalleu;total;homes;població;;402
2014;Sant Feliu de Buixalleu;total;dones;població;;374
2014;Sant Feliu de Buixalleu;total;total;població;;776
2014;Sant Feliu de Codines;total;homes;població;;2972
2014;Sant Feliu de Codines;total;dones;població;;2928
2014;Sant Feliu de Codines;total;total;població;;5900
2014;Sant Feliu de Guíxols;total;homes;població;;10791
2014;Sant Feliu de Guíxols;total;dones;població;;11019
2014;Sant Feliu de Guíxols;total;total;població;;21810
2014;Sant Feliu de Llobregat;total;homes;població;;21288
2014;Sant Feliu de Llobregat;total;dones;població;;22427
2014;Sant Feliu de Llobregat;total;total;població;;43715
2014;Sant Feliu de Pallerols;total;homes;població;;660
2014;Sant Feliu de Pallerols;total;dones;població;;693
2014;Sant Feliu de Pallerols;total;total;població;;1353
2014;Sant Feliu Sasserra;total;homes;població;;323
2014;Sant Feliu Sasserra;total;dones;població;;303
2014;Sant Feliu Sasserra;total;total;població;;626
2014;Sant Ferriol;total;homes;població;;134
2014;Sant Ferriol;total;dones;població;;106
2014;Sant Ferriol;total;total;població;;240
2014;Sant Fost de Campsentelles;total;homes;població;;4322
2014;Sant Fost de Campsentelles;total;dones;població;;4344
2014;Sant Fost de Campsentelles;total;total;població;;8666
2014;Sant Fruitós de Bages;total;homes;població;;4121
2014;Sant Fruitós de Bages;total;dones;població;;4122
2014;Sant Fruitós de Bages;total;total;població;;8243
2014;Sant Gregori;total;homes;població;;1745
2014;Sant Gregori;total;dones;població;;1719
2014;Sant Gregori;total;total;població;;3464
2014;Sant Guim de Freixenet;total;homes;població;;575
2014;Sant Guim de Freixenet;total;dones;població;;532
2014;Sant Guim de Freixenet;total;total;població;;1107
2014;Sant Guim de la Plana;total;homes;població;;93
2014;Sant Guim de la Plana;total;dones;població;;82
2014;Sant Guim de la Plana;total;total;població;;175
2014;Sant Hilari Sacalm;total;homes;població;;2895
2014;Sant Hilari Sacalm;total;dones;població;;2786
2014;Sant Hilari Sacalm;total;total;població;;5681
2014;Sant Hipòlit de Voltregà;total;homes;població;;1712
2014;Sant Hipòlit de Voltregà;total;dones;població;;1734
2014;Sant Hipòlit de Voltregà;total;total;població;;3446
2014;Sant Iscle de Vallalta;total;homes;població;;677
2014;Sant Iscle de Vallalta;total;dones;població;;627
2014;Sant Iscle de Vallalta;total;total;població;;1304
2014;Sant Jaume d'Enveja;total;homes;població;;1806
2014;Sant Jaume d'Enveja;total;dones;població;;1749
2014;Sant Jaume d'Enveja;total;total;població;;3555
2014;Sant Jaume de Frontanyà;total;homes;població;;15
2014;Sant Jaume de Frontanyà;total;dones;població;;9
2014;Sant Jaume de Frontanyà;total;total;població;;24
2014;Sant Jaume de Llierca;total;homes;població;;398
2014;Sant Jaume de Llierca;total;dones;població;;414
2014;Sant Jaume de Llierca;total;total;població;;812
2014;Sant Jaume dels Domenys;total;homes;població;;1279
2014;Sant Jaume dels Domenys;total;dones;població;;1214
2014;Sant Jaume dels Domenys;total;total;població;;2493
2014;Sant Joan de les Abadesses;total;homes;població;;1693
2014;Sant Joan de les Abadesses;total;dones;població;;1720
2014;Sant Joan de les Abadesses;total;total;població;;3413
2014;Sant Joan de Mollet;total;homes;població;;248
2014;Sant Joan de Mollet;total;dones;població;;261
2014;Sant Joan de Mollet;total;total;població;;509
2014;Sant Joan de Vilatorrada;total;homes;població;;5376
2014;Sant Joan de Vilatorrada;total;dones;població;;5357
2014;Sant Joan de Vilatorrada;total;total;població;;10733
2014;Sant Joan Despí;total;homes;població;;16108
2014;Sant Joan Despí;total;dones;població;;16873
2014;Sant Joan Despí;total;total;població;;32981
2014;Sant Joan les Fonts;total;homes;població;;1442
2014;Sant Joan les Fonts;total;dones;població;;1477
2014;Sant Joan les Fonts;total;total;població;;2919
2014;Sant Jordi Desvalls;total;homes;població;;342
2014;Sant Jordi Desvalls;total;dones;població;;366
2014;Sant Jordi Desvalls;total;total;població;;708
2014;Sant Julià de Cerdanyola;total;homes;població;;134
2014;Sant Julià de Cerdanyola;total;dones;població;;105
2014;Sant Julià de Cerdanyola;total;total;població;;239
2014;Sant Julià de Ramis;total;homes;població;;1730
2014;Sant Julià de Ramis;total;dones;població;;1704
2014;Sant Julià de Ramis;total;total;població;;3434
2014;Sant Julià de Vilatorta;total;homes;població;;1532
2014;Sant Julià de Vilatorta;total;dones;població;;1591
2014;Sant Julià de Vilatorta;total;total;població;;3123
2014;Sant Julià del Llor i Bonmatí;total;homes;població;;650
2014;Sant Julià del Llor i Bonmatí;total;dones;població;;614
2014;Sant Julià del Llor i Bonmatí;total;total;població;;1264
2014;Sant Just Desvern;total;homes;població;;7800
2014;Sant Just Desvern;total;dones;població;;8589
2014;Sant Just Desvern;total;total;població;;16389
2014;Sant Llorenç d'Hortons;total;homes;població;;1260
2014;Sant Llorenç d'Hortons;total;dones;població;;1257
2014;Sant Llorenç d'Hortons;total;total;població;;2517
2014;Sant Llorenç de la Muga;total;homes;població;;130
2014;Sant Llorenç de la Muga;total;dones;població;;119
2014;Sant Llorenç de la Muga;total;total;població;;249
2014;Sant Llorenç de Morunys;total;homes;població;;492
2014;Sant Llorenç de Morunys;total;dones;població;;501
2014;Sant Llorenç de Morunys;total;total;població;;993
2014;Sant Llorenç Savall;total;homes;població;;1188
2014;Sant Llorenç Savall;total;dones;població;;1173
2014;Sant Llorenç Savall;total;total;població;;2361
2014;Sant Martí d'Albars;total;homes;població;;54
2014;Sant Martí d'Albars;total;dones;població;;52
2014;Sant Martí d'Albars;total;total;població;;106
2014;Sant Martí de Centelles;total;homes;població;;558
2014;Sant Martí de Centelles;total;dones;població;;535
2014;Sant Martí de Centelles;total;total;població;;1093
2014;Sant Martí de Llémena;total;homes;població;;335
2014;Sant Martí de Llémena;total;dones;població;;291
2014;Sant Martí de Llémena;total;total;població;;626
2014;Sant Martí de Riucorb;total;homes;població;;361
2014;Sant Martí de Riucorb;total;dones;població;;324
2014;Sant Martí de Riucorb;total;total;població;;685
2014;Sant Martí de Tous;total;homes;població;;593
2014;Sant Martí de Tous;total;dones;població;;582
2014;Sant Martí de Tous;total;total;població;;1175
2014;Sant Martí Sarroca;total;homes;població;;1537
2014;Sant Martí Sarroca;total;dones;població;;1593
2014;Sant Martí Sarroca;total;total;població;;3130
2014;Sant Martí Sesgueioles;total;homes;població;;200
2014;Sant Martí Sesgueioles;total;dones;població;;195
2014;Sant Martí Sesgueioles;total;total;població;;395
2014;Sant Martí Vell;total;homes;població;;128
2014;Sant Martí Vell;total;dones;població;;114
2014;Sant Martí Vell;total;total;població;;242
2014;Sant Mateu de Bages;total;homes;població;;332
2014;Sant Mateu de Bages;total;dones;població;;312
2014;Sant Mateu de Bages;total;total;població;;644
2014;Sant Miquel de Campmajor;total;homes;població;;123
2014;Sant Miquel de Campmajor;total;dones;població;;109
2014;Sant Miquel de Campmajor;total;total;població;;232
2014;Sant Miquel de Fluvià;total;homes;població;;410
2014;Sant Miquel de Fluvià;total;dones;població;;388
2014;Sant Miquel de Fluvià;total;total;població;;798
2014;Sant Mori;total;homes;població;;97
2014;Sant Mori;total;dones;població;;80
2014;Sant Mori;total;total;població;;177
2014;Sant Pau de Segúries;total;homes;població;;333
2014;Sant Pau de Segúries;total;dones;població;;341
2014;Sant Pau de Segúries;total;total;població;;674
2014;Sant Pere de Ribes;total;homes;població;;14704
2014;Sant Pere de Ribes;total;dones;població;;14635
2014;Sant Pere de Ribes;total;total;població;;29339
2014;Sant Pere de Riudebitlles;total;homes;població;;1187
2014;Sant Pere de Riudebitlles;total;dones;població;;1177
2014;Sant Pere de Riudebitlles;total;total;població;;2364
2014;Sant Pere de Torelló;total;homes;població;;1267
2014;Sant Pere de Torelló;total;dones;població;;1169
2014;Sant Pere de Torelló;total;total;població;;2436
2014;Sant Pere de Vilamajor;total;homes;població;;2120
2014;Sant Pere de Vilamajor;total;dones;població;;2128
2014;Sant Pere de Vilamajor;total;total;població;;4248
2014;Sant Pere Pescador;total;homes;població;;1142
2014;Sant Pere Pescador;total;dones;població;;996
2014;Sant Pere Pescador;total;total;població;;2138
2014;Sant Pere Sallavinera;total;homes;població;;90
2014;Sant Pere Sallavinera;total;dones;població;;72
2014;Sant Pere Sallavinera;total;total;població;;162
2014;Sant Pol de Mar;total;homes;població;;2504
2014;Sant Pol de Mar;total;dones;població;;2493
2014;Sant Pol de Mar;total;total;població;;4997
2014;Sant Quintí de Mediona;total;homes;població;;1065
2014;Sant Quintí de Mediona;total;dones;població;;1036
2014;Sant Quintí de Mediona;total;total;població;;2101
2014;Sant Quirze de Besora;total;homes;població;;1054
2014;Sant Quirze de Besora;total;dones;població;;1094
2014;Sant Quirze de Besora;total;total;població;;2148
2014;Sant Quirze del Vallès;total;homes;població;;9565
2014;Sant Quirze del Vallès;total;dones;població;;9984
2014;Sant Quirze del Vallès;total;total;població;;19549
2014;Sant Quirze Safaja;total;homes;població;;345
2014;Sant Quirze Safaja;total;dones;població;;299
2014;Sant Quirze Safaja;total;total;població;;644
2014;Sant Ramon;total;homes;població;;266
2014;Sant Ramon;total;dones;població;;230
2014;Sant Ramon;total;total;població;;496
2014;Sant Sadurní d'Anoia;total;homes;població;;6159
2014;Sant Sadurní d'Anoia;total;dones;població;;6431
2014;Sant Sadurní d'Anoia;total;total;població;;12590
2014;Sant Sadurní d'Osormort;total;homes;població;;50
2014;Sant Sadurní d'Osormort;total;dones;població;;36
2014;Sant Sadurní d'Osormort;total;total;població;;86
2014;Sant Salvador de Guardiola;total;homes;població;;1594
2014;Sant Salvador de Guardiola;total;dones;població;;1536
2014;Sant Salvador de Guardiola;total;total;població;;3130
2014;Sant Vicenç de Castellet;total;homes;població;;4634
2014;Sant Vicenç de Castellet;total;dones;població;;4692
2014;Sant Vicenç de Castellet;total;total;població;;9326
2014;Sant Vicenç de Montalt;total;homes;població;;3044
2014;Sant Vicenç de Montalt;total;dones;població;;2963
2014;Sant Vicenç de Montalt;total;total;població;;6007
2014;Sant Vicenç de Torelló;total;homes;població;;975
2014;Sant Vicenç de Torelló;total;dones;població;;1000
2014;Sant Vicenç de Torelló;total;total;població;;1975
2014;Sant Vicenç dels Horts;total;homes;població;;14039
2014;Sant Vicenç dels Horts;total;dones;població;;14064
2014;Sant Vicenç dels Horts;total;total;població;;28103
2014;Santa Bàrbara;total;homes;població;;1950
2014;Santa Bàrbara;total;dones;població;;1871
2014;Santa Bàrbara;total;total;població;;3821
2014;Santa Cecília de Voltregà;total;homes;població;;91
2014;Santa Cecília de Voltregà;total;dones;població;;82
2014;Santa Cecília de Voltregà;total;total;població;;173
2014;Santa Coloma de Cervelló;total;homes;població;;3948
2014;Santa Coloma de Cervelló;total;dones;població;;4090
2014;Santa Coloma de Cervelló;total;total;població;;8038
2014;Santa Coloma de Farners;total;homes;població;;6393
2014;Santa Coloma de Farners;total;dones;població;;6208
2014;Santa Coloma de Farners;total;total;població;;12601
2014;Santa Coloma de Gramenet;total;homes;població;;59520
2014;Santa Coloma de Gramenet;total;dones;població;;59218
2014;Santa Coloma de Gramenet;total;total;població;;118738
2014;Santa Coloma de Queralt;total;homes;població;;1448
2014;Santa Coloma de Queralt;total;dones;població;;1483
2014;Santa Coloma de Queralt;total;total;població;;2931
2014;Santa Cristina d'Aro;total;homes;població;;2630
2014;Santa Cristina d'Aro;total;dones;població;;2564
2014;Santa Cristina d'Aro;total;total;població;;5194
2014;Santa Eugènia de Berga;total;homes;població;;1143
2014;Santa Eugènia de Berga;total;dones;població;;1090
2014;Santa Eugènia de Berga;total;total;població;;2233
2014;Santa Eulàlia de Riuprimer;total;homes;població;;637
2014;Santa Eulàlia de Riuprimer;total;dones;població;;622
2014;Santa Eulàlia de Riuprimer;total;total;població;;1259
2014;Santa Eulàlia de Ronçana;total;homes;població;;3577
2014;Santa Eulàlia de Ronçana;total;dones;població;;3537
2014;Santa Eulàlia de Ronçana;total;total;població;;7114
2014;Santa Fe del Penedès;total;homes;població;;189
2014;Santa Fe del Penedès;total;dones;població;;190
2014;Santa Fe del Penedès;total;total;població;;379
2014;Santa Llogaia d'Àlguema;total;homes;població;;188
2014;Santa Llogaia d'Àlguema;total;dones;població;;153
2014;Santa Llogaia d'Àlguema;total;total;població;;341
2014;Santa Margarida de Montbui;total;homes;població;;4802
2014;Santa Margarida de Montbui;total;dones;població;;4839
2014;Santa Margarida de Montbui;total;total;població;;9641
2014;Santa Margarida i els Monjos;total;homes;població;;3741
2014;Santa Margarida i els Monjos;total;dones;població;;3596
2014;Santa Margarida i els Monjos;total;total;població;;7337
2014;Santa Maria d'Oló;total;homes;població;;546
2014;Santa Maria d'Oló;total;dones;població;;519
2014;Santa Maria d'Oló;total;total;població;;1065
2014;Santa Maria de Besora;total;homes;població;;83
2014;Santa Maria de Besora;total;dones;població;;79
2014;Santa Maria de Besora;total;total;població;;162
2014;Santa Maria de Martorelles;total;homes;població;;423
2014;Santa Maria de Martorelles;total;dones;població;;428
2014;Santa Maria de Martorelles;total;total;població;;851
2014;Santa Maria de Merlès;total;homes;població;;89
2014;Santa Maria de Merlès;total;dones;població;;88
2014;Santa Maria de Merlès;total;total;població;;177
2014;Santa Maria de Miralles;total;homes;població;;71
2014;Santa Maria de Miralles;total;dones;població;;69
2014;Santa Maria de Miralles;total;total;població;;140
2014;Santa Maria de Palautordera;total;homes;població;;4640
2014;Santa Maria de Palautordera;total;dones;població;;4498
2014;Santa Maria de Palautordera;total;total;població;;9138
2014;Santa Oliva;total;homes;població;;1667
2014;Santa Oliva;total;dones;població;;1620
2014;Santa Oliva;total;total;població;;3287
2014;Santa Pau;total;homes;població;;792
2014;Santa Pau;total;dones;població;;775
2014;Santa Pau;total;total;població;;1567
2014;Santa Perpètua de Mogoda;total;homes;població;;12907
2014;Santa Perpètua de Mogoda;total;dones;població;;12502
2014;Santa Perpètua de Mogoda;total;total;població;;25409
2014;Santa Susanna;total;homes;població;;1662
2014;Santa Susanna;total;dones;població;;1631
2014;Santa Susanna;total;total;població;;3293
2014;Santpedor;total;homes;població;;3691
2014;Santpedor;total;dones;població;;3693
2014;Santpedor;total;total;població;;7384
2014;Sarral;total;homes;població;;830
2014;Sarral;total;dones;població;;765
2014;Sarral;total;total;població;;1595
2014;Sarrià de Ter;total;homes;població;;2463
2014;Sarrià de Ter;total;dones;població;;2474
2014;Sarrià de Ter;total;total;població;;4937
2014;Sarroca de Bellera;total;homes;població;;73
2014;Sarroca de Bellera;total;dones;població;;51
2014;Sarroca de Bellera;total;total;població;;124
2014;Sarroca de Lleida;total;homes;població;;220
2014;Sarroca de Lleida;total;dones;població;;183
2014;Sarroca de Lleida;total;total;població;;403
2014;Saus, Camallera i Llampaies;total;homes;població;;402
2014;Saus, Camallera i Llampaies;total;dones;població;;413
2014;Saus, Camallera i Llampaies;total;total;població;;815
2014;Savallà del Comtat;total;homes;població;;30
2014;Savallà del Comtat;total;dones;població;;35
2014;Savallà del Comtat;total;total;població;;65
2014;Secuita, la;total;homes;població;;837
2014;Secuita, la;total;dones;població;;828
2014;Secuita, la;total;total;població;;1665
2014;Selva de Mar, la;total;homes;població;;102
2014;Selva de Mar, la;total;dones;població;;79
2014;Selva de Mar, la;total;total;població;;181
2014;Selva del Camp, la;total;homes;població;;2818
2014;Selva del Camp, la;total;dones;població;;2780
2014;Selva del Camp, la;total;total;població;;5598
2014;Senan;total;homes;població;;33
2014;Senan;total;dones;població;;20
2014;Senan;total;total;població;;53
2014;Sénia, la;total;homes;població;;2984
2014;Sénia, la;total;dones;població;;2909
2014;Sénia, la;total;total;població;;5893
2014;Senterada;total;homes;població;;77
2014;Senterada;total;dones;població;;54
2014;Senterada;total;total;població;;131
2014;Sentiu de Sió, la;total;homes;població;;235
2014;Sentiu de Sió, la;total;dones;població;;232
2014;Sentiu de Sió, la;total;total;població;;467
2014;Sentmenat;total;homes;població;;4378
2014;Sentmenat;total;dones;població;;4267
2014;Sentmenat;total;total;població;;8645
2014;Serinyà;total;homes;població;;572
2014;Serinyà;total;dones;població;;551
2014;Serinyà;total;total;població;;1123
2014;Seròs;total;homes;població;;1032
2014;Seròs;total;dones;població;;855
2014;Seròs;total;total;població;;1887
2014;Serra de Daró;total;homes;població;;115
2014;Serra de Daró;total;dones;població;;96
2014;Serra de Daró;total;total;població;;211
2014;Setcases;total;homes;població;;108
2014;Setcases;total;dones;població;;87
2014;Setcases;total;total;població;;195
2014;Seu d'Urgell, la;total;homes;població;;5968
2014;Seu d'Urgell, la;total;dones;població;;6398
2014;Seu d'Urgell, la;total;total;població;;12366
2014;Seva;total;homes;població;;1782
2014;Seva;total;dones;població;;1706
2014;Seva;total;total;població;;3488
2014;Sidamon;total;homes;població;;371
2014;Sidamon;total;dones;població;;335
2014;Sidamon;total;total;població;;706
2014;Sils;total;homes;població;;2968
2014;Sils;total;dones;població;;2883
2014;Sils;total;total;població;;5851
2014;Sitges;total;homes;població;;14029
2014;Sitges;total;dones;població;;14142
2014;Sitges;total;total;població;;28171
2014;Siurana;total;homes;població;;74
2014;Siurana;total;dones;població;;76
2014;Siurana;total;total;població;;150
2014;Sobremunt;total;homes;població;;36
2014;Sobremunt;total;dones;població;;47
2014;Sobremunt;total;total;població;;83
2014;Soleràs, el;total;homes;població;;185
2014;Soleràs, el;total;dones;població;;174
2014;Soleràs, el;total;total;població;;359
2014;Solivella;total;homes;població;;330
2014;Solivella;total;dones;població;;323
2014;Solivella;total;total;població;;653
2014;Solsona;total;homes;població;;4531
2014;Solsona;total;dones;població;;4536
2014;Solsona;total;total;població;;9067
2014;Sora;total;homes;població;;97
2014;Sora;total;dones;població;;78
2014;Sora;total;total;població;;175
2014;Soriguera;total;homes;població;;199
2014;Soriguera;total;dones;població;;178
2014;Soriguera;total;total;població;;377
2014;Sort;total;homes;població;;1113
2014;Sort;total;dones;població;;1124
2014;Sort;total;total;població;;2237
2014;Soses;total;homes;població;;916
2014;Soses;total;dones;població;;838
2014;Soses;total;total;població;;1754
2014;Subirats;total;homes;població;;1555
2014;Subirats;total;dones;població;;1474
2014;Subirats;total;total;població;;3029
2014;Sudanell;total;homes;població;;485
2014;Sudanell;total;dones;població;;387
2014;Sudanell;total;total;població;;872
2014;Sunyer;total;homes;població;;163
2014;Sunyer;total;dones;població;;144
2014;Sunyer;total;total;població;;307
2014;Súria;total;homes;població;;2891
2014;Súria;total;dones;població;;3108
2014;Súria;total;total;població;;5999
2014;Susqueda;total;homes;població;;58
2014;Susqueda;total;dones;població;;37
2014;Susqueda;total;total;població;;95
2014;Tagamanent;total;homes;població;;174
2014;Tagamanent;total;dones;població;;148
2014;Tagamanent;total;total;població;;322
2014;Talamanca;total;homes;població;;80
2014;Talamanca;total;dones;població;;61
2014;Talamanca;total;total;població;;141
2014;Talarn;total;homes;població;;216
2014;Talarn;total;dones;població;;197
2014;Talarn;total;total;població;;413
2014;Talavera;total;homes;població;;148
2014;Talavera;total;dones;població;;119
2014;Talavera;total;total;població;;267
2014;Tallada d'Empordà, la;total;homes;població;;236
2014;Tallada d'Empordà, la;total;dones;població;;218
2014;Tallada d'Empordà, la;total;total;població;;454
2014;Taradell;total;homes;població;;3123
2014;Taradell;total;dones;població;;3096
2014;Taradell;total;total;població;;6219
2014;Tarragona;total;homes;població;;64652
2014;Tarragona;total;dones;població;;67547
2014;Tarragona;total;total;població;;132199
2014;Tàrrega;total;homes;població;;8256
2014;Tàrrega;total;dones;població;;8331
2014;Tàrrega;total;total;població;;16587
2014;Tarrés;total;homes;població;;62
2014;Tarrés;total;dones;població;;43
2014;Tarrés;total;total;població;;105
2014;Tarroja de Segarra;total;homes;població;;90
2014;Tarroja de Segarra;total;dones;població;;83
2014;Tarroja de Segarra;total;total;població;;173
2014;Tavèrnoles;total;homes;població;;160
2014;Tavèrnoles;total;dones;població;;157
2014;Tavèrnoles;total;total;població;;317
2014;Tavertet;total;homes;població;;70
2014;Tavertet;total;dones;població;;55
2014;Tavertet;total;total;població;;125
2014;Teià;total;homes;població;;3053
2014;Teià;total;dones;població;;3088
2014;Teià;total;total;població;;6141
2014;Térmens;total;homes;població;;769
2014;Térmens;total;dones;població;;767
2014;Térmens;total;total;població;;1536
2014;Terrades;total;homes;població;;141
2014;Terrades;total;dones;població;;147
2014;Terrades;total;total;població;;288
2014;Terrassa;total;homes;població;;106429
2014;Terrassa;total;dones;població;;109088
2014;Terrassa;total;total;població;;215517
2014;Tiana;total;homes;població;;3980
2014;Tiana;total;dones;població;;4334
2014;Tiana;total;total;població;;8314
2014;Tírvia;total;homes;població;;76
2014;Tírvia;total;dones;població;;80
2014;Tírvia;total;total;població;;156
2014;Tiurana;total;homes;població;;36
2014;Tiurana;total;dones;població;;40
2014;Tiurana;total;total;població;;76
2014;Tivenys;total;homes;població;;449
2014;Tivenys;total;dones;població;;427
2014;Tivenys;total;total;població;;876
2014;Tivissa;total;homes;població;;871
2014;Tivissa;total;dones;població;;889
2014;Tivissa;total;total;població;;1760
2014;Tona;total;homes;població;;3927
2014;Tona;total;dones;població;;4085
2014;Tona;total;total;població;;8012
2014;Torà;total;homes;població;;603
2014;Torà;total;dones;població;;599
2014;Torà;total;total;població;;1202
2014;Tordera;total;homes;població;;8267
2014;Tordera;total;dones;població;;8078
2014;Tordera;total;total;població;;16345
2014;Torelló;total;homes;població;;6856
2014;Torelló;total;dones;població;;7093
2014;Torelló;total;total;població;;13949
2014;Torms, els;total;homes;població;;81
2014;Torms, els;total;dones;població;;67
2014;Torms, els;total;total;població;;148
2014;Tornabous;total;homes;població;;487
2014;Tornabous;total;dones;població;;424
2014;Tornabous;total;total;població;;911
2014;Torre de Cabdella, la;total;homes;població;;390
2014;Torre de Cabdella, la;total;dones;població;;371
2014;Torre de Cabdella, la;total;total;població;;761
2014;Torre de Claramunt, la;total;homes;població;;1968
2014;Torre de Claramunt, la;total;dones;població;;1851
2014;Torre de Claramunt, la;total;total;població;;3819
2014;Torre de Fontaubella, la;total;homes;població;;67
2014;Torre de Fontaubella, la;total;dones;població;;59
2014;Torre de Fontaubella, la;total;total;població;;126
2014;Torre de l'Espanyol, la;total;homes;població;;351
2014;Torre de l'Espanyol, la;total;dones;població;;325
2014;Torre de l'Espanyol, la;total;total;població;;676
2014;Torrebesses;total;homes;població;;152
2014;Torrebesses;total;dones;població;;139
2014;Torrebesses;total;total;població;;291
2014;Torredembarra;total;homes;població;;7622
2014;Torredembarra;total;dones;població;;7853
2014;Torredembarra;total;total;població;;15475
2014;Torrefarrera;total;homes;població;;2268
2014;Torrefarrera;total;dones;població;;2244
2014;Torrefarrera;total;total;població;;4512
2014;Torrefeta i Florejacs;total;homes;població;;315
2014;Torrefeta i Florejacs;total;dones;població;;286
2014;Torrefeta i Florejacs;total;total;població;;601
2014;Torregrossa;total;homes;població;;1133
2014;Torregrossa;total;dones;població;;1102
2014;Torregrossa;total;total;població;;2235
2014;Torrelameu;total;homes;població;;400
2014;Torrelameu;total;dones;població;;309
2014;Torrelameu;total;total;població;;709
2014;Torrelavit;total;homes;població;;736
2014;Torrelavit;total;dones;població;;657
2014;Torrelavit;total;total;població;;1393
2014;Torrelles de Foix;total;homes;població;;1206
2014;Torrelles de Foix;total;dones;població;;1102
2014;Torrelles de Foix;total;total;població;;2308
2014;Torrelles de Llobregat;total;homes;població;;2895
2014;Torrelles de Llobregat;total;dones;població;;2956
2014;Torrelles de Llobregat;total;total;població;;5851
2014;Torrent;total;homes;població;;89
2014;Torrent;total;dones;població;;81
2014;Torrent;total;total;població;;170
2014;Torres de Segre;total;homes;població;;1184
2014;Torres de Segre;total;dones;població;;1117
2014;Torres de Segre;total;total;població;;2301
2014;Torre-serona;total;homes;població;;197
2014;Torre-serona;total;dones;població;;191
2014;Torre-serona;total;total;població;;388
2014;Torroella de Fluvià;total;homes;població;;362
2014;Torroella de Fluvià;total;dones;població;;342
2014;Torroella de Fluvià;total;total;població;;704
2014;Torroella de Montgrí;total;homes;població;;5784
2014;Torroella de Montgrí;total;dones;població;;5597
2014;Torroella de Montgrí;total;total;població;;11381
2014;Torroja del Priorat;total;homes;població;;89
2014;Torroja del Priorat;total;dones;població;;71
2014;Torroja del Priorat;total;total;població;;160
2014;Tortellà;total;homes;població;;370
2014;Tortellà;total;dones;població;;402
2014;Tortellà;total;total;població;;772
2014;Tortosa;total;homes;població;;16997
2014;Tortosa;total;dones;població;;16935
2014;Tortosa;total;total;població;;33932
2014;Toses;total;homes;població;;89
2014;Toses;total;dones;població;;61
2014;Toses;total;total;població;;150
2014;Tossa de Mar;total;homes;població;;2897
2014;Tossa de Mar;total;dones;població;;2784
2014;Tossa de Mar;total;total;població;;5681
2014;Tremp;total;homes;població;;3145
2014;Tremp;total;dones;població;;3160
2014;Tremp;total;total;població;;6305
2014;Ullà;total;homes;població;;585
2014;Ullà;total;dones;població;;468
2014;Ullà;total;total;població;;1053
2014;Ullastrell;total;homes;població;;1027
2014;Ullastrell;total;dones;població;;1029
2014;Ullastrell;total;total;població;;2056
2014;Ullastret;total;homes;població;;143
2014;Ullastret;total;dones;població;;146
2014;Ullastret;total;total;població;;289
2014;Ulldecona;total;homes;població;;3551
2014;Ulldecona;total;dones;població;;3353
2014;Ulldecona;total;total;població;;6904
2014;Ulldemolins;total;homes;població;;230
2014;Ulldemolins;total;dones;població;;182
2014;Ulldemolins;total;total;població;;412
2014;Ultramort;total;homes;població;;111
2014;Ultramort;total;dones;població;;93
2014;Ultramort;total;total;població;;204
2014;Urús;total;homes;població;;89
2014;Urús;total;dones;població;;96
2014;Urús;total;total;població;;185
2014;Vacarisses;total;homes;població;;3215
2014;Vacarisses;total;dones;població;;3003
2014;Vacarisses;total;total;població;;6218
2014;Vajol, la;total;homes;població;;48
2014;Vajol, la;total;dones;població;;38
2014;Vajol, la;total;total;població;;86
2014;Vall d'en Bas, la;total;homes;població;;1485
2014;Vall d'en Bas, la;total;dones;població;;1480
2014;Vall d'en Bas, la;total;total;població;;2965
2014;Vall de Bianya, la;total;homes;població;;657
2014;Vall de Bianya, la;total;dones;població;;648
2014;Vall de Bianya, la;total;total;població;;1305
2014;Vall de Boí, la;total;homes;població;;528
2014;Vall de Boí, la;total;dones;població;;464
2014;Vall de Boí, la;total;total;població;;992
2014;Vall de Cardós;total;homes;població;;210
2014;Vall de Cardós;total;dones;població;;174
2014;Vall de Cardós;total;total;població;;384
2014;Vallbona d'Anoia;total;homes;població;;735
2014;Vallbona d'Anoia;total;dones;població;;689
2014;Vallbona d'Anoia;total;total;població;;1424
2014;Vallbona de les Monges;total;homes;població;;138
2014;Vallbona de les Monges;total;dones;població;;124
2014;Vallbona de les Monges;total;total;població;;262
2014;Vallcebre;total;homes;població;;146
2014;Vallcebre;total;dones;població;;112
2014;Vallcebre;total;total;població;;258
2014;Vallclara;total;homes;població;;64
2014;Vallclara;total;dones;població;;52
2014;Vallclara;total;total;població;;116
2014;Vallfogona de Balaguer;total;homes;població;;930
2014;Vallfogona de Balaguer;total;dones;població;;958
2014;Vallfogona de Balaguer;total;total;població;;1888
2014;Vallfogona de Ripollès;total;homes;població;;116
2014;Vallfogona de Ripollès;total;dones;població;;99
2014;Vallfogona de Ripollès;total;total;població;;215
2014;Vallfogona de Riucorb;total;homes;població;;59
2014;Vallfogona de Riucorb;total;dones;població;;40
2014;Vallfogona de Riucorb;total;total;població;;99
2014;Vallgorguina;total;homes;població;;1381
2014;Vallgorguina;total;dones;població;;1318
2014;Vallgorguina;total;total;població;;2699
2014;Vallirana;total;homes;població;;7301
2014;Vallirana;total;dones;població;;7311
2014;Vallirana;total;total;població;;14612
2014;Vall-llobrega;total;homes;població;;457
2014;Vall-llobrega;total;dones;població;;444
2014;Vall-llobrega;total;total;població;;901
2014;Vallmoll;total;homes;població;;854
2014;Vallmoll;total;dones;població;;816
2014;Vallmoll;total;total;població;;1670
2014;Vallromanes;total;homes;població;;1270
2014;Vallromanes;total;dones;població;;1249
2014;Vallromanes;total;total;població;;2519
2014;Valls;total;homes;població;;12263
2014;Valls;total;dones;població;;12307
2014;Valls;total;total;població;;24570
2014;Valls d'Aguilar, les;total;homes;població;;156
2014;Valls d'Aguilar, les;total;dones;població;;142
2014;Valls d'Aguilar, les;total;total;població;;298
2014;Valls de Valira, les;total;homes;població;;429
2014;Valls de Valira, les;total;dones;població;;420
2014;Valls de Valira, les;total;total;població;;849
2014;Vandellòs i l'Hospitalet de l'Infant;total;homes;població;;3011
2014;Vandellòs i l'Hospitalet de l'Infant;total;dones;població;;3036
2014;Vandellòs i l'Hospitalet de l'Infant;total;total;població;;6047
2014;Vansa i Fórnols, la;total;homes;població;;110
2014;Vansa i Fórnols, la;total;dones;població;;100
2014;Vansa i Fórnols, la;total;total;població;;210
2014;Veciana;total;homes;població;;102
2014;Veciana;total;dones;població;;74
2014;Veciana;total;total;població;;176
2014;Vendrell, el;total;homes;població;;18345
2014;Vendrell, el;total;dones;població;;18374
2014;Vendrell, el;total;total;població;;36719
2014;Ventalló;total;homes;població;;439
2014;Ventalló;total;dones;població;;397
2014;Ventalló;total;total;població;;836
2014;Verdú;total;homes;població;;457
2014;Verdú;total;dones;població;;507
2014;Verdú;total;total;població;;964
2014;Verges;total;homes;població;;572
2014;Verges;total;dones;població;;623
2014;Verges;total;total;població;;1195
2014;Vespella de Gaià;total;homes;població;;222
2014;Vespella de Gaià;total;dones;població;;195
2014;Vespella de Gaià;total;total;població;;417
2014;Vic;total;homes;població;;20822
2014;Vic;total;dones;població;;21134
2014;Vic;total;total;població;;41956
2014;Vidrà;total;homes;població;;87
2014;Vidrà;total;dones;població;;82
2014;Vidrà;total;total;població;;169
2014;Vidreres;total;homes;població;;3981
2014;Vidreres;total;dones;població;;3721
2014;Vidreres;total;total;població;;7702
2014;Vielha e Mijaran;total;homes;població;;2764
2014;Vielha e Mijaran;total;dones;població;;2710
2014;Vielha e Mijaran;total;total;població;;5474
2014;Vilabella;total;homes;població;;416
2014;Vilabella;total;dones;població;;389
2014;Vilabella;total;total;població;;805
2014;Vilabertran;total;homes;població;;468
2014;Vilabertran;total;dones;població;;445
2014;Vilabertran;total;total;població;;913
2014;Vilablareix;total;homes;població;;1250
2014;Vilablareix;total;dones;població;;1279
2014;Vilablareix;total;total;població;;2529
2014;Vilada;total;homes;població;;233
2014;Vilada;total;dones;població;;210
2014;Vilada;total;total;població;;443
2014;Viladamat;total;homes;població;;227
2014;Viladamat;total;dones;població;;213
2014;Viladamat;total;total;població;;440
2014;Viladasens;total;homes;població;;112
2014;Viladasens;total;dones;població;;104
2014;Viladasens;total;total;població;;216
2014;Viladecans;total;homes;població;;32458
2014;Viladecans;total;dones;població;;32900
2014;Viladecans;total;total;població;;65358
2014;Viladecavalls;total;homes;població;;3705
2014;Viladecavalls;total;dones;població;;3690
2014;Viladecavalls;total;total;població;;7395
2014;Vilademuls;total;homes;població;;408
2014;Vilademuls;total;dones;població;;379
2014;Vilademuls;total;total;població;;787
2014;Viladrau;total;homes;població;;527
2014;Viladrau;total;dones;població;;510
2014;Viladrau;total;total;població;;1037
2014;Vilafant;total;homes;població;;2694
2014;Vilafant;total;dones;població;;2787
2014;Vilafant;total;total;població;;5481
2014;Vilafranca del Penedès;total;homes;població;;19306
2014;Vilafranca del Penedès;total;dones;població;;19915
2014;Vilafranca del Penedès;total;total;població;;39221
2014;Vilagrassa;total;homes;població;;267
2014;Vilagrassa;total;dones;població;;247
2014;Vilagrassa;total;total;població;;514
2014;Vilajuïga;total;homes;població;;590
2014;Vilajuïga;total;dones;població;;600
2014;Vilajuïga;total;total;població;;1190
2014;Vilalba dels Arcs;total;homes;població;;352
2014;Vilalba dels Arcs;total;dones;població;;330
2014;Vilalba dels Arcs;total;total;població;;682
2014;Vilalba Sasserra;total;homes;població;;347
2014;Vilalba Sasserra;total;dones;població;;359
2014;Vilalba Sasserra;total;total;població;;706
2014;Vilaller;total;homes;població;;304
2014;Vilaller;total;dones;població;;259
2014;Vilaller;total;total;població;;563
2014;Vilallonga de Ter;total;homes;població;;219
2014;Vilallonga de Ter;total;dones;població;;202
2014;Vilallonga de Ter;total;total;població;;421
2014;Vilallonga del Camp;total;homes;població;;1138
2014;Vilallonga del Camp;total;dones;població;;1091
2014;Vilallonga del Camp;total;total;població;;2229
2014;Vilamacolum;total;homes;població;;163
2014;Vilamacolum;total;dones;població;;144
2014;Vilamacolum;total;total;població;;307
2014;Vilamalla;total;homes;població;;573
2014;Vilamalla;total;dones;població;;530
2014;Vilamalla;total;total;població;;1103
2014;Vilamaniscle;total;homes;població;;94
2014;Vilamaniscle;total;dones;població;;76
2014;Vilamaniscle;total;total;població;;170
2014;Vilamòs;total;homes;població;;95
2014;Vilamòs;total;dones;població;;76
2014;Vilamòs;total;total;població;;171
2014;Vilanant;total;homes;població;;199
2014;Vilanant;total;dones;població;;200
2014;Vilanant;total;total;població;;399
2014;Vilanova d'Escornalbou;total;homes;població;;292
2014;Vilanova d'Escornalbou;total;dones;població;;248
2014;Vilanova d'Escornalbou;total;total;població;;540
2014;Vilanova de Bellpuig;total;homes;població;;603
2014;Vilanova de Bellpuig;total;dones;població;;576
2014;Vilanova de Bellpuig;total;total;població;;1179
2014;Vilanova de l'Aguda;total;homes;població;;112
2014;Vilanova de l'Aguda;total;dones;població;;116
2014;Vilanova de l'Aguda;total;total;població;;228
2014;Vilanova de la Barca;total;homes;població;;563
2014;Vilanova de la Barca;total;dones;població;;557
2014;Vilanova de la Barca;total;total;població;;1120
2014;Vilanova de Meià;total;homes;població;;224
2014;Vilanova de Meià;total;dones;població;;198
2014;Vilanova de Meià;total;total;població;;422
2014;Vilanova de Prades;total;homes;població;;63
2014;Vilanova de Prades;total;dones;població;;63
2014;Vilanova de Prades;total;total;població;;126
2014;Vilanova de Sau;total;homes;població;;156
2014;Vilanova de Sau;total;dones;població;;158
2014;Vilanova de Sau;total;total;població;;314
2014;Vilanova de Segrià;total;homes;població;;487
2014;Vilanova de Segrià;total;dones;població;;443
2014;Vilanova de Segrià;total;total;població;;930
2014;Vilanova del Camí;total;homes;població;;6284
2014;Vilanova del Camí;total;dones;població;;6222
2014;Vilanova del Camí;total;total;població;;12506
2014;Vilanova del Vallès;total;homes;població;;2671
2014;Vilanova del Vallès;total;dones;població;;2579
2014;Vilanova del Vallès;total;total;població;;5250
2014;Vilanova i la Geltrú;total;homes;població;;32069
2014;Vilanova i la Geltrú;total;dones;població;;33872
2014;Vilanova i la Geltrú;total;total;població;;65941
2014;Vilaplana;total;homes;població;;325
2014;Vilaplana;total;dones;població;;305
2014;Vilaplana;total;total;població;;630
2014;Vila-rodona;total;homes;població;;641
2014;Vila-rodona;total;dones;població;;623
2014;Vila-rodona;total;total;població;;1264
2014;Vila-sacra;total;homes;població;;327
2014;Vila-sacra;total;dones;població;;354
2014;Vila-sacra;total;total;població;;681
2014;Vila-sana;total;homes;població;;357
2014;Vila-sana;total;dones;població;;349
2014;Vila-sana;total;total;població;;706
2014;Vila-seca;total;homes;població;;11118
2014;Vila-seca;total;dones;població;;10805
2014;Vila-seca;total;total;població;;21923
2014;Vilassar de Dalt;total;homes;població;;4375
2014;Vilassar de Dalt;total;dones;població;;4507
2014;Vilassar de Dalt;total;total;població;;8882
2014;Vilassar de Mar;total;homes;població;;9736
2014;Vilassar de Mar;total;dones;població;;10449
2014;Vilassar de Mar;total;total;població;;20185
2014;Vilaür;total;homes;població;;75
2014;Vilaür;total;dones;població;;78
2014;Vilaür;total;total;població;;153
2014;Vilaverd;total;homes;població;;252
2014;Vilaverd;total;dones;població;;235
2014;Vilaverd;total;total;població;;487
2014;Vilella Alta, la;total;homes;població;;70
2014;Vilella Alta, la;total;dones;població;;59
2014;Vilella Alta, la;total;total;població;;129
2014;Vilella Baixa, la;total;homes;població;;107
2014;Vilella Baixa, la;total;dones;població;;95
2014;Vilella Baixa, la;total;total;població;;202
2014;Vilobí d'Onyar;total;homes;població;;1640
2014;Vilobí d'Onyar;total;dones;població;;1496
2014;Vilobí d'Onyar;total;total;població;;3136
2014;Vilobí del Penedès;total;homes;població;;553
2014;Vilobí del Penedès;total;dones;població;;537
2014;Vilobí del Penedès;total;total;població;;1090
2014;Vilopriu;total;homes;població;;114
2014;Vilopriu;total;dones;població;;95
2014;Vilopriu;total;total;població;;209
2014;Vilosell, el;total;homes;població;;92
2014;Vilosell, el;total;dones;població;;96
2014;Vilosell, el;total;total;població;;188
2014;Vimbodí i Poblet;total;homes;població;;539
2014;Vimbodí i Poblet;total;dones;població;;425
2014;Vimbodí i Poblet;total;total;població;;964
2014;Vinaixa;total;homes;població;;278
2014;Vinaixa;total;dones;població;;268
2014;Vinaixa;total;total;població;;546
2014;Vinebre;total;homes;població;;228
2014;Vinebre;total;dones;població;;221
2014;Vinebre;total;total;població;;449
2014;Vinyols i els Arcs;total;homes;població;;960
2014;Vinyols i els Arcs;total;dones;població;;912
2014;Vinyols i els Arcs;total;total;població;;1872
2014;Viver i Serrateix;total;homes;població;;91
2014;Viver i Serrateix;total;dones;població;;83
2014;Viver i Serrateix;total;total;població;;174
2014;Xerta;total;homes;població;;606
2014;Xerta;total;dones;població;;644
2014;Xerta;total;total;població;;1250
2014;Catalunya;total;homes;població;;3701740
2014;Catalunya;total;dones;població;;3817163
2014;Catalunya;total;total;població;;7518903
