any;municipi;edat any a any;sexe;concepte;estat;valor
2002;Abella de la Conca;total;homes;població;;101
2002;Abella de la Conca;total;dones;població;;87
2002;Abella de la Conca;total;total;població;;188
2002;Abrera;total;homes;població;;4562
2002;Abrera;total;dones;població;;4261
2002;Abrera;total;total;població;;8823
2002;Àger;total;homes;població;;279
2002;Àger;total;dones;població;;228
2002;Àger;total;total;població;;507
2002;Agramunt;total;homes;població;;2633
2002;Agramunt;total;dones;població;;2438
2002;Agramunt;total;total;població;;5071
2002;Aguilar de Segarra;total;homes;població;;112
2002;Aguilar de Segarra;total;dones;població;;103
2002;Aguilar de Segarra;total;total;població;;215
2002;Agullana;total;homes;població;;343
2002;Agullana;total;dones;població;;329
2002;Agullana;total;total;població;;672
2002;Aiguafreda;total;homes;població;;1070
2002;Aiguafreda;total;dones;població;;1105
2002;Aiguafreda;total;total;població;;2175
2002;Aiguamúrcia;total;homes;població;;351
2002;Aiguamúrcia;total;dones;població;;320
2002;Aiguamúrcia;total;total;població;;671
2002;Aiguaviva;total;homes;població;;291
2002;Aiguaviva;total;dones;població;;280
2002;Aiguaviva;total;total;població;;571
2002;Aitona;total;homes;població;;1111
2002;Aitona;total;dones;població;;1082
2002;Aitona;total;total;població;;2193
2002;Alamús, els;total;homes;població;;346
2002;Alamús, els;total;dones;població;;347
2002;Alamús, els;total;total;població;;693
2002;Alàs i Cerc;total;homes;població;;214
2002;Alàs i Cerc;total;dones;població;;191
2002;Alàs i Cerc;total;total;població;;405
2002;Albagés, l';total;homes;població;;266
2002;Albagés, l';total;dones;població;;236
2002;Albagés, l';total;total;població;;502
2002;Albanyà;total;homes;població;;59
2002;Albanyà;total;dones;població;;51
2002;Albanyà;total;total;població;;110
2002;Albatàrrec;total;homes;població;;638
2002;Albatàrrec;total;dones;població;;598
2002;Albatàrrec;total;total;població;;1236
2002;Albesa;total;homes;població;;755
2002;Albesa;total;dones;població;;760
2002;Albesa;total;total;població;;1515
2002;Albi, l';total;homes;població;;417
2002;Albi, l';total;dones;població;;389
2002;Albi, l';total;total;població;;806
2002;Albinyana;total;homes;població;;884
2002;Albinyana;total;dones;població;;811
2002;Albinyana;total;total;població;;1695
2002;Albiol, l';total;homes;població;;118
2002;Albiol, l';total;dones;població;;96
2002;Albiol, l';total;total;població;;214
2002;Albons;total;homes;població;;307
2002;Albons;total;dones;població;;281
2002;Albons;total;total;població;;588
2002;Alcanar;total;homes;població;;4251
2002;Alcanar;total;dones;població;;4139
2002;Alcanar;total;total;població;;8390
2002;Alcanó;total;homes;població;;131
2002;Alcanó;total;dones;població;;125
2002;Alcanó;total;total;població;;256
2002;Alcarràs;total;homes;població;;2418
2002;Alcarràs;total;dones;població;;2420
2002;Alcarràs;total;total;població;;4838
2002;Alcoletge;total;homes;població;;985
2002;Alcoletge;total;dones;població;;877
2002;Alcoletge;total;total;població;;1862
2002;Alcover;total;homes;població;;2048
2002;Alcover;total;dones;població;;1994
2002;Alcover;total;total;població;;4042
2002;Aldea, l';total;homes;població;;1819
2002;Aldea, l';total;dones;població;;1705
2002;Aldea, l';total;total;població;;3524
2002;Aldover;total;homes;població;;376
2002;Aldover;total;dones;població;;409
2002;Aldover;total;total;població;;785
2002;Aleixar, l';total;homes;població;;381
2002;Aleixar, l';total;dones;població;;359
2002;Aleixar, l';total;total;població;;740
2002;Alella;total;homes;població;;4379
2002;Alella;total;dones;població;;4417
2002;Alella;total;total;població;;8796
2002;Alfara de Carles;total;homes;població;;187
2002;Alfara de Carles;total;dones;població;;168
2002;Alfara de Carles;total;total;població;;355
2002;Alfarràs;total;homes;població;;1466
2002;Alfarràs;total;dones;població;;1508
2002;Alfarràs;total;total;població;;2974
2002;Alfés;total;homes;població;;176
2002;Alfés;total;dones;població;;155
2002;Alfés;total;total;població;;331
2002;Alforja;total;homes;població;;672
2002;Alforja;total;dones;població;;631
2002;Alforja;total;total;població;;1303
2002;Algerri;total;homes;població;;254
2002;Algerri;total;dones;població;;256
2002;Algerri;total;total;població;;510
2002;Alguaire;total;homes;població;;1441
2002;Alguaire;total;dones;població;;1403
2002;Alguaire;total;total;població;;2844
2002;Alins;total;homes;població;;135
2002;Alins;total;dones;població;;137
2002;Alins;total;total;població;;272
2002;Alió;total;homes;població;;192
2002;Alió;total;dones;població;;190
2002;Alió;total;total;població;;382
2002;Almacelles;total;homes;població;;2948
2002;Almacelles;total;dones;població;;2805
2002;Almacelles;total;total;població;;5753
2002;Almatret;total;homes;població;;241
2002;Almatret;total;dones;població;;227
2002;Almatret;total;total;població;;468
2002;Almenar;total;homes;població;;1785
2002;Almenar;total;dones;població;;1703
2002;Almenar;total;total;població;;3488
2002;Almoster;total;homes;població;;486
2002;Almoster;total;dones;població;;441
2002;Almoster;total;total;població;;927
2002;Alòs de Balaguer;total;homes;població;;103
2002;Alòs de Balaguer;total;dones;població;;71
2002;Alòs de Balaguer;total;total;població;;174
2002;Alp;total;homes;població;;673
2002;Alp;total;dones;població;;599
2002;Alp;total;total;població;;1272
2002;Alpens;total;homes;població;;150
2002;Alpens;total;dones;població;;127
2002;Alpens;total;total;població;;277
2002;Alpicat;total;homes;població;;2234
2002;Alpicat;total;dones;població;;2247
2002;Alpicat;total;total;població;;4481
2002;Alt Àneu;total;homes;població;;257
2002;Alt Àneu;total;dones;població;;185
2002;Alt Àneu;total;total;població;;442
2002;Altafulla;total;homes;població;;1819
2002;Altafulla;total;dones;població;;1744
2002;Altafulla;total;total;població;;3563
2002;Amer;total;homes;població;;1080
2002;Amer;total;dones;població;;1116
2002;Amer;total;total;població;;2196
2002;Ametlla de Mar, l';total;homes;població;;2651
2002;Ametlla de Mar, l';total;dones;població;;2560
2002;Ametlla de Mar, l';total;total;població;;5211
2002;Ametlla del Vallès, l';total;homes;població;;3132
2002;Ametlla del Vallès, l';total;dones;població;;3196
2002;Ametlla del Vallès, l';total;total;població;;6328
2002;Ampolla, l';total;homes;població;;995
2002;Ampolla, l';total;dones;població;;993
2002;Ampolla, l';total;total;població;;1988
2002;Amposta;total;homes;població;;8682
2002;Amposta;total;dones;població;;8690
2002;Amposta;total;total;població;;17372
2002;Anglès;total;homes;població;;2572
2002;Anglès;total;dones;població;;2448
2002;Anglès;total;total;població;;5020
2002;Anglesola;total;homes;població;;653
2002;Anglesola;total;dones;població;;631
2002;Anglesola;total;total;població;;1284
2002;Arbeca;total;homes;població;;1244
2002;Arbeca;total;dones;població;;1192
2002;Arbeca;total;total;població;;2436
2002;Arboç, l';total;homes;població;;2018
2002;Arboç, l';total;dones;població;;1855
2002;Arboç, l';total;total;població;;3873
2002;Arbolí;total;homes;població;;66
2002;Arbolí;total;dones;població;;59
2002;Arbolí;total;total;població;;125
2002;Arbúcies;total;homes;població;;2787
2002;Arbúcies;total;dones;població;;2629
2002;Arbúcies;total;total;població;;5416
2002;Arenys de Mar;total;homes;població;;6362
2002;Arenys de Mar;total;dones;població;;6745
2002;Arenys de Mar;total;total;població;;13107
2002;Arenys de Munt;total;homes;població;;3415
2002;Arenys de Munt;total;dones;població;;3412
2002;Arenys de Munt;total;total;població;;6827
2002;Argelaguer;total;homes;població;;213
2002;Argelaguer;total;dones;població;;191
2002;Argelaguer;total;total;població;;404
2002;Argençola;total;homes;població;;102
2002;Argençola;total;dones;població;;93
2002;Argençola;total;total;població;;195
2002;Argentera, l';total;homes;població;;86
2002;Argentera, l';total;dones;població;;65
2002;Argentera, l';total;total;població;;151
2002;Argentona;total;homes;població;;5014
2002;Argentona;total;dones;població;;5042
2002;Argentona;total;total;població;;10056
2002;Armentera, l';total;homes;població;;373
2002;Armentera, l';total;dones;població;;382
2002;Armentera, l';total;total;població;;755
2002;Arnes;total;homes;població;;255
2002;Arnes;total;dones;població;;243
2002;Arnes;total;total;població;;498
2002;Arres;total;homes;població;;31
2002;Arres;total;dones;població;;28
2002;Arres;total;total;població;;59
2002;Arsèguel;total;homes;població;;57
2002;Arsèguel;total;dones;població;;46
2002;Arsèguel;total;total;població;;103
2002;Artés;total;homes;població;;2267
2002;Artés;total;dones;població;;2285
2002;Artés;total;total;població;;4552
2002;Artesa de Lleida;total;homes;població;;688
2002;Artesa de Lleida;total;dones;població;;635
2002;Artesa de Lleida;total;total;població;;1323
2002;Artesa de Segre;total;homes;població;;1697
2002;Artesa de Segre;total;dones;població;;1586
2002;Artesa de Segre;total;total;població;;3283
2002;Ascó;total;homes;població;;839
2002;Ascó;total;dones;població;;818
2002;Ascó;total;total;població;;1657
2002;Aspa;total;homes;població;;135
2002;Aspa;total;dones;població;;137
2002;Aspa;total;total;població;;272
2002;Avellanes i Santa Linya, les;total;homes;població;;262
2002;Avellanes i Santa Linya, les;total;dones;població;;220
2002;Avellanes i Santa Linya, les;total;total;població;;482
2002;Avià;total;homes;població;;974
2002;Avià;total;dones;població;;947
2002;Avià;total;total;població;;1921
2002;Avinyó;total;homes;població;;1023
2002;Avinyó;total;dones;població;;1023
2002;Avinyó;total;total;població;;2046
2002;Avinyonet de Puigventós;total;homes;població;;417
2002;Avinyonet de Puigventós;total;dones;població;;388
2002;Avinyonet de Puigventós;total;total;població;;805
2002;Avinyonet del Penedès;total;homes;població;;694
2002;Avinyonet del Penedès;total;dones;població;;610
2002;Avinyonet del Penedès;total;total;població;;1304
2002;Badalona;total;homes;població;;104409
2002;Badalona;total;dones;població;;105961
2002;Badalona;total;total;població;;210370
2002;Badia del Vallès;total;homes;població;;7317
2002;Badia del Vallès;total;dones;població;;7283
2002;Badia del Vallès;total;total;població;;14600
2002;Bagà;total;homes;població;;1027
2002;Bagà;total;dones;població;;1106
2002;Bagà;total;total;població;;2133
2002;Baix Pallars;total;homes;població;;199
2002;Baix Pallars;total;dones;població;;151
2002;Baix Pallars;total;total;població;;350
2002;Balaguer;total;homes;població;;6754
2002;Balaguer;total;dones;població;;6964
2002;Balaguer;total;total;població;;13718
2002;Balenyà;total;homes;població;;1603
2002;Balenyà;total;dones;població;;1605
2002;Balenyà;total;total;població;;3208
2002;Balsareny;total;homes;població;;1602
2002;Balsareny;total;dones;població;;1636
2002;Balsareny;total;total;població;;3238
2002;Banyeres del Penedès;total;homes;població;;979
2002;Banyeres del Penedès;total;dones;població;;851
2002;Banyeres del Penedès;total;total;població;;1830
2002;Banyoles;total;homes;població;;7824
2002;Banyoles;total;dones;població;;7972
2002;Banyoles;total;total;població;;15796
2002;Barbens;total;homes;població;;415
2002;Barbens;total;dones;població;;386
2002;Barbens;total;total;població;;801
2002;Barberà de la Conca;total;homes;població;;214
2002;Barberà de la Conca;total;dones;població;;220
2002;Barberà de la Conca;total;total;població;;434
2002;Barberà del Vallès;total;homes;població;;13534
2002;Barberà del Vallès;total;dones;població;;13368
2002;Barberà del Vallès;total;total;població;;26902
2002;Barcelona;total;homes;població;;717654
2002;Barcelona;total;dones;població;;809536
2002;Barcelona;total;total;població;;1527190
2002;Baronia de Rialb, la;total;homes;població;;146
2002;Baronia de Rialb, la;total;dones;població;;130
2002;Baronia de Rialb, la;total;total;població;;276
2002;Bàscara;total;homes;població;;443
2002;Bàscara;total;dones;població;;402
2002;Bàscara;total;total;població;;845
2002;Bassella;total;homes;població;;154
2002;Bassella;total;dones;població;;152
2002;Bassella;total;total;població;;306
2002;Batea;total;homes;població;;1039
2002;Batea;total;dones;població;;992
2002;Batea;total;total;població;;2031
2002;Bausen;total;homes;població;;31
2002;Bausen;total;dones;població;;24
2002;Bausen;total;total;població;;55
2002;Begues;total;homes;població;;2381
2002;Begues;total;dones;població;;2394
2002;Begues;total;total;població;;4775
2002;Begur;total;homes;població;;1840
2002;Begur;total;dones;població;;1786
2002;Begur;total;total;població;;3626
2002;Belianes;total;homes;població;;289
2002;Belianes;total;dones;població;;301
2002;Belianes;total;total;població;;590
2002;Bellaguarda;total;homes;població;;178
2002;Bellaguarda;total;dones;població;;180
2002;Bellaguarda;total;total;població;;358
2002;Bellcaire d'Empordà;total;homes;població;;314
2002;Bellcaire d'Empordà;total;dones;població;;281
2002;Bellcaire d'Empordà;total;total;població;;595
2002;Bellcaire d'Urgell;total;homes;població;;599
2002;Bellcaire d'Urgell;total;dones;població;;658
2002;Bellcaire d'Urgell;total;total;població;;1257
2002;Bell-lloc d'Urgell;total;homes;població;;1052
2002;Bell-lloc d'Urgell;total;dones;població;;1070
2002;Bell-lloc d'Urgell;total;total;població;;2122
2002;Bellmunt d'Urgell;total;homes;població;;113
2002;Bellmunt d'Urgell;total;dones;població;;122
2002;Bellmunt d'Urgell;total;total;població;;235
2002;Bellmunt del Priorat;total;homes;població;;153
2002;Bellmunt del Priorat;total;dones;població;;158
2002;Bellmunt del Priorat;total;total;població;;311
2002;Bellprat;total;homes;població;;54
2002;Bellprat;total;dones;població;;40
2002;Bellprat;total;total;població;;94
2002;Bellpuig;total;homes;població;;2127
2002;Bellpuig;total;dones;població;;2073
2002;Bellpuig;total;total;població;;4200
2002;Bellvei;total;homes;població;;755
2002;Bellvei;total;dones;població;;676
2002;Bellvei;total;total;població;;1431
2002;Bellver de Cerdanya;total;homes;població;;887
2002;Bellver de Cerdanya;total;dones;població;;786
2002;Bellver de Cerdanya;total;total;població;;1673
2002;Bellvís;total;homes;població;;1091
2002;Bellvís;total;dones;població;;1083
2002;Bellvís;total;total;població;;2174
2002;Benavent de Segrià;total;homes;població;;528
2002;Benavent de Segrià;total;dones;població;;475
2002;Benavent de Segrià;total;total;població;;1003
2002;Benifallet;total;homes;població;;433
2002;Benifallet;total;dones;població;;430
2002;Benifallet;total;total;població;;863
2002;Benissanet;total;homes;població;;564
2002;Benissanet;total;dones;població;;513
2002;Benissanet;total;total;població;;1077
2002;Berga;total;homes;població;;7300
2002;Berga;total;dones;població;;7695
2002;Berga;total;total;població;;14995
2002;Besalú;total;homes;població;;1021
2002;Besalú;total;dones;població;;1052
2002;Besalú;total;total;població;;2073
2002;Bescanó;total;homes;població;;1715
2002;Bescanó;total;dones;població;;1704
2002;Bescanó;total;total;població;;3419
2002;Beuda;total;homes;població;;79
2002;Beuda;total;dones;població;;60
2002;Beuda;total;total;població;;139
2002;Bigues i Riells del Fai;total;homes;població;;3163
2002;Bigues i Riells del Fai;total;dones;població;;2869
2002;Bigues i Riells del Fai;total;total;població;;6032
2002;Biosca;total;homes;població;;125
2002;Biosca;total;dones;població;;120
2002;Biosca;total;total;població;;245
2002;Bisbal d'Empordà, la;total;homes;població;;4114
2002;Bisbal d'Empordà, la;total;dones;població;;4174
2002;Bisbal d'Empordà, la;total;total;població;;8288
2002;Bisbal de Montsant, la;total;homes;població;;131
2002;Bisbal de Montsant, la;total;dones;població;;119
2002;Bisbal de Montsant, la;total;total;població;;250
2002;Bisbal del Penedès, la;total;homes;població;;1177
2002;Bisbal del Penedès, la;total;dones;població;;1032
2002;Bisbal del Penedès, la;total;total;població;;2209
2002;Biure;total;homes;població;;112
2002;Biure;total;dones;població;;115
2002;Biure;total;total;població;;227
2002;Blancafort;total;homes;població;;216
2002;Blancafort;total;dones;població;;191
2002;Blancafort;total;total;població;;407
2002;Blanes;total;homes;població;;16595
2002;Blanes;total;dones;població;;16331
2002;Blanes;total;total;població;;32926
2002;Boadella i les Escaules;total;homes;població;;110
2002;Boadella i les Escaules;total;dones;població;;116
2002;Boadella i les Escaules;total;total;població;;226
2002;Bolvir;total;homes;població;;139
2002;Bolvir;total;dones;població;;138
2002;Bolvir;total;total;població;;277
2002;Bonastre;total;homes;població;;205
2002;Bonastre;total;dones;població;;182
2002;Bonastre;total;total;població;;387
2002;Bòrdes, Es;total;homes;població;;115
2002;Bòrdes, Es;total;dones;població;;107
2002;Bòrdes, Es;total;total;població;;222
2002;Bordils;total;homes;població;;685
2002;Bordils;total;dones;població;;708
2002;Bordils;total;total;població;;1393
2002;Borges Blanques, les;total;homes;població;;2659
2002;Borges Blanques, les;total;dones;població;;2654
2002;Borges Blanques, les;total;total;població;;5313
2002;Borges del Camp, les;total;homes;població;;833
2002;Borges del Camp, les;total;dones;població;;833
2002;Borges del Camp, les;total;total;població;;1666
2002;Borrassà;total;homes;població;;267
2002;Borrassà;total;dones;població;;267
2002;Borrassà;total;total;població;;534
2002;Borredà;total;homes;població;;254
2002;Borredà;total;dones;població;;243
2002;Borredà;total;total;població;;497
2002;Bossòst;total;homes;població;;498
2002;Bossòst;total;dones;població;;468
2002;Bossòst;total;total;població;;966
2002;Bot;total;homes;població;;411
2002;Bot;total;dones;població;;398
2002;Bot;total;total;població;;809
2002;Botarell;total;homes;població;;386
2002;Botarell;total;dones;població;;363
2002;Botarell;total;total;població;;749
2002;Bovera;total;homes;població;;191
2002;Bovera;total;dones;població;;194
2002;Bovera;total;total;població;;385
2002;Bràfim;total;homes;població;;275
2002;Bràfim;total;dones;població;;305
2002;Bràfim;total;total;població;;580
2002;Breda;total;homes;població;;1780
2002;Breda;total;dones;població;;1704
2002;Breda;total;total;població;;3484
2002;Bruc, el;total;homes;població;;687
2002;Bruc, el;total;dones;població;;615
2002;Bruc, el;total;total;població;;1302
2002;Brull, el;total;homes;població;;105
2002;Brull, el;total;dones;població;;88
2002;Brull, el;total;total;població;;193
2002;Brunyola i Sant Martí Sapresa;total;homes;població;;185
2002;Brunyola i Sant Martí Sapresa;total;dones;població;;179
2002;Brunyola i Sant Martí Sapresa;total;total;població;;364
2002;Cabacés;total;homes;població;;180
2002;Cabacés;total;dones;població;;162
2002;Cabacés;total;total;població;;342
2002;Cabanabona;total;homes;població;;45
2002;Cabanabona;total;dones;població;;53
2002;Cabanabona;total;total;població;;98
2002;Cabanelles;total;homes;població;;134
2002;Cabanelles;total;dones;població;;96
2002;Cabanelles;total;total;població;;230
2002;Cabanes;total;homes;població;;414
2002;Cabanes;total;dones;població;;382
2002;Cabanes;total;total;població;;796
2002;Cabanyes, les;total;homes;població;;307
2002;Cabanyes, les;total;dones;població;;278
2002;Cabanyes, les;total;total;població;;585
2002;Cabó;total;homes;població;;65
2002;Cabó;total;dones;població;;53
2002;Cabó;total;total;població;;118
2002;Cabra del Camp;total;homes;població;;354
2002;Cabra del Camp;total;dones;població;;314
2002;Cabra del Camp;total;total;població;;668
2002;Cabrera d'Anoia;total;homes;població;;360
2002;Cabrera d'Anoia;total;dones;població;;289
2002;Cabrera d'Anoia;total;total;població;;649
2002;Cabrera de Mar;total;homes;població;;1944
2002;Cabrera de Mar;total;dones;població;;1919
2002;Cabrera de Mar;total;total;població;;3863
2002;Cabrils;total;homes;població;;2595
2002;Cabrils;total;dones;població;;2687
2002;Cabrils;total;total;població;;5282
2002;Cadaqués;total;homes;població;;1217
2002;Cadaqués;total;dones;població;;1270
2002;Cadaqués;total;total;població;;2487
2002;Calaf;total;homes;població;;1564
2002;Calaf;total;dones;població;;1516
2002;Calaf;total;total;població;;3080
2002;Calafell;total;homes;població;;7405
2002;Calafell;total;dones;població;;7232
2002;Calafell;total;total;població;;14637
2002;Calders;total;homes;població;;409
2002;Calders;total;dones;població;;379
2002;Calders;total;total;població;;788
2002;Caldes d'Estrac;total;homes;població;;1043
2002;Caldes d'Estrac;total;dones;població;;1094
2002;Caldes d'Estrac;total;total;població;;2137
2002;Caldes de Malavella;total;homes;població;;2201
2002;Caldes de Malavella;total;dones;població;;2164
2002;Caldes de Malavella;total;total;població;;4365
2002;Caldes de Montbui;total;homes;població;;6594
2002;Caldes de Montbui;total;dones;població;;6650
2002;Caldes de Montbui;total;total;població;;13244
2002;Calella;total;homes;població;;7107
2002;Calella;total;dones;població;;7423
2002;Calella;total;total;població;;14530
2002;Calldetenes;total;homes;població;;1069
2002;Calldetenes;total;dones;població;;1014
2002;Calldetenes;total;total;població;;2083
2002;Callús;total;homes;població;;670
2002;Callús;total;dones;població;;696
2002;Callús;total;total;població;;1366
2002;Calonge de Segarra;total;homes;població;;103
2002;Calonge de Segarra;total;dones;població;;95
2002;Calonge de Segarra;total;total;població;;198
2002;Calonge i Sant Antoni;total;homes;població;;3884
2002;Calonge i Sant Antoni;total;dones;població;;3800
2002;Calonge i Sant Antoni;total;total;població;;7684
2002;Camarasa;total;homes;població;;453
2002;Camarasa;total;dones;població;;429
2002;Camarasa;total;total;població;;882
2002;Camarles;total;homes;població;;1493
2002;Camarles;total;dones;població;;1482
2002;Camarles;total;total;població;;2975
2002;Cambrils;total;homes;població;;11132
2002;Cambrils;total;dones;població;;11083
2002;Cambrils;total;total;població;;22215
2002;Camós;total;homes;població;;331
2002;Camós;total;dones;població;;308
2002;Camós;total;total;població;;639
2002;Campdevànol;total;homes;població;;1682
2002;Campdevànol;total;dones;població;;1730
2002;Campdevànol;total;total;població;;3412
2002;Campelles;total;homes;població;;68
2002;Campelles;total;dones;població;;60
2002;Campelles;total;total;població;;128
2002;Campins;total;homes;població;;158
2002;Campins;total;dones;població;;147
2002;Campins;total;total;població;;305
2002;Campllong;total;homes;població;;166
2002;Campllong;total;dones;població;;151
2002;Campllong;total;total;població;;317
2002;Camprodon;total;homes;població;;1141
2002;Camprodon;total;dones;població;;1171
2002;Camprodon;total;total;població;;2312
2002;Canejan;total;homes;població;;55
2002;Canejan;total;dones;població;;54
2002;Canejan;total;total;població;;109
2002;Canet d'Adri;total;homes;població;;274
2002;Canet d'Adri;total;dones;població;;253
2002;Canet d'Adri;total;total;població;;527
2002;Canet de Mar;total;homes;població;;5471
2002;Canet de Mar;total;dones;població;;5594
2002;Canet de Mar;total;total;població;;11065
2002;Canonja, la;total;homes;població;..; 
2002;Canonja, la;total;dones;població;..; 
2002;Canonja, la;total;total;població;..; 
2002;Canovelles;total;homes;població;;6843
2002;Canovelles;total;dones;població;;6532
2002;Canovelles;total;total;població;;13375
2002;Cànoves i Samalús;total;homes;població;;1102
2002;Cànoves i Samalús;total;dones;població;;964
2002;Cànoves i Samalús;total;total;població;;2066
2002;Cantallops;total;homes;població;;128
2002;Cantallops;total;dones;població;;135
2002;Cantallops;total;total;població;;263
2002;Canyelles;total;homes;població;;1214
2002;Canyelles;total;dones;població;;1054
2002;Canyelles;total;total;població;;2268
2002;Capafonts;total;homes;població;;66
2002;Capafonts;total;dones;població;;58
2002;Capafonts;total;total;població;;124
2002;Capçanes;total;homes;població;;193
2002;Capçanes;total;dones;població;;220
2002;Capçanes;total;total;població;;413
2002;Capellades;total;homes;població;;2475
2002;Capellades;total;dones;població;;2574
2002;Capellades;total;total;població;;5049
2002;Capmany;total;homes;població;;247
2002;Capmany;total;dones;població;;246
2002;Capmany;total;total;població;;493
2002;Capolat;total;homes;població;;32
2002;Capolat;total;dones;població;;22
2002;Capolat;total;total;població;;54
2002;Cardedeu;total;homes;població;;6569
2002;Cardedeu;total;dones;població;;6598
2002;Cardedeu;total;total;població;;13167
2002;Cardona;total;homes;població;;2623
2002;Cardona;total;dones;població;;2776
2002;Cardona;total;total;població;;5399
2002;Carme;total;homes;població;;343
2002;Carme;total;dones;població;;327
2002;Carme;total;total;població;;670
2002;Caseres;total;homes;població;;156
2002;Caseres;total;dones;població;;170
2002;Caseres;total;total;població;;326
2002;Cassà de la Selva;total;homes;població;;4026
2002;Cassà de la Selva;total;dones;població;;3990
2002;Cassà de la Selva;total;total;població;;8016
2002;Casserres;total;homes;població;;745
2002;Casserres;total;dones;població;;817
2002;Casserres;total;total;població;;1562
2002;Castell d'Aro, Platja d'Aro i s'Agaró;total;homes;població;;3903
2002;Castell d'Aro, Platja d'Aro i s'Agaró;total;dones;població;;3788
2002;Castell d'Aro, Platja d'Aro i s'Agaró;total;total;població;;7691
2002;Castell de l'Areny;total;homes;població;;37
2002;Castell de l'Areny;total;dones;població;;24
2002;Castell de l'Areny;total;total;població;;61
2002;Castell de Mur;total;homes;població;;80
2002;Castell de Mur;total;dones;població;;71
2002;Castell de Mur;total;total;població;;151
2002;Castellar de la Ribera;total;homes;població;;65
2002;Castellar de la Ribera;total;dones;població;;79
2002;Castellar de la Ribera;total;total;població;;144
2002;Castellar de n'Hug;total;homes;població;;101
2002;Castellar de n'Hug;total;dones;població;;91
2002;Castellar de n'Hug;total;total;població;;192
2002;Castellar del Riu;total;homes;població;;73
2002;Castellar del Riu;total;dones;població;;51
2002;Castellar del Riu;total;total;població;;124
2002;Castellar del Vallès;total;homes;població;;9350
2002;Castellar del Vallès;total;dones;població;;9294
2002;Castellar del Vallès;total;total;població;;18644
2002;Castellbell i el Vilar;total;homes;població;;1549
2002;Castellbell i el Vilar;total;dones;població;;1486
2002;Castellbell i el Vilar;total;total;població;;3035
2002;Castellbisbal;total;homes;població;;4808
2002;Castellbisbal;total;dones;població;;4536
2002;Castellbisbal;total;total;població;;9344
2002;Castellcir;total;homes;població;;236
2002;Castellcir;total;dones;població;;183
2002;Castellcir;total;total;població;;419
2002;Castelldans;total;homes;població;;507
2002;Castelldans;total;dones;població;;460
2002;Castelldans;total;total;població;;967
2002;Castelldefels;total;homes;població;;24468
2002;Castelldefels;total;dones;població;;24514
2002;Castelldefels;total;total;població;;48982
2002;Castellet i la Gornal;total;homes;població;;763
2002;Castellet i la Gornal;total;dones;població;;745
2002;Castellet i la Gornal;total;total;població;;1508
2002;Castellfollit de la Roca;total;homes;població;;512
2002;Castellfollit de la Roca;total;dones;població;;489
2002;Castellfollit de la Roca;total;total;població;;1001
2002;Castellfollit de Riubregós;total;homes;població;;112
2002;Castellfollit de Riubregós;total;dones;població;;112
2002;Castellfollit de Riubregós;total;total;població;;224
2002;Castellfollit del Boix;total;homes;població;;186
2002;Castellfollit del Boix;total;dones;població;;199
2002;Castellfollit del Boix;total;total;població;;385
2002;Castellgalí;total;homes;població;;524
2002;Castellgalí;total;dones;població;;469
2002;Castellgalí;total;total;població;;993
2002;Castellnou de Bages;total;homes;població;;334
2002;Castellnou de Bages;total;dones;població;;291
2002;Castellnou de Bages;total;total;població;;625
2002;Castellnou de Seana;total;homes;població;;382
2002;Castellnou de Seana;total;dones;població;;341
2002;Castellnou de Seana;total;total;població;;723
2002;Castelló d'Empúries;total;homes;població;;3910
2002;Castelló d'Empúries;total;dones;població;;3620
2002;Castelló d'Empúries;total;total;població;;7530
2002;Castelló de Farfanya;total;homes;població;;286
2002;Castelló de Farfanya;total;dones;població;;296
2002;Castelló de Farfanya;total;total;població;;582
2002;Castellolí;total;homes;població;;219
2002;Castellolí;total;dones;població;;215
2002;Castellolí;total;total;població;;434
2002;Castellserà;total;homes;població;;548
2002;Castellserà;total;dones;població;;562
2002;Castellserà;total;total;població;;1110
2002;Castellterçol;total;homes;població;;1027
2002;Castellterçol;total;dones;població;;1079
2002;Castellterçol;total;total;població;;2106
2002;Castellvell del Camp;total;homes;població;;705
2002;Castellvell del Camp;total;dones;població;;683
2002;Castellvell del Camp;total;total;població;;1388
2002;Castellví de la Marca;total;homes;població;;744
2002;Castellví de la Marca;total;dones;població;;722
2002;Castellví de la Marca;total;total;població;;1466
2002;Castellví de Rosanes;total;homes;població;;610
2002;Castellví de Rosanes;total;dones;població;;585
2002;Castellví de Rosanes;total;total;població;;1195
2002;Catllar, el;total;homes;població;;1394
2002;Catllar, el;total;dones;població;;1297
2002;Catllar, el;total;total;població;;2691
2002;Cava;total;homes;població;;34
2002;Cava;total;dones;població;;24
2002;Cava;total;total;població;;58
2002;Cellera de Ter, la;total;homes;població;;1043
2002;Cellera de Ter, la;total;dones;població;;1019
2002;Cellera de Ter, la;total;total;població;;2062
2002;Celrà;total;homes;població;;1416
2002;Celrà;total;dones;població;;1444
2002;Celrà;total;total;població;;2860
2002;Centelles;total;homes;població;;2916
2002;Centelles;total;dones;població;;3023
2002;Centelles;total;total;població;;5939
2002;Cercs;total;homes;població;;717
2002;Cercs;total;dones;població;;697
2002;Cercs;total;total;població;;1414
2002;Cerdanyola del Vallès;total;homes;població;;27218
2002;Cerdanyola del Vallès;total;dones;població;;27186
2002;Cerdanyola del Vallès;total;total;població;;54404
2002;Cervelló;total;homes;població;;3319
2002;Cervelló;total;dones;població;;3209
2002;Cervelló;total;total;població;;6528
2002;Cervera;total;homes;població;;4126
2002;Cervera;total;dones;població;;3997
2002;Cervera;total;total;població;;8123
2002;Cervià de les Garrigues;total;homes;població;;449
2002;Cervià de les Garrigues;total;dones;població;;425
2002;Cervià de les Garrigues;total;total;població;;874
2002;Cervià de Ter;total;homes;població;;337
2002;Cervià de Ter;total;dones;població;;335
2002;Cervià de Ter;total;total;població;;672
2002;Cistella;total;homes;població;;112
2002;Cistella;total;dones;població;;110
2002;Cistella;total;total;població;;222
2002;Ciutadilla;total;homes;població;;105
2002;Ciutadilla;total;dones;població;;97
2002;Ciutadilla;total;total;població;;202
2002;Clariana de Cardener;total;homes;població;;77
2002;Clariana de Cardener;total;dones;població;;71
2002;Clariana de Cardener;total;total;població;;148
2002;Cogul, el;total;homes;població;;126
2002;Cogul, el;total;dones;població;;110
2002;Cogul, el;total;total;població;;236
2002;Colera;total;homes;població;;288
2002;Colera;total;dones;població;;287
2002;Colera;total;total;població;;575
2002;Coll de Nargó;total;homes;població;;315
2002;Coll de Nargó;total;dones;població;;284
2002;Coll de Nargó;total;total;població;;599
2002;Collbató;total;homes;població;;1341
2002;Collbató;total;dones;població;;1178
2002;Collbató;total;total;població;;2519
2002;Colldejou;total;homes;població;;107
2002;Colldejou;total;dones;població;;89
2002;Colldejou;total;total;població;;196
2002;Collsuspina;total;homes;població;;146
2002;Collsuspina;total;dones;població;;127
2002;Collsuspina;total;total;població;;273
2002;Colomers;total;homes;població;;101
2002;Colomers;total;dones;població;;98
2002;Colomers;total;total;població;;199
2002;Coma i la Pedra, la;total;homes;població;;148
2002;Coma i la Pedra, la;total;dones;població;;97
2002;Coma i la Pedra, la;total;total;població;;245
2002;Conca de Dalt;total;homes;població;;216
2002;Conca de Dalt;total;dones;població;;209
2002;Conca de Dalt;total;total;població;;425
2002;Conesa;total;homes;població;;74
2002;Conesa;total;dones;població;;62
2002;Conesa;total;total;població;;136
2002;Constantí;total;homes;població;;2733
2002;Constantí;total;dones;població;;2473
2002;Constantí;total;total;població;;5206
2002;Copons;total;homes;població;;135
2002;Copons;total;dones;població;;152
2002;Copons;total;total;població;;287
2002;Corbera d'Ebre;total;homes;població;;546
2002;Corbera d'Ebre;total;dones;població;;497
2002;Corbera d'Ebre;total;total;població;;1043
2002;Corbera de Llobregat;total;homes;població;;5201
2002;Corbera de Llobregat;total;dones;població;;4993
2002;Corbera de Llobregat;total;total;població;;10194
2002;Corbins;total;homes;població;;573
2002;Corbins;total;dones;població;;537
2002;Corbins;total;total;població;;1110
2002;Corçà;total;homes;població;;587
2002;Corçà;total;dones;població;;571
2002;Corçà;total;total;població;;1158
2002;Cornellà de Llobregat;total;homes;població;;40490
2002;Cornellà de Llobregat;total;dones;població;;41391
2002;Cornellà de Llobregat;total;total;població;;81881
2002;Cornellà del Terri;total;homes;població;;964
2002;Cornellà del Terri;total;dones;població;;954
2002;Cornellà del Terri;total;total;població;;1918
2002;Cornudella de Montsant;total;homes;població;;441
2002;Cornudella de Montsant;total;dones;població;;432
2002;Cornudella de Montsant;total;total;població;;873
2002;Creixell;total;homes;població;;1112
2002;Creixell;total;dones;població;;1085
2002;Creixell;total;total;població;;2197
2002;Crespià;total;homes;població;;106
2002;Crespià;total;dones;població;;120
2002;Crespià;total;total;població;;226
2002;Cruïlles, Monells i Sant Sadurní de l'Heura;total;homes;població;;576
2002;Cruïlles, Monells i Sant Sadurní de l'Heura;total;dones;població;;574
2002;Cruïlles, Monells i Sant Sadurní de l'Heura;total;total;població;;1150
2002;Cubelles;total;homes;població;;3946
2002;Cubelles;total;dones;població;;3787
2002;Cubelles;total;total;població;;7733
2002;Cubells;total;homes;població;;190
2002;Cubells;total;dones;població;;188
2002;Cubells;total;total;població;;378
2002;Cunit;total;homes;població;;3525
2002;Cunit;total;dones;població;;3303
2002;Cunit;total;total;població;;6828
2002;Darnius;total;homes;població;;277
2002;Darnius;total;dones;població;;242
2002;Darnius;total;total;població;;519
2002;Das;total;homes;població;;87
2002;Das;total;dones;població;;70
2002;Das;total;total;població;;157
2002;Deltebre;total;homes;població;;5319
2002;Deltebre;total;dones;població;;5222
2002;Deltebre;total;total;població;;10541
2002;Dosrius;total;homes;població;;1670
2002;Dosrius;total;dones;població;;1623
2002;Dosrius;total;total;població;;3293
2002;Duesaigües;total;homes;població;;122
2002;Duesaigües;total;dones;població;;80
2002;Duesaigües;total;total;població;;202
2002;Escala, l';total;homes;població;;3220
2002;Escala, l';total;dones;població;;3178
2002;Escala, l';total;total;població;;6398
2002;Esparreguera;total;homes;població;;9498
2002;Esparreguera;total;dones;població;;9210
2002;Esparreguera;total;total;població;;18708
2002;Espinelves;total;homes;població;;93
2002;Espinelves;total;dones;població;;89
2002;Espinelves;total;total;població;;182
2002;Espluga Calba, l';total;homes;població;;231
2002;Espluga Calba, l';total;dones;població;;198
2002;Espluga Calba, l';total;total;població;;429
2002;Espluga de Francolí, l';total;homes;població;;1822
2002;Espluga de Francolí, l';total;dones;població;;1842
2002;Espluga de Francolí, l';total;total;població;;3664
2002;Esplugues de Llobregat;total;homes;població;;22618
2002;Esplugues de Llobregat;total;dones;població;;23370
2002;Esplugues de Llobregat;total;total;població;;45988
2002;Espolla;total;homes;població;;192
2002;Espolla;total;dones;població;;190
2002;Espolla;total;total;població;;382
2002;Esponellà;total;homes;població;;189
2002;Esponellà;total;dones;població;;203
2002;Esponellà;total;total;població;;392
2002;Espot;total;homes;població;;171
2002;Espot;total;dones;població;;149
2002;Espot;total;total;població;;320
2002;Espunyola, l';total;homes;població;;140
2002;Espunyola, l';total;dones;població;;135
2002;Espunyola, l';total;total;població;;275
2002;Esquirol, l';total;homes;població;;1070
2002;Esquirol, l';total;dones;població;;1069
2002;Esquirol, l';total;total;població;;2139
2002;Estamariu;total;homes;població;;68
2002;Estamariu;total;dones;població;;59
2002;Estamariu;total;total;població;;127
2002;Estany, l';total;homes;població;;189
2002;Estany, l';total;dones;població;;215
2002;Estany, l';total;total;població;;404
2002;Estaràs;total;homes;població;;104
2002;Estaràs;total;dones;població;;89
2002;Estaràs;total;total;població;;193
2002;Esterri d'Àneu;total;homes;població;;329
2002;Esterri d'Àneu;total;dones;població;;348
2002;Esterri d'Àneu;total;total;població;;677
2002;Esterri de Cardós;total;homes;població;;38
2002;Esterri de Cardós;total;dones;població;;39
2002;Esterri de Cardós;total;total;població;;77
2002;Falset;total;homes;població;;1322
2002;Falset;total;dones;població;;1259
2002;Falset;total;total;població;;2581
2002;Far d'Empordà, el;total;homes;població;;206
2002;Far d'Empordà, el;total;dones;població;;191
2002;Far d'Empordà, el;total;total;població;;397
2002;Farrera;total;homes;població;;57
2002;Farrera;total;dones;població;;38
2002;Farrera;total;total;població;;95
2002;Fatarella, la;total;homes;població;;604
2002;Fatarella, la;total;dones;població;;598
2002;Fatarella, la;total;total;població;;1202
2002;Febró, la;total;homes;població;;41
2002;Febró, la;total;dones;població;;22
2002;Febró, la;total;total;població;;63
2002;Figaró-Montmany;total;homes;població;;472
2002;Figaró-Montmany;total;dones;població;;429
2002;Figaró-Montmany;total;total;població;;901
2002;Fígols;total;homes;població;;30
2002;Fígols;total;dones;població;;22
2002;Fígols;total;total;població;;52
2002;Fígols i Alinyà;total;homes;població;;147
2002;Fígols i Alinyà;total;dones;població;;127
2002;Fígols i Alinyà;total;total;població;;274
2002;Figuera, la;total;homes;població;;65
2002;Figuera, la;total;dones;població;;59
2002;Figuera, la;total;total;població;;124
2002;Figueres;total;homes;població;;17109
2002;Figueres;total;dones;població;;18065
2002;Figueres;total;total;població;;35174
2002;Figuerola del Camp;total;homes;població;;144
2002;Figuerola del Camp;total;dones;població;;157
2002;Figuerola del Camp;total;total;població;;301
2002;Flaçà;total;homes;població;;445
2002;Flaçà;total;dones;població;;439
2002;Flaçà;total;total;població;;884
2002;Flix;total;homes;població;;2051
2002;Flix;total;dones;població;;2025
2002;Flix;total;total;població;;4076
2002;Floresta, la;total;homes;població;;103
2002;Floresta, la;total;dones;població;;89
2002;Floresta, la;total;total;població;;192
2002;Fogars de la Selva;total;homes;població;;417
2002;Fogars de la Selva;total;dones;població;;369
2002;Fogars de la Selva;total;total;població;;786
2002;Fogars de Montclús;total;homes;població;;198
2002;Fogars de Montclús;total;dones;població;;167
2002;Fogars de Montclús;total;total;població;;365
2002;Foixà;total;homes;població;;152
2002;Foixà;total;dones;població;;167
2002;Foixà;total;total;població;;319
2002;Folgueroles;total;homes;població;;863
2002;Folgueroles;total;dones;població;;861
2002;Folgueroles;total;total;població;;1724
2002;Fondarella;total;homes;població;;351
2002;Fondarella;total;dones;població;;343
2002;Fondarella;total;total;població;;694
2002;Fonollosa;total;homes;població;;542
2002;Fonollosa;total;dones;població;;519
2002;Fonollosa;total;total;població;;1061
2002;Fontanals de Cerdanya;total;homes;població;;204
2002;Fontanals de Cerdanya;total;dones;població;;224
2002;Fontanals de Cerdanya;total;total;població;;428
2002;Fontanilles;total;homes;població;;87
2002;Fontanilles;total;dones;població;;60
2002;Fontanilles;total;total;població;;147
2002;Fontcoberta;total;homes;població;;573
2002;Fontcoberta;total;dones;població;;603
2002;Fontcoberta;total;total;població;;1176
2002;Font-rubí;total;homes;població;;680
2002;Font-rubí;total;dones;població;;623
2002;Font-rubí;total;total;població;;1303
2002;Foradada;total;homes;població;;119
2002;Foradada;total;dones;població;;82
2002;Foradada;total;total;població;;201
2002;Forallac;total;homes;població;;833
2002;Forallac;total;dones;població;;850
2002;Forallac;total;total;població;;1683
2002;Forès;total;homes;població;;32
2002;Forès;total;dones;població;;30
2002;Forès;total;total;població;;62
2002;Fornells de la Selva;total;homes;població;;776
2002;Fornells de la Selva;total;dones;població;;840
2002;Fornells de la Selva;total;total;població;;1616
2002;Fortià;total;homes;població;;259
2002;Fortià;total;dones;població;;272
2002;Fortià;total;total;població;;531
2002;Franqueses del Vallès, les;total;homes;població;;6844
2002;Franqueses del Vallès, les;total;dones;població;;6737
2002;Franqueses del Vallès, les;total;total;població;;13581
2002;Freginals;total;homes;població;;203
2002;Freginals;total;dones;població;;186
2002;Freginals;total;total;població;;389
2002;Fuliola, la;total;homes;població;;629
2002;Fuliola, la;total;dones;població;;624
2002;Fuliola, la;total;total;població;;1253
2002;Fulleda;total;homes;població;;59
2002;Fulleda;total;dones;població;;54
2002;Fulleda;total;total;població;;113
2002;Gaià;total;homes;població;;79
2002;Gaià;total;dones;població;;71
2002;Gaià;total;total;població;;150
2002;Galera, la;total;homes;població;;373
2002;Galera, la;total;dones;població;;377
2002;Galera, la;total;total;població;;750
2002;Gallifa;total;homes;població;;107
2002;Gallifa;total;dones;població;;93
2002;Gallifa;total;total;població;;200
2002;Gandesa;total;homes;població;;1374
2002;Gandesa;total;dones;població;;1323
2002;Gandesa;total;total;població;;2697
2002;Garcia;total;homes;població;;266
2002;Garcia;total;dones;població;;245
2002;Garcia;total;total;població;;511
2002;Garidells, els;total;homes;població;;82
2002;Garidells, els;total;dones;població;;76
2002;Garidells, els;total;total;població;;158
2002;Garriga, la;total;homes;població;;6011
2002;Garriga, la;total;dones;població;;6322
2002;Garriga, la;total;total;població;;12333
2002;Garrigàs;total;homes;població;;174
2002;Garrigàs;total;dones;població;;137
2002;Garrigàs;total;total;població;;311
2002;Garrigoles;total;homes;població;;82
2002;Garrigoles;total;dones;població;;68
2002;Garrigoles;total;total;població;;150
2002;Garriguella;total;homes;població;;375
2002;Garriguella;total;dones;població;;350
2002;Garriguella;total;total;població;;725
2002;Gavà;total;homes;població;;20564
2002;Gavà;total;dones;població;;20598
2002;Gavà;total;total;població;;41162
2002;Gavet de la Conca;total;homes;població;;155
2002;Gavet de la Conca;total;dones;població;;161
2002;Gavet de la Conca;total;total;població;;316
2002;Gelida;total;homes;població;;2381
2002;Gelida;total;dones;població;;2301
2002;Gelida;total;total;població;;4682
2002;Ger;total;homes;població;;209
2002;Ger;total;dones;població;;192
2002;Ger;total;total;població;;401
2002;Gimenells i el Pla de la Font;total;homes;població;;568
2002;Gimenells i el Pla de la Font;total;dones;població;;521
2002;Gimenells i el Pla de la Font;total;total;població;;1089
2002;Ginestar;total;homes;població;;425
2002;Ginestar;total;dones;població;;422
2002;Ginestar;total;total;població;;847
2002;Girona;total;homes;població;;37364
2002;Girona;total;dones;població;;40111
2002;Girona;total;total;població;;77475
2002;Gironella;total;homes;població;;2385
2002;Gironella;total;dones;població;;2514
2002;Gironella;total;total;població;;4899
2002;Gisclareny;total;homes;població;;16
2002;Gisclareny;total;dones;població;;14
2002;Gisclareny;total;total;població;;30
2002;Godall;total;homes;població;;379
2002;Godall;total;dones;població;;362
2002;Godall;total;total;població;;741
2002;Golmés;total;homes;població;;724
2002;Golmés;total;dones;població;;707
2002;Golmés;total;total;població;;1431
2002;Gombrèn;total;homes;població;;108
2002;Gombrèn;total;dones;població;;124
2002;Gombrèn;total;total;població;;232
2002;Gósol;total;homes;població;;126
2002;Gósol;total;dones;població;;109
2002;Gósol;total;total;població;;235
2002;Granada, la;total;homes;població;;708
2002;Granada, la;total;dones;població;;721
2002;Granada, la;total;total;població;;1429
2002;Granadella, la;total;homes;població;;412
2002;Granadella, la;total;dones;població;;387
2002;Granadella, la;total;total;població;;799
2002;Granera;total;homes;població;;45
2002;Granera;total;dones;població;;21
2002;Granera;total;total;població;;66
2002;Granja d'Escarp, la;total;homes;població;;584
2002;Granja d'Escarp, la;total;dones;població;;509
2002;Granja d'Escarp, la;total;total;població;;1093
2002;Granollers;total;homes;població;;26857
2002;Granollers;total;dones;població;;27777
2002;Granollers;total;total;població;;54634
2002;Granyanella;total;homes;població;;73
2002;Granyanella;total;dones;població;;64
2002;Granyanella;total;total;població;;137
2002;Granyena de les Garrigues;total;homes;població;;82
2002;Granyena de les Garrigues;total;dones;població;;74
2002;Granyena de les Garrigues;total;total;població;;156
2002;Granyena de Segarra;total;homes;població;;75
2002;Granyena de Segarra;total;dones;població;;72
2002;Granyena de Segarra;total;total;població;;147
2002;Gratallops;total;homes;població;;121
2002;Gratallops;total;dones;població;;107
2002;Gratallops;total;total;població;;228
2002;Gualba;total;homes;població;;441
2002;Gualba;total;dones;població;;416
2002;Gualba;total;total;població;;857
2002;Gualta;total;homes;població;;187
2002;Gualta;total;dones;població;;147
2002;Gualta;total;total;població;;334
2002;Guardiola de Berguedà;total;homes;població;;496
2002;Guardiola de Berguedà;total;dones;població;;468
2002;Guardiola de Berguedà;total;total;població;;964
2002;Guiamets, els;total;homes;població;;158
2002;Guiamets, els;total;dones;població;;150
2002;Guiamets, els;total;total;població;;308
2002;Guils de Cerdanya;total;homes;població;;172
2002;Guils de Cerdanya;total;dones;població;;166
2002;Guils de Cerdanya;total;total;població;;338
2002;Guimerà;total;homes;població;;194
2002;Guimerà;total;dones;població;;189
2002;Guimerà;total;total;població;;383
2002;Guingueta d'Àneu, la;total;homes;població;;175
2002;Guingueta d'Àneu, la;total;dones;població;;153
2002;Guingueta d'Àneu, la;total;total;població;;328
2002;Guissona;total;homes;població;;1959
2002;Guissona;total;dones;població;;1786
2002;Guissona;total;total;població;;3745
2002;Guixers;total;homes;població;;93
2002;Guixers;total;dones;població;;60
2002;Guixers;total;total;població;;153
2002;Gurb;total;homes;població;;1004
2002;Gurb;total;dones;població;;989
2002;Gurb;total;total;població;;1993
2002;Horta de Sant Joan;total;homes;població;;644
2002;Horta de Sant Joan;total;dones;població;;573
2002;Horta de Sant Joan;total;total;població;;1217
2002;Hospitalet de Llobregat, l';total;homes;població;;119644
2002;Hospitalet de Llobregat, l';total;dones;població;;124679
2002;Hospitalet de Llobregat, l';total;total;població;;244323
2002;Hostalets de Pierola, els;total;homes;població;;760
2002;Hostalets de Pierola, els;total;dones;població;;700
2002;Hostalets de Pierola, els;total;total;població;;1460
2002;Hostalric;total;homes;població;;1438
2002;Hostalric;total;dones;població;;1467
2002;Hostalric;total;total;població;;2905
2002;Igualada;total;homes;població;;16282
2002;Igualada;total;dones;població;;17100
2002;Igualada;total;total;població;;33382
2002;Isona i Conca Dellà;total;homes;població;;648
2002;Isona i Conca Dellà;total;dones;població;;566
2002;Isona i Conca Dellà;total;total;població;;1214
2002;Isòvol;total;homes;població;;109
2002;Isòvol;total;dones;població;;89
2002;Isòvol;total;total;població;;198
2002;Ivars d'Urgell;total;homes;població;;934
2002;Ivars d'Urgell;total;dones;població;;865
2002;Ivars d'Urgell;total;total;població;;1799
2002;Ivars de Noguera;total;homes;població;;169
2002;Ivars de Noguera;total;dones;població;;160
2002;Ivars de Noguera;total;total;població;;329
2002;Ivorra;total;homes;població;;75
2002;Ivorra;total;dones;població;;84
2002;Ivorra;total;total;població;;159
2002;Jafre;total;homes;població;;161
2002;Jafre;total;dones;població;;152
2002;Jafre;total;total;població;;313
2002;Jonquera, la;total;homes;població;;1406
2002;Jonquera, la;total;dones;població;;1384
2002;Jonquera, la;total;total;població;;2790
2002;Jorba;total;homes;població;;292
2002;Jorba;total;dones;població;;325
2002;Jorba;total;total;població;;617
2002;Josa i Tuixén;total;homes;població;;83
2002;Josa i Tuixén;total;dones;població;;68
2002;Josa i Tuixén;total;total;població;;151
2002;Juià;total;homes;població;;128
2002;Juià;total;dones;població;;133
2002;Juià;total;total;població;;261
2002;Juncosa;total;homes;població;;353
2002;Juncosa;total;dones;població;;263
2002;Juncosa;total;total;població;;616
2002;Juneda;total;homes;població;;1489
2002;Juneda;total;dones;població;;1455
2002;Juneda;total;total;població;;2944
2002;Les;total;homes;població;;341
2002;Les;total;dones;població;;339
2002;Les;total;total;població;;680
2002;Linyola;total;homes;població;;1215
2002;Linyola;total;dones;població;;1223
2002;Linyola;total;total;població;;2438
2002;Llacuna, la;total;homes;població;;453
2002;Llacuna, la;total;dones;població;;404
2002;Llacuna, la;total;total;població;;857
2002;Lladó;total;homes;població;;267
2002;Lladó;total;dones;població;;258
2002;Lladó;total;total;població;;525
2002;Lladorre;total;homes;població;;114
2002;Lladorre;total;dones;població;;110
2002;Lladorre;total;total;població;;224
2002;Lladurs;total;homes;població;;117
2002;Lladurs;total;dones;població;;110
2002;Lladurs;total;total;població;;227
2002;Llagosta, la;total;homes;població;;6235
2002;Llagosta, la;total;dones;població;;6115
2002;Llagosta, la;total;total;població;;12350
2002;Llagostera;total;homes;població;;3114
2002;Llagostera;total;dones;població;;2958
2002;Llagostera;total;total;població;;6072
2002;Llambilles;total;homes;població;;253
2002;Llambilles;total;dones;població;;238
2002;Llambilles;total;total;població;;491
2002;Llanars;total;homes;població;;279
2002;Llanars;total;dones;població;;250
2002;Llanars;total;total;població;;529
2002;Llançà;total;homes;població;;2050
2002;Llançà;total;dones;població;;2079
2002;Llançà;total;total;població;;4129
2002;Llardecans;total;homes;població;;317
2002;Llardecans;total;dones;població;;297
2002;Llardecans;total;total;població;;614
2002;Llavorsí;total;homes;població;;141
2002;Llavorsí;total;dones;població;;145
2002;Llavorsí;total;total;població;;286
2002;Lleida;total;homes;població;;56101
2002;Lleida;total;dones;població;;58899
2002;Lleida;total;total;població;;115000
2002;Llers;total;homes;població;;529
2002;Llers;total;dones;població;;523
2002;Llers;total;total;població;;1052
2002;Lles de Cerdanya;total;homes;població;;153
2002;Lles de Cerdanya;total;dones;població;;117
2002;Lles de Cerdanya;total;total;població;;270
2002;Lliçà d'Amunt;total;homes;població;;5583
2002;Lliçà d'Amunt;total;dones;població;;5238
2002;Lliçà d'Amunt;total;total;població;;10821
2002;Lliçà de Vall;total;homes;població;;2775
2002;Lliçà de Vall;total;dones;població;;2621
2002;Lliçà de Vall;total;total;població;;5396
2002;Llimiana;total;homes;població;;75
2002;Llimiana;total;dones;població;;66
2002;Llimiana;total;total;població;;141
2002;Llinars del Vallès;total;homes;població;;3695
2002;Llinars del Vallès;total;dones;població;;3668
2002;Llinars del Vallès;total;total;població;;7363
2002;Llívia;total;homes;població;;600
2002;Llívia;total;dones;població;;533
2002;Llívia;total;total;població;;1133
2002;Lloar, el;total;homes;població;;64
2002;Lloar, el;total;dones;població;;59
2002;Lloar, el;total;total;població;;123
2002;Llobera;total;homes;població;;115
2002;Llobera;total;dones;població;;108
2002;Llobera;total;total;població;;223
2002;Llorac;total;homes;població;;60
2002;Llorac;total;dones;població;;66
2002;Llorac;total;total;població;;126
2002;Llorenç del Penedès;total;homes;població;;820
2002;Llorenç del Penedès;total;dones;població;;872
2002;Llorenç del Penedès;total;total;població;;1692
2002;Lloret de Mar;total;homes;població;;11958
2002;Lloret de Mar;total;dones;població;;11466
2002;Lloret de Mar;total;total;població;;23424
2002;Llosses, les;total;homes;població;;139
2002;Llosses, les;total;dones;població;;121
2002;Llosses, les;total;total;població;;260
2002;Lluçà;total;homes;població;;144
2002;Lluçà;total;dones;població;;125
2002;Lluçà;total;total;població;;269
2002;Maçanet de Cabrenys;total;homes;població;;352
2002;Maçanet de Cabrenys;total;dones;població;;327
2002;Maçanet de Cabrenys;total;total;població;;679
2002;Maçanet de la Selva;total;homes;població;;2148
2002;Maçanet de la Selva;total;dones;població;;2046
2002;Maçanet de la Selva;total;total;població;;4194
2002;Madremanya;total;homes;població;;90
2002;Madremanya;total;dones;població;;111
2002;Madremanya;total;total;població;;201
2002;Maià de Montcal;total;homes;població;;165
2002;Maià de Montcal;total;dones;població;;159
2002;Maià de Montcal;total;total;població;;324
2002;Maials;total;homes;població;;482
2002;Maials;total;dones;població;;475
2002;Maials;total;total;població;;957
2002;Maldà;total;homes;població;;141
2002;Maldà;total;dones;població;;132
2002;Maldà;total;total;població;;273
2002;Malgrat de Mar;total;homes;població;;7494
2002;Malgrat de Mar;total;dones;població;;7439
2002;Malgrat de Mar;total;total;població;;14933
2002;Malla;total;homes;població;;120
2002;Malla;total;dones;població;;138
2002;Malla;total;total;població;;258
2002;Manlleu;total;homes;població;;9248
2002;Manlleu;total;dones;població;;8981
2002;Manlleu;total;total;població;;18229
2002;Manresa;total;homes;població;;31829
2002;Manresa;total;dones;població;;33611
2002;Manresa;total;total;població;;65440
2002;Marçà;total;homes;població;;311
2002;Marçà;total;dones;població;;306
2002;Marçà;total;total;població;;617
2002;Margalef;total;homes;població;;67
2002;Margalef;total;dones;població;;61
2002;Margalef;total;total;població;;128
2002;Marganell;total;homes;població;;107
2002;Marganell;total;dones;població;;131
2002;Marganell;total;total;població;;238
2002;Martorell;total;homes;població;;12031
2002;Martorell;total;dones;població;;11498
2002;Martorell;total;total;població;;23529
2002;Martorelles;total;homes;població;;2492
2002;Martorelles;total;dones;població;;2489
2002;Martorelles;total;total;població;;4981
2002;Mas de Barberans;total;homes;població;;348
2002;Mas de Barberans;total;dones;població;;334
2002;Mas de Barberans;total;total;població;;682
2002;Masarac i Vilarnadal;total;homes;població;;119
2002;Masarac i Vilarnadal;total;dones;població;;120
2002;Masarac i Vilarnadal;total;total;població;;239
2002;Masdenverge;total;homes;població;;515
2002;Masdenverge;total;dones;població;;481
2002;Masdenverge;total;total;població;;996
2002;Masies de Roda, les;total;homes;població;;360
2002;Masies de Roda, les;total;dones;població;;357
2002;Masies de Roda, les;total;total;població;;717
2002;Masies de Voltregà, les;total;homes;població;;1398
2002;Masies de Voltregà, les;total;dones;població;;1485
2002;Masies de Voltregà, les;total;total;població;;2883
2002;Masllorenç;total;homes;població;;210
2002;Masllorenç;total;dones;població;;214
2002;Masllorenç;total;total;població;;424
2002;Masnou, el;total;homes;població;;10291
2002;Masnou, el;total;dones;població;;10929
2002;Masnou, el;total;total;població;;21220
2002;Masó, la;total;homes;població;;136
2002;Masó, la;total;dones;població;;142
2002;Masó, la;total;total;població;;278
2002;Maspujols;total;homes;població;;256
2002;Maspujols;total;dones;població;;242
2002;Maspujols;total;total;població;;498
2002;Masquefa;total;homes;població;;2907
2002;Masquefa;total;dones;població;;2793
2002;Masquefa;total;total;població;;5700
2002;Masroig, el;total;homes;població;;253
2002;Masroig, el;total;dones;població;;265
2002;Masroig, el;total;total;població;;518
2002;Massalcoreig;total;homes;població;;305
2002;Massalcoreig;total;dones;població;;314
2002;Massalcoreig;total;total;població;;619
2002;Massanes;total;homes;població;;313
2002;Massanes;total;dones;població;;256
2002;Massanes;total;total;població;;569
2002;Massoteres;total;homes;població;;103
2002;Massoteres;total;dones;població;;92
2002;Massoteres;total;total;població;;195
2002;Matadepera;total;homes;població;;3733
2002;Matadepera;total;dones;població;;3671
2002;Matadepera;total;total;població;;7404
2002;Mataró;total;homes;població;;54191
2002;Mataró;total;dones;població;;55107
2002;Mataró;total;total;població;;109298
2002;Mediona;total;homes;població;;784
2002;Mediona;total;dones;població;;723
2002;Mediona;total;total;població;;1507
2002;Menàrguens;total;homes;població;;425
2002;Menàrguens;total;dones;població;;405
2002;Menàrguens;total;total;població;;830
2002;Meranges;total;homes;població;;50
2002;Meranges;total;dones;població;;30
2002;Meranges;total;total;població;;80
2002;Mieres;total;homes;població;;171
2002;Mieres;total;dones;població;;162
2002;Mieres;total;total;població;;333
2002;Milà, el;total;homes;població;;74
2002;Milà, el;total;dones;població;;88
2002;Milà, el;total;total;població;;162
2002;Miralcamp;total;homes;població;;599
2002;Miralcamp;total;dones;població;;629
2002;Miralcamp;total;total;població;;1228
2002;Miravet;total;homes;població;;418
2002;Miravet;total;dones;població;;373
2002;Miravet;total;total;població;;791
2002;Moià;total;homes;població;;2174
2002;Moià;total;dones;població;;2204
2002;Moià;total;total;població;;4378
2002;Molar, el;total;homes;població;;155
2002;Molar, el;total;dones;població;;140
2002;Molar, el;total;total;població;;295
2002;Molins de Rei;total;homes;població;;10423
2002;Molins de Rei;total;dones;població;;10774
2002;Molins de Rei;total;total;població;;21197
2002;Mollerussa;total;homes;població;;5095
2002;Mollerussa;total;dones;població;;5089
2002;Mollerussa;total;total;població;;10184
2002;Mollet de Peralada;total;homes;població;;100
2002;Mollet de Peralada;total;dones;població;;90
2002;Mollet de Peralada;total;total;població;;190
2002;Mollet del Vallès;total;homes;població;;24554
2002;Mollet del Vallès;total;dones;població;;24173
2002;Mollet del Vallès;total;total;població;;48727
2002;Molló;total;homes;població;;163
2002;Molló;total;dones;població;;159
2002;Molló;total;total;població;;322
2002;Molsosa, la;total;homes;població;;62
2002;Molsosa, la;total;dones;població;;63
2002;Molsosa, la;total;total;població;;125
2002;Monistrol de Calders;total;homes;població;;304
2002;Monistrol de Calders;total;dones;població;;313
2002;Monistrol de Calders;total;total;població;;617
2002;Monistrol de Montserrat;total;homes;població;;1323
2002;Monistrol de Montserrat;total;dones;població;;1255
2002;Monistrol de Montserrat;total;total;població;;2578
2002;Montagut i Oix;total;homes;població;;424
2002;Montagut i Oix;total;dones;població;;402
2002;Montagut i Oix;total;total;població;;826
2002;Montblanc;total;homes;població;;3113
2002;Montblanc;total;dones;població;;3130
2002;Montblanc;total;total;població;;6243
2002;Montbrió del Camp;total;homes;població;;784
2002;Montbrió del Camp;total;dones;població;;754
2002;Montbrió del Camp;total;total;població;;1538
2002;Montcada i Reixac;total;homes;població;;14659
2002;Montcada i Reixac;total;dones;població;;14994
2002;Montcada i Reixac;total;total;població;;29653
2002;Montclar;total;homes;població;;60
2002;Montclar;total;dones;població;;58
2002;Montclar;total;total;població;;118
2002;Montellà i Martinet;total;homes;població;;288
2002;Montellà i Martinet;total;dones;població;;250
2002;Montellà i Martinet;total;total;població;;538
2002;Montesquiu;total;homes;població;;433
2002;Montesquiu;total;dones;població;;421
2002;Montesquiu;total;total;població;;854
2002;Montferrer i Castellbò;total;homes;població;;410
2002;Montferrer i Castellbò;total;dones;població;;343
2002;Montferrer i Castellbò;total;total;població;;753
2002;Montferri;total;homes;població;;72
2002;Montferri;total;dones;població;;59
2002;Montferri;total;total;població;;131
2002;Montgai;total;homes;població;;403
2002;Montgai;total;dones;població;;392
2002;Montgai;total;total;població;;795
2002;Montgat;total;homes;població;;4320
2002;Montgat;total;dones;població;;4370
2002;Montgat;total;total;població;;8690
2002;Montmajor;total;homes;població;;245
2002;Montmajor;total;dones;població;;220
2002;Montmajor;total;total;població;;465
2002;Montmaneu;total;homes;població;;92
2002;Montmaneu;total;dones;població;;88
2002;Montmaneu;total;total;població;;180
2002;Montmell, el;total;homes;població;;398
2002;Montmell, el;total;dones;població;;329
2002;Montmell, el;total;total;població;;727
2002;Montmeló;total;homes;població;;4370
2002;Montmeló;total;dones;població;;4297
2002;Montmeló;total;total;població;;8667
2002;Montoliu de Lleida;total;homes;població;;222
2002;Montoliu de Lleida;total;dones;població;;229
2002;Montoliu de Lleida;total;total;població;;451
2002;Montoliu de Segarra;total;homes;població;;102
2002;Montoliu de Segarra;total;dones;població;;82
2002;Montoliu de Segarra;total;total;població;;184
2002;Montornès de Segarra;total;homes;població;;46
2002;Montornès de Segarra;total;dones;població;;56
2002;Montornès de Segarra;total;total;població;;102
2002;Montornès del Vallès;total;homes;població;;6722
2002;Montornès del Vallès;total;dones;població;;6449
2002;Montornès del Vallès;total;total;població;;13171
2002;Mont-ral;total;homes;població;;90
2002;Mont-ral;total;dones;població;;75
2002;Mont-ral;total;total;població;;165
2002;Mont-ras;total;homes;població;;881
2002;Mont-ras;total;dones;població;;803
2002;Mont-ras;total;total;població;;1684
2002;Mont-roig del Camp;total;homes;població;;3840
2002;Mont-roig del Camp;total;dones;població;;3598
2002;Mont-roig del Camp;total;total;població;;7438
2002;Montseny;total;homes;població;;152
2002;Montseny;total;dones;població;;143
2002;Montseny;total;total;població;;295
2002;Móra d'Ebre;total;homes;població;;2345
2002;Móra d'Ebre;total;dones;població;;2431
2002;Móra d'Ebre;total;total;població;;4776
2002;Móra la Nova;total;homes;població;;1482
2002;Móra la Nova;total;dones;població;;1440
2002;Móra la Nova;total;total;població;;2922
2002;Morell, el;total;homes;població;;1194
2002;Morell, el;total;dones;població;;1164
2002;Morell, el;total;total;població;;2358
2002;Morera de Montsant, la;total;homes;població;;94
2002;Morera de Montsant, la;total;dones;població;;74
2002;Morera de Montsant, la;total;total;població;;168
2002;Muntanyola;total;homes;població;;188
2002;Muntanyola;total;dones;població;;159
2002;Muntanyola;total;total;població;;347
2002;Mura;total;homes;població;;112
2002;Mura;total;dones;població;;95
2002;Mura;total;total;població;;207
2002;Nalec;total;homes;població;;47
2002;Nalec;total;dones;població;;53
2002;Nalec;total;total;població;;100
2002;Naut Aran;total;homes;població;;774
2002;Naut Aran;total;dones;població;;719
2002;Naut Aran;total;total;població;;1493
2002;Navarcles;total;homes;població;;2673
2002;Navarcles;total;dones;població;;2727
2002;Navarcles;total;total;població;;5400
2002;Navàs;total;homes;població;;2776
2002;Navàs;total;dones;població;;2824
2002;Navàs;total;total;població;;5600
2002;Navata;total;homes;població;;379
2002;Navata;total;dones;població;;374
2002;Navata;total;total;població;;753
2002;Navès;total;homes;població;;135
2002;Navès;total;dones;població;;143
2002;Navès;total;total;població;;278
2002;Nou de Berguedà, la;total;homes;població;;83
2002;Nou de Berguedà, la;total;dones;població;;78
2002;Nou de Berguedà, la;total;total;població;;161
2002;Nou de Gaià, la;total;homes;població;;204
2002;Nou de Gaià, la;total;dones;població;;191
2002;Nou de Gaià, la;total;total;població;;395
2002;Nulles;total;homes;població;;174
2002;Nulles;total;dones;població;;205
2002;Nulles;total;total;població;;379
2002;Odèn;total;homes;població;;155
2002;Odèn;total;dones;població;;123
2002;Odèn;total;total;població;;278
2002;Òdena;total;homes;població;;1376
2002;Òdena;total;dones;població;;1367
2002;Òdena;total;total;població;;2743
2002;Ogassa;total;homes;població;;149
2002;Ogassa;total;dones;població;;104
2002;Ogassa;total;total;població;;253
2002;Olèrdola;total;homes;població;;1252
2002;Olèrdola;total;dones;població;;1176
2002;Olèrdola;total;total;població;;2428
2002;Olesa de Bonesvalls;total;homes;població;;580
2002;Olesa de Bonesvalls;total;dones;població;;505
2002;Olesa de Bonesvalls;total;total;població;;1085
2002;Olesa de Montserrat;total;homes;població;;9380
2002;Olesa de Montserrat;total;dones;població;;9112
2002;Olesa de Montserrat;total;total;població;;18492
2002;Oliana;total;homes;població;;951
2002;Oliana;total;dones;població;;919
2002;Oliana;total;total;població;;1870
2002;Oliola;total;homes;població;;118
2002;Oliola;total;dones;població;;102
2002;Oliola;total;total;població;;220
2002;Olius;total;homes;població;;293
2002;Olius;total;dones;població;;289
2002;Olius;total;total;població;;582
2002;Olivella;total;homes;població;;835
2002;Olivella;total;dones;població;;717
2002;Olivella;total;total;població;;1552
2002;Olost;total;homes;població;;580
2002;Olost;total;dones;població;;590
2002;Olost;total;total;població;;1170
2002;Olot;total;homes;població;;14141
2002;Olot;total;dones;població;;14749
2002;Olot;total;total;població;;28890
2002;Oluges, les;total;homes;població;;92
2002;Oluges, les;total;dones;població;;88
2002;Oluges, les;total;total;població;;180
2002;Olvan;total;homes;població;;429
2002;Olvan;total;dones;població;;445
2002;Olvan;total;total;població;;874
2002;Omellons, els;total;homes;població;;128
2002;Omellons, els;total;dones;població;;123
2002;Omellons, els;total;total;població;;251
2002;Omells de na Gaia, els;total;homes;població;;82
2002;Omells de na Gaia, els;total;dones;població;;69
2002;Omells de na Gaia, els;total;total;població;;151
2002;Ordis;total;homes;població;;178
2002;Ordis;total;dones;població;;165
2002;Ordis;total;total;població;;343
2002;Organyà;total;homes;població;;492
2002;Organyà;total;dones;població;;474
2002;Organyà;total;total;població;;966
2002;Orís;total;homes;població;;118
2002;Orís;total;dones;població;;118
2002;Orís;total;total;població;;236
2002;Oristà;total;homes;població;;300
2002;Oristà;total;dones;població;;324
2002;Oristà;total;total;població;;624
2002;Orpí;total;homes;població;;78
2002;Orpí;total;dones;població;;62
2002;Orpí;total;total;població;;140
2002;Òrrius;total;homes;població;;189
2002;Òrrius;total;dones;població;;175
2002;Òrrius;total;total;població;;364
2002;Os de Balaguer;total;homes;població;;415
2002;Os de Balaguer;total;dones;població;;363
2002;Os de Balaguer;total;total;població;;778
2002;Osor;total;homes;població;;246
2002;Osor;total;dones;població;;211
2002;Osor;total;total;població;;457
2002;Ossó de Sió;total;homes;població;;121
2002;Ossó de Sió;total;dones;població;;118
2002;Ossó de Sió;total;total;població;;239
2002;Pacs del Penedès;total;homes;població;;340
2002;Pacs del Penedès;total;dones;població;;340
2002;Pacs del Penedès;total;total;població;;680
2002;Palafolls;total;homes;població;;3025
2002;Palafolls;total;dones;població;;2985
2002;Palafolls;total;total;població;;6010
2002;Palafrugell;total;homes;població;;9733
2002;Palafrugell;total;dones;població;;9382
2002;Palafrugell;total;total;població;;19115
2002;Palamós;total;homes;població;;7780
2002;Palamós;total;dones;població;;7882
2002;Palamós;total;total;població;;15662
2002;Palau d'Anglesola, el;total;homes;població;;861
2002;Palau d'Anglesola, el;total;dones;població;;864
2002;Palau d'Anglesola, el;total;total;població;;1725
2002;Palau de Santa Eulàlia;total;homes;població;;46
2002;Palau de Santa Eulàlia;total;dones;població;;33
2002;Palau de Santa Eulàlia;total;total;població;;79
2002;Palau-sator;total;homes;població;;148
2002;Palau-sator;total;dones;població;;138
2002;Palau-sator;total;total;població;;286
2002;Palau-saverdera;total;homes;població;;496
2002;Palau-saverdera;total;dones;població;;479
2002;Palau-saverdera;total;total;població;;975
2002;Palau-solità i Plegamans;total;homes;població;;5910
2002;Palau-solità i Plegamans;total;dones;població;;5676
2002;Palau-solità i Plegamans;total;total;població;;11586
2002;Pallaresos, els;total;homes;població;;1432
2002;Pallaresos, els;total;dones;població;;1329
2002;Pallaresos, els;total;total;població;;2761
2002;Pallejà;total;homes;població;;4145
2002;Pallejà;total;dones;població;;4047
2002;Pallejà;total;total;població;;8192
2002;Palma d'Ebre, la;total;homes;població;;196
2002;Palma d'Ebre, la;total;dones;població;;215
2002;Palma d'Ebre, la;total;total;població;;411
2002;Palma de Cervelló, la;total;homes;població;;1422
2002;Palma de Cervelló, la;total;dones;població;;1372
2002;Palma de Cervelló, la;total;total;població;;2794
2002;Palol de Revardit;total;homes;població;;201
2002;Palol de Revardit;total;dones;població;;187
2002;Palol de Revardit;total;total;població;;388
2002;Pals;total;homes;població;;1051
2002;Pals;total;dones;població;;1004
2002;Pals;total;total;població;;2055
2002;Papiol, el;total;homes;població;;1762
2002;Papiol, el;total;dones;població;;1750
2002;Papiol, el;total;total;població;;3512
2002;Pardines;total;homes;població;;74
2002;Pardines;total;dones;població;;72
2002;Pardines;total;total;població;;146
2002;Parets del Vallès;total;homes;població;;7781
2002;Parets del Vallès;total;dones;població;;7542
2002;Parets del Vallès;total;total;població;;15323
2002;Parlavà;total;homes;població;;184
2002;Parlavà;total;dones;població;;174
2002;Parlavà;total;total;població;;358
2002;Passanant i Belltall;total;homes;població;;115
2002;Passanant i Belltall;total;dones;població;;83
2002;Passanant i Belltall;total;total;població;;198
2002;Pau;total;homes;població;;233
2002;Pau;total;dones;població;;229
2002;Pau;total;total;població;;462
2002;Paüls;total;homes;població;;317
2002;Paüls;total;dones;població;;313
2002;Paüls;total;total;població;;630
2002;Pedret i Marzà;total;homes;població;;72
2002;Pedret i Marzà;total;dones;població;;69
2002;Pedret i Marzà;total;total;població;;141
2002;Penelles;total;homes;població;;286
2002;Penelles;total;dones;població;;237
2002;Penelles;total;total;població;;523
2002;Pera, la;total;homes;població;;201
2002;Pera, la;total;dones;població;;197
2002;Pera, la;total;total;població;;398
2002;Perafita;total;homes;població;;179
2002;Perafita;total;dones;població;;187
2002;Perafita;total;total;població;;366
2002;Perafort;total;homes;població;;337
2002;Perafort;total;dones;població;;326
2002;Perafort;total;total;població;;663
2002;Peralada;total;homes;població;;703
2002;Peralada;total;dones;població;;679
2002;Peralada;total;total;població;;1382
2002;Peramola;total;homes;població;;208
2002;Peramola;total;dones;població;;177
2002;Peramola;total;total;població;;385
2002;Perelló, el;total;homes;població;;1113
2002;Perelló, el;total;dones;població;;1031
2002;Perelló, el;total;total;població;;2144
2002;Piera;total;homes;població;;5236
2002;Piera;total;dones;població;;4958
2002;Piera;total;total;població;;10194
2002;Piles, les;total;homes;població;;106
2002;Piles, les;total;dones;població;;88
2002;Piles, les;total;total;població;;194
2002;Pineda de Mar;total;homes;població;;11059
2002;Pineda de Mar;total;dones;població;;10899
2002;Pineda de Mar;total;total;població;;21958
2002;Pinell de Brai, el;total;homes;població;;547
2002;Pinell de Brai, el;total;dones;població;;530
2002;Pinell de Brai, el;total;total;població;;1077
2002;Pinell de Solsonès;total;homes;població;;116
2002;Pinell de Solsonès;total;dones;població;;96
2002;Pinell de Solsonès;total;total;població;;212
2002;Pinós;total;homes;població;;166
2002;Pinós;total;dones;població;;145
2002;Pinós;total;total;població;;311
2002;Pira;total;homes;població;;218
2002;Pira;total;dones;població;;217
2002;Pira;total;total;població;;435
2002;Pla de Santa Maria, el;total;homes;població;;893
2002;Pla de Santa Maria, el;total;dones;població;;824
2002;Pla de Santa Maria, el;total;total;població;;1717
2002;Pla del Penedès, el;total;homes;població;;454
2002;Pla del Penedès, el;total;dones;població;;449
2002;Pla del Penedès, el;total;total;població;;903
2002;Planes d'Hostoles, les;total;homes;població;;878
2002;Planes d'Hostoles, les;total;dones;població;;872
2002;Planes d'Hostoles, les;total;total;població;;1750
2002;Planoles;total;homes;població;;150
2002;Planoles;total;dones;població;;131
2002;Planoles;total;total;població;;281
2002;Plans de Sió, els;total;homes;població;;293
2002;Plans de Sió, els;total;dones;població;;266
2002;Plans de Sió, els;total;total;població;;559
2002;Poal, el;total;homes;població;;344
2002;Poal, el;total;dones;població;;295
2002;Poal, el;total;total;població;;639
2002;Pobla de Cérvoles, la;total;homes;població;;121
2002;Pobla de Cérvoles, la;total;dones;població;;103
2002;Pobla de Cérvoles, la;total;total;població;;224
2002;Pobla de Claramunt, la;total;homes;població;;929
2002;Pobla de Claramunt, la;total;dones;població;;868
2002;Pobla de Claramunt, la;total;total;població;;1797
2002;Pobla de Lillet, la;total;homes;població;;646
2002;Pobla de Lillet, la;total;dones;població;;674
2002;Pobla de Lillet, la;total;total;població;;1320
2002;Pobla de Mafumet, la;total;homes;població;;612
2002;Pobla de Mafumet, la;total;dones;població;;608
2002;Pobla de Mafumet, la;total;total;població;;1220
2002;Pobla de Massaluca, la;total;homes;població;;225
2002;Pobla de Massaluca, la;total;dones;població;;210
2002;Pobla de Massaluca, la;total;total;població;;435
2002;Pobla de Montornès, la;total;homes;població;;885
2002;Pobla de Montornès, la;total;dones;població;;737
2002;Pobla de Montornès, la;total;total;població;;1622
2002;Pobla de Segur, la;total;homes;població;;1377
2002;Pobla de Segur, la;total;dones;població;;1489
2002;Pobla de Segur, la;total;total;població;;2866
2002;Poboleda;total;homes;població;;166
2002;Poboleda;total;dones;població;;160
2002;Poboleda;total;total;població;;326
2002;Polinyà;total;homes;població;;2714
2002;Polinyà;total;dones;població;;2532
2002;Polinyà;total;total;població;;5246
2002;Pont d'Armentera, el;total;homes;població;;274
2002;Pont d'Armentera, el;total;dones;població;;267
2002;Pont d'Armentera, el;total;total;població;;541
2002;Pont de Bar, el;total;homes;població;;84
2002;Pont de Bar, el;total;dones;població;;70
2002;Pont de Bar, el;total;total;població;;154
2002;Pont de Molins;total;homes;població;;237
2002;Pont de Molins;total;dones;població;;209
2002;Pont de Molins;total;total;població;;446
2002;Pont de Suert, el;total;homes;població;;1083
2002;Pont de Suert, el;total;dones;població;;1083
2002;Pont de Suert, el;total;total;població;;2166
2002;Pont de Vilomara i Rocafort, el;total;homes;població;;1417
2002;Pont de Vilomara i Rocafort, el;total;dones;població;;1333
2002;Pont de Vilomara i Rocafort, el;total;total;població;;2750
2002;Pontils;total;homes;població;;66
2002;Pontils;total;dones;població;;70
2002;Pontils;total;total;població;;136
2002;Pontons;total;homes;població;;217
2002;Pontons;total;dones;població;;191
2002;Pontons;total;total;població;;408
2002;Pontós;total;homes;població;;123
2002;Pontós;total;dones;població;;96
2002;Pontós;total;total;població;;219
2002;Ponts;total;homes;població;;1212
2002;Ponts;total;dones;població;;1193
2002;Ponts;total;total;població;;2405
2002;Porqueres;total;homes;població;;1855
2002;Porqueres;total;dones;població;;1913
2002;Porqueres;total;total;població;;3768
2002;Porrera;total;homes;població;;253
2002;Porrera;total;dones;població;;214
2002;Porrera;total;total;població;;467
2002;Port de la Selva, el;total;homes;població;;448
2002;Port de la Selva, el;total;dones;població;;449
2002;Port de la Selva, el;total;total;població;;897
2002;Portbou;total;homes;població;;725
2002;Portbou;total;dones;població;;718
2002;Portbou;total;total;població;;1443
2002;Portella, la;total;homes;població;;348
2002;Portella, la;total;dones;població;;288
2002;Portella, la;total;total;població;;636
2002;Pradell de la Teixeta;total;homes;població;;93
2002;Pradell de la Teixeta;total;dones;població;;89
2002;Pradell de la Teixeta;total;total;població;;182
2002;Prades;total;homes;població;;300
2002;Prades;total;dones;població;;281
2002;Prades;total;total;població;;581
2002;Prat de Comte;total;homes;població;;89
2002;Prat de Comte;total;dones;població;;93
2002;Prat de Comte;total;total;població;;182
2002;Prat de Llobregat, el;total;homes;població;;31645
2002;Prat de Llobregat, el;total;dones;població;;31467
2002;Prat de Llobregat, el;total;total;població;;63112
2002;Pratdip;total;homes;població;;315
2002;Pratdip;total;dones;població;;302
2002;Pratdip;total;total;població;;617
2002;Prats de Lluçanès;total;homes;població;;1347
2002;Prats de Lluçanès;total;dones;població;;1368
2002;Prats de Lluçanès;total;total;població;;2715
2002;Prats de Rei, els;total;homes;població;;282
2002;Prats de Rei, els;total;dones;població;;276
2002;Prats de Rei, els;total;total;població;;558
2002;Prats i Sansor;total;homes;població;;132
2002;Prats i Sansor;total;dones;població;;93
2002;Prats i Sansor;total;total;població;;225
2002;Preixana;total;homes;població;;216
2002;Preixana;total;dones;població;;221
2002;Preixana;total;total;població;;437
2002;Preixens;total;homes;població;;252
2002;Preixens;total;dones;població;;274
2002;Preixens;total;total;població;;526
2002;Premià de Dalt;total;homes;població;;4701
2002;Premià de Dalt;total;dones;població;;4655
2002;Premià de Dalt;total;total;població;;9356
2002;Premià de Mar;total;homes;població;;13436
2002;Premià de Mar;total;dones;població;;13453
2002;Premià de Mar;total;total;població;;26889
2002;Preses, les;total;homes;població;;736
2002;Preses, les;total;dones;població;;775
2002;Preses, les;total;total;població;;1511
2002;Prullans;total;homes;població;;114
2002;Prullans;total;dones;població;;109
2002;Prullans;total;total;població;;223
2002;Puigcerdà;total;homes;població;;4005
2002;Puigcerdà;total;dones;població;;3769
2002;Puigcerdà;total;total;població;;7774
2002;Puigdàlber;total;homes;població;;160
2002;Puigdàlber;total;dones;població;;188
2002;Puigdàlber;total;total;població;;348
2002;Puiggròs;total;homes;població;;137
2002;Puiggròs;total;dones;població;;131
2002;Puiggròs;total;total;població;;268
2002;Puigpelat;total;homes;població;;280
2002;Puigpelat;total;dones;població;;272
2002;Puigpelat;total;total;població;;552
2002;Puig-reig;total;homes;població;;2065
2002;Puig-reig;total;dones;població;;2204
2002;Puig-reig;total;total;població;;4269
2002;Puigverd d'Agramunt;total;homes;població;;137
2002;Puigverd d'Agramunt;total;dones;població;;116
2002;Puigverd d'Agramunt;total;total;població;;253
2002;Puigverd de Lleida;total;homes;població;;535
2002;Puigverd de Lleida;total;dones;població;;554
2002;Puigverd de Lleida;total;total;població;;1089
2002;Pujalt;total;homes;població;;95
2002;Pujalt;total;dones;població;;91
2002;Pujalt;total;total;població;;186
2002;Quar, la;total;homes;població;;44
2002;Quar, la;total;dones;població;;34
2002;Quar, la;total;total;població;;78
2002;Quart;total;homes;població;;1292
2002;Quart;total;dones;població;;1253
2002;Quart;total;total;població;;2545
2002;Queralbs;total;homes;població;;108
2002;Queralbs;total;dones;població;;88
2002;Queralbs;total;total;població;;196
2002;Querol;total;homes;població;;172
2002;Querol;total;dones;població;;133
2002;Querol;total;total;població;;305
2002;Rabós;total;homes;població;;78
2002;Rabós;total;dones;població;;77
2002;Rabós;total;total;població;;155
2002;Rajadell;total;homes;població;;218
2002;Rajadell;total;dones;població;;208
2002;Rajadell;total;total;població;;426
2002;Ràpita, la;total;homes;població;;5870
2002;Ràpita, la;total;dones;població;;5865
2002;Ràpita, la;total;total;població;;11735
2002;Rasquera;total;homes;població;;381
2002;Rasquera;total;dones;població;;369
2002;Rasquera;total;total;població;;750
2002;Regencós;total;homes;població;;165
2002;Regencós;total;dones;població;;122
2002;Regencós;total;total;població;;287
2002;Rellinars;total;homes;població;;218
2002;Rellinars;total;dones;població;;194
2002;Rellinars;total;total;població;;412
2002;Renau;total;homes;població;;36
2002;Renau;total;dones;població;;37
2002;Renau;total;total;població;;73
2002;Reus;total;homes;població;;44947
2002;Reus;total;dones;població;;46669
2002;Reus;total;total;població;;91616
2002;Rialp;total;homes;població;;287
2002;Rialp;total;dones;població;;267
2002;Rialp;total;total;població;;554
2002;Riba, la;total;homes;població;;366
2002;Riba, la;total;dones;població;;328
2002;Riba, la;total;total;població;;694
2002;Riba-roja d'Ebre;total;homes;població;;686
2002;Riba-roja d'Ebre;total;dones;població;;648
2002;Riba-roja d'Ebre;total;total;població;;1334
2002;Ribera d'Ondara;total;homes;població;;248
2002;Ribera d'Ondara;total;dones;població;;227
2002;Ribera d'Ondara;total;total;població;;475
2002;Ribera d'Urgellet;total;homes;població;;442
2002;Ribera d'Urgellet;total;dones;població;;402
2002;Ribera d'Urgellet;total;total;població;;844
2002;Ribes de Freser;total;homes;població;;1009
2002;Ribes de Freser;total;dones;població;;1055
2002;Ribes de Freser;total;total;població;;2064
2002;Riells i Viabrea;total;homes;població;;1221
2002;Riells i Viabrea;total;dones;població;;1111
2002;Riells i Viabrea;total;total;població;;2332
2002;Riera de Gaià, la;total;homes;població;;535
2002;Riera de Gaià, la;total;dones;població;;526
2002;Riera de Gaià, la;total;total;població;;1061
2002;Riner;total;homes;població;;143
2002;Riner;total;dones;població;;133
2002;Riner;total;total;població;;276
2002;Ripoll;total;homes;població;;5291
2002;Ripoll;total;dones;població;;5551
2002;Ripoll;total;total;població;;10842
2002;Ripollet;total;homes;població;;15768
2002;Ripollet;total;dones;població;;15633
2002;Ripollet;total;total;població;;31401
2002;Riu de Cerdanya;total;homes;població;;43
2002;Riu de Cerdanya;total;dones;població;;41
2002;Riu de Cerdanya;total;total;població;;84
2002;Riudarenes;total;homes;població;;741
2002;Riudarenes;total;dones;població;;674
2002;Riudarenes;total;total;població;;1415
2002;Riudaura;total;homes;població;;205
2002;Riudaura;total;dones;població;;208
2002;Riudaura;total;total;població;;413
2002;Riudecanyes;total;homes;població;;378
2002;Riudecanyes;total;dones;població;;372
2002;Riudecanyes;total;total;població;;750
2002;Riudecols;total;homes;població;;532
2002;Riudecols;total;dones;població;;477
2002;Riudecols;total;total;població;;1009
2002;Riudellots de la Selva;total;homes;població;;815
2002;Riudellots de la Selva;total;dones;població;;782
2002;Riudellots de la Selva;total;total;població;;1597
2002;Riudoms;total;homes;població;;2717
2002;Riudoms;total;dones;població;;2639
2002;Riudoms;total;total;població;;5356
2002;Riumors;total;homes;població;;88
2002;Riumors;total;dones;població;;90
2002;Riumors;total;total;població;;178
2002;Roca del Vallès, la;total;homes;població;;4006
2002;Roca del Vallès, la;total;dones;població;;3958
2002;Roca del Vallès, la;total;total;població;;7964
2002;Rocafort de Queralt;total;homes;població;;142
2002;Rocafort de Queralt;total;dones;població;;131
2002;Rocafort de Queralt;total;total;població;;273
2002;Roda de Berà;total;homes;població;;2110
2002;Roda de Berà;total;dones;població;;1775
2002;Roda de Berà;total;total;població;;3885
2002;Roda de Ter;total;homes;població;;2588
2002;Roda de Ter;total;dones;població;;2706
2002;Roda de Ter;total;total;població;;5294
2002;Rodonyà;total;homes;població;;231
2002;Rodonyà;total;dones;població;;206
2002;Rodonyà;total;total;població;;437
2002;Roquetes;total;homes;població;;3401
2002;Roquetes;total;dones;població;;3239
2002;Roquetes;total;total;població;;6640
2002;Roses;total;homes;població;;7213
2002;Roses;total;dones;població;;7001
2002;Roses;total;total;població;;14214
2002;Rosselló;total;homes;població;;978
2002;Rosselló;total;dones;població;;994
2002;Rosselló;total;total;població;;1972
2002;Rourell, el;total;homes;població;;148
2002;Rourell, el;total;dones;població;;144
2002;Rourell, el;total;total;població;;292
2002;Rubí;total;homes;població;;31480
2002;Rubí;total;dones;població;;31158
2002;Rubí;total;total;població;;62638
2002;Rubió;total;homes;població;;71
2002;Rubió;total;dones;població;;54
2002;Rubió;total;total;població;;125
2002;Rupià;total;homes;població;;101
2002;Rupià;total;dones;població;;89
2002;Rupià;total;total;població;;190
2002;Rupit i Pruit;total;homes;població;;163
2002;Rupit i Pruit;total;dones;població;;165
2002;Rupit i Pruit;total;total;població;;328
2002;Sabadell;total;homes;població;;91147
2002;Sabadell;total;dones;població;;96054
2002;Sabadell;total;total;població;;187201
2002;Sagàs;total;homes;població;;79
2002;Sagàs;total;dones;població;;76
2002;Sagàs;total;total;població;;155
2002;Salàs de Pallars;total;homes;població;;163
2002;Salàs de Pallars;total;dones;població;;166
2002;Salàs de Pallars;total;total;població;;329
2002;Saldes;total;homes;població;;179
2002;Saldes;total;dones;població;;146
2002;Saldes;total;total;població;;325
2002;Sales de Llierca;total;homes;població;;53
2002;Sales de Llierca;total;dones;població;;46
2002;Sales de Llierca;total;total;població;;99
2002;Sallent;total;homes;població;;3424
2002;Sallent;total;dones;població;;3655
2002;Sallent;total;total;població;;7079
2002;Salomó;total;homes;població;;192
2002;Salomó;total;dones;població;;183
2002;Salomó;total;total;població;;375
2002;Salou;total;homes;població;;7894
2002;Salou;total;dones;població;;7466
2002;Salou;total;total;població;;15360
2002;Salt;total;homes;població;;11769
2002;Salt;total;dones;població;;11445
2002;Salt;total;total;població;;23214
2002;Sanaüja;total;homes;població;;233
2002;Sanaüja;total;dones;població;;230
2002;Sanaüja;total;total;població;;463
2002;Sant Adrià de Besòs;total;homes;població;;16094
2002;Sant Adrià de Besòs;total;dones;població;;16547
2002;Sant Adrià de Besòs;total;total;població;;32641
2002;Sant Agustí de Lluçanès;total;homes;població;;59
2002;Sant Agustí de Lluçanès;total;dones;població;;48
2002;Sant Agustí de Lluçanès;total;total;població;;107
2002;Sant Andreu de la Barca;total;homes;població;;11493
2002;Sant Andreu de la Barca;total;dones;població;;10903
2002;Sant Andreu de la Barca;total;total;població;;22396
2002;Sant Andreu de Llavaneres;total;homes;població;;4043
2002;Sant Andreu de Llavaneres;total;dones;població;;4048
2002;Sant Andreu de Llavaneres;total;total;població;;8091
2002;Sant Andreu Salou;total;homes;població;;64
2002;Sant Andreu Salou;total;dones;població;;77
2002;Sant Andreu Salou;total;total;població;;141
2002;Sant Aniol de Finestres;total;homes;població;;152
2002;Sant Aniol de Finestres;total;dones;població;;136
2002;Sant Aniol de Finestres;total;total;població;;288
2002;Sant Antoni de Vilamajor;total;homes;població;;1966
2002;Sant Antoni de Vilamajor;total;dones;població;;1985
2002;Sant Antoni de Vilamajor;total;total;població;;3951
2002;Sant Bartomeu del Grau;total;homes;població;;600
2002;Sant Bartomeu del Grau;total;dones;població;;534
2002;Sant Bartomeu del Grau;total;total;població;;1134
2002;Sant Boi de Llobregat;total;homes;població;;39820
2002;Sant Boi de Llobregat;total;dones;població;;40221
2002;Sant Boi de Llobregat;total;total;població;;80041
2002;Sant Boi de Lluçanès;total;homes;població;;294
2002;Sant Boi de Lluçanès;total;dones;població;;278
2002;Sant Boi de Lluçanès;total;total;població;;572
2002;Sant Cebrià de Vallalta;total;homes;població;;1112
2002;Sant Cebrià de Vallalta;total;dones;població;;948
2002;Sant Cebrià de Vallalta;total;total;població;;2060
2002;Sant Celoni;total;homes;població;;6631
2002;Sant Celoni;total;dones;població;;6660
2002;Sant Celoni;total;total;població;;13291
2002;Sant Climent de Llobregat;total;homes;població;;1578
2002;Sant Climent de Llobregat;total;dones;població;;1562
2002;Sant Climent de Llobregat;total;total;població;;3140
2002;Sant Climent Sescebes;total;homes;població;;211
2002;Sant Climent Sescebes;total;dones;població;;205
2002;Sant Climent Sescebes;total;total;població;;416
2002;Sant Cugat del Vallès;total;homes;població;;29528
2002;Sant Cugat del Vallès;total;dones;població;;30309
2002;Sant Cugat del Vallès;total;total;població;;59837
2002;Sant Cugat Sesgarrigues;total;homes;població;;402
2002;Sant Cugat Sesgarrigues;total;dones;població;;368
2002;Sant Cugat Sesgarrigues;total;total;població;;770
2002;Sant Esteve de la Sarga;total;homes;població;;64
2002;Sant Esteve de la Sarga;total;dones;població;;40
2002;Sant Esteve de la Sarga;total;total;població;;104
2002;Sant Esteve de Palautordera;total;homes;població;;797
2002;Sant Esteve de Palautordera;total;dones;població;;794
2002;Sant Esteve de Palautordera;total;total;població;;1591
2002;Sant Esteve Sesrovires;total;homes;població;;2898
2002;Sant Esteve Sesrovires;total;dones;població;;2693
2002;Sant Esteve Sesrovires;total;total;població;;5591
2002;Sant Feliu de Buixalleu;total;homes;població;;396
2002;Sant Feliu de Buixalleu;total;dones;població;;338
2002;Sant Feliu de Buixalleu;total;total;població;;734
2002;Sant Feliu de Codines;total;homes;població;;2387
2002;Sant Feliu de Codines;total;dones;població;;2328
2002;Sant Feliu de Codines;total;total;població;;4715
2002;Sant Feliu de Guíxols;total;homes;població;;9380
2002;Sant Feliu de Guíxols;total;dones;població;;9614
2002;Sant Feliu de Guíxols;total;total;població;;18994
2002;Sant Feliu de Llobregat;total;homes;població;;20102
2002;Sant Feliu de Llobregat;total;dones;població;;20593
2002;Sant Feliu de Llobregat;total;total;població;;40695
2002;Sant Feliu de Pallerols;total;homes;població;;565
2002;Sant Feliu de Pallerols;total;dones;població;;598
2002;Sant Feliu de Pallerols;total;total;població;;1163
2002;Sant Feliu Sasserra;total;homes;població;;323
2002;Sant Feliu Sasserra;total;dones;població;;333
2002;Sant Feliu Sasserra;total;total;població;;656
2002;Sant Ferriol;total;homes;població;;114
2002;Sant Ferriol;total;dones;població;;90
2002;Sant Ferriol;total;total;població;;204
2002;Sant Fost de Campsentelles;total;homes;població;;3402
2002;Sant Fost de Campsentelles;total;dones;població;;3311
2002;Sant Fost de Campsentelles;total;total;població;;6713
2002;Sant Fruitós de Bages;total;homes;població;;3032
2002;Sant Fruitós de Bages;total;dones;població;;3004
2002;Sant Fruitós de Bages;total;total;població;;6036
2002;Sant Gregori;total;homes;població;;1293
2002;Sant Gregori;total;dones;població;;1216
2002;Sant Gregori;total;total;població;;2509
2002;Sant Guim de Freixenet;total;homes;població;;525
2002;Sant Guim de Freixenet;total;dones;població;;546
2002;Sant Guim de Freixenet;total;total;població;;1071
2002;Sant Guim de la Plana;total;homes;població;;97
2002;Sant Guim de la Plana;total;dones;població;;86
2002;Sant Guim de la Plana;total;total;població;;183
2002;Sant Hilari Sacalm;total;homes;població;;2708
2002;Sant Hilari Sacalm;total;dones;població;;2512
2002;Sant Hilari Sacalm;total;total;població;;5220
2002;Sant Hipòlit de Voltregà;total;homes;població;;1536
2002;Sant Hipòlit de Voltregà;total;dones;població;;1551
2002;Sant Hipòlit de Voltregà;total;total;població;;3087
2002;Sant Iscle de Vallalta;total;homes;població;;508
2002;Sant Iscle de Vallalta;total;dones;població;;453
2002;Sant Iscle de Vallalta;total;total;població;;961
2002;Sant Jaume d'Enveja;total;homes;població;;1690
2002;Sant Jaume d'Enveja;total;dones;població;;1628
2002;Sant Jaume d'Enveja;total;total;població;;3318
2002;Sant Jaume de Frontanyà;total;homes;població;;13
2002;Sant Jaume de Frontanyà;total;dones;població;;12
2002;Sant Jaume de Frontanyà;total;total;població;;25
2002;Sant Jaume de Llierca;total;homes;població;;386
2002;Sant Jaume de Llierca;total;dones;població;;372
2002;Sant Jaume de Llierca;total;total;població;;758
2002;Sant Jaume dels Domenys;total;homes;població;;836
2002;Sant Jaume dels Domenys;total;dones;població;;760
2002;Sant Jaume dels Domenys;total;total;població;;1596
2002;Sant Joan de les Abadesses;total;homes;població;;1798
2002;Sant Joan de les Abadesses;total;dones;població;;1857
2002;Sant Joan de les Abadesses;total;total;població;;3655
2002;Sant Joan de Mollet;total;homes;població;;170
2002;Sant Joan de Mollet;total;dones;població;;181
2002;Sant Joan de Mollet;total;total;població;;351
2002;Sant Joan de Vilatorrada;total;homes;població;;4695
2002;Sant Joan de Vilatorrada;total;dones;població;;4695
2002;Sant Joan de Vilatorrada;total;total;població;;9390
2002;Sant Joan Despí;total;homes;població;;14367
2002;Sant Joan Despí;total;dones;població;;14697
2002;Sant Joan Despí;total;total;població;;29064
2002;Sant Joan les Fonts;total;homes;població;;1367
2002;Sant Joan les Fonts;total;dones;població;;1368
2002;Sant Joan les Fonts;total;total;població;;2735
2002;Sant Jordi Desvalls;total;homes;població;;327
2002;Sant Jordi Desvalls;total;dones;població;;313
2002;Sant Jordi Desvalls;total;total;població;;640
2002;Sant Julià de Cerdanyola;total;homes;població;;126
2002;Sant Julià de Cerdanyola;total;dones;població;;115
2002;Sant Julià de Cerdanyola;total;total;població;;241
2002;Sant Julià de Ramis;total;homes;població;;1091
2002;Sant Julià de Ramis;total;dones;població;;1075
2002;Sant Julià de Ramis;total;total;població;;2166
2002;Sant Julià de Vilatorta;total;homes;població;;1223
2002;Sant Julià de Vilatorta;total;dones;població;;1250
2002;Sant Julià de Vilatorta;total;total;població;;2473
2002;Sant Julià del Llor i Bonmatí;total;homes;població;;492
2002;Sant Julià del Llor i Bonmatí;total;dones;població;;473
2002;Sant Julià del Llor i Bonmatí;total;total;població;;965
2002;Sant Just Desvern;total;homes;població;;6973
2002;Sant Just Desvern;total;dones;població;;7584
2002;Sant Just Desvern;total;total;població;;14557
2002;Sant Llorenç d'Hortons;total;homes;població;;902
2002;Sant Llorenç d'Hortons;total;dones;població;;877
2002;Sant Llorenç d'Hortons;total;total;població;;1779
2002;Sant Llorenç de la Muga;total;homes;població;;85
2002;Sant Llorenç de la Muga;total;dones;població;;100
2002;Sant Llorenç de la Muga;total;total;població;;185
2002;Sant Llorenç de Morunys;total;homes;població;;465
2002;Sant Llorenç de Morunys;total;dones;població;;436
2002;Sant Llorenç de Morunys;total;total;població;;901
2002;Sant Llorenç Savall;total;homes;població;;1069
2002;Sant Llorenç Savall;total;dones;població;;1054
2002;Sant Llorenç Savall;total;total;població;;2123
2002;Sant Martí d'Albars;total;homes;població;;67
2002;Sant Martí d'Albars;total;dones;població;;65
2002;Sant Martí d'Albars;total;total;població;;132
2002;Sant Martí de Centelles;total;homes;població;;409
2002;Sant Martí de Centelles;total;dones;població;;375
2002;Sant Martí de Centelles;total;total;població;;784
2002;Sant Martí de Llémena;total;homes;població;;256
2002;Sant Martí de Llémena;total;dones;població;;219
2002;Sant Martí de Llémena;total;total;població;;475
2002;Sant Martí de Riucorb;total;homes;població;;362
2002;Sant Martí de Riucorb;total;dones;població;;336
2002;Sant Martí de Riucorb;total;total;població;;698
2002;Sant Martí de Tous;total;homes;població;;518
2002;Sant Martí de Tous;total;dones;població;;509
2002;Sant Martí de Tous;total;total;població;;1027
2002;Sant Martí Sarroca;total;homes;població;;1268
2002;Sant Martí Sarroca;total;dones;població;;1263
2002;Sant Martí Sarroca;total;total;població;;2531
2002;Sant Martí Sesgueioles;total;homes;població;;176
2002;Sant Martí Sesgueioles;total;dones;població;;180
2002;Sant Martí Sesgueioles;total;total;població;;356
2002;Sant Martí Vell;total;homes;població;;82
2002;Sant Martí Vell;total;dones;població;;79
2002;Sant Martí Vell;total;total;població;;161
2002;Sant Mateu de Bages;total;homes;població;;345
2002;Sant Mateu de Bages;total;dones;població;;357
2002;Sant Mateu de Bages;total;total;població;;702
2002;Sant Miquel de Campmajor;total;homes;població;;107
2002;Sant Miquel de Campmajor;total;dones;població;;89
2002;Sant Miquel de Campmajor;total;total;població;;196
2002;Sant Miquel de Fluvià;total;homes;població;;307
2002;Sant Miquel de Fluvià;total;dones;població;;302
2002;Sant Miquel de Fluvià;total;total;població;;609
2002;Sant Mori;total;homes;població;;75
2002;Sant Mori;total;dones;població;;81
2002;Sant Mori;total;total;població;;156
2002;Sant Pau de Segúries;total;homes;població;;333
2002;Sant Pau de Segúries;total;dones;població;;325
2002;Sant Pau de Segúries;total;total;població;;658
2002;Sant Pere de Ribes;total;homes;població;;12053
2002;Sant Pere de Ribes;total;dones;població;;11770
2002;Sant Pere de Ribes;total;total;població;;23823
2002;Sant Pere de Riudebitlles;total;homes;població;;1045
2002;Sant Pere de Riudebitlles;total;dones;població;;1078
2002;Sant Pere de Riudebitlles;total;total;població;;2123
2002;Sant Pere de Torelló;total;homes;població;;1108
2002;Sant Pere de Torelló;total;dones;població;;1122
2002;Sant Pere de Torelló;total;total;població;;2230
2002;Sant Pere de Vilamajor;total;homes;població;;1537
2002;Sant Pere de Vilamajor;total;dones;població;;1397
2002;Sant Pere de Vilamajor;total;total;població;;2934
2002;Sant Pere Pescador;total;homes;població;;876
2002;Sant Pere Pescador;total;dones;població;;701
2002;Sant Pere Pescador;total;total;població;;1577
2002;Sant Pere Sallavinera;total;homes;població;;76
2002;Sant Pere Sallavinera;total;dones;població;;73
2002;Sant Pere Sallavinera;total;total;població;;149
2002;Sant Pol de Mar;total;homes;població;;2054
2002;Sant Pol de Mar;total;dones;població;;1981
2002;Sant Pol de Mar;total;total;població;;4035
2002;Sant Quintí de Mediona;total;homes;població;;945
2002;Sant Quintí de Mediona;total;dones;població;;898
2002;Sant Quintí de Mediona;total;total;població;;1843
2002;Sant Quirze de Besora;total;homes;població;;982
2002;Sant Quirze de Besora;total;dones;població;;1004
2002;Sant Quirze de Besora;total;total;població;;1986
2002;Sant Quirze del Vallès;total;homes;població;;6964
2002;Sant Quirze del Vallès;total;dones;població;;6952
2002;Sant Quirze del Vallès;total;total;població;;13916
2002;Sant Quirze Safaja;total;homes;població;;246
2002;Sant Quirze Safaja;total;dones;població;;195
2002;Sant Quirze Safaja;total;total;població;;441
2002;Sant Ramon;total;homes;població;;288
2002;Sant Ramon;total;dones;població;;276
2002;Sant Ramon;total;total;població;;564
2002;Sant Sadurní d'Anoia;total;homes;població;;5019
2002;Sant Sadurní d'Anoia;total;dones;població;;5080
2002;Sant Sadurní d'Anoia;total;total;població;;10099
2002;Sant Sadurní d'Osormort;total;homes;població;;45
2002;Sant Sadurní d'Osormort;total;dones;població;;38
2002;Sant Sadurní d'Osormort;total;total;població;;83
2002;Sant Salvador de Guardiola;total;homes;població;;1170
2002;Sant Salvador de Guardiola;total;dones;població;;1075
2002;Sant Salvador de Guardiola;total;total;població;;2245
2002;Sant Vicenç de Castellet;total;homes;població;;3416
2002;Sant Vicenç de Castellet;total;dones;població;;3723
2002;Sant Vicenç de Castellet;total;total;població;;7139
2002;Sant Vicenç de Montalt;total;homes;població;;2099
2002;Sant Vicenç de Montalt;total;dones;població;;2024
2002;Sant Vicenç de Montalt;total;total;població;;4123
2002;Sant Vicenç de Torelló;total;homes;població;;881
2002;Sant Vicenç de Torelló;total;dones;població;;952
2002;Sant Vicenç de Torelló;total;total;població;;1833
2002;Sant Vicenç dels Horts;total;homes;població;;12775
2002;Sant Vicenç dels Horts;total;dones;població;;12519
2002;Sant Vicenç dels Horts;total;total;població;;25294
2002;Santa Bàrbara;total;homes;població;;1730
2002;Santa Bàrbara;total;dones;població;;1709
2002;Santa Bàrbara;total;total;població;;3439
2002;Santa Cecília de Voltregà;total;homes;població;;116
2002;Santa Cecília de Voltregà;total;dones;població;;91
2002;Santa Cecília de Voltregà;total;total;població;;207
2002;Santa Coloma de Cervelló;total;homes;població;;2839
2002;Santa Coloma de Cervelló;total;dones;població;;2794
2002;Santa Coloma de Cervelló;total;total;població;;5633
2002;Santa Coloma de Farners;total;homes;població;;4801
2002;Santa Coloma de Farners;total;dones;població;;4595
2002;Santa Coloma de Farners;total;total;població;;9396
2002;Santa Coloma de Gramenet;total;homes;població;;57760
2002;Santa Coloma de Gramenet;total;dones;població;;57808
2002;Santa Coloma de Gramenet;total;total;població;;115568
2002;Santa Coloma de Queralt;total;homes;població;;1412
2002;Santa Coloma de Queralt;total;dones;població;;1419
2002;Santa Coloma de Queralt;total;total;població;;2831
2002;Santa Cristina d'Aro;total;homes;població;;1687
2002;Santa Cristina d'Aro;total;dones;població;;1519
2002;Santa Cristina d'Aro;total;total;població;;3206
2002;Santa Eugènia de Berga;total;homes;població;;1018
2002;Santa Eugènia de Berga;total;dones;població;;981
2002;Santa Eugènia de Berga;total;total;població;;1999
2002;Santa Eulàlia de Riuprimer;total;homes;població;;451
2002;Santa Eulàlia de Riuprimer;total;dones;població;;418
2002;Santa Eulàlia de Riuprimer;total;total;població;;869
2002;Santa Eulàlia de Ronçana;total;homes;població;;2522
2002;Santa Eulàlia de Ronçana;total;dones;població;;2466
2002;Santa Eulàlia de Ronçana;total;total;població;;4988
2002;Santa Fe del Penedès;total;homes;població;;154
2002;Santa Fe del Penedès;total;dones;població;;167
2002;Santa Fe del Penedès;total;total;població;;321
2002;Santa Llogaia d'Àlguema;total;homes;població;;145
2002;Santa Llogaia d'Àlguema;total;dones;població;;140
2002;Santa Llogaia d'Àlguema;total;total;població;;285
2002;Santa Margarida de Montbui;total;homes;població;;4540
2002;Santa Margarida de Montbui;total;dones;població;;4536
2002;Santa Margarida de Montbui;total;total;població;;9076
2002;Santa Margarida i els Monjos;total;homes;població;;2682
2002;Santa Margarida i els Monjos;total;dones;població;;2497
2002;Santa Margarida i els Monjos;total;total;població;;5179
2002;Santa Maria d'Oló;total;homes;població;;508
2002;Santa Maria d'Oló;total;dones;població;;490
2002;Santa Maria d'Oló;total;total;població;;998
2002;Santa Maria de Besora;total;homes;població;;91
2002;Santa Maria de Besora;total;dones;població;;89
2002;Santa Maria de Besora;total;total;població;;180
2002;Santa Maria de Martorelles;total;homes;població;;341
2002;Santa Maria de Martorelles;total;dones;població;;357
2002;Santa Maria de Martorelles;total;total;població;;698
2002;Santa Maria de Merlès;total;homes;població;;83
2002;Santa Maria de Merlès;total;dones;població;;73
2002;Santa Maria de Merlès;total;total;població;;156
2002;Santa Maria de Miralles;total;homes;població;;48
2002;Santa Maria de Miralles;total;dones;població;;50
2002;Santa Maria de Miralles;total;total;població;;98
2002;Santa Maria de Palautordera;total;homes;població;;3493
2002;Santa Maria de Palautordera;total;dones;població;;3333
2002;Santa Maria de Palautordera;total;total;població;;6826
2002;Santa Oliva;total;homes;població;;1154
2002;Santa Oliva;total;dones;població;;1132
2002;Santa Oliva;total;total;població;;2286
2002;Santa Pau;total;homes;població;;765
2002;Santa Pau;total;dones;població;;741
2002;Santa Pau;total;total;població;;1506
2002;Santa Perpètua de Mogoda;total;homes;població;;9850
2002;Santa Perpètua de Mogoda;total;dones;població;;9636
2002;Santa Perpètua de Mogoda;total;total;població;;19486
2002;Santa Susanna;total;homes;població;;1153
2002;Santa Susanna;total;dones;població;;1105
2002;Santa Susanna;total;total;població;;2258
2002;Santpedor;total;homes;població;;2695
2002;Santpedor;total;dones;població;;2782
2002;Santpedor;total;total;població;;5477
2002;Sarral;total;homes;població;;754
2002;Sarral;total;dones;població;;698
2002;Sarral;total;total;població;;1452
2002;Sarrià de Ter;total;homes;població;;1850
2002;Sarrià de Ter;total;dones;població;;1880
2002;Sarrià de Ter;total;total;població;;3730
2002;Sarroca de Bellera;total;homes;població;;84
2002;Sarroca de Bellera;total;dones;població;;72
2002;Sarroca de Bellera;total;total;població;;156
2002;Sarroca de Lleida;total;homes;població;;225
2002;Sarroca de Lleida;total;dones;població;;231
2002;Sarroca de Lleida;total;total;població;;456
2002;Saus, Camallera i Llampaies;total;homes;població;;353
2002;Saus, Camallera i Llampaies;total;dones;població;;366
2002;Saus, Camallera i Llampaies;total;total;població;;719
2002;Savallà del Comtat;total;homes;població;;33
2002;Savallà del Comtat;total;dones;població;;34
2002;Savallà del Comtat;total;total;població;;67
2002;Secuita, la;total;homes;població;;601
2002;Secuita, la;total;dones;població;;574
2002;Secuita, la;total;total;població;;1175
2002;Selva de Mar, la;total;homes;població;;109
2002;Selva de Mar, la;total;dones;població;;98
2002;Selva de Mar, la;total;total;població;;207
2002;Selva del Camp, la;total;homes;població;;2199
2002;Selva del Camp, la;total;dones;població;;2186
2002;Selva del Camp, la;total;total;població;;4385
2002;Senan;total;homes;població;;23
2002;Senan;total;dones;població;;10
2002;Senan;total;total;població;;33
2002;Sénia, la;total;homes;població;;2933
2002;Sénia, la;total;dones;població;;2646
2002;Sénia, la;total;total;població;;5579
2002;Senterada;total;homes;població;;52
2002;Senterada;total;dones;població;;50
2002;Senterada;total;total;població;;102
2002;Sentiu de Sió, la;total;homes;població;;232
2002;Sentiu de Sió, la;total;dones;població;;240
2002;Sentiu de Sió, la;total;total;població;;472
2002;Sentmenat;total;homes;població;;3015
2002;Sentmenat;total;dones;població;;3022
2002;Sentmenat;total;total;població;;6037
2002;Serinyà;total;homes;població;;467
2002;Serinyà;total;dones;població;;411
2002;Serinyà;total;total;població;;878
2002;Seròs;total;homes;població;;921
2002;Seròs;total;dones;població;;810
2002;Seròs;total;total;població;;1731
2002;Serra de Daró;total;homes;població;;94
2002;Serra de Daró;total;dones;població;;84
2002;Serra de Daró;total;total;població;;178
2002;Setcases;total;homes;població;;96
2002;Setcases;total;dones;població;;85
2002;Setcases;total;total;població;;181
2002;Seu d'Urgell, la;total;homes;població;;5590
2002;Seu d'Urgell, la;total;dones;població;;5844
2002;Seu d'Urgell, la;total;total;població;;11434
2002;Seva;total;homes;població;;1362
2002;Seva;total;dones;població;;1300
2002;Seva;total;total;població;;2662
2002;Sidamon;total;homes;població;;296
2002;Sidamon;total;dones;població;;281
2002;Sidamon;total;total;població;;577
2002;Sils;total;homes;població;;1692
2002;Sils;total;dones;població;;1673
2002;Sils;total;total;població;;3365
2002;Sitges;total;homes;població;;10464
2002;Sitges;total;dones;població;;10913
2002;Sitges;total;total;població;;21377
2002;Siurana;total;homes;població;;98
2002;Siurana;total;dones;població;;92
2002;Siurana;total;total;població;;190
2002;Sobremunt;total;homes;població;;44
2002;Sobremunt;total;dones;població;;49
2002;Sobremunt;total;total;població;;93
2002;Soleràs, el;total;homes;població;;235
2002;Soleràs, el;total;dones;població;;203
2002;Soleràs, el;total;total;població;;438
2002;Solivella;total;homes;població;;299
2002;Solivella;total;dones;població;;311
2002;Solivella;total;total;població;;610
2002;Solsona;total;homes;població;;3856
2002;Solsona;total;dones;població;;3833
2002;Solsona;total;total;població;;7689
2002;Sora;total;homes;població;;102
2002;Sora;total;dones;població;;87
2002;Sora;total;total;població;;189
2002;Soriguera;total;homes;població;;164
2002;Soriguera;total;dones;població;;161
2002;Soriguera;total;total;població;;325
2002;Sort;total;homes;població;;944
2002;Sort;total;dones;població;;951
2002;Sort;total;total;població;;1895
2002;Soses;total;homes;població;;800
2002;Soses;total;dones;població;;735
2002;Soses;total;total;població;;1535
2002;Subirats;total;homes;població;;1315
2002;Subirats;total;dones;població;;1308
2002;Subirats;total;total;població;;2623
2002;Sudanell;total;homes;població;;378
2002;Sudanell;total;dones;població;;323
2002;Sudanell;total;total;població;;701
2002;Sunyer;total;homes;població;;146
2002;Sunyer;total;dones;població;;144
2002;Sunyer;total;total;població;;290
2002;Súria;total;homes;població;;3032
2002;Súria;total;dones;població;;3116
2002;Súria;total;total;població;;6148
2002;Susqueda;total;homes;població;;54
2002;Susqueda;total;dones;població;;46
2002;Susqueda;total;total;població;;100
2002;Tagamanent;total;homes;població;;119
2002;Tagamanent;total;dones;població;;102
2002;Tagamanent;total;total;població;;221
2002;Talamanca;total;homes;població;;59
2002;Talamanca;total;dones;població;;50
2002;Talamanca;total;total;població;;109
2002;Talarn;total;homes;població;;178
2002;Talarn;total;dones;població;;173
2002;Talarn;total;total;població;;351
2002;Talavera;total;homes;població;;152
2002;Talavera;total;dones;població;;136
2002;Talavera;total;total;població;;288
2002;Tallada d'Empordà, la;total;homes;població;;174
2002;Tallada d'Empordà, la;total;dones;població;;158
2002;Tallada d'Empordà, la;total;total;població;;332
2002;Taradell;total;homes;població;;2675
2002;Taradell;total;dones;població;;2655
2002;Taradell;total;total;població;;5330
2002;Tarragona;total;homes;població;;57337
2002;Tarragona;total;dones;població;;59847
2002;Tarragona;total;total;població;;117184
2002;Tàrrega;total;homes;població;;6528
2002;Tàrrega;total;dones;població;;6682
2002;Tàrrega;total;total;població;;13210
2002;Tarrés;total;homes;població;;62
2002;Tarrés;total;dones;població;;57
2002;Tarrés;total;total;població;;119
2002;Tarroja de Segarra;total;homes;població;;87
2002;Tarroja de Segarra;total;dones;població;;86
2002;Tarroja de Segarra;total;total;població;;173
2002;Tavèrnoles;total;homes;població;;134
2002;Tavèrnoles;total;dones;població;;136
2002;Tavèrnoles;total;total;població;;270
2002;Tavertet;total;homes;població;;74
2002;Tavertet;total;dones;població;;63
2002;Tavertet;total;total;població;;137
2002;Teià;total;homes;població;;2785
2002;Teià;total;dones;població;;2796
2002;Teià;total;total;població;;5581
2002;Térmens;total;homes;població;;705
2002;Térmens;total;dones;població;;681
2002;Térmens;total;total;població;;1386
2002;Terrades;total;homes;població;;87
2002;Terrades;total;dones;població;;95
2002;Terrades;total;total;població;;182
2002;Terrassa;total;homes;població;;88425
2002;Terrassa;total;dones;població;;90875
2002;Terrassa;total;total;població;;179300
2002;Tiana;total;homes;població;;3047
2002;Tiana;total;dones;població;;3154
2002;Tiana;total;total;població;;6201
2002;Tírvia;total;homes;població;;63
2002;Tírvia;total;dones;població;;57
2002;Tírvia;total;total;població;;120
2002;Tiurana;total;homes;població;;20
2002;Tiurana;total;dones;població;;12
2002;Tiurana;total;total;població;;32
2002;Tivenys;total;homes;població;;468
2002;Tivenys;total;dones;població;;460
2002;Tivenys;total;total;població;;928
2002;Tivissa;total;homes;població;;891
2002;Tivissa;total;dones;població;;905
2002;Tivissa;total;total;població;;1796
2002;Tona;total;homes;població;;3093
2002;Tona;total;dones;població;;3090
2002;Tona;total;total;població;;6183
2002;Torà;total;homes;població;;622
2002;Torà;total;dones;població;;598
2002;Torà;total;total;població;;1220
2002;Tordera;total;homes;població;;5236
2002;Tordera;total;dones;població;;5089
2002;Tordera;total;total;població;;10325
2002;Torelló;total;homes;població;;6146
2002;Torelló;total;dones;població;;6308
2002;Torelló;total;total;població;;12454
2002;Torms, els;total;homes;població;;107
2002;Torms, els;total;dones;població;;87
2002;Torms, els;total;total;població;;194
2002;Tornabous;total;homes;població;;426
2002;Tornabous;total;dones;població;;399
2002;Tornabous;total;total;població;;825
2002;Torre de Cabdella, la;total;homes;població;;341
2002;Torre de Cabdella, la;total;dones;població;;329
2002;Torre de Cabdella, la;total;total;població;;670
2002;Torre de Claramunt, la;total;homes;població;;1326
2002;Torre de Claramunt, la;total;dones;població;;1269
2002;Torre de Claramunt, la;total;total;població;;2595
2002;Torre de Fontaubella, la;total;homes;població;;68
2002;Torre de Fontaubella, la;total;dones;població;;65
2002;Torre de Fontaubella, la;total;total;població;;133
2002;Torre de l'Espanyol, la;total;homes;població;;388
2002;Torre de l'Espanyol, la;total;dones;població;;356
2002;Torre de l'Espanyol, la;total;total;població;;744
2002;Torrebesses;total;homes;població;;156
2002;Torrebesses;total;dones;població;;161
2002;Torrebesses;total;total;població;;317
2002;Torredembarra;total;homes;població;;5796
2002;Torredembarra;total;dones;població;;5797
2002;Torredembarra;total;total;població;;11593
2002;Torrefarrera;total;homes;població;;1035
2002;Torrefarrera;total;dones;població;;977
2002;Torrefarrera;total;total;població;;2012
2002;Torrefeta i Florejacs;total;homes;població;;335
2002;Torrefeta i Florejacs;total;dones;població;;318
2002;Torrefeta i Florejacs;total;total;població;;653
2002;Torregrossa;total;homes;població;;1100
2002;Torregrossa;total;dones;població;;1095
2002;Torregrossa;total;total;població;;2195
2002;Torrelameu;total;homes;població;;334
2002;Torrelameu;total;dones;població;;267
2002;Torrelameu;total;total;població;;601
2002;Torrelavit;total;homes;població;;595
2002;Torrelavit;total;dones;població;;557
2002;Torrelavit;total;total;població;;1152
2002;Torrelles de Foix;total;homes;població;;940
2002;Torrelles de Foix;total;dones;població;;822
2002;Torrelles de Foix;total;total;població;;1762
2002;Torrelles de Llobregat;total;homes;població;;1990
2002;Torrelles de Llobregat;total;dones;població;;1922
2002;Torrelles de Llobregat;total;total;població;;3912
2002;Torrent;total;homes;població;;92
2002;Torrent;total;dones;població;;88
2002;Torrent;total;total;població;;180
2002;Torres de Segre;total;homes;població;;955
2002;Torres de Segre;total;dones;població;;899
2002;Torres de Segre;total;total;població;;1854
2002;Torre-serona;total;homes;població;;178
2002;Torre-serona;total;dones;població;;169
2002;Torre-serona;total;total;població;;347
2002;Torroella de Fluvià;total;homes;població;;211
2002;Torroella de Fluvià;total;dones;població;;154
2002;Torroella de Fluvià;total;total;població;;365
2002;Torroella de Montgrí;total;homes;població;;4584
2002;Torroella de Montgrí;total;dones;població;;4420
2002;Torroella de Montgrí;total;total;població;;9004
2002;Torroja del Priorat;total;homes;població;;85
2002;Torroja del Priorat;total;dones;població;;58
2002;Torroja del Priorat;total;total;població;;143
2002;Tortellà;total;homes;població;;359
2002;Tortellà;total;dones;població;;354
2002;Tortellà;total;total;població;;713
2002;Tortosa;total;homes;població;;14983
2002;Tortosa;total;dones;població;;15448
2002;Tortosa;total;total;població;;30431
2002;Toses;total;homes;població;;94
2002;Toses;total;dones;població;;57
2002;Toses;total;total;població;;151
2002;Tossa de Mar;total;homes;població;;2320
2002;Tossa de Mar;total;dones;població;;2288
2002;Tossa de Mar;total;total;població;;4608
2002;Tremp;total;homes;població;;2660
2002;Tremp;total;dones;població;;2707
2002;Tremp;total;total;població;;5367
2002;Ullà;total;homes;població;;476
2002;Ullà;total;dones;població;;404
2002;Ullà;total;total;població;;880
2002;Ullastrell;total;homes;població;;633
2002;Ullastrell;total;dones;població;;597
2002;Ullastrell;total;total;població;;1230
2002;Ullastret;total;homes;població;;117
2002;Ullastret;total;dones;població;;113
2002;Ullastret;total;total;població;;230
2002;Ulldecona;total;homes;població;;3000
2002;Ulldecona;total;dones;població;;2843
2002;Ulldecona;total;total;població;;5843
2002;Ulldemolins;total;homes;població;;260
2002;Ulldemolins;total;dones;població;;234
2002;Ulldemolins;total;total;població;;494
2002;Ultramort;total;homes;població;;115
2002;Ultramort;total;dones;població;;88
2002;Ultramort;total;total;població;;203
2002;Urús;total;homes;població;;103
2002;Urús;total;dones;població;;92
2002;Urús;total;total;població;;195
2002;Vacarisses;total;homes;població;;1686
2002;Vacarisses;total;dones;població;;1495
2002;Vacarisses;total;total;població;;3181
2002;Vajol, la;total;homes;població;;67
2002;Vajol, la;total;dones;població;;56
2002;Vajol, la;total;total;població;;123
2002;Vall d'en Bas, la;total;homes;població;;1273
2002;Vall d'en Bas, la;total;dones;població;;1235
2002;Vall d'en Bas, la;total;total;població;;2508
2002;Vall de Bianya, la;total;homes;població;;573
2002;Vall de Bianya, la;total;dones;població;;585
2002;Vall de Bianya, la;total;total;població;;1158
2002;Vall de Boí, la;total;homes;població;;497
2002;Vall de Boí, la;total;dones;població;;413
2002;Vall de Boí, la;total;total;població;;910
2002;Vall de Cardós;total;homes;població;;172
2002;Vall de Cardós;total;dones;població;;164
2002;Vall de Cardós;total;total;població;;336
2002;Vallbona d'Anoia;total;homes;població;;547
2002;Vallbona d'Anoia;total;dones;població;;532
2002;Vallbona d'Anoia;total;total;població;;1079
2002;Vallbona de les Monges;total;homes;població;;133
2002;Vallbona de les Monges;total;dones;població;;139
2002;Vallbona de les Monges;total;total;població;;272
2002;Vallcebre;total;homes;població;;138
2002;Vallcebre;total;dones;població;;128
2002;Vallcebre;total;total;població;;266
2002;Vallclara;total;homes;població;;60
2002;Vallclara;total;dones;població;;51
2002;Vallclara;total;total;població;;111
2002;Vallfogona de Balaguer;total;homes;població;;775
2002;Vallfogona de Balaguer;total;dones;població;;753
2002;Vallfogona de Balaguer;total;total;població;;1528
2002;Vallfogona de Ripollès;total;homes;població;;113
2002;Vallfogona de Ripollès;total;dones;població;;101
2002;Vallfogona de Ripollès;total;total;població;;214
2002;Vallfogona de Riucorb;total;homes;població;;81
2002;Vallfogona de Riucorb;total;dones;població;;83
2002;Vallfogona de Riucorb;total;total;població;;164
2002;Vallgorguina;total;homes;població;;800
2002;Vallgorguina;total;dones;població;;716
2002;Vallgorguina;total;total;població;;1516
2002;Vallirana;total;homes;població;;5339
2002;Vallirana;total;dones;població;;5154
2002;Vallirana;total;total;població;;10493
2002;Vall-llobrega;total;homes;població;;177
2002;Vall-llobrega;total;dones;població;;275
2002;Vall-llobrega;total;total;població;;452
2002;Vallmoll;total;homes;població;;684
2002;Vallmoll;total;dones;població;;616
2002;Vallmoll;total;total;població;;1300
2002;Vallromanes;total;homes;població;;823
2002;Vallromanes;total;dones;població;;772
2002;Vallromanes;total;total;població;;1595
2002;Valls;total;homes;població;;10444
2002;Valls;total;dones;població;;10604
2002;Valls;total;total;població;;21048
2002;Valls d'Aguilar, les;total;homes;població;;170
2002;Valls d'Aguilar, les;total;dones;població;;146
2002;Valls d'Aguilar, les;total;total;població;;316
2002;Valls de Valira, les;total;homes;població;;431
2002;Valls de Valira, les;total;dones;població;;372
2002;Valls de Valira, les;total;total;població;;803
2002;Vandellòs i l'Hospitalet de l'Infant;total;homes;població;;2313
2002;Vandellòs i l'Hospitalet de l'Infant;total;dones;població;;2310
2002;Vandellòs i l'Hospitalet de l'Infant;total;total;població;;4623
2002;Vansa i Fórnols, la;total;homes;població;;93
2002;Vansa i Fórnols, la;total;dones;població;;89
2002;Vansa i Fórnols, la;total;total;població;;182
2002;Veciana;total;homes;població;;82
2002;Veciana;total;dones;població;;74
2002;Veciana;total;total;població;;156
2002;Vendrell, el;total;homes;població;;12600
2002;Vendrell, el;total;dones;població;;12397
2002;Vendrell, el;total;total;població;;24997
2002;Ventalló;total;homes;població;;349
2002;Ventalló;total;dones;població;;314
2002;Ventalló;total;total;població;;663
2002;Verdú;total;homes;població;;505
2002;Verdú;total;dones;població;;562
2002;Verdú;total;total;població;;1067
2002;Verges;total;homes;població;;573
2002;Verges;total;dones;població;;566
2002;Verges;total;total;població;;1139
2002;Vespella de Gaià;total;homes;població;;128
2002;Vespella de Gaià;total;dones;població;;98
2002;Vespella de Gaià;total;total;població;;226
2002;Vic;total;homes;població;;16873
2002;Vic;total;dones;població;;17062
2002;Vic;total;total;població;;33935
2002;Vidrà;total;homes;població;;82
2002;Vidrà;total;dones;població;;81
2002;Vidrà;total;total;població;;163
2002;Vidreres;total;homes;població;;2719
2002;Vidreres;total;dones;població;;2568
2002;Vidreres;total;total;població;;5287
2002;Vielha e Mijaran;total;homes;població;;2241
2002;Vielha e Mijaran;total;dones;població;;2111
2002;Vielha e Mijaran;total;total;població;;4352
2002;Vilabella;total;homes;població;;405
2002;Vilabella;total;dones;població;;388
2002;Vilabella;total;total;població;;793
2002;Vilabertran;total;homes;població;;413
2002;Vilabertran;total;dones;població;;400
2002;Vilabertran;total;total;població;;813
2002;Vilablareix;total;homes;població;;1053
2002;Vilablareix;total;dones;població;;1045
2002;Vilablareix;total;total;població;;2098
2002;Vilada;total;homes;població;;273
2002;Vilada;total;dones;població;;265
2002;Vilada;total;total;població;;538
2002;Viladamat;total;homes;població;;206
2002;Viladamat;total;dones;població;;191
2002;Viladamat;total;total;població;;397
2002;Viladasens;total;homes;població;;89
2002;Viladasens;total;dones;població;;84
2002;Viladasens;total;total;població;;173
2002;Viladecans;total;homes;població;;29344
2002;Viladecans;total;dones;població;;28869
2002;Viladecans;total;total;població;;58213
2002;Viladecavalls;total;homes;població;;3197
2002;Viladecavalls;total;dones;població;;3107
2002;Viladecavalls;total;total;població;;6304
2002;Vilademuls;total;homes;població;;384
2002;Vilademuls;total;dones;població;;353
2002;Vilademuls;total;total;població;;737
2002;Viladrau;total;homes;població;;451
2002;Viladrau;total;dones;població;;428
2002;Viladrau;total;total;població;;879
2002;Vilafant;total;homes;població;;2180
2002;Vilafant;total;dones;població;;2179
2002;Vilafant;total;total;població;;4359
2002;Vilafranca del Penedès;total;homes;població;;15852
2002;Vilafranca del Penedès;total;dones;població;;16087
2002;Vilafranca del Penedès;total;total;població;;31939
2002;Vilagrassa;total;homes;població;;225
2002;Vilagrassa;total;dones;població;;199
2002;Vilagrassa;total;total;població;;424
2002;Vilajuïga;total;homes;població;;500
2002;Vilajuïga;total;dones;població;;502
2002;Vilajuïga;total;total;població;;1002
2002;Vilalba dels Arcs;total;homes;població;;387
2002;Vilalba dels Arcs;total;dones;població;;355
2002;Vilalba dels Arcs;total;total;població;;742
2002;Vilalba Sasserra;total;homes;població;;268
2002;Vilalba Sasserra;total;dones;població;;230
2002;Vilalba Sasserra;total;total;població;;498
2002;Vilaller;total;homes;població;;299
2002;Vilaller;total;dones;població;;280
2002;Vilaller;total;total;població;;579
2002;Vilallonga de Ter;total;homes;població;;237
2002;Vilallonga de Ter;total;dones;població;;195
2002;Vilallonga de Ter;total;total;població;;432
2002;Vilallonga del Camp;total;homes;població;;625
2002;Vilallonga del Camp;total;dones;població;;630
2002;Vilallonga del Camp;total;total;població;;1255
2002;Vilamacolum;total;homes;població;;149
2002;Vilamacolum;total;dones;població;;132
2002;Vilamacolum;total;total;població;;281
2002;Vilamalla;total;homes;població;;456
2002;Vilamalla;total;dones;població;;395
2002;Vilamalla;total;total;població;;851
2002;Vilamaniscle;total;homes;població;;77
2002;Vilamaniscle;total;dones;població;;63
2002;Vilamaniscle;total;total;població;;140
2002;Vilamòs;total;homes;població;;76
2002;Vilamòs;total;dones;població;;75
2002;Vilamòs;total;total;població;;151
2002;Vilanant;total;homes;població;;144
2002;Vilanant;total;dones;població;;141
2002;Vilanant;total;total;població;;285
2002;Vilanova d'Escornalbou;total;homes;població;;209
2002;Vilanova d'Escornalbou;total;dones;població;;204
2002;Vilanova d'Escornalbou;total;total;població;;413
2002;Vilanova de Bellpuig;total;homes;població;;545
2002;Vilanova de Bellpuig;total;dones;població;;567
2002;Vilanova de Bellpuig;total;total;població;;1112
2002;Vilanova de l'Aguda;total;homes;població;;134
2002;Vilanova de l'Aguda;total;dones;població;;130
2002;Vilanova de l'Aguda;total;total;població;;264
2002;Vilanova de la Barca;total;homes;població;;456
2002;Vilanova de la Barca;total;dones;població;;449
2002;Vilanova de la Barca;total;total;població;;905
2002;Vilanova de Meià;total;homes;població;;224
2002;Vilanova de Meià;total;dones;població;;214
2002;Vilanova de Meià;total;total;població;;438
2002;Vilanova de Prades;total;homes;població;;78
2002;Vilanova de Prades;total;dones;població;;70
2002;Vilanova de Prades;total;total;població;;148
2002;Vilanova de Sau;total;homes;població;;150
2002;Vilanova de Sau;total;dones;població;;179
2002;Vilanova de Sau;total;total;població;;329
2002;Vilanova de Segrià;total;homes;població;;402
2002;Vilanova de Segrià;total;dones;població;;398
2002;Vilanova de Segrià;total;total;població;;800
2002;Vilanova del Camí;total;homes;població;;5265
2002;Vilanova del Camí;total;dones;població;;5181
2002;Vilanova del Camí;total;total;població;;10446
2002;Vilanova del Vallès;total;homes;població;;1307
2002;Vilanova del Vallès;total;dones;població;;1297
2002;Vilanova del Vallès;total;total;població;;2604
2002;Vilanova i la Geltrú;total;homes;població;;27142
2002;Vilanova i la Geltrú;total;dones;població;;27921
2002;Vilanova i la Geltrú;total;total;població;;55063
2002;Vilaplana;total;homes;població;;284
2002;Vilaplana;total;dones;població;;268
2002;Vilaplana;total;total;població;;552
2002;Vila-rodona;total;homes;població;;573
2002;Vila-rodona;total;dones;població;;470
2002;Vila-rodona;total;total;població;;1043
2002;Vila-sacra;total;homes;població;;209
2002;Vila-sacra;total;dones;població;;205
2002;Vila-sacra;total;total;població;;414
2002;Vila-sana;total;homes;població;;272
2002;Vila-sana;total;dones;població;;279
2002;Vila-sana;total;total;població;;551
2002;Vila-seca;total;homes;població;;7014
2002;Vila-seca;total;dones;població;;6913
2002;Vila-seca;total;total;població;;13927
2002;Vilassar de Dalt;total;homes;població;;3858
2002;Vilassar de Dalt;total;dones;població;;3894
2002;Vilassar de Dalt;total;total;població;;7752
2002;Vilassar de Mar;total;homes;població;;8691
2002;Vilassar de Mar;total;dones;població;;9030
2002;Vilassar de Mar;total;total;població;;17721
2002;Vilaür;total;homes;població;;69
2002;Vilaür;total;dones;població;;54
2002;Vilaür;total;total;població;;123
2002;Vilaverd;total;homes;població;;197
2002;Vilaverd;total;dones;població;;189
2002;Vilaverd;total;total;població;;386
2002;Vilella Alta, la;total;homes;població;;62
2002;Vilella Alta, la;total;dones;població;;54
2002;Vilella Alta, la;total;total;població;;116
2002;Vilella Baixa, la;total;homes;població;;97
2002;Vilella Baixa, la;total;dones;població;;82
2002;Vilella Baixa, la;total;total;població;;179
2002;Vilobí d'Onyar;total;homes;població;;1252
2002;Vilobí d'Onyar;total;dones;població;;1076
2002;Vilobí d'Onyar;total;total;població;;2328
2002;Vilobí del Penedès;total;homes;població;;477
2002;Vilobí del Penedès;total;dones;població;;444
2002;Vilobí del Penedès;total;total;població;;921
2002;Vilopriu;total;homes;població;;77
2002;Vilopriu;total;dones;població;;75
2002;Vilopriu;total;total;població;;152
2002;Vilosell, el;total;homes;població;;91
2002;Vilosell, el;total;dones;població;;103
2002;Vilosell, el;total;total;població;;194
2002;Vimbodí i Poblet;total;homes;població;;578
2002;Vimbodí i Poblet;total;dones;població;;475
2002;Vimbodí i Poblet;total;total;població;;1053
2002;Vinaixa;total;homes;població;;309
2002;Vinaixa;total;dones;població;;309
2002;Vinaixa;total;total;població;;618
2002;Vinebre;total;homes;població;;238
2002;Vinebre;total;dones;població;;221
2002;Vinebre;total;total;població;;459
2002;Vinyols i els Arcs;total;homes;població;;693
2002;Vinyols i els Arcs;total;dones;població;;630
2002;Vinyols i els Arcs;total;total;població;;1323
2002;Viver i Serrateix;total;homes;població;;100
2002;Viver i Serrateix;total;dones;població;;94
2002;Viver i Serrateix;total;total;població;;194
2002;Xerta;total;homes;població;;600
2002;Xerta;total;dones;població;;612
2002;Xerta;total;total;població;;1212
2002;Catalunya;total;homes;població;;3201029
2002;Catalunya;total;dones;població;;3305411
2002;Catalunya;total;total;població;;6506440
