any;municipi;edat any a any;sexe;concepte;estat;valor
2017;Abella de la Conca;total;homes;població;;102
2017;Abella de la Conca;total;dones;població;;82
2017;Abella de la Conca;total;total;població;;184
2017;Abrera;total;homes;població;;6283
2017;Abrera;total;dones;població;;6080
2017;Abrera;total;total;població;;12363
2017;Àger;total;homes;població;;315
2017;Àger;total;dones;població;;271
2017;Àger;total;total;població;;586
2017;Agramunt;total;homes;població;;2706
2017;Agramunt;total;dones;població;;2699
2017;Agramunt;total;total;població;;5405
2017;Aguilar de Segarra;total;homes;població;;142
2017;Aguilar de Segarra;total;dones;població;;121
2017;Aguilar de Segarra;total;total;població;;263
2017;Agullana;total;homes;població;;414
2017;Agullana;total;dones;població;;417
2017;Agullana;total;total;població;;831
2017;Aiguafreda;total;homes;població;;1204
2017;Aiguafreda;total;dones;població;;1310
2017;Aiguafreda;total;total;població;;2514
2017;Aiguamúrcia;total;homes;població;;460
2017;Aiguamúrcia;total;dones;població;;433
2017;Aiguamúrcia;total;total;població;;893
2017;Aiguaviva;total;homes;població;;395
2017;Aiguaviva;total;dones;població;;384
2017;Aiguaviva;total;total;població;;779
2017;Aitona;total;homes;població;;1321
2017;Aitona;total;dones;població;;1227
2017;Aitona;total;total;població;;2548
2017;Alamús, els;total;homes;població;;411
2017;Alamús, els;total;dones;població;;366
2017;Alamús, els;total;total;població;;777
2017;Alàs i Cerc;total;homes;població;;178
2017;Alàs i Cerc;total;dones;població;;173
2017;Alàs i Cerc;total;total;població;;351
2017;Albagés, l';total;homes;població;;211
2017;Albagés, l';total;dones;població;;182
2017;Albagés, l';total;total;població;;393
2017;Albanyà;total;homes;població;;75
2017;Albanyà;total;dones;població;;66
2017;Albanyà;total;total;població;;141
2017;Albatàrrec;total;homes;població;;1183
2017;Albatàrrec;total;dones;població;;1092
2017;Albatàrrec;total;total;població;;2275
2017;Albesa;total;homes;població;;855
2017;Albesa;total;dones;població;;727
2017;Albesa;total;total;població;;1582
2017;Albi, l';total;homes;població;;404
2017;Albi, l';total;dones;població;;377
2017;Albi, l';total;total;població;;781
2017;Albinyana;total;homes;població;;1185
2017;Albinyana;total;dones;població;;1155
2017;Albinyana;total;total;població;;2340
2017;Albiol, l';total;homes;població;;247
2017;Albiol, l';total;dones;població;;232
2017;Albiol, l';total;total;població;;479
2017;Albons;total;homes;població;;381
2017;Albons;total;dones;població;;388
2017;Albons;total;total;població;;769
2017;Alcanar;total;homes;població;;4738
2017;Alcanar;total;dones;població;;4655
2017;Alcanar;total;total;població;;9393
2017;Alcanó;total;homes;població;;121
2017;Alcanó;total;dones;població;;122
2017;Alcanó;total;total;població;;243
2017;Alcarràs;total;homes;població;;4836
2017;Alcarràs;total;dones;població;;4527
2017;Alcarràs;total;total;població;;9363
2017;Alcoletge;total;homes;població;;1773
2017;Alcoletge;total;dones;població;;1642
2017;Alcoletge;total;total;població;;3415
2017;Alcover;total;homes;població;;2571
2017;Alcover;total;dones;població;;2592
2017;Alcover;total;total;població;;5163
2017;Aldea, l';total;homes;població;;2215
2017;Aldea, l';total;dones;població;;1996
2017;Aldea, l';total;total;població;;4211
2017;Aldover;total;homes;població;;420
2017;Aldover;total;dones;població;;422
2017;Aldover;total;total;població;;842
2017;Aleixar, l';total;homes;població;;445
2017;Aleixar, l';total;dones;població;;421
2017;Aleixar, l';total;total;població;;866
2017;Alella;total;homes;població;;4704
2017;Alella;total;dones;població;;4921
2017;Alella;total;total;població;;9625
2017;Alfara de Carles;total;homes;població;;199
2017;Alfara de Carles;total;dones;població;;170
2017;Alfara de Carles;total;total;població;;369
2017;Alfarràs;total;homes;població;;1515
2017;Alfarràs;total;dones;població;;1364
2017;Alfarràs;total;total;població;;2879
2017;Alfés;total;homes;població;;162
2017;Alfés;total;dones;població;;151
2017;Alfés;total;total;població;;313
2017;Alforja;total;homes;població;;923
2017;Alforja;total;dones;població;;876
2017;Alforja;total;total;població;;1799
2017;Algerri;total;homes;població;;222
2017;Algerri;total;dones;població;;195
2017;Algerri;total;total;població;;417
2017;Alguaire;total;homes;població;;1562
2017;Alguaire;total;dones;població;;1408
2017;Alguaire;total;total;població;;2970
2017;Alins;total;homes;població;;152
2017;Alins;total;dones;població;;134
2017;Alins;total;total;població;;286
2017;Alió;total;homes;població;;195
2017;Alió;total;dones;població;;213
2017;Alió;total;total;població;;408
2017;Almacelles;total;homes;població;;3577
2017;Almacelles;total;dones;població;;3280
2017;Almacelles;total;total;població;;6857
2017;Almatret;total;homes;població;;174
2017;Almatret;total;dones;població;;145
2017;Almatret;total;total;població;;319
2017;Almenar;total;homes;població;;1838
2017;Almenar;total;dones;població;;1630
2017;Almenar;total;total;població;;3468
2017;Almoster;total;homes;població;;682
2017;Almoster;total;dones;població;;679
2017;Almoster;total;total;població;;1361
2017;Alòs de Balaguer;total;homes;població;;74
2017;Alòs de Balaguer;total;dones;població;;54
2017;Alòs de Balaguer;total;total;població;;128
2017;Alp;total;homes;població;;775
2017;Alp;total;dones;població;;724
2017;Alp;total;total;població;;1499
2017;Alpens;total;homes;població;;144
2017;Alpens;total;dones;població;;133
2017;Alpens;total;total;població;;277
2017;Alpicat;total;homes;població;;3146
2017;Alpicat;total;dones;població;;3139
2017;Alpicat;total;total;població;;6285
2017;Alt Àneu;total;homes;població;;229
2017;Alt Àneu;total;dones;població;;176
2017;Alt Àneu;total;total;població;;405
2017;Altafulla;total;homes;població;;2485
2017;Altafulla;total;dones;població;;2604
2017;Altafulla;total;total;població;;5089
2017;Amer;total;homes;població;;1090
2017;Amer;total;dones;població;;1152
2017;Amer;total;total;població;;2242
2017;Ametlla de Mar, l';total;homes;població;;3473
2017;Ametlla de Mar, l';total;dones;població;;3414
2017;Ametlla de Mar, l';total;total;població;;6887
2017;Ametlla del Vallès, l';total;homes;població;;4228
2017;Ametlla del Vallès, l';total;dones;població;;4140
2017;Ametlla del Vallès, l';total;total;població;;8368
2017;Ampolla, l';total;homes;població;;1699
2017;Ampolla, l';total;dones;població;;1635
2017;Ampolla, l';total;total;població;;3334
2017;Amposta;total;homes;població;;10331
2017;Amposta;total;dones;població;;10241
2017;Amposta;total;total;població;;20572
2017;Anglès;total;homes;població;;2713
2017;Anglès;total;dones;població;;2766
2017;Anglès;total;total;població;;5479
2017;Anglesola;total;homes;població;;665
2017;Anglesola;total;dones;població;;659
2017;Anglesola;total;total;població;;1324
2017;Arbeca;total;homes;població;;1129
2017;Arbeca;total;dones;població;;1102
2017;Arbeca;total;total;població;;2231
2017;Arboç, l';total;homes;població;;2822
2017;Arboç, l';total;dones;població;;2667
2017;Arboç, l';total;total;població;;5489
2017;Arbolí;total;homes;població;;70
2017;Arbolí;total;dones;població;;53
2017;Arbolí;total;total;població;;123
2017;Arbúcies;total;homes;població;;3307
2017;Arbúcies;total;dones;població;;3120
2017;Arbúcies;total;total;població;;6427
2017;Arenys de Mar;total;homes;població;;7457
2017;Arenys de Mar;total;dones;població;;7911
2017;Arenys de Mar;total;total;població;;15368
2017;Arenys de Munt;total;homes;població;;4380
2017;Arenys de Munt;total;dones;població;;4348
2017;Arenys de Munt;total;total;població;;8728
2017;Argelaguer;total;homes;població;;219
2017;Argelaguer;total;dones;població;;204
2017;Argelaguer;total;total;població;;423
2017;Argençola;total;homes;població;;113
2017;Argençola;total;dones;població;;107
2017;Argençola;total;total;població;;220
2017;Argentera, l';total;homes;població;;76
2017;Argentera, l';total;dones;població;;59
2017;Argentera, l';total;total;població;;135
2017;Argentona;total;homes;població;;5947
2017;Argentona;total;dones;població;;6186
2017;Argentona;total;total;població;;12133
2017;Armentera, l';total;homes;població;;480
2017;Armentera, l';total;dones;població;;469
2017;Armentera, l';total;total;població;;949
2017;Arnes;total;homes;població;;234
2017;Arnes;total;dones;població;;225
2017;Arnes;total;total;població;;459
2017;Arres;total;homes;població;;37
2017;Arres;total;dones;població;;22
2017;Arres;total;total;població;;59
2017;Arsèguel;total;homes;població;;48
2017;Arsèguel;total;dones;població;;34
2017;Arsèguel;total;total;població;;82
2017;Artés;total;homes;població;;2822
2017;Artés;total;dones;població;;2763
2017;Artés;total;total;població;;5585
2017;Artesa de Lleida;total;homes;població;;795
2017;Artesa de Lleida;total;dones;població;;732
2017;Artesa de Lleida;total;total;població;;1527
2017;Artesa de Segre;total;homes;població;;1791
2017;Artesa de Segre;total;dones;població;;1717
2017;Artesa de Segre;total;total;població;;3508
2017;Ascó;total;homes;població;;868
2017;Ascó;total;dones;població;;822
2017;Ascó;total;total;població;;1690
2017;Aspa;total;homes;població;;107
2017;Aspa;total;dones;població;;107
2017;Aspa;total;total;població;;214
2017;Avellanes i Santa Linya, les;total;homes;població;;262
2017;Avellanes i Santa Linya, les;total;dones;població;;193
2017;Avellanes i Santa Linya, les;total;total;població;;455
2017;Avià;total;homes;població;;1112
2017;Avià;total;dones;població;;1137
2017;Avià;total;total;població;;2249
2017;Avinyó;total;homes;població;;1119
2017;Avinyó;total;dones;població;;1121
2017;Avinyó;total;total;població;;2240
2017;Avinyonet de Puigventós;total;homes;població;;781
2017;Avinyonet de Puigventós;total;dones;població;;784
2017;Avinyonet de Puigventós;total;total;població;;1565
2017;Avinyonet del Penedès;total;homes;població;;873
2017;Avinyonet del Penedès;total;dones;població;;780
2017;Avinyonet del Penedès;total;total;població;;1653
2017;Badalona;total;homes;població;;106216
2017;Badalona;total;dones;població;;109632
2017;Badalona;total;total;població;;215848
2017;Badia del Vallès;total;homes;població;;6586
2017;Badia del Vallès;total;dones;població;;6880
2017;Badia del Vallès;total;total;població;;13466
2017;Bagà;total;homes;població;;1061
2017;Bagà;total;dones;població;;1088
2017;Bagà;total;total;població;;2149
2017;Baix Pallars;total;homes;població;;183
2017;Baix Pallars;total;dones;població;;158
2017;Baix Pallars;total;total;població;;341
2017;Balaguer;total;homes;població;;8420
2017;Balaguer;total;dones;població;;8250
2017;Balaguer;total;total;població;;16670
2017;Balenyà;total;homes;població;;1844
2017;Balenyà;total;dones;població;;1821
2017;Balenyà;total;total;població;;3665
2017;Balsareny;total;homes;població;;1618
2017;Balsareny;total;dones;població;;1622
2017;Balsareny;total;total;població;;3240
2017;Banyeres del Penedès;total;homes;població;;1572
2017;Banyeres del Penedès;total;dones;població;;1549
2017;Banyeres del Penedès;total;total;població;;3121
2017;Banyoles;total;homes;població;;9644
2017;Banyoles;total;dones;població;;9753
2017;Banyoles;total;total;població;;19397
2017;Barbens;total;homes;població;;497
2017;Barbens;total;dones;població;;436
2017;Barbens;total;total;població;;933
2017;Barberà de la Conca;total;homes;població;;254
2017;Barberà de la Conca;total;dones;població;;223
2017;Barberà de la Conca;total;total;població;;477
2017;Barberà del Vallès;total;homes;població;;16211
2017;Barberà del Vallès;total;dones;població;;16649
2017;Barberà del Vallès;total;total;població;;32860
2017;Barcelona;total;homes;població;;766625
2017;Barcelona;total;dones;població;;854184
2017;Barcelona;total;total;població;;1620809
2017;Baronia de Rialb, la;total;homes;població;;124
2017;Baronia de Rialb, la;total;dones;població;;111
2017;Baronia de Rialb, la;total;total;població;;235
2017;Bàscara;total;homes;població;;514
2017;Bàscara;total;dones;població;;475
2017;Bàscara;total;total;població;;989
2017;Bassella;total;homes;població;;109
2017;Bassella;total;dones;població;;120
2017;Bassella;total;total;població;;229
2017;Batea;total;homes;població;;965
2017;Batea;total;dones;població;;973
2017;Batea;total;total;població;;1938
2017;Bausen;total;homes;població;;33
2017;Bausen;total;dones;població;;34
2017;Bausen;total;total;població;;67
2017;Begues;total;homes;població;;3375
2017;Begues;total;dones;població;;3455
2017;Begues;total;total;població;;6830
2017;Begur;total;homes;població;;1974
2017;Begur;total;dones;població;;1959
2017;Begur;total;total;població;;3933
2017;Belianes;total;homes;població;;261
2017;Belianes;total;dones;població;;258
2017;Belianes;total;total;població;;519
2017;Bellaguarda;total;homes;població;;159
2017;Bellaguarda;total;dones;població;;146
2017;Bellaguarda;total;total;població;;305
2017;Bellcaire d'Empordà;total;homes;població;;328
2017;Bellcaire d'Empordà;total;dones;població;;340
2017;Bellcaire d'Empordà;total;total;població;;668
2017;Bellcaire d'Urgell;total;homes;població;;623
2017;Bellcaire d'Urgell;total;dones;població;;614
2017;Bellcaire d'Urgell;total;total;població;;1237
2017;Bell-lloc d'Urgell;total;homes;població;;1157
2017;Bell-lloc d'Urgell;total;dones;població;;1164
2017;Bell-lloc d'Urgell;total;total;població;;2321
2017;Bellmunt d'Urgell;total;homes;població;;92
2017;Bellmunt d'Urgell;total;dones;població;;96
2017;Bellmunt d'Urgell;total;total;població;;188
2017;Bellmunt del Priorat;total;homes;població;;146
2017;Bellmunt del Priorat;total;dones;població;;144
2017;Bellmunt del Priorat;total;total;població;;290
2017;Bellprat;total;homes;població;;46
2017;Bellprat;total;dones;població;;28
2017;Bellprat;total;total;població;;74
2017;Bellpuig;total;homes;població;;2591
2017;Bellpuig;total;dones;població;;2394
2017;Bellpuig;total;total;població;;4985
2017;Bellvei;total;homes;població;;1125
2017;Bellvei;total;dones;població;;1068
2017;Bellvei;total;total;població;;2193
2017;Bellver de Cerdanya;total;homes;població;;1014
2017;Bellver de Cerdanya;total;dones;població;;959
2017;Bellver de Cerdanya;total;total;població;;1973
2017;Bellvís;total;homes;població;;1157
2017;Bellvís;total;dones;població;;1119
2017;Bellvís;total;total;població;;2276
2017;Benavent de Segrià;total;homes;població;;753
2017;Benavent de Segrià;total;dones;població;;689
2017;Benavent de Segrià;total;total;població;;1442
2017;Benifallet;total;homes;població;;345
2017;Benifallet;total;dones;població;;376
2017;Benifallet;total;total;població;;721
2017;Benissanet;total;homes;població;;631
2017;Benissanet;total;dones;població;;541
2017;Benissanet;total;total;població;;1172
2017;Berga;total;homes;població;;7945
2017;Berga;total;dones;població;;8170
2017;Berga;total;total;població;;16115
2017;Besalú;total;homes;població;;1153
2017;Besalú;total;dones;població;;1290
2017;Besalú;total;total;població;;2443
2017;Bescanó;total;homes;població;;2479
2017;Bescanó;total;dones;població;;2450
2017;Bescanó;total;total;població;;4929
2017;Beuda;total;homes;població;;101
2017;Beuda;total;dones;població;;80
2017;Beuda;total;total;població;;181
2017;Bigues i Riells del Fai;total;homes;població;;4569
2017;Bigues i Riells del Fai;total;dones;població;;4388
2017;Bigues i Riells del Fai;total;total;població;;8957
2017;Biosca;total;homes;població;;99
2017;Biosca;total;dones;població;;87
2017;Biosca;total;total;població;;186
2017;Bisbal d'Empordà, la;total;homes;població;;5365
2017;Bisbal d'Empordà, la;total;dones;població;;5410
2017;Bisbal d'Empordà, la;total;total;població;;10775
2017;Bisbal de Montsant, la;total;homes;població;;117
2017;Bisbal de Montsant, la;total;dones;població;;100
2017;Bisbal de Montsant, la;total;total;població;;217
2017;Bisbal del Penedès, la;total;homes;població;;1846
2017;Bisbal del Penedès, la;total;dones;població;;1614
2017;Bisbal del Penedès, la;total;total;població;;3460
2017;Biure;total;homes;població;;118
2017;Biure;total;dones;població;;112
2017;Biure;total;total;població;;230
2017;Blancafort;total;homes;població;;199
2017;Blancafort;total;dones;població;;182
2017;Blancafort;total;total;població;;381
2017;Blanes;total;homes;població;;19333
2017;Blanes;total;dones;població;;19480
2017;Blanes;total;total;població;;38813
2017;Boadella i les Escaules;total;homes;població;;140
2017;Boadella i les Escaules;total;dones;població;;127
2017;Boadella i les Escaules;total;total;població;;267
2017;Bolvir;total;homes;població;;199
2017;Bolvir;total;dones;població;;181
2017;Bolvir;total;total;població;;380
2017;Bonastre;total;homes;població;;333
2017;Bonastre;total;dones;població;;328
2017;Bonastre;total;total;població;;661
2017;Bòrdes, Es;total;homes;població;;140
2017;Bòrdes, Es;total;dones;població;;112
2017;Bòrdes, Es;total;total;població;;252
2017;Bordils;total;homes;població;;854
2017;Bordils;total;dones;població;;839
2017;Bordils;total;total;població;;1693
2017;Borges Blanques, les;total;homes;població;;3068
2017;Borges Blanques, les;total;dones;població;;2937
2017;Borges Blanques, les;total;total;població;;6005
2017;Borges del Camp, les;total;homes;població;;1057
2017;Borges del Camp, les;total;dones;població;;1023
2017;Borges del Camp, les;total;total;població;;2080
2017;Borrassà;total;homes;població;;367
2017;Borrassà;total;dones;població;;348
2017;Borrassà;total;total;població;;715
2017;Borredà;total;homes;població;;267
2017;Borredà;total;dones;població;;213
2017;Borredà;total;total;població;;480
2017;Bossòst;total;homes;població;;546
2017;Bossòst;total;dones;població;;574
2017;Bossòst;total;total;població;;1120
2017;Bot;total;homes;població;;306
2017;Bot;total;dones;població;;303
2017;Bot;total;total;població;;609
2017;Botarell;total;homes;població;;566
2017;Botarell;total;dones;població;;512
2017;Botarell;total;total;població;;1078
2017;Bovera;total;homes;població;;147
2017;Bovera;total;dones;població;;119
2017;Bovera;total;total;població;;266
2017;Bràfim;total;homes;població;;335
2017;Bràfim;total;dones;població;;337
2017;Bràfim;total;total;població;;672
2017;Breda;total;homes;població;;1844
2017;Breda;total;dones;població;;1896
2017;Breda;total;total;població;;3740
2017;Bruc, el;total;homes;població;;1073
2017;Bruc, el;total;dones;població;;915
2017;Bruc, el;total;total;població;;1988
2017;Brull, el;total;homes;població;;139
2017;Brull, el;total;dones;població;;119
2017;Brull, el;total;total;població;;258
2017;Brunyola i Sant Martí Sapresa;total;homes;població;;185
2017;Brunyola i Sant Martí Sapresa;total;dones;població;;184
2017;Brunyola i Sant Martí Sapresa;total;total;població;;369
2017;Cabacés;total;homes;població;;159
2017;Cabacés;total;dones;població;;150
2017;Cabacés;total;total;població;;309
2017;Cabanabona;total;homes;població;;35
2017;Cabanabona;total;dones;població;;46
2017;Cabanabona;total;total;població;;81
2017;Cabanelles;total;homes;població;;150
2017;Cabanelles;total;dones;població;;115
2017;Cabanelles;total;total;població;;265
2017;Cabanes;total;homes;població;;490
2017;Cabanes;total;dones;població;;413
2017;Cabanes;total;total;població;;903
2017;Cabanyes, les;total;homes;població;;484
2017;Cabanyes, les;total;dones;població;;463
2017;Cabanyes, les;total;total;població;;947
2017;Cabó;total;homes;població;;51
2017;Cabó;total;dones;població;;42
2017;Cabó;total;total;població;;93
2017;Cabra del Camp;total;homes;població;;592
2017;Cabra del Camp;total;dones;població;;539
2017;Cabra del Camp;total;total;població;;1131
2017;Cabrera d'Anoia;total;homes;població;;724
2017;Cabrera d'Anoia;total;dones;població;;640
2017;Cabrera d'Anoia;total;total;població;;1364
2017;Cabrera de Mar;total;homes;població;;2325
2017;Cabrera de Mar;total;dones;població;;2269
2017;Cabrera de Mar;total;total;població;;4594
2017;Cabrils;total;homes;població;;3602
2017;Cabrils;total;dones;població;;3694
2017;Cabrils;total;total;població;;7296
2017;Cadaqués;total;homes;població;;1359
2017;Cadaqués;total;dones;població;;1435
2017;Cadaqués;total;total;població;;2794
2017;Calaf;total;homes;població;;1776
2017;Calaf;total;dones;població;;1701
2017;Calaf;total;total;població;;3477
2017;Calafell;total;homes;població;;12541
2017;Calafell;total;dones;població;;12357
2017;Calafell;total;total;població;;24898
2017;Calders;total;homes;població;;497
2017;Calders;total;dones;població;;465
2017;Calders;total;total;població;;962
2017;Caldes d'Estrac;total;homes;població;;1356
2017;Caldes d'Estrac;total;dones;població;;1467
2017;Caldes d'Estrac;total;total;població;;2823
2017;Caldes de Malavella;total;homes;població;;3646
2017;Caldes de Malavella;total;dones;població;;3705
2017;Caldes de Malavella;total;total;població;;7351
2017;Caldes de Montbui;total;homes;població;;8524
2017;Caldes de Montbui;total;dones;població;;8663
2017;Caldes de Montbui;total;total;població;;17187
2017;Calella;total;homes;població;;9015
2017;Calella;total;dones;població;;9466
2017;Calella;total;total;població;;18481
2017;Calldetenes;total;homes;població;;1238
2017;Calldetenes;total;dones;població;;1208
2017;Calldetenes;total;total;població;;2446
2017;Callús;total;homes;població;;1008
2017;Callús;total;dones;població;;1059
2017;Callús;total;total;població;;2067
2017;Calonge de Segarra;total;homes;població;;100
2017;Calonge de Segarra;total;dones;població;;98
2017;Calonge de Segarra;total;total;població;;198
2017;Calonge i Sant Antoni;total;homes;població;;5409
2017;Calonge i Sant Antoni;total;dones;població;;5395
2017;Calonge i Sant Antoni;total;total;població;;10804
2017;Camarasa;total;homes;població;;439
2017;Camarasa;total;dones;població;;424
2017;Camarasa;total;total;població;;863
2017;Camarles;total;homes;població;;1661
2017;Camarles;total;dones;població;;1609
2017;Camarles;total;total;població;;3270
2017;Cambrils;total;homes;població;;16099
2017;Cambrils;total;dones;població;;16756
2017;Cambrils;total;total;població;;32855
2017;Camós;total;homes;població;;343
2017;Camós;total;dones;població;;344
2017;Camós;total;total;població;;687
2017;Campdevànol;total;homes;població;;1585
2017;Campdevànol;total;dones;població;;1658
2017;Campdevànol;total;total;població;;3243
2017;Campelles;total;homes;població;;70
2017;Campelles;total;dones;població;;65
2017;Campelles;total;total;població;;135
2017;Campins;total;homes;població;;260
2017;Campins;total;dones;població;;238
2017;Campins;total;total;població;;498
2017;Campllong;total;homes;població;;257
2017;Campllong;total;dones;població;;268
2017;Campllong;total;total;població;;525
2017;Camprodon;total;homes;població;;1091
2017;Camprodon;total;dones;població;;1123
2017;Camprodon;total;total;població;;2214
2017;Canejan;total;homes;població;;51
2017;Canejan;total;dones;població;;37
2017;Canejan;total;total;població;;88
2017;Canet d'Adri;total;homes;població;;358
2017;Canet d'Adri;total;dones;població;;345
2017;Canet d'Adri;total;total;població;;703
2017;Canet de Mar;total;homes;població;;7008
2017;Canet de Mar;total;dones;població;;7415
2017;Canet de Mar;total;total;població;;14423
2017;Canonja, la;total;homes;població;;2849
2017;Canonja, la;total;dones;població;;2955
2017;Canonja, la;total;total;població;;5804
2017;Canovelles;total;homes;població;;8326
2017;Canovelles;total;dones;població;;7819
2017;Canovelles;total;total;població;;16145
2017;Cànoves i Samalús;total;homes;població;;1472
2017;Cànoves i Samalús;total;dones;població;;1434
2017;Cànoves i Samalús;total;total;població;;2906
2017;Cantallops;total;homes;població;;162
2017;Cantallops;total;dones;població;;160
2017;Cantallops;total;total;població;;322
2017;Canyelles;total;homes;població;;2251
2017;Canyelles;total;dones;població;;2137
2017;Canyelles;total;total;població;;4388
2017;Capafonts;total;homes;població;;54
2017;Capafonts;total;dones;població;;48
2017;Capafonts;total;total;població;;102
2017;Capçanes;total;homes;població;;201
2017;Capçanes;total;dones;població;;202
2017;Capçanes;total;total;població;;403
2017;Capellades;total;homes;població;;2582
2017;Capellades;total;dones;població;;2643
2017;Capellades;total;total;població;;5225
2017;Capmany;total;homes;població;;316
2017;Capmany;total;dones;població;;307
2017;Capmany;total;total;població;;623
2017;Capolat;total;homes;població;;47
2017;Capolat;total;dones;població;;52
2017;Capolat;total;total;població;;99
2017;Cardedeu;total;homes;població;;8951
2017;Cardedeu;total;dones;població;;9259
2017;Cardedeu;total;total;població;;18210
2017;Cardona;total;homes;població;;2316
2017;Cardona;total;dones;població;;2412
2017;Cardona;total;total;població;;4728
2017;Carme;total;homes;població;;407
2017;Carme;total;dones;població;;384
2017;Carme;total;total;població;;791
2017;Caseres;total;homes;població;;118
2017;Caseres;total;dones;població;;116
2017;Caseres;total;total;població;;234
2017;Cassà de la Selva;total;homes;població;;5199
2017;Cassà de la Selva;total;dones;població;;5032
2017;Cassà de la Selva;total;total;població;;10231
2017;Casserres;total;homes;població;;767
2017;Casserres;total;dones;població;;790
2017;Casserres;total;total;població;;1557
2017;Castell d'Aro, Platja d'Aro i s'Agaró;total;homes;població;;5214
2017;Castell d'Aro, Platja d'Aro i s'Agaró;total;dones;població;;5379
2017;Castell d'Aro, Platja d'Aro i s'Agaró;total;total;població;;10593
2017;Castell de l'Areny;total;homes;població;;40
2017;Castell de l'Areny;total;dones;població;;29
2017;Castell de l'Areny;total;total;població;;69
2017;Castell de Mur;total;homes;població;;94
2017;Castell de Mur;total;dones;població;;74
2017;Castell de Mur;total;total;població;;168
2017;Castellar de la Ribera;total;homes;població;;72
2017;Castellar de la Ribera;total;dones;població;;68
2017;Castellar de la Ribera;total;total;població;;140
2017;Castellar de n'Hug;total;homes;població;;86
2017;Castellar de n'Hug;total;dones;població;;73
2017;Castellar de n'Hug;total;total;població;;159
2017;Castellar del Riu;total;homes;població;;96
2017;Castellar del Riu;total;dones;població;;70
2017;Castellar del Riu;total;total;població;;166
2017;Castellar del Vallès;total;homes;població;;11702
2017;Castellar del Vallès;total;dones;població;;12074
2017;Castellar del Vallès;total;total;població;;23776
2017;Castellbell i el Vilar;total;homes;població;;1856
2017;Castellbell i el Vilar;total;dones;població;;1762
2017;Castellbell i el Vilar;total;total;població;;3618
2017;Castellbisbal;total;homes;població;;6220
2017;Castellbisbal;total;dones;població;;6077
2017;Castellbisbal;total;total;població;;12297
2017;Castellcir;total;homes;població;;373
2017;Castellcir;total;dones;població;;350
2017;Castellcir;total;total;població;;723
2017;Castelldans;total;homes;població;;506
2017;Castelldans;total;dones;població;;437
2017;Castelldans;total;total;població;;943
2017;Castelldefels;total;homes;població;;32562
2017;Castelldefels;total;dones;població;;33392
2017;Castelldefels;total;total;població;;65954
2017;Castellet i la Gornal;total;homes;població;;1132
2017;Castellet i la Gornal;total;dones;població;;1101
2017;Castellet i la Gornal;total;total;població;;2233
2017;Castellfollit de la Roca;total;homes;població;;486
2017;Castellfollit de la Roca;total;dones;població;;465
2017;Castellfollit de la Roca;total;total;població;;951
2017;Castellfollit de Riubregós;total;homes;població;;91
2017;Castellfollit de Riubregós;total;dones;població;;69
2017;Castellfollit de Riubregós;total;total;població;;160
2017;Castellfollit del Boix;total;homes;població;;225
2017;Castellfollit del Boix;total;dones;població;;215
2017;Castellfollit del Boix;total;total;població;;440
2017;Castellgalí;total;homes;població;;1056
2017;Castellgalí;total;dones;població;;961
2017;Castellgalí;total;total;població;;2017
2017;Castellnou de Bages;total;homes;població;;658
2017;Castellnou de Bages;total;dones;població;;645
2017;Castellnou de Bages;total;total;població;;1303
2017;Castellnou de Seana;total;homes;població;;362
2017;Castellnou de Seana;total;dones;població;;324
2017;Castellnou de Seana;total;total;població;;686
2017;Castelló d'Empúries;total;homes;població;;5474
2017;Castelló d'Empúries;total;dones;població;;5317
2017;Castelló d'Empúries;total;total;població;;10791
2017;Castelló de Farfanya;total;homes;població;;289
2017;Castelló de Farfanya;total;dones;població;;253
2017;Castelló de Farfanya;total;total;població;;542
2017;Castellolí;total;homes;població;;289
2017;Castellolí;total;dones;població;;310
2017;Castellolí;total;total;població;;599
2017;Castellserà;total;homes;població;;507
2017;Castellserà;total;dones;població;;501
2017;Castellserà;total;total;població;;1008
2017;Castellterçol;total;homes;població;;1182
2017;Castellterçol;total;dones;població;;1192
2017;Castellterçol;total;total;població;;2374
2017;Castellvell del Camp;total;homes;població;;1425
2017;Castellvell del Camp;total;dones;població;;1424
2017;Castellvell del Camp;total;total;població;;2849
2017;Castellví de la Marca;total;homes;població;;772
2017;Castellví de la Marca;total;dones;població;;782
2017;Castellví de la Marca;total;total;població;;1554
2017;Castellví de Rosanes;total;homes;població;;898
2017;Castellví de Rosanes;total;dones;població;;928
2017;Castellví de Rosanes;total;total;població;;1826
2017;Catllar, el;total;homes;població;;2195
2017;Catllar, el;total;dones;població;;2056
2017;Catllar, el;total;total;població;;4251
2017;Cava;total;homes;població;;32
2017;Cava;total;dones;població;;20
2017;Cava;total;total;població;;52
2017;Cellera de Ter, la;total;homes;població;;1004
2017;Cellera de Ter, la;total;dones;població;;1002
2017;Cellera de Ter, la;total;total;població;;2006
2017;Celrà;total;homes;població;;2695
2017;Celrà;total;dones;població;;2681
2017;Celrà;total;total;població;;5376
2017;Centelles;total;homes;població;;3632
2017;Centelles;total;dones;població;;3785
2017;Centelles;total;total;població;;7417
2017;Cercs;total;homes;població;;573
2017;Cercs;total;dones;població;;593
2017;Cercs;total;total;població;;1166
2017;Cerdanyola del Vallès;total;homes;població;;28289
2017;Cerdanyola del Vallès;total;dones;població;;29434
2017;Cerdanyola del Vallès;total;total;població;;57723
2017;Cervelló;total;homes;població;;4443
2017;Cervelló;total;dones;població;;4466
2017;Cervelló;total;total;població;;8909
2017;Cervera;total;homes;població;;4559
2017;Cervera;total;dones;població;;4478
2017;Cervera;total;total;població;;9037
2017;Cervià de les Garrigues;total;homes;població;;348
2017;Cervià de les Garrigues;total;dones;població;;312
2017;Cervià de les Garrigues;total;total;població;;660
2017;Cervià de Ter;total;homes;població;;473
2017;Cervià de Ter;total;dones;població;;450
2017;Cervià de Ter;total;total;població;;923
2017;Cistella;total;homes;població;;152
2017;Cistella;total;dones;població;;152
2017;Cistella;total;total;població;;304
2017;Ciutadilla;total;homes;població;;109
2017;Ciutadilla;total;dones;població;;93
2017;Ciutadilla;total;total;població;;202
2017;Clariana de Cardener;total;homes;població;;72
2017;Clariana de Cardener;total;dones;població;;73
2017;Clariana de Cardener;total;total;població;;145
2017;Cogul, el;total;homes;població;;87
2017;Cogul, el;total;dones;població;;75
2017;Cogul, el;total;total;població;;162
2017;Colera;total;homes;població;;242
2017;Colera;total;dones;població;;239
2017;Colera;total;total;població;;481
2017;Coll de Nargó;total;homes;població;;286
2017;Coll de Nargó;total;dones;població;;272
2017;Coll de Nargó;total;total;població;;558
2017;Collbató;total;homes;població;;2274
2017;Collbató;total;dones;població;;2120
2017;Collbató;total;total;població;;4394
2017;Colldejou;total;homes;població;;91
2017;Colldejou;total;dones;població;;79
2017;Colldejou;total;total;població;;170
2017;Collsuspina;total;homes;població;;177
2017;Collsuspina;total;dones;població;;161
2017;Collsuspina;total;total;població;;338
2017;Colomers;total;homes;població;;88
2017;Colomers;total;dones;població;;91
2017;Colomers;total;total;població;;179
2017;Coma i la Pedra, la;total;homes;població;;157
2017;Coma i la Pedra, la;total;dones;població;;102
2017;Coma i la Pedra, la;total;total;població;;259
2017;Conca de Dalt;total;homes;població;;233
2017;Conca de Dalt;total;dones;població;;212
2017;Conca de Dalt;total;total;població;;445
2017;Conesa;total;homes;població;;57
2017;Conesa;total;dones;població;;54
2017;Conesa;total;total;població;;111
2017;Constantí;total;homes;població;;3368
2017;Constantí;total;dones;població;;3125
2017;Constantí;total;total;població;;6493
2017;Copons;total;homes;població;;158
2017;Copons;total;dones;població;;158
2017;Copons;total;total;població;;316
2017;Corbera d'Ebre;total;homes;població;;566
2017;Corbera d'Ebre;total;dones;població;;495
2017;Corbera d'Ebre;total;total;població;;1061
2017;Corbera de Llobregat;total;homes;població;;7220
2017;Corbera de Llobregat;total;dones;població;;7219
2017;Corbera de Llobregat;total;total;població;;14439
2017;Corbins;total;homes;població;;764
2017;Corbins;total;dones;població;;647
2017;Corbins;total;total;població;;1411
2017;Corçà;total;homes;població;;633
2017;Corçà;total;dones;població;;612
2017;Corçà;total;total;població;;1245
2017;Cornellà de Llobregat;total;homes;població;;42023
2017;Cornellà de Llobregat;total;dones;població;;44587
2017;Cornellà de Llobregat;total;total;població;;86610
2017;Cornellà del Terri;total;homes;població;;1169
2017;Cornellà del Terri;total;dones;població;;1111
2017;Cornellà del Terri;total;total;població;;2280
2017;Cornudella de Montsant;total;homes;població;;503
2017;Cornudella de Montsant;total;dones;població;;450
2017;Cornudella de Montsant;total;total;població;;953
2017;Creixell;total;homes;població;;1761
2017;Creixell;total;dones;població;;1704
2017;Creixell;total;total;població;;3465
2017;Crespià;total;homes;població;;131
2017;Crespià;total;dones;població;;128
2017;Crespià;total;total;població;;259
2017;Cruïlles, Monells i Sant Sadurní de l'Heura;total;homes;població;;660
2017;Cruïlles, Monells i Sant Sadurní de l'Heura;total;dones;població;;636
2017;Cruïlles, Monells i Sant Sadurní de l'Heura;total;total;població;;1296
2017;Cubelles;total;homes;població;;7428
2017;Cubelles;total;dones;població;;7287
2017;Cubelles;total;total;població;;14715
2017;Cubells;total;homes;població;;198
2017;Cubells;total;dones;població;;175
2017;Cubells;total;total;població;;373
2017;Cunit;total;homes;població;;5902
2017;Cunit;total;dones;població;;6139
2017;Cunit;total;total;població;;12041
2017;Darnius;total;homes;població;;279
2017;Darnius;total;dones;població;;285
2017;Darnius;total;total;població;;564
2017;Das;total;homes;població;;121
2017;Das;total;dones;població;;102
2017;Das;total;total;població;;223
2017;Deltebre;total;homes;població;;5793
2017;Deltebre;total;dones;població;;5706
2017;Deltebre;total;total;població;;11499
2017;Dosrius;total;homes;població;;2622
2017;Dosrius;total;dones;població;;2576
2017;Dosrius;total;total;població;;5198
2017;Duesaigües;total;homes;població;;140
2017;Duesaigües;total;dones;població;;103
2017;Duesaigües;total;total;població;;243
2017;Escala, l';total;homes;població;;5313
2017;Escala, l';total;dones;població;;5094
2017;Escala, l';total;total;població;;10407
2017;Esparreguera;total;homes;població;;11088
2017;Esparreguera;total;dones;població;;10801
2017;Esparreguera;total;total;població;;21889
2017;Espinelves;total;homes;població;;99
2017;Espinelves;total;dones;població;;104
2017;Espinelves;total;total;població;;203
2017;Espluga Calba, l';total;homes;població;;182
2017;Espluga Calba, l';total;dones;població;;181
2017;Espluga Calba, l';total;total;població;;363
2017;Espluga de Francolí, l';total;homes;població;;1807
2017;Espluga de Francolí, l';total;dones;població;;1949
2017;Espluga de Francolí, l';total;total;població;;3756
2017;Esplugues de Llobregat;total;homes;població;;21967
2017;Esplugues de Llobregat;total;dones;població;;23923
2017;Esplugues de Llobregat;total;total;població;;45890
2017;Espolla;total;homes;població;;209
2017;Espolla;total;dones;població;;214
2017;Espolla;total;total;població;;423
2017;Esponellà;total;homes;població;;216
2017;Esponellà;total;dones;població;;216
2017;Esponellà;total;total;població;;432
2017;Espot;total;homes;població;;194
2017;Espot;total;dones;població;;171
2017;Espot;total;total;població;;365
2017;Espunyola, l';total;homes;població;;123
2017;Espunyola, l';total;dones;població;;117
2017;Espunyola, l';total;total;població;;240
2017;Esquirol, l';total;homes;població;;1098
2017;Esquirol, l';total;dones;població;;1063
2017;Esquirol, l';total;total;població;;2161
2017;Estamariu;total;homes;població;;72
2017;Estamariu;total;dones;població;;52
2017;Estamariu;total;total;població;;124
2017;Estany, l';total;homes;població;;201
2017;Estany, l';total;dones;població;;204
2017;Estany, l';total;total;població;;405
2017;Estaràs;total;homes;població;;85
2017;Estaràs;total;dones;població;;73
2017;Estaràs;total;total;població;;158
2017;Esterri d'Àneu;total;homes;població;;369
2017;Esterri d'Àneu;total;dones;població;;400
2017;Esterri d'Àneu;total;total;població;;769
2017;Esterri de Cardós;total;homes;població;;34
2017;Esterri de Cardós;total;dones;població;;33
2017;Esterri de Cardós;total;total;població;;67
2017;Falset;total;homes;població;;1409
2017;Falset;total;dones;població;;1411
2017;Falset;total;total;població;;2820
2017;Far d'Empordà, el;total;homes;població;;286
2017;Far d'Empordà, el;total;dones;població;;282
2017;Far d'Empordà, el;total;total;població;;568
2017;Farrera;total;homes;població;;70
2017;Farrera;total;dones;població;;51
2017;Farrera;total;total;població;;121
2017;Fatarella, la;total;homes;població;;482
2017;Fatarella, la;total;dones;població;;498
2017;Fatarella, la;total;total;població;;980
2017;Febró, la;total;homes;població;;27
2017;Febró, la;total;dones;població;;15
2017;Febró, la;total;total;població;;42
2017;Figaró-Montmany;total;homes;població;;533
2017;Figaró-Montmany;total;dones;població;;544
2017;Figaró-Montmany;total;total;població;;1077
2017;Fígols;total;homes;població;;24
2017;Fígols;total;dones;població;;18
2017;Fígols;total;total;població;;42
2017;Fígols i Alinyà;total;homes;població;;139
2017;Fígols i Alinyà;total;dones;població;;106
2017;Fígols i Alinyà;total;total;població;;245
2017;Figuera, la;total;homes;població;;59
2017;Figuera, la;total;dones;població;;43
2017;Figuera, la;total;total;població;;102
2017;Figueres;total;homes;població;;22733
2017;Figueres;total;dones;població;;23228
2017;Figueres;total;total;població;;45961
2017;Figuerola del Camp;total;homes;població;;160
2017;Figuerola del Camp;total;dones;població;;170
2017;Figuerola del Camp;total;total;població;;330
2017;Flaçà;total;homes;població;;509
2017;Flaçà;total;dones;població;;541
2017;Flaçà;total;total;població;;1050
2017;Flix;total;homes;població;;1807
2017;Flix;total;dones;població;;1798
2017;Flix;total;total;població;;3605
2017;Floresta, la;total;homes;població;;83
2017;Floresta, la;total;dones;població;;72
2017;Floresta, la;total;total;població;;155
2017;Fogars de la Selva;total;homes;població;;747
2017;Fogars de la Selva;total;dones;població;;701
2017;Fogars de la Selva;total;total;població;;1448
2017;Fogars de Montclús;total;homes;població;;245
2017;Fogars de Montclús;total;dones;població;;213
2017;Fogars de Montclús;total;total;població;;458
2017;Foixà;total;homes;població;;163
2017;Foixà;total;dones;població;;150
2017;Foixà;total;total;població;;313
2017;Folgueroles;total;homes;població;;1164
2017;Folgueroles;total;dones;població;;1134
2017;Folgueroles;total;total;població;;2298
2017;Fondarella;total;homes;població;;394
2017;Fondarella;total;dones;població;;402
2017;Fondarella;total;total;població;;796
2017;Fonollosa;total;homes;població;;736
2017;Fonollosa;total;dones;població;;676
2017;Fonollosa;total;total;població;;1412
2017;Fontanals de Cerdanya;total;homes;població;;235
2017;Fontanals de Cerdanya;total;dones;població;;213
2017;Fontanals de Cerdanya;total;total;població;;448
2017;Fontanilles;total;homes;població;;78
2017;Fontanilles;total;dones;població;;60
2017;Fontanilles;total;total;població;;138
2017;Fontcoberta;total;homes;població;;737
2017;Fontcoberta;total;dones;població;;744
2017;Fontcoberta;total;total;població;;1481
2017;Font-rubí;total;homes;població;;696
2017;Font-rubí;total;dones;població;;662
2017;Font-rubí;total;total;població;;1358
2017;Foradada;total;homes;població;;98
2017;Foradada;total;dones;població;;72
2017;Foradada;total;total;població;;170
2017;Forallac;total;homes;població;;848
2017;Forallac;total;dones;població;;860
2017;Forallac;total;total;població;;1708
2017;Forès;total;homes;població;;27
2017;Forès;total;dones;població;;18
2017;Forès;total;total;població;;45
2017;Fornells de la Selva;total;homes;població;;1294
2017;Fornells de la Selva;total;dones;població;;1319
2017;Fornells de la Selva;total;total;població;;2613
2017;Fortià;total;homes;població;;352
2017;Fortià;total;dones;població;;374
2017;Fortià;total;total;població;;726
2017;Franqueses del Vallès, les;total;homes;població;;9961
2017;Franqueses del Vallès, les;total;dones;població;;9623
2017;Franqueses del Vallès, les;total;total;població;;19584
2017;Freginals;total;homes;població;;208
2017;Freginals;total;dones;població;;189
2017;Freginals;total;total;població;;397
2017;Fuliola, la;total;homes;població;;624
2017;Fuliola, la;total;dones;població;;613
2017;Fuliola, la;total;total;població;;1237
2017;Fulleda;total;homes;població;;43
2017;Fulleda;total;dones;població;;43
2017;Fulleda;total;total;població;;86
2017;Gaià;total;homes;població;;89
2017;Gaià;total;dones;població;;73
2017;Gaià;total;total;població;;162
2017;Galera, la;total;homes;població;;370
2017;Galera, la;total;dones;població;;349
2017;Galera, la;total;total;població;;719
2017;Gallifa;total;homes;població;;97
2017;Gallifa;total;dones;població;;83
2017;Gallifa;total;total;població;;180
2017;Gandesa;total;homes;població;;1540
2017;Gandesa;total;dones;població;;1471
2017;Gandesa;total;total;població;;3011
2017;Garcia;total;homes;població;;269
2017;Garcia;total;dones;població;;262
2017;Garcia;total;total;població;;531
2017;Garidells, els;total;homes;població;;95
2017;Garidells, els;total;dones;població;;99
2017;Garidells, els;total;total;població;;194
2017;Garriga, la;total;homes;població;;7752
2017;Garriga, la;total;dones;població;;8232
2017;Garriga, la;total;total;població;;15984
2017;Garrigàs;total;homes;població;;230
2017;Garrigàs;total;dones;població;;206
2017;Garrigàs;total;total;població;;436
2017;Garrigoles;total;homes;població;;96
2017;Garrigoles;total;dones;població;;76
2017;Garrigoles;total;total;població;;172
2017;Garriguella;total;homes;població;;418
2017;Garriguella;total;dones;població;;433
2017;Garriguella;total;total;població;;851
2017;Gavà;total;homes;població;;22830
2017;Gavà;total;dones;població;;23708
2017;Gavà;total;total;població;;46538
2017;Gavet de la Conca;total;homes;població;;132
2017;Gavet de la Conca;total;dones;població;;148
2017;Gavet de la Conca;total;total;població;;280
2017;Gelida;total;homes;població;;3692
2017;Gelida;total;dones;població;;3607
2017;Gelida;total;total;població;;7299
2017;Ger;total;homes;població;;219
2017;Ger;total;dones;població;;204
2017;Ger;total;total;població;;423
2017;Gimenells i el Pla de la Font;total;homes;població;;579
2017;Gimenells i el Pla de la Font;total;dones;població;;528
2017;Gimenells i el Pla de la Font;total;total;població;;1107
2017;Ginestar;total;homes;població;;406
2017;Ginestar;total;dones;població;;371
2017;Ginestar;total;total;població;;777
2017;Girona;total;homes;població;;47379
2017;Girona;total;dones;població;;51634
2017;Girona;total;total;població;;99013
2017;Gironella;total;homes;població;;2357
2017;Gironella;total;dones;població;;2451
2017;Gironella;total;total;població;;4808
2017;Gisclareny;total;homes;població;;15
2017;Gisclareny;total;dones;població;;12
2017;Gisclareny;total;total;població;;27
2017;Godall;total;homes;població;;307
2017;Godall;total;dones;població;;301
2017;Godall;total;total;població;;608
2017;Golmés;total;homes;població;;916
2017;Golmés;total;dones;població;;936
2017;Golmés;total;total;població;;1852
2017;Gombrèn;total;homes;població;;95
2017;Gombrèn;total;dones;població;;90
2017;Gombrèn;total;total;població;;185
2017;Gósol;total;homes;població;;121
2017;Gósol;total;dones;població;;101
2017;Gósol;total;total;població;;222
2017;Granada, la;total;homes;població;;1076
2017;Granada, la;total;dones;població;;1036
2017;Granada, la;total;total;població;;2112
2017;Granadella, la;total;homes;població;;388
2017;Granadella, la;total;dones;població;;349
2017;Granadella, la;total;total;població;;737
2017;Granera;total;homes;població;;55
2017;Granera;total;dones;població;;23
2017;Granera;total;total;població;;78
2017;Granja d'Escarp, la;total;homes;població;;522
2017;Granja d'Escarp, la;total;dones;població;;449
2017;Granja d'Escarp, la;total;total;població;;971
2017;Granollers;total;homes;població;;29897
2017;Granollers;total;dones;població;;30798
2017;Granollers;total;total;població;;60695
2017;Granyanella;total;homes;població;;81
2017;Granyanella;total;dones;població;;66
2017;Granyanella;total;total;població;;147
2017;Granyena de les Garrigues;total;homes;població;;95
2017;Granyena de les Garrigues;total;dones;població;;63
2017;Granyena de les Garrigues;total;total;població;;158
2017;Granyena de Segarra;total;homes;població;;73
2017;Granyena de Segarra;total;dones;població;;70
2017;Granyena de Segarra;total;total;població;;143
2017;Gratallops;total;homes;població;;128
2017;Gratallops;total;dones;població;;109
2017;Gratallops;total;total;població;;237
2017;Gualba;total;homes;població;;718
2017;Gualba;total;dones;població;;705
2017;Gualba;total;total;població;;1423
2017;Gualta;total;homes;població;;219
2017;Gualta;total;dones;població;;173
2017;Gualta;total;total;població;;392
2017;Guardiola de Berguedà;total;homes;població;;476
2017;Guardiola de Berguedà;total;dones;població;;428
2017;Guardiola de Berguedà;total;total;població;;904
2017;Guiamets, els;total;homes;població;;126
2017;Guiamets, els;total;dones;població;;146
2017;Guiamets, els;total;total;població;;272
2017;Guils de Cerdanya;total;homes;població;;278
2017;Guils de Cerdanya;total;dones;població;;247
2017;Guils de Cerdanya;total;total;població;;525
2017;Guimerà;total;homes;població;;148
2017;Guimerà;total;dones;població;;125
2017;Guimerà;total;total;població;;273
2017;Guingueta d'Àneu, la;total;homes;població;;166
2017;Guingueta d'Àneu, la;total;dones;població;;145
2017;Guingueta d'Àneu, la;total;total;població;;311
2017;Guissona;total;homes;població;;3721
2017;Guissona;total;dones;població;;3293
2017;Guissona;total;total;població;;7014
2017;Guixers;total;homes;població;;86
2017;Guixers;total;dones;població;;54
2017;Guixers;total;total;població;;140
2017;Gurb;total;homes;població;;1338
2017;Gurb;total;dones;població;;1278
2017;Gurb;total;total;població;;2616
2017;Horta de Sant Joan;total;homes;població;;610
2017;Horta de Sant Joan;total;dones;població;;561
2017;Horta de Sant Joan;total;total;població;;1171
2017;Hospitalet de Llobregat, l';total;homes;població;;124443
2017;Hospitalet de Llobregat, l';total;dones;població;;132906
2017;Hospitalet de Llobregat, l';total;total;població;;257349
2017;Hostalets de Pierola, els;total;homes;població;;1494
2017;Hostalets de Pierola, els;total;dones;població;;1407
2017;Hostalets de Pierola, els;total;total;població;;2901
2017;Hostalric;total;homes;població;;2060
2017;Hostalric;total;dones;població;;2046
2017;Hostalric;total;total;població;;4106
2017;Igualada;total;homes;població;;19255
2017;Igualada;total;dones;població;;20061
2017;Igualada;total;total;població;;39316
2017;Isona i Conca Dellà;total;homes;població;;544
2017;Isona i Conca Dellà;total;dones;població;;483
2017;Isona i Conca Dellà;total;total;població;;1027
2017;Isòvol;total;homes;població;;152
2017;Isòvol;total;dones;població;;118
2017;Isòvol;total;total;població;;270
2017;Ivars d'Urgell;total;homes;població;;820
2017;Ivars d'Urgell;total;dones;població;;748
2017;Ivars d'Urgell;total;total;població;;1568
2017;Ivars de Noguera;total;homes;població;;175
2017;Ivars de Noguera;total;dones;població;;157
2017;Ivars de Noguera;total;total;població;;332
2017;Ivorra;total;homes;població;;57
2017;Ivorra;total;dones;població;;50
2017;Ivorra;total;total;població;;107
2017;Jafre;total;homes;població;;213
2017;Jafre;total;dones;població;;180
2017;Jafre;total;total;població;;393
2017;Jonquera, la;total;homes;població;;1595
2017;Jonquera, la;total;dones;població;;1562
2017;Jonquera, la;total;total;població;;3157
2017;Jorba;total;homes;població;;413
2017;Jorba;total;dones;població;;410
2017;Jorba;total;total;població;;823
2017;Josa i Tuixén;total;homes;població;;68
2017;Josa i Tuixén;total;dones;població;;47
2017;Josa i Tuixén;total;total;població;;115
2017;Juià;total;homes;població;;186
2017;Juià;total;dones;població;;148
2017;Juià;total;total;població;;334
2017;Juncosa;total;homes;població;;217
2017;Juncosa;total;dones;població;;191
2017;Juncosa;total;total;població;;408
2017;Juneda;total;homes;població;;1766
2017;Juneda;total;dones;població;;1617
2017;Juneda;total;total;població;;3383
2017;Les;total;homes;població;;471
2017;Les;total;dones;població;;484
2017;Les;total;total;població;;955
2017;Linyola;total;homes;població;;1317
2017;Linyola;total;dones;població;;1309
2017;Linyola;total;total;població;;2626
2017;Llacuna, la;total;homes;població;;469
2017;Llacuna, la;total;dones;població;;394
2017;Llacuna, la;total;total;població;;863
2017;Lladó;total;homes;població;;377
2017;Lladó;total;dones;població;;396
2017;Lladó;total;total;població;;773
2017;Lladorre;total;homes;població;;108
2017;Lladorre;total;dones;població;;117
2017;Lladorre;total;total;població;;225
2017;Lladurs;total;homes;població;;95
2017;Lladurs;total;dones;població;;88
2017;Lladurs;total;total;població;;183
2017;Llagosta, la;total;homes;població;;6586
2017;Llagosta, la;total;dones;població;;6757
2017;Llagosta, la;total;total;població;;13343
2017;Llagostera;total;homes;població;;4201
2017;Llagostera;total;dones;població;;4028
2017;Llagostera;total;total;població;;8229
2017;Llambilles;total;homes;població;;363
2017;Llambilles;total;dones;població;;353
2017;Llambilles;total;total;població;;716
2017;Llanars;total;homes;població;;272
2017;Llanars;total;dones;població;;235
2017;Llanars;total;total;població;;507
2017;Llançà;total;homes;població;;2361
2017;Llançà;total;dones;població;;2435
2017;Llançà;total;total;població;;4796
2017;Llardecans;total;homes;població;;246
2017;Llardecans;total;dones;població;;224
2017;Llardecans;total;total;població;;470
2017;Llavorsí;total;homes;població;;173
2017;Llavorsí;total;dones;població;;186
2017;Llavorsí;total;total;població;;359
2017;Lleida;total;homes;població;;67855
2017;Lleida;total;dones;població;;69472
2017;Lleida;total;total;població;;137327
2017;Llers;total;homes;població;;602
2017;Llers;total;dones;població;;609
2017;Llers;total;total;població;;1211
2017;Lles de Cerdanya;total;homes;població;;144
2017;Lles de Cerdanya;total;dones;població;;109
2017;Lles de Cerdanya;total;total;població;;253
2017;Lliçà d'Amunt;total;homes;població;;7623
2017;Lliçà d'Amunt;total;dones;població;;7310
2017;Lliçà d'Amunt;total;total;població;;14933
2017;Lliçà de Vall;total;homes;població;;3248
2017;Lliçà de Vall;total;dones;població;;3138
2017;Lliçà de Vall;total;total;població;;6386
2017;Llimiana;total;homes;població;;83
2017;Llimiana;total;dones;població;;59
2017;Llimiana;total;total;població;;142
2017;Llinars del Vallès;total;homes;població;;4856
2017;Llinars del Vallès;total;dones;població;;4893
2017;Llinars del Vallès;total;total;població;;9749
2017;Llívia;total;homes;població;;758
2017;Llívia;total;dones;població;;657
2017;Llívia;total;total;població;;1415
2017;Lloar, el;total;homes;població;;60
2017;Lloar, el;total;dones;població;;57
2017;Lloar, el;total;total;població;;117
2017;Llobera;total;homes;població;;110
2017;Llobera;total;dones;població;;91
2017;Llobera;total;total;població;;201
2017;Llorac;total;homes;població;;52
2017;Llorac;total;dones;població;;41
2017;Llorac;total;total;població;;93
2017;Llorenç del Penedès;total;homes;població;;1142
2017;Llorenç del Penedès;total;dones;població;;1160
2017;Llorenç del Penedès;total;total;població;;2302
2017;Lloret de Mar;total;homes;població;;18857
2017;Lloret de Mar;total;dones;població;;18021
2017;Lloret de Mar;total;total;població;;36878
2017;Llosses, les;total;homes;població;;116
2017;Llosses, les;total;dones;població;;94
2017;Llosses, les;total;total;població;;210
2017;Lluçà;total;homes;població;;137
2017;Lluçà;total;dones;població;;142
2017;Lluçà;total;total;població;;279
2017;Maçanet de Cabrenys;total;homes;població;;345
2017;Maçanet de Cabrenys;total;dones;població;;361
2017;Maçanet de Cabrenys;total;total;població;;706
2017;Maçanet de la Selva;total;homes;població;;3530
2017;Maçanet de la Selva;total;dones;població;;3292
2017;Maçanet de la Selva;total;total;població;;6822
2017;Madremanya;total;homes;població;;141
2017;Madremanya;total;dones;població;;143
2017;Madremanya;total;total;població;;284
2017;Maià de Montcal;total;homes;població;;216
2017;Maià de Montcal;total;dones;població;;193
2017;Maià de Montcal;total;total;població;;409
2017;Maials;total;homes;població;;521
2017;Maials;total;dones;població;;424
2017;Maials;total;total;població;;945
2017;Maldà;total;homes;població;;114
2017;Maldà;total;dones;població;;113
2017;Maldà;total;total;població;;227
2017;Malgrat de Mar;total;homes;població;;9181
2017;Malgrat de Mar;total;dones;població;;9164
2017;Malgrat de Mar;total;total;població;;18345
2017;Malla;total;homes;població;;136
2017;Malla;total;dones;població;;128
2017;Malla;total;total;població;;264
2017;Manlleu;total;homes;població;;9984
2017;Manlleu;total;dones;població;;10023
2017;Manlleu;total;total;població;;20007
2017;Manresa;total;homes;població;;36748
2017;Manresa;total;dones;població;;38404
2017;Manresa;total;total;població;;75152
2017;Marçà;total;homes;població;;322
2017;Marçà;total;dones;població;;280
2017;Marçà;total;total;població;;602
2017;Margalef;total;homes;població;;60
2017;Margalef;total;dones;població;;41
2017;Margalef;total;total;població;;101
2017;Marganell;total;homes;població;;124
2017;Marganell;total;dones;població;;130
2017;Marganell;total;total;població;;254
2017;Martorell;total;homes;població;;14100
2017;Martorell;total;dones;població;;13581
2017;Martorell;total;total;població;;27681
2017;Martorelles;total;homes;població;;2384
2017;Martorelles;total;dones;població;;2358
2017;Martorelles;total;total;població;;4742
2017;Mas de Barberans;total;homes;població;;288
2017;Mas de Barberans;total;dones;població;;296
2017;Mas de Barberans;total;total;població;;584
2017;Masarac i Vilarnadal;total;homes;població;;146
2017;Masarac i Vilarnadal;total;dones;població;;133
2017;Masarac i Vilarnadal;total;total;població;;279
2017;Masdenverge;total;homes;població;;551
2017;Masdenverge;total;dones;població;;516
2017;Masdenverge;total;total;població;;1067
2017;Masies de Roda, les;total;homes;població;;355
2017;Masies de Roda, les;total;dones;població;;359
2017;Masies de Roda, les;total;total;població;;714
2017;Masies de Voltregà, les;total;homes;població;;1550
2017;Masies de Voltregà, les;total;dones;població;;1590
2017;Masies de Voltregà, les;total;total;població;;3140
2017;Masllorenç;total;homes;població;;268
2017;Masllorenç;total;dones;població;;228
2017;Masllorenç;total;total;població;;496
2017;Masnou, el;total;homes;població;;11209
2017;Masnou, el;total;dones;població;;12079
2017;Masnou, el;total;total;població;;23288
2017;Masó, la;total;homes;població;;153
2017;Masó, la;total;dones;població;;128
2017;Masó, la;total;total;població;;281
2017;Maspujols;total;homes;població;;403
2017;Maspujols;total;dones;població;;388
2017;Maspujols;total;total;població;;791
2017;Masquefa;total;homes;població;;4271
2017;Masquefa;total;dones;població;;4243
2017;Masquefa;total;total;població;;8514
2017;Masroig, el;total;homes;població;;283
2017;Masroig, el;total;dones;població;;227
2017;Masroig, el;total;total;població;;510
2017;Massalcoreig;total;homes;població;;335
2017;Massalcoreig;total;dones;població;;253
2017;Massalcoreig;total;total;població;;588
2017;Massanes;total;homes;població;;392
2017;Massanes;total;dones;població;;329
2017;Massanes;total;total;població;;721
2017;Massoteres;total;homes;població;;116
2017;Massoteres;total;dones;població;;98
2017;Massoteres;total;total;població;;214
2017;Matadepera;total;homes;població;;4599
2017;Matadepera;total;dones;població;;4587
2017;Matadepera;total;total;població;;9186
2017;Mataró;total;homes;població;;62517
2017;Mataró;total;dones;població;;63610
2017;Mataró;total;total;població;;126127
2017;Mediona;total;homes;població;;1131
2017;Mediona;total;dones;població;;1120
2017;Mediona;total;total;població;;2251
2017;Menàrguens;total;homes;població;;458
2017;Menàrguens;total;dones;població;;361
2017;Menàrguens;total;total;població;;819
2017;Meranges;total;homes;població;;61
2017;Meranges;total;dones;població;;38
2017;Meranges;total;total;població;;99
2017;Mieres;total;homes;població;;162
2017;Mieres;total;dones;població;;156
2017;Mieres;total;total;població;;318
2017;Milà, el;total;homes;població;;92
2017;Milà, el;total;dones;població;;90
2017;Milà, el;total;total;població;;182
2017;Miralcamp;total;homes;població;;684
2017;Miralcamp;total;dones;població;;674
2017;Miralcamp;total;total;població;;1358
2017;Miravet;total;homes;població;;389
2017;Miravet;total;dones;població;;337
2017;Miravet;total;total;població;;726
2017;Moià;total;homes;població;;3085
2017;Moià;total;dones;població;;2980
2017;Moià;total;total;població;;6065
2017;Molar, el;total;homes;població;;151
2017;Molar, el;total;dones;població;;135
2017;Molar, el;total;total;població;;286
2017;Molins de Rei;total;homes;població;;12407
2017;Molins de Rei;total;dones;població;;13085
2017;Molins de Rei;total;total;població;;25492
2017;Mollerussa;total;homes;població;;7437
2017;Mollerussa;total;dones;població;;7137
2017;Mollerussa;total;total;població;;14574
2017;Mollet de Peralada;total;homes;població;;98
2017;Mollet de Peralada;total;dones;població;;88
2017;Mollet de Peralada;total;total;població;;186
2017;Mollet del Vallès;total;homes;població;;25210
2017;Mollet del Vallès;total;dones;població;;25918
2017;Mollet del Vallès;total;total;població;;51128
2017;Molló;total;homes;població;;164
2017;Molló;total;dones;població;;178
2017;Molló;total;total;població;;342
2017;Molsosa, la;total;homes;població;;53
2017;Molsosa, la;total;dones;població;;56
2017;Molsosa, la;total;total;població;;109
2017;Monistrol de Calders;total;homes;població;;356
2017;Monistrol de Calders;total;dones;població;;321
2017;Monistrol de Calders;total;total;població;;677
2017;Monistrol de Montserrat;total;homes;població;;1489
2017;Monistrol de Montserrat;total;dones;població;;1446
2017;Monistrol de Montserrat;total;total;població;;2935
2017;Montagut i Oix;total;homes;població;;486
2017;Montagut i Oix;total;dones;població;;433
2017;Montagut i Oix;total;total;població;;919
2017;Montblanc;total;homes;població;;3682
2017;Montblanc;total;dones;població;;3625
2017;Montblanc;total;total;població;;7307
2017;Montbrió del Camp;total;homes;població;;1453
2017;Montbrió del Camp;total;dones;població;;1353
2017;Montbrió del Camp;total;total;població;;2806
2017;Montcada i Reixac;total;homes;població;;17261
2017;Montcada i Reixac;total;dones;població;;17802
2017;Montcada i Reixac;total;total;població;;35063
2017;Montclar;total;homes;població;;61
2017;Montclar;total;dones;població;;60
2017;Montclar;total;total;població;;121
2017;Montellà i Martinet;total;homes;població;;305
2017;Montellà i Martinet;total;dones;població;;249
2017;Montellà i Martinet;total;total;població;;554
2017;Montesquiu;total;homes;població;;481
2017;Montesquiu;total;dones;població;;479
2017;Montesquiu;total;total;població;;960
2017;Montferrer i Castellbò;total;homes;població;;591
2017;Montferrer i Castellbò;total;dones;població;;501
2017;Montferrer i Castellbò;total;total;població;;1092
2017;Montferri;total;homes;població;;209
2017;Montferri;total;dones;població;;179
2017;Montferri;total;total;població;;388
2017;Montgai;total;homes;població;;332
2017;Montgai;total;dones;població;;304
2017;Montgai;total;total;població;;636
2017;Montgat;total;homes;població;;5788
2017;Montgat;total;dones;població;;5960
2017;Montgat;total;total;població;;11748
2017;Montmajor;total;homes;població;;235
2017;Montmajor;total;dones;població;;224
2017;Montmajor;total;total;població;;459
2017;Montmaneu;total;homes;població;;85
2017;Montmaneu;total;dones;població;;68
2017;Montmaneu;total;total;població;;153
2017;Montmell, el;total;homes;població;;747
2017;Montmell, el;total;dones;població;;658
2017;Montmell, el;total;total;població;;1405
2017;Montmeló;total;homes;població;;4271
2017;Montmeló;total;dones;població;;4477
2017;Montmeló;total;total;població;;8748
2017;Montoliu de Lleida;total;homes;població;;234
2017;Montoliu de Lleida;total;dones;població;;235
2017;Montoliu de Lleida;total;total;població;;469
2017;Montoliu de Segarra;total;homes;població;;98
2017;Montoliu de Segarra;total;dones;població;;80
2017;Montoliu de Segarra;total;total;població;;178
2017;Montornès de Segarra;total;homes;població;;46
2017;Montornès de Segarra;total;dones;població;;51
2017;Montornès de Segarra;total;total;població;;97
2017;Montornès del Vallès;total;homes;població;;8206
2017;Montornès del Vallès;total;dones;població;;8034
2017;Montornès del Vallès;total;total;població;;16240
2017;Mont-ral;total;homes;població;;97
2017;Mont-ral;total;dones;població;;67
2017;Mont-ral;total;total;població;;164
2017;Mont-ras;total;homes;població;;871
2017;Mont-ras;total;dones;població;;854
2017;Mont-ras;total;total;població;;1725
2017;Mont-roig del Camp;total;homes;població;;6035
2017;Mont-roig del Camp;total;dones;població;;5562
2017;Mont-roig del Camp;total;total;població;;11597
2017;Montseny;total;homes;població;;174
2017;Montseny;total;dones;població;;169
2017;Montseny;total;total;població;;343
2017;Móra d'Ebre;total;homes;població;;2801
2017;Móra d'Ebre;total;dones;població;;2824
2017;Móra d'Ebre;total;total;població;;5625
2017;Móra la Nova;total;homes;població;;1542
2017;Móra la Nova;total;dones;població;;1528
2017;Móra la Nova;total;total;població;;3070
2017;Morell, el;total;homes;població;;1850
2017;Morell, el;total;dones;població;;1781
2017;Morell, el;total;total;població;;3631
2017;Morera de Montsant, la;total;homes;població;;90
2017;Morera de Montsant, la;total;dones;població;;68
2017;Morera de Montsant, la;total;total;població;;158
2017;Muntanyola;total;homes;població;;316
2017;Muntanyola;total;dones;població;;297
2017;Muntanyola;total;total;població;;613
2017;Mura;total;homes;població;;124
2017;Mura;total;dones;població;;103
2017;Mura;total;total;població;;227
2017;Nalec;total;homes;població;;54
2017;Nalec;total;dones;població;;47
2017;Nalec;total;total;població;;101
2017;Naut Aran;total;homes;població;;916
2017;Naut Aran;total;dones;població;;865
2017;Naut Aran;total;total;població;;1781
2017;Navarcles;total;homes;població;;2895
2017;Navarcles;total;dones;població;;3055
2017;Navarcles;total;total;població;;5950
2017;Navàs;total;homes;població;;2997
2017;Navàs;total;dones;població;;3023
2017;Navàs;total;total;població;;6020
2017;Navata;total;homes;població;;646
2017;Navata;total;dones;població;;661
2017;Navata;total;total;població;;1307
2017;Navès;total;homes;població;;144
2017;Navès;total;dones;població;;144
2017;Navès;total;total;població;;288
2017;Nou de Berguedà, la;total;homes;població;;80
2017;Nou de Berguedà, la;total;dones;població;;77
2017;Nou de Berguedà, la;total;total;població;;157
2017;Nou de Gaià, la;total;homes;població;;275
2017;Nou de Gaià, la;total;dones;població;;288
2017;Nou de Gaià, la;total;total;població;;563
2017;Nulles;total;homes;població;;249
2017;Nulles;total;dones;població;;215
2017;Nulles;total;total;població;;464
2017;Odèn;total;homes;població;;150
2017;Odèn;total;dones;població;;106
2017;Odèn;total;total;població;;256
2017;Òdena;total;homes;població;;1855
2017;Òdena;total;dones;població;;1759
2017;Òdena;total;total;població;;3614
2017;Ogassa;total;homes;població;;133
2017;Ogassa;total;dones;població;;95
2017;Ogassa;total;total;població;;228
2017;Olèrdola;total;homes;població;;1823
2017;Olèrdola;total;dones;població;;1742
2017;Olèrdola;total;total;població;;3565
2017;Olesa de Bonesvalls;total;homes;població;;915
2017;Olesa de Bonesvalls;total;dones;població;;819
2017;Olesa de Bonesvalls;total;total;població;;1734
2017;Olesa de Montserrat;total;homes;població;;11734
2017;Olesa de Montserrat;total;dones;població;;11818
2017;Olesa de Montserrat;total;total;població;;23552
2017;Oliana;total;homes;població;;918
2017;Oliana;total;dones;població;;908
2017;Oliana;total;total;població;;1826
2017;Oliola;total;homes;població;;113
2017;Oliola;total;dones;població;;98
2017;Oliola;total;total;població;;211
2017;Olius;total;homes;població;;497
2017;Olius;total;dones;població;;434
2017;Olius;total;total;població;;931
2017;Olivella;total;homes;població;;1929
2017;Olivella;total;dones;població;;1726
2017;Olivella;total;total;població;;3655
2017;Olost;total;homes;població;;602
2017;Olost;total;dones;població;;595
2017;Olost;total;total;població;;1197
2017;Olot;total;homes;població;;16974
2017;Olot;total;dones;població;;17220
2017;Olot;total;total;població;;34194
2017;Oluges, les;total;homes;població;;81
2017;Oluges, les;total;dones;població;;74
2017;Oluges, les;total;total;població;;155
2017;Olvan;total;homes;població;;410
2017;Olvan;total;dones;població;;434
2017;Olvan;total;total;població;;844
2017;Omellons, els;total;homes;població;;111
2017;Omellons, els;total;dones;població;;99
2017;Omellons, els;total;total;població;;210
2017;Omells de na Gaia, els;total;homes;població;;72
2017;Omells de na Gaia, els;total;dones;població;;63
2017;Omells de na Gaia, els;total;total;població;;135
2017;Ordis;total;homes;població;;194
2017;Ordis;total;dones;població;;170
2017;Ordis;total;total;població;;364
2017;Organyà;total;homes;població;;401
2017;Organyà;total;dones;població;;400
2017;Organyà;total;total;població;;801
2017;Orís;total;homes;població;;160
2017;Orís;total;dones;població;;156
2017;Orís;total;total;població;;316
2017;Oristà;total;homes;població;;267
2017;Oristà;total;dones;població;;280
2017;Oristà;total;total;població;;547
2017;Orpí;total;homes;població;;74
2017;Orpí;total;dones;població;;60
2017;Orpí;total;total;població;;134
2017;Òrrius;total;homes;població;;359
2017;Òrrius;total;dones;població;;335
2017;Òrrius;total;total;població;;694
2017;Os de Balaguer;total;homes;població;;514
2017;Os de Balaguer;total;dones;població;;499
2017;Os de Balaguer;total;total;població;;1013
2017;Osor;total;homes;població;;217
2017;Osor;total;dones;població;;204
2017;Osor;total;total;població;;421
2017;Ossó de Sió;total;homes;població;;106
2017;Ossó de Sió;total;dones;població;;107
2017;Ossó de Sió;total;total;població;;213
2017;Pacs del Penedès;total;homes;població;;455
2017;Pacs del Penedès;total;dones;població;;447
2017;Pacs del Penedès;total;total;població;;902
2017;Palafolls;total;homes;població;;4629
2017;Palafolls;total;dones;població;;4542
2017;Palafolls;total;total;població;;9171
2017;Palafrugell;total;homes;població;;11274
2017;Palafrugell;total;dones;població;;11451
2017;Palafrugell;total;total;població;;22725
2017;Palamós;total;homes;població;;8651
2017;Palamós;total;dones;població;;9092
2017;Palamós;total;total;població;;17743
2017;Palau d'Anglesola, el;total;homes;població;;1072
2017;Palau d'Anglesola, el;total;dones;població;;1111
2017;Palau d'Anglesola, el;total;total;població;;2183
2017;Palau de Santa Eulàlia;total;homes;població;;58
2017;Palau de Santa Eulàlia;total;dones;població;;38
2017;Palau de Santa Eulàlia;total;total;població;;96
2017;Palau-sator;total;homes;població;;151
2017;Palau-sator;total;dones;població;;134
2017;Palau-sator;total;total;població;;285
2017;Palau-saverdera;total;homes;població;;714
2017;Palau-saverdera;total;dones;població;;742
2017;Palau-saverdera;total;total;població;;1456
2017;Palau-solità i Plegamans;total;homes;població;;7170
2017;Palau-solità i Plegamans;total;dones;població;;7456
2017;Palau-solità i Plegamans;total;total;població;;14626
2017;Pallaresos, els;total;homes;població;;2348
2017;Pallaresos, els;total;dones;població;;2287
2017;Pallaresos, els;total;total;població;;4635
2017;Pallejà;total;homes;població;;5690
2017;Pallejà;total;dones;població;;5726
2017;Pallejà;total;total;població;;11416
2017;Palma d'Ebre, la;total;homes;població;;171
2017;Palma d'Ebre, la;total;dones;població;;185
2017;Palma d'Ebre, la;total;total;població;;356
2017;Palma de Cervelló, la;total;homes;població;;1475
2017;Palma de Cervelló, la;total;dones;població;;1523
2017;Palma de Cervelló, la;total;total;població;;2998
2017;Palol de Revardit;total;homes;població;;237
2017;Palol de Revardit;total;dones;població;;239
2017;Palol de Revardit;total;total;població;;476
2017;Pals;total;homes;població;;1246
2017;Pals;total;dones;població;;1223
2017;Pals;total;total;població;;2469
2017;Papiol, el;total;homes;població;;2029
2017;Papiol, el;total;dones;població;;2073
2017;Papiol, el;total;total;població;;4102
2017;Pardines;total;homes;població;;89
2017;Pardines;total;dones;població;;71
2017;Pardines;total;total;població;;160
2017;Parets del Vallès;total;homes;població;;9532
2017;Parets del Vallès;total;dones;població;;9438
2017;Parets del Vallès;total;total;població;;18970
2017;Parlavà;total;homes;població;;206
2017;Parlavà;total;dones;població;;188
2017;Parlavà;total;total;població;;394
2017;Passanant i Belltall;total;homes;població;;85
2017;Passanant i Belltall;total;dones;població;;64
2017;Passanant i Belltall;total;total;població;;149
2017;Pau;total;homes;població;;277
2017;Pau;total;dones;població;;260
2017;Pau;total;total;població;;537
2017;Paüls;total;homes;població;;276
2017;Paüls;total;dones;població;;291
2017;Paüls;total;total;població;;567
2017;Pedret i Marzà;total;homes;població;;98
2017;Pedret i Marzà;total;dones;població;;88
2017;Pedret i Marzà;total;total;població;;186
2017;Penelles;total;homes;població;;265
2017;Penelles;total;dones;població;;198
2017;Penelles;total;total;població;;463
2017;Pera, la;total;homes;població;;219
2017;Pera, la;total;dones;població;;238
2017;Pera, la;total;total;població;;457
2017;Perafita;total;homes;població;;210
2017;Perafita;total;dones;població;;201
2017;Perafita;total;total;població;;411
2017;Perafort;total;homes;població;;654
2017;Perafort;total;dones;població;;599
2017;Perafort;total;total;població;;1253
2017;Peralada;total;homes;població;;920
2017;Peralada;total;dones;població;;939
2017;Peralada;total;total;població;;1859
2017;Peramola;total;homes;població;;169
2017;Peramola;total;dones;població;;172
2017;Peramola;total;total;població;;341
2017;Perelló, el;total;homes;població;;1492
2017;Perelló, el;total;dones;població;;1392
2017;Perelló, el;total;total;població;;2884
2017;Piera;total;homes;població;;7743
2017;Piera;total;dones;població;;7451
2017;Piera;total;total;població;;15194
2017;Piles, les;total;homes;població;;116
2017;Piles, les;total;dones;població;;100
2017;Piles, les;total;total;població;;216
2017;Pineda de Mar;total;homes;població;;13147
2017;Pineda de Mar;total;dones;població;;13202
2017;Pineda de Mar;total;total;població;;26349
2017;Pinell de Brai, el;total;homes;població;;509
2017;Pinell de Brai, el;total;dones;població;;503
2017;Pinell de Brai, el;total;total;població;;1012
2017;Pinell de Solsonès;total;homes;població;;123
2017;Pinell de Solsonès;total;dones;població;;88
2017;Pinell de Solsonès;total;total;població;;211
2017;Pinós;total;homes;població;;163
2017;Pinós;total;dones;població;;149
2017;Pinós;total;total;població;;312
2017;Pira;total;homes;població;;269
2017;Pira;total;dones;població;;231
2017;Pira;total;total;població;;500
2017;Pla de Santa Maria, el;total;homes;població;;1166
2017;Pla de Santa Maria, el;total;dones;població;;1100
2017;Pla de Santa Maria, el;total;total;població;;2266
2017;Pla del Penedès, el;total;homes;població;;612
2017;Pla del Penedès, el;total;dones;població;;620
2017;Pla del Penedès, el;total;total;població;;1232
2017;Planes d'Hostoles, les;total;homes;població;;828
2017;Planes d'Hostoles, les;total;dones;població;;801
2017;Planes d'Hostoles, les;total;total;població;;1629
2017;Planoles;total;homes;població;;168
2017;Planoles;total;dones;població;;135
2017;Planoles;total;total;població;;303
2017;Plans de Sió, els;total;homes;població;;267
2017;Plans de Sió, els;total;dones;població;;242
2017;Plans de Sió, els;total;total;població;;509
2017;Poal, el;total;homes;població;;333
2017;Poal, el;total;dones;població;;304
2017;Poal, el;total;total;població;;637
2017;Pobla de Cérvoles, la;total;homes;població;;109
2017;Pobla de Cérvoles, la;total;dones;població;;85
2017;Pobla de Cérvoles, la;total;total;població;;194
2017;Pobla de Claramunt, la;total;homes;població;;1109
2017;Pobla de Claramunt, la;total;dones;població;;1081
2017;Pobla de Claramunt, la;total;total;població;;2190
2017;Pobla de Lillet, la;total;homes;població;;537
2017;Pobla de Lillet, la;total;dones;població;;560
2017;Pobla de Lillet, la;total;total;població;;1097
2017;Pobla de Mafumet, la;total;homes;població;;1983
2017;Pobla de Mafumet, la;total;dones;població;;1871
2017;Pobla de Mafumet, la;total;total;població;;3854
2017;Pobla de Massaluca, la;total;homes;població;;184
2017;Pobla de Massaluca, la;total;dones;població;;151
2017;Pobla de Massaluca, la;total;total;població;;335
2017;Pobla de Montornès, la;total;homes;població;;1468
2017;Pobla de Montornès, la;total;dones;població;;1327
2017;Pobla de Montornès, la;total;total;població;;2795
2017;Pobla de Segur, la;total;homes;població;;1462
2017;Pobla de Segur, la;total;dones;població;;1487
2017;Pobla de Segur, la;total;total;població;;2949
2017;Poboleda;total;homes;població;;198
2017;Poboleda;total;dones;població;;158
2017;Poboleda;total;total;població;;356
2017;Polinyà;total;homes;població;;4232
2017;Polinyà;total;dones;població;;4151
2017;Polinyà;total;total;població;;8383
2017;Pont d'Armentera, el;total;homes;població;;252
2017;Pont d'Armentera, el;total;dones;població;;249
2017;Pont d'Armentera, el;total;total;població;;501
2017;Pont de Bar, el;total;homes;població;;94
2017;Pont de Bar, el;total;dones;població;;77
2017;Pont de Bar, el;total;total;població;;171
2017;Pont de Molins;total;homes;població;;265
2017;Pont de Molins;total;dones;població;;266
2017;Pont de Molins;total;total;població;;531
2017;Pont de Suert, el;total;homes;població;;1140
2017;Pont de Suert, el;total;dones;població;;1125
2017;Pont de Suert, el;total;total;població;;2265
2017;Pont de Vilomara i Rocafort, el;total;homes;població;;1954
2017;Pont de Vilomara i Rocafort, el;total;dones;població;;1840
2017;Pont de Vilomara i Rocafort, el;total;total;població;;3794
2017;Pontils;total;homes;població;;65
2017;Pontils;total;dones;població;;53
2017;Pontils;total;total;població;;118
2017;Pontons;total;homes;població;;253
2017;Pontons;total;dones;població;;203
2017;Pontons;total;total;població;;456
2017;Pontós;total;homes;població;;133
2017;Pontós;total;dones;població;;107
2017;Pontós;total;total;població;;240
2017;Ponts;total;homes;població;;1292
2017;Ponts;total;dones;població;;1330
2017;Ponts;total;total;població;;2622
2017;Porqueres;total;homes;població;;2271
2017;Porqueres;total;dones;població;;2323
2017;Porqueres;total;total;població;;4594
2017;Porrera;total;homes;població;;236
2017;Porrera;total;dones;població;;205
2017;Porrera;total;total;població;;441
2017;Port de la Selva, el;total;homes;població;;508
2017;Port de la Selva, el;total;dones;població;;484
2017;Port de la Selva, el;total;total;població;;992
2017;Portbou;total;homes;població;;543
2017;Portbou;total;dones;població;;564
2017;Portbou;total;total;població;;1107
2017;Portella, la;total;homes;població;;395
2017;Portella, la;total;dones;població;;313
2017;Portella, la;total;total;població;;708
2017;Pradell de la Teixeta;total;homes;població;;76
2017;Pradell de la Teixeta;total;dones;població;;87
2017;Pradell de la Teixeta;total;total;població;;163
2017;Prades;total;homes;població;;317
2017;Prades;total;dones;població;;282
2017;Prades;total;total;població;;599
2017;Prat de Comte;total;homes;població;;98
2017;Prat de Comte;total;dones;població;;83
2017;Prat de Comte;total;total;població;;181
2017;Prat de Llobregat, el;total;homes;població;;31364
2017;Prat de Llobregat, el;total;dones;població;;32533
2017;Prat de Llobregat, el;total;total;població;;63897
2017;Pratdip;total;homes;població;;374
2017;Pratdip;total;dones;població;;344
2017;Pratdip;total;total;població;;718
2017;Prats de Lluçanès;total;homes;població;;1265
2017;Prats de Lluçanès;total;dones;població;;1268
2017;Prats de Lluçanès;total;total;població;;2533
2017;Prats de Rei, els;total;homes;població;;285
2017;Prats de Rei, els;total;dones;població;;250
2017;Prats de Rei, els;total;total;població;;535
2017;Prats i Sansor;total;homes;població;;119
2017;Prats i Sansor;total;dones;població;;113
2017;Prats i Sansor;total;total;població;;232
2017;Preixana;total;homes;població;;199
2017;Preixana;total;dones;població;;182
2017;Preixana;total;total;població;;381
2017;Preixens;total;homes;població;;228
2017;Preixens;total;dones;població;;215
2017;Preixens;total;total;població;;443
2017;Premià de Dalt;total;homes;població;;5188
2017;Premià de Dalt;total;dones;població;;5157
2017;Premià de Dalt;total;total;població;;10345
2017;Premià de Mar;total;homes;població;;13698
2017;Premià de Mar;total;dones;població;;14351
2017;Premià de Mar;total;total;població;;28049
2017;Preses, les;total;homes;població;;874
2017;Preses, les;total;dones;població;;890
2017;Preses, les;total;total;població;;1764
2017;Prullans;total;homes;població;;110
2017;Prullans;total;dones;població;;114
2017;Prullans;total;total;població;;224
2017;Puigcerdà;total;homes;població;;4425
2017;Puigcerdà;total;dones;població;;4414
2017;Puigcerdà;total;total;població;;8839
2017;Puigdàlber;total;homes;població;;253
2017;Puigdàlber;total;dones;població;;253
2017;Puigdàlber;total;total;població;;506
2017;Puiggròs;total;homes;població;;141
2017;Puiggròs;total;dones;població;;139
2017;Puiggròs;total;total;població;;280
2017;Puigpelat;total;homes;població;;588
2017;Puigpelat;total;dones;població;;559
2017;Puigpelat;total;total;població;;1147
2017;Puig-reig;total;homes;població;;1996
2017;Puig-reig;total;dones;població;;2090
2017;Puig-reig;total;total;població;;4086
2017;Puigverd d'Agramunt;total;homes;població;;127
2017;Puigverd d'Agramunt;total;dones;població;;101
2017;Puigverd d'Agramunt;total;total;població;;228
2017;Puigverd de Lleida;total;homes;població;;694
2017;Puigverd de Lleida;total;dones;població;;656
2017;Puigverd de Lleida;total;total;població;;1350
2017;Pujalt;total;homes;població;;110
2017;Pujalt;total;dones;població;;93
2017;Pujalt;total;total;població;;203
2017;Quar, la;total;homes;població;;30
2017;Quar, la;total;dones;població;;27
2017;Quar, la;total;total;població;;57
2017;Quart;total;homes;població;;1786
2017;Quart;total;dones;població;;1784
2017;Quart;total;total;població;;3570
2017;Queralbs;total;homes;població;;98
2017;Queralbs;total;dones;població;;78
2017;Queralbs;total;total;població;;176
2017;Querol;total;homes;població;;298
2017;Querol;total;dones;població;;234
2017;Querol;total;total;població;;532
2017;Rabós;total;homes;població;;86
2017;Rabós;total;dones;població;;89
2017;Rabós;total;total;població;;175
2017;Rajadell;total;homes;població;;271
2017;Rajadell;total;dones;població;;265
2017;Rajadell;total;total;població;;536
2017;Ràpita, la;total;homes;població;;7295
2017;Ràpita, la;total;dones;població;;7607
2017;Ràpita, la;total;total;població;;14902
2017;Rasquera;total;homes;població;;396
2017;Rasquera;total;dones;població;;400
2017;Rasquera;total;total;població;;796
2017;Regencós;total;homes;població;;143
2017;Regencós;total;dones;població;;136
2017;Regencós;total;total;població;;279
2017;Rellinars;total;homes;població;;379
2017;Rellinars;total;dones;població;;356
2017;Rellinars;total;total;població;;735
2017;Renau;total;homes;població;;78
2017;Renau;total;dones;població;;75
2017;Renau;total;total;població;;153
2017;Reus;total;homes;població;;49805
2017;Reus;total;dones;població;;53318
2017;Reus;total;total;població;;103123
2017;Rialp;total;homes;població;;345
2017;Rialp;total;dones;població;;321
2017;Rialp;total;total;població;;666
2017;Riba, la;total;homes;població;;322
2017;Riba, la;total;dones;població;;268
2017;Riba, la;total;total;població;;590
2017;Riba-roja d'Ebre;total;homes;població;;589
2017;Riba-roja d'Ebre;total;dones;població;;527
2017;Riba-roja d'Ebre;total;total;població;;1116
2017;Ribera d'Ondara;total;homes;població;;222
2017;Ribera d'Ondara;total;dones;població;;211
2017;Ribera d'Ondara;total;total;població;;433
2017;Ribera d'Urgellet;total;homes;població;;483
2017;Ribera d'Urgellet;total;dones;població;;453
2017;Ribera d'Urgellet;total;total;població;;936
2017;Ribes de Freser;total;homes;població;;887
2017;Ribes de Freser;total;dones;població;;896
2017;Ribes de Freser;total;total;població;;1783
2017;Riells i Viabrea;total;homes;població;;2026
2017;Riells i Viabrea;total;dones;població;;1896
2017;Riells i Viabrea;total;total;població;;3922
2017;Riera de Gaià, la;total;homes;població;;851
2017;Riera de Gaià, la;total;dones;població;;853
2017;Riera de Gaià, la;total;total;població;;1704
2017;Riner;total;homes;població;;130
2017;Riner;total;dones;població;;132
2017;Riner;total;total;població;;262
2017;Ripoll;total;homes;població;;5236
2017;Ripoll;total;dones;població;;5375
2017;Ripoll;total;total;població;;10611
2017;Ripollet;total;homes;població;;18776
2017;Ripollet;total;dones;població;;19123
2017;Ripollet;total;total;població;;37899
2017;Riu de Cerdanya;total;homes;població;;55
2017;Riu de Cerdanya;total;dones;població;;38
2017;Riu de Cerdanya;total;total;població;;93
2017;Riudarenes;total;homes;població;;1106
2017;Riudarenes;total;dones;població;;1039
2017;Riudarenes;total;total;població;;2145
2017;Riudaura;total;homes;població;;229
2017;Riudaura;total;dones;població;;246
2017;Riudaura;total;total;població;;475
2017;Riudecanyes;total;homes;població;;576
2017;Riudecanyes;total;dones;població;;525
2017;Riudecanyes;total;total;població;;1101
2017;Riudecols;total;homes;població;;611
2017;Riudecols;total;dones;població;;554
2017;Riudecols;total;total;població;;1165
2017;Riudellots de la Selva;total;homes;població;;1024
2017;Riudellots de la Selva;total;dones;població;;1005
2017;Riudellots de la Selva;total;total;població;;2029
2017;Riudoms;total;homes;població;;3357
2017;Riudoms;total;dones;població;;3158
2017;Riudoms;total;total;població;;6515
2017;Riumors;total;homes;població;;133
2017;Riumors;total;dones;població;;133
2017;Riumors;total;total;població;;266
2017;Roca del Vallès, la;total;homes;població;;5275
2017;Roca del Vallès, la;total;dones;població;;5261
2017;Roca del Vallès, la;total;total;població;;10536
2017;Rocafort de Queralt;total;homes;població;;124
2017;Rocafort de Queralt;total;dones;població;;117
2017;Rocafort de Queralt;total;total;població;;241
2017;Roda de Berà;total;homes;població;;3273
2017;Roda de Berà;total;dones;població;;3081
2017;Roda de Berà;total;total;població;;6354
2017;Roda de Ter;total;homes;població;;2998
2017;Roda de Ter;total;dones;població;;3127
2017;Roda de Ter;total;total;població;;6125
2017;Rodonyà;total;homes;població;;262
2017;Rodonyà;total;dones;població;;236
2017;Rodonyà;total;total;població;;498
2017;Roquetes;total;homes;població;;4194
2017;Roquetes;total;dones;població;;3890
2017;Roquetes;total;total;població;;8084
2017;Roses;total;homes;població;;9645
2017;Roses;total;dones;població;;9571
2017;Roses;total;total;població;;19216
2017;Rosselló;total;homes;població;;1549
2017;Rosselló;total;dones;població;;1534
2017;Rosselló;total;total;població;;3083
2017;Rourell, el;total;homes;població;;184
2017;Rourell, el;total;dones;població;;185
2017;Rourell, el;total;total;població;;369
2017;Rubí;total;homes;població;;37444
2017;Rubí;total;dones;població;;38124
2017;Rubí;total;total;població;;75568
2017;Rubió;total;homes;població;;124
2017;Rubió;total;dones;població;;106
2017;Rubió;total;total;població;;230
2017;Rupià;total;homes;població;;134
2017;Rupià;total;dones;població;;130
2017;Rupià;total;total;població;;264
2017;Rupit i Pruit;total;homes;població;;143
2017;Rupit i Pruit;total;dones;població;;138
2017;Rupit i Pruit;total;total;població;;281
2017;Sabadell;total;homes;població;;102153
2017;Sabadell;total;dones;població;;107778
2017;Sabadell;total;total;població;;209931
2017;Sagàs;total;homes;població;;84
2017;Sagàs;total;dones;població;;71
2017;Sagàs;total;total;població;;155
2017;Salàs de Pallars;total;homes;població;;180
2017;Salàs de Pallars;total;dones;població;;157
2017;Salàs de Pallars;total;total;població;;337
2017;Saldes;total;homes;població;;157
2017;Saldes;total;dones;població;;118
2017;Saldes;total;total;població;;275
2017;Sales de Llierca;total;homes;població;;76
2017;Sales de Llierca;total;dones;població;;71
2017;Sales de Llierca;total;total;població;;147
2017;Sallent;total;homes;població;;3173
2017;Sallent;total;dones;població;;3421
2017;Sallent;total;total;població;;6594
2017;Salomó;total;homes;població;;284
2017;Salomó;total;dones;població;;261
2017;Salomó;total;total;població;;545
2017;Salou;total;homes;població;;13618
2017;Salou;total;dones;població;;12615
2017;Salou;total;total;població;;26233
2017;Salt;total;homes;població;;15685
2017;Salt;total;dones;població;;14151
2017;Salt;total;total;població;;29836
2017;Sanaüja;total;homes;població;;209
2017;Sanaüja;total;dones;població;;192
2017;Sanaüja;total;total;població;;401
2017;Sant Adrià de Besòs;total;homes;població;;18041
2017;Sant Adrià de Besòs;total;dones;població;;18583
2017;Sant Adrià de Besòs;total;total;població;;36624
2017;Sant Agustí de Lluçanès;total;homes;població;;44
2017;Sant Agustí de Lluçanès;total;dones;població;;42
2017;Sant Agustí de Lluçanès;total;total;població;;86
2017;Sant Andreu de la Barca;total;homes;població;;13568
2017;Sant Andreu de la Barca;total;dones;població;;13735
2017;Sant Andreu de la Barca;total;total;població;;27303
2017;Sant Andreu de Llavaneres;total;homes;població;;5326
2017;Sant Andreu de Llavaneres;total;dones;població;;5432
2017;Sant Andreu de Llavaneres;total;total;població;;10758
2017;Sant Andreu Salou;total;homes;població;;79
2017;Sant Andreu Salou;total;dones;població;;71
2017;Sant Andreu Salou;total;total;població;;150
2017;Sant Aniol de Finestres;total;homes;població;;195
2017;Sant Aniol de Finestres;total;dones;població;;168
2017;Sant Aniol de Finestres;total;total;població;;363
2017;Sant Antoni de Vilamajor;total;homes;població;;2990
2017;Sant Antoni de Vilamajor;total;dones;població;;3015
2017;Sant Antoni de Vilamajor;total;total;població;;6005
2017;Sant Bartomeu del Grau;total;homes;població;;452
2017;Sant Bartomeu del Grau;total;dones;població;;406
2017;Sant Bartomeu del Grau;total;total;població;;858
2017;Sant Boi de Llobregat;total;homes;població;;40246
2017;Sant Boi de Llobregat;total;dones;població;;41896
2017;Sant Boi de Llobregat;total;total;població;;82142
2017;Sant Boi de Lluçanès;total;homes;població;;258
2017;Sant Boi de Lluçanès;total;dones;població;;257
2017;Sant Boi de Lluçanès;total;total;població;;515
2017;Sant Cebrià de Vallalta;total;homes;població;;1728
2017;Sant Cebrià de Vallalta;total;dones;població;;1582
2017;Sant Cebrià de Vallalta;total;total;població;;3310
2017;Sant Celoni;total;homes;població;;8784
2017;Sant Celoni;total;dones;població;;8804
2017;Sant Celoni;total;total;població;;17588
2017;Sant Climent de Llobregat;total;homes;població;;2038
2017;Sant Climent de Llobregat;total;dones;població;;2000
2017;Sant Climent de Llobregat;total;total;població;;4038
2017;Sant Climent Sescebes;total;homes;població;;372
2017;Sant Climent Sescebes;total;dones;població;;264
2017;Sant Climent Sescebes;total;total;població;;636
2017;Sant Cugat del Vallès;total;homes;població;;43515
2017;Sant Cugat del Vallès;total;dones;població;;46001
2017;Sant Cugat del Vallès;total;total;població;;89516
2017;Sant Cugat Sesgarrigues;total;homes;població;;475
2017;Sant Cugat Sesgarrigues;total;dones;població;;505
2017;Sant Cugat Sesgarrigues;total;total;població;;980
2017;Sant Esteve de la Sarga;total;homes;població;;77
2017;Sant Esteve de la Sarga;total;dones;població;;53
2017;Sant Esteve de la Sarga;total;total;població;;130
2017;Sant Esteve de Palautordera;total;homes;població;;1309
2017;Sant Esteve de Palautordera;total;dones;població;;1339
2017;Sant Esteve de Palautordera;total;total;població;;2648
2017;Sant Esteve Sesrovires;total;homes;població;;3838
2017;Sant Esteve Sesrovires;total;dones;població;;3832
2017;Sant Esteve Sesrovires;total;total;població;;7670
2017;Sant Feliu de Buixalleu;total;homes;població;;431
2017;Sant Feliu de Buixalleu;total;dones;població;;394
2017;Sant Feliu de Buixalleu;total;total;població;;825
2017;Sant Feliu de Codines;total;homes;població;;3063
2017;Sant Feliu de Codines;total;dones;població;;2982
2017;Sant Feliu de Codines;total;total;població;;6045
2017;Sant Feliu de Guíxols;total;homes;població;;10712
2017;Sant Feliu de Guíxols;total;dones;població;;11009
2017;Sant Feliu de Guíxols;total;total;població;;21721
2017;Sant Feliu de Llobregat;total;homes;població;;21424
2017;Sant Feliu de Llobregat;total;dones;població;;22774
2017;Sant Feliu de Llobregat;total;total;població;;44198
2017;Sant Feliu de Pallerols;total;homes;població;;647
2017;Sant Feliu de Pallerols;total;dones;població;;695
2017;Sant Feliu de Pallerols;total;total;població;;1342
2017;Sant Feliu Sasserra;total;homes;població;;321
2017;Sant Feliu Sasserra;total;dones;població;;285
2017;Sant Feliu Sasserra;total;total;població;;606
2017;Sant Ferriol;total;homes;població;;125
2017;Sant Ferriol;total;dones;població;;103
2017;Sant Ferriol;total;total;població;;228
2017;Sant Fost de Campsentelles;total;homes;població;;4299
2017;Sant Fost de Campsentelles;total;dones;població;;4365
2017;Sant Fost de Campsentelles;total;total;població;;8664
2017;Sant Fruitós de Bages;total;homes;població;;4199
2017;Sant Fruitós de Bages;total;dones;població;;4313
2017;Sant Fruitós de Bages;total;total;població;;8512
2017;Sant Gregori;total;homes;població;;1857
2017;Sant Gregori;total;dones;població;;1779
2017;Sant Gregori;total;total;població;;3636
2017;Sant Guim de Freixenet;total;homes;població;;538
2017;Sant Guim de Freixenet;total;dones;població;;490
2017;Sant Guim de Freixenet;total;total;població;;1028
2017;Sant Guim de la Plana;total;homes;població;;101
2017;Sant Guim de la Plana;total;dones;població;;76
2017;Sant Guim de la Plana;total;total;població;;177
2017;Sant Hilari Sacalm;total;homes;població;;2801
2017;Sant Hilari Sacalm;total;dones;població;;2777
2017;Sant Hilari Sacalm;total;total;població;;5578
2017;Sant Hipòlit de Voltregà;total;homes;població;;1699
2017;Sant Hipòlit de Voltregà;total;dones;població;;1754
2017;Sant Hipòlit de Voltregà;total;total;població;;3453
2017;Sant Iscle de Vallalta;total;homes;població;;663
2017;Sant Iscle de Vallalta;total;dones;població;;632
2017;Sant Iscle de Vallalta;total;total;població;;1295
2017;Sant Jaume d'Enveja;total;homes;població;;1748
2017;Sant Jaume d'Enveja;total;dones;població;;1731
2017;Sant Jaume d'Enveja;total;total;població;;3479
2017;Sant Jaume de Frontanyà;total;homes;població;;19
2017;Sant Jaume de Frontanyà;total;dones;població;;11
2017;Sant Jaume de Frontanyà;total;total;població;;30
2017;Sant Jaume de Llierca;total;homes;població;;410
2017;Sant Jaume de Llierca;total;dones;població;;442
2017;Sant Jaume de Llierca;total;total;població;;852
2017;Sant Jaume dels Domenys;total;homes;població;;1319
2017;Sant Jaume dels Domenys;total;dones;població;;1242
2017;Sant Jaume dels Domenys;total;total;població;;2561
2017;Sant Joan de les Abadesses;total;homes;població;;1631
2017;Sant Joan de les Abadesses;total;dones;població;;1639
2017;Sant Joan de les Abadesses;total;total;població;;3270
2017;Sant Joan de Mollet;total;homes;població;;236
2017;Sant Joan de Mollet;total;dones;població;;262
2017;Sant Joan de Mollet;total;total;població;;498
2017;Sant Joan de Vilatorrada;total;homes;població;;5402
2017;Sant Joan de Vilatorrada;total;dones;població;;5400
2017;Sant Joan de Vilatorrada;total;total;població;;10802
2017;Sant Joan Despí;total;homes;població;;16500
2017;Sant Joan Despí;total;dones;població;;17373
2017;Sant Joan Despí;total;total;població;;33873
2017;Sant Joan les Fonts;total;homes;població;;1478
2017;Sant Joan les Fonts;total;dones;població;;1453
2017;Sant Joan les Fonts;total;total;població;;2931
2017;Sant Jordi Desvalls;total;homes;població;;357
2017;Sant Jordi Desvalls;total;dones;població;;375
2017;Sant Jordi Desvalls;total;total;població;;732
2017;Sant Julià de Cerdanyola;total;homes;població;;133
2017;Sant Julià de Cerdanyola;total;dones;població;;109
2017;Sant Julià de Cerdanyola;total;total;població;;242
2017;Sant Julià de Ramis;total;homes;població;;1750
2017;Sant Julià de Ramis;total;dones;població;;1697
2017;Sant Julià de Ramis;total;total;població;;3447
2017;Sant Julià de Vilatorta;total;homes;població;;1528
2017;Sant Julià de Vilatorta;total;dones;població;;1573
2017;Sant Julià de Vilatorta;total;total;població;;3101
2017;Sant Julià del Llor i Bonmatí;total;homes;població;;683
2017;Sant Julià del Llor i Bonmatí;total;dones;població;;638
2017;Sant Julià del Llor i Bonmatí;total;total;població;;1321
2017;Sant Just Desvern;total;homes;població;;8235
2017;Sant Just Desvern;total;dones;població;;8966
2017;Sant Just Desvern;total;total;població;;17201
2017;Sant Llorenç d'Hortons;total;homes;població;;1292
2017;Sant Llorenç d'Hortons;total;dones;població;;1255
2017;Sant Llorenç d'Hortons;total;total;població;;2547
2017;Sant Llorenç de la Muga;total;homes;població;;133
2017;Sant Llorenç de la Muga;total;dones;població;;118
2017;Sant Llorenç de la Muga;total;total;població;;251
2017;Sant Llorenç de Morunys;total;homes;població;;470
2017;Sant Llorenç de Morunys;total;dones;població;;479
2017;Sant Llorenç de Morunys;total;total;població;;949
2017;Sant Llorenç Savall;total;homes;població;;1195
2017;Sant Llorenç Savall;total;dones;població;;1166
2017;Sant Llorenç Savall;total;total;població;;2361
2017;Sant Martí d'Albars;total;homes;població;;55
2017;Sant Martí d'Albars;total;dones;població;;55
2017;Sant Martí d'Albars;total;total;població;;110
2017;Sant Martí de Centelles;total;homes;població;;581
2017;Sant Martí de Centelles;total;dones;població;;544
2017;Sant Martí de Centelles;total;total;població;;1125
2017;Sant Martí de Llémena;total;homes;població;;314
2017;Sant Martí de Llémena;total;dones;població;;298
2017;Sant Martí de Llémena;total;total;població;;612
2017;Sant Martí de Riucorb;total;homes;població;;347
2017;Sant Martí de Riucorb;total;dones;població;;314
2017;Sant Martí de Riucorb;total;total;població;;661
2017;Sant Martí de Tous;total;homes;població;;610
2017;Sant Martí de Tous;total;dones;població;;586
2017;Sant Martí de Tous;total;total;població;;1196
2017;Sant Martí Sarroca;total;homes;població;;1571
2017;Sant Martí Sarroca;total;dones;població;;1626
2017;Sant Martí Sarroca;total;total;població;;3197
2017;Sant Martí Sesgueioles;total;homes;població;;183
2017;Sant Martí Sesgueioles;total;dones;població;;171
2017;Sant Martí Sesgueioles;total;total;població;;354
2017;Sant Martí Vell;total;homes;població;;126
2017;Sant Martí Vell;total;dones;població;;119
2017;Sant Martí Vell;total;total;població;;245
2017;Sant Mateu de Bages;total;homes;població;;308
2017;Sant Mateu de Bages;total;dones;població;;303
2017;Sant Mateu de Bages;total;total;població;;611
2017;Sant Miquel de Campmajor;total;homes;població;;119
2017;Sant Miquel de Campmajor;total;dones;població;;107
2017;Sant Miquel de Campmajor;total;total;població;;226
2017;Sant Miquel de Fluvià;total;homes;població;;390
2017;Sant Miquel de Fluvià;total;dones;població;;356
2017;Sant Miquel de Fluvià;total;total;població;;746
2017;Sant Mori;total;homes;població;;94
2017;Sant Mori;total;dones;població;;81
2017;Sant Mori;total;total;població;;175
2017;Sant Pau de Segúries;total;homes;població;;330
2017;Sant Pau de Segúries;total;dones;població;;342
2017;Sant Pau de Segúries;total;total;població;;672
2017;Sant Pere de Ribes;total;homes;població;;15095
2017;Sant Pere de Ribes;total;dones;població;;15047
2017;Sant Pere de Ribes;total;total;població;;30142
2017;Sant Pere de Riudebitlles;total;homes;població;;1170
2017;Sant Pere de Riudebitlles;total;dones;població;;1173
2017;Sant Pere de Riudebitlles;total;total;població;;2343
2017;Sant Pere de Torelló;total;homes;població;;1263
2017;Sant Pere de Torelló;total;dones;població;;1174
2017;Sant Pere de Torelló;total;total;població;;2437
2017;Sant Pere de Vilamajor;total;homes;població;;2150
2017;Sant Pere de Vilamajor;total;dones;població;;2163
2017;Sant Pere de Vilamajor;total;total;població;;4313
2017;Sant Pere Pescador;total;homes;població;;1102
2017;Sant Pere Pescador;total;dones;població;;938
2017;Sant Pere Pescador;total;total;població;;2040
2017;Sant Pere Sallavinera;total;homes;població;;86
2017;Sant Pere Sallavinera;total;dones;població;;70
2017;Sant Pere Sallavinera;total;total;població;;156
2017;Sant Pol de Mar;total;homes;població;;2503
2017;Sant Pol de Mar;total;dones;població;;2559
2017;Sant Pol de Mar;total;total;població;;5062
2017;Sant Quintí de Mediona;total;homes;població;;1109
2017;Sant Quintí de Mediona;total;dones;població;;1061
2017;Sant Quintí de Mediona;total;total;població;;2170
2017;Sant Quirze de Besora;total;homes;població;;1031
2017;Sant Quirze de Besora;total;dones;població;;1061
2017;Sant Quirze de Besora;total;total;població;;2092
2017;Sant Quirze del Vallès;total;homes;població;;9715
2017;Sant Quirze del Vallès;total;dones;població;;10152
2017;Sant Quirze del Vallès;total;total;població;;19867
2017;Sant Quirze Safaja;total;homes;població;;330
2017;Sant Quirze Safaja;total;dones;població;;297
2017;Sant Quirze Safaja;total;total;població;;627
2017;Sant Ramon;total;homes;població;;275
2017;Sant Ramon;total;dones;població;;232
2017;Sant Ramon;total;total;població;;507
2017;Sant Sadurní d'Anoia;total;homes;població;;6276
2017;Sant Sadurní d'Anoia;total;dones;població;;6473
2017;Sant Sadurní d'Anoia;total;total;població;;12749
2017;Sant Sadurní d'Osormort;total;homes;població;;48
2017;Sant Sadurní d'Osormort;total;dones;població;;31
2017;Sant Sadurní d'Osormort;total;total;població;;79
2017;Sant Salvador de Guardiola;total;homes;població;;1584
2017;Sant Salvador de Guardiola;total;dones;població;;1543
2017;Sant Salvador de Guardiola;total;total;població;;3127
2017;Sant Vicenç de Castellet;total;homes;població;;4617
2017;Sant Vicenç de Castellet;total;dones;població;;4683
2017;Sant Vicenç de Castellet;total;total;població;;9300
2017;Sant Vicenç de Montalt;total;homes;població;;3136
2017;Sant Vicenç de Montalt;total;dones;població;;3136
2017;Sant Vicenç de Montalt;total;total;població;;6272
2017;Sant Vicenç de Torelló;total;homes;població;;985
2017;Sant Vicenç de Torelló;total;dones;població;;1013
2017;Sant Vicenç de Torelló;total;total;població;;1998
2017;Sant Vicenç dels Horts;total;homes;població;;13932
2017;Sant Vicenç dels Horts;total;dones;població;;14050
2017;Sant Vicenç dels Horts;total;total;població;;27982
2017;Santa Bàrbara;total;homes;població;;1933
2017;Santa Bàrbara;total;dones;població;;1864
2017;Santa Bàrbara;total;total;població;;3797
2017;Santa Cecília de Voltregà;total;homes;població;;97
2017;Santa Cecília de Voltregà;total;dones;població;;92
2017;Santa Cecília de Voltregà;total;total;població;;189
2017;Santa Coloma de Cervelló;total;homes;població;;3965
2017;Santa Coloma de Cervelló;total;dones;població;;4117
2017;Santa Coloma de Cervelló;total;total;població;;8082
2017;Santa Coloma de Farners;total;homes;població;;6461
2017;Santa Coloma de Farners;total;dones;població;;6393
2017;Santa Coloma de Farners;total;total;població;;12854
2017;Santa Coloma de Gramenet;total;homes;població;;58452
2017;Santa Coloma de Gramenet;total;dones;població;;59145
2017;Santa Coloma de Gramenet;total;total;població;;117597
2017;Santa Coloma de Queralt;total;homes;població;;1334
2017;Santa Coloma de Queralt;total;dones;població;;1361
2017;Santa Coloma de Queralt;total;total;població;;2695
2017;Santa Cristina d'Aro;total;homes;població;;2600
2017;Santa Cristina d'Aro;total;dones;població;;2594
2017;Santa Cristina d'Aro;total;total;població;;5194
2017;Santa Eugènia de Berga;total;homes;població;;1156
2017;Santa Eugènia de Berga;total;dones;població;;1103
2017;Santa Eugènia de Berga;total;total;població;;2259
2017;Santa Eulàlia de Riuprimer;total;homes;població;;652
2017;Santa Eulàlia de Riuprimer;total;dones;població;;637
2017;Santa Eulàlia de Riuprimer;total;total;població;;1289
2017;Santa Eulàlia de Ronçana;total;homes;població;;3578
2017;Santa Eulàlia de Ronçana;total;dones;població;;3546
2017;Santa Eulàlia de Ronçana;total;total;població;;7124
2017;Santa Fe del Penedès;total;homes;població;;196
2017;Santa Fe del Penedès;total;dones;població;;184
2017;Santa Fe del Penedès;total;total;població;;380
2017;Santa Llogaia d'Àlguema;total;homes;població;;184
2017;Santa Llogaia d'Àlguema;total;dones;població;;169
2017;Santa Llogaia d'Àlguema;total;total;població;;353
2017;Santa Margarida de Montbui;total;homes;població;;4875
2017;Santa Margarida de Montbui;total;dones;població;;4873
2017;Santa Margarida de Montbui;total;total;població;;9748
2017;Santa Margarida i els Monjos;total;homes;població;;3801
2017;Santa Margarida i els Monjos;total;dones;població;;3679
2017;Santa Margarida i els Monjos;total;total;població;;7480
2017;Santa Maria d'Oló;total;homes;població;;521
2017;Santa Maria d'Oló;total;dones;població;;509
2017;Santa Maria d'Oló;total;total;població;;1030
2017;Santa Maria de Besora;total;homes;població;;75
2017;Santa Maria de Besora;total;dones;població;;72
2017;Santa Maria de Besora;total;total;població;;147
2017;Santa Maria de Martorelles;total;homes;població;;436
2017;Santa Maria de Martorelles;total;dones;població;;422
2017;Santa Maria de Martorelles;total;total;població;;858
2017;Santa Maria de Merlès;total;homes;població;;91
2017;Santa Maria de Merlès;total;dones;població;;99
2017;Santa Maria de Merlès;total;total;població;;190
2017;Santa Maria de Miralles;total;homes;població;;65
2017;Santa Maria de Miralles;total;dones;població;;58
2017;Santa Maria de Miralles;total;total;població;;123
2017;Santa Maria de Palautordera;total;homes;població;;4662
2017;Santa Maria de Palautordera;total;dones;població;;4624
2017;Santa Maria de Palautordera;total;total;població;;9286
2017;Santa Oliva;total;homes;població;;1679
2017;Santa Oliva;total;dones;població;;1636
2017;Santa Oliva;total;total;població;;3315
2017;Santa Pau;total;homes;població;;777
2017;Santa Pau;total;dones;població;;772
2017;Santa Pau;total;total;població;;1549
2017;Santa Perpètua de Mogoda;total;homes;població;;12900
2017;Santa Perpètua de Mogoda;total;dones;població;;12674
2017;Santa Perpètua de Mogoda;total;total;població;;25574
2017;Santa Susanna;total;homes;població;;1690
2017;Santa Susanna;total;dones;població;;1662
2017;Santa Susanna;total;total;població;;3352
2017;Santpedor;total;homes;població;;3709
2017;Santpedor;total;dones;població;;3787
2017;Santpedor;total;total;població;;7496
2017;Sarral;total;homes;població;;789
2017;Sarral;total;dones;població;;771
2017;Sarral;total;total;població;;1560
2017;Sarrià de Ter;total;homes;població;;2484
2017;Sarrià de Ter;total;dones;població;;2568
2017;Sarrià de Ter;total;total;població;;5052
2017;Sarroca de Bellera;total;homes;població;;69
2017;Sarroca de Bellera;total;dones;població;;51
2017;Sarroca de Bellera;total;total;població;;120
2017;Sarroca de Lleida;total;homes;població;;201
2017;Sarroca de Lleida;total;dones;població;;169
2017;Sarroca de Lleida;total;total;població;;370
2017;Saus, Camallera i Llampaies;total;homes;població;;415
2017;Saus, Camallera i Llampaies;total;dones;població;;424
2017;Saus, Camallera i Llampaies;total;total;població;;839
2017;Savallà del Comtat;total;homes;població;;28
2017;Savallà del Comtat;total;dones;població;;28
2017;Savallà del Comtat;total;total;població;;56
2017;Secuita, la;total;homes;població;;841
2017;Secuita, la;total;dones;població;;835
2017;Secuita, la;total;total;població;;1676
2017;Selva de Mar, la;total;homes;població;;109
2017;Selva de Mar, la;total;dones;població;;82
2017;Selva de Mar, la;total;total;població;;191
2017;Selva del Camp, la;total;homes;població;;2786
2017;Selva del Camp, la;total;dones;població;;2760
2017;Selva del Camp, la;total;total;població;;5546
2017;Senan;total;homes;població;;33
2017;Senan;total;dones;població;;16
2017;Senan;total;total;població;;49
2017;Sénia, la;total;homes;població;;2837
2017;Sénia, la;total;dones;població;;2815
2017;Sénia, la;total;total;població;;5652
2017;Senterada;total;homes;població;;79
2017;Senterada;total;dones;població;;57
2017;Senterada;total;total;població;;136
2017;Sentiu de Sió, la;total;homes;població;;229
2017;Sentiu de Sió, la;total;dones;població;;216
2017;Sentiu de Sió, la;total;total;població;;445
2017;Sentmenat;total;homes;població;;4455
2017;Sentmenat;total;dones;població;;4363
2017;Sentmenat;total;total;població;;8818
2017;Serinyà;total;homes;població;;577
2017;Serinyà;total;dones;població;;540
2017;Serinyà;total;total;població;;1117
2017;Seròs;total;homes;població;;1020
2017;Seròs;total;dones;població;;875
2017;Seròs;total;total;població;;1895
2017;Serra de Daró;total;homes;població;;113
2017;Serra de Daró;total;dones;població;;93
2017;Serra de Daró;total;total;població;;206
2017;Setcases;total;homes;població;;97
2017;Setcases;total;dones;població;;85
2017;Setcases;total;total;població;;182
2017;Seu d'Urgell, la;total;homes;població;;5789
2017;Seu d'Urgell, la;total;dones;població;;6226
2017;Seu d'Urgell, la;total;total;població;;12015
2017;Seva;total;homes;població;;1726
2017;Seva;total;dones;població;;1725
2017;Seva;total;total;població;;3451
2017;Sidamon;total;homes;població;;383
2017;Sidamon;total;dones;població;;349
2017;Sidamon;total;total;població;;732
2017;Sils;total;homes;població;;2996
2017;Sils;total;dones;població;;2914
2017;Sils;total;total;població;;5910
2017;Sitges;total;homes;població;;14279
2017;Sitges;total;dones;població;;14248
2017;Sitges;total;total;població;;28527
2017;Siurana;total;homes;població;;74
2017;Siurana;total;dones;població;;85
2017;Siurana;total;total;població;;159
2017;Sobremunt;total;homes;població;;36
2017;Sobremunt;total;dones;població;;48
2017;Sobremunt;total;total;població;;84
2017;Soleràs, el;total;homes;població;;183
2017;Soleràs, el;total;dones;població;;163
2017;Soleràs, el;total;total;població;;346
2017;Solivella;total;homes;població;;312
2017;Solivella;total;dones;població;;302
2017;Solivella;total;total;població;;614
2017;Solsona;total;homes;població;;4444
2017;Solsona;total;dones;població;;4530
2017;Solsona;total;total;població;;8974
2017;Sora;total;homes;població;;112
2017;Sora;total;dones;població;;81
2017;Sora;total;total;població;;193
2017;Soriguera;total;homes;població;;220
2017;Soriguera;total;dones;població;;183
2017;Soriguera;total;total;població;;403
2017;Sort;total;homes;població;;1056
2017;Sort;total;dones;població;;1072
2017;Sort;total;total;població;;2128
2017;Soses;total;homes;població;;889
2017;Soses;total;dones;població;;830
2017;Soses;total;total;població;;1719
2017;Subirats;total;homes;població;;1550
2017;Subirats;total;dones;població;;1463
2017;Subirats;total;total;població;;3013
2017;Sudanell;total;homes;població;;482
2017;Sudanell;total;dones;població;;392
2017;Sudanell;total;total;població;;874
2017;Sunyer;total;homes;població;;209
2017;Sunyer;total;dones;població;;150
2017;Sunyer;total;total;població;;359
2017;Súria;total;homes;població;;2882
2017;Súria;total;dones;població;;3029
2017;Súria;total;total;població;;5911
2017;Susqueda;total;homes;població;;56
2017;Susqueda;total;dones;població;;42
2017;Susqueda;total;total;població;;98
2017;Tagamanent;total;homes;població;;172
2017;Tagamanent;total;dones;població;;154
2017;Tagamanent;total;total;població;;326
2017;Talamanca;total;homes;població;;110
2017;Talamanca;total;dones;població;;83
2017;Talamanca;total;total;població;;193
2017;Talarn;total;homes;població;;476
2017;Talarn;total;dones;població;;226
2017;Talarn;total;total;població;;702
2017;Talavera;total;homes;població;;141
2017;Talavera;total;dones;població;;109
2017;Talavera;total;total;població;;250
2017;Tallada d'Empordà, la;total;homes;població;;234
2017;Tallada d'Empordà, la;total;dones;població;;216
2017;Tallada d'Empordà, la;total;total;població;;450
2017;Taradell;total;homes;població;;3159
2017;Taradell;total;dones;població;;3185
2017;Taradell;total;total;població;;6344
2017;Tarragona;total;homes;població;;63941
2017;Tarragona;total;dones;població;;67566
2017;Tarragona;total;total;població;;131507
2017;Tàrrega;total;homes;població;;8230
2017;Tàrrega;total;dones;població;;8369
2017;Tàrrega;total;total;població;;16599
2017;Tarrés;total;homes;població;;56
2017;Tarrés;total;dones;població;;43
2017;Tarrés;total;total;població;;99
2017;Tarroja de Segarra;total;homes;població;;99
2017;Tarroja de Segarra;total;dones;població;;82
2017;Tarroja de Segarra;total;total;població;;181
2017;Tavèrnoles;total;homes;població;;159
2017;Tavèrnoles;total;dones;població;;158
2017;Tavèrnoles;total;total;població;;317
2017;Tavertet;total;homes;població;;62
2017;Tavertet;total;dones;població;;54
2017;Tavertet;total;total;població;;116
2017;Teià;total;homes;població;;3117
2017;Teià;total;dones;població;;3216
2017;Teià;total;total;població;;6333
2017;Térmens;total;homes;població;;720
2017;Térmens;total;dones;població;;722
2017;Térmens;total;total;població;;1442
2017;Terrades;total;homes;població;;149
2017;Terrades;total;dones;població;;157
2017;Terrades;total;total;població;;306
2017;Terrassa;total;homes;població;;106557
2017;Terrassa;total;dones;població;;109871
2017;Terrassa;total;total;població;;216428
2017;Tiana;total;homes;població;;4136
2017;Tiana;total;dones;població;;4509
2017;Tiana;total;total;població;;8645
2017;Tírvia;total;homes;població;;69
2017;Tírvia;total;dones;població;;72
2017;Tírvia;total;total;població;;141
2017;Tiurana;total;homes;població;;37
2017;Tiurana;total;dones;població;;39
2017;Tiurana;total;total;població;;76
2017;Tivenys;total;homes;població;;448
2017;Tivenys;total;dones;població;;431
2017;Tivenys;total;total;població;;879
2017;Tivissa;total;homes;població;;841
2017;Tivissa;total;dones;població;;836
2017;Tivissa;total;total;població;;1677
2017;Tona;total;homes;població;;4008
2017;Tona;total;dones;població;;4106
2017;Tona;total;total;població;;8114
2017;Torà;total;homes;població;;613
2017;Torà;total;dones;població;;610
2017;Torà;total;total;població;;1223
2017;Tordera;total;homes;població;;8427
2017;Tordera;total;dones;població;;8210
2017;Tordera;total;total;població;;16637
2017;Torelló;total;homes;població;;6914
2017;Torelló;total;dones;població;;7081
2017;Torelló;total;total;població;;13995
2017;Torms, els;total;homes;població;;83
2017;Torms, els;total;dones;població;;64
2017;Torms, els;total;total;població;;147
2017;Tornabous;total;homes;població;;465
2017;Tornabous;total;dones;població;;393
2017;Tornabous;total;total;població;;858
2017;Torre de Cabdella, la;total;homes;població;;386
2017;Torre de Cabdella, la;total;dones;població;;368
2017;Torre de Cabdella, la;total;total;població;;754
2017;Torre de Claramunt, la;total;homes;població;;1900
2017;Torre de Claramunt, la;total;dones;població;;1807
2017;Torre de Claramunt, la;total;total;població;;3707
2017;Torre de Fontaubella, la;total;homes;població;;72
2017;Torre de Fontaubella, la;total;dones;població;;65
2017;Torre de Fontaubella, la;total;total;població;;137
2017;Torre de l'Espanyol, la;total;homes;població;;327
2017;Torre de l'Espanyol, la;total;dones;població;;307
2017;Torre de l'Espanyol, la;total;total;població;;634
2017;Torrebesses;total;homes;població;;155
2017;Torrebesses;total;dones;població;;135
2017;Torrebesses;total;total;població;;290
2017;Torredembarra;total;homes;població;;7667
2017;Torredembarra;total;dones;població;;8059
2017;Torredembarra;total;total;població;;15726
2017;Torrefarrera;total;homes;població;;2363
2017;Torrefarrera;total;dones;població;;2290
2017;Torrefarrera;total;total;població;;4653
2017;Torrefeta i Florejacs;total;homes;població;;313
2017;Torrefeta i Florejacs;total;dones;població;;278
2017;Torrefeta i Florejacs;total;total;població;;591
2017;Torregrossa;total;homes;població;;1113
2017;Torregrossa;total;dones;població;;1079
2017;Torregrossa;total;total;població;;2192
2017;Torrelameu;total;homes;població;;403
2017;Torrelameu;total;dones;població;;312
2017;Torrelameu;total;total;població;;715
2017;Torrelavit;total;homes;població;;726
2017;Torrelavit;total;dones;població;;674
2017;Torrelavit;total;total;població;;1400
2017;Torrelles de Foix;total;homes;població;;1202
2017;Torrelles de Foix;total;dones;població;;1041
2017;Torrelles de Foix;total;total;població;;2243
2017;Torrelles de Llobregat;total;homes;població;;2934
2017;Torrelles de Llobregat;total;dones;població;;3016
2017;Torrelles de Llobregat;total;total;població;;5950
2017;Torrent;total;homes;població;;90
2017;Torrent;total;dones;població;;71
2017;Torrent;total;total;població;;161
2017;Torres de Segre;total;homes;població;;1130
2017;Torres de Segre;total;dones;població;;1095
2017;Torres de Segre;total;total;població;;2225
2017;Torre-serona;total;homes;població;;185
2017;Torre-serona;total;dones;població;;178
2017;Torre-serona;total;total;població;;363
2017;Torroella de Fluvià;total;homes;població;;367
2017;Torroella de Fluvià;total;dones;població;;321
2017;Torroella de Fluvià;total;total;població;;688
2017;Torroella de Montgrí;total;homes;població;;5842
2017;Torroella de Montgrí;total;dones;població;;5674
2017;Torroella de Montgrí;total;total;població;;11516
2017;Torroja del Priorat;total;homes;població;;82
2017;Torroja del Priorat;total;dones;població;;67
2017;Torroja del Priorat;total;total;població;;149
2017;Tortellà;total;homes;població;;380
2017;Tortellà;total;dones;població;;403
2017;Tortellà;total;total;població;;783
2017;Tortosa;total;homes;població;;16613
2017;Tortosa;total;dones;població;;16832
2017;Tortosa;total;total;població;;33445
2017;Toses;total;homes;població;;99
2017;Toses;total;dones;població;;69
2017;Toses;total;total;població;;168
2017;Tossa de Mar;total;homes;població;;2792
2017;Tossa de Mar;total;dones;població;;2750
2017;Tossa de Mar;total;total;població;;5542
2017;Tremp;total;homes;població;;2910
2017;Tremp;total;dones;població;;2996
2017;Tremp;total;total;població;;5906
2017;Ullà;total;homes;població;;626
2017;Ullà;total;dones;població;;512
2017;Ullà;total;total;població;;1138
2017;Ullastrell;total;homes;població;;1042
2017;Ullastrell;total;dones;població;;1012
2017;Ullastrell;total;total;població;;2054
2017;Ullastret;total;homes;població;;148
2017;Ullastret;total;dones;població;;147
2017;Ullastret;total;total;població;;295
2017;Ulldecona;total;homes;població;;3252
2017;Ulldecona;total;dones;població;;3069
2017;Ulldecona;total;total;població;;6321
2017;Ulldemolins;total;homes;població;;226
2017;Ulldemolins;total;dones;població;;169
2017;Ulldemolins;total;total;població;;395
2017;Ultramort;total;homes;població;;121
2017;Ultramort;total;dones;població;;95
2017;Ultramort;total;total;població;;216
2017;Urús;total;homes;població;;81
2017;Urús;total;dones;població;;92
2017;Urús;total;total;població;;173
2017;Vacarisses;total;homes;població;;3239
2017;Vacarisses;total;dones;població;;3089
2017;Vacarisses;total;total;població;;6328
2017;Vajol, la;total;homes;població;;47
2017;Vajol, la;total;dones;població;;38
2017;Vajol, la;total;total;població;;85
2017;Vall d'en Bas, la;total;homes;població;;1519
2017;Vall d'en Bas, la;total;dones;població;;1499
2017;Vall d'en Bas, la;total;total;població;;3018
2017;Vall de Bianya, la;total;homes;població;;633
2017;Vall de Bianya, la;total;dones;població;;632
2017;Vall de Bianya, la;total;total;població;;1265
2017;Vall de Boí, la;total;homes;població;;537
2017;Vall de Boí, la;total;dones;població;;478
2017;Vall de Boí, la;total;total;població;;1015
2017;Vall de Cardós;total;homes;població;;191
2017;Vall de Cardós;total;dones;població;;169
2017;Vall de Cardós;total;total;població;;360
2017;Vallbona d'Anoia;total;homes;població;;738
2017;Vallbona d'Anoia;total;dones;població;;674
2017;Vallbona d'Anoia;total;total;població;;1412
2017;Vallbona de les Monges;total;homes;població;;122
2017;Vallbona de les Monges;total;dones;població;;104
2017;Vallbona de les Monges;total;total;població;;226
2017;Vallcebre;total;homes;població;;142
2017;Vallcebre;total;dones;població;;109
2017;Vallcebre;total;total;població;;251
2017;Vallclara;total;homes;població;;62
2017;Vallclara;total;dones;població;;41
2017;Vallclara;total;total;població;;103
2017;Vallfogona de Balaguer;total;homes;població;;929
2017;Vallfogona de Balaguer;total;dones;població;;938
2017;Vallfogona de Balaguer;total;total;població;;1867
2017;Vallfogona de Ripollès;total;homes;població;;112
2017;Vallfogona de Ripollès;total;dones;població;;92
2017;Vallfogona de Ripollès;total;total;població;;204
2017;Vallfogona de Riucorb;total;homes;població;;51
2017;Vallfogona de Riucorb;total;dones;població;;36
2017;Vallfogona de Riucorb;total;total;població;;87
2017;Vallgorguina;total;homes;població;;1414
2017;Vallgorguina;total;dones;població;;1375
2017;Vallgorguina;total;total;població;;2789
2017;Vallirana;total;homes;població;;7408
2017;Vallirana;total;dones;població;;7376
2017;Vallirana;total;total;població;;14784
2017;Vall-llobrega;total;homes;població;;464
2017;Vall-llobrega;total;dones;població;;460
2017;Vall-llobrega;total;total;població;;924
2017;Vallmoll;total;homes;població;;864
2017;Vallmoll;total;dones;població;;838
2017;Vallmoll;total;total;població;;1702
2017;Vallromanes;total;homes;població;;1280
2017;Vallromanes;total;dones;població;;1234
2017;Vallromanes;total;total;població;;2514
2017;Valls;total;homes;població;;11978
2017;Valls;total;dones;població;;12134
2017;Valls;total;total;població;;24112
2017;Valls d'Aguilar, les;total;homes;població;;152
2017;Valls d'Aguilar, les;total;dones;població;;125
2017;Valls d'Aguilar, les;total;total;població;;277
2017;Valls de Valira, les;total;homes;població;;418
2017;Valls de Valira, les;total;dones;població;;390
2017;Valls de Valira, les;total;total;població;;808
2017;Vandellòs i l'Hospitalet de l'Infant;total;homes;població;;3155
2017;Vandellòs i l'Hospitalet de l'Infant;total;dones;població;;3139
2017;Vandellòs i l'Hospitalet de l'Infant;total;total;població;;6294
2017;Vansa i Fórnols, la;total;homes;població;;96
2017;Vansa i Fórnols, la;total;dones;població;;84
2017;Vansa i Fórnols, la;total;total;població;;180
2017;Veciana;total;homes;població;;94
2017;Veciana;total;dones;població;;73
2017;Veciana;total;total;població;;167
2017;Vendrell, el;total;homes;població;;18145
2017;Vendrell, el;total;dones;població;;18423
2017;Vendrell, el;total;total;població;;36568
2017;Ventalló;total;homes;població;;397
2017;Ventalló;total;dones;població;;396
2017;Ventalló;total;total;població;;793
2017;Verdú;total;homes;població;;441
2017;Verdú;total;dones;població;;483
2017;Verdú;total;total;població;;924
2017;Verges;total;homes;població;;558
2017;Verges;total;dones;població;;601
2017;Verges;total;total;població;;1159
2017;Vespella de Gaià;total;homes;població;;234
2017;Vespella de Gaià;total;dones;població;;190
2017;Vespella de Gaià;total;total;població;;424
2017;Vic;total;homes;població;;21933
2017;Vic;total;dones;població;;22031
2017;Vic;total;total;població;;43964
2017;Vidrà;total;homes;població;;89
2017;Vidrà;total;dones;població;;88
2017;Vidrà;total;total;població;;177
2017;Vidreres;total;homes;població;;3949
2017;Vidreres;total;dones;població;;3703
2017;Vidreres;total;total;població;;7652
2017;Vielha e Mijaran;total;homes;població;;2811
2017;Vielha e Mijaran;total;dones;població;;2701
2017;Vielha e Mijaran;total;total;població;;5512
2017;Vilabella;total;homes;població;;388
2017;Vilabella;total;dones;població;;361
2017;Vilabella;total;total;població;;749
2017;Vilabertran;total;homes;població;;468
2017;Vilabertran;total;dones;població;;451
2017;Vilabertran;total;total;població;;919
2017;Vilablareix;total;homes;població;;1328
2017;Vilablareix;total;dones;població;;1363
2017;Vilablareix;total;total;població;;2691
2017;Vilada;total;homes;població;;222
2017;Vilada;total;dones;població;;202
2017;Vilada;total;total;població;;424
2017;Viladamat;total;homes;població;;241
2017;Viladamat;total;dones;població;;227
2017;Viladamat;total;total;població;;468
2017;Viladasens;total;homes;població;;112
2017;Viladasens;total;dones;població;;104
2017;Viladasens;total;total;població;;216
2017;Viladecans;total;homes;població;;32731
2017;Viladecans;total;dones;població;;33262
2017;Viladecans;total;total;població;;65993
2017;Viladecavalls;total;homes;població;;3660
2017;Viladecavalls;total;dones;població;;3732
2017;Viladecavalls;total;total;població;;7392
2017;Vilademuls;total;homes;població;;415
2017;Vilademuls;total;dones;població;;374
2017;Vilademuls;total;total;població;;789
2017;Viladrau;total;homes;població;;517
2017;Viladrau;total;dones;població;;521
2017;Viladrau;total;total;població;;1038
2017;Vilafant;total;homes;població;;2700
2017;Vilafant;total;dones;població;;2765
2017;Vilafant;total;total;població;;5465
2017;Vilafranca del Penedès;total;homes;població;;19333
2017;Vilafranca del Penedès;total;dones;població;;20199
2017;Vilafranca del Penedès;total;total;població;;39532
2017;Vilagrassa;total;homes;població;;270
2017;Vilagrassa;total;dones;població;;252
2017;Vilagrassa;total;total;població;;522
2017;Vilajuïga;total;homes;població;;561
2017;Vilajuïga;total;dones;població;;562
2017;Vilajuïga;total;total;població;;1123
2017;Vilalba dels Arcs;total;homes;població;;323
2017;Vilalba dels Arcs;total;dones;població;;320
2017;Vilalba dels Arcs;total;total;població;;643
2017;Vilalba Sasserra;total;homes;població;;347
2017;Vilalba Sasserra;total;dones;població;;343
2017;Vilalba Sasserra;total;total;població;;690
2017;Vilaller;total;homes;població;;292
2017;Vilaller;total;dones;població;;255
2017;Vilaller;total;total;població;;547
2017;Vilallonga de Ter;total;homes;població;;213
2017;Vilallonga de Ter;total;dones;població;;193
2017;Vilallonga de Ter;total;total;població;;406
2017;Vilallonga del Camp;total;homes;població;;1200
2017;Vilallonga del Camp;total;dones;població;;1140
2017;Vilallonga del Camp;total;total;població;;2340
2017;Vilamacolum;total;homes;població;;168
2017;Vilamacolum;total;dones;població;;157
2017;Vilamacolum;total;total;població;;325
2017;Vilamalla;total;homes;població;;579
2017;Vilamalla;total;dones;població;;567
2017;Vilamalla;total;total;població;;1146
2017;Vilamaniscle;total;homes;població;;108
2017;Vilamaniscle;total;dones;població;;91
2017;Vilamaniscle;total;total;població;;199
2017;Vilamòs;total;homes;població;;83
2017;Vilamòs;total;dones;població;;68
2017;Vilamòs;total;total;població;;151
2017;Vilanant;total;homes;població;;201
2017;Vilanant;total;dones;població;;200
2017;Vilanant;total;total;població;;401
2017;Vilanova d'Escornalbou;total;homes;població;;275
2017;Vilanova d'Escornalbou;total;dones;població;;246
2017;Vilanova d'Escornalbou;total;total;població;;521
2017;Vilanova de Bellpuig;total;homes;població;;587
2017;Vilanova de Bellpuig;total;dones;població;;572
2017;Vilanova de Bellpuig;total;total;població;;1159
2017;Vilanova de l'Aguda;total;homes;població;;102
2017;Vilanova de l'Aguda;total;dones;població;;104
2017;Vilanova de l'Aguda;total;total;població;;206
2017;Vilanova de la Barca;total;homes;població;;533
2017;Vilanova de la Barca;total;dones;població;;511
2017;Vilanova de la Barca;total;total;població;;1044
2017;Vilanova de Meià;total;homes;població;;224
2017;Vilanova de Meià;total;dones;població;;177
2017;Vilanova de Meià;total;total;població;;401
2017;Vilanova de Prades;total;homes;població;;63
2017;Vilanova de Prades;total;dones;població;;58
2017;Vilanova de Prades;total;total;població;;121
2017;Vilanova de Sau;total;homes;població;;153
2017;Vilanova de Sau;total;dones;població;;160
2017;Vilanova de Sau;total;total;població;;313
2017;Vilanova de Segrià;total;homes;població;;497
2017;Vilanova de Segrià;total;dones;població;;446
2017;Vilanova de Segrià;total;total;població;;943
2017;Vilanova del Camí;total;homes;població;;6173
2017;Vilanova del Camí;total;dones;població;;6159
2017;Vilanova del Camí;total;total;població;;12332
2017;Vilanova del Vallès;total;homes;població;;2664
2017;Vilanova del Vallès;total;dones;població;;2621
2017;Vilanova del Vallès;total;total;població;;5285
2017;Vilanova i la Geltrú;total;homes;població;;31979
2017;Vilanova i la Geltrú;total;dones;població;;34098
2017;Vilanova i la Geltrú;total;total;població;;66077
2017;Vilaplana;total;homes;població;;299
2017;Vilaplana;total;dones;població;;286
2017;Vilaplana;total;total;població;;585
2017;Vila-rodona;total;homes;població;;653
2017;Vila-rodona;total;dones;població;;606
2017;Vila-rodona;total;total;població;;1259
2017;Vila-sacra;total;homes;població;;345
2017;Vila-sacra;total;dones;població;;361
2017;Vila-sacra;total;total;població;;706
2017;Vila-sana;total;homes;població;;356
2017;Vila-sana;total;dones;població;;365
2017;Vila-sana;total;total;població;;721
2017;Vila-seca;total;homes;població;;11062
2017;Vila-seca;total;dones;població;;10931
2017;Vila-seca;total;total;població;;21993
2017;Vilassar de Dalt;total;homes;població;;4412
2017;Vilassar de Dalt;total;dones;població;;4549
2017;Vilassar de Dalt;total;total;població;;8961
2017;Vilassar de Mar;total;homes;població;;9932
2017;Vilassar de Mar;total;dones;població;;10704
2017;Vilassar de Mar;total;total;població;;20636
2017;Vilaür;total;homes;població;;74
2017;Vilaür;total;dones;població;;71
2017;Vilaür;total;total;població;;145
2017;Vilaverd;total;homes;població;;228
2017;Vilaverd;total;dones;població;;212
2017;Vilaverd;total;total;població;;440
2017;Vilella Alta, la;total;homes;població;;69
2017;Vilella Alta, la;total;dones;població;;58
2017;Vilella Alta, la;total;total;població;;127
2017;Vilella Baixa, la;total;homes;població;;111
2017;Vilella Baixa, la;total;dones;població;;89
2017;Vilella Baixa, la;total;total;població;;200
2017;Vilobí d'Onyar;total;homes;població;;1635
2017;Vilobí d'Onyar;total;dones;població;;1503
2017;Vilobí d'Onyar;total;total;població;;3138
2017;Vilobí del Penedès;total;homes;població;;575
2017;Vilobí del Penedès;total;dones;població;;519
2017;Vilobí del Penedès;total;total;població;;1094
2017;Vilopriu;total;homes;població;;110
2017;Vilopriu;total;dones;població;;97
2017;Vilopriu;total;total;població;;207
2017;Vilosell, el;total;homes;població;;91
2017;Vilosell, el;total;dones;població;;89
2017;Vilosell, el;total;total;població;;180
2017;Vimbodí i Poblet;total;homes;població;;509
2017;Vimbodí i Poblet;total;dones;població;;408
2017;Vimbodí i Poblet;total;total;població;;917
2017;Vinaixa;total;homes;població;;254
2017;Vinaixa;total;dones;població;;229
2017;Vinaixa;total;total;població;;483
2017;Vinebre;total;homes;població;;214
2017;Vinebre;total;dones;població;;214
2017;Vinebre;total;total;població;;428
2017;Vinyols i els Arcs;total;homes;població;;1003
2017;Vinyols i els Arcs;total;dones;població;;925
2017;Vinyols i els Arcs;total;total;població;;1928
2017;Viver i Serrateix;total;homes;població;;88
2017;Viver i Serrateix;total;dones;població;;85
2017;Viver i Serrateix;total;total;població;;173
2017;Xerta;total;homes;població;;578
2017;Xerta;total;dones;població;;610
2017;Xerta;total;total;població;;1188
2017;Catalunya;total;homes;població;;3710200
2017;Catalunya;total;dones;població;;3845630
2017;Catalunya;total;total;població;;7555830
