any;municipi;edat any a any;sexe;concepte;estat;valor
2010;Abella de la Conca;total;homes;població;;104
2010;Abella de la Conca;total;dones;població;;77
2010;Abella de la Conca;total;total;població;;181
2010;Abrera;total;homes;població;;5905
2010;Abrera;total;dones;població;;5564
2010;Abrera;total;total;població;;11469
2010;Àger;total;homes;població;;313
2010;Àger;total;dones;població;;271
2010;Àger;total;total;població;;584
2010;Agramunt;total;homes;població;;2868
2010;Agramunt;total;dones;població;;2750
2010;Agramunt;total;total;població;;5618
2010;Aguilar de Segarra;total;homes;població;;133
2010;Aguilar de Segarra;total;dones;població;;120
2010;Aguilar de Segarra;total;total;població;;253
2010;Agullana;total;homes;població;;438
2010;Agullana;total;dones;població;;402
2010;Agullana;total;total;població;;840
2010;Aiguafreda;total;homes;població;;1207
2010;Aiguafreda;total;dones;població;;1298
2010;Aiguafreda;total;total;població;;2505
2010;Aiguamúrcia;total;homes;població;;482
2010;Aiguamúrcia;total;dones;població;;432
2010;Aiguamúrcia;total;total;població;;914
2010;Aiguaviva;total;homes;població;;368
2010;Aiguaviva;total;dones;població;;359
2010;Aiguaviva;total;total;població;;727
2010;Aitona;total;homes;població;;1258
2010;Aitona;total;dones;població;;1135
2010;Aitona;total;total;població;;2393
2010;Alamús, els;total;homes;població;;384
2010;Alamús, els;total;dones;població;;355
2010;Alamús, els;total;total;població;;739
2010;Alàs i Cerc;total;homes;població;;208
2010;Alàs i Cerc;total;dones;població;;178
2010;Alàs i Cerc;total;total;població;;386
2010;Albagés, l';total;homes;població;;250
2010;Albagés, l';total;dones;població;;212
2010;Albagés, l';total;total;població;;462
2010;Albanyà;total;homes;població;;83
2010;Albanyà;total;dones;població;;66
2010;Albanyà;total;total;població;;149
2010;Albatàrrec;total;homes;població;;1040
2010;Albatàrrec;total;dones;població;;939
2010;Albatàrrec;total;total;població;;1979
2010;Albesa;total;homes;població;;891
2010;Albesa;total;dones;població;;788
2010;Albesa;total;total;població;;1679
2010;Albi, l';total;homes;població;;437
2010;Albi, l';total;dones;població;;410
2010;Albi, l';total;total;població;;847
2010;Albinyana;total;homes;població;;1163
2010;Albinyana;total;dones;població;;1151
2010;Albinyana;total;total;població;;2314
2010;Albiol, l';total;homes;població;;214
2010;Albiol, l';total;dones;població;;204
2010;Albiol, l';total;total;població;;418
2010;Albons;total;homes;població;;369
2010;Albons;total;dones;població;;341
2010;Albons;total;total;població;;710
2010;Alcanar;total;homes;població;;5429
2010;Alcanar;total;dones;població;;5116
2010;Alcanar;total;total;població;;10545
2010;Alcanó;total;homes;població;;113
2010;Alcanó;total;dones;població;;122
2010;Alcanó;total;total;població;;235
2010;Alcarràs;total;homes;població;;4165
2010;Alcarràs;total;dones;població;;3864
2010;Alcarràs;total;total;població;;8029
2010;Alcoletge;total;homes;població;;1467
2010;Alcoletge;total;dones;població;;1349
2010;Alcoletge;total;total;població;;2816
2010;Alcover;total;homes;població;;2618
2010;Alcover;total;dones;població;;2525
2010;Alcover;total;total;població;;5143
2010;Aldea, l';total;homes;població;;2319
2010;Aldea, l';total;dones;població;;2057
2010;Aldea, l';total;total;població;;4376
2010;Aldover;total;homes;població;;486
2010;Aldover;total;dones;població;;491
2010;Aldover;total;total;població;;977
2010;Aleixar, l';total;homes;població;;453
2010;Aleixar, l';total;dones;població;;458
2010;Aleixar, l';total;total;població;;911
2010;Alella;total;homes;població;;4702
2010;Alella;total;dones;població;;4855
2010;Alella;total;total;població;;9557
2010;Alfara de Carles;total;homes;població;;209
2010;Alfara de Carles;total;dones;població;;189
2010;Alfara de Carles;total;total;població;;398
2010;Alfarràs;total;homes;població;;1639
2010;Alfarràs;total;dones;població;;1519
2010;Alfarràs;total;total;població;;3158
2010;Alfés;total;homes;població;;178
2010;Alfés;total;dones;població;;159
2010;Alfés;total;total;població;;337
2010;Alforja;total;homes;població;;984
2010;Alforja;total;dones;població;;913
2010;Alforja;total;total;població;;1897
2010;Algerri;total;homes;població;;241
2010;Algerri;total;dones;població;;221
2010;Algerri;total;total;població;;462
2010;Alguaire;total;homes;població;;1659
2010;Alguaire;total;dones;població;;1481
2010;Alguaire;total;total;població;;3140
2010;Alins;total;homes;població;;166
2010;Alins;total;dones;població;;147
2010;Alins;total;total;població;;313
2010;Alió;total;homes;població;;195
2010;Alió;total;dones;població;;191
2010;Alió;total;total;població;;386
2010;Almacelles;total;homes;població;;3451
2010;Almacelles;total;dones;població;;3126
2010;Almacelles;total;total;població;;6577
2010;Almatret;total;homes;població;;211
2010;Almatret;total;dones;població;;188
2010;Almatret;total;total;població;;399
2010;Almenar;total;homes;població;;1914
2010;Almenar;total;dones;població;;1717
2010;Almenar;total;total;població;;3631
2010;Almoster;total;homes;població;;692
2010;Almoster;total;dones;població;;692
2010;Almoster;total;total;població;;1384
2010;Alòs de Balaguer;total;homes;població;;85
2010;Alòs de Balaguer;total;dones;població;;59
2010;Alòs de Balaguer;total;total;població;;144
2010;Alp;total;homes;població;;928
2010;Alp;total;dones;població;;805
2010;Alp;total;total;població;;1733
2010;Alpens;total;homes;població;;164
2010;Alpens;total;dones;població;;139
2010;Alpens;total;total;població;;303
2010;Alpicat;total;homes;població;;3052
2010;Alpicat;total;dones;població;;3064
2010;Alpicat;total;total;població;;6116
2010;Alt Àneu;total;homes;població;;255
2010;Alt Àneu;total;dones;població;;191
2010;Alt Àneu;total;total;població;;446
2010;Altafulla;total;homes;població;;2355
2010;Altafulla;total;dones;població;;2356
2010;Altafulla;total;total;població;;4711
2010;Amer;total;homes;població;;1144
2010;Amer;total;dones;població;;1162
2010;Amer;total;total;població;;2306
2010;Ametlla de Mar, l';total;homes;població;;3868
2010;Ametlla de Mar, l';total;dones;població;;3726
2010;Ametlla de Mar, l';total;total;població;;7594
2010;Ametlla del Vallès, l';total;homes;població;;4073
2010;Ametlla del Vallès, l';total;dones;població;;4039
2010;Ametlla del Vallès, l';total;total;població;;8112
2010;Ampolla, l';total;homes;població;;1839
2010;Ampolla, l';total;dones;població;;1701
2010;Ampolla, l';total;total;població;;3540
2010;Amposta;total;homes;població;;10855
2010;Amposta;total;dones;població;;10510
2010;Amposta;total;total;població;;21365
2010;Anglès;total;homes;població;;2801
2010;Anglès;total;dones;població;;2759
2010;Anglès;total;total;població;;5560
2010;Anglesola;total;homes;població;;682
2010;Anglesola;total;dones;població;;673
2010;Anglesola;total;total;població;;1355
2010;Arbeca;total;homes;població;;1275
2010;Arbeca;total;dones;població;;1194
2010;Arbeca;total;total;població;;2469
2010;Arboç, l';total;homes;població;;2861
2010;Arboç, l';total;dones;població;;2608
2010;Arboç, l';total;total;població;;5469
2010;Arbolí;total;homes;població;;62
2010;Arbolí;total;dones;població;;51
2010;Arbolí;total;total;població;;113
2010;Arbúcies;total;homes;població;;3515
2010;Arbúcies;total;dones;població;;3132
2010;Arbúcies;total;total;població;;6647
2010;Arenys de Mar;total;homes;població;;7202
2010;Arenys de Mar;total;dones;població;;7486
2010;Arenys de Mar;total;total;població;;14688
2010;Arenys de Munt;total;homes;població;;4181
2010;Arenys de Munt;total;dones;població;;4154
2010;Arenys de Munt;total;total;població;;8335
2010;Argelaguer;total;homes;població;;227
2010;Argelaguer;total;dones;població;;198
2010;Argelaguer;total;total;població;;425
2010;Argençola;total;homes;població;;142
2010;Argençola;total;dones;població;;103
2010;Argençola;total;total;població;;245
2010;Argentera, l';total;homes;població;;77
2010;Argentera, l';total;dones;població;;58
2010;Argentera, l';total;total;població;;135
2010;Argentona;total;homes;població;;5805
2010;Argentona;total;dones;població;;5913
2010;Argentona;total;total;població;;11718
2010;Armentera, l';total;homes;població;;420
2010;Armentera, l';total;dones;població;;445
2010;Armentera, l';total;total;població;;865
2010;Arnes;total;homes;població;;266
2010;Arnes;total;dones;població;;239
2010;Arnes;total;total;població;;505
2010;Arres;total;homes;població;;41
2010;Arres;total;dones;població;;22
2010;Arres;total;total;població;;63
2010;Arsèguel;total;homes;població;;57
2010;Arsèguel;total;dones;població;;46
2010;Arsèguel;total;total;població;;103
2010;Artés;total;homes;població;;2769
2010;Artés;total;dones;població;;2746
2010;Artés;total;total;població;;5515
2010;Artesa de Lleida;total;homes;població;;800
2010;Artesa de Lleida;total;dones;població;;725
2010;Artesa de Lleida;total;total;població;;1525
2010;Artesa de Segre;total;homes;població;;1966
2010;Artesa de Segre;total;dones;població;;1873
2010;Artesa de Segre;total;total;població;;3839
2010;Ascó;total;homes;població;;845
2010;Ascó;total;dones;població;;789
2010;Ascó;total;total;població;;1634
2010;Aspa;total;homes;població;;127
2010;Aspa;total;dones;població;;115
2010;Aspa;total;total;població;;242
2010;Avellanes i Santa Linya, les;total;homes;població;;259
2010;Avellanes i Santa Linya, les;total;dones;població;;204
2010;Avellanes i Santa Linya, les;total;total;població;;463
2010;Avià;total;homes;població;;1107
2010;Avià;total;dones;població;;1116
2010;Avià;total;total;població;;2223
2010;Avinyó;total;homes;població;;1173
2010;Avinyó;total;dones;població;;1163
2010;Avinyó;total;total;població;;2336
2010;Avinyonet de Puigventós;total;homes;població;;768
2010;Avinyonet de Puigventós;total;dones;població;;749
2010;Avinyonet de Puigventós;total;total;població;;1517
2010;Avinyonet del Penedès;total;homes;població;;907
2010;Avinyonet del Penedès;total;dones;població;;778
2010;Avinyonet del Penedès;total;total;població;;1685
2010;Badalona;total;homes;població;;109460
2010;Badalona;total;dones;població;;109426
2010;Badalona;total;total;població;;218886
2010;Badia del Vallès;total;homes;població;;6746
2010;Badia del Vallès;total;dones;població;;6957
2010;Badia del Vallès;total;total;població;;13703
2010;Bagà;total;homes;població;;1176
2010;Bagà;total;dones;població;;1185
2010;Bagà;total;total;població;;2361
2010;Baix Pallars;total;homes;població;;215
2010;Baix Pallars;total;dones;població;;191
2010;Baix Pallars;total;total;població;;406
2010;Balaguer;total;homes;població;;8535
2010;Balaguer;total;dones;població;;8231
2010;Balaguer;total;total;població;;16766
2010;Balenyà;total;homes;població;;1850
2010;Balenyà;total;dones;població;;1852
2010;Balenyà;total;total;població;;3702
2010;Balsareny;total;homes;població;;1758
2010;Balsareny;total;dones;població;;1727
2010;Balsareny;total;total;població;;3485
2010;Banyeres del Penedès;total;homes;població;;1534
2010;Banyeres del Penedès;total;dones;població;;1418
2010;Banyeres del Penedès;total;total;població;;2952
2010;Banyoles;total;homes;població;;9410
2010;Banyoles;total;dones;població;;9370
2010;Banyoles;total;total;població;;18780
2010;Barbens;total;homes;població;;479
2010;Barbens;total;dones;població;;408
2010;Barbens;total;total;població;;887
2010;Barberà de la Conca;total;homes;població;;294
2010;Barberà de la Conca;total;dones;població;;243
2010;Barberà de la Conca;total;total;població;;537
2010;Barberà del Vallès;total;homes;població;;15771
2010;Barberà del Vallès;total;dones;població;;15917
2010;Barberà del Vallès;total;total;població;;31688
2010;Barcelona;total;homes;població;;770044
2010;Barcelona;total;dones;població;;849293
2010;Barcelona;total;total;població;;1619337
2010;Baronia de Rialb, la;total;homes;població;;138
2010;Baronia de Rialb, la;total;dones;població;;123
2010;Baronia de Rialb, la;total;total;població;;261
2010;Bàscara;total;homes;població;;505
2010;Bàscara;total;dones;població;;458
2010;Bàscara;total;total;població;;963
2010;Bassella;total;homes;població;;137
2010;Bassella;total;dones;població;;122
2010;Bassella;total;total;població;;259
2010;Batea;total;homes;població;;1117
2010;Batea;total;dones;població;;1057
2010;Batea;total;total;població;;2174
2010;Bausen;total;homes;població;;35
2010;Bausen;total;dones;població;;26
2010;Bausen;total;total;població;;61
2010;Begues;total;homes;població;;3161
2010;Begues;total;dones;població;;3187
2010;Begues;total;total;població;;6348
2010;Begur;total;homes;població;;2143
2010;Begur;total;dones;població;;2066
2010;Begur;total;total;població;;4209
2010;Belianes;total;homes;població;;299
2010;Belianes;total;dones;població;;285
2010;Belianes;total;total;població;;584
2010;Bellaguarda;total;homes;població;;178
2010;Bellaguarda;total;dones;població;;156
2010;Bellaguarda;total;total;població;;334
2010;Bellcaire d'Empordà;total;homes;població;;333
2010;Bellcaire d'Empordà;total;dones;població;;340
2010;Bellcaire d'Empordà;total;total;població;;673
2010;Bellcaire d'Urgell;total;homes;població;;671
2010;Bellcaire d'Urgell;total;dones;població;;670
2010;Bellcaire d'Urgell;total;total;població;;1341
2010;Bell-lloc d'Urgell;total;homes;població;;1204
2010;Bell-lloc d'Urgell;total;dones;població;;1244
2010;Bell-lloc d'Urgell;total;total;població;;2448
2010;Bellmunt d'Urgell;total;homes;població;;98
2010;Bellmunt d'Urgell;total;dones;població;;113
2010;Bellmunt d'Urgell;total;total;població;;211
2010;Bellmunt del Priorat;total;homes;població;;175
2010;Bellmunt del Priorat;total;dones;població;;175
2010;Bellmunt del Priorat;total;total;població;;350
2010;Bellprat;total;homes;població;;54
2010;Bellprat;total;dones;població;;43
2010;Bellprat;total;total;població;;97
2010;Bellpuig;total;homes;població;;2573
2010;Bellpuig;total;dones;població;;2369
2010;Bellpuig;total;total;població;;4942
2010;Bellvei;total;homes;població;;1101
2010;Bellvei;total;dones;població;;1009
2010;Bellvei;total;total;població;;2110
2010;Bellver de Cerdanya;total;homes;població;;1181
2010;Bellver de Cerdanya;total;dones;població;;1079
2010;Bellver de Cerdanya;total;total;població;;2260
2010;Bellvís;total;homes;població;;1289
2010;Bellvís;total;dones;població;;1217
2010;Bellvís;total;total;població;;2506
2010;Benavent de Segrià;total;homes;població;;784
2010;Benavent de Segrià;total;dones;població;;738
2010;Benavent de Segrià;total;total;població;;1522
2010;Benifallet;total;homes;població;;388
2010;Benifallet;total;dones;població;;400
2010;Benifallet;total;total;població;;788
2010;Benissanet;total;homes;població;;669
2010;Benissanet;total;dones;població;;594
2010;Benissanet;total;total;població;;1263
2010;Berga;total;homes;població;;8533
2010;Berga;total;dones;població;;8628
2010;Berga;total;total;població;;17161
2010;Besalú;total;homes;població;;1133
2010;Besalú;total;dones;població;;1227
2010;Besalú;total;total;població;;2360
2010;Bescanó;total;homes;població;;2269
2010;Bescanó;total;dones;població;;2286
2010;Bescanó;total;total;població;;4555
2010;Beuda;total;homes;població;;83
2010;Beuda;total;dones;població;;78
2010;Beuda;total;total;població;;161
2010;Bigues i Riells del Fai;total;homes;població;;4446
2010;Bigues i Riells del Fai;total;dones;població;;4218
2010;Bigues i Riells del Fai;total;total;població;;8664
2010;Biosca;total;homes;població;;122
2010;Biosca;total;dones;població;;94
2010;Biosca;total;total;població;;216
2010;Bisbal d'Empordà, la;total;homes;població;;5259
2010;Bisbal d'Empordà, la;total;dones;població;;5138
2010;Bisbal d'Empordà, la;total;total;població;;10397
2010;Bisbal de Montsant, la;total;homes;població;;125
2010;Bisbal de Montsant, la;total;dones;població;;112
2010;Bisbal de Montsant, la;total;total;població;;237
2010;Bisbal del Penedès, la;total;homes;població;;1729
2010;Bisbal del Penedès, la;total;dones;població;;1614
2010;Bisbal del Penedès, la;total;total;població;;3343
2010;Biure;total;homes;població;;124
2010;Biure;total;dones;població;;118
2010;Biure;total;total;població;;242
2010;Blancafort;total;homes;població;;222
2010;Blancafort;total;dones;població;;211
2010;Blancafort;total;total;població;;433
2010;Blanes;total;homes;població;;20184
2010;Blanes;total;dones;població;;19826
2010;Blanes;total;total;població;;40010
2010;Boadella i les Escaules;total;homes;població;;126
2010;Boadella i les Escaules;total;dones;població;;129
2010;Boadella i les Escaules;total;total;població;;255
2010;Bolvir;total;homes;població;;209
2010;Bolvir;total;dones;població;;186
2010;Bolvir;total;total;població;;395
2010;Bonastre;total;homes;població;;337
2010;Bonastre;total;dones;població;;303
2010;Bonastre;total;total;població;;640
2010;Bòrdes, Es;total;homes;població;;131
2010;Bòrdes, Es;total;dones;població;;114
2010;Bòrdes, Es;total;total;població;;245
2010;Bordils;total;homes;població;;860
2010;Bordils;total;dones;població;;855
2010;Bordils;total;total;població;;1715
2010;Borges Blanques, les;total;homes;població;;3087
2010;Borges Blanques, les;total;dones;població;;2962
2010;Borges Blanques, les;total;total;població;;6049
2010;Borges del Camp, les;total;homes;població;;1066
2010;Borges del Camp, les;total;dones;població;;1075
2010;Borges del Camp, les;total;total;població;;2141
2010;Borrassà;total;homes;població;;354
2010;Borrassà;total;dones;població;;330
2010;Borrassà;total;total;població;;684
2010;Borredà;total;homes;població;;325
2010;Borredà;total;dones;població;;279
2010;Borredà;total;total;població;;604
2010;Bossòst;total;homes;població;;608
2010;Bossòst;total;dones;població;;576
2010;Bossòst;total;total;població;;1184
2010;Bot;total;homes;població;;356
2010;Bot;total;dones;població;;327
2010;Bot;total;total;població;;683
2010;Botarell;total;homes;població;;580
2010;Botarell;total;dones;població;;505
2010;Botarell;total;total;població;;1085
2010;Bovera;total;homes;població;;177
2010;Bovera;total;dones;població;;164
2010;Bovera;total;total;població;;341
2010;Bràfim;total;homes;població;;337
2010;Bràfim;total;dones;població;;343
2010;Bràfim;total;total;població;;680
2010;Breda;total;homes;població;;1914
2010;Breda;total;dones;població;;1857
2010;Breda;total;total;població;;3771
2010;Bruc, el;total;homes;població;;1053
2010;Bruc, el;total;dones;població;;903
2010;Bruc, el;total;total;població;;1956
2010;Brull, el;total;homes;població;;138
2010;Brull, el;total;dones;població;;117
2010;Brull, el;total;total;població;;255
2010;Brunyola i Sant Martí Sapresa;total;homes;població;;183
2010;Brunyola i Sant Martí Sapresa;total;dones;població;;184
2010;Brunyola i Sant Martí Sapresa;total;total;població;;367
2010;Cabacés;total;homes;població;;180
2010;Cabacés;total;dones;població;;167
2010;Cabacés;total;total;població;;347
2010;Cabanabona;total;homes;població;;49
2010;Cabanabona;total;dones;població;;61
2010;Cabanabona;total;total;població;;110
2010;Cabanelles;total;homes;població;;136
2010;Cabanelles;total;dones;població;;101
2010;Cabanelles;total;total;població;;237
2010;Cabanes;total;homes;població;;481
2010;Cabanes;total;dones;població;;434
2010;Cabanes;total;total;població;;915
2010;Cabanyes, les;total;homes;població;;453
2010;Cabanyes, les;total;dones;població;;449
2010;Cabanyes, les;total;total;població;;902
2010;Cabó;total;homes;població;;51
2010;Cabó;total;dones;població;;44
2010;Cabó;total;total;població;;95
2010;Cabra del Camp;total;homes;població;;616
2010;Cabra del Camp;total;dones;població;;530
2010;Cabra del Camp;total;total;població;;1146
2010;Cabrera d'Anoia;total;homes;població;;720
2010;Cabrera d'Anoia;total;dones;població;;623
2010;Cabrera d'Anoia;total;total;població;;1343
2010;Cabrera de Mar;total;homes;població;;2264
2010;Cabrera de Mar;total;dones;població;;2240
2010;Cabrera de Mar;total;total;població;;4504
2010;Cabrils;total;homes;població;;3490
2010;Cabrils;total;dones;població;;3618
2010;Cabrils;total;total;població;;7108
2010;Cadaqués;total;homes;població;;1432
2010;Cadaqués;total;dones;població;;1460
2010;Cadaqués;total;total;població;;2892
2010;Calaf;total;homes;població;;1918
2010;Calaf;total;dones;població;;1693
2010;Calaf;total;total;població;;3611
2010;Calafell;total;homes;població;;12358
2010;Calafell;total;dones;població;;12065
2010;Calafell;total;total;població;;24423
2010;Calders;total;homes;població;;480
2010;Calders;total;dones;població;;454
2010;Calders;total;total;població;;934
2010;Caldes d'Estrac;total;homes;població;;1355
2010;Caldes d'Estrac;total;dones;població;;1428
2010;Caldes d'Estrac;total;total;població;;2783
2010;Caldes de Malavella;total;homes;població;;3431
2010;Caldes de Malavella;total;dones;població;;3489
2010;Caldes de Malavella;total;total;població;;6920
2010;Caldes de Montbui;total;homes;població;;8535
2010;Caldes de Montbui;total;dones;població;;8484
2010;Caldes de Montbui;total;total;població;;17019
2010;Calella;total;homes;població;;9244
2010;Calella;total;dones;població;;9381
2010;Calella;total;total;població;;18625
2010;Calldetenes;total;homes;població;;1241
2010;Calldetenes;total;dones;població;;1184
2010;Calldetenes;total;total;població;;2425
2010;Callús;total;homes;població;;896
2010;Callús;total;dones;població;;949
2010;Callús;total;total;població;;1845
2010;Calonge de Segarra;total;homes;població;;103
2010;Calonge de Segarra;total;dones;població;;91
2010;Calonge de Segarra;total;total;població;;194
2010;Calonge i Sant Antoni;total;homes;població;;5433
2010;Calonge i Sant Antoni;total;dones;població;;5356
2010;Calonge i Sant Antoni;total;total;població;;10789
2010;Camarasa;total;homes;població;;509
2010;Camarasa;total;dones;població;;470
2010;Camarasa;total;total;població;;979
2010;Camarles;total;homes;població;;1854
2010;Camarles;total;dones;població;;1763
2010;Camarles;total;total;població;;3617
2010;Cambrils;total;homes;població;;16174
2010;Cambrils;total;dones;població;;16248
2010;Cambrils;total;total;població;;32422
2010;Camós;total;homes;població;;349
2010;Camós;total;dones;població;;332
2010;Camós;total;total;població;;681
2010;Campdevànol;total;homes;població;;1731
2010;Campdevànol;total;dones;població;;1768
2010;Campdevànol;total;total;població;;3499
2010;Campelles;total;homes;població;;65
2010;Campelles;total;dones;població;;62
2010;Campelles;total;total;població;;127
2010;Campins;total;homes;població;;210
2010;Campins;total;dones;població;;203
2010;Campins;total;total;població;;413
2010;Campllong;total;homes;població;;241
2010;Campllong;total;dones;població;;226
2010;Campllong;total;total;població;;467
2010;Camprodon;total;homes;població;;1226
2010;Camprodon;total;dones;població;;1253
2010;Camprodon;total;total;població;;2479
2010;Canejan;total;homes;població;;56
2010;Canejan;total;dones;població;;47
2010;Canejan;total;total;població;;103
2010;Canet d'Adri;total;homes;població;;314
2010;Canet d'Adri;total;dones;població;;304
2010;Canet d'Adri;total;total;població;;618
2010;Canet de Mar;total;homes;població;;6860
2010;Canet de Mar;total;dones;població;;7055
2010;Canet de Mar;total;total;població;;13915
2010;Canonja, la;total;homes;població;..; 
2010;Canonja, la;total;dones;població;..; 
2010;Canonja, la;total;total;població;..; 
2010;Canovelles;total;homes;població;;8402
2010;Canovelles;total;dones;població;;7674
2010;Canovelles;total;total;població;;16076
2010;Cànoves i Samalús;total;homes;població;;1444
2010;Cànoves i Samalús;total;dones;població;;1365
2010;Cànoves i Samalús;total;total;població;;2809
2010;Cantallops;total;homes;població;;163
2010;Cantallops;total;dones;població;;156
2010;Cantallops;total;total;població;;319
2010;Canyelles;total;homes;població;;2135
2010;Canyelles;total;dones;població;;2061
2010;Canyelles;total;total;població;;4196
2010;Capafonts;total;homes;població;;67
2010;Capafonts;total;dones;població;;59
2010;Capafonts;total;total;població;;126
2010;Capçanes;total;homes;població;;217
2010;Capçanes;total;dones;població;;214
2010;Capçanes;total;total;població;;431
2010;Capellades;total;homes;població;;2720
2010;Capellades;total;dones;població;;2778
2010;Capellades;total;total;població;;5498
2010;Capmany;total;homes;població;;333
2010;Capmany;total;dones;població;;287
2010;Capmany;total;total;població;;620
2010;Capolat;total;homes;població;;37
2010;Capolat;total;dones;població;;45
2010;Capolat;total;total;població;;82
2010;Cardedeu;total;homes;població;;8325
2010;Cardedeu;total;dones;població;;8572
2010;Cardedeu;total;total;població;;16897
2010;Cardona;total;homes;població;;2551
2010;Cardona;total;dones;població;;2631
2010;Cardona;total;total;població;;5182
2010;Carme;total;homes;població;;434
2010;Carme;total;dones;població;;394
2010;Carme;total;total;població;;828
2010;Caseres;total;homes;població;;144
2010;Caseres;total;dones;població;;150
2010;Caseres;total;total;població;;294
2010;Cassà de la Selva;total;homes;població;;4981
2010;Cassà de la Selva;total;dones;població;;4656
2010;Cassà de la Selva;total;total;població;;9637
2010;Casserres;total;homes;població;;789
2010;Casserres;total;dones;població;;794
2010;Casserres;total;total;població;;1583
2010;Castell d'Aro, Platja d'Aro i s'Agaró;total;homes;població;;5280
2010;Castell d'Aro, Platja d'Aro i s'Agaró;total;dones;població;;5165
2010;Castell d'Aro, Platja d'Aro i s'Agaró;total;total;població;;10445
2010;Castell de l'Areny;total;homes;població;;42
2010;Castell de l'Areny;total;dones;població;;33
2010;Castell de l'Areny;total;total;població;;75
2010;Castell de Mur;total;homes;població;;95
2010;Castell de Mur;total;dones;població;;87
2010;Castell de Mur;total;total;població;;182
2010;Castellar de la Ribera;total;homes;població;;78
2010;Castellar de la Ribera;total;dones;població;;78
2010;Castellar de la Ribera;total;total;població;;156
2010;Castellar de n'Hug;total;homes;població;;102
2010;Castellar de n'Hug;total;dones;població;;85
2010;Castellar de n'Hug;total;total;població;;187
2010;Castellar del Riu;total;homes;població;;86
2010;Castellar del Riu;total;dones;població;;77
2010;Castellar del Riu;total;total;població;;163
2010;Castellar del Vallès;total;homes;població;;11489
2010;Castellar del Vallès;total;dones;població;;11640
2010;Castellar del Vallès;total;total;població;;23129
2010;Castellbell i el Vilar;total;homes;població;;1895
2010;Castellbell i el Vilar;total;dones;població;;1836
2010;Castellbell i el Vilar;total;total;població;;3731
2010;Castellbisbal;total;homes;població;;6278
2010;Castellbisbal;total;dones;població;;5945
2010;Castellbisbal;total;total;població;;12223
2010;Castellcir;total;homes;població;;351
2010;Castellcir;total;dones;població;;313
2010;Castellcir;total;total;població;;664
2010;Castelldans;total;homes;població;;548
2010;Castelldans;total;dones;població;;461
2010;Castelldans;total;total;població;;1009
2010;Castelldefels;total;homes;població;;31087
2010;Castelldefels;total;dones;població;;31163
2010;Castelldefels;total;total;població;;62250
2010;Castellet i la Gornal;total;homes;població;;1148
2010;Castellet i la Gornal;total;dones;població;;1092
2010;Castellet i la Gornal;total;total;població;;2240
2010;Castellfollit de la Roca;total;homes;població;;530
2010;Castellfollit de la Roca;total;dones;població;;518
2010;Castellfollit de la Roca;total;total;població;;1048
2010;Castellfollit de Riubregós;total;homes;població;;104
2010;Castellfollit de Riubregós;total;dones;població;;93
2010;Castellfollit de Riubregós;total;total;població;;197
2010;Castellfollit del Boix;total;homes;població;;202
2010;Castellfollit del Boix;total;dones;població;;208
2010;Castellfollit del Boix;total;total;població;;410
2010;Castellgalí;total;homes;població;;1027
2010;Castellgalí;total;dones;població;;931
2010;Castellgalí;total;total;població;;1958
2010;Castellnou de Bages;total;homes;població;;553
2010;Castellnou de Bages;total;dones;població;;516
2010;Castellnou de Bages;total;total;població;;1069
2010;Castellnou de Seana;total;homes;població;;377
2010;Castellnou de Seana;total;dones;població;;358
2010;Castellnou de Seana;total;total;població;;735
2010;Castelló d'Empúries;total;homes;població;;6300
2010;Castelló d'Empúries;total;dones;població;;5920
2010;Castelló d'Empúries;total;total;població;;12220
2010;Castelló de Farfanya;total;homes;població;;306
2010;Castelló de Farfanya;total;dones;població;;258
2010;Castelló de Farfanya;total;total;població;;564
2010;Castellolí;total;homes;població;;252
2010;Castellolí;total;dones;població;;267
2010;Castellolí;total;total;població;;519
2010;Castellserà;total;homes;població;;573
2010;Castellserà;total;dones;població;;541
2010;Castellserà;total;total;població;;1114
2010;Castellterçol;total;homes;població;;1182
2010;Castellterçol;total;dones;població;;1205
2010;Castellterçol;total;total;població;;2387
2010;Castellvell del Camp;total;homes;població;;1387
2010;Castellvell del Camp;total;dones;població;;1370
2010;Castellvell del Camp;total;total;població;;2757
2010;Castellví de la Marca;total;homes;població;;817
2010;Castellví de la Marca;total;dones;població;;818
2010;Castellví de la Marca;total;total;població;;1635
2010;Castellví de Rosanes;total;homes;població;;884
2010;Castellví de Rosanes;total;dones;població;;871
2010;Castellví de Rosanes;total;total;població;;1755
2010;Catllar, el;total;homes;població;;2109
2010;Catllar, el;total;dones;població;;2015
2010;Catllar, el;total;total;població;;4124
2010;Cava;total;homes;població;;34
2010;Cava;total;dones;població;;23
2010;Cava;total;total;població;;57
2010;Cellera de Ter, la;total;homes;població;;1076
2010;Cellera de Ter, la;total;dones;població;;1065
2010;Cellera de Ter, la;total;total;població;;2141
2010;Celrà;total;homes;població;;2301
2010;Celrà;total;dones;població;;2337
2010;Celrà;total;total;població;;4638
2010;Centelles;total;homes;població;;3559
2010;Centelles;total;dones;població;;3700
2010;Centelles;total;total;població;;7259
2010;Cercs;total;homes;població;;672
2010;Cercs;total;dones;població;;654
2010;Cercs;total;total;població;;1326
2010;Cerdanyola del Vallès;total;homes;població;;28867
2010;Cerdanyola del Vallès;total;dones;població;;29540
2010;Cerdanyola del Vallès;total;total;població;;58407
2010;Cervelló;total;homes;població;;4322
2010;Cervelló;total;dones;població;;4244
2010;Cervelló;total;total;població;;8566
2010;Cervera;total;homes;població;;4787
2010;Cervera;total;dones;població;;4574
2010;Cervera;total;total;població;;9361
2010;Cervià de les Garrigues;total;homes;població;;423
2010;Cervià de les Garrigues;total;dones;població;;393
2010;Cervià de les Garrigues;total;total;població;;816
2010;Cervià de Ter;total;homes;població;;450
2010;Cervià de Ter;total;dones;població;;445
2010;Cervià de Ter;total;total;població;;895
2010;Cistella;total;homes;població;;125
2010;Cistella;total;dones;població;;126
2010;Cistella;total;total;població;;251
2010;Ciutadilla;total;homes;població;;120
2010;Ciutadilla;total;dones;població;;100
2010;Ciutadilla;total;total;població;;220
2010;Clariana de Cardener;total;homes;població;;78
2010;Clariana de Cardener;total;dones;població;;72
2010;Clariana de Cardener;total;total;població;;150
2010;Cogul, el;total;homes;població;;106
2010;Cogul, el;total;dones;població;;87
2010;Cogul, el;total;total;població;;193
2010;Colera;total;homes;població;;298
2010;Colera;total;dones;població;;278
2010;Colera;total;total;població;;576
2010;Coll de Nargó;total;homes;població;;312
2010;Coll de Nargó;total;dones;població;;307
2010;Coll de Nargó;total;total;població;;619
2010;Collbató;total;homes;població;;2146
2010;Collbató;total;dones;població;;1968
2010;Collbató;total;total;població;;4114
2010;Colldejou;total;homes;població;;99
2010;Colldejou;total;dones;població;;82
2010;Colldejou;total;total;població;;181
2010;Collsuspina;total;homes;població;;185
2010;Collsuspina;total;dones;població;;162
2010;Collsuspina;total;total;població;;347
2010;Colomers;total;homes;població;;98
2010;Colomers;total;dones;població;;103
2010;Colomers;total;total;població;;201
2010;Coma i la Pedra, la;total;homes;població;;165
2010;Coma i la Pedra, la;total;dones;població;;106
2010;Coma i la Pedra, la;total;total;població;;271
2010;Conca de Dalt;total;homes;població;;204
2010;Conca de Dalt;total;dones;població;;203
2010;Conca de Dalt;total;total;població;;407
2010;Conesa;total;homes;població;;64
2010;Conesa;total;dones;població;;56
2010;Conesa;total;total;població;;120
2010;Constantí;total;homes;població;;3396
2010;Constantí;total;dones;població;;2960
2010;Constantí;total;total;població;;6356
2010;Copons;total;homes;població;;156
2010;Copons;total;dones;població;;164
2010;Copons;total;total;població;;320
2010;Corbera d'Ebre;total;homes;població;;629
2010;Corbera d'Ebre;total;dones;població;;542
2010;Corbera d'Ebre;total;total;població;;1171
2010;Corbera de Llobregat;total;homes;població;;7040
2010;Corbera de Llobregat;total;dones;població;;6960
2010;Corbera de Llobregat;total;total;població;;14000
2010;Corbins;total;homes;població;;739
2010;Corbins;total;dones;població;;641
2010;Corbins;total;total;població;;1380
2010;Corçà;total;homes;població;;640
2010;Corçà;total;dones;població;;656
2010;Corçà;total;total;població;;1296
2010;Cornellà de Llobregat;total;homes;població;;43355
2010;Cornellà de Llobregat;total;dones;població;;43885
2010;Cornellà de Llobregat;total;total;població;;87240
2010;Cornellà del Terri;total;homes;població;;1130
2010;Cornellà del Terri;total;dones;població;;1080
2010;Cornellà del Terri;total;total;població;;2210
2010;Cornudella de Montsant;total;homes;població;;542
2010;Cornudella de Montsant;total;dones;població;;486
2010;Cornudella de Montsant;total;total;població;;1028
2010;Creixell;total;homes;població;;1712
2010;Creixell;total;dones;població;;1607
2010;Creixell;total;total;població;;3319
2010;Crespià;total;homes;població;;127
2010;Crespià;total;dones;població;;126
2010;Crespià;total;total;població;;253
2010;Cruïlles, Monells i Sant Sadurní de l'Heura;total;homes;població;;636
2010;Cruïlles, Monells i Sant Sadurní de l'Heura;total;dones;població;;614
2010;Cruïlles, Monells i Sant Sadurní de l'Heura;total;total;població;;1250
2010;Cubelles;total;homes;població;;7100
2010;Cubelles;total;dones;població;;6895
2010;Cubelles;total;total;població;;13995
2010;Cubells;total;homes;població;;213
2010;Cubells;total;dones;població;;194
2010;Cubells;total;total;població;;407
2010;Cunit;total;homes;població;;6299
2010;Cunit;total;dones;població;;6165
2010;Cunit;total;total;població;;12464
2010;Darnius;total;homes;població;;269
2010;Darnius;total;dones;població;;260
2010;Darnius;total;total;població;;529
2010;Das;total;homes;població;;125
2010;Das;total;dones;població;;99
2010;Das;total;total;població;;224
2010;Deltebre;total;homes;població;;6154
2010;Deltebre;total;dones;població;;5944
2010;Deltebre;total;total;població;;12098
2010;Dosrius;total;homes;població;;2530
2010;Dosrius;total;dones;població;;2480
2010;Dosrius;total;total;població;;5010
2010;Duesaigües;total;homes;població;;138
2010;Duesaigües;total;dones;població;;102
2010;Duesaigües;total;total;població;;240
2010;Escala, l';total;homes;població;;5324
2010;Escala, l';total;dones;població;;5063
2010;Escala, l';total;total;població;;10387
2010;Esparreguera;total;homes;població;;11269
2010;Esparreguera;total;dones;població;;10773
2010;Esparreguera;total;total;població;;22042
2010;Espinelves;total;homes;població;;95
2010;Espinelves;total;dones;població;;97
2010;Espinelves;total;total;població;;192
2010;Espluga Calba, l';total;homes;població;;222
2010;Espluga Calba, l';total;dones;població;;205
2010;Espluga Calba, l';total;total;població;;427
2010;Espluga de Francolí, l';total;homes;població;;1944
2010;Espluga de Francolí, l';total;dones;població;;2005
2010;Espluga de Francolí, l';total;total;població;;3949
2010;Esplugues de Llobregat;total;homes;població;;22769
2010;Esplugues de Llobregat;total;dones;població;;23880
2010;Esplugues de Llobregat;total;total;població;;46649
2010;Espolla;total;homes;població;;201
2010;Espolla;total;dones;població;;207
2010;Espolla;total;total;població;;408
2010;Esponellà;total;homes;població;;225
2010;Esponellà;total;dones;població;;236
2010;Esponellà;total;total;població;;461
2010;Espot;total;homes;població;;191
2010;Espot;total;dones;població;;169
2010;Espot;total;total;població;;360
2010;Espunyola, l';total;homes;població;;132
2010;Espunyola, l';total;dones;població;;130
2010;Espunyola, l';total;total;població;;262
2010;Esquirol, l';total;homes;població;;1147
2010;Esquirol, l';total;dones;població;;1115
2010;Esquirol, l';total;total;població;;2262
2010;Estamariu;total;homes;població;;67
2010;Estamariu;total;dones;població;;51
2010;Estamariu;total;total;població;;118
2010;Estany, l';total;homes;població;;194
2010;Estany, l';total;dones;població;;195
2010;Estany, l';total;total;població;;389
2010;Estaràs;total;homes;població;;96
2010;Estaràs;total;dones;població;;81
2010;Estaràs;total;total;població;;177
2010;Esterri d'Àneu;total;homes;població;;519
2010;Esterri d'Àneu;total;dones;població;;427
2010;Esterri d'Àneu;total;total;població;;946
2010;Esterri de Cardós;total;homes;població;;36
2010;Esterri de Cardós;total;dones;població;;39
2010;Esterri de Cardós;total;total;població;;75
2010;Falset;total;homes;població;;1482
2010;Falset;total;dones;població;;1453
2010;Falset;total;total;població;;2935
2010;Far d'Empordà, el;total;homes;població;;269
2010;Far d'Empordà, el;total;dones;població;;276
2010;Far d'Empordà, el;total;total;població;;545
2010;Farrera;total;homes;població;;78
2010;Farrera;total;dones;població;;55
2010;Farrera;total;total;població;;133
2010;Fatarella, la;total;homes;població;;568
2010;Fatarella, la;total;dones;població;;562
2010;Fatarella, la;total;total;població;;1130
2010;Febró, la;total;homes;població;;28
2010;Febró, la;total;dones;població;;14
2010;Febró, la;total;total;població;;42
2010;Figaró-Montmany;total;homes;població;;543
2010;Figaró-Montmany;total;dones;població;;540
2010;Figaró-Montmany;total;total;població;;1083
2010;Fígols;total;homes;població;;31
2010;Fígols;total;dones;població;;23
2010;Fígols;total;total;població;;54
2010;Fígols i Alinyà;total;homes;població;;155
2010;Fígols i Alinyà;total;dones;població;;127
2010;Fígols i Alinyà;total;total;població;;282
2010;Figuera, la;total;homes;població;;75
2010;Figuera, la;total;dones;població;;60
2010;Figuera, la;total;total;població;;135
2010;Figueres;total;homes;població;;22093
2010;Figueres;total;dones;població;;22162
2010;Figueres;total;total;població;;44255
2010;Figuerola del Camp;total;homes;població;;167
2010;Figuerola del Camp;total;dones;població;;179
2010;Figuerola del Camp;total;total;població;;346
2010;Flaçà;total;homes;població;;528
2010;Flaçà;total;dones;població;;542
2010;Flaçà;total;total;població;;1070
2010;Flix;total;homes;població;;2065
2010;Flix;total;dones;població;;1996
2010;Flix;total;total;població;;4061
2010;Floresta, la;total;homes;població;;100
2010;Floresta, la;total;dones;població;;79
2010;Floresta, la;total;total;població;;179
2010;Fogars de la Selva;total;homes;població;;792
2010;Fogars de la Selva;total;dones;població;;721
2010;Fogars de la Selva;total;total;població;;1513
2010;Fogars de Montclús;total;homes;població;;242
2010;Fogars de Montclús;total;dones;població;;213
2010;Fogars de Montclús;total;total;població;;455
2010;Foixà;total;homes;població;;173
2010;Foixà;total;dones;població;;154
2010;Foixà;total;total;població;;327
2010;Folgueroles;total;homes;població;;1126
2010;Folgueroles;total;dones;població;;1090
2010;Folgueroles;total;total;població;;2216
2010;Fondarella;total;homes;població;;423
2010;Fondarella;total;dones;població;;407
2010;Fondarella;total;total;població;;830
2010;Fonollosa;total;homes;població;;720
2010;Fonollosa;total;dones;població;;681
2010;Fonollosa;total;total;població;;1401
2010;Fontanals de Cerdanya;total;homes;població;;218
2010;Fontanals de Cerdanya;total;dones;població;;239
2010;Fontanals de Cerdanya;total;total;població;;457
2010;Fontanilles;total;homes;població;;94
2010;Fontanilles;total;dones;població;;66
2010;Fontanilles;total;total;població;;160
2010;Fontcoberta;total;homes;població;;612
2010;Fontcoberta;total;dones;població;;668
2010;Fontcoberta;total;total;població;;1280
2010;Font-rubí;total;homes;població;;771
2010;Font-rubí;total;dones;població;;695
2010;Font-rubí;total;total;població;;1466
2010;Foradada;total;homes;població;;109
2010;Foradada;total;dones;població;;79
2010;Foradada;total;total;població;;188
2010;Forallac;total;homes;població;;863
2010;Forallac;total;dones;població;;886
2010;Forallac;total;total;població;;1749
2010;Forès;total;homes;població;;24
2010;Forès;total;dones;població;;19
2010;Forès;total;total;població;;43
2010;Fornells de la Selva;total;homes;població;;1143
2010;Fornells de la Selva;total;dones;població;;1200
2010;Fornells de la Selva;total;total;població;;2343
2010;Fortià;total;homes;població;;328
2010;Fortià;total;dones;població;;314
2010;Fortià;total;total;població;;642
2010;Franqueses del Vallès, les;total;homes;població;;9315
2010;Franqueses del Vallès, les;total;dones;població;;8799
2010;Franqueses del Vallès, les;total;total;població;;18114
2010;Freginals;total;homes;població;;222
2010;Freginals;total;dones;població;;192
2010;Freginals;total;total;població;;414
2010;Fuliola, la;total;homes;població;;634
2010;Fuliola, la;total;dones;població;;636
2010;Fuliola, la;total;total;població;;1270
2010;Fulleda;total;homes;població;;53
2010;Fulleda;total;dones;població;;49
2010;Fulleda;total;total;població;;102
2010;Gaià;total;homes;població;;95
2010;Gaià;total;dones;població;;82
2010;Gaià;total;total;població;;177
2010;Galera, la;total;homes;població;;464
2010;Galera, la;total;dones;població;;433
2010;Galera, la;total;total;població;;897
2010;Gallifa;total;homes;població;;114
2010;Gallifa;total;dones;població;;101
2010;Gallifa;total;total;població;;215
2010;Gandesa;total;homes;població;;1655
2010;Gandesa;total;dones;població;;1567
2010;Gandesa;total;total;població;;3222
2010;Garcia;total;homes;població;;294
2010;Garcia;total;dones;població;;300
2010;Garcia;total;total;població;;594
2010;Garidells, els;total;homes;població;;103
2010;Garidells, els;total;dones;població;;98
2010;Garidells, els;total;total;població;;201
2010;Garriga, la;total;homes;població;;7319
2010;Garriga, la;total;dones;població;;7750
2010;Garriga, la;total;total;població;;15069
2010;Garrigàs;total;homes;població;;205
2010;Garrigàs;total;dones;població;;177
2010;Garrigàs;total;total;població;;382
2010;Garrigoles;total;homes;població;;87
2010;Garrigoles;total;dones;població;;70
2010;Garrigoles;total;total;població;;157
2010;Garriguella;total;homes;població;;428
2010;Garriguella;total;dones;població;;430
2010;Garriguella;total;total;població;;858
2010;Gavà;total;homes;població;;23021
2010;Gavà;total;dones;població;;23362
2010;Gavà;total;total;població;;46383
2010;Gavet de la Conca;total;homes;població;;154
2010;Gavet de la Conca;total;dones;població;;155
2010;Gavet de la Conca;total;total;població;;309
2010;Gelida;total;homes;població;;3517
2010;Gelida;total;dones;població;;3428
2010;Gelida;total;total;població;;6945
2010;Ger;total;homes;població;;254
2010;Ger;total;dones;població;;207
2010;Ger;total;total;població;;461
2010;Gimenells i el Pla de la Font;total;homes;població;;601
2010;Gimenells i el Pla de la Font;total;dones;població;;582
2010;Gimenells i el Pla de la Font;total;total;població;;1183
2010;Ginestar;total;homes;població;;535
2010;Ginestar;total;dones;població;;487
2010;Ginestar;total;total;població;;1022
2010;Girona;total;homes;població;;46883
2010;Girona;total;dones;població;;49353
2010;Girona;total;total;població;;96236
2010;Gironella;total;homes;població;;2519
2010;Gironella;total;dones;població;;2548
2010;Gironella;total;total;població;;5067
2010;Gisclareny;total;homes;població;;19
2010;Gisclareny;total;dones;població;;14
2010;Gisclareny;total;total;població;;33
2010;Godall;total;homes;població;;426
2010;Godall;total;dones;població;;389
2010;Godall;total;total;població;;815
2010;Golmés;total;homes;població;;839
2010;Golmés;total;dones;població;;846
2010;Golmés;total;total;població;;1685
2010;Gombrèn;total;homes;població;;102
2010;Gombrèn;total;dones;població;;122
2010;Gombrèn;total;total;població;;224
2010;Gósol;total;homes;població;;122
2010;Gósol;total;dones;població;;103
2010;Gósol;total;total;població;;225
2010;Granada, la;total;homes;població;;1001
2010;Granada, la;total;dones;població;;962
2010;Granada, la;total;total;població;;1963
2010;Granadella, la;total;homes;població;;412
2010;Granadella, la;total;dones;població;;360
2010;Granadella, la;total;total;població;;772
2010;Granera;total;homes;població;;50
2010;Granera;total;dones;població;;29
2010;Granera;total;total;població;;79
2010;Granja d'Escarp, la;total;homes;població;;525
2010;Granja d'Escarp, la;total;dones;població;;461
2010;Granja d'Escarp, la;total;total;població;;986
2010;Granollers;total;homes;població;;29747
2010;Granollers;total;dones;població;;29944
2010;Granollers;total;total;població;;59691
2010;Granyanella;total;homes;població;;80
2010;Granyanella;total;dones;població;;76
2010;Granyanella;total;total;població;;156
2010;Granyena de les Garrigues;total;homes;població;;102
2010;Granyena de les Garrigues;total;dones;població;;75
2010;Granyena de les Garrigues;total;total;població;;177
2010;Granyena de Segarra;total;homes;població;;69
2010;Granyena de Segarra;total;dones;població;;70
2010;Granyena de Segarra;total;total;població;;139
2010;Gratallops;total;homes;població;;140
2010;Gratallops;total;dones;població;;123
2010;Gratallops;total;total;població;;263
2010;Gualba;total;homes;població;;627
2010;Gualba;total;dones;població;;608
2010;Gualba;total;total;població;;1235
2010;Gualta;total;homes;població;;202
2010;Gualta;total;dones;població;;163
2010;Gualta;total;total;població;;365
2010;Guardiola de Berguedà;total;homes;població;;547
2010;Guardiola de Berguedà;total;dones;població;;477
2010;Guardiola de Berguedà;total;total;població;;1024
2010;Guiamets, els;total;homes;població;;156
2010;Guiamets, els;total;dones;població;;173
2010;Guiamets, els;total;total;població;;329
2010;Guils de Cerdanya;total;homes;població;;273
2010;Guils de Cerdanya;total;dones;població;;246
2010;Guils de Cerdanya;total;total;població;;519
2010;Guimerà;total;homes;població;;178
2010;Guimerà;total;dones;població;;152
2010;Guimerà;total;total;població;;330
2010;Guingueta d'Àneu, la;total;homes;població;;192
2010;Guingueta d'Àneu, la;total;dones;població;;164
2010;Guingueta d'Àneu, la;total;total;població;;356
2010;Guissona;total;homes;població;;3358
2010;Guissona;total;dones;població;;2909
2010;Guissona;total;total;població;;6267
2010;Guixers;total;homes;població;;78
2010;Guixers;total;dones;població;;57
2010;Guixers;total;total;població;;135
2010;Gurb;total;homes;població;;1298
2010;Gurb;total;dones;població;;1228
2010;Gurb;total;total;població;;2526
2010;Horta de Sant Joan;total;homes;població;;693
2010;Horta de Sant Joan;total;dones;població;;614
2010;Horta de Sant Joan;total;total;població;;1307
2010;Hospitalet de Llobregat, l';total;homes;població;;127125
2010;Hospitalet de Llobregat, l';total;dones;població;;131517
2010;Hospitalet de Llobregat, l';total;total;població;;258642
2010;Hostalets de Pierola, els;total;homes;població;;1422
2010;Hostalets de Pierola, els;total;dones;població;;1321
2010;Hostalets de Pierola, els;total;total;població;;2743
2010;Hostalric;total;homes;població;;2038
2010;Hostalric;total;dones;població;;1960
2010;Hostalric;total;total;població;;3998
2010;Igualada;total;homes;població;;19335
2010;Igualada;total;dones;població;;19814
2010;Igualada;total;total;població;;39149
2010;Isona i Conca Dellà;total;homes;població;;612
2010;Isona i Conca Dellà;total;dones;població;;538
2010;Isona i Conca Dellà;total;total;població;;1150
2010;Isòvol;total;homes;població;;179
2010;Isòvol;total;dones;població;;130
2010;Isòvol;total;total;població;;309
2010;Ivars d'Urgell;total;homes;població;;922
2010;Ivars d'Urgell;total;dones;població;;794
2010;Ivars d'Urgell;total;total;població;;1716
2010;Ivars de Noguera;total;homes;població;;196
2010;Ivars de Noguera;total;dones;població;;164
2010;Ivars de Noguera;total;total;població;;360
2010;Ivorra;total;homes;població;;65
2010;Ivorra;total;dones;població;;57
2010;Ivorra;total;total;població;;122
2010;Jafre;total;homes;població;;232
2010;Jafre;total;dones;població;;200
2010;Jafre;total;total;població;;432
2010;Jonquera, la;total;homes;població;;1566
2010;Jonquera, la;total;dones;població;;1540
2010;Jonquera, la;total;total;població;;3106
2010;Jorba;total;homes;població;;407
2010;Jorba;total;dones;població;;416
2010;Jorba;total;total;població;;823
2010;Josa i Tuixén;total;homes;població;;78
2010;Josa i Tuixén;total;dones;població;;63
2010;Josa i Tuixén;total;total;població;;141
2010;Juià;total;homes;població;;181
2010;Juià;total;dones;població;;144
2010;Juià;total;total;població;;325
2010;Juncosa;total;homes;població;;253
2010;Juncosa;total;dones;població;;226
2010;Juncosa;total;total;població;;479
2010;Juneda;total;homes;població;;1836
2010;Juneda;total;dones;població;;1651
2010;Juneda;total;total;població;;3487
2010;Les;total;homes;població;;493
2010;Les;total;dones;població;;490
2010;Les;total;total;població;;983
2010;Linyola;total;homes;població;;1446
2010;Linyola;total;dones;població;;1328
2010;Linyola;total;total;població;;2774
2010;Llacuna, la;total;homes;població;;507
2010;Llacuna, la;total;dones;població;;430
2010;Llacuna, la;total;total;població;;937
2010;Lladó;total;homes;població;;353
2010;Lladó;total;dones;població;;344
2010;Lladó;total;total;població;;697
2010;Lladorre;total;homes;població;;115
2010;Lladorre;total;dones;població;;117
2010;Lladorre;total;total;població;;232
2010;Lladurs;total;homes;població;;109
2010;Lladurs;total;dones;població;;84
2010;Lladurs;total;total;població;;193
2010;Llagosta, la;total;homes;població;;6884
2010;Llagosta, la;total;dones;població;;6829
2010;Llagosta, la;total;total;població;;13713
2010;Llagostera;total;homes;població;;4075
2010;Llagostera;total;dones;població;;3840
2010;Llagostera;total;total;població;;7915
2010;Llambilles;total;homes;població;;358
2010;Llambilles;total;dones;població;;332
2010;Llambilles;total;total;població;;690
2010;Llanars;total;homes;població;;297
2010;Llanars;total;dones;població;;274
2010;Llanars;total;total;població;;571
2010;Llançà;total;homes;població;;2611
2010;Llançà;total;dones;població;;2603
2010;Llançà;total;total;població;;5214
2010;Llardecans;total;homes;població;;268
2010;Llardecans;total;dones;població;;253
2010;Llardecans;total;total;població;;521
2010;Llavorsí;total;homes;població;;199
2010;Llavorsí;total;dones;població;;181
2010;Llavorsí;total;total;població;;380
2010;Lleida;total;homes;població;;68290
2010;Lleida;total;dones;població;;69097
2010;Lleida;total;total;població;;137387
2010;Llers;total;homes;població;;597
2010;Llers;total;dones;població;;575
2010;Llers;total;total;població;;1172
2010;Lles de Cerdanya;total;homes;població;;163
2010;Lles de Cerdanya;total;dones;població;;105
2010;Lles de Cerdanya;total;total;població;;268
2010;Lliçà d'Amunt;total;homes;població;;7310
2010;Lliçà d'Amunt;total;dones;població;;7046
2010;Lliçà d'Amunt;total;total;població;;14356
2010;Lliçà de Vall;total;homes;població;;3249
2010;Lliçà de Vall;total;dones;població;;3116
2010;Lliçà de Vall;total;total;població;;6365
2010;Llimiana;total;homes;població;;96
2010;Llimiana;total;dones;població;;77
2010;Llimiana;total;total;població;;173
2010;Llinars del Vallès;total;homes;població;;4536
2010;Llinars del Vallès;total;dones;població;;4634
2010;Llinars del Vallès;total;total;població;;9170
2010;Llívia;total;homes;població;;868
2010;Llívia;total;dones;població;;740
2010;Llívia;total;total;població;;1608
2010;Lloar, el;total;homes;població;;71
2010;Lloar, el;total;dones;població;;53
2010;Lloar, el;total;total;població;;124
2010;Llobera;total;homes;població;;112
2010;Llobera;total;dones;població;;97
2010;Llobera;total;total;població;;209
2010;Llorac;total;homes;població;;58
2010;Llorac;total;dones;població;;49
2010;Llorac;total;total;població;;107
2010;Llorenç del Penedès;total;homes;població;;1110
2010;Llorenç del Penedès;total;dones;població;;1141
2010;Llorenç del Penedès;total;total;població;;2251
2010;Lloret de Mar;total;homes;població;;20968
2010;Lloret de Mar;total;dones;població;;18826
2010;Lloret de Mar;total;total;població;;39794
2010;Llosses, les;total;homes;població;;126
2010;Llosses, les;total;dones;població;;95
2010;Llosses, les;total;total;població;;221
2010;Lluçà;total;homes;població;;140
2010;Lluçà;total;dones;població;;125
2010;Lluçà;total;total;població;;265
2010;Maçanet de Cabrenys;total;homes;població;;369
2010;Maçanet de Cabrenys;total;dones;població;;359
2010;Maçanet de Cabrenys;total;total;població;;728
2010;Maçanet de la Selva;total;homes;població;;3619
2010;Maçanet de la Selva;total;dones;població;;3401
2010;Maçanet de la Selva;total;total;població;;7020
2010;Madremanya;total;homes;població;;120
2010;Madremanya;total;dones;població;;130
2010;Madremanya;total;total;població;;250
2010;Maià de Montcal;total;homes;població;;225
2010;Maià de Montcal;total;dones;població;;208
2010;Maià de Montcal;total;total;població;;433
2010;Maials;total;homes;població;;522
2010;Maials;total;dones;població;;484
2010;Maials;total;total;població;;1006
2010;Maldà;total;homes;població;;136
2010;Maldà;total;dones;població;;122
2010;Maldà;total;total;població;;258
2010;Malgrat de Mar;total;homes;població;;9288
2010;Malgrat de Mar;total;dones;població;;9308
2010;Malgrat de Mar;total;total;població;;18596
2010;Malla;total;homes;població;;127
2010;Malla;total;dones;població;;128
2010;Malla;total;total;població;;255
2010;Manlleu;total;homes;població;;10324
2010;Manlleu;total;dones;població;;10126
2010;Manlleu;total;total;població;;20450
2010;Manresa;total;homes;població;;37529
2010;Manresa;total;dones;població;;38680
2010;Manresa;total;total;població;;76209
2010;Marçà;total;homes;població;;334
2010;Marçà;total;dones;població;;319
2010;Marçà;total;total;població;;653
2010;Margalef;total;homes;població;;60
2010;Margalef;total;dones;població;;55
2010;Margalef;total;total;població;;115
2010;Marganell;total;homes;població;;153
2010;Marganell;total;dones;població;;164
2010;Marganell;total;total;població;;317
2010;Martorell;total;homes;població;;13887
2010;Martorell;total;dones;població;;12928
2010;Martorell;total;total;població;;26815
2010;Martorelles;total;homes;població;;2460
2010;Martorelles;total;dones;població;;2440
2010;Martorelles;total;total;població;;4900
2010;Mas de Barberans;total;homes;població;;324
2010;Mas de Barberans;total;dones;població;;321
2010;Mas de Barberans;total;total;població;;645
2010;Masarac i Vilarnadal;total;homes;població;;150
2010;Masarac i Vilarnadal;total;dones;població;;126
2010;Masarac i Vilarnadal;total;total;població;;276
2010;Masdenverge;total;homes;població;;595
2010;Masdenverge;total;dones;població;;549
2010;Masdenverge;total;total;població;;1144
2010;Masies de Roda, les;total;homes;població;;374
2010;Masies de Roda, les;total;dones;població;;384
2010;Masies de Roda, les;total;total;població;;758
2010;Masies de Voltregà, les;total;homes;població;;1605
2010;Masies de Voltregà, les;total;dones;població;;1621
2010;Masies de Voltregà, les;total;total;població;;3226
2010;Masllorenç;total;homes;població;;278
2010;Masllorenç;total;dones;població;;248
2010;Masllorenç;total;total;població;;526
2010;Masnou, el;total;homes;població;;10830
2010;Masnou, el;total;dones;població;;11706
2010;Masnou, el;total;total;població;;22536
2010;Masó, la;total;homes;població;;151
2010;Masó, la;total;dones;població;;149
2010;Masó, la;total;total;població;;300
2010;Maspujols;total;homes;població;;367
2010;Maspujols;total;dones;població;;343
2010;Maspujols;total;total;població;;710
2010;Masquefa;total;homes;població;;4199
2010;Masquefa;total;dones;població;;4096
2010;Masquefa;total;total;població;;8295
2010;Masroig, el;total;homes;població;;293
2010;Masroig, el;total;dones;població;;265
2010;Masroig, el;total;total;població;;558
2010;Massalcoreig;total;homes;població;;304
2010;Massalcoreig;total;dones;població;;286
2010;Massalcoreig;total;total;població;;590
2010;Massanes;total;homes;població;;381
2010;Massanes;total;dones;població;;345
2010;Massanes;total;total;població;;726
2010;Massoteres;total;homes;població;;114
2010;Massoteres;total;dones;població;;98
2010;Massoteres;total;total;població;;212
2010;Matadepera;total;homes;població;;4319
2010;Matadepera;total;dones;població;;4287
2010;Matadepera;total;total;població;;8606
2010;Mataró;total;homes;població;;61528
2010;Mataró;total;dones;població;;61377
2010;Mataró;total;total;població;;122905
2010;Mediona;total;homes;població;;1214
2010;Mediona;total;dones;població;;1149
2010;Mediona;total;total;població;;2363
2010;Menàrguens;total;homes;població;;467
2010;Menàrguens;total;dones;població;;400
2010;Menàrguens;total;total;població;;867
2010;Meranges;total;homes;població;;50
2010;Meranges;total;dones;població;;39
2010;Meranges;total;total;població;;89
2010;Mieres;total;homes;població;;171
2010;Mieres;total;dones;població;;159
2010;Mieres;total;total;població;;330
2010;Milà, el;total;homes;població;;88
2010;Milà, el;total;dones;població;;92
2010;Milà, el;total;total;població;;180
2010;Miralcamp;total;homes;població;;719
2010;Miralcamp;total;dones;població;;705
2010;Miralcamp;total;total;població;;1424
2010;Miravet;total;homes;població;;417
2010;Miravet;total;dones;població;;381
2010;Miravet;total;total;població;;798
2010;Moià;total;homes;població;;2886
2010;Moià;total;dones;població;;2827
2010;Moià;total;total;població;;5713
2010;Molar, el;total;homes;població;;165
2010;Molar, el;total;dones;població;;132
2010;Molar, el;total;total;població;;297
2010;Molins de Rei;total;homes;població;;11831
2010;Molins de Rei;total;dones;població;;12405
2010;Molins de Rei;total;total;població;;24236
2010;Mollerussa;total;homes;població;;7645
2010;Mollerussa;total;dones;població;;7088
2010;Mollerussa;total;total;població;;14733
2010;Mollet de Peralada;total;homes;població;;86
2010;Mollet de Peralada;total;dones;població;;84
2010;Mollet de Peralada;total;total;població;;170
2010;Mollet del Vallès;total;homes;població;;26336
2010;Mollet del Vallès;total;dones;població;;26123
2010;Mollet del Vallès;total;total;població;;52459
2010;Molló;total;homes;població;;176
2010;Molló;total;dones;població;;178
2010;Molló;total;total;població;;354
2010;Molsosa, la;total;homes;població;;60
2010;Molsosa, la;total;dones;població;;57
2010;Molsosa, la;total;total;població;;117
2010;Monistrol de Calders;total;homes;població;;353
2010;Monistrol de Calders;total;dones;població;;337
2010;Monistrol de Calders;total;total;població;;690
2010;Monistrol de Montserrat;total;homes;població;;1549
2010;Monistrol de Montserrat;total;dones;població;;1478
2010;Monistrol de Montserrat;total;total;població;;3027
2010;Montagut i Oix;total;homes;població;;513
2010;Montagut i Oix;total;dones;població;;476
2010;Montagut i Oix;total;total;població;;989
2010;Montblanc;total;homes;població;;3735
2010;Montblanc;total;dones;població;;3647
2010;Montblanc;total;total;població;;7382
2010;Montbrió del Camp;total;homes;població;;1173
2010;Montbrió del Camp;total;dones;població;;1125
2010;Montbrió del Camp;total;total;població;;2298
2010;Montcada i Reixac;total;homes;població;;16762
2010;Montcada i Reixac;total;dones;població;;16894
2010;Montcada i Reixac;total;total;població;;33656
2010;Montclar;total;homes;població;;54
2010;Montclar;total;dones;població;;58
2010;Montclar;total;total;població;;112
2010;Montellà i Martinet;total;homes;població;;348
2010;Montellà i Martinet;total;dones;població;;323
2010;Montellà i Martinet;total;total;població;;671
2010;Montesquiu;total;homes;població;;452
2010;Montesquiu;total;dones;població;;445
2010;Montesquiu;total;total;població;;897
2010;Montferrer i Castellbò;total;homes;població;;587
2010;Montferrer i Castellbò;total;dones;població;;499
2010;Montferrer i Castellbò;total;total;població;;1086
2010;Montferri;total;homes;població;;205
2010;Montferri;total;dones;població;;186
2010;Montferri;total;total;població;;391
2010;Montgai;total;homes;població;;367
2010;Montgai;total;dones;població;;351
2010;Montgai;total;total;població;;718
2010;Montgat;total;homes;població;;5217
2010;Montgat;total;dones;població;;5367
2010;Montgat;total;total;població;;10584
2010;Montmajor;total;homes;població;;256
2010;Montmajor;total;dones;població;;227
2010;Montmajor;total;total;població;;483
2010;Montmaneu;total;homes;població;;102
2010;Montmaneu;total;dones;població;;82
2010;Montmaneu;total;total;població;;184
2010;Montmell, el;total;homes;població;;791
2010;Montmell, el;total;dones;població;;658
2010;Montmell, el;total;total;població;;1449
2010;Montmeló;total;homes;població;;4469
2010;Montmeló;total;dones;població;;4532
2010;Montmeló;total;total;població;;9001
2010;Montoliu de Lleida;total;homes;població;;250
2010;Montoliu de Lleida;total;dones;població;;245
2010;Montoliu de Lleida;total;total;població;;495
2010;Montoliu de Segarra;total;homes;població;;117
2010;Montoliu de Segarra;total;dones;població;;80
2010;Montoliu de Segarra;total;total;població;;197
2010;Montornès de Segarra;total;homes;població;;53
2010;Montornès de Segarra;total;dones;població;;51
2010;Montornès de Segarra;total;total;població;;104
2010;Montornès del Vallès;total;homes;població;;8093
2010;Montornès del Vallès;total;dones;població;;7697
2010;Montornès del Vallès;total;total;població;;15790
2010;Mont-ral;total;homes;població;;101
2010;Mont-ral;total;dones;població;;71
2010;Mont-ral;total;total;població;;172
2010;Mont-ras;total;homes;població;;933
2010;Mont-ras;total;dones;població;;888
2010;Mont-ras;total;total;població;;1821
2010;Mont-roig del Camp;total;homes;població;;6360
2010;Mont-roig del Camp;total;dones;població;;5833
2010;Mont-roig del Camp;total;total;població;;12193
2010;Montseny;total;homes;població;;163
2010;Montseny;total;dones;població;;149
2010;Montseny;total;total;població;;312
2010;Móra d'Ebre;total;homes;població;;2866
2010;Móra d'Ebre;total;dones;població;;2929
2010;Móra d'Ebre;total;total;població;;5795
2010;Móra la Nova;total;homes;població;;1657
2010;Móra la Nova;total;dones;població;;1581
2010;Móra la Nova;total;total;població;;3238
2010;Morell, el;total;homes;població;;1776
2010;Morell, el;total;dones;població;;1619
2010;Morell, el;total;total;població;;3395
2010;Morera de Montsant, la;total;homes;població;;95
2010;Morera de Montsant, la;total;dones;població;;65
2010;Morera de Montsant, la;total;total;població;;160
2010;Muntanyola;total;homes;població;;296
2010;Muntanyola;total;dones;població;;291
2010;Muntanyola;total;total;població;;587
2010;Mura;total;homes;població;;122
2010;Mura;total;dones;població;;111
2010;Mura;total;total;població;;233
2010;Nalec;total;homes;població;;52
2010;Nalec;total;dones;població;;46
2010;Nalec;total;total;població;;98
2010;Naut Aran;total;homes;població;;883
2010;Naut Aran;total;dones;població;;846
2010;Naut Aran;total;total;població;;1729
2010;Navarcles;total;homes;població;;2912
2010;Navarcles;total;dones;població;;3052
2010;Navarcles;total;total;població;;5964
2010;Navàs;total;homes;població;;3079
2010;Navàs;total;dones;població;;3115
2010;Navàs;total;total;població;;6194
2010;Navata;total;homes;població;;575
2010;Navata;total;dones;població;;583
2010;Navata;total;total;població;;1158
2010;Navès;total;homes;població;;137
2010;Navès;total;dones;població;;139
2010;Navès;total;total;població;;276
2010;Nou de Berguedà, la;total;homes;població;;82
2010;Nou de Berguedà, la;total;dones;població;;73
2010;Nou de Berguedà, la;total;total;població;;155
2010;Nou de Gaià, la;total;homes;població;;251
2010;Nou de Gaià, la;total;dones;població;;259
2010;Nou de Gaià, la;total;total;població;;510
2010;Nulles;total;homes;població;;227
2010;Nulles;total;dones;població;;224
2010;Nulles;total;total;població;;451
2010;Odèn;total;homes;població;;160
2010;Odèn;total;dones;població;;104
2010;Odèn;total;total;població;;264
2010;Òdena;total;homes;població;;1742
2010;Òdena;total;dones;població;;1700
2010;Òdena;total;total;població;;3442
2010;Ogassa;total;homes;població;;149
2010;Ogassa;total;dones;població;;107
2010;Ogassa;total;total;població;;256
2010;Olèrdola;total;homes;població;;1830
2010;Olèrdola;total;dones;població;;1703
2010;Olèrdola;total;total;població;;3533
2010;Olesa de Bonesvalls;total;homes;població;;889
2010;Olesa de Bonesvalls;total;dones;població;;813
2010;Olesa de Bonesvalls;total;total;població;;1702
2010;Olesa de Montserrat;total;homes;població;;11943
2010;Olesa de Montserrat;total;dones;població;;11703
2010;Olesa de Montserrat;total;total;població;;23646
2010;Oliana;total;homes;població;;980
2010;Oliana;total;dones;població;;965
2010;Oliana;total;total;població;;1945
2010;Oliola;total;homes;població;;133
2010;Oliola;total;dones;població;;99
2010;Oliola;total;total;població;;232
2010;Olius;total;homes;població;;440
2010;Olius;total;dones;població;;401
2010;Olius;total;total;població;;841
2010;Olivella;total;homes;població;;1794
2010;Olivella;total;dones;població;;1611
2010;Olivella;total;total;població;;3405
2010;Olost;total;homes;població;;598
2010;Olost;total;dones;població;;604
2010;Olost;total;total;població;;1202
2010;Olot;total;homes;població;;16820
2010;Olot;total;dones;població;;16769
2010;Olot;total;total;població;;33589
2010;Oluges, les;total;homes;població;;98
2010;Oluges, les;total;dones;població;;78
2010;Oluges, les;total;total;població;;176
2010;Olvan;total;homes;població;;449
2010;Olvan;total;dones;població;;453
2010;Olvan;total;total;població;;902
2010;Omellons, els;total;homes;població;;137
2010;Omellons, els;total;dones;població;;117
2010;Omellons, els;total;total;població;;254
2010;Omells de na Gaia, els;total;homes;població;;76
2010;Omells de na Gaia, els;total;dones;població;;68
2010;Omells de na Gaia, els;total;total;població;;144
2010;Ordis;total;homes;població;;201
2010;Ordis;total;dones;població;;184
2010;Ordis;total;total;població;;385
2010;Organyà;total;homes;població;;463
2010;Organyà;total;dones;població;;479
2010;Organyà;total;total;població;;942
2010;Orís;total;homes;població;;150
2010;Orís;total;dones;població;;146
2010;Orís;total;total;població;;296
2010;Oristà;total;homes;població;;290
2010;Oristà;total;dones;població;;293
2010;Oristà;total;total;població;;583
2010;Orpí;total;homes;població;;96
2010;Orpí;total;dones;població;;83
2010;Orpí;total;total;població;;179
2010;Òrrius;total;homes;població;;331
2010;Òrrius;total;dones;població;;323
2010;Òrrius;total;total;població;;654
2010;Os de Balaguer;total;homes;població;;518
2010;Os de Balaguer;total;dones;població;;469
2010;Os de Balaguer;total;total;població;;987
2010;Osor;total;homes;població;;214
2010;Osor;total;dones;població;;212
2010;Osor;total;total;població;;426
2010;Ossó de Sió;total;homes;població;;114
2010;Ossó de Sió;total;dones;població;;112
2010;Ossó de Sió;total;total;població;;226
2010;Pacs del Penedès;total;homes;població;;447
2010;Pacs del Penedès;total;dones;població;;434
2010;Pacs del Penedès;total;total;població;;881
2010;Palafolls;total;homes;població;;4404
2010;Palafolls;total;dones;població;;4369
2010;Palafolls;total;total;població;;8773
2010;Palafrugell;total;homes;població;;11385
2010;Palafrugell;total;dones;població;;11237
2010;Palafrugell;total;total;població;;22622
2010;Palamós;total;homes;població;;8910
2010;Palamós;total;dones;població;;9147
2010;Palamós;total;total;població;;18057
2010;Palau d'Anglesola, el;total;homes;població;;1053
2010;Palau d'Anglesola, el;total;dones;població;;1067
2010;Palau d'Anglesola, el;total;total;població;;2120
2010;Palau de Santa Eulàlia;total;homes;població;;61
2010;Palau de Santa Eulàlia;total;dones;població;;44
2010;Palau de Santa Eulàlia;total;total;població;;105
2010;Palau-sator;total;homes;població;;153
2010;Palau-sator;total;dones;població;;137
2010;Palau-sator;total;total;població;;290
2010;Palau-saverdera;total;homes;població;;737
2010;Palau-saverdera;total;dones;població;;738
2010;Palau-saverdera;total;total;població;;1475
2010;Palau-solità i Plegamans;total;homes;població;;7152
2010;Palau-solità i Plegamans;total;dones;població;;7038
2010;Palau-solità i Plegamans;total;total;població;;14190
2010;Pallaresos, els;total;homes;població;;2126
2010;Pallaresos, els;total;dones;població;;2000
2010;Pallaresos, els;total;total;població;;4126
2010;Pallejà;total;homes;població;;5697
2010;Pallejà;total;dones;població;;5566
2010;Pallejà;total;total;població;;11263
2010;Palma d'Ebre, la;total;homes;població;;202
2010;Palma d'Ebre, la;total;dones;població;;223
2010;Palma d'Ebre, la;total;total;població;;425
2010;Palma de Cervelló, la;total;homes;població;;1506
2010;Palma de Cervelló, la;total;dones;població;;1529
2010;Palma de Cervelló, la;total;total;població;;3035
2010;Palol de Revardit;total;homes;població;;247
2010;Palol de Revardit;total;dones;població;;235
2010;Palol de Revardit;total;total;població;;482
2010;Pals;total;homes;població;;1394
2010;Pals;total;dones;població;;1351
2010;Pals;total;total;població;;2745
2010;Papiol, el;total;homes;població;;1952
2010;Papiol, el;total;dones;població;;1985
2010;Papiol, el;total;total;població;;3937
2010;Pardines;total;homes;població;;94
2010;Pardines;total;dones;població;;70
2010;Pardines;total;total;població;;164
2010;Parets del Vallès;total;homes;població;;9056
2010;Parets del Vallès;total;dones;població;;8749
2010;Parets del Vallès;total;total;població;;17805
2010;Parlavà;total;homes;població;;207
2010;Parlavà;total;dones;població;;195
2010;Parlavà;total;total;població;;402
2010;Passanant i Belltall;total;homes;població;;92
2010;Passanant i Belltall;total;dones;població;;72
2010;Passanant i Belltall;total;total;població;;164
2010;Pau;total;homes;població;;283
2010;Pau;total;dones;població;;280
2010;Pau;total;total;població;;563
2010;Paüls;total;homes;població;;297
2010;Paüls;total;dones;població;;301
2010;Paüls;total;total;població;;598
2010;Pedret i Marzà;total;homes;població;;93
2010;Pedret i Marzà;total;dones;població;;80
2010;Pedret i Marzà;total;total;població;;173
2010;Penelles;total;homes;població;;288
2010;Penelles;total;dones;població;;214
2010;Penelles;total;total;població;;502
2010;Pera, la;total;homes;població;;227
2010;Pera, la;total;dones;població;;219
2010;Pera, la;total;total;població;;446
2010;Perafita;total;homes;població;;200
2010;Perafita;total;dones;població;;196
2010;Perafita;total;total;població;;396
2010;Perafort;total;homes;població;;629
2010;Perafort;total;dones;població;;589
2010;Perafort;total;total;població;;1218
2010;Peralada;total;homes;població;;928
2010;Peralada;total;dones;població;;898
2010;Peralada;total;total;població;;1826
2010;Peramola;total;homes;població;;203
2010;Peramola;total;dones;població;;184
2010;Peramola;total;total;població;;387
2010;Perelló, el;total;homes;població;;1771
2010;Perelló, el;total;dones;població;;1532
2010;Perelló, el;total;total;població;;3303
2010;Piera;total;homes;població;;7459
2010;Piera;total;dones;població;;7117
2010;Piera;total;total;població;;14576
2010;Piles, les;total;homes;població;;115
2010;Piles, les;total;dones;població;;103
2010;Piles, les;total;total;població;;218
2010;Pineda de Mar;total;homes;població;;13112
2010;Pineda de Mar;total;dones;població;;12781
2010;Pineda de Mar;total;total;població;;25893
2010;Pinell de Brai, el;total;homes;població;;581
2010;Pinell de Brai, el;total;dones;població;;554
2010;Pinell de Brai, el;total;total;població;;1135
2010;Pinell de Solsonès;total;homes;població;;116
2010;Pinell de Solsonès;total;dones;població;;99
2010;Pinell de Solsonès;total;total;població;;215
2010;Pinós;total;homes;població;;172
2010;Pinós;total;dones;població;;143
2010;Pinós;total;total;població;;315
2010;Pira;total;homes;població;;258
2010;Pira;total;dones;població;;244
2010;Pira;total;total;població;;502
2010;Pla de Santa Maria, el;total;homes;població;;1250
2010;Pla de Santa Maria, el;total;dones;població;;1121
2010;Pla de Santa Maria, el;total;total;població;;2371
2010;Pla del Penedès, el;total;homes;població;;558
2010;Pla del Penedès, el;total;dones;població;;545
2010;Pla del Penedès, el;total;total;població;;1103
2010;Planes d'Hostoles, les;total;homes;població;;882
2010;Planes d'Hostoles, les;total;dones;població;;845
2010;Planes d'Hostoles, les;total;total;població;;1727
2010;Planoles;total;homes;població;;158
2010;Planoles;total;dones;població;;130
2010;Planoles;total;total;població;;288
2010;Plans de Sió, els;total;homes;població;;302
2010;Plans de Sió, els;total;dones;població;;269
2010;Plans de Sió, els;total;total;població;;571
2010;Poal, el;total;homes;població;;323
2010;Poal, el;total;dones;població;;299
2010;Poal, el;total;total;població;;622
2010;Pobla de Cérvoles, la;total;homes;població;;129
2010;Pobla de Cérvoles, la;total;dones;població;;111
2010;Pobla de Cérvoles, la;total;total;població;;240
2010;Pobla de Claramunt, la;total;homes;població;;1178
2010;Pobla de Claramunt, la;total;dones;població;;1117
2010;Pobla de Claramunt, la;total;total;població;;2295
2010;Pobla de Lillet, la;total;homes;població;;648
2010;Pobla de Lillet, la;total;dones;població;;655
2010;Pobla de Lillet, la;total;total;població;;1303
2010;Pobla de Mafumet, la;total;homes;població;;1344
2010;Pobla de Mafumet, la;total;dones;població;;1284
2010;Pobla de Mafumet, la;total;total;població;;2628
2010;Pobla de Massaluca, la;total;homes;població;;203
2010;Pobla de Massaluca, la;total;dones;població;;188
2010;Pobla de Massaluca, la;total;total;població;;391
2010;Pobla de Montornès, la;total;homes;població;;1532
2010;Pobla de Montornès, la;total;dones;població;;1356
2010;Pobla de Montornès, la;total;total;població;;2888
2010;Pobla de Segur, la;total;homes;població;;1619
2010;Pobla de Segur, la;total;dones;població;;1647
2010;Pobla de Segur, la;total;total;població;;3266
2010;Poboleda;total;homes;població;;211
2010;Poboleda;total;dones;població;;171
2010;Poboleda;total;total;població;;382
2010;Polinyà;total;homes;població;;3989
2010;Polinyà;total;dones;població;;3809
2010;Polinyà;total;total;població;;7798
2010;Pont d'Armentera, el;total;homes;població;;318
2010;Pont d'Armentera, el;total;dones;població;;279
2010;Pont d'Armentera, el;total;total;població;;597
2010;Pont de Bar, el;total;homes;població;;111
2010;Pont de Bar, el;total;dones;població;;83
2010;Pont de Bar, el;total;total;població;;194
2010;Pont de Molins;total;homes;població;;262
2010;Pont de Molins;total;dones;població;;236
2010;Pont de Molins;total;total;població;;498
2010;Pont de Suert, el;total;homes;població;;1300
2010;Pont de Suert, el;total;dones;població;;1206
2010;Pont de Suert, el;total;total;població;;2506
2010;Pont de Vilomara i Rocafort, el;total;homes;població;;1943
2010;Pont de Vilomara i Rocafort, el;total;dones;població;;1817
2010;Pont de Vilomara i Rocafort, el;total;total;població;;3760
2010;Pontils;total;homes;població;;72
2010;Pontils;total;dones;població;;59
2010;Pontils;total;total;població;;131
2010;Pontons;total;homes;població;;293
2010;Pontons;total;dones;població;;246
2010;Pontons;total;total;població;;539
2010;Pontós;total;homes;població;;131
2010;Pontós;total;dones;població;;111
2010;Pontós;total;total;població;;242
2010;Ponts;total;homes;població;;1391
2010;Ponts;total;dones;població;;1353
2010;Ponts;total;total;població;;2744
2010;Porqueres;total;homes;població;;2182
2010;Porqueres;total;dones;població;;2218
2010;Porqueres;total;total;població;;4400
2010;Porrera;total;homes;població;;257
2010;Porrera;total;dones;població;;225
2010;Porrera;total;total;població;;482
2010;Port de la Selva, el;total;homes;població;;526
2010;Port de la Selva, el;total;dones;població;;467
2010;Port de la Selva, el;total;total;població;;993
2010;Portbou;total;homes;població;;652
2010;Portbou;total;dones;població;;650
2010;Portbou;total;total;població;;1302
2010;Portella, la;total;homes;població;;427
2010;Portella, la;total;dones;població;;346
2010;Portella, la;total;total;població;;773
2010;Pradell de la Teixeta;total;homes;població;;85
2010;Pradell de la Teixeta;total;dones;població;;103
2010;Pradell de la Teixeta;total;total;població;;188
2010;Prades;total;homes;població;;340
2010;Prades;total;dones;població;;315
2010;Prades;total;total;població;;655
2010;Prat de Comte;total;homes;població;;107
2010;Prat de Comte;total;dones;població;;91
2010;Prat de Comte;total;total;població;;198
2010;Prat de Llobregat, el;total;homes;població;;31469
2010;Prat de Llobregat, el;total;dones;població;;31965
2010;Prat de Llobregat, el;total;total;població;;63434
2010;Pratdip;total;homes;població;;450
2010;Pratdip;total;dones;població;;385
2010;Pratdip;total;total;població;;835
2010;Prats de Lluçanès;total;homes;població;;1355
2010;Prats de Lluçanès;total;dones;població;;1384
2010;Prats de Lluçanès;total;total;població;;2739
2010;Prats de Rei, els;total;homes;població;;288
2010;Prats de Rei, els;total;dones;població;;261
2010;Prats de Rei, els;total;total;població;;549
2010;Prats i Sansor;total;homes;població;;139
2010;Prats i Sansor;total;dones;població;;106
2010;Prats i Sansor;total;total;població;;245
2010;Preixana;total;homes;població;;225
2010;Preixana;total;dones;població;;212
2010;Preixana;total;total;població;;437
2010;Preixens;total;homes;població;;237
2010;Preixens;total;dones;població;;241
2010;Preixens;total;total;població;;478
2010;Premià de Dalt;total;homes;població;;5050
2010;Premià de Dalt;total;dones;població;;5014
2010;Premià de Dalt;total;total;població;;10064
2010;Premià de Mar;total;homes;població;;13707
2010;Premià de Mar;total;dones;població;;14095
2010;Premià de Mar;total;total;població;;27802
2010;Preses, les;total;homes;població;;833
2010;Preses, les;total;dones;població;;891
2010;Preses, les;total;total;població;;1724
2010;Prullans;total;homes;població;;118
2010;Prullans;total;dones;població;;127
2010;Prullans;total;total;població;;245
2010;Puigcerdà;total;homes;població;;4421
2010;Puigcerdà;total;dones;població;;4325
2010;Puigcerdà;total;total;població;;8746
2010;Puigdàlber;total;homes;població;;252
2010;Puigdàlber;total;dones;població;;270
2010;Puigdàlber;total;total;població;;522
2010;Puiggròs;total;homes;població;;165
2010;Puiggròs;total;dones;població;;146
2010;Puiggròs;total;total;població;;311
2010;Puigpelat;total;homes;població;;525
2010;Puigpelat;total;dones;població;;476
2010;Puigpelat;total;total;població;;1001
2010;Puig-reig;total;homes;població;;2127
2010;Puig-reig;total;dones;població;;2206
2010;Puig-reig;total;total;població;;4333
2010;Puigverd d'Agramunt;total;homes;població;;155
2010;Puigverd d'Agramunt;total;dones;població;;120
2010;Puigverd d'Agramunt;total;total;població;;275
2010;Puigverd de Lleida;total;homes;població;;716
2010;Puigverd de Lleida;total;dones;població;;674
2010;Puigverd de Lleida;total;total;població;;1390
2010;Pujalt;total;homes;població;;104
2010;Pujalt;total;dones;població;;101
2010;Pujalt;total;total;població;;205
2010;Quar, la;total;homes;població;;36
2010;Quar, la;total;dones;població;;23
2010;Quar, la;total;total;població;;59
2010;Quart;total;homes;població;;1499
2010;Quart;total;dones;població;;1484
2010;Quart;total;total;població;;2983
2010;Queralbs;total;homes;població;;109
2010;Queralbs;total;dones;població;;81
2010;Queralbs;total;total;població;;190
2010;Querol;total;homes;població;;291
2010;Querol;total;dones;població;;245
2010;Querol;total;total;població;;536
2010;Rabós;total;homes;població;;100
2010;Rabós;total;dones;població;;92
2010;Rabós;total;total;població;;192
2010;Rajadell;total;homes;població;;271
2010;Rajadell;total;dones;població;;243
2010;Rajadell;total;total;població;;514
2010;Ràpita, la;total;homes;població;;7732
2010;Ràpita, la;total;dones;població;;7851
2010;Ràpita, la;total;total;població;;15583
2010;Rasquera;total;homes;població;;487
2010;Rasquera;total;dones;població;;479
2010;Rasquera;total;total;població;;966
2010;Regencós;total;homes;població;;175
2010;Regencós;total;dones;població;;140
2010;Regencós;total;total;població;;315
2010;Rellinars;total;homes;població;;370
2010;Rellinars;total;dones;població;;357
2010;Rellinars;total;total;població;;727
2010;Renau;total;homes;població;;53
2010;Renau;total;dones;població;;48
2010;Renau;total;total;població;;101
2010;Reus;total;homes;població;;52541
2010;Reus;total;dones;població;;54081
2010;Reus;total;total;població;;106622
2010;Rialp;total;homes;població;;347
2010;Rialp;total;dones;població;;307
2010;Rialp;total;total;població;;654
2010;Riba, la;total;homes;població;;376
2010;Riba, la;total;dones;població;;329
2010;Riba, la;total;total;població;;705
2010;Riba-roja d'Ebre;total;homes;població;;713
2010;Riba-roja d'Ebre;total;dones;població;;623
2010;Riba-roja d'Ebre;total;total;població;;1336
2010;Ribera d'Ondara;total;homes;població;;232
2010;Ribera d'Ondara;total;dones;població;;222
2010;Ribera d'Ondara;total;total;població;;454
2010;Ribera d'Urgellet;total;homes;població;;517
2010;Ribera d'Urgellet;total;dones;població;;465
2010;Ribera d'Urgellet;total;total;població;;982
2010;Ribes de Freser;total;homes;població;;951
2010;Ribes de Freser;total;dones;població;;979
2010;Ribes de Freser;total;total;població;;1930
2010;Riells i Viabrea;total;homes;població;;2000
2010;Riells i Viabrea;total;dones;població;;1868
2010;Riells i Viabrea;total;total;població;;3868
2010;Riera de Gaià, la;total;homes;població;;847
2010;Riera de Gaià, la;total;dones;població;;814
2010;Riera de Gaià, la;total;total;població;;1661
2010;Riner;total;homes;població;;141
2010;Riner;total;dones;població;;151
2010;Riner;total;total;població;;292
2010;Ripoll;total;homes;població;;5437
2010;Ripoll;total;dones;població;;5554
2010;Ripoll;total;total;població;;10991
2010;Ripollet;total;homes;població;;18671
2010;Ripollet;total;dones;població;;18480
2010;Ripollet;total;total;població;;37151
2010;Riu de Cerdanya;total;homes;població;;63
2010;Riu de Cerdanya;total;dones;població;;48
2010;Riu de Cerdanya;total;total;població;;111
2010;Riudarenes;total;homes;població;;1093
2010;Riudarenes;total;dones;població;;1030
2010;Riudarenes;total;total;població;;2123
2010;Riudaura;total;homes;població;;217
2010;Riudaura;total;dones;població;;224
2010;Riudaura;total;total;població;;441
2010;Riudecanyes;total;homes;població;;576
2010;Riudecanyes;total;dones;població;;542
2010;Riudecanyes;total;total;població;;1118
2010;Riudecols;total;homes;població;;668
2010;Riudecols;total;dones;població;;609
2010;Riudecols;total;total;població;;1277
2010;Riudellots de la Selva;total;homes;població;;1015
2010;Riudellots de la Selva;total;dones;població;;960
2010;Riudellots de la Selva;total;total;població;;1975
2010;Riudoms;total;homes;població;;3330
2010;Riudoms;total;dones;població;;3143
2010;Riudoms;total;total;població;;6473
2010;Riumors;total;homes;població;;114
2010;Riumors;total;dones;població;;110
2010;Riumors;total;total;població;;224
2010;Roca del Vallès, la;total;homes;població;;5191
2010;Roca del Vallès, la;total;dones;població;;5100
2010;Roca del Vallès, la;total;total;població;;10291
2010;Rocafort de Queralt;total;homes;població;;139
2010;Rocafort de Queralt;total;dones;població;;119
2010;Rocafort de Queralt;total;total;població;;258
2010;Roda de Berà;total;homes;població;;3261
2010;Roda de Berà;total;dones;població;;2971
2010;Roda de Berà;total;total;població;;6232
2010;Roda de Ter;total;homes;població;;3006
2010;Roda de Ter;total;dones;població;;3112
2010;Roda de Ter;total;total;població;;6118
2010;Rodonyà;total;homes;població;;288
2010;Rodonyà;total;dones;població;;239
2010;Rodonyà;total;total;població;;527
2010;Roquetes;total;homes;població;;4345
2010;Roquetes;total;dones;població;;3886
2010;Roquetes;total;total;població;;8231
2010;Roses;total;homes;població;;10377
2010;Roses;total;dones;població;;10041
2010;Roses;total;total;població;;20418
2010;Rosselló;total;homes;població;;1507
2010;Rosselló;total;dones;població;;1443
2010;Rosselló;total;total;població;;2950
2010;Rourell, el;total;homes;població;;198
2010;Rourell, el;total;dones;població;;186
2010;Rourell, el;total;total;població;;384
2010;Rubí;total;homes;població;;36945
2010;Rubí;total;dones;població;;36646
2010;Rubí;total;total;població;;73591
2010;Rubió;total;homes;població;;116
2010;Rubió;total;dones;població;;102
2010;Rubió;total;total;població;;218
2010;Rupià;total;homes;població;;122
2010;Rupià;total;dones;població;;121
2010;Rupià;total;total;població;;243
2010;Rupit i Pruit;total;homes;població;;157
2010;Rupit i Pruit;total;dones;població;;155
2010;Rupit i Pruit;total;total;població;;312
2010;Sabadell;total;homes;població;;101462
2010;Sabadell;total;dones;població;;105876
2010;Sabadell;total;total;població;;207338
2010;Sagàs;total;homes;població;;73
2010;Sagàs;total;dones;població;;68
2010;Sagàs;total;total;població;;141
2010;Salàs de Pallars;total;homes;població;;169
2010;Salàs de Pallars;total;dones;població;;165
2010;Salàs de Pallars;total;total;població;;334
2010;Saldes;total;homes;població;;197
2010;Saldes;total;dones;població;;143
2010;Saldes;total;total;població;;340
2010;Sales de Llierca;total;homes;població;;73
2010;Sales de Llierca;total;dones;població;;63
2010;Sales de Llierca;total;total;població;;136
2010;Sallent;total;homes;població;;3394
2010;Sallent;total;dones;població;;3635
2010;Sallent;total;total;població;;7029
2010;Salomó;total;homes;població;;269
2010;Salomó;total;dones;població;;236
2010;Salomó;total;total;població;;505
2010;Salou;total;homes;població;;14534
2010;Salou;total;dones;població;;12482
2010;Salou;total;total;població;;27016
2010;Salt;total;homes;població;;16159
2010;Salt;total;dones;població;;14145
2010;Salt;total;total;població;;30304
2010;Sanaüja;total;homes;població;;240
2010;Sanaüja;total;dones;població;;218
2010;Sanaüja;total;total;població;;458
2010;Sant Adrià de Besòs;total;homes;població;;16859
2010;Sant Adrià de Besòs;total;dones;població;;17245
2010;Sant Adrià de Besòs;total;total;població;;34104
2010;Sant Agustí de Lluçanès;total;homes;població;;52
2010;Sant Agustí de Lluçanès;total;dones;població;;49
2010;Sant Agustí de Lluçanès;total;total;població;;101
2010;Sant Andreu de la Barca;total;homes;població;;13506
2010;Sant Andreu de la Barca;total;dones;població;;13176
2010;Sant Andreu de la Barca;total;total;població;;26682
2010;Sant Andreu de Llavaneres;total;homes;població;;5134
2010;Sant Andreu de Llavaneres;total;dones;població;;5169
2010;Sant Andreu de Llavaneres;total;total;població;;10303
2010;Sant Andreu Salou;total;homes;població;;75
2010;Sant Andreu Salou;total;dones;població;;80
2010;Sant Andreu Salou;total;total;població;;155
2010;Sant Aniol de Finestres;total;homes;població;;184
2010;Sant Aniol de Finestres;total;dones;població;;158
2010;Sant Aniol de Finestres;total;total;població;;342
2010;Sant Antoni de Vilamajor;total;homes;població;;2749
2010;Sant Antoni de Vilamajor;total;dones;població;;2730
2010;Sant Antoni de Vilamajor;total;total;població;;5479
2010;Sant Bartomeu del Grau;total;homes;població;;503
2010;Sant Bartomeu del Grau;total;dones;població;;464
2010;Sant Bartomeu del Grau;total;total;població;;967
2010;Sant Boi de Llobregat;total;homes;població;;40910
2010;Sant Boi de Llobregat;total;dones;població;;41501
2010;Sant Boi de Llobregat;total;total;població;;82411
2010;Sant Boi de Lluçanès;total;homes;població;;282
2010;Sant Boi de Lluçanès;total;dones;població;;282
2010;Sant Boi de Lluçanès;total;total;població;;564
2010;Sant Cebrià de Vallalta;total;homes;població;;1761
2010;Sant Cebrià de Vallalta;total;dones;població;;1627
2010;Sant Cebrià de Vallalta;total;total;població;;3388
2010;Sant Celoni;total;homes;població;;8451
2010;Sant Celoni;total;dones;població;;8454
2010;Sant Celoni;total;total;població;;16905
2010;Sant Climent de Llobregat;total;homes;població;;1923
2010;Sant Climent de Llobregat;total;dones;població;;1896
2010;Sant Climent de Llobregat;total;total;població;;3819
2010;Sant Climent Sescebes;total;homes;població;;280
2010;Sant Climent Sescebes;total;dones;població;;241
2010;Sant Climent Sescebes;total;total;població;;521
2010;Sant Cugat del Vallès;total;homes;població;;39965
2010;Sant Cugat del Vallès;total;dones;població;;41780
2010;Sant Cugat del Vallès;total;total;població;;81745
2010;Sant Cugat Sesgarrigues;total;homes;població;;499
2010;Sant Cugat Sesgarrigues;total;dones;població;;474
2010;Sant Cugat Sesgarrigues;total;total;població;;973
2010;Sant Esteve de la Sarga;total;homes;població;;86
2010;Sant Esteve de la Sarga;total;dones;població;;58
2010;Sant Esteve de la Sarga;total;total;població;;144
2010;Sant Esteve de Palautordera;total;homes;població;;1231
2010;Sant Esteve de Palautordera;total;dones;població;;1269
2010;Sant Esteve de Palautordera;total;total;població;;2500
2010;Sant Esteve Sesrovires;total;homes;població;;3727
2010;Sant Esteve Sesrovires;total;dones;població;;3602
2010;Sant Esteve Sesrovires;total;total;població;;7329
2010;Sant Feliu de Buixalleu;total;homes;població;;417
2010;Sant Feliu de Buixalleu;total;dones;població;;376
2010;Sant Feliu de Buixalleu;total;total;població;;793
2010;Sant Feliu de Codines;total;homes;població;;2980
2010;Sant Feliu de Codines;total;dones;població;;2856
2010;Sant Feliu de Codines;total;total;població;;5836
2010;Sant Feliu de Guíxols;total;homes;població;;10923
2010;Sant Feliu de Guíxols;total;dones;població;;11052
2010;Sant Feliu de Guíxols;total;total;població;;21975
2010;Sant Feliu de Llobregat;total;homes;població;;21051
2010;Sant Feliu de Llobregat;total;dones;població;;22061
2010;Sant Feliu de Llobregat;total;total;població;;43112
2010;Sant Feliu de Pallerols;total;homes;població;;666
2010;Sant Feliu de Pallerols;total;dones;població;;697
2010;Sant Feliu de Pallerols;total;total;població;;1363
2010;Sant Feliu Sasserra;total;homes;població;;334
2010;Sant Feliu Sasserra;total;dones;població;;327
2010;Sant Feliu Sasserra;total;total;població;;661
2010;Sant Ferriol;total;homes;població;;138
2010;Sant Ferriol;total;dones;població;;98
2010;Sant Ferriol;total;total;població;;236
2010;Sant Fost de Campsentelles;total;homes;població;;4150
2010;Sant Fost de Campsentelles;total;dones;població;;4142
2010;Sant Fost de Campsentelles;total;total;població;;8292
2010;Sant Fruitós de Bages;total;homes;població;;4122
2010;Sant Fruitós de Bages;total;dones;població;;4062
2010;Sant Fruitós de Bages;total;total;població;;8184
2010;Sant Gregori;total;homes;població;;1647
2010;Sant Gregori;total;dones;població;;1596
2010;Sant Gregori;total;total;població;;3243
2010;Sant Guim de Freixenet;total;homes;població;;560
2010;Sant Guim de Freixenet;total;dones;població;;554
2010;Sant Guim de Freixenet;total;total;població;;1114
2010;Sant Guim de la Plana;total;homes;població;;103
2010;Sant Guim de la Plana;total;dones;població;;89
2010;Sant Guim de la Plana;total;total;població;;192
2010;Sant Hilari Sacalm;total;homes;població;;2959
2010;Sant Hilari Sacalm;total;dones;població;;2770
2010;Sant Hilari Sacalm;total;total;població;;5729
2010;Sant Hipòlit de Voltregà;total;homes;població;;1761
2010;Sant Hipòlit de Voltregà;total;dones;població;;1751
2010;Sant Hipòlit de Voltregà;total;total;població;;3512
2010;Sant Iscle de Vallalta;total;homes;població;;669
2010;Sant Iscle de Vallalta;total;dones;població;;611
2010;Sant Iscle de Vallalta;total;total;població;;1280
2010;Sant Jaume d'Enveja;total;homes;població;;1797
2010;Sant Jaume d'Enveja;total;dones;població;;1741
2010;Sant Jaume d'Enveja;total;total;població;;3538
2010;Sant Jaume de Frontanyà;total;homes;població;;13
2010;Sant Jaume de Frontanyà;total;dones;població;;11
2010;Sant Jaume de Frontanyà;total;total;població;;24
2010;Sant Jaume de Llierca;total;homes;població;;393
2010;Sant Jaume de Llierca;total;dones;població;;387
2010;Sant Jaume de Llierca;total;total;població;;780
2010;Sant Jaume dels Domenys;total;homes;població;;1267
2010;Sant Jaume dels Domenys;total;dones;població;;1183
2010;Sant Jaume dels Domenys;total;total;població;;2450
2010;Sant Joan de les Abadesses;total;homes;població;;1759
2010;Sant Joan de les Abadesses;total;dones;població;;1770
2010;Sant Joan de les Abadesses;total;total;població;;3529
2010;Sant Joan de Mollet;total;homes;població;;255
2010;Sant Joan de Mollet;total;dones;població;;258
2010;Sant Joan de Mollet;total;total;població;;513
2010;Sant Joan de Vilatorrada;total;homes;població;;5478
2010;Sant Joan de Vilatorrada;total;dones;població;;5378
2010;Sant Joan de Vilatorrada;total;total;població;;10856
2010;Sant Joan Despí;total;homes;població;;15851
2010;Sant Joan Despí;total;dones;població;;16487
2010;Sant Joan Despí;total;total;població;;32338
2010;Sant Joan les Fonts;total;homes;població;;1434
2010;Sant Joan les Fonts;total;dones;població;;1397
2010;Sant Joan les Fonts;total;total;població;;2831
2010;Sant Jordi Desvalls;total;homes;població;;317
2010;Sant Jordi Desvalls;total;dones;població;;336
2010;Sant Jordi Desvalls;total;total;població;;653
2010;Sant Julià de Cerdanyola;total;homes;població;;143
2010;Sant Julià de Cerdanyola;total;dones;població;;124
2010;Sant Julià de Cerdanyola;total;total;població;;267
2010;Sant Julià de Ramis;total;homes;població;;1649
2010;Sant Julià de Ramis;total;dones;població;;1632
2010;Sant Julià de Ramis;total;total;població;;3281
2010;Sant Julià de Vilatorta;total;homes;població;;1449
2010;Sant Julià de Vilatorta;total;dones;població;;1525
2010;Sant Julià de Vilatorta;total;total;població;;2974
2010;Sant Julià del Llor i Bonmatí;total;homes;població;;646
2010;Sant Julià del Llor i Bonmatí;total;dones;població;;645
2010;Sant Julià del Llor i Bonmatí;total;total;població;;1291
2010;Sant Just Desvern;total;homes;població;;7598
2010;Sant Just Desvern;total;dones;població;;8325
2010;Sant Just Desvern;total;total;població;;15923
2010;Sant Llorenç d'Hortons;total;homes;població;;1214
2010;Sant Llorenç d'Hortons;total;dones;població;;1202
2010;Sant Llorenç d'Hortons;total;total;població;;2416
2010;Sant Llorenç de la Muga;total;homes;població;;110
2010;Sant Llorenç de la Muga;total;dones;població;;112
2010;Sant Llorenç de la Muga;total;total;població;;222
2010;Sant Llorenç de Morunys;total;homes;població;;551
2010;Sant Llorenç de Morunys;total;dones;població;;526
2010;Sant Llorenç de Morunys;total;total;població;;1077
2010;Sant Llorenç Savall;total;homes;població;;1208
2010;Sant Llorenç Savall;total;dones;població;;1194
2010;Sant Llorenç Savall;total;total;població;;2402
2010;Sant Martí d'Albars;total;homes;població;;56
2010;Sant Martí d'Albars;total;dones;població;;51
2010;Sant Martí d'Albars;total;total;població;;107
2010;Sant Martí de Centelles;total;homes;població;;541
2010;Sant Martí de Centelles;total;dones;població;;493
2010;Sant Martí de Centelles;total;total;població;;1034
2010;Sant Martí de Llémena;total;homes;població;;292
2010;Sant Martí de Llémena;total;dones;població;;274
2010;Sant Martí de Llémena;total;total;població;;566
2010;Sant Martí de Riucorb;total;homes;població;;356
2010;Sant Martí de Riucorb;total;dones;població;;329
2010;Sant Martí de Riucorb;total;total;població;;685
2010;Sant Martí de Tous;total;homes;població;;586
2010;Sant Martí de Tous;total;dones;població;;578
2010;Sant Martí de Tous;total;total;població;;1164
2010;Sant Martí Sarroca;total;homes;població;;1579
2010;Sant Martí Sarroca;total;dones;població;;1582
2010;Sant Martí Sarroca;total;total;població;;3161
2010;Sant Martí Sesgueioles;total;homes;població;;190
2010;Sant Martí Sesgueioles;total;dones;població;;191
2010;Sant Martí Sesgueioles;total;total;població;;381
2010;Sant Martí Vell;total;homes;població;;141
2010;Sant Martí Vell;total;dones;població;;124
2010;Sant Martí Vell;total;total;població;;265
2010;Sant Mateu de Bages;total;homes;població;;349
2010;Sant Mateu de Bages;total;dones;població;;314
2010;Sant Mateu de Bages;total;total;població;;663
2010;Sant Miquel de Campmajor;total;homes;població;;126
2010;Sant Miquel de Campmajor;total;dones;població;;117
2010;Sant Miquel de Campmajor;total;total;població;;243
2010;Sant Miquel de Fluvià;total;homes;població;;396
2010;Sant Miquel de Fluvià;total;dones;població;;369
2010;Sant Miquel de Fluvià;total;total;població;;765
2010;Sant Mori;total;homes;població;;83
2010;Sant Mori;total;dones;població;;83
2010;Sant Mori;total;total;població;;166
2010;Sant Pau de Segúries;total;homes;població;;359
2010;Sant Pau de Segúries;total;dones;població;;351
2010;Sant Pau de Segúries;total;total;població;;710
2010;Sant Pere de Ribes;total;homes;població;;14385
2010;Sant Pere de Ribes;total;dones;població;;14014
2010;Sant Pere de Ribes;total;total;població;;28399
2010;Sant Pere de Riudebitlles;total;homes;població;;1199
2010;Sant Pere de Riudebitlles;total;dones;població;;1182
2010;Sant Pere de Riudebitlles;total;total;població;;2381
2010;Sant Pere de Torelló;total;homes;població;;1228
2010;Sant Pere de Torelló;total;dones;població;;1189
2010;Sant Pere de Torelló;total;total;població;;2417
2010;Sant Pere de Vilamajor;total;homes;població;;2078
2010;Sant Pere de Vilamajor;total;dones;població;;2069
2010;Sant Pere de Vilamajor;total;total;població;;4147
2010;Sant Pere Pescador;total;homes;població;;1091
2010;Sant Pere Pescador;total;dones;població;;942
2010;Sant Pere Pescador;total;total;població;;2033
2010;Sant Pere Sallavinera;total;homes;població;;88
2010;Sant Pere Sallavinera;total;dones;població;;80
2010;Sant Pere Sallavinera;total;total;població;;168
2010;Sant Pol de Mar;total;homes;població;;2563
2010;Sant Pol de Mar;total;dones;població;;2513
2010;Sant Pol de Mar;total;total;població;;5076
2010;Sant Quintí de Mediona;total;homes;població;;1123
2010;Sant Quintí de Mediona;total;dones;població;;1065
2010;Sant Quintí de Mediona;total;total;població;;2188
2010;Sant Quirze de Besora;total;homes;població;;1108
2010;Sant Quirze de Besora;total;dones;població;;1132
2010;Sant Quirze de Besora;total;total;població;;2240
2010;Sant Quirze del Vallès;total;homes;població;;9221
2010;Sant Quirze del Vallès;total;dones;població;;9481
2010;Sant Quirze del Vallès;total;total;població;;18702
2010;Sant Quirze Safaja;total;homes;població;;330
2010;Sant Quirze Safaja;total;dones;població;;310
2010;Sant Quirze Safaja;total;total;població;;640
2010;Sant Ramon;total;homes;població;;310
2010;Sant Ramon;total;dones;població;;259
2010;Sant Ramon;total;total;població;;569
2010;Sant Sadurní d'Anoia;total;homes;població;;6076
2010;Sant Sadurní d'Anoia;total;dones;població;;6247
2010;Sant Sadurní d'Anoia;total;total;població;;12323
2010;Sant Sadurní d'Osormort;total;homes;població;;52
2010;Sant Sadurní d'Osormort;total;dones;població;;42
2010;Sant Sadurní d'Osormort;total;total;població;;94
2010;Sant Salvador de Guardiola;total;homes;població;;1567
2010;Sant Salvador de Guardiola;total;dones;població;;1511
2010;Sant Salvador de Guardiola;total;total;població;;3078
2010;Sant Vicenç de Castellet;total;homes;població;;4318
2010;Sant Vicenç de Castellet;total;dones;població;;4370
2010;Sant Vicenç de Castellet;total;total;població;;8688
2010;Sant Vicenç de Montalt;total;homes;població;;2934
2010;Sant Vicenç de Montalt;total;dones;població;;2842
2010;Sant Vicenç de Montalt;total;total;població;;5776
2010;Sant Vicenç de Torelló;total;homes;població;;999
2010;Sant Vicenç de Torelló;total;dones;població;;1029
2010;Sant Vicenç de Torelló;total;total;població;;2028
2010;Sant Vicenç dels Horts;total;homes;població;;14071
2010;Sant Vicenç dels Horts;total;dones;població;;13953
2010;Sant Vicenç dels Horts;total;total;població;;28024
2010;Santa Bàrbara;total;homes;població;;2040
2010;Santa Bàrbara;total;dones;població;;1925
2010;Santa Bàrbara;total;total;població;;3965
2010;Santa Cecília de Voltregà;total;homes;població;;92
2010;Santa Cecília de Voltregà;total;dones;població;;91
2010;Santa Cecília de Voltregà;total;total;població;;183
2010;Santa Coloma de Cervelló;total;homes;població;;3872
2010;Santa Coloma de Cervelló;total;dones;població;;3973
2010;Santa Coloma de Cervelló;total;total;població;;7845
2010;Santa Coloma de Farners;total;homes;població;;6111
2010;Santa Coloma de Farners;total;dones;població;;5837
2010;Santa Coloma de Farners;total;total;població;;11948
2010;Santa Coloma de Gramenet;total;homes;població;;60779
2010;Santa Coloma de Gramenet;total;dones;població;;59281
2010;Santa Coloma de Gramenet;total;total;població;;120060
2010;Santa Coloma de Queralt;total;homes;població;;1595
2010;Santa Coloma de Queralt;total;dones;població;;1558
2010;Santa Coloma de Queralt;total;total;població;;3153
2010;Santa Cristina d'Aro;total;homes;població;;2603
2010;Santa Cristina d'Aro;total;dones;població;;2464
2010;Santa Cristina d'Aro;total;total;població;;5067
2010;Santa Eugènia de Berga;total;homes;població;;1174
2010;Santa Eugènia de Berga;total;dones;població;;1087
2010;Santa Eugènia de Berga;total;total;població;;2261
2010;Santa Eulàlia de Riuprimer;total;homes;població;;557
2010;Santa Eulàlia de Riuprimer;total;dones;població;;522
2010;Santa Eulàlia de Riuprimer;total;total;població;;1079
2010;Santa Eulàlia de Ronçana;total;homes;població;;3407
2010;Santa Eulàlia de Ronçana;total;dones;població;;3422
2010;Santa Eulàlia de Ronçana;total;total;població;;6829
2010;Santa Fe del Penedès;total;homes;població;;193
2010;Santa Fe del Penedès;total;dones;població;;191
2010;Santa Fe del Penedès;total;total;població;;384
2010;Santa Llogaia d'Àlguema;total;homes;població;;172
2010;Santa Llogaia d'Àlguema;total;dones;població;;153
2010;Santa Llogaia d'Àlguema;total;total;població;;325
2010;Santa Margarida de Montbui;total;homes;població;;4933
2010;Santa Margarida de Montbui;total;dones;població;;4878
2010;Santa Margarida de Montbui;total;total;població;;9811
2010;Santa Margarida i els Monjos;total;homes;població;;3553
2010;Santa Margarida i els Monjos;total;dones;població;;3380
2010;Santa Margarida i els Monjos;total;total;població;;6933
2010;Santa Maria d'Oló;total;homes;població;;549
2010;Santa Maria d'Oló;total;dones;població;;530
2010;Santa Maria d'Oló;total;total;població;;1079
2010;Santa Maria de Besora;total;homes;població;;84
2010;Santa Maria de Besora;total;dones;població;;84
2010;Santa Maria de Besora;total;total;població;;168
2010;Santa Maria de Martorelles;total;homes;població;;430
2010;Santa Maria de Martorelles;total;dones;població;;409
2010;Santa Maria de Martorelles;total;total;població;;839
2010;Santa Maria de Merlès;total;homes;població;;78
2010;Santa Maria de Merlès;total;dones;població;;84
2010;Santa Maria de Merlès;total;total;població;;162
2010;Santa Maria de Miralles;total;homes;població;;65
2010;Santa Maria de Miralles;total;dones;població;;68
2010;Santa Maria de Miralles;total;total;població;;133
2010;Santa Maria de Palautordera;total;homes;població;;4645
2010;Santa Maria de Palautordera;total;dones;població;;4395
2010;Santa Maria de Palautordera;total;total;població;;9040
2010;Santa Oliva;total;homes;població;;1730
2010;Santa Oliva;total;dones;població;;1597
2010;Santa Oliva;total;total;població;;3327
2010;Santa Pau;total;homes;població;;809
2010;Santa Pau;total;dones;població;;791
2010;Santa Pau;total;total;població;;1600
2010;Santa Perpètua de Mogoda;total;homes;població;;12958
2010;Santa Perpètua de Mogoda;total;dones;població;;12233
2010;Santa Perpètua de Mogoda;total;total;població;;25191
2010;Santa Susanna;total;homes;població;;1688
2010;Santa Susanna;total;dones;població;;1620
2010;Santa Susanna;total;total;població;;3308
2010;Santpedor;total;homes;població;;3535
2010;Santpedor;total;dones;població;;3536
2010;Santpedor;total;total;població;;7071
2010;Sarral;total;homes;població;;886
2010;Sarral;total;dones;població;;834
2010;Sarral;total;total;població;;1720
2010;Sarrià de Ter;total;homes;població;;2289
2010;Sarrià de Ter;total;dones;població;;2307
2010;Sarrià de Ter;total;total;població;;4596
2010;Sarroca de Bellera;total;homes;població;;79
2010;Sarroca de Bellera;total;dones;població;;57
2010;Sarroca de Bellera;total;total;població;;136
2010;Sarroca de Lleida;total;homes;població;;231
2010;Sarroca de Lleida;total;dones;població;;202
2010;Sarroca de Lleida;total;total;població;;433
2010;Saus, Camallera i Llampaies;total;homes;població;;369
2010;Saus, Camallera i Llampaies;total;dones;població;;396
2010;Saus, Camallera i Llampaies;total;total;població;;765
2010;Savallà del Comtat;total;homes;població;;35
2010;Savallà del Comtat;total;dones;població;;36
2010;Savallà del Comtat;total;total;població;;71
2010;Secuita, la;total;homes;població;;790
2010;Secuita, la;total;dones;població;;757
2010;Secuita, la;total;total;població;;1547
2010;Selva de Mar, la;total;homes;població;;115
2010;Selva de Mar, la;total;dones;població;;105
2010;Selva de Mar, la;total;total;població;;220
2010;Selva del Camp, la;total;homes;població;;2775
2010;Selva del Camp, la;total;dones;població;;2702
2010;Selva del Camp, la;total;total;població;;5477
2010;Senan;total;homes;població;;34
2010;Senan;total;dones;població;;22
2010;Senan;total;total;població;;56
2010;Sénia, la;total;homes;població;;3118
2010;Sénia, la;total;dones;població;;2969
2010;Sénia, la;total;total;població;;6087
2010;Senterada;total;homes;població;;77
2010;Senterada;total;dones;població;;65
2010;Senterada;total;total;població;;142
2010;Sentiu de Sió, la;total;homes;població;;249
2010;Sentiu de Sió, la;total;dones;població;;253
2010;Sentiu de Sió, la;total;total;població;;502
2010;Sentmenat;total;homes;població;;4112
2010;Sentmenat;total;dones;població;;4000
2010;Sentmenat;total;total;població;;8112
2010;Serinyà;total;homes;població;;557
2010;Serinyà;total;dones;població;;547
2010;Serinyà;total;total;població;;1104
2010;Seròs;total;homes;població;;1038
2010;Seròs;total;dones;població;;829
2010;Seròs;total;total;població;;1867
2010;Serra de Daró;total;homes;població;;114
2010;Serra de Daró;total;dones;població;;95
2010;Serra de Daró;total;total;població;;209
2010;Setcases;total;homes;població;;96
2010;Setcases;total;dones;població;;85
2010;Setcases;total;total;població;;181
2010;Seu d'Urgell, la;total;homes;població;;6432
2010;Seu d'Urgell, la;total;dones;població;;6628
2010;Seu d'Urgell, la;total;total;població;;13060
2010;Seva;total;homes;població;;1760
2010;Seva;total;dones;població;;1658
2010;Seva;total;total;població;;3418
2010;Sidamon;total;homes;població;;384
2010;Sidamon;total;dones;població;;374
2010;Sidamon;total;total;població;;758
2010;Sils;total;homes;població;;2725
2010;Sils;total;dones;població;;2631
2010;Sils;total;total;població;;5356
2010;Sitges;total;homes;població;;14066
2010;Sitges;total;dones;població;;14064
2010;Sitges;total;total;població;;28130
2010;Siurana;total;homes;població;;100
2010;Siurana;total;dones;població;;90
2010;Siurana;total;total;població;;190
2010;Sobremunt;total;homes;població;;46
2010;Sobremunt;total;dones;població;;49
2010;Sobremunt;total;total;població;;95
2010;Soleràs, el;total;homes;població;;201
2010;Soleràs, el;total;dones;població;;175
2010;Soleràs, el;total;total;població;;376
2010;Solivella;total;homes;població;;342
2010;Solivella;total;dones;població;;336
2010;Solivella;total;total;població;;678
2010;Solsona;total;homes;població;;4668
2010;Solsona;total;dones;població;;4551
2010;Solsona;total;total;població;;9219
2010;Sora;total;homes;població;;105
2010;Sora;total;dones;població;;85
2010;Sora;total;total;població;;190
2010;Soriguera;total;homes;població;;204
2010;Soriguera;total;dones;població;;173
2010;Soriguera;total;total;població;;377
2010;Sort;total;homes;població;;1211
2010;Sort;total;dones;població;;1176
2010;Sort;total;total;població;;2387
2010;Soses;total;homes;població;;926
2010;Soses;total;dones;població;;837
2010;Soses;total;total;població;;1763
2010;Subirats;total;homes;població;;1546
2010;Subirats;total;dones;població;;1530
2010;Subirats;total;total;població;;3076
2010;Sudanell;total;homes;població;;487
2010;Sudanell;total;dones;població;;391
2010;Sudanell;total;total;població;;878
2010;Sunyer;total;homes;població;;163
2010;Sunyer;total;dones;població;;144
2010;Sunyer;total;total;població;;307
2010;Súria;total;homes;població;;3118
2010;Súria;total;dones;població;;3241
2010;Súria;total;total;població;;6359
2010;Susqueda;total;homes;població;;68
2010;Susqueda;total;dones;població;;50
2010;Susqueda;total;total;població;;118
2010;Tagamanent;total;homes;població;;163
2010;Tagamanent;total;dones;població;;143
2010;Tagamanent;total;total;població;;306
2010;Talamanca;total;homes;població;;80
2010;Talamanca;total;dones;població;;63
2010;Talamanca;total;total;població;;143
2010;Talarn;total;homes;població;;190
2010;Talarn;total;dones;població;;205
2010;Talarn;total;total;població;;395
2010;Talavera;total;homes;població;;170
2010;Talavera;total;dones;població;;132
2010;Talavera;total;total;població;;302
2010;Tallada d'Empordà, la;total;homes;població;;227
2010;Tallada d'Empordà, la;total;dones;població;;208
2010;Tallada d'Empordà, la;total;total;població;;435
2010;Taradell;total;homes;població;;3086
2010;Taradell;total;dones;població;;3012
2010;Taradell;total;total;població;;6098
2010;Tarragona;total;homes;població;;69235
2010;Tarragona;total;dones;població;;70949
2010;Tarragona;total;total;població;;140184
2010;Tàrrega;total;homes;població;;8694
2010;Tàrrega;total;dones;població;;8495
2010;Tàrrega;total;total;població;;17189
2010;Tarrés;total;homes;població;;55
2010;Tarrés;total;dones;població;;54
2010;Tarrés;total;total;població;;109
2010;Tarroja de Segarra;total;homes;població;;87
2010;Tarroja de Segarra;total;dones;població;;82
2010;Tarroja de Segarra;total;total;població;;169
2010;Tavèrnoles;total;homes;població;;153
2010;Tavèrnoles;total;dones;població;;151
2010;Tavèrnoles;total;total;població;;304
2010;Tavertet;total;homes;població;;80
2010;Tavertet;total;dones;població;;68
2010;Tavertet;total;total;població;;148
2010;Teià;total;homes;població;;3028
2010;Teià;total;dones;població;;3053
2010;Teià;total;total;població;;6081
2010;Térmens;total;homes;població;;786
2010;Térmens;total;dones;població;;742
2010;Térmens;total;total;població;;1528
2010;Terrades;total;homes;població;;157
2010;Terrades;total;dones;població;;160
2010;Terrades;total;total;població;;317
2010;Terrassa;total;homes;població;;105690
2010;Terrassa;total;dones;població;;107034
2010;Terrassa;total;total;població;;212724
2010;Tiana;total;homes;població;;3788
2010;Tiana;total;dones;població;;3986
2010;Tiana;total;total;població;;7774
2010;Tírvia;total;homes;població;;83
2010;Tírvia;total;dones;població;;76
2010;Tírvia;total;total;població;;159
2010;Tiurana;total;homes;població;;39
2010;Tiurana;total;dones;població;;42
2010;Tiurana;total;total;població;;81
2010;Tivenys;total;homes;població;;473
2010;Tivenys;total;dones;població;;452
2010;Tivenys;total;total;població;;925
2010;Tivissa;total;homes;població;;925
2010;Tivissa;total;dones;població;;887
2010;Tivissa;total;total;població;;1812
2010;Tona;total;homes;població;;4001
2010;Tona;total;dones;població;;3983
2010;Tona;total;total;població;;7984
2010;Torà;total;homes;població;;698
2010;Torà;total;dones;població;;669
2010;Torà;total;total;població;;1367
2010;Tordera;total;homes;població;;8022
2010;Tordera;total;dones;població;;7619
2010;Tordera;total;total;població;;15641
2010;Torelló;total;homes;població;;6913
2010;Torelló;total;dones;població;;7031
2010;Torelló;total;total;població;;13944
2010;Torms, els;total;homes;població;;94
2010;Torms, els;total;dones;població;;77
2010;Torms, els;total;total;població;;171
2010;Tornabous;total;homes;població;;461
2010;Tornabous;total;dones;població;;402
2010;Tornabous;total;total;població;;863
2010;Torre de Cabdella, la;total;homes;població;;401
2010;Torre de Cabdella, la;total;dones;població;;390
2010;Torre de Cabdella, la;total;total;població;;791
2010;Torre de Claramunt, la;total;homes;població;;1961
2010;Torre de Claramunt, la;total;dones;població;;1796
2010;Torre de Claramunt, la;total;total;població;;3757
2010;Torre de Fontaubella, la;total;homes;població;;74
2010;Torre de Fontaubella, la;total;dones;població;;73
2010;Torre de Fontaubella, la;total;total;població;;147
2010;Torre de l'Espanyol, la;total;homes;població;;350
2010;Torre de l'Espanyol, la;total;dones;població;;329
2010;Torre de l'Espanyol, la;total;total;població;;679
2010;Torrebesses;total;homes;població;;156
2010;Torrebesses;total;dones;població;;143
2010;Torrebesses;total;total;població;;299
2010;Torredembarra;total;homes;població;;7692
2010;Torredembarra;total;dones;població;;7714
2010;Torredembarra;total;total;població;;15406
2010;Torrefarrera;total;homes;població;;2100
2010;Torrefarrera;total;dones;població;;2051
2010;Torrefarrera;total;total;població;;4151
2010;Torrefeta i Florejacs;total;homes;població;;319
2010;Torrefeta i Florejacs;total;dones;població;;298
2010;Torrefeta i Florejacs;total;total;població;;617
2010;Torregrossa;total;homes;població;;1144
2010;Torregrossa;total;dones;població;;1107
2010;Torregrossa;total;total;població;;2251
2010;Torrelameu;total;homes;població;;393
2010;Torrelameu;total;dones;població;;297
2010;Torrelameu;total;total;població;;690
2010;Torrelavit;total;homes;població;;749
2010;Torrelavit;total;dones;població;;634
2010;Torrelavit;total;total;població;;1383
2010;Torrelles de Foix;total;homes;població;;1331
2010;Torrelles de Foix;total;dones;població;;1214
2010;Torrelles de Foix;total;total;població;;2545
2010;Torrelles de Llobregat;total;homes;població;;2762
2010;Torrelles de Llobregat;total;dones;població;;2764
2010;Torrelles de Llobregat;total;total;població;;5526
2010;Torrent;total;homes;població;;98
2010;Torrent;total;dones;població;;92
2010;Torrent;total;total;població;;190
2010;Torres de Segre;total;homes;població;;1078
2010;Torres de Segre;total;dones;població;;1002
2010;Torres de Segre;total;total;població;;2080
2010;Torre-serona;total;homes;població;;180
2010;Torre-serona;total;dones;població;;170
2010;Torre-serona;total;total;població;;350
2010;Torroella de Fluvià;total;homes;població;;349
2010;Torroella de Fluvià;total;dones;població;;337
2010;Torroella de Fluvià;total;total;població;;686
2010;Torroella de Montgrí;total;homes;població;;5857
2010;Torroella de Montgrí;total;dones;població;;5665
2010;Torroella de Montgrí;total;total;població;;11522
2010;Torroja del Priorat;total;homes;població;;93
2010;Torroja del Priorat;total;dones;població;;72
2010;Torroja del Priorat;total;total;població;;165
2010;Tortellà;total;homes;població;;387
2010;Tortellà;total;dones;població;;384
2010;Tortellà;total;total;població;;771
2010;Tortosa;total;homes;població;;17344
2010;Tortosa;total;dones;població;;17129
2010;Tortosa;total;total;població;;34473
2010;Toses;total;homes;població;;96
2010;Toses;total;dones;població;;59
2010;Toses;total;total;població;;155
2010;Tossa de Mar;total;homes;població;;3064
2010;Tossa de Mar;total;dones;població;;2912
2010;Tossa de Mar;total;total;població;;5976
2010;Tremp;total;homes;població;;3161
2010;Tremp;total;dones;població;;3207
2010;Tremp;total;total;població;;6368
2010;Ullà;total;homes;població;;571
2010;Ullà;total;dones;població;;448
2010;Ullà;total;total;població;;1019
2010;Ullastrell;total;homes;població;;968
2010;Ullastrell;total;dones;població;;924
2010;Ullastrell;total;total;població;;1892
2010;Ullastret;total;homes;població;;125
2010;Ullastret;total;dones;població;;125
2010;Ullastret;total;total;població;;250
2010;Ulldecona;total;homes;població;;3788
2010;Ulldecona;total;dones;població;;3547
2010;Ulldecona;total;total;població;;7335
2010;Ulldemolins;total;homes;població;;265
2010;Ulldemolins;total;dones;població;;205
2010;Ulldemolins;total;total;població;;470
2010;Ultramort;total;homes;població;;118
2010;Ultramort;total;dones;població;;95
2010;Ultramort;total;total;població;;213
2010;Urús;total;homes;població;;105
2010;Urús;total;dones;població;;103
2010;Urús;total;total;població;;208
2010;Vacarisses;total;homes;població;;3112
2010;Vacarisses;total;dones;població;;2905
2010;Vacarisses;total;total;població;;6017
2010;Vajol, la;total;homes;població;;59
2010;Vajol, la;total;dones;població;;39
2010;Vajol, la;total;total;població;;98
2010;Vall d'en Bas, la;total;homes;població;;1422
2010;Vall d'en Bas, la;total;dones;població;;1411
2010;Vall d'en Bas, la;total;total;població;;2833
2010;Vall de Bianya, la;total;homes;població;;667
2010;Vall de Bianya, la;total;dones;població;;653
2010;Vall de Bianya, la;total;total;població;;1320
2010;Vall de Boí, la;total;homes;població;;584
2010;Vall de Boí, la;total;dones;població;;492
2010;Vall de Boí, la;total;total;població;;1076
2010;Vall de Cardós;total;homes;població;;223
2010;Vall de Cardós;total;dones;població;;199
2010;Vall de Cardós;total;total;població;;422
2010;Vallbona d'Anoia;total;homes;població;;731
2010;Vallbona d'Anoia;total;dones;població;;692
2010;Vallbona d'Anoia;total;total;població;;1423
2010;Vallbona de les Monges;total;homes;població;;134
2010;Vallbona de les Monges;total;dones;població;;117
2010;Vallbona de les Monges;total;total;població;;251
2010;Vallcebre;total;homes;població;;156
2010;Vallcebre;total;dones;població;;112
2010;Vallcebre;total;total;població;;268
2010;Vallclara;total;homes;població;;66
2010;Vallclara;total;dones;població;;51
2010;Vallclara;total;total;població;;117
2010;Vallfogona de Balaguer;total;homes;població;;893
2010;Vallfogona de Balaguer;total;dones;població;;895
2010;Vallfogona de Balaguer;total;total;població;;1788
2010;Vallfogona de Ripollès;total;homes;població;;130
2010;Vallfogona de Ripollès;total;dones;població;;104
2010;Vallfogona de Ripollès;total;total;població;;234
2010;Vallfogona de Riucorb;total;homes;població;;66
2010;Vallfogona de Riucorb;total;dones;població;;48
2010;Vallfogona de Riucorb;total;total;població;;114
2010;Vallgorguina;total;homes;població;;1332
2010;Vallgorguina;total;dones;població;;1259
2010;Vallgorguina;total;total;població;;2591
2010;Vallirana;total;homes;població;;7097
2010;Vallirana;total;dones;població;;7103
2010;Vallirana;total;total;població;;14200
2010;Vall-llobrega;total;homes;població;;443
2010;Vall-llobrega;total;dones;població;;423
2010;Vall-llobrega;total;total;població;;866
2010;Vallmoll;total;homes;població;;853
2010;Vallmoll;total;dones;població;;784
2010;Vallmoll;total;total;població;;1637
2010;Vallromanes;total;homes;població;;1200
2010;Vallromanes;total;dones;població;;1167
2010;Vallromanes;total;total;població;;2367
2010;Valls;total;homes;població;;12693
2010;Valls;total;dones;població;;12465
2010;Valls;total;total;població;;25158
2010;Valls d'Aguilar, les;total;homes;població;;169
2010;Valls d'Aguilar, les;total;dones;població;;135
2010;Valls d'Aguilar, les;total;total;població;;304
2010;Valls de Valira, les;total;homes;població;;444
2010;Valls de Valira, les;total;dones;població;;382
2010;Valls de Valira, les;total;total;població;;826
2010;Vandellòs i l'Hospitalet de l'Infant;total;homes;població;;2891
2010;Vandellòs i l'Hospitalet de l'Infant;total;dones;població;;2948
2010;Vandellòs i l'Hospitalet de l'Infant;total;total;població;;5839
2010;Vansa i Fórnols, la;total;homes;població;;121
2010;Vansa i Fórnols, la;total;dones;població;;98
2010;Vansa i Fórnols, la;total;total;població;;219
2010;Veciana;total;homes;població;;94
2010;Veciana;total;dones;població;;79
2010;Veciana;total;total;població;;173
2010;Vendrell, el;total;homes;població;;18116
2010;Vendrell, el;total;dones;població;;17952
2010;Vendrell, el;total;total;població;;36068
2010;Ventalló;total;homes;població;;412
2010;Ventalló;total;dones;població;;380
2010;Ventalló;total;total;població;;792
2010;Verdú;total;homes;població;;482
2010;Verdú;total;dones;població;;523
2010;Verdú;total;total;població;;1005
2010;Verges;total;homes;població;;574
2010;Verges;total;dones;població;;592
2010;Verges;total;total;població;;1166
2010;Vespella de Gaià;total;homes;població;;236
2010;Vespella de Gaià;total;dones;població;;182
2010;Vespella de Gaià;total;total;població;;418
2010;Vic;total;homes;població;;20134
2010;Vic;total;dones;població;;20288
2010;Vic;total;total;població;;40422
2010;Vidrà;total;homes;població;;88
2010;Vidrà;total;dones;població;;80
2010;Vidrà;total;total;població;;168
2010;Vidreres;total;homes;població;;3941
2010;Vidreres;total;dones;població;;3688
2010;Vidreres;total;total;població;;7629
2010;Vielha e Mijaran;total;homes;població;;2942
2010;Vielha e Mijaran;total;dones;població;;2694
2010;Vielha e Mijaran;total;total;població;;5636
2010;Vilabella;total;homes;població;;426
2010;Vilabella;total;dones;població;;398
2010;Vilabella;total;total;població;;824
2010;Vilabertran;total;homes;població;;480
2010;Vilabertran;total;dones;població;;427
2010;Vilabertran;total;total;població;;907
2010;Vilablareix;total;homes;població;;1133
2010;Vilablareix;total;dones;població;;1164
2010;Vilablareix;total;total;població;;2297
2010;Vilada;total;homes;població;;261
2010;Vilada;total;dones;població;;255
2010;Vilada;total;total;població;;516
2010;Viladamat;total;homes;població;;240
2010;Viladamat;total;dones;població;;218
2010;Viladamat;total;total;població;;458
2010;Viladasens;total;homes;població;;111
2010;Viladasens;total;dones;població;;105
2010;Viladasens;total;total;població;;216
2010;Viladecans;total;homes;població;;32104
2010;Viladecans;total;dones;població;;31973
2010;Viladecans;total;total;població;;64077
2010;Viladecavalls;total;homes;població;;3641
2010;Viladecavalls;total;dones;població;;3682
2010;Viladecavalls;total;total;població;;7323
2010;Vilademuls;total;homes;població;;401
2010;Vilademuls;total;dones;població;;365
2010;Vilademuls;total;total;població;;766
2010;Viladrau;total;homes;població;;562
2010;Viladrau;total;dones;població;;536
2010;Viladrau;total;total;població;;1098
2010;Vilafant;total;homes;població;;2687
2010;Vilafant;total;dones;població;;2742
2010;Vilafant;total;total;població;;5429
2010;Vilafranca del Penedès;total;homes;població;;18941
2010;Vilafranca del Penedès;total;dones;població;;19277
2010;Vilafranca del Penedès;total;total;població;;38218
2010;Vilagrassa;total;homes;població;;233
2010;Vilagrassa;total;dones;població;;225
2010;Vilagrassa;total;total;població;;458
2010;Vilajuïga;total;homes;població;;565
2010;Vilajuïga;total;dones;població;;590
2010;Vilajuïga;total;total;població;;1155
2010;Vilalba dels Arcs;total;homes;població;;379
2010;Vilalba dels Arcs;total;dones;població;;342
2010;Vilalba dels Arcs;total;total;població;;721
2010;Vilalba Sasserra;total;homes;població;;354
2010;Vilalba Sasserra;total;dones;població;;335
2010;Vilalba Sasserra;total;total;població;;689
2010;Vilaller;total;homes;població;;405
2010;Vilaller;total;dones;població;;291
2010;Vilaller;total;total;població;;696
2010;Vilallonga de Ter;total;homes;població;;259
2010;Vilallonga de Ter;total;dones;població;;218
2010;Vilallonga de Ter;total;total;població;;477
2010;Vilallonga del Camp;total;homes;població;;1023
2010;Vilallonga del Camp;total;dones;població;;977
2010;Vilallonga del Camp;total;total;població;;2000
2010;Vilamacolum;total;homes;població;;177
2010;Vilamacolum;total;dones;població;;151
2010;Vilamacolum;total;total;població;;328
2010;Vilamalla;total;homes;població;;585
2010;Vilamalla;total;dones;població;;515
2010;Vilamalla;total;total;població;;1100
2010;Vilamaniscle;total;homes;població;;99
2010;Vilamaniscle;total;dones;població;;82
2010;Vilamaniscle;total;total;població;;181
2010;Vilamòs;total;homes;població;;108
2010;Vilamòs;total;dones;població;;94
2010;Vilamòs;total;total;població;;202
2010;Vilanant;total;homes;població;;177
2010;Vilanant;total;dones;població;;186
2010;Vilanant;total;total;població;;363
2010;Vilanova d'Escornalbou;total;homes;població;;322
2010;Vilanova d'Escornalbou;total;dones;població;;251
2010;Vilanova d'Escornalbou;total;total;població;;573
2010;Vilanova de Bellpuig;total;homes;població;;623
2010;Vilanova de Bellpuig;total;dones;població;;571
2010;Vilanova de Bellpuig;total;total;població;;1194
2010;Vilanova de l'Aguda;total;homes;població;;117
2010;Vilanova de l'Aguda;total;dones;població;;118
2010;Vilanova de l'Aguda;total;total;població;;235
2010;Vilanova de la Barca;total;homes;població;;636
2010;Vilanova de la Barca;total;dones;població;;599
2010;Vilanova de la Barca;total;total;població;;1235
2010;Vilanova de Meià;total;homes;població;;218
2010;Vilanova de Meià;total;dones;població;;202
2010;Vilanova de Meià;total;total;població;;420
2010;Vilanova de Prades;total;homes;població;;74
2010;Vilanova de Prades;total;dones;població;;69
2010;Vilanova de Prades;total;total;població;;143
2010;Vilanova de Sau;total;homes;població;;160
2010;Vilanova de Sau;total;dones;població;;170
2010;Vilanova de Sau;total;total;població;;330
2010;Vilanova de Segrià;total;homes;població;;454
2010;Vilanova de Segrià;total;dones;població;;408
2010;Vilanova de Segrià;total;total;població;;862
2010;Vilanova del Camí;total;homes;població;;6387
2010;Vilanova del Camí;total;dones;població;;6257
2010;Vilanova del Camí;total;total;població;;12644
2010;Vilanova del Vallès;total;homes;població;;2460
2010;Vilanova del Vallès;total;dones;població;;2337
2010;Vilanova del Vallès;total;total;població;;4797
2010;Vilanova i la Geltrú;total;homes;població;;32739
2010;Vilanova i la Geltrú;total;dones;població;;33793
2010;Vilanova i la Geltrú;total;total;població;;66532
2010;Vilaplana;total;homes;població;;317
2010;Vilaplana;total;dones;població;;314
2010;Vilaplana;total;total;població;;631
2010;Vila-rodona;total;homes;població;;661
2010;Vila-rodona;total;dones;població;;615
2010;Vila-rodona;total;total;població;;1276
2010;Vila-sacra;total;homes;població;;301
2010;Vila-sacra;total;dones;població;;326
2010;Vila-sacra;total;total;població;;627
2010;Vila-sana;total;homes;població;;343
2010;Vila-sana;total;dones;població;;345
2010;Vila-sana;total;total;població;;688
2010;Vila-seca;total;homes;població;;10965
2010;Vila-seca;total;dones;població;;10408
2010;Vila-seca;total;total;població;;21373
2010;Vilassar de Dalt;total;homes;població;;4302
2010;Vilassar de Dalt;total;dones;població;;4444
2010;Vilassar de Dalt;total;total;població;;8746
2010;Vilassar de Mar;total;homes;població;;9421
2010;Vilassar de Mar;total;dones;població;;10153
2010;Vilassar de Mar;total;total;població;;19574
2010;Vilaür;total;homes;població;;71
2010;Vilaür;total;dones;població;;75
2010;Vilaür;total;total;població;;146
2010;Vilaverd;total;homes;població;;245
2010;Vilaverd;total;dones;població;;258
2010;Vilaverd;total;total;població;;503
2010;Vilella Alta, la;total;homes;població;;71
2010;Vilella Alta, la;total;dones;població;;65
2010;Vilella Alta, la;total;total;població;;136
2010;Vilella Baixa, la;total;homes;població;;115
2010;Vilella Baixa, la;total;dones;població;;98
2010;Vilella Baixa, la;total;total;població;;213
2010;Vilobí d'Onyar;total;homes;població;;1596
2010;Vilobí d'Onyar;total;dones;població;;1436
2010;Vilobí d'Onyar;total;total;població;;3032
2010;Vilobí del Penedès;total;homes;població;;586
2010;Vilobí del Penedès;total;dones;població;;543
2010;Vilobí del Penedès;total;total;població;;1129
2010;Vilopriu;total;homes;població;;112
2010;Vilopriu;total;dones;població;;96
2010;Vilopriu;total;total;població;;208
2010;Vilosell, el;total;homes;població;;102
2010;Vilosell, el;total;dones;població;;98
2010;Vilosell, el;total;total;població;;200
2010;Vimbodí i Poblet;total;homes;població;;584
2010;Vimbodí i Poblet;total;dones;població;;454
2010;Vimbodí i Poblet;total;total;població;;1038
2010;Vinaixa;total;homes;població;;310
2010;Vinaixa;total;dones;població;;299
2010;Vinaixa;total;total;població;;609
2010;Vinebre;total;homes;població;;233
2010;Vinebre;total;dones;població;;226
2010;Vinebre;total;total;població;;459
2010;Vinyols i els Arcs;total;homes;població;;971
2010;Vinyols i els Arcs;total;dones;població;;916
2010;Vinyols i els Arcs;total;total;població;;1887
2010;Viver i Serrateix;total;homes;població;;98
2010;Viver i Serrateix;total;dones;població;;90
2010;Viver i Serrateix;total;total;població;;188
2010;Xerta;total;homes;població;;643
2010;Xerta;total;dones;població;;661
2010;Xerta;total;total;població;;1304
2010;Catalunya;total;homes;població;;3724515
2010;Catalunya;total;dones;població;;3787866
2010;Catalunya;total;total;població;;7512381
