any;municipi;edat any a any;sexe;concepte;estat;valor
2004;Abella de la Conca;total;homes;població;;104
2004;Abella de la Conca;total;dones;població;;83
2004;Abella de la Conca;total;total;població;;187
2004;Abrera;total;homes;població;;4890
2004;Abrera;total;dones;població;;4532
2004;Abrera;total;total;població;;9422
2004;Àger;total;homes;població;;269
2004;Àger;total;dones;població;;233
2004;Àger;total;total;població;;502
2004;Agramunt;total;homes;població;;2715
2004;Agramunt;total;dones;població;;2497
2004;Agramunt;total;total;població;;5212
2004;Aguilar de Segarra;total;homes;població;;122
2004;Aguilar de Segarra;total;dones;població;;108
2004;Aguilar de Segarra;total;total;població;;230
2004;Agullana;total;homes;població;;382
2004;Agullana;total;dones;població;;364
2004;Agullana;total;total;població;;746
2004;Aiguafreda;total;homes;població;;1078
2004;Aiguafreda;total;dones;població;;1163
2004;Aiguafreda;total;total;població;;2241
2004;Aiguamúrcia;total;homes;població;;373
2004;Aiguamúrcia;total;dones;població;;317
2004;Aiguamúrcia;total;total;població;;690
2004;Aiguaviva;total;homes;població;;301
2004;Aiguaviva;total;dones;població;;292
2004;Aiguaviva;total;total;població;;593
2004;Aitona;total;homes;població;;1155
2004;Aitona;total;dones;població;;1093
2004;Aitona;total;total;població;;2248
2004;Alamús, els;total;homes;població;;374
2004;Alamús, els;total;dones;població;;350
2004;Alamús, els;total;total;població;;724
2004;Alàs i Cerc;total;homes;població;;221
2004;Alàs i Cerc;total;dones;població;;182
2004;Alàs i Cerc;total;total;població;;403
2004;Albagés, l';total;homes;població;;264
2004;Albagés, l';total;dones;població;;238
2004;Albagés, l';total;total;població;;502
2004;Albanyà;total;homes;població;;71
2004;Albanyà;total;dones;població;;64
2004;Albanyà;total;total;població;;135
2004;Albatàrrec;total;homes;població;;731
2004;Albatàrrec;total;dones;població;;662
2004;Albatàrrec;total;total;població;;1393
2004;Albesa;total;homes;població;;776
2004;Albesa;total;dones;població;;755
2004;Albesa;total;total;població;;1531
2004;Albi, l';total;homes;població;;431
2004;Albi, l';total;dones;població;;405
2004;Albi, l';total;total;població;;836
2004;Albinyana;total;homes;població;;986
2004;Albinyana;total;dones;població;;940
2004;Albinyana;total;total;població;;1926
2004;Albiol, l';total;homes;població;;148
2004;Albiol, l';total;dones;població;;140
2004;Albiol, l';total;total;població;;288
2004;Albons;total;homes;població;;304
2004;Albons;total;dones;població;;270
2004;Albons;total;total;població;;574
2004;Alcanar;total;homes;població;;4518
2004;Alcanar;total;dones;població;;4350
2004;Alcanar;total;total;població;;8868
2004;Alcanó;total;homes;població;;128
2004;Alcanó;total;dones;població;;126
2004;Alcanó;total;total;població;;254
2004;Alcarràs;total;homes;població;;2515
2004;Alcarràs;total;dones;població;;2512
2004;Alcarràs;total;total;població;;5027
2004;Alcoletge;total;homes;població;;1043
2004;Alcoletge;total;dones;població;;930
2004;Alcoletge;total;total;població;;1973
2004;Alcover;total;homes;població;;2206
2004;Alcover;total;dones;població;;2109
2004;Alcover;total;total;població;;4315
2004;Aldea, l';total;homes;població;;1775
2004;Aldea, l';total;dones;població;;1698
2004;Aldea, l';total;total;població;;3473
2004;Aldover;total;homes;població;;396
2004;Aldover;total;dones;població;;426
2004;Aldover;total;total;població;;822
2004;Aleixar, l';total;homes;població;;380
2004;Aleixar, l';total;dones;població;;375
2004;Aleixar, l';total;total;població;;755
2004;Alella;total;homes;població;;4371
2004;Alella;total;dones;població;;4460
2004;Alella;total;total;població;;8831
2004;Alfara de Carles;total;homes;població;;201
2004;Alfara de Carles;total;dones;població;;184
2004;Alfara de Carles;total;total;població;;385
2004;Alfarràs;total;homes;població;;1598
2004;Alfarràs;total;dones;població;;1539
2004;Alfarràs;total;total;població;;3137
2004;Alfés;total;homes;població;;168
2004;Alfés;total;dones;població;;149
2004;Alfés;total;total;població;;317
2004;Alforja;total;homes;població;;751
2004;Alforja;total;dones;població;;695
2004;Alforja;total;total;població;;1446
2004;Algerri;total;homes;població;;249
2004;Algerri;total;dones;població;;246
2004;Algerri;total;total;població;;495
2004;Alguaire;total;homes;població;;1514
2004;Alguaire;total;dones;població;;1414
2004;Alguaire;total;total;població;;2928
2004;Alins;total;homes;població;;130
2004;Alins;total;dones;població;;126
2004;Alins;total;total;població;;256
2004;Alió;total;homes;població;;195
2004;Alió;total;dones;població;;196
2004;Alió;total;total;població;;391
2004;Almacelles;total;homes;població;;2980
2004;Almacelles;total;dones;població;;2839
2004;Almacelles;total;total;població;;5819
2004;Almatret;total;homes;població;;233
2004;Almatret;total;dones;població;;219
2004;Almatret;total;total;població;;452
2004;Almenar;total;homes;població;;1821
2004;Almenar;total;dones;població;;1694
2004;Almenar;total;total;població;;3515
2004;Almoster;total;homes;població;;541
2004;Almoster;total;dones;població;;509
2004;Almoster;total;total;població;;1050
2004;Alòs de Balaguer;total;homes;població;;98
2004;Alòs de Balaguer;total;dones;població;;68
2004;Alòs de Balaguer;total;total;població;;166
2004;Alp;total;homes;població;;691
2004;Alp;total;dones;població;;624
2004;Alp;total;total;població;;1315
2004;Alpens;total;homes;població;;156
2004;Alpens;total;dones;població;;134
2004;Alpens;total;total;població;;290
2004;Alpicat;total;homes;població;;2445
2004;Alpicat;total;dones;població;;2407
2004;Alpicat;total;total;població;;4852
2004;Alt Àneu;total;homes;població;;245
2004;Alt Àneu;total;dones;població;;182
2004;Alt Àneu;total;total;població;;427
2004;Altafulla;total;homes;població;;1949
2004;Altafulla;total;dones;població;;1879
2004;Altafulla;total;total;població;;3828
2004;Amer;total;homes;població;;1077
2004;Amer;total;dones;població;;1107
2004;Amer;total;total;població;;2184
2004;Ametlla de Mar, l';total;homes;població;;3148
2004;Ametlla de Mar, l';total;dones;població;;2884
2004;Ametlla de Mar, l';total;total;població;;6032
2004;Ametlla del Vallès, l';total;homes;població;;3558
2004;Ametlla del Vallès, l';total;dones;població;;3553
2004;Ametlla del Vallès, l';total;total;població;;7111
2004;Ampolla, l';total;homes;població;;1144
2004;Ampolla, l';total;dones;població;;1150
2004;Ampolla, l';total;total;població;;2294
2004;Amposta;total;homes;població;;9152
2004;Amposta;total;dones;població;;9086
2004;Amposta;total;total;població;;18238
2004;Anglès;total;homes;població;;2625
2004;Anglès;total;dones;població;;2471
2004;Anglès;total;total;població;;5096
2004;Anglesola;total;homes;població;;653
2004;Anglesola;total;dones;població;;640
2004;Anglesola;total;total;població;;1293
2004;Arbeca;total;homes;població;;1074
2004;Arbeca;total;dones;població;;1085
2004;Arbeca;total;total;població;;2159
2004;Arboç, l';total;homes;població;;2211
2004;Arboç, l';total;dones;població;;1953
2004;Arboç, l';total;total;població;;4164
2004;Arbolí;total;homes;població;;63
2004;Arbolí;total;dones;població;;53
2004;Arbolí;total;total;població;;116
2004;Arbúcies;total;homes;població;;3056
2004;Arbúcies;total;dones;població;;2719
2004;Arbúcies;total;total;població;;5775
2004;Arenys de Mar;total;homes;població;;6544
2004;Arenys de Mar;total;dones;població;;6884
2004;Arenys de Mar;total;total;població;;13428
2004;Arenys de Munt;total;homes;població;;3622
2004;Arenys de Munt;total;dones;població;;3568
2004;Arenys de Munt;total;total;població;;7190
2004;Argelaguer;total;homes;població;;204
2004;Argelaguer;total;dones;població;;181
2004;Argelaguer;total;total;població;;385
2004;Argençola;total;homes;població;;118
2004;Argençola;total;dones;població;;91
2004;Argençola;total;total;població;;209
2004;Argentera, l';total;homes;població;;91
2004;Argentera, l';total;dones;població;;68
2004;Argentera, l';total;total;població;;159
2004;Argentona;total;homes;població;;5143
2004;Argentona;total;dones;població;;5260
2004;Argentona;total;total;població;;10403
2004;Armentera, l';total;homes;població;;364
2004;Armentera, l';total;dones;població;;374
2004;Armentera, l';total;total;població;;738
2004;Arnes;total;homes;població;;261
2004;Arnes;total;dones;població;;250
2004;Arnes;total;total;població;;511
2004;Arres;total;homes;població;;40
2004;Arres;total;dones;població;;27
2004;Arres;total;total;població;;67
2004;Arsèguel;total;homes;població;;45
2004;Arsèguel;total;dones;població;;44
2004;Arsèguel;total;total;població;;89
2004;Artés;total;homes;població;;2435
2004;Artés;total;dones;població;;2395
2004;Artés;total;total;població;;4830
2004;Artesa de Lleida;total;homes;població;;715
2004;Artesa de Lleida;total;dones;població;;664
2004;Artesa de Lleida;total;total;població;;1379
2004;Artesa de Segre;total;homes;població;;1852
2004;Artesa de Segre;total;dones;població;;1688
2004;Artesa de Segre;total;total;població;;3540
2004;Ascó;total;homes;població;;827
2004;Ascó;total;dones;població;;802
2004;Ascó;total;total;població;;1629
2004;Aspa;total;homes;població;;133
2004;Aspa;total;dones;població;;138
2004;Aspa;total;total;població;;271
2004;Avellanes i Santa Linya, les;total;homes;població;;266
2004;Avellanes i Santa Linya, les;total;dones;població;;210
2004;Avellanes i Santa Linya, les;total;total;població;;476
2004;Avià;total;homes;població;;982
2004;Avià;total;dones;població;;974
2004;Avià;total;total;població;;1956
2004;Avinyó;total;homes;població;;1037
2004;Avinyó;total;dones;població;;1036
2004;Avinyó;total;total;població;;2073
2004;Avinyonet de Puigventós;total;homes;població;;495
2004;Avinyonet de Puigventós;total;dones;població;;488
2004;Avinyonet de Puigventós;total;total;població;;983
2004;Avinyonet del Penedès;total;homes;població;;760
2004;Avinyonet del Penedès;total;dones;població;;654
2004;Avinyonet del Penedès;total;total;població;;1414
2004;Badalona;total;homes;població;;107327
2004;Badalona;total;dones;població;;107547
2004;Badalona;total;total;població;;214874
2004;Badia del Vallès;total;homes;població;;7124
2004;Badia del Vallès;total;dones;població;;7189
2004;Badia del Vallès;total;total;població;;14313
2004;Bagà;total;homes;població;;1032
2004;Bagà;total;dones;població;;1090
2004;Bagà;total;total;població;;2122
2004;Baix Pallars;total;homes;població;;213
2004;Baix Pallars;total;dones;població;;159
2004;Baix Pallars;total;total;població;;372
2004;Balaguer;total;homes;població;;7223
2004;Balaguer;total;dones;població;;7317
2004;Balaguer;total;total;població;;14540
2004;Balenyà;total;homes;població;;1700
2004;Balenyà;total;dones;població;;1713
2004;Balenyà;total;total;població;;3413
2004;Balsareny;total;homes;població;;1607
2004;Balsareny;total;dones;població;;1634
2004;Balsareny;total;total;població;;3241
2004;Banyeres del Penedès;total;homes;població;;1067
2004;Banyeres del Penedès;total;dones;població;;936
2004;Banyeres del Penedès;total;total;població;;2003
2004;Banyoles;total;homes;població;;8175
2004;Banyoles;total;dones;població;;8248
2004;Banyoles;total;total;població;;16423
2004;Barbens;total;homes;població;;432
2004;Barbens;total;dones;població;;386
2004;Barbens;total;total;població;;818
2004;Barberà de la Conca;total;homes;població;;234
2004;Barberà de la Conca;total;dones;població;;212
2004;Barberà de la Conca;total;total;població;;446
2004;Barberà del Vallès;total;homes;població;;13624
2004;Barberà del Vallès;total;dones;població;;13578
2004;Barberà del Vallès;total;total;població;;27202
2004;Barcelona;total;homes;població;;746045
2004;Barcelona;total;dones;població;;832501
2004;Barcelona;total;total;població;;1578546
2004;Baronia de Rialb, la;total;homes;població;;149
2004;Baronia de Rialb, la;total;dones;població;;130
2004;Baronia de Rialb, la;total;total;població;;279
2004;Bàscara;total;homes;població;;454
2004;Bàscara;total;dones;població;;416
2004;Bàscara;total;total;població;;870
2004;Bassella;total;homes;població;;137
2004;Bassella;total;dones;població;;126
2004;Bassella;total;total;població;;263
2004;Batea;total;homes;població;;1051
2004;Batea;total;dones;població;;1022
2004;Batea;total;total;població;;2073
2004;Bausen;total;homes;població;;31
2004;Bausen;total;dones;població;;20
2004;Bausen;total;total;població;;51
2004;Begues;total;homes;població;;2644
2004;Begues;total;dones;població;;2640
2004;Begues;total;total;població;;5284
2004;Begur;total;homes;població;;1986
2004;Begur;total;dones;població;;1875
2004;Begur;total;total;població;;3861
2004;Belianes;total;homes;població;;309
2004;Belianes;total;dones;població;;299
2004;Belianes;total;total;població;;608
2004;Bellaguarda;total;homes;població;;176
2004;Bellaguarda;total;dones;població;;172
2004;Bellaguarda;total;total;població;;348
2004;Bellcaire d'Empordà;total;homes;població;;338
2004;Bellcaire d'Empordà;total;dones;població;;307
2004;Bellcaire d'Empordà;total;total;població;;645
2004;Bellcaire d'Urgell;total;homes;població;;580
2004;Bellcaire d'Urgell;total;dones;població;;638
2004;Bellcaire d'Urgell;total;total;població;;1218
2004;Bell-lloc d'Urgell;total;homes;població;;1045
2004;Bell-lloc d'Urgell;total;dones;població;;1081
2004;Bell-lloc d'Urgell;total;total;població;;2126
2004;Bellmunt d'Urgell;total;homes;població;;107
2004;Bellmunt d'Urgell;total;dones;població;;119
2004;Bellmunt d'Urgell;total;total;població;;226
2004;Bellmunt del Priorat;total;homes;població;;151
2004;Bellmunt del Priorat;total;dones;població;;157
2004;Bellmunt del Priorat;total;total;població;;308
2004;Bellprat;total;homes;població;;49
2004;Bellprat;total;dones;població;;41
2004;Bellprat;total;total;població;;90
2004;Bellpuig;total;homes;població;;2149
2004;Bellpuig;total;dones;població;;2094
2004;Bellpuig;total;total;població;;4243
2004;Bellvei;total;homes;població;;822
2004;Bellvei;total;dones;població;;719
2004;Bellvei;total;total;població;;1541
2004;Bellver de Cerdanya;total;homes;població;;915
2004;Bellver de Cerdanya;total;dones;població;;823
2004;Bellver de Cerdanya;total;total;població;;1738
2004;Bellvís;total;homes;població;;1127
2004;Bellvís;total;dones;població;;1080
2004;Bellvís;total;total;població;;2207
2004;Benavent de Segrià;total;homes;població;;607
2004;Benavent de Segrià;total;dones;població;;571
2004;Benavent de Segrià;total;total;població;;1178
2004;Benifallet;total;homes;població;;406
2004;Benifallet;total;dones;població;;415
2004;Benifallet;total;total;població;;821
2004;Benissanet;total;homes;població;;594
2004;Benissanet;total;dones;població;;536
2004;Benissanet;total;total;població;;1130
2004;Berga;total;homes;població;;7742
2004;Berga;total;dones;població;;8011
2004;Berga;total;total;població;;15753
2004;Besalú;total;homes;població;;1057
2004;Besalú;total;dones;població;;1108
2004;Besalú;total;total;població;;2165
2004;Bescanó;total;homes;població;;1827
2004;Bescanó;total;dones;població;;1821
2004;Bescanó;total;total;població;;3648
2004;Beuda;total;homes;població;;78
2004;Beuda;total;dones;població;;68
2004;Beuda;total;total;població;;146
2004;Bigues i Riells del Fai;total;homes;població;;3459
2004;Bigues i Riells del Fai;total;dones;població;;3177
2004;Bigues i Riells del Fai;total;total;població;;6636
2004;Biosca;total;homes;població;;124
2004;Biosca;total;dones;població;;114
2004;Biosca;total;total;població;;238
2004;Bisbal d'Empordà, la;total;homes;població;;4426
2004;Bisbal d'Empordà, la;total;dones;població;;4459
2004;Bisbal d'Empordà, la;total;total;població;;8885
2004;Bisbal de Montsant, la;total;homes;població;;125
2004;Bisbal de Montsant, la;total;dones;població;;119
2004;Bisbal de Montsant, la;total;total;població;;244
2004;Bisbal del Penedès, la;total;homes;població;;1310
2004;Bisbal del Penedès, la;total;dones;població;;1173
2004;Bisbal del Penedès, la;total;total;població;;2483
2004;Biure;total;homes;població;;120
2004;Biure;total;dones;població;;114
2004;Biure;total;total;població;;234
2004;Blancafort;total;homes;població;;216
2004;Blancafort;total;dones;població;;193
2004;Blancafort;total;total;població;;409
2004;Blanes;total;homes;població;;17940
2004;Blanes;total;dones;població;;17637
2004;Blanes;total;total;població;;35577
2004;Boadella i les Escaules;total;homes;població;;113
2004;Boadella i les Escaules;total;dones;població;;121
2004;Boadella i les Escaules;total;total;població;;234
2004;Bolvir;total;homes;població;;141
2004;Bolvir;total;dones;població;;135
2004;Bolvir;total;total;població;;276
2004;Bonastre;total;homes;població;;236
2004;Bonastre;total;dones;població;;204
2004;Bonastre;total;total;població;;440
2004;Bòrdes, Es;total;homes;població;;109
2004;Bòrdes, Es;total;dones;població;;108
2004;Bòrdes, Es;total;total;població;;217
2004;Bordils;total;homes;població;;723
2004;Bordils;total;dones;població;;702
2004;Bordils;total;total;població;;1425
2004;Borges Blanques, les;total;homes;població;;2731
2004;Borges Blanques, les;total;dones;població;;2694
2004;Borges Blanques, les;total;total;població;;5425
2004;Borges del Camp, les;total;homes;població;;890
2004;Borges del Camp, les;total;dones;població;;879
2004;Borges del Camp, les;total;total;població;;1769
2004;Borrassà;total;homes;població;;292
2004;Borrassà;total;dones;població;;265
2004;Borrassà;total;total;població;;557
2004;Borredà;total;homes;població;;258
2004;Borredà;total;dones;població;;250
2004;Borredà;total;total;població;;508
2004;Bossòst;total;homes;població;;525
2004;Bossòst;total;dones;població;;490
2004;Bossòst;total;total;població;;1015
2004;Bot;total;homes;població;;399
2004;Bot;total;dones;població;;381
2004;Bot;total;total;població;;780
2004;Botarell;total;homes;població;;461
2004;Botarell;total;dones;població;;420
2004;Botarell;total;total;població;;881
2004;Bovera;total;homes;població;;193
2004;Bovera;total;dones;població;;190
2004;Bovera;total;total;població;;383
2004;Bràfim;total;homes;població;;310
2004;Bràfim;total;dones;població;;300
2004;Bràfim;total;total;població;;610
2004;Breda;total;homes;població;;1821
2004;Breda;total;dones;població;;1745
2004;Breda;total;total;població;;3566
2004;Bruc, el;total;homes;població;;771
2004;Bruc, el;total;dones;població;;683
2004;Bruc, el;total;total;població;;1454
2004;Brull, el;total;homes;població;;110
2004;Brull, el;total;dones;població;;91
2004;Brull, el;total;total;població;;201
2004;Brunyola i Sant Martí Sapresa;total;homes;població;;173
2004;Brunyola i Sant Martí Sapresa;total;dones;població;;175
2004;Brunyola i Sant Martí Sapresa;total;total;població;;348
2004;Cabacés;total;homes;població;;179
2004;Cabacés;total;dones;població;;160
2004;Cabacés;total;total;població;;339
2004;Cabanabona;total;homes;població;;54
2004;Cabanabona;total;dones;població;;62
2004;Cabanabona;total;total;població;;116
2004;Cabanelles;total;homes;població;;141
2004;Cabanelles;total;dones;població;;103
2004;Cabanelles;total;total;població;;244
2004;Cabanes;total;homes;població;;447
2004;Cabanes;total;dones;població;;405
2004;Cabanes;total;total;població;;852
2004;Cabanyes, les;total;homes;població;;326
2004;Cabanyes, les;total;dones;població;;321
2004;Cabanyes, les;total;total;població;;647
2004;Cabó;total;homes;població;;63
2004;Cabó;total;dones;població;;51
2004;Cabó;total;total;població;;114
2004;Cabra del Camp;total;homes;població;;405
2004;Cabra del Camp;total;dones;població;;363
2004;Cabra del Camp;total;total;població;;768
2004;Cabrera d'Anoia;total;homes;població;;442
2004;Cabrera d'Anoia;total;dones;població;;376
2004;Cabrera d'Anoia;total;total;població;;818
2004;Cabrera de Mar;total;homes;població;;2046
2004;Cabrera de Mar;total;dones;població;;1945
2004;Cabrera de Mar;total;total;població;;3991
2004;Cabrils;total;homes;població;;2933
2004;Cabrils;total;dones;població;;3070
2004;Cabrils;total;total;població;;6003
2004;Cadaqués;total;homes;població;;1322
2004;Cadaqués;total;dones;població;;1408
2004;Cadaqués;total;total;població;;2730
2004;Calaf;total;homes;població;;1671
2004;Calaf;total;dones;població;;1543
2004;Calaf;total;total;població;;3214
2004;Calafell;total;homes;població;;8757
2004;Calafell;total;dones;població;;8520
2004;Calafell;total;total;població;;17277
2004;Calders;total;homes;població;;407
2004;Calders;total;dones;població;;396
2004;Calders;total;total;població;;803
2004;Caldes d'Estrac;total;homes;població;;1208
2004;Caldes d'Estrac;total;dones;població;;1240
2004;Caldes d'Estrac;total;total;població;;2448
2004;Caldes de Malavella;total;homes;població;;2469
2004;Caldes de Malavella;total;dones;població;;2456
2004;Caldes de Malavella;total;total;població;;4925
2004;Caldes de Montbui;total;homes;població;;7575
2004;Caldes de Montbui;total;dones;població;;7521
2004;Caldes de Montbui;total;total;població;;15096
2004;Calella;total;homes;població;;7896
2004;Calella;total;dones;població;;8112
2004;Calella;total;total;població;;16008
2004;Calldetenes;total;homes;població;;1113
2004;Calldetenes;total;dones;població;;1030
2004;Calldetenes;total;total;població;;2143
2004;Callús;total;homes;població;;705
2004;Callús;total;dones;població;;722
2004;Callús;total;total;població;;1427
2004;Calonge de Segarra;total;homes;població;;104
2004;Calonge de Segarra;total;dones;població;;96
2004;Calonge de Segarra;total;total;població;;200
2004;Calonge i Sant Antoni;total;homes;població;;4440
2004;Calonge i Sant Antoni;total;dones;població;;4317
2004;Calonge i Sant Antoni;total;total;població;;8757
2004;Camarasa;total;homes;població;;460
2004;Camarasa;total;dones;població;;443
2004;Camarasa;total;total;població;;903
2004;Camarles;total;homes;població;;1585
2004;Camarles;total;dones;població;;1516
2004;Camarles;total;total;població;;3101
2004;Cambrils;total;homes;població;;12327
2004;Cambrils;total;dones;població;;12277
2004;Cambrils;total;total;població;;24604
2004;Camós;total;homes;població;;339
2004;Camós;total;dones;població;;320
2004;Camós;total;total;població;;659
2004;Campdevànol;total;homes;població;;1668
2004;Campdevànol;total;dones;població;;1693
2004;Campdevànol;total;total;població;;3361
2004;Campelles;total;homes;població;;67
2004;Campelles;total;dones;població;;55
2004;Campelles;total;total;població;;122
2004;Campins;total;homes;població;;171
2004;Campins;total;dones;població;;163
2004;Campins;total;total;població;;334
2004;Campllong;total;homes;població;;180
2004;Campllong;total;dones;població;;172
2004;Campllong;total;total;població;;352
2004;Camprodon;total;homes;població;;1175
2004;Camprodon;total;dones;població;;1215
2004;Camprodon;total;total;població;;2390
2004;Canejan;total;homes;població;;55
2004;Canejan;total;dones;població;;53
2004;Canejan;total;total;població;;108
2004;Canet d'Adri;total;homes;població;;280
2004;Canet d'Adri;total;dones;població;;258
2004;Canet d'Adri;total;total;població;;538
2004;Canet de Mar;total;homes;població;;5943
2004;Canet de Mar;total;dones;població;;6104
2004;Canet de Mar;total;total;població;;12047
2004;Canonja, la;total;homes;població;..; 
2004;Canonja, la;total;dones;població;..; 
2004;Canonja, la;total;total;població;..; 
2004;Canovelles;total;homes;població;;7210
2004;Canovelles;total;dones;població;;6791
2004;Canovelles;total;total;població;;14001
2004;Cànoves i Samalús;total;homes;població;;1197
2004;Cànoves i Samalús;total;dones;població;;1100
2004;Cànoves i Samalús;total;total;població;;2297
2004;Cantallops;total;homes;població;;131
2004;Cantallops;total;dones;població;;136
2004;Cantallops;total;total;població;;267
2004;Canyelles;total;homes;població;;1488
2004;Canyelles;total;dones;població;;1320
2004;Canyelles;total;total;població;;2808
2004;Capafonts;total;homes;població;;58
2004;Capafonts;total;dones;població;;51
2004;Capafonts;total;total;població;;109
2004;Capçanes;total;homes;població;;189
2004;Capçanes;total;dones;població;;213
2004;Capçanes;total;total;població;;402
2004;Capellades;total;homes;població;;2513
2004;Capellades;total;dones;població;;2630
2004;Capellades;total;total;població;;5143
2004;Capmany;total;homes;població;;254
2004;Capmany;total;dones;població;;231
2004;Capmany;total;total;població;;485
2004;Capolat;total;homes;població;;42
2004;Capolat;total;dones;població;;38
2004;Capolat;total;total;població;;80
2004;Cardedeu;total;homes;població;;7232
2004;Cardedeu;total;dones;població;;7282
2004;Cardedeu;total;total;població;;14514
2004;Cardona;total;homes;població;;2563
2004;Cardona;total;dones;població;;2709
2004;Cardona;total;total;població;;5272
2004;Carme;total;homes;població;;373
2004;Carme;total;dones;població;;348
2004;Carme;total;total;població;;721
2004;Caseres;total;homes;població;;153
2004;Caseres;total;dones;població;;166
2004;Caseres;total;total;població;;319
2004;Cassà de la Selva;total;homes;població;;4226
2004;Cassà de la Selva;total;dones;població;;4099
2004;Cassà de la Selva;total;total;població;;8325
2004;Casserres;total;homes;població;;734
2004;Casserres;total;dones;població;;790
2004;Casserres;total;total;població;;1524
2004;Castell d'Aro, Platja d'Aro i s'Agaró;total;homes;població;;4328
2004;Castell d'Aro, Platja d'Aro i s'Agaró;total;dones;població;;4142
2004;Castell d'Aro, Platja d'Aro i s'Agaró;total;total;població;;8470
2004;Castell de l'Areny;total;homes;població;;37
2004;Castell de l'Areny;total;dones;població;;28
2004;Castell de l'Areny;total;total;població;;65
2004;Castell de Mur;total;homes;població;;86
2004;Castell de Mur;total;dones;població;;81
2004;Castell de Mur;total;total;població;;167
2004;Castellar de la Ribera;total;homes;població;;77
2004;Castellar de la Ribera;total;dones;població;;78
2004;Castellar de la Ribera;total;total;població;;155
2004;Castellar de n'Hug;total;homes;població;;104
2004;Castellar de n'Hug;total;dones;població;;87
2004;Castellar de n'Hug;total;total;població;;191
2004;Castellar del Riu;total;homes;població;;79
2004;Castellar del Riu;total;dones;població;;57
2004;Castellar del Riu;total;total;població;;136
2004;Castellar del Vallès;total;homes;població;;9743
2004;Castellar del Vallès;total;dones;població;;9732
2004;Castellar del Vallès;total;total;població;;19475
2004;Castellbell i el Vilar;total;homes;població;;1621
2004;Castellbell i el Vilar;total;dones;població;;1550
2004;Castellbell i el Vilar;total;total;població;;3171
2004;Castellbisbal;total;homes;població;;5329
2004;Castellbisbal;total;dones;població;;5023
2004;Castellbisbal;total;total;població;;10352
2004;Castellcir;total;homes;població;;265
2004;Castellcir;total;dones;població;;235
2004;Castellcir;total;total;població;;500
2004;Castelldans;total;homes;població;;503
2004;Castelldans;total;dones;població;;452
2004;Castelldans;total;total;població;;955
2004;Castelldefels;total;homes;població;;26909
2004;Castelldefels;total;dones;població;;27055
2004;Castelldefels;total;total;població;;53964
2004;Castellet i la Gornal;total;homes;població;;854
2004;Castellet i la Gornal;total;dones;població;;830
2004;Castellet i la Gornal;total;total;població;;1684
2004;Castellfollit de la Roca;total;homes;població;;498
2004;Castellfollit de la Roca;total;dones;població;;481
2004;Castellfollit de la Roca;total;total;població;;979
2004;Castellfollit de Riubregós;total;homes;població;;112
2004;Castellfollit de Riubregós;total;dones;població;;107
2004;Castellfollit de Riubregós;total;total;població;;219
2004;Castellfollit del Boix;total;homes;població;;201
2004;Castellfollit del Boix;total;dones;població;;204
2004;Castellfollit del Boix;total;total;població;;405
2004;Castellgalí;total;homes;població;;599
2004;Castellgalí;total;dones;població;;546
2004;Castellgalí;total;total;població;;1145
2004;Castellnou de Bages;total;homes;població;;394
2004;Castellnou de Bages;total;dones;població;;348
2004;Castellnou de Bages;total;total;població;;742
2004;Castellnou de Seana;total;homes;població;;372
2004;Castellnou de Seana;total;dones;població;;338
2004;Castellnou de Seana;total;total;població;;710
2004;Castelló d'Empúries;total;homes;població;;4031
2004;Castelló d'Empúries;total;dones;població;;3746
2004;Castelló d'Empúries;total;total;població;;7777
2004;Castelló de Farfanya;total;homes;població;;299
2004;Castelló de Farfanya;total;dones;població;;289
2004;Castelló de Farfanya;total;total;població;;588
2004;Castellolí;total;homes;població;;221
2004;Castellolí;total;dones;població;;231
2004;Castellolí;total;total;població;;452
2004;Castellserà;total;homes;població;;569
2004;Castellserà;total;dones;població;;548
2004;Castellserà;total;total;població;;1117
2004;Castellterçol;total;homes;població;;1068
2004;Castellterçol;total;dones;població;;1110
2004;Castellterçol;total;total;població;;2178
2004;Castellvell del Camp;total;homes;població;;959
2004;Castellvell del Camp;total;dones;població;;1022
2004;Castellvell del Camp;total;total;població;;1981
2004;Castellví de la Marca;total;homes;població;;774
2004;Castellví de la Marca;total;dones;població;;748
2004;Castellví de la Marca;total;total;població;;1522
2004;Castellví de Rosanes;total;homes;població;;660
2004;Castellví de Rosanes;total;dones;població;;637
2004;Castellví de Rosanes;total;total;població;;1297
2004;Catllar, el;total;homes;població;;1587
2004;Catllar, el;total;dones;població;;1483
2004;Catllar, el;total;total;població;;3070
2004;Cava;total;homes;població;;35
2004;Cava;total;dones;població;;23
2004;Cava;total;total;població;;58
2004;Cellera de Ter, la;total;homes;població;;1035
2004;Cellera de Ter, la;total;dones;població;;1003
2004;Cellera de Ter, la;total;total;població;;2038
2004;Celrà;total;homes;població;;1606
2004;Celrà;total;dones;població;;1612
2004;Celrà;total;total;població;;3218
2004;Centelles;total;homes;població;;3093
2004;Centelles;total;dones;població;;3211
2004;Centelles;total;total;població;;6304
2004;Cercs;total;homes;població;;688
2004;Cercs;total;dones;població;;650
2004;Cercs;total;total;població;;1338
2004;Cerdanyola del Vallès;total;homes;població;;27997
2004;Cerdanyola del Vallès;total;dones;població;;28068
2004;Cerdanyola del Vallès;total;total;població;;56065
2004;Cervelló;total;homes;població;;3571
2004;Cervelló;total;dones;població;;3409
2004;Cervelló;total;total;població;;6980
2004;Cervera;total;homes;població;;4425
2004;Cervera;total;dones;població;;4139
2004;Cervera;total;total;població;;8564
2004;Cervià de les Garrigues;total;homes;població;;440
2004;Cervià de les Garrigues;total;dones;població;;404
2004;Cervià de les Garrigues;total;total;població;;844
2004;Cervià de Ter;total;homes;població;;359
2004;Cervià de Ter;total;dones;població;;371
2004;Cervià de Ter;total;total;població;;730
2004;Cistella;total;homes;població;;118
2004;Cistella;total;dones;població;;115
2004;Cistella;total;total;població;;233
2004;Ciutadilla;total;homes;població;;129
2004;Ciutadilla;total;dones;població;;116
2004;Ciutadilla;total;total;població;;245
2004;Clariana de Cardener;total;homes;població;;80
2004;Clariana de Cardener;total;dones;població;;73
2004;Clariana de Cardener;total;total;població;;153
2004;Cogul, el;total;homes;població;;115
2004;Cogul, el;total;dones;població;;103
2004;Cogul, el;total;total;població;;218
2004;Colera;total;homes;població;;331
2004;Colera;total;dones;població;;324
2004;Colera;total;total;població;;655
2004;Coll de Nargó;total;homes;població;;303
2004;Coll de Nargó;total;dones;població;;288
2004;Coll de Nargó;total;total;població;;591
2004;Collbató;total;homes;població;;1593
2004;Collbató;total;dones;població;;1431
2004;Collbató;total;total;població;;3024
2004;Colldejou;total;homes;població;;109
2004;Colldejou;total;dones;població;;85
2004;Colldejou;total;total;població;;194
2004;Collsuspina;total;homes;població;;157
2004;Collsuspina;total;dones;població;;139
2004;Collsuspina;total;total;població;;296
2004;Colomers;total;homes;població;;101
2004;Colomers;total;dones;població;;101
2004;Colomers;total;total;població;;202
2004;Coma i la Pedra, la;total;homes;població;;152
2004;Coma i la Pedra, la;total;dones;població;;102
2004;Coma i la Pedra, la;total;total;població;;254
2004;Conca de Dalt;total;homes;població;;224
2004;Conca de Dalt;total;dones;població;;213
2004;Conca de Dalt;total;total;població;;437
2004;Conesa;total;homes;població;;70
2004;Conesa;total;dones;població;;58
2004;Conesa;total;total;població;;128
2004;Constantí;total;homes;població;;2892
2004;Constantí;total;dones;població;;2570
2004;Constantí;total;total;població;;5462
2004;Copons;total;homes;població;;137
2004;Copons;total;dones;població;;145
2004;Copons;total;total;població;;282
2004;Corbera d'Ebre;total;homes;població;;563
2004;Corbera d'Ebre;total;dones;població;;506
2004;Corbera d'Ebre;total;total;població;;1069
2004;Corbera de Llobregat;total;homes;població;;5787
2004;Corbera de Llobregat;total;dones;població;;5491
2004;Corbera de Llobregat;total;total;població;;11278
2004;Corbins;total;homes;població;;594
2004;Corbins;total;dones;població;;555
2004;Corbins;total;total;població;;1149
2004;Corçà;total;homes;població;;606
2004;Corçà;total;dones;població;;595
2004;Corçà;total;total;població;;1201
2004;Cornellà de Llobregat;total;homes;població;;41341
2004;Cornellà de Llobregat;total;dones;població;;41986
2004;Cornellà de Llobregat;total;total;població;;83327
2004;Cornellà del Terri;total;homes;població;;1004
2004;Cornellà del Terri;total;dones;població;;988
2004;Cornellà del Terri;total;total;població;;1992
2004;Cornudella de Montsant;total;homes;població;;465
2004;Cornudella de Montsant;total;dones;població;;447
2004;Cornudella de Montsant;total;total;població;;912
2004;Creixell;total;homes;població;;1262
2004;Creixell;total;dones;població;;1149
2004;Creixell;total;total;població;;2411
2004;Crespià;total;homes;població;;112
2004;Crespià;total;dones;població;;115
2004;Crespià;total;total;població;;227
2004;Cruïlles, Monells i Sant Sadurní de l'Heura;total;homes;població;;594
2004;Cruïlles, Monells i Sant Sadurní de l'Heura;total;dones;població;;607
2004;Cruïlles, Monells i Sant Sadurní de l'Heura;total;total;població;;1201
2004;Cubelles;total;homes;població;;4944
2004;Cubelles;total;dones;població;;4605
2004;Cubelles;total;total;població;;9549
2004;Cubells;total;homes;població;;197
2004;Cubells;total;dones;població;;187
2004;Cubells;total;total;població;;384
2004;Cunit;total;homes;població;;4186
2004;Cunit;total;dones;població;;3900
2004;Cunit;total;total;població;;8086
2004;Darnius;total;homes;població;;260
2004;Darnius;total;dones;població;;256
2004;Darnius;total;total;població;;516
2004;Das;total;homes;població;;89
2004;Das;total;dones;població;;76
2004;Das;total;total;població;;165
2004;Deltebre;total;homes;població;;5447
2004;Deltebre;total;dones;població;;5310
2004;Deltebre;total;total;població;;10757
2004;Dosrius;total;homes;població;;1895
2004;Dosrius;total;dones;població;;1867
2004;Dosrius;total;total;població;;3762
2004;Duesaigües;total;homes;població;;114
2004;Duesaigües;total;dones;població;;77
2004;Duesaigües;total;total;població;;191
2004;Escala, l';total;homes;població;;3785
2004;Escala, l';total;dones;població;;3670
2004;Escala, l';total;total;població;;7455
2004;Esparreguera;total;homes;població;;10314
2004;Esparreguera;total;dones;població;;9849
2004;Esparreguera;total;total;població;;20163
2004;Espinelves;total;homes;població;;100
2004;Espinelves;total;dones;població;;89
2004;Espinelves;total;total;població;;189
2004;Espluga Calba, l';total;homes;població;;228
2004;Espluga Calba, l';total;dones;població;;197
2004;Espluga Calba, l';total;total;població;;425
2004;Espluga de Francolí, l';total;homes;població;;1848
2004;Espluga de Francolí, l';total;dones;població;;1839
2004;Espluga de Francolí, l';total;total;població;;3687
2004;Esplugues de Llobregat;total;homes;població;;22598
2004;Esplugues de Llobregat;total;dones;població;;23317
2004;Esplugues de Llobregat;total;total;població;;45915
2004;Espolla;total;homes;població;;189
2004;Espolla;total;dones;població;;191
2004;Espolla;total;total;població;;380
2004;Esponellà;total;homes;població;;207
2004;Esponellà;total;dones;població;;219
2004;Esponellà;total;total;població;;426
2004;Espot;total;homes;població;;201
2004;Espot;total;dones;població;;163
2004;Espot;total;total;població;;364
2004;Espunyola, l';total;homes;població;;138
2004;Espunyola, l';total;dones;població;;135
2004;Espunyola, l';total;total;població;;273
2004;Esquirol, l';total;homes;població;;1086
2004;Esquirol, l';total;dones;població;;1113
2004;Esquirol, l';total;total;població;;2199
2004;Estamariu;total;homes;població;;68
2004;Estamariu;total;dones;població;;54
2004;Estamariu;total;total;població;;122
2004;Estany, l';total;homes;població;;189
2004;Estany, l';total;dones;població;;216
2004;Estany, l';total;total;població;;405
2004;Estaràs;total;homes;població;;103
2004;Estaràs;total;dones;població;;83
2004;Estaràs;total;total;població;;186
2004;Esterri d'Àneu;total;homes;població;;379
2004;Esterri d'Àneu;total;dones;població;;375
2004;Esterri d'Àneu;total;total;població;;754
2004;Esterri de Cardós;total;homes;població;;34
2004;Esterri de Cardós;total;dones;població;;38
2004;Esterri de Cardós;total;total;població;;72
2004;Falset;total;homes;població;;1320
2004;Falset;total;dones;població;;1307
2004;Falset;total;total;població;;2627
2004;Far d'Empordà, el;total;homes;població;;226
2004;Far d'Empordà, el;total;dones;població;;214
2004;Far d'Empordà, el;total;total;població;;440
2004;Farrera;total;homes;població;;61
2004;Farrera;total;dones;població;;44
2004;Farrera;total;total;població;;105
2004;Fatarella, la;total;homes;població;;592
2004;Fatarella, la;total;dones;població;;581
2004;Fatarella, la;total;total;població;;1173
2004;Febró, la;total;homes;població;;37
2004;Febró, la;total;dones;població;;21
2004;Febró, la;total;total;població;;58
2004;Figaró-Montmany;total;homes;població;;507
2004;Figaró-Montmany;total;dones;població;;486
2004;Figaró-Montmany;total;total;població;;993
2004;Fígols;total;homes;població;;26
2004;Fígols;total;dones;població;;21
2004;Fígols;total;total;població;;47
2004;Fígols i Alinyà;total;homes;població;;147
2004;Fígols i Alinyà;total;dones;població;;124
2004;Fígols i Alinyà;total;total;població;;271
2004;Figuera, la;total;homes;població;;110
2004;Figuera, la;total;dones;població;;110
2004;Figuera, la;total;total;població;;220
2004;Figueres;total;homes;població;;18034
2004;Figueres;total;dones;població;;18998
2004;Figueres;total;total;població;;37032
2004;Figuerola del Camp;total;homes;població;;144
2004;Figuerola del Camp;total;dones;població;;157
2004;Figuerola del Camp;total;total;població;;301
2004;Flaçà;total;homes;població;;478
2004;Flaçà;total;dones;població;;454
2004;Flaçà;total;total;població;;932
2004;Flix;total;homes;població;;2015
2004;Flix;total;dones;població;;1986
2004;Flix;total;total;població;;4001
2004;Floresta, la;total;homes;població;;99
2004;Floresta, la;total;dones;població;;81
2004;Floresta, la;total;total;població;;180
2004;Fogars de la Selva;total;homes;població;;545
2004;Fogars de la Selva;total;dones;població;;500
2004;Fogars de la Selva;total;total;població;;1045
2004;Fogars de Montclús;total;homes;població;;213
2004;Fogars de Montclús;total;dones;població;;182
2004;Fogars de Montclús;total;total;població;;395
2004;Foixà;total;homes;població;;158
2004;Foixà;total;dones;població;;163
2004;Foixà;total;total;població;;321
2004;Folgueroles;total;homes;població;;911
2004;Folgueroles;total;dones;població;;922
2004;Folgueroles;total;total;població;;1833
2004;Fondarella;total;homes;població;;374
2004;Fondarella;total;dones;població;;367
2004;Fondarella;total;total;població;;741
2004;Fonollosa;total;homes;població;;601
2004;Fonollosa;total;dones;població;;572
2004;Fonollosa;total;total;població;;1173
2004;Fontanals de Cerdanya;total;homes;població;;208
2004;Fontanals de Cerdanya;total;dones;població;;220
2004;Fontanals de Cerdanya;total;total;població;;428
2004;Fontanilles;total;homes;població;;91
2004;Fontanilles;total;dones;població;;68
2004;Fontanilles;total;total;població;;159
2004;Fontcoberta;total;homes;població;;556
2004;Fontcoberta;total;dones;població;;589
2004;Fontcoberta;total;total;població;;1145
2004;Font-rubí;total;homes;població;;708
2004;Font-rubí;total;dones;població;;632
2004;Font-rubí;total;total;població;;1340
2004;Foradada;total;homes;població;;132
2004;Foradada;total;dones;població;;99
2004;Foradada;total;total;població;;231
2004;Forallac;total;homes;població;;857
2004;Forallac;total;dones;població;;889
2004;Forallac;total;total;població;;1746
2004;Forès;total;homes;població;;32
2004;Forès;total;dones;població;;27
2004;Forès;total;total;població;;59
2004;Fornells de la Selva;total;homes;població;;854
2004;Fornells de la Selva;total;dones;població;;906
2004;Fornells de la Selva;total;total;població;;1760
2004;Fortià;total;homes;població;;267
2004;Fortià;total;dones;població;;280
2004;Fortià;total;total;població;;547
2004;Franqueses del Vallès, les;total;homes;població;;7519
2004;Franqueses del Vallès, les;total;dones;població;;7235
2004;Franqueses del Vallès, les;total;total;població;;14754
2004;Freginals;total;homes;població;;207
2004;Freginals;total;dones;població;;187
2004;Freginals;total;total;població;;394
2004;Fuliola, la;total;homes;població;;620
2004;Fuliola, la;total;dones;població;;614
2004;Fuliola, la;total;total;població;;1234
2004;Fulleda;total;homes;població;;61
2004;Fulleda;total;dones;població;;53
2004;Fulleda;total;total;població;;114
2004;Gaià;total;homes;població;;77
2004;Gaià;total;dones;població;;77
2004;Gaià;total;total;població;;154
2004;Galera, la;total;homes;població;;394
2004;Galera, la;total;dones;població;;380
2004;Galera, la;total;total;població;;774
2004;Gallifa;total;homes;població;;106
2004;Gallifa;total;dones;població;;103
2004;Gallifa;total;total;població;;209
2004;Gandesa;total;homes;població;;1484
2004;Gandesa;total;dones;població;;1398
2004;Gandesa;total;total;població;;2882
2004;Garcia;total;homes;població;;261
2004;Garcia;total;dones;població;;240
2004;Garcia;total;total;població;;501
2004;Garidells, els;total;homes;població;;100
2004;Garidells, els;total;dones;població;;87
2004;Garidells, els;total;total;població;;187
2004;Garriga, la;total;homes;població;;6295
2004;Garriga, la;total;dones;població;;6628
2004;Garriga, la;total;total;població;;12923
2004;Garrigàs;total;homes;població;;174
2004;Garrigàs;total;dones;població;;147
2004;Garrigàs;total;total;població;;321
2004;Garrigoles;total;homes;població;;77
2004;Garrigoles;total;dones;població;;64
2004;Garrigoles;total;total;població;;141
2004;Garriguella;total;homes;població;;376
2004;Garriguella;total;dones;població;;341
2004;Garriguella;total;total;població;;717
2004;Gavà;total;homes;població;;21610
2004;Gavà;total;dones;població;;21632
2004;Gavà;total;total;població;;43242
2004;Gavet de la Conca;total;homes;població;;148
2004;Gavet de la Conca;total;dones;població;;163
2004;Gavet de la Conca;total;total;població;;311
2004;Gelida;total;homes;població;;2741
2004;Gelida;total;dones;població;;2617
2004;Gelida;total;total;població;;5358
2004;Ger;total;homes;població;;207
2004;Ger;total;dones;població;;202
2004;Ger;total;total;població;;409
2004;Gimenells i el Pla de la Font;total;homes;població;;563
2004;Gimenells i el Pla de la Font;total;dones;població;;530
2004;Gimenells i el Pla de la Font;total;total;població;;1093
2004;Ginestar;total;homes;població;;489
2004;Ginestar;total;dones;població;;440
2004;Ginestar;total;total;població;;929
2004;Girona;total;homes;població;;40340
2004;Girona;total;dones;població;;43191
2004;Girona;total;total;població;;83531
2004;Gironella;total;homes;població;;2377
2004;Gironella;total;dones;població;;2507
2004;Gironella;total;total;població;;4884
2004;Gisclareny;total;homes;població;;18
2004;Gisclareny;total;dones;població;;15
2004;Gisclareny;total;total;població;;33
2004;Godall;total;homes;població;;379
2004;Godall;total;dones;població;;353
2004;Godall;total;total;població;;732
2004;Golmés;total;homes;població;;713
2004;Golmés;total;dones;població;;730
2004;Golmés;total;total;població;;1443
2004;Gombrèn;total;homes;població;;111
2004;Gombrèn;total;dones;població;;125
2004;Gombrèn;total;total;població;;236
2004;Gósol;total;homes;població;;118
2004;Gósol;total;dones;població;;105
2004;Gósol;total;total;població;;223
2004;Granada, la;total;homes;població;;763
2004;Granada, la;total;dones;població;;762
2004;Granada, la;total;total;població;;1525
2004;Granadella, la;total;homes;població;;397
2004;Granadella, la;total;dones;població;;389
2004;Granadella, la;total;total;població;;786
2004;Granera;total;homes;població;;54
2004;Granera;total;dones;població;;24
2004;Granera;total;total;població;;78
2004;Granja d'Escarp, la;total;homes;població;;557
2004;Granja d'Escarp, la;total;dones;població;;488
2004;Granja d'Escarp, la;total;total;població;;1045
2004;Granollers;total;homes;població;;27988
2004;Granollers;total;dones;població;;28468
2004;Granollers;total;total;població;;56456
2004;Granyanella;total;homes;població;;75
2004;Granyanella;total;dones;població;;65
2004;Granyanella;total;total;població;;140
2004;Granyena de les Garrigues;total;homes;població;;94
2004;Granyena de les Garrigues;total;dones;població;;75
2004;Granyena de les Garrigues;total;total;població;;169
2004;Granyena de Segarra;total;homes;població;;76
2004;Granyena de Segarra;total;dones;població;;68
2004;Granyena de Segarra;total;total;població;;144
2004;Gratallops;total;homes;població;;122
2004;Gratallops;total;dones;població;;100
2004;Gratallops;total;total;població;;222
2004;Gualba;total;homes;població;;498
2004;Gualba;total;dones;població;;452
2004;Gualba;total;total;població;;950
2004;Gualta;total;homes;població;;183
2004;Gualta;total;dones;població;;147
2004;Gualta;total;total;població;;330
2004;Guardiola de Berguedà;total;homes;població;;489
2004;Guardiola de Berguedà;total;dones;població;;456
2004;Guardiola de Berguedà;total;total;població;;945
2004;Guiamets, els;total;homes;població;;166
2004;Guiamets, els;total;dones;població;;149
2004;Guiamets, els;total;total;població;;315
2004;Guils de Cerdanya;total;homes;població;;186
2004;Guils de Cerdanya;total;dones;població;;182
2004;Guils de Cerdanya;total;total;població;;368
2004;Guimerà;total;homes;població;;184
2004;Guimerà;total;dones;població;;177
2004;Guimerà;total;total;població;;361
2004;Guingueta d'Àneu, la;total;homes;població;;183
2004;Guingueta d'Àneu, la;total;dones;població;;164
2004;Guingueta d'Àneu, la;total;total;població;;347
2004;Guissona;total;homes;població;;2389
2004;Guissona;total;dones;població;;2050
2004;Guissona;total;total;població;;4439
2004;Guixers;total;homes;població;;88
2004;Guixers;total;dones;població;;57
2004;Guixers;total;total;població;;145
2004;Gurb;total;homes;població;;1078
2004;Gurb;total;dones;població;;1048
2004;Gurb;total;total;població;;2126
2004;Horta de Sant Joan;total;homes;població;;650
2004;Horta de Sant Joan;total;dones;població;;569
2004;Horta de Sant Joan;total;total;població;;1219
2004;Hospitalet de Llobregat, l';total;homes;població;;122898
2004;Hospitalet de Llobregat, l';total;dones;població;;127638
2004;Hospitalet de Llobregat, l';total;total;població;;250536
2004;Hostalets de Pierola, els;total;homes;població;;896
2004;Hostalets de Pierola, els;total;dones;població;;820
2004;Hostalets de Pierola, els;total;total;població;;1716
2004;Hostalric;total;homes;població;;1622
2004;Hostalric;total;dones;població;;1625
2004;Hostalric;total;total;població;;3247
2004;Igualada;total;homes;població;;17347
2004;Igualada;total;dones;població;;17848
2004;Igualada;total;total;població;;35195
2004;Isona i Conca Dellà;total;homes;població;;648
2004;Isona i Conca Dellà;total;dones;població;;541
2004;Isona i Conca Dellà;total;total;població;;1189
2004;Isòvol;total;homes;població;;114
2004;Isòvol;total;dones;població;;88
2004;Isòvol;total;total;població;;202
2004;Ivars d'Urgell;total;homes;població;;941
2004;Ivars d'Urgell;total;dones;població;;865
2004;Ivars d'Urgell;total;total;població;;1806
2004;Ivars de Noguera;total;homes;població;;177
2004;Ivars de Noguera;total;dones;població;;168
2004;Ivars de Noguera;total;total;població;;345
2004;Ivorra;total;homes;població;;72
2004;Ivorra;total;dones;població;;79
2004;Ivorra;total;total;població;;151
2004;Jafre;total;homes;població;;194
2004;Jafre;total;dones;població;;165
2004;Jafre;total;total;població;;359
2004;Jonquera, la;total;homes;població;;1487
2004;Jonquera, la;total;dones;població;;1433
2004;Jonquera, la;total;total;població;;2920
2004;Jorba;total;homes;població;;300
2004;Jorba;total;dones;població;;336
2004;Jorba;total;total;població;;636
2004;Josa i Tuixén;total;homes;població;;94
2004;Josa i Tuixén;total;dones;població;;82
2004;Josa i Tuixén;total;total;població;;176
2004;Juià;total;homes;població;;150
2004;Juià;total;dones;població;;137
2004;Juià;total;total;població;;287
2004;Juncosa;total;homes;població;;310
2004;Juncosa;total;dones;població;;248
2004;Juncosa;total;total;població;;558
2004;Juneda;total;homes;població;;1545
2004;Juneda;total;dones;població;;1478
2004;Juneda;total;total;població;;3023
2004;Les;total;homes;població;;358
2004;Les;total;dones;població;;363
2004;Les;total;total;població;;721
2004;Linyola;total;homes;població;;1289
2004;Linyola;total;dones;població;;1240
2004;Linyola;total;total;població;;2529
2004;Llacuna, la;total;homes;població;;467
2004;Llacuna, la;total;dones;població;;408
2004;Llacuna, la;total;total;població;;875
2004;Lladó;total;homes;població;;282
2004;Lladó;total;dones;població;;279
2004;Lladó;total;total;població;;561
2004;Lladorre;total;homes;població;;112
2004;Lladorre;total;dones;població;;100
2004;Lladorre;total;total;població;;212
2004;Lladurs;total;homes;població;;114
2004;Lladurs;total;dones;població;;107
2004;Lladurs;total;total;població;;221
2004;Llagosta, la;total;homes;població;;6501
2004;Llagosta, la;total;dones;població;;6443
2004;Llagosta, la;total;total;població;;12944
2004;Llagostera;total;homes;població;;3319
2004;Llagostera;total;dones;població;;3142
2004;Llagostera;total;total;població;;6461
2004;Llambilles;total;homes;població;;264
2004;Llambilles;total;dones;població;;258
2004;Llambilles;total;total;població;;522
2004;Llanars;total;homes;població;;278
2004;Llanars;total;dones;població;;249
2004;Llanars;total;total;població;;527
2004;Llançà;total;homes;població;;2097
2004;Llançà;total;dones;població;;2108
2004;Llançà;total;total;població;;4205
2004;Llardecans;total;homes;població;;303
2004;Llardecans;total;dones;població;;280
2004;Llardecans;total;total;població;;583
2004;Llavorsí;total;homes;població;;164
2004;Llavorsí;total;dones;població;;166
2004;Llavorsí;total;total;població;;330
2004;Lleida;total;homes;població;;58757
2004;Lleida;total;dones;població;;61178
2004;Lleida;total;total;població;;119935
2004;Llers;total;homes;població;;554
2004;Llers;total;dones;població;;543
2004;Llers;total;total;població;;1097
2004;Lles de Cerdanya;total;homes;població;;143
2004;Lles de Cerdanya;total;dones;població;;103
2004;Lles de Cerdanya;total;total;població;;246
2004;Lliçà d'Amunt;total;homes;població;;6166
2004;Lliçà d'Amunt;total;dones;població;;5843
2004;Lliçà d'Amunt;total;total;població;;12009
2004;Lliçà de Vall;total;homes;població;;2969
2004;Lliçà de Vall;total;dones;població;;2727
2004;Lliçà de Vall;total;total;població;;5696
2004;Llimiana;total;homes;població;;88
2004;Llimiana;total;dones;població;;80
2004;Llimiana;total;total;població;;168
2004;Llinars del Vallès;total;homes;població;;3917
2004;Llinars del Vallès;total;dones;població;;3917
2004;Llinars del Vallès;total;total;població;;7834
2004;Llívia;total;homes;població;;619
2004;Llívia;total;dones;població;;554
2004;Llívia;total;total;població;;1173
2004;Lloar, el;total;homes;població;;64
2004;Lloar, el;total;dones;població;;58
2004;Lloar, el;total;total;població;;122
2004;Llobera;total;homes;població;;118
2004;Llobera;total;dones;població;;105
2004;Llobera;total;total;població;;223
2004;Llorac;total;homes;població;;58
2004;Llorac;total;dones;població;;66
2004;Llorac;total;total;població;;124
2004;Llorenç del Penedès;total;homes;població;;919
2004;Llorenç del Penedès;total;dones;població;;985
2004;Llorenç del Penedès;total;total;població;;1904
2004;Lloret de Mar;total;homes;població;;13703
2004;Lloret de Mar;total;dones;població;;12854
2004;Lloret de Mar;total;total;població;;26557
2004;Llosses, les;total;homes;població;;145
2004;Llosses, les;total;dones;població;;117
2004;Llosses, les;total;total;població;;262
2004;Lluçà;total;homes;població;;141
2004;Lluçà;total;dones;població;;120
2004;Lluçà;total;total;població;;261
2004;Maçanet de Cabrenys;total;homes;població;;372
2004;Maçanet de Cabrenys;total;dones;població;;349
2004;Maçanet de Cabrenys;total;total;població;;721
2004;Maçanet de la Selva;total;homes;població;;2532
2004;Maçanet de la Selva;total;dones;població;;2381
2004;Maçanet de la Selva;total;total;població;;4913
2004;Madremanya;total;homes;població;;92
2004;Madremanya;total;dones;població;;116
2004;Madremanya;total;total;població;;208
2004;Maià de Montcal;total;homes;població;;193
2004;Maià de Montcal;total;dones;població;;172
2004;Maià de Montcal;total;total;població;;365
2004;Maials;total;homes;població;;478
2004;Maials;total;dones;població;;472
2004;Maials;total;total;població;;950
2004;Maldà;total;homes;població;;151
2004;Maldà;total;dones;població;;132
2004;Maldà;total;total;població;;283
2004;Malgrat de Mar;total;homes;població;;8136
2004;Malgrat de Mar;total;dones;població;;8026
2004;Malgrat de Mar;total;total;població;;16162
2004;Malla;total;homes;població;;122
2004;Malla;total;dones;població;;140
2004;Malla;total;total;població;;262
2004;Manlleu;total;homes;població;;9479
2004;Manlleu;total;dones;població;;9269
2004;Manlleu;total;total;població;;18748
2004;Manresa;total;homes;població;;33548
2004;Manresa;total;dones;població;;34957
2004;Manresa;total;total;població;;68505
2004;Marçà;total;homes;població;;296
2004;Marçà;total;dones;població;;291
2004;Marçà;total;total;població;;587
2004;Margalef;total;homes;població;;67
2004;Margalef;total;dones;població;;60
2004;Margalef;total;total;població;;127
2004;Marganell;total;homes;població;;108
2004;Marganell;total;dones;població;;135
2004;Marganell;total;total;població;;243
2004;Martorell;total;homes;població;;12880
2004;Martorell;total;dones;població;;12130
2004;Martorell;total;total;població;;25010
2004;Martorelles;total;homes;població;;2472
2004;Martorelles;total;dones;població;;2440
2004;Martorelles;total;total;població;;4912
2004;Mas de Barberans;total;homes;població;;346
2004;Mas de Barberans;total;dones;població;;336
2004;Mas de Barberans;total;total;població;;682
2004;Masarac i Vilarnadal;total;homes;població;;122
2004;Masarac i Vilarnadal;total;dones;població;;136
2004;Masarac i Vilarnadal;total;total;població;;258
2004;Masdenverge;total;homes;població;;528
2004;Masdenverge;total;dones;població;;479
2004;Masdenverge;total;total;població;;1007
2004;Masies de Roda, les;total;homes;població;;349
2004;Masies de Roda, les;total;dones;població;;354
2004;Masies de Roda, les;total;total;població;;703
2004;Masies de Voltregà, les;total;homes;població;;1468
2004;Masies de Voltregà, les;total;dones;població;;1538
2004;Masies de Voltregà, les;total;total;població;;3006
2004;Masllorenç;total;homes;població;;237
2004;Masllorenç;total;dones;població;;230
2004;Masllorenç;total;total;població;;467
2004;Masnou, el;total;homes;població;;10274
2004;Masnou, el;total;dones;població;;10922
2004;Masnou, el;total;total;població;;21196
2004;Masó, la;total;homes;població;;143
2004;Masó, la;total;dones;població;;144
2004;Masó, la;total;total;població;;287
2004;Maspujols;total;homes;població;;261
2004;Maspujols;total;dones;població;;252
2004;Maspujols;total;total;població;;513
2004;Masquefa;total;homes;població;;3424
2004;Masquefa;total;dones;població;;3256
2004;Masquefa;total;total;població;;6680
2004;Masroig, el;total;homes;població;;257
2004;Masroig, el;total;dones;població;;265
2004;Masroig, el;total;total;població;;522
2004;Massalcoreig;total;homes;població;;307
2004;Massalcoreig;total;dones;població;;303
2004;Massalcoreig;total;total;població;;610
2004;Massanes;total;homes;població;;315
2004;Massanes;total;dones;població;;273
2004;Massanes;total;total;població;;588
2004;Massoteres;total;homes;població;;106
2004;Massoteres;total;dones;població;;94
2004;Massoteres;total;total;població;;200
2004;Matadepera;total;homes;població;;3875
2004;Matadepera;total;dones;població;;3836
2004;Matadepera;total;total;població;;7711
2004;Mataró;total;homes;població;;56921
2004;Mataró;total;dones;població;;57193
2004;Mataró;total;total;població;;114114
2004;Mediona;total;homes;població;;919
2004;Mediona;total;dones;població;;838
2004;Mediona;total;total;població;;1757
2004;Menàrguens;total;homes;població;;435
2004;Menàrguens;total;dones;població;;399
2004;Menàrguens;total;total;població;;834
2004;Meranges;total;homes;població;;54
2004;Meranges;total;dones;població;;31
2004;Meranges;total;total;població;;85
2004;Mieres;total;homes;població;;184
2004;Mieres;total;dones;població;;172
2004;Mieres;total;total;població;;356
2004;Milà, el;total;homes;població;;81
2004;Milà, el;total;dones;població;;97
2004;Milà, el;total;total;població;;178
2004;Miralcamp;total;homes;població;;641
2004;Miralcamp;total;dones;població;;639
2004;Miralcamp;total;total;població;;1280
2004;Miravet;total;homes;població;;418
2004;Miravet;total;dones;població;;372
2004;Miravet;total;total;població;;790
2004;Moià;total;homes;població;;2442
2004;Moià;total;dones;població;;2430
2004;Moià;total;total;població;;4872
2004;Molar, el;total;homes;població;;152
2004;Molar, el;total;dones;població;;132
2004;Molar, el;total;total;població;;284
2004;Molins de Rei;total;homes;població;;11079
2004;Molins de Rei;total;dones;població;;11417
2004;Molins de Rei;total;total;població;;22496
2004;Mollerussa;total;homes;població;;5655
2004;Mollerussa;total;dones;població;;5432
2004;Mollerussa;total;total;població;;11087
2004;Mollet de Peralada;total;homes;població;;90
2004;Mollet de Peralada;total;dones;població;;84
2004;Mollet de Peralada;total;total;població;;174
2004;Mollet del Vallès;total;homes;població;;25696
2004;Mollet del Vallès;total;dones;població;;24995
2004;Mollet del Vallès;total;total;població;;50691
2004;Molló;total;homes;població;;174
2004;Molló;total;dones;població;;169
2004;Molló;total;total;població;;343
2004;Molsosa, la;total;homes;població;;63
2004;Molsosa, la;total;dones;població;;67
2004;Molsosa, la;total;total;població;;130
2004;Monistrol de Calders;total;homes;població;;326
2004;Monistrol de Calders;total;dones;població;;331
2004;Monistrol de Calders;total;total;població;;657
2004;Monistrol de Montserrat;total;homes;població;;1377
2004;Monistrol de Montserrat;total;dones;població;;1277
2004;Monistrol de Montserrat;total;total;població;;2654
2004;Montagut i Oix;total;homes;població;;445
2004;Montagut i Oix;total;dones;població;;413
2004;Montagut i Oix;total;total;població;;858
2004;Montblanc;total;homes;població;;3232
2004;Montblanc;total;dones;població;;3247
2004;Montblanc;total;total;població;;6479
2004;Montbrió del Camp;total;homes;població;;788
2004;Montbrió del Camp;total;dones;població;;786
2004;Montbrió del Camp;total;total;població;;1574
2004;Montcada i Reixac;total;homes;població;;15337
2004;Montcada i Reixac;total;dones;població;;15616
2004;Montcada i Reixac;total;total;població;;30953
2004;Montclar;total;homes;població;;62
2004;Montclar;total;dones;població;;64
2004;Montclar;total;total;població;;126
2004;Montellà i Martinet;total;homes;població;;285
2004;Montellà i Martinet;total;dones;població;;250
2004;Montellà i Martinet;total;total;població;;535
2004;Montesquiu;total;homes;població;;439
2004;Montesquiu;total;dones;població;;424
2004;Montesquiu;total;total;població;;863
2004;Montferrer i Castellbò;total;homes;població;;441
2004;Montferrer i Castellbò;total;dones;població;;376
2004;Montferrer i Castellbò;total;total;població;;817
2004;Montferri;total;homes;població;;112
2004;Montferri;total;dones;població;;90
2004;Montferri;total;total;població;;202
2004;Montgai;total;homes;població;;401
2004;Montgai;total;dones;població;;392
2004;Montgai;total;total;població;;793
2004;Montgat;total;homes;població;;4384
2004;Montgat;total;dones;població;;4460
2004;Montgat;total;total;població;;8844
2004;Montmajor;total;homes;població;;239
2004;Montmajor;total;dones;població;;220
2004;Montmajor;total;total;població;;459
2004;Montmaneu;total;homes;població;;105
2004;Montmaneu;total;dones;població;;91
2004;Montmaneu;total;total;població;;196
2004;Montmell, el;total;homes;població;;495
2004;Montmell, el;total;dones;població;;409
2004;Montmell, el;total;total;població;;904
2004;Montmeló;total;homes;població;;4387
2004;Montmeló;total;dones;població;;4337
2004;Montmeló;total;total;població;;8724
2004;Montoliu de Lleida;total;homes;població;;243
2004;Montoliu de Lleida;total;dones;població;;234
2004;Montoliu de Lleida;total;total;població;;477
2004;Montoliu de Segarra;total;homes;població;;106
2004;Montoliu de Segarra;total;dones;població;;84
2004;Montoliu de Segarra;total;total;població;;190
2004;Montornès de Segarra;total;homes;població;;46
2004;Montornès de Segarra;total;dones;població;;54
2004;Montornès de Segarra;total;total;població;;100
2004;Montornès del Vallès;total;homes;població;;7189
2004;Montornès del Vallès;total;dones;població;;6876
2004;Montornès del Vallès;total;total;població;;14065
2004;Mont-ral;total;homes;població;;97
2004;Mont-ral;total;dones;població;;80
2004;Mont-ral;total;total;població;;177
2004;Mont-ras;total;homes;població;;913
2004;Mont-ras;total;dones;població;;848
2004;Mont-ras;total;total;població;;1761
2004;Mont-roig del Camp;total;homes;població;;4228
2004;Mont-roig del Camp;total;dones;població;;3981
2004;Mont-roig del Camp;total;total;població;;8209
2004;Montseny;total;homes;població;;167
2004;Montseny;total;dones;població;;146
2004;Montseny;total;total;població;;313
2004;Móra d'Ebre;total;homes;població;;2464
2004;Móra d'Ebre;total;dones;població;;2496
2004;Móra d'Ebre;total;total;població;;4960
2004;Móra la Nova;total;homes;població;;1594
2004;Móra la Nova;total;dones;població;;1519
2004;Móra la Nova;total;total;població;;3113
2004;Morell, el;total;homes;població;;1301
2004;Morell, el;total;dones;població;;1229
2004;Morell, el;total;total;població;;2530
2004;Morera de Montsant, la;total;homes;població;;104
2004;Morera de Montsant, la;total;dones;població;;74
2004;Morera de Montsant, la;total;total;població;;178
2004;Muntanyola;total;homes;població;;217
2004;Muntanyola;total;dones;població;;180
2004;Muntanyola;total;total;població;;397
2004;Mura;total;homes;població;;111
2004;Mura;total;dones;població;;101
2004;Mura;total;total;població;;212
2004;Nalec;total;homes;població;;46
2004;Nalec;total;dones;població;;46
2004;Nalec;total;total;població;;92
2004;Naut Aran;total;homes;població;;878
2004;Naut Aran;total;dones;població;;771
2004;Naut Aran;total;total;població;;1649
2004;Navarcles;total;homes;població;;2731
2004;Navarcles;total;dones;població;;2767
2004;Navarcles;total;total;població;;5498
2004;Navàs;total;homes;població;;2814
2004;Navàs;total;dones;població;;2844
2004;Navàs;total;total;població;;5658
2004;Navata;total;homes;població;;409
2004;Navata;total;dones;població;;417
2004;Navata;total;total;població;;826
2004;Navès;total;homes;població;;133
2004;Navès;total;dones;població;;139
2004;Navès;total;total;població;;272
2004;Nou de Berguedà, la;total;homes;població;;81
2004;Nou de Berguedà, la;total;dones;població;;76
2004;Nou de Berguedà, la;total;total;població;;157
2004;Nou de Gaià, la;total;homes;població;;213
2004;Nou de Gaià, la;total;dones;població;;196
2004;Nou de Gaià, la;total;total;població;;409
2004;Nulles;total;homes;població;;179
2004;Nulles;total;dones;població;;185
2004;Nulles;total;total;població;;364
2004;Odèn;total;homes;població;;155
2004;Odèn;total;dones;població;;117
2004;Odèn;total;total;població;;272
2004;Òdena;total;homes;població;;1415
2004;Òdena;total;dones;població;;1417
2004;Òdena;total;total;població;;2832
2004;Ogassa;total;homes;població;;148
2004;Ogassa;total;dones;població;;112
2004;Ogassa;total;total;població;;260
2004;Olèrdola;total;homes;població;;1363
2004;Olèrdola;total;dones;població;;1269
2004;Olèrdola;total;total;població;;2632
2004;Olesa de Bonesvalls;total;homes;població;;671
2004;Olesa de Bonesvalls;total;dones;població;;616
2004;Olesa de Bonesvalls;total;total;població;;1287
2004;Olesa de Montserrat;total;homes;població;;10273
2004;Olesa de Montserrat;total;dones;població;;10021
2004;Olesa de Montserrat;total;total;població;;20294
2004;Oliana;total;homes;població;;956
2004;Oliana;total;dones;població;;914
2004;Oliana;total;total;població;;1870
2004;Oliola;total;homes;població;;148
2004;Oliola;total;dones;població;;122
2004;Oliola;total;total;població;;270
2004;Olius;total;homes;població;;304
2004;Olius;total;dones;població;;306
2004;Olius;total;total;població;;610
2004;Olivella;total;homes;població;;1072
2004;Olivella;total;dones;població;;939
2004;Olivella;total;total;població;;2011
2004;Olost;total;homes;població;;588
2004;Olost;total;dones;població;;599
2004;Olost;total;total;població;;1187
2004;Olot;total;homes;població;;15049
2004;Olot;total;dones;població;;15257
2004;Olot;total;total;població;;30306
2004;Oluges, les;total;homes;població;;95
2004;Oluges, les;total;dones;població;;86
2004;Oluges, les;total;total;població;;181
2004;Olvan;total;homes;població;;438
2004;Olvan;total;dones;població;;457
2004;Olvan;total;total;població;;895
2004;Omellons, els;total;homes;població;;129
2004;Omellons, els;total;dones;població;;124
2004;Omellons, els;total;total;població;;253
2004;Omells de na Gaia, els;total;homes;població;;87
2004;Omells de na Gaia, els;total;dones;població;;69
2004;Omells de na Gaia, els;total;total;població;;156
2004;Ordis;total;homes;població;;179
2004;Ordis;total;dones;població;;156
2004;Ordis;total;total;població;;335
2004;Organyà;total;homes;població;;471
2004;Organyà;total;dones;població;;464
2004;Organyà;total;total;població;;935
2004;Orís;total;homes;població;;126
2004;Orís;total;dones;població;;126
2004;Orís;total;total;població;;252
2004;Oristà;total;homes;població;;291
2004;Oristà;total;dones;població;;312
2004;Oristà;total;total;població;;603
2004;Orpí;total;homes;població;;93
2004;Orpí;total;dones;població;;82
2004;Orpí;total;total;població;;175
2004;Òrrius;total;homes;població;;171
2004;Òrrius;total;dones;població;;159
2004;Òrrius;total;total;població;;330
2004;Os de Balaguer;total;homes;població;;426
2004;Os de Balaguer;total;dones;població;;374
2004;Os de Balaguer;total;total;població;;800
2004;Osor;total;homes;població;;220
2004;Osor;total;dones;població;;209
2004;Osor;total;total;població;;429
2004;Ossó de Sió;total;homes;població;;117
2004;Ossó de Sió;total;dones;població;;113
2004;Ossó de Sió;total;total;població;;230
2004;Pacs del Penedès;total;homes;població;;377
2004;Pacs del Penedès;total;dones;població;;362
2004;Pacs del Penedès;total;total;població;;739
2004;Palafolls;total;homes;població;;3345
2004;Palafolls;total;dones;població;;3286
2004;Palafolls;total;total;població;;6631
2004;Palafrugell;total;homes;població;;10094
2004;Palafrugell;total;dones;població;;9719
2004;Palafrugell;total;total;població;;19813
2004;Palamós;total;homes;població;;8047
2004;Palamós;total;dones;població;;8184
2004;Palamós;total;total;població;;16231
2004;Palau d'Anglesola, el;total;homes;població;;894
2004;Palau d'Anglesola, el;total;dones;població;;881
2004;Palau d'Anglesola, el;total;total;població;;1775
2004;Palau de Santa Eulàlia;total;homes;població;;50
2004;Palau de Santa Eulàlia;total;dones;població;;34
2004;Palau de Santa Eulàlia;total;total;població;;84
2004;Palau-sator;total;homes;població;;147
2004;Palau-sator;total;dones;població;;137
2004;Palau-sator;total;total;població;;284
2004;Palau-saverdera;total;homes;població;;514
2004;Palau-saverdera;total;dones;població;;517
2004;Palau-saverdera;total;total;població;;1031
2004;Palau-solità i Plegamans;total;homes;població;;6347
2004;Palau-solità i Plegamans;total;dones;població;;6152
2004;Palau-solità i Plegamans;total;total;població;;12499
2004;Pallaresos, els;total;homes;població;;1540
2004;Pallaresos, els;total;dones;població;;1460
2004;Pallaresos, els;total;total;població;;3000
2004;Pallejà;total;homes;població;;4941
2004;Pallejà;total;dones;població;;4805
2004;Pallejà;total;total;població;;9746
2004;Palma d'Ebre, la;total;homes;població;;192
2004;Palma d'Ebre, la;total;dones;població;;211
2004;Palma d'Ebre, la;total;total;població;;403
2004;Palma de Cervelló, la;total;homes;població;;1441
2004;Palma de Cervelló, la;total;dones;població;;1440
2004;Palma de Cervelló, la;total;total;població;;2881
2004;Palol de Revardit;total;homes;població;;222
2004;Palol de Revardit;total;dones;població;;198
2004;Palol de Revardit;total;total;població;;420
2004;Pals;total;homes;població;;1152
2004;Pals;total;dones;població;;1109
2004;Pals;total;total;població;;2261
2004;Papiol, el;total;homes;població;;1839
2004;Papiol, el;total;dones;població;;1789
2004;Papiol, el;total;total;població;;3628
2004;Pardines;total;homes;població;;81
2004;Pardines;total;dones;població;;73
2004;Pardines;total;total;població;;154
2004;Parets del Vallès;total;homes;població;;8078
2004;Parets del Vallès;total;dones;població;;7834
2004;Parets del Vallès;total;total;població;;15912
2004;Parlavà;total;homes;població;;183
2004;Parlavà;total;dones;població;;166
2004;Parlavà;total;total;població;;349
2004;Passanant i Belltall;total;homes;població;;115
2004;Passanant i Belltall;total;dones;població;;94
2004;Passanant i Belltall;total;total;població;;209
2004;Pau;total;homes;població;;230
2004;Pau;total;dones;població;;224
2004;Pau;total;total;població;;454
2004;Paüls;total;homes;població;;307
2004;Paüls;total;dones;població;;308
2004;Paüls;total;total;població;;615
2004;Pedret i Marzà;total;homes;població;;74
2004;Pedret i Marzà;total;dones;població;;70
2004;Pedret i Marzà;total;total;població;;144
2004;Penelles;total;homes;població;;282
2004;Penelles;total;dones;població;;241
2004;Penelles;total;total;població;;523
2004;Pera, la;total;homes;població;;213
2004;Pera, la;total;dones;població;;211
2004;Pera, la;total;total;població;;424
2004;Perafita;total;homes;població;;180
2004;Perafita;total;dones;població;;191
2004;Perafita;total;total;població;;371
2004;Perafort;total;homes;població;;384
2004;Perafort;total;dones;població;;357
2004;Perafort;total;total;població;;741
2004;Peralada;total;homes;població;;768
2004;Peralada;total;dones;població;;723
2004;Peralada;total;total;població;;1491
2004;Peramola;total;homes;població;;206
2004;Peramola;total;dones;població;;176
2004;Peramola;total;total;població;;382
2004;Perelló, el;total;homes;població;;1222
2004;Perelló, el;total;dones;població;;1060
2004;Perelló, el;total;total;població;;2282
2004;Piera;total;homes;població;;5900
2004;Piera;total;dones;població;;5552
2004;Piera;total;total;població;;11452
2004;Piles, les;total;homes;població;;106
2004;Piles, les;total;dones;població;;82
2004;Piles, les;total;total;població;;188
2004;Pineda de Mar;total;homes;població;;11936
2004;Pineda de Mar;total;dones;població;;11603
2004;Pineda de Mar;total;total;població;;23539
2004;Pinell de Brai, el;total;homes;població;;557
2004;Pinell de Brai, el;total;dones;població;;526
2004;Pinell de Brai, el;total;total;població;;1083
2004;Pinell de Solsonès;total;homes;població;;117
2004;Pinell de Solsonès;total;dones;població;;98
2004;Pinell de Solsonès;total;total;població;;215
2004;Pinós;total;homes;població;;169
2004;Pinós;total;dones;població;;142
2004;Pinós;total;total;població;;311
2004;Pira;total;homes;població;;218
2004;Pira;total;dones;població;;233
2004;Pira;total;total;població;;451
2004;Pla de Santa Maria, el;total;homes;població;;945
2004;Pla de Santa Maria, el;total;dones;població;;875
2004;Pla de Santa Maria, el;total;total;població;;1820
2004;Pla del Penedès, el;total;homes;població;;459
2004;Pla del Penedès, el;total;dones;població;;432
2004;Pla del Penedès, el;total;total;població;;891
2004;Planes d'Hostoles, les;total;homes;població;;860
2004;Planes d'Hostoles, les;total;dones;població;;860
2004;Planes d'Hostoles, les;total;total;població;;1720
2004;Planoles;total;homes;població;;164
2004;Planoles;total;dones;població;;140
2004;Planoles;total;total;població;;304
2004;Plans de Sió, els;total;homes;població;;291
2004;Plans de Sió, els;total;dones;població;;272
2004;Plans de Sió, els;total;total;població;;563
2004;Poal, el;total;homes;població;;342
2004;Poal, el;total;dones;població;;303
2004;Poal, el;total;total;població;;645
2004;Pobla de Cérvoles, la;total;homes;població;;127
2004;Pobla de Cérvoles, la;total;dones;població;;111
2004;Pobla de Cérvoles, la;total;total;població;;238
2004;Pobla de Claramunt, la;total;homes;població;;1018
2004;Pobla de Claramunt, la;total;dones;població;;924
2004;Pobla de Claramunt, la;total;total;població;;1942
2004;Pobla de Lillet, la;total;homes;població;;655
2004;Pobla de Lillet, la;total;dones;població;;702
2004;Pobla de Lillet, la;total;total;població;;1357
2004;Pobla de Mafumet, la;total;homes;població;;671
2004;Pobla de Mafumet, la;total;dones;població;;669
2004;Pobla de Mafumet, la;total;total;població;;1340
2004;Pobla de Massaluca, la;total;homes;població;;229
2004;Pobla de Massaluca, la;total;dones;població;;204
2004;Pobla de Massaluca, la;total;total;població;;433
2004;Pobla de Montornès, la;total;homes;població;;1008
2004;Pobla de Montornès, la;total;dones;població;;874
2004;Pobla de Montornès, la;total;total;població;;1882
2004;Pobla de Segur, la;total;homes;població;;1464
2004;Pobla de Segur, la;total;dones;població;;1497
2004;Pobla de Segur, la;total;total;població;;2961
2004;Poboleda;total;homes;població;;176
2004;Poboleda;total;dones;població;;158
2004;Poboleda;total;total;població;;334
2004;Polinyà;total;homes;població;;2992
2004;Polinyà;total;dones;població;;2863
2004;Polinyà;total;total;població;;5855
2004;Pont d'Armentera, el;total;homes;població;;297
2004;Pont d'Armentera, el;total;dones;població;;274
2004;Pont d'Armentera, el;total;total;població;;571
2004;Pont de Bar, el;total;homes;població;;83
2004;Pont de Bar, el;total;dones;població;;70
2004;Pont de Bar, el;total;total;població;;153
2004;Pont de Molins;total;homes;població;;236
2004;Pont de Molins;total;dones;població;;214
2004;Pont de Molins;total;total;població;;450
2004;Pont de Suert, el;total;homes;població;;1114
2004;Pont de Suert, el;total;dones;població;;1098
2004;Pont de Suert, el;total;total;població;;2212
2004;Pont de Vilomara i Rocafort, el;total;homes;població;;1534
2004;Pont de Vilomara i Rocafort, el;total;dones;població;;1458
2004;Pont de Vilomara i Rocafort, el;total;total;població;;2992
2004;Pontils;total;homes;població;;71
2004;Pontils;total;dones;població;;67
2004;Pontils;total;total;població;;138
2004;Pontons;total;homes;població;;256
2004;Pontons;total;dones;població;;211
2004;Pontons;total;total;població;;467
2004;Pontós;total;homes;població;;115
2004;Pontós;total;dones;població;;97
2004;Pontós;total;total;població;;212
2004;Ponts;total;homes;població;;1173
2004;Ponts;total;dones;població;;1192
2004;Ponts;total;total;població;;2365
2004;Porqueres;total;homes;població;;1928
2004;Porqueres;total;dones;població;;1991
2004;Porqueres;total;total;població;;3919
2004;Porrera;total;homes;població;;264
2004;Porrera;total;dones;població;;224
2004;Porrera;total;total;població;;488
2004;Port de la Selva, el;total;homes;població;;464
2004;Port de la Selva, el;total;dones;població;;458
2004;Port de la Selva, el;total;total;població;;922
2004;Portbou;total;homes;població;;676
2004;Portbou;total;dones;població;;689
2004;Portbou;total;total;població;;1365
2004;Portella, la;total;homes;població;;400
2004;Portella, la;total;dones;població;;313
2004;Portella, la;total;total;població;;713
2004;Pradell de la Teixeta;total;homes;població;;100
2004;Pradell de la Teixeta;total;dones;població;;99
2004;Pradell de la Teixeta;total;total;població;;199
2004;Prades;total;homes;població;;312
2004;Prades;total;dones;població;;279
2004;Prades;total;total;població;;591
2004;Prat de Comte;total;homes;població;;93
2004;Prat de Comte;total;dones;població;;96
2004;Prat de Comte;total;total;població;;189
2004;Prat de Llobregat, el;total;homes;població;;31708
2004;Prat de Llobregat, el;total;dones;població;;31440
2004;Prat de Llobregat, el;total;total;població;;63148
2004;Pratdip;total;homes;població;;345
2004;Pratdip;total;dones;població;;310
2004;Pratdip;total;total;població;;655
2004;Prats de Lluçanès;total;homes;població;;1350
2004;Prats de Lluçanès;total;dones;població;;1350
2004;Prats de Lluçanès;total;total;població;;2700
2004;Prats de Rei, els;total;homes;població;;273
2004;Prats de Rei, els;total;dones;població;;267
2004;Prats de Rei, els;total;total;població;;540
2004;Prats i Sansor;total;homes;població;;126
2004;Prats i Sansor;total;dones;població;;91
2004;Prats i Sansor;total;total;població;;217
2004;Preixana;total;homes;població;;208
2004;Preixana;total;dones;població;;205
2004;Preixana;total;total;població;;413
2004;Preixens;total;homes;població;;253
2004;Preixens;total;dones;població;;256
2004;Preixens;total;total;població;;509
2004;Premià de Dalt;total;homes;població;;4850
2004;Premià de Dalt;total;dones;població;;4853
2004;Premià de Dalt;total;total;població;;9703
2004;Premià de Mar;total;homes;població;;13739
2004;Premià de Mar;total;dones;població;;13725
2004;Premià de Mar;total;total;població;;27464
2004;Preses, les;total;homes;població;;798
2004;Preses, les;total;dones;població;;846
2004;Preses, les;total;total;població;;1644
2004;Prullans;total;homes;població;;121
2004;Prullans;total;dones;població;;112
2004;Prullans;total;total;població;;233
2004;Puigcerdà;total;homes;població;;4374
2004;Puigcerdà;total;dones;població;;3996
2004;Puigcerdà;total;total;població;;8370
2004;Puigdàlber;total;homes;població;;184
2004;Puigdàlber;total;dones;població;;205
2004;Puigdàlber;total;total;població;;389
2004;Puiggròs;total;homes;població;;129
2004;Puiggròs;total;dones;població;;125
2004;Puiggròs;total;total;població;;254
2004;Puigpelat;total;homes;població;;381
2004;Puigpelat;total;dones;població;;353
2004;Puigpelat;total;total;població;;734
2004;Puig-reig;total;homes;població;;2026
2004;Puig-reig;total;dones;població;;2145
2004;Puig-reig;total;total;població;;4171
2004;Puigverd d'Agramunt;total;homes;població;;131
2004;Puigverd d'Agramunt;total;dones;població;;113
2004;Puigverd d'Agramunt;total;total;població;;244
2004;Puigverd de Lleida;total;homes;població;;574
2004;Puigverd de Lleida;total;dones;població;;567
2004;Puigverd de Lleida;total;total;població;;1141
2004;Pujalt;total;homes;població;;101
2004;Pujalt;total;dones;població;;93
2004;Pujalt;total;total;població;;194
2004;Quar, la;total;homes;població;;42
2004;Quar, la;total;dones;població;;31
2004;Quar, la;total;total;població;;73
2004;Quart;total;homes;població;;1322
2004;Quart;total;dones;població;;1287
2004;Quart;total;total;població;;2609
2004;Queralbs;total;homes;població;;113
2004;Queralbs;total;dones;població;;85
2004;Queralbs;total;total;població;;198
2004;Querol;total;homes;població;;179
2004;Querol;total;dones;població;;143
2004;Querol;total;total;població;;322
2004;Rabós;total;homes;població;;83
2004;Rabós;total;dones;població;;84
2004;Rabós;total;total;població;;167
2004;Rajadell;total;homes;població;;239
2004;Rajadell;total;dones;població;;216
2004;Rajadell;total;total;població;;455
2004;Ràpita, la;total;homes;població;;6305
2004;Ràpita, la;total;dones;població;;6289
2004;Ràpita, la;total;total;població;;12594
2004;Rasquera;total;homes;població;;428
2004;Rasquera;total;dones;població;;414
2004;Rasquera;total;total;població;;842
2004;Regencós;total;homes;població;;165
2004;Regencós;total;dones;població;;138
2004;Regencós;total;total;població;;303
2004;Rellinars;total;homes;població;;290
2004;Rellinars;total;dones;població;;282
2004;Rellinars;total;total;població;;572
2004;Renau;total;homes;població;;45
2004;Renau;total;dones;població;;46
2004;Renau;total;total;població;;91
2004;Reus;total;homes;població;;47777
2004;Reus;total;dones;població;;48865
2004;Reus;total;total;població;;96642
2004;Rialp;total;homes;població;;312
2004;Rialp;total;dones;població;;300
2004;Rialp;total;total;població;;612
2004;Riba, la;total;homes;població;;363
2004;Riba, la;total;dones;població;;313
2004;Riba, la;total;total;població;;676
2004;Riba-roja d'Ebre;total;homes;població;;698
2004;Riba-roja d'Ebre;total;dones;població;;652
2004;Riba-roja d'Ebre;total;total;població;;1350
2004;Ribera d'Ondara;total;homes;població;;240
2004;Ribera d'Ondara;total;dones;població;;222
2004;Ribera d'Ondara;total;total;població;;462
2004;Ribera d'Urgellet;total;homes;població;;449
2004;Ribera d'Urgellet;total;dones;població;;408
2004;Ribera d'Urgellet;total;total;població;;857
2004;Ribes de Freser;total;homes;població;;1012
2004;Ribes de Freser;total;dones;població;;1028
2004;Ribes de Freser;total;total;població;;2040
2004;Riells i Viabrea;total;homes;població;;1481
2004;Riells i Viabrea;total;dones;població;;1337
2004;Riells i Viabrea;total;total;població;;2818
2004;Riera de Gaià, la;total;homes;població;;619
2004;Riera de Gaià, la;total;dones;població;;584
2004;Riera de Gaià, la;total;total;població;;1203
2004;Riner;total;homes;població;;138
2004;Riner;total;dones;població;;135
2004;Riner;total;total;població;;273
2004;Ripoll;total;homes;població;;5259
2004;Ripoll;total;dones;població;;5458
2004;Ripoll;total;total;població;;10717
2004;Ripollet;total;homes;població;;16943
2004;Ripollet;total;dones;població;;16662
2004;Ripollet;total;total;població;;33605
2004;Riu de Cerdanya;total;homes;població;;51
2004;Riu de Cerdanya;total;dones;població;;48
2004;Riu de Cerdanya;total;total;població;;99
2004;Riudarenes;total;homes;població;;814
2004;Riudarenes;total;dones;població;;767
2004;Riudarenes;total;total;població;;1581
2004;Riudaura;total;homes;població;;207
2004;Riudaura;total;dones;població;;199
2004;Riudaura;total;total;població;;406
2004;Riudecanyes;total;homes;població;;390
2004;Riudecanyes;total;dones;població;;374
2004;Riudecanyes;total;total;població;;764
2004;Riudecols;total;homes;població;;555
2004;Riudecols;total;dones;població;;509
2004;Riudecols;total;total;població;;1064
2004;Riudellots de la Selva;total;homes;població;;886
2004;Riudellots de la Selva;total;dones;població;;849
2004;Riudellots de la Selva;total;total;població;;1735
2004;Riudoms;total;homes;població;;2841
2004;Riudoms;total;dones;població;;2732
2004;Riudoms;total;total;població;;5573
2004;Riumors;total;homes;població;;81
2004;Riumors;total;dones;població;;82
2004;Riumors;total;total;població;;163
2004;Roca del Vallès, la;total;homes;població;;4392
2004;Roca del Vallès, la;total;dones;població;;4293
2004;Roca del Vallès, la;total;total;població;;8685
2004;Rocafort de Queralt;total;homes;població;;138
2004;Rocafort de Queralt;total;dones;població;;124
2004;Rocafort de Queralt;total;total;població;;262
2004;Roda de Berà;total;homes;població;;2267
2004;Roda de Berà;total;dones;població;;2014
2004;Roda de Berà;total;total;població;;4281
2004;Roda de Ter;total;homes;població;;2609
2004;Roda de Ter;total;dones;població;;2756
2004;Roda de Ter;total;total;població;;5365
2004;Rodonyà;total;homes;població;;235
2004;Rodonyà;total;dones;població;;220
2004;Rodonyà;total;total;població;;455
2004;Roquetes;total;homes;població;;3621
2004;Roquetes;total;dones;població;;3396
2004;Roquetes;total;total;població;;7017
2004;Roses;total;homes;població;;7376
2004;Roses;total;dones;població;;7311
2004;Roses;total;total;població;;14687
2004;Rosselló;total;homes;població;;1041
2004;Rosselló;total;dones;població;;1045
2004;Rosselló;total;total;població;;2086
2004;Rourell, el;total;homes;població;;154
2004;Rourell, el;total;dones;població;;155
2004;Rourell, el;total;total;població;;309
2004;Rubí;total;homes;població;;33499
2004;Rubí;total;dones;població;;32926
2004;Rubí;total;total;població;;66425
2004;Rubió;total;homes;població;;76
2004;Rubió;total;dones;població;;58
2004;Rubió;total;total;població;;134
2004;Rupià;total;homes;població;;104
2004;Rupià;total;dones;població;;92
2004;Rupià;total;total;població;;196
2004;Rupit i Pruit;total;homes;població;;173
2004;Rupit i Pruit;total;dones;població;;171
2004;Rupit i Pruit;total;total;població;;344
2004;Sabadell;total;homes;població;;94421
2004;Sabadell;total;dones;població;;98917
2004;Sabadell;total;total;població;;193338
2004;Sagàs;total;homes;població;;71
2004;Sagàs;total;dones;població;;69
2004;Sagàs;total;total;població;;140
2004;Salàs de Pallars;total;homes;població;;169
2004;Salàs de Pallars;total;dones;població;;163
2004;Salàs de Pallars;total;total;població;;332
2004;Saldes;total;homes;població;;190
2004;Saldes;total;dones;població;;148
2004;Saldes;total;total;població;;338
2004;Sales de Llierca;total;homes;població;;56
2004;Sales de Llierca;total;dones;població;;52
2004;Sales de Llierca;total;total;població;;108
2004;Sallent;total;homes;població;;3439
2004;Sallent;total;dones;població;;3664
2004;Sallent;total;total;població;;7103
2004;Salomó;total;homes;població;;179
2004;Salomó;total;dones;població;;172
2004;Salomó;total;total;població;;351
2004;Salou;total;homes;població;;9528
2004;Salou;total;dones;població;;8710
2004;Salou;total;total;població;;18238
2004;Salt;total;homes;població;;13559
2004;Salt;total;dones;població;;12353
2004;Salt;total;total;població;;25912
2004;Sanaüja;total;homes;població;;243
2004;Sanaüja;total;dones;població;;233
2004;Sanaüja;total;total;població;;476
2004;Sant Adrià de Besòs;total;homes;població;;16267
2004;Sant Adrià de Besòs;total;dones;població;;16654
2004;Sant Adrià de Besòs;total;total;població;;32921
2004;Sant Agustí de Lluçanès;total;homes;població;;54
2004;Sant Agustí de Lluçanès;total;dones;població;;49
2004;Sant Agustí de Lluçanès;total;total;població;;103
2004;Sant Andreu de la Barca;total;homes;població;;12149
2004;Sant Andreu de la Barca;total;dones;població;;11526
2004;Sant Andreu de la Barca;total;total;població;;23675
2004;Sant Andreu de Llavaneres;total;homes;població;;4389
2004;Sant Andreu de Llavaneres;total;dones;població;;4318
2004;Sant Andreu de Llavaneres;total;total;població;;8707
2004;Sant Andreu Salou;total;homes;població;;71
2004;Sant Andreu Salou;total;dones;població;;81
2004;Sant Andreu Salou;total;total;població;;152
2004;Sant Aniol de Finestres;total;homes;població;;157
2004;Sant Aniol de Finestres;total;dones;població;;134
2004;Sant Aniol de Finestres;total;total;població;;291
2004;Sant Antoni de Vilamajor;total;homes;població;;2242
2004;Sant Antoni de Vilamajor;total;dones;població;;2195
2004;Sant Antoni de Vilamajor;total;total;població;;4437
2004;Sant Bartomeu del Grau;total;homes;població;;568
2004;Sant Bartomeu del Grau;total;dones;població;;516
2004;Sant Bartomeu del Grau;total;total;població;;1084
2004;Sant Boi de Llobregat;total;homes;població;;40096
2004;Sant Boi de Llobregat;total;dones;població;;40540
2004;Sant Boi de Llobregat;total;total;població;;80636
2004;Sant Boi de Lluçanès;total;homes;població;;291
2004;Sant Boi de Lluçanès;total;dones;població;;281
2004;Sant Boi de Lluçanès;total;total;població;;572
2004;Sant Cebrià de Vallalta;total;homes;població;;1280
2004;Sant Cebrià de Vallalta;total;dones;població;;1063
2004;Sant Cebrià de Vallalta;total;total;població;;2343
2004;Sant Celoni;total;homes;població;;7136
2004;Sant Celoni;total;dones;població;;7142
2004;Sant Celoni;total;total;població;;14278
2004;Sant Climent de Llobregat;total;homes;població;;1706
2004;Sant Climent de Llobregat;total;dones;població;;1660
2004;Sant Climent de Llobregat;total;total;població;;3366
2004;Sant Climent Sescebes;total;homes;població;;229
2004;Sant Climent Sescebes;total;dones;població;;224
2004;Sant Climent Sescebes;total;total;població;;453
2004;Sant Cugat del Vallès;total;homes;població;;32063
2004;Sant Cugat del Vallès;total;dones;població;;32998
2004;Sant Cugat del Vallès;total;total;població;;65061
2004;Sant Cugat Sesgarrigues;total;homes;població;;444
2004;Sant Cugat Sesgarrigues;total;dones;població;;399
2004;Sant Cugat Sesgarrigues;total;total;població;;843
2004;Sant Esteve de la Sarga;total;homes;població;;72
2004;Sant Esteve de la Sarga;total;dones;població;;42
2004;Sant Esteve de la Sarga;total;total;població;;114
2004;Sant Esteve de Palautordera;total;homes;població;;874
2004;Sant Esteve de Palautordera;total;dones;població;;924
2004;Sant Esteve de Palautordera;total;total;població;;1798
2004;Sant Esteve Sesrovires;total;homes;població;;3083
2004;Sant Esteve Sesrovires;total;dones;població;;2895
2004;Sant Esteve Sesrovires;total;total;població;;5978
2004;Sant Feliu de Buixalleu;total;homes;població;;405
2004;Sant Feliu de Buixalleu;total;dones;població;;347
2004;Sant Feliu de Buixalleu;total;total;població;;752
2004;Sant Feliu de Codines;total;homes;població;;2590
2004;Sant Feliu de Codines;total;dones;població;;2437
2004;Sant Feliu de Codines;total;total;població;;5027
2004;Sant Feliu de Guíxols;total;homes;població;;9739
2004;Sant Feliu de Guíxols;total;dones;població;;9954
2004;Sant Feliu de Guíxols;total;total;població;;19693
2004;Sant Feliu de Llobregat;total;homes;població;;20674
2004;Sant Feliu de Llobregat;total;dones;població;;21280
2004;Sant Feliu de Llobregat;total;total;població;;41954
2004;Sant Feliu de Pallerols;total;homes;població;;595
2004;Sant Feliu de Pallerols;total;dones;població;;607
2004;Sant Feliu de Pallerols;total;total;població;;1202
2004;Sant Feliu Sasserra;total;homes;població;;326
2004;Sant Feliu Sasserra;total;dones;població;;327
2004;Sant Feliu Sasserra;total;total;població;;653
2004;Sant Ferriol;total;homes;població;;107
2004;Sant Ferriol;total;dones;població;;91
2004;Sant Ferriol;total;total;població;;198
2004;Sant Fost de Campsentelles;total;homes;població;;3589
2004;Sant Fost de Campsentelles;total;dones;població;;3450
2004;Sant Fost de Campsentelles;total;total;població;;7039
2004;Sant Fruitós de Bages;total;homes;població;;3392
2004;Sant Fruitós de Bages;total;dones;població;;3304
2004;Sant Fruitós de Bages;total;total;població;;6696
2004;Sant Gregori;total;homes;població;;1390
2004;Sant Gregori;total;dones;població;;1315
2004;Sant Gregori;total;total;població;;2705
2004;Sant Guim de Freixenet;total;homes;població;;540
2004;Sant Guim de Freixenet;total;dones;població;;531
2004;Sant Guim de Freixenet;total;total;població;;1071
2004;Sant Guim de la Plana;total;homes;població;;95
2004;Sant Guim de la Plana;total;dones;població;;90
2004;Sant Guim de la Plana;total;total;població;;185
2004;Sant Hilari Sacalm;total;homes;població;;2855
2004;Sant Hilari Sacalm;total;dones;població;;2611
2004;Sant Hilari Sacalm;total;total;població;;5466
2004;Sant Hipòlit de Voltregà;total;homes;població;;1568
2004;Sant Hipòlit de Voltregà;total;dones;població;;1582
2004;Sant Hipòlit de Voltregà;total;total;població;;3150
2004;Sant Iscle de Vallalta;total;homes;població;;532
2004;Sant Iscle de Vallalta;total;dones;població;;484
2004;Sant Iscle de Vallalta;total;total;població;;1016
2004;Sant Jaume d'Enveja;total;homes;població;;1673
2004;Sant Jaume d'Enveja;total;dones;població;;1619
2004;Sant Jaume d'Enveja;total;total;població;;3292
2004;Sant Jaume de Frontanyà;total;homes;població;;14
2004;Sant Jaume de Frontanyà;total;dones;població;;13
2004;Sant Jaume de Frontanyà;total;total;població;;27
2004;Sant Jaume de Llierca;total;homes;població;;398
2004;Sant Jaume de Llierca;total;dones;població;;380
2004;Sant Jaume de Llierca;total;total;població;;778
2004;Sant Jaume dels Domenys;total;homes;població;;904
2004;Sant Jaume dels Domenys;total;dones;població;;821
2004;Sant Jaume dels Domenys;total;total;població;;1725
2004;Sant Joan de les Abadesses;total;homes;població;;1794
2004;Sant Joan de les Abadesses;total;dones;població;;1803
2004;Sant Joan de les Abadesses;total;total;població;;3597
2004;Sant Joan de Mollet;total;homes;població;;211
2004;Sant Joan de Mollet;total;dones;població;;226
2004;Sant Joan de Mollet;total;total;població;;437
2004;Sant Joan de Vilatorrada;total;homes;població;;4943
2004;Sant Joan de Vilatorrada;total;dones;població;;4911
2004;Sant Joan de Vilatorrada;total;total;població;;9854
2004;Sant Joan Despí;total;homes;població;;14917
2004;Sant Joan Despí;total;dones;població;;15325
2004;Sant Joan Despí;total;total;població;;30242
2004;Sant Joan les Fonts;total;homes;població;;1328
2004;Sant Joan les Fonts;total;dones;població;;1332
2004;Sant Joan les Fonts;total;total;població;;2660
2004;Sant Jordi Desvalls;total;homes;població;;326
2004;Sant Jordi Desvalls;total;dones;població;;321
2004;Sant Jordi Desvalls;total;total;població;;647
2004;Sant Julià de Cerdanyola;total;homes;població;;141
2004;Sant Julià de Cerdanyola;total;dones;població;;119
2004;Sant Julià de Cerdanyola;total;total;població;;260
2004;Sant Julià de Ramis;total;homes;població;;1191
2004;Sant Julià de Ramis;total;dones;població;;1149
2004;Sant Julià de Ramis;total;total;població;;2340
2004;Sant Julià de Vilatorta;total;homes;població;;1280
2004;Sant Julià de Vilatorta;total;dones;població;;1342
2004;Sant Julià de Vilatorta;total;total;població;;2622
2004;Sant Julià del Llor i Bonmatí;total;homes;població;;507
2004;Sant Julià del Llor i Bonmatí;total;dones;població;;484
2004;Sant Julià del Llor i Bonmatí;total;total;població;;991
2004;Sant Just Desvern;total;homes;població;;7119
2004;Sant Just Desvern;total;dones;població;;7791
2004;Sant Just Desvern;total;total;població;;14910
2004;Sant Llorenç d'Hortons;total;homes;població;;969
2004;Sant Llorenç d'Hortons;total;dones;població;;970
2004;Sant Llorenç d'Hortons;total;total;població;;1939
2004;Sant Llorenç de la Muga;total;homes;població;;92
2004;Sant Llorenç de la Muga;total;dones;població;;100
2004;Sant Llorenç de la Muga;total;total;població;;192
2004;Sant Llorenç de Morunys;total;homes;població;;482
2004;Sant Llorenç de Morunys;total;dones;població;;454
2004;Sant Llorenç de Morunys;total;total;població;;936
2004;Sant Llorenç Savall;total;homes;població;;1112
2004;Sant Llorenç Savall;total;dones;població;;1098
2004;Sant Llorenç Savall;total;total;població;;2210
2004;Sant Martí d'Albars;total;homes;població;;63
2004;Sant Martí d'Albars;total;dones;població;;59
2004;Sant Martí d'Albars;total;total;població;;122
2004;Sant Martí de Centelles;total;homes;població;;436
2004;Sant Martí de Centelles;total;dones;població;;415
2004;Sant Martí de Centelles;total;total;població;;851
2004;Sant Martí de Llémena;total;homes;població;;267
2004;Sant Martí de Llémena;total;dones;població;;242
2004;Sant Martí de Llémena;total;total;població;;509
2004;Sant Martí de Riucorb;total;homes;població;;366
2004;Sant Martí de Riucorb;total;dones;població;;331
2004;Sant Martí de Riucorb;total;total;població;;697
2004;Sant Martí de Tous;total;homes;població;;535
2004;Sant Martí de Tous;total;dones;població;;518
2004;Sant Martí de Tous;total;total;població;;1053
2004;Sant Martí Sarroca;total;homes;població;;1335
2004;Sant Martí Sarroca;total;dones;població;;1315
2004;Sant Martí Sarroca;total;total;població;;2650
2004;Sant Martí Sesgueioles;total;homes;població;;175
2004;Sant Martí Sesgueioles;total;dones;població;;166
2004;Sant Martí Sesgueioles;total;total;població;;341
2004;Sant Martí Vell;total;homes;població;;103
2004;Sant Martí Vell;total;dones;població;;82
2004;Sant Martí Vell;total;total;població;;185
2004;Sant Mateu de Bages;total;homes;població;;327
2004;Sant Mateu de Bages;total;dones;població;;337
2004;Sant Mateu de Bages;total;total;població;;664
2004;Sant Miquel de Campmajor;total;homes;població;;110
2004;Sant Miquel de Campmajor;total;dones;població;;89
2004;Sant Miquel de Campmajor;total;total;població;;199
2004;Sant Miquel de Fluvià;total;homes;població;;340
2004;Sant Miquel de Fluvià;total;dones;població;;314
2004;Sant Miquel de Fluvià;total;total;població;;654
2004;Sant Mori;total;homes;població;;79
2004;Sant Mori;total;dones;població;;81
2004;Sant Mori;total;total;població;;160
2004;Sant Pau de Segúries;total;homes;població;;328
2004;Sant Pau de Segúries;total;dones;població;;328
2004;Sant Pau de Segúries;total;total;població;;656
2004;Sant Pere de Ribes;total;homes;població;;12755
2004;Sant Pere de Ribes;total;dones;població;;12525
2004;Sant Pere de Ribes;total;total;població;;25280
2004;Sant Pere de Riudebitlles;total;homes;població;;1049
2004;Sant Pere de Riudebitlles;total;dones;població;;1063
2004;Sant Pere de Riudebitlles;total;total;població;;2112
2004;Sant Pere de Torelló;total;homes;població;;1126
2004;Sant Pere de Torelló;total;dones;població;;1118
2004;Sant Pere de Torelló;total;total;població;;2244
2004;Sant Pere de Vilamajor;total;homes;població;;1687
2004;Sant Pere de Vilamajor;total;dones;població;;1583
2004;Sant Pere de Vilamajor;total;total;població;;3270
2004;Sant Pere Pescador;total;homes;població;;882
2004;Sant Pere Pescador;total;dones;població;;736
2004;Sant Pere Pescador;total;total;població;;1618
2004;Sant Pere Sallavinera;total;homes;població;;79
2004;Sant Pere Sallavinera;total;dones;població;;77
2004;Sant Pere Sallavinera;total;total;població;;156
2004;Sant Pol de Mar;total;homes;població;;2283
2004;Sant Pol de Mar;total;dones;població;;2181
2004;Sant Pol de Mar;total;total;població;;4464
2004;Sant Quintí de Mediona;total;homes;població;;1040
2004;Sant Quintí de Mediona;total;dones;població;;930
2004;Sant Quintí de Mediona;total;total;població;;1970
2004;Sant Quirze de Besora;total;homes;població;;976
2004;Sant Quirze de Besora;total;dones;població;;1009
2004;Sant Quirze de Besora;total;total;població;;1985
2004;Sant Quirze del Vallès;total;homes;població;;7804
2004;Sant Quirze del Vallès;total;dones;població;;7925
2004;Sant Quirze del Vallès;total;total;població;;15729
2004;Sant Quirze Safaja;total;homes;població;;282
2004;Sant Quirze Safaja;total;dones;població;;247
2004;Sant Quirze Safaja;total;total;població;;529
2004;Sant Ramon;total;homes;població;;290
2004;Sant Ramon;total;dones;població;;270
2004;Sant Ramon;total;total;població;;560
2004;Sant Sadurní d'Anoia;total;homes;població;;5505
2004;Sant Sadurní d'Anoia;total;dones;població;;5529
2004;Sant Sadurní d'Anoia;total;total;població;;11034
2004;Sant Sadurní d'Osormort;total;homes;població;;48
2004;Sant Sadurní d'Osormort;total;dones;població;;43
2004;Sant Sadurní d'Osormort;total;total;població;;91
2004;Sant Salvador de Guardiola;total;homes;població;;1362
2004;Sant Salvador de Guardiola;total;dones;població;;1260
2004;Sant Salvador de Guardiola;total;total;població;;2622
2004;Sant Vicenç de Castellet;total;homes;població;;3641
2004;Sant Vicenç de Castellet;total;dones;població;;3891
2004;Sant Vicenç de Castellet;total;total;població;;7532
2004;Sant Vicenç de Montalt;total;homes;població;;2309
2004;Sant Vicenç de Montalt;total;dones;població;;2240
2004;Sant Vicenç de Montalt;total;total;població;;4549
2004;Sant Vicenç de Torelló;total;homes;població;;910
2004;Sant Vicenç de Torelló;total;dones;població;;967
2004;Sant Vicenç de Torelló;total;total;població;;1877
2004;Sant Vicenç dels Horts;total;homes;població;;13373
2004;Sant Vicenç dels Horts;total;dones;població;;13104
2004;Sant Vicenç dels Horts;total;total;població;;26477
2004;Santa Bàrbara;total;homes;població;;1854
2004;Santa Bàrbara;total;dones;població;;1763
2004;Santa Bàrbara;total;total;població;;3617
2004;Santa Cecília de Voltregà;total;homes;població;;110
2004;Santa Cecília de Voltregà;total;dones;població;;93
2004;Santa Cecília de Voltregà;total;total;població;;203
2004;Santa Coloma de Cervelló;total;homes;població;;3324
2004;Santa Coloma de Cervelló;total;dones;població;;3328
2004;Santa Coloma de Cervelló;total;total;població;;6652
2004;Santa Coloma de Farners;total;homes;població;;5143
2004;Santa Coloma de Farners;total;dones;població;;4893
2004;Santa Coloma de Farners;total;total;població;;10036
2004;Santa Coloma de Gramenet;total;homes;població;;58522
2004;Santa Coloma de Gramenet;total;dones;població;;57981
2004;Santa Coloma de Gramenet;total;total;població;;116503
2004;Santa Coloma de Queralt;total;homes;població;;1474
2004;Santa Coloma de Queralt;total;dones;població;;1460
2004;Santa Coloma de Queralt;total;total;població;;2934
2004;Santa Cristina d'Aro;total;homes;població;;1949
2004;Santa Cristina d'Aro;total;dones;població;;1786
2004;Santa Cristina d'Aro;total;total;població;;3735
2004;Santa Eugènia de Berga;total;homes;població;;1048
2004;Santa Eugènia de Berga;total;dones;població;;968
2004;Santa Eugènia de Berga;total;total;població;;2016
2004;Santa Eulàlia de Riuprimer;total;homes;població;;443
2004;Santa Eulàlia de Riuprimer;total;dones;població;;421
2004;Santa Eulàlia de Riuprimer;total;total;població;;864
2004;Santa Eulàlia de Ronçana;total;homes;població;;2780
2004;Santa Eulàlia de Ronçana;total;dones;població;;2688
2004;Santa Eulàlia de Ronçana;total;total;població;;5468
2004;Santa Fe del Penedès;total;homes;població;;165
2004;Santa Fe del Penedès;total;dones;població;;171
2004;Santa Fe del Penedès;total;total;població;;336
2004;Santa Llogaia d'Àlguema;total;homes;població;;156
2004;Santa Llogaia d'Àlguema;total;dones;població;;138
2004;Santa Llogaia d'Àlguema;total;total;població;;294
2004;Santa Margarida de Montbui;total;homes;població;;4676
2004;Santa Margarida de Montbui;total;dones;població;;4622
2004;Santa Margarida de Montbui;total;total;població;;9298
2004;Santa Margarida i els Monjos;total;homes;població;;2995
2004;Santa Margarida i els Monjos;total;dones;població;;2706
2004;Santa Margarida i els Monjos;total;total;població;;5701
2004;Santa Maria d'Oló;total;homes;població;;532
2004;Santa Maria d'Oló;total;dones;població;;515
2004;Santa Maria d'Oló;total;total;població;;1047
2004;Santa Maria de Besora;total;homes;població;;90
2004;Santa Maria de Besora;total;dones;població;;85
2004;Santa Maria de Besora;total;total;població;;175
2004;Santa Maria de Martorelles;total;homes;població;;378
2004;Santa Maria de Martorelles;total;dones;població;;358
2004;Santa Maria de Martorelles;total;total;població;;736
2004;Santa Maria de Merlès;total;homes;població;;80
2004;Santa Maria de Merlès;total;dones;població;;73
2004;Santa Maria de Merlès;total;total;població;;153
2004;Santa Maria de Miralles;total;homes;població;;56
2004;Santa Maria de Miralles;total;dones;població;;59
2004;Santa Maria de Miralles;total;total;població;;115
2004;Santa Maria de Palautordera;total;homes;població;;3879
2004;Santa Maria de Palautordera;total;dones;població;;3620
2004;Santa Maria de Palautordera;total;total;població;;7499
2004;Santa Oliva;total;homes;població;;1344
2004;Santa Oliva;total;dones;població;;1254
2004;Santa Oliva;total;total;població;;2598
2004;Santa Pau;total;homes;població;;772
2004;Santa Pau;total;dones;població;;744
2004;Santa Pau;total;total;població;;1516
2004;Santa Perpètua de Mogoda;total;homes;població;;10547
2004;Santa Perpètua de Mogoda;total;dones;població;;10297
2004;Santa Perpètua de Mogoda;total;total;població;;20844
2004;Santa Susanna;total;homes;població;;1368
2004;Santa Susanna;total;dones;població;;1313
2004;Santa Susanna;total;total;població;;2681
2004;Santpedor;total;homes;població;;2907
2004;Santpedor;total;dones;població;;2921
2004;Santpedor;total;total;població;;5828
2004;Sarral;total;homes;població;;783
2004;Sarral;total;dones;població;;709
2004;Sarral;total;total;població;;1492
2004;Sarrià de Ter;total;homes;població;;1956
2004;Sarrià de Ter;total;dones;població;;1974
2004;Sarrià de Ter;total;total;població;;3930
2004;Sarroca de Bellera;total;homes;població;;81
2004;Sarroca de Bellera;total;dones;població;;66
2004;Sarroca de Bellera;total;total;població;;147
2004;Sarroca de Lleida;total;homes;població;;217
2004;Sarroca de Lleida;total;dones;població;;220
2004;Sarroca de Lleida;total;total;població;;437
2004;Saus, Camallera i Llampaies;total;homes;població;;348
2004;Saus, Camallera i Llampaies;total;dones;població;;365
2004;Saus, Camallera i Llampaies;total;total;població;;713
2004;Savallà del Comtat;total;homes;població;;35
2004;Savallà del Comtat;total;dones;població;;37
2004;Savallà del Comtat;total;total;població;;72
2004;Secuita, la;total;homes;població;;597
2004;Secuita, la;total;dones;població;;568
2004;Secuita, la;total;total;població;;1165
2004;Selva de Mar, la;total;homes;població;;106
2004;Selva de Mar, la;total;dones;població;;101
2004;Selva de Mar, la;total;total;població;;207
2004;Selva del Camp, la;total;homes;població;;2340
2004;Selva del Camp, la;total;dones;població;;2288
2004;Selva del Camp, la;total;total;població;;4628
2004;Senan;total;homes;població;;23
2004;Senan;total;dones;població;;10
2004;Senan;total;total;població;;33
2004;Sénia, la;total;homes;població;;2999
2004;Sénia, la;total;dones;població;;2736
2004;Sénia, la;total;total;població;;5735
2004;Senterada;total;homes;població;;45
2004;Senterada;total;dones;població;;48
2004;Senterada;total;total;població;;93
2004;Sentiu de Sió, la;total;homes;població;;227
2004;Sentiu de Sió, la;total;dones;població;;239
2004;Sentiu de Sió, la;total;total;població;;466
2004;Sentmenat;total;homes;població;;3317
2004;Sentmenat;total;dones;població;;3311
2004;Sentmenat;total;total;població;;6628
2004;Serinyà;total;homes;població;;502
2004;Serinyà;total;dones;població;;460
2004;Serinyà;total;total;població;;962
2004;Seròs;total;homes;població;;1011
2004;Seròs;total;dones;població;;816
2004;Seròs;total;total;població;;1827
2004;Serra de Daró;total;homes;població;;97
2004;Serra de Daró;total;dones;població;;81
2004;Serra de Daró;total;total;població;;178
2004;Setcases;total;homes;població;;95
2004;Setcases;total;dones;població;;90
2004;Setcases;total;total;població;;185
2004;Seu d'Urgell, la;total;homes;població;;5851
2004;Seu d'Urgell, la;total;dones;població;;6070
2004;Seu d'Urgell, la;total;total;població;;11921
2004;Seva;total;homes;població;;1457
2004;Seva;total;dones;població;;1389
2004;Seva;total;total;població;;2846
2004;Sidamon;total;homes;població;;329
2004;Sidamon;total;dones;població;;313
2004;Sidamon;total;total;població;;642
2004;Sils;total;homes;població;;1856
2004;Sils;total;dones;població;;1837
2004;Sils;total;total;població;;3693
2004;Sitges;total;homes;població;;11401
2004;Sitges;total;dones;població;;11771
2004;Sitges;total;total;població;;23172
2004;Siurana;total;homes;població;;92
2004;Siurana;total;dones;població;;88
2004;Siurana;total;total;població;;180
2004;Sobremunt;total;homes;població;;40
2004;Sobremunt;total;dones;població;;47
2004;Sobremunt;total;total;població;;87
2004;Soleràs, el;total;homes;població;;220
2004;Soleràs, el;total;dones;població;;187
2004;Soleràs, el;total;total;població;;407
2004;Solivella;total;homes;població;;288
2004;Solivella;total;dones;població;;300
2004;Solivella;total;total;població;;588
2004;Solsona;total;homes;població;;4117
2004;Solsona;total;dones;població;;4010
2004;Solsona;total;total;població;;8127
2004;Sora;total;homes;població;;105
2004;Sora;total;dones;població;;100
2004;Sora;total;total;població;;205
2004;Soriguera;total;homes;població;;178
2004;Soriguera;total;dones;població;;149
2004;Soriguera;total;total;població;;327
2004;Sort;total;homes;població;;1013
2004;Sort;total;dones;població;;990
2004;Sort;total;total;població;;2003
2004;Soses;total;homes;població;;830
2004;Soses;total;dones;població;;735
2004;Soses;total;total;població;;1565
2004;Subirats;total;homes;població;;1363
2004;Subirats;total;dones;població;;1373
2004;Subirats;total;total;població;;2736
2004;Sudanell;total;homes;població;;418
2004;Sudanell;total;dones;població;;356
2004;Sudanell;total;total;població;;774
2004;Sunyer;total;homes;població;;146
2004;Sunyer;total;dones;població;;141
2004;Sunyer;total;total;població;;287
2004;Súria;total;homes;població;;3044
2004;Súria;total;dones;població;;3149
2004;Súria;total;total;població;;6193
2004;Susqueda;total;homes;població;;62
2004;Susqueda;total;dones;població;;49
2004;Susqueda;total;total;població;;111
2004;Tagamanent;total;homes;població;;128
2004;Tagamanent;total;dones;població;;119
2004;Tagamanent;total;total;població;;247
2004;Talamanca;total;homes;població;;59
2004;Talamanca;total;dones;població;;55
2004;Talamanca;total;total;població;;114
2004;Talarn;total;homes;població;;169
2004;Talarn;total;dones;població;;169
2004;Talarn;total;total;població;;338
2004;Talavera;total;homes;població;;153
2004;Talavera;total;dones;població;;133
2004;Talavera;total;total;població;;286
2004;Tallada d'Empordà, la;total;homes;població;;183
2004;Tallada d'Empordà, la;total;dones;població;;155
2004;Tallada d'Empordà, la;total;total;població;;338
2004;Taradell;total;homes;població;;2820
2004;Taradell;total;dones;població;;2699
2004;Taradell;total;total;població;;5519
2004;Tarragona;total;homes;població;;60558
2004;Tarragona;total;dones;població;;63026
2004;Tarragona;total;total;població;;123584
2004;Tàrrega;total;homes;població;;7008
2004;Tàrrega;total;dones;població;;6991
2004;Tàrrega;total;total;població;;13999
2004;Tarrés;total;homes;població;;59
2004;Tarrés;total;dones;població;;62
2004;Tarrés;total;total;població;;121
2004;Tarroja de Segarra;total;homes;població;;82
2004;Tarroja de Segarra;total;dones;població;;82
2004;Tarroja de Segarra;total;total;població;;164
2004;Tavèrnoles;total;homes;població;;148
2004;Tavèrnoles;total;dones;població;;137
2004;Tavèrnoles;total;total;població;;285
2004;Tavertet;total;homes;població;;81
2004;Tavertet;total;dones;població;;68
2004;Tavertet;total;total;població;;149
2004;Teià;total;homes;població;;2881
2004;Teià;total;dones;població;;2870
2004;Teià;total;total;població;;5751
2004;Térmens;total;homes;població;;755
2004;Térmens;total;dones;població;;712
2004;Térmens;total;total;població;;1467
2004;Terrades;total;homes;població;;81
2004;Terrades;total;dones;població;;86
2004;Terrades;total;total;població;;167
2004;Terrassa;total;homes;població;;93865
2004;Terrassa;total;dones;població;;95347
2004;Terrassa;total;total;població;;189212
2004;Tiana;total;homes;població;;3346
2004;Tiana;total;dones;població;;3443
2004;Tiana;total;total;població;;6789
2004;Tírvia;total;homes;població;;66
2004;Tírvia;total;dones;població;;65
2004;Tírvia;total;total;població;;131
2004;Tiurana;total;homes;població;;23
2004;Tiurana;total;dones;població;;14
2004;Tiurana;total;total;població;;37
2004;Tivenys;total;homes;població;;442
2004;Tivenys;total;dones;població;;444
2004;Tivenys;total;total;població;;886
2004;Tivissa;total;homes;població;;906
2004;Tivissa;total;dones;població;;888
2004;Tivissa;total;total;població;;1794
2004;Tona;total;homes;població;;3413
2004;Tona;total;dones;població;;3312
2004;Tona;total;total;població;;6725
2004;Torà;total;homes;població;;635
2004;Torà;total;dones;població;;596
2004;Torà;total;total;població;;1231
2004;Tordera;total;homes;població;;5970
2004;Tordera;total;dones;població;;5749
2004;Tordera;total;total;població;;11719
2004;Torelló;total;homes;població;;6314
2004;Torelló;total;dones;població;;6454
2004;Torelló;total;total;població;;12768
2004;Torms, els;total;homes;població;;104
2004;Torms, els;total;dones;població;;80
2004;Torms, els;total;total;població;;184
2004;Tornabous;total;homes;població;;433
2004;Tornabous;total;dones;població;;391
2004;Tornabous;total;total;població;;824
2004;Torre de Cabdella, la;total;homes;població;;346
2004;Torre de Cabdella, la;total;dones;població;;352
2004;Torre de Cabdella, la;total;total;població;;698
2004;Torre de Claramunt, la;total;homes;població;;1506
2004;Torre de Claramunt, la;total;dones;població;;1430
2004;Torre de Claramunt, la;total;total;població;;2936
2004;Torre de Fontaubella, la;total;homes;població;;62
2004;Torre de Fontaubella, la;total;dones;població;;68
2004;Torre de Fontaubella, la;total;total;població;;130
2004;Torre de l'Espanyol, la;total;homes;població;;388
2004;Torre de l'Espanyol, la;total;dones;població;;343
2004;Torre de l'Espanyol, la;total;total;població;;731
2004;Torrebesses;total;homes;població;;152
2004;Torrebesses;total;dones;població;;146
2004;Torrebesses;total;total;població;;298
2004;Torredembarra;total;homes;població;;6266
2004;Torredembarra;total;dones;població;;6212
2004;Torredembarra;total;total;població;;12478
2004;Torrefarrera;total;homes;població;;1165
2004;Torrefarrera;total;dones;població;;1038
2004;Torrefarrera;total;total;població;;2203
2004;Torrefeta i Florejacs;total;homes;població;;316
2004;Torrefeta i Florejacs;total;dones;població;;319
2004;Torrefeta i Florejacs;total;total;població;;635
2004;Torregrossa;total;homes;població;;1152
2004;Torregrossa;total;dones;població;;1133
2004;Torregrossa;total;total;població;;2285
2004;Torrelameu;total;homes;població;;321
2004;Torrelameu;total;dones;població;;262
2004;Torrelameu;total;total;població;;583
2004;Torrelavit;total;homes;població;;609
2004;Torrelavit;total;dones;població;;539
2004;Torrelavit;total;total;població;;1148
2004;Torrelles de Foix;total;homes;població;;1041
2004;Torrelles de Foix;total;dones;població;;903
2004;Torrelles de Foix;total;total;població;;1944
2004;Torrelles de Llobregat;total;homes;població;;2182
2004;Torrelles de Llobregat;total;dones;població;;2142
2004;Torrelles de Llobregat;total;total;població;;4324
2004;Torrent;total;homes;població;;93
2004;Torrent;total;dones;població;;80
2004;Torrent;total;total;població;;173
2004;Torres de Segre;total;homes;població;;998
2004;Torres de Segre;total;dones;població;;937
2004;Torres de Segre;total;total;població;;1935
2004;Torre-serona;total;homes;població;;176
2004;Torre-serona;total;dones;població;;163
2004;Torre-serona;total;total;població;;339
2004;Torroella de Fluvià;total;homes;població;;239
2004;Torroella de Fluvià;total;dones;població;;179
2004;Torroella de Fluvià;total;total;població;;418
2004;Torroella de Montgrí;total;homes;població;;4953
2004;Torroella de Montgrí;total;dones;població;;4761
2004;Torroella de Montgrí;total;total;població;;9714
2004;Torroja del Priorat;total;homes;població;;89
2004;Torroja del Priorat;total;dones;població;;60
2004;Torroja del Priorat;total;total;població;;149
2004;Tortellà;total;homes;població;;364
2004;Tortellà;total;dones;població;;364
2004;Tortellà;total;total;població;;728
2004;Tortosa;total;homes;població;;16016
2004;Tortosa;total;dones;població;;15963
2004;Tortosa;total;total;població;;31979
2004;Toses;total;homes;població;;98
2004;Toses;total;dones;població;;63
2004;Toses;total;total;població;;161
2004;Tossa de Mar;total;homes;població;;2531
2004;Tossa de Mar;total;dones;població;;2470
2004;Tossa de Mar;total;total;població;;5001
2004;Tremp;total;homes;població;;2753
2004;Tremp;total;dones;població;;2817
2004;Tremp;total;total;població;;5570
2004;Ullà;total;homes;població;;494
2004;Ullà;total;dones;població;;423
2004;Ullà;total;total;població;;917
2004;Ullastrell;total;homes;població;;716
2004;Ullastrell;total;dones;població;;689
2004;Ullastrell;total;total;població;;1405
2004;Ullastret;total;homes;població;;109
2004;Ullastret;total;dones;població;;112
2004;Ullastret;total;total;població;;221
2004;Ulldecona;total;homes;població;;3123
2004;Ulldecona;total;dones;població;;2933
2004;Ulldecona;total;total;població;;6056
2004;Ulldemolins;total;homes;població;;254
2004;Ulldemolins;total;dones;població;;230
2004;Ulldemolins;total;total;població;;484
2004;Ultramort;total;homes;població;;112
2004;Ultramort;total;dones;població;;84
2004;Ultramort;total;total;població;;196
2004;Urús;total;homes;població;;107
2004;Urús;total;dones;població;;99
2004;Urús;total;total;població;;206
2004;Vacarisses;total;homes;població;;2064
2004;Vacarisses;total;dones;població;;1867
2004;Vacarisses;total;total;població;;3931
2004;Vajol, la;total;homes;població;;59
2004;Vajol, la;total;dones;població;;44
2004;Vajol, la;total;total;població;;103
2004;Vall d'en Bas, la;total;homes;població;;1314
2004;Vall d'en Bas, la;total;dones;població;;1277
2004;Vall d'en Bas, la;total;total;població;;2591
2004;Vall de Bianya, la;total;homes;població;;602
2004;Vall de Bianya, la;total;dones;població;;612
2004;Vall de Bianya, la;total;total;població;;1214
2004;Vall de Boí, la;total;homes;població;;549
2004;Vall de Boí, la;total;dones;població;;458
2004;Vall de Boí, la;total;total;població;;1007
2004;Vall de Cardós;total;homes;població;;184
2004;Vall de Cardós;total;dones;població;;170
2004;Vall de Cardós;total;total;població;;354
2004;Vallbona d'Anoia;total;homes;població;;605
2004;Vallbona d'Anoia;total;dones;població;;585
2004;Vallbona d'Anoia;total;total;població;;1190
2004;Vallbona de les Monges;total;homes;població;;130
2004;Vallbona de les Monges;total;dones;població;;134
2004;Vallbona de les Monges;total;total;població;;264
2004;Vallcebre;total;homes;població;;146
2004;Vallcebre;total;dones;població;;135
2004;Vallcebre;total;total;població;;281
2004;Vallclara;total;homes;població;;65
2004;Vallclara;total;dones;població;;49
2004;Vallclara;total;total;població;;114
2004;Vallfogona de Balaguer;total;homes;població;;765
2004;Vallfogona de Balaguer;total;dones;població;;761
2004;Vallfogona de Balaguer;total;total;població;;1526
2004;Vallfogona de Ripollès;total;homes;població;;118
2004;Vallfogona de Ripollès;total;dones;població;;106
2004;Vallfogona de Ripollès;total;total;població;;224
2004;Vallfogona de Riucorb;total;homes;població;;82
2004;Vallfogona de Riucorb;total;dones;població;;82
2004;Vallfogona de Riucorb;total;total;població;;164
2004;Vallgorguina;total;homes;població;;885
2004;Vallgorguina;total;dones;població;;828
2004;Vallgorguina;total;total;població;;1713
2004;Vallirana;total;homes;població;;5883
2004;Vallirana;total;dones;població;;5795
2004;Vallirana;total;total;població;;11678
2004;Vall-llobrega;total;homes;població;;274
2004;Vall-llobrega;total;dones;població;;323
2004;Vall-llobrega;total;total;població;;597
2004;Vallmoll;total;homes;població;;722
2004;Vallmoll;total;dones;població;;656
2004;Vallmoll;total;total;població;;1378
2004;Vallromanes;total;homes;població;;928
2004;Vallromanes;total;dones;població;;879
2004;Vallromanes;total;total;població;;1807
2004;Valls;total;homes;població;;11083
2004;Valls;total;dones;població;;11154
2004;Valls;total;total;població;;22237
2004;Valls d'Aguilar, les;total;homes;població;;177
2004;Valls d'Aguilar, les;total;dones;població;;144
2004;Valls d'Aguilar, les;total;total;població;;321
2004;Valls de Valira, les;total;homes;població;;409
2004;Valls de Valira, les;total;dones;població;;371
2004;Valls de Valira, les;total;total;població;;780
2004;Vandellòs i l'Hospitalet de l'Infant;total;homes;població;;2457
2004;Vandellòs i l'Hospitalet de l'Infant;total;dones;població;;2382
2004;Vandellòs i l'Hospitalet de l'Infant;total;total;població;;4839
2004;Vansa i Fórnols, la;total;homes;població;;101
2004;Vansa i Fórnols, la;total;dones;població;;91
2004;Vansa i Fórnols, la;total;total;població;;192
2004;Veciana;total;homes;població;;89
2004;Veciana;total;dones;població;;80
2004;Veciana;total;total;població;;169
2004;Vendrell, el;total;homes;població;;14141
2004;Vendrell, el;total;dones;població;;14006
2004;Vendrell, el;total;total;població;;28147
2004;Ventalló;total;homes;població;;344
2004;Ventalló;total;dones;població;;325
2004;Ventalló;total;total;població;;669
2004;Verdú;total;homes;població;;504
2004;Verdú;total;dones;població;;570
2004;Verdú;total;total;població;;1074
2004;Verges;total;homes;població;;568
2004;Verges;total;dones;població;;587
2004;Verges;total;total;població;;1155
2004;Vespella de Gaià;total;homes;població;;140
2004;Vespella de Gaià;total;dones;població;;101
2004;Vespella de Gaià;total;total;població;;241
2004;Vic;total;homes;població;;18443
2004;Vic;total;dones;població;;18128
2004;Vic;total;total;població;;36571
2004;Vidrà;total;homes;població;;81
2004;Vidrà;total;dones;població;;81
2004;Vidrà;total;total;població;;162
2004;Vidreres;total;homes;població;;3017
2004;Vidreres;total;dones;població;;2745
2004;Vidreres;total;total;població;;5762
2004;Vielha e Mijaran;total;homes;població;;2525
2004;Vielha e Mijaran;total;dones;població;;2313
2004;Vielha e Mijaran;total;total;població;;4838
2004;Vilabella;total;homes;població;;395
2004;Vilabella;total;dones;població;;387
2004;Vilabella;total;total;població;;782
2004;Vilabertran;total;homes;població;;420
2004;Vilabertran;total;dones;població;;402
2004;Vilabertran;total;total;població;;822
2004;Vilablareix;total;homes;població;;1080
2004;Vilablareix;total;dones;població;;1066
2004;Vilablareix;total;total;població;;2146
2004;Vilada;total;homes;població;;258
2004;Vilada;total;dones;població;;256
2004;Vilada;total;total;població;;514
2004;Viladamat;total;homes;població;;207
2004;Viladamat;total;dones;població;;197
2004;Viladamat;total;total;població;;404
2004;Viladasens;total;homes;població;;89
2004;Viladasens;total;dones;població;;83
2004;Viladasens;total;total;població;;172
2004;Viladecans;total;homes;població;;30282
2004;Viladecans;total;dones;població;;29751
2004;Viladecans;total;total;població;;60033
2004;Viladecavalls;total;homes;població;;3440
2004;Viladecavalls;total;dones;població;;3398
2004;Viladecavalls;total;total;població;;6838
2004;Vilademuls;total;homes;població;;398
2004;Vilademuls;total;dones;població;;371
2004;Vilademuls;total;total;població;;769
2004;Viladrau;total;homes;població;;499
2004;Viladrau;total;dones;població;;460
2004;Viladrau;total;total;població;;959
2004;Vilafant;total;homes;població;;2324
2004;Vilafant;total;dones;població;;2333
2004;Vilafant;total;total;població;;4657
2004;Vilafranca del Penedès;total;homes;població;;17094
2004;Vilafranca del Penedès;total;dones;població;;17315
2004;Vilafranca del Penedès;total;total;població;;34409
2004;Vilagrassa;total;homes;població;;231
2004;Vilagrassa;total;dones;població;;218
2004;Vilagrassa;total;total;població;;449
2004;Vilajuïga;total;homes;població;;512
2004;Vilajuïga;total;dones;població;;523
2004;Vilajuïga;total;total;població;;1035
2004;Vilalba dels Arcs;total;homes;població;;381
2004;Vilalba dels Arcs;total;dones;població;;352
2004;Vilalba dels Arcs;total;total;població;;733
2004;Vilalba Sasserra;total;homes;població;;285
2004;Vilalba Sasserra;total;dones;població;;259
2004;Vilalba Sasserra;total;total;població;;544
2004;Vilaller;total;homes;població;;306
2004;Vilaller;total;dones;població;;271
2004;Vilaller;total;total;població;;577
2004;Vilallonga de Ter;total;homes;població;;229
2004;Vilallonga de Ter;total;dones;població;;196
2004;Vilallonga de Ter;total;total;població;;425
2004;Vilallonga del Camp;total;homes;població;;675
2004;Vilallonga del Camp;total;dones;població;;684
2004;Vilallonga del Camp;total;total;població;;1359
2004;Vilamacolum;total;homes;població;;152
2004;Vilamacolum;total;dones;població;;142
2004;Vilamacolum;total;total;població;;294
2004;Vilamalla;total;homes;població;;463
2004;Vilamalla;total;dones;població;;415
2004;Vilamalla;total;total;població;;878
2004;Vilamaniscle;total;homes;població;;89
2004;Vilamaniscle;total;dones;població;;71
2004;Vilamaniscle;total;total;població;;160
2004;Vilamòs;total;homes;població;;91
2004;Vilamòs;total;dones;població;;75
2004;Vilamòs;total;total;població;;166
2004;Vilanant;total;homes;població;;164
2004;Vilanant;total;dones;població;;163
2004;Vilanant;total;total;població;;327
2004;Vilanova d'Escornalbou;total;homes;població;;240
2004;Vilanova d'Escornalbou;total;dones;població;;229
2004;Vilanova d'Escornalbou;total;total;població;;469
2004;Vilanova de Bellpuig;total;homes;població;;549
2004;Vilanova de Bellpuig;total;dones;població;;567
2004;Vilanova de Bellpuig;total;total;població;;1116
2004;Vilanova de l'Aguda;total;homes;població;;124
2004;Vilanova de l'Aguda;total;dones;població;;124
2004;Vilanova de l'Aguda;total;total;població;;248
2004;Vilanova de la Barca;total;homes;població;;472
2004;Vilanova de la Barca;total;dones;població;;467
2004;Vilanova de la Barca;total;total;població;;939
2004;Vilanova de Meià;total;homes;població;;226
2004;Vilanova de Meià;total;dones;població;;207
2004;Vilanova de Meià;total;total;població;;433
2004;Vilanova de Prades;total;homes;població;;83
2004;Vilanova de Prades;total;dones;població;;74
2004;Vilanova de Prades;total;total;població;;157
2004;Vilanova de Sau;total;homes;població;;157
2004;Vilanova de Sau;total;dones;població;;182
2004;Vilanova de Sau;total;total;població;;339
2004;Vilanova de Segrià;total;homes;població;;388
2004;Vilanova de Segrià;total;dones;població;;377
2004;Vilanova de Segrià;total;total;població;;765
2004;Vilanova del Camí;total;homes;població;;5634
2004;Vilanova del Camí;total;dones;població;;5487
2004;Vilanova del Camí;total;total;població;;11121
2004;Vilanova del Vallès;total;homes;població;;1496
2004;Vilanova del Vallès;total;dones;població;;1436
2004;Vilanova del Vallès;total;total;població;;2932
2004;Vilanova i la Geltrú;total;homes;població;;29328
2004;Vilanova i la Geltrú;total;dones;població;;30081
2004;Vilanova i la Geltrú;total;total;població;;59409
2004;Vilaplana;total;homes;població;;281
2004;Vilaplana;total;dones;població;;269
2004;Vilaplana;total;total;població;;550
2004;Vila-rodona;total;homes;població;;585
2004;Vila-rodona;total;dones;població;;485
2004;Vila-rodona;total;total;població;;1070
2004;Vila-sacra;total;homes;població;;244
2004;Vila-sacra;total;dones;població;;239
2004;Vila-sacra;total;total;població;;483
2004;Vila-sana;total;homes;població;;267
2004;Vila-sana;total;dones;població;;280
2004;Vila-sana;total;total;població;;547
2004;Vila-seca;total;homes;població;;7551
2004;Vila-seca;total;dones;població;;7447
2004;Vila-seca;total;total;població;;14998
2004;Vilassar de Dalt;total;homes;població;;3949
2004;Vilassar de Dalt;total;dones;població;;3953
2004;Vilassar de Dalt;total;total;població;;7902
2004;Vilassar de Mar;total;homes;població;;9069
2004;Vilassar de Mar;total;dones;població;;9489
2004;Vilassar de Mar;total;total;població;;18558
2004;Vilaür;total;homes;població;;67
2004;Vilaür;total;dones;població;;69
2004;Vilaür;total;total;població;;136
2004;Vilaverd;total;homes;població;;211
2004;Vilaverd;total;dones;població;;205
2004;Vilaverd;total;total;població;;416
2004;Vilella Alta, la;total;homes;població;;72
2004;Vilella Alta, la;total;dones;població;;65
2004;Vilella Alta, la;total;total;població;;137
2004;Vilella Baixa, la;total;homes;població;;103
2004;Vilella Baixa, la;total;dones;població;;88
2004;Vilella Baixa, la;total;total;població;;191
2004;Vilobí d'Onyar;total;homes;població;;1359
2004;Vilobí d'Onyar;total;dones;població;;1145
2004;Vilobí d'Onyar;total;total;població;;2504
2004;Vilobí del Penedès;total;homes;població;;500
2004;Vilobí del Penedès;total;dones;població;;470
2004;Vilobí del Penedès;total;total;població;;970
2004;Vilopriu;total;homes;població;;87
2004;Vilopriu;total;dones;població;;88
2004;Vilopriu;total;total;població;;175
2004;Vilosell, el;total;homes;població;;120
2004;Vilosell, el;total;dones;població;;122
2004;Vilosell, el;total;total;població;;242
2004;Vimbodí i Poblet;total;homes;població;;568
2004;Vimbodí i Poblet;total;dones;població;;471
2004;Vimbodí i Poblet;total;total;població;;1039
2004;Vinaixa;total;homes;població;;292
2004;Vinaixa;total;dones;població;;294
2004;Vinaixa;total;total;població;;586
2004;Vinebre;total;homes;població;;235
2004;Vinebre;total;dones;població;;224
2004;Vinebre;total;total;població;;459
2004;Vinyols i els Arcs;total;homes;població;;753
2004;Vinyols i els Arcs;total;dones;població;;665
2004;Vinyols i els Arcs;total;total;població;;1418
2004;Viver i Serrateix;total;homes;població;;101
2004;Viver i Serrateix;total;dones;població;;94
2004;Viver i Serrateix;total;total;població;;195
2004;Xerta;total;homes;població;;632
2004;Xerta;total;dones;població;;612
2004;Xerta;total;total;població;;1244
2004;Catalunya;total;homes;població;;3366329
2004;Catalunya;total;dones;població;;3446990
2004;Catalunya;total;total;població;;6813319
