any;municipi;edat any a any;sexe;concepte;estat;valor
2009;Abella de la Conca;total;homes;població;;102
2009;Abella de la Conca;total;dones;població;;81
2009;Abella de la Conca;total;total;població;;183
2009;Abrera;total;homes;població;;5974
2009;Abrera;total;dones;població;;5547
2009;Abrera;total;total;població;;11521
2009;Àger;total;homes;població;;304
2009;Àger;total;dones;població;;271
2009;Àger;total;total;població;;575
2009;Agramunt;total;homes;població;;2866
2009;Agramunt;total;dones;població;;2742
2009;Agramunt;total;total;població;;5608
2009;Aguilar de Segarra;total;homes;població;;135
2009;Aguilar de Segarra;total;dones;població;;122
2009;Aguilar de Segarra;total;total;població;;257
2009;Agullana;total;homes;població;;429
2009;Agullana;total;dones;població;;383
2009;Agullana;total;total;població;;812
2009;Aiguafreda;total;homes;població;;1195
2009;Aiguafreda;total;dones;població;;1269
2009;Aiguafreda;total;total;població;;2464
2009;Aiguamúrcia;total;homes;població;;480
2009;Aiguamúrcia;total;dones;població;;426
2009;Aiguamúrcia;total;total;població;;906
2009;Aiguaviva;total;homes;població;;362
2009;Aiguaviva;total;dones;població;;352
2009;Aiguaviva;total;total;població;;714
2009;Aitona;total;homes;població;;1256
2009;Aitona;total;dones;població;;1142
2009;Aitona;total;total;població;;2398
2009;Alamús, els;total;homes;població;;384
2009;Alamús, els;total;dones;població;;356
2009;Alamús, els;total;total;població;;740
2009;Alàs i Cerc;total;homes;població;;206
2009;Alàs i Cerc;total;dones;població;;185
2009;Alàs i Cerc;total;total;població;;391
2009;Albagés, l';total;homes;població;;257
2009;Albagés, l';total;dones;població;;219
2009;Albagés, l';total;total;població;;476
2009;Albanyà;total;homes;població;;81
2009;Albanyà;total;dones;població;;71
2009;Albanyà;total;total;població;;152
2009;Albatàrrec;total;homes;població;;985
2009;Albatàrrec;total;dones;població;;887
2009;Albatàrrec;total;total;població;;1872
2009;Albesa;total;homes;població;;834
2009;Albesa;total;dones;població;;779
2009;Albesa;total;total;població;;1613
2009;Albi, l';total;homes;població;;423
2009;Albi, l';total;dones;població;;413
2009;Albi, l';total;total;població;;836
2009;Albinyana;total;homes;població;;1146
2009;Albinyana;total;dones;població;;1129
2009;Albinyana;total;total;població;;2275
2009;Albiol, l';total;homes;població;;210
2009;Albiol, l';total;dones;població;;195
2009;Albiol, l';total;total;població;;405
2009;Albons;total;homes;població;;358
2009;Albons;total;dones;població;;329
2009;Albons;total;total;població;;687
2009;Alcanar;total;homes;població;;5434
2009;Alcanar;total;dones;població;;5136
2009;Alcanar;total;total;població;;10570
2009;Alcanó;total;homes;població;;116
2009;Alcanó;total;dones;població;;123
2009;Alcanó;total;total;població;;239
2009;Alcarràs;total;homes;població;;4060
2009;Alcarràs;total;dones;població;;3716
2009;Alcarràs;total;total;població;;7776
2009;Alcoletge;total;homes;població;;1406
2009;Alcoletge;total;dones;població;;1271
2009;Alcoletge;total;total;població;;2677
2009;Alcover;total;homes;població;;2606
2009;Alcover;total;dones;població;;2494
2009;Alcover;total;total;població;;5100
2009;Aldea, l';total;homes;població;;2154
2009;Aldea, l';total;dones;població;;1909
2009;Aldea, l';total;total;població;;4063
2009;Aldover;total;homes;població;;488
2009;Aldover;total;dones;població;;496
2009;Aldover;total;total;població;;984
2009;Aleixar, l';total;homes;població;;444
2009;Aleixar, l';total;dones;població;;454
2009;Aleixar, l';total;total;població;;898
2009;Alella;total;homes;població;;4637
2009;Alella;total;dones;població;;4760
2009;Alella;total;total;població;;9397
2009;Alfara de Carles;total;homes;població;;215
2009;Alfara de Carles;total;dones;població;;185
2009;Alfara de Carles;total;total;població;;400
2009;Alfarràs;total;homes;població;;1635
2009;Alfarràs;total;dones;població;;1520
2009;Alfarràs;total;total;població;;3155
2009;Alfés;total;homes;població;;169
2009;Alfés;total;dones;població;;149
2009;Alfés;total;total;població;;318
2009;Alforja;total;homes;població;;960
2009;Alforja;total;dones;població;;891
2009;Alforja;total;total;població;;1851
2009;Algerri;total;homes;població;;242
2009;Algerri;total;dones;població;;227
2009;Algerri;total;total;població;;469
2009;Alguaire;total;homes;població;;1661
2009;Alguaire;total;dones;població;;1504
2009;Alguaire;total;total;població;;3165
2009;Alins;total;homes;població;;154
2009;Alins;total;dones;població;;143
2009;Alins;total;total;població;;297
2009;Alió;total;homes;població;;194
2009;Alió;total;dones;població;;190
2009;Alió;total;total;població;;384
2009;Almacelles;total;homes;població;;3427
2009;Almacelles;total;dones;població;;3079
2009;Almacelles;total;total;població;;6506
2009;Almatret;total;homes;població;;215
2009;Almatret;total;dones;població;;182
2009;Almatret;total;total;població;;397
2009;Almenar;total;homes;població;;1929
2009;Almenar;total;dones;població;;1740
2009;Almenar;total;total;població;;3669
2009;Almoster;total;homes;població;;677
2009;Almoster;total;dones;població;;680
2009;Almoster;total;total;població;;1357
2009;Alòs de Balaguer;total;homes;població;;87
2009;Alòs de Balaguer;total;dones;població;;59
2009;Alòs de Balaguer;total;total;població;;146
2009;Alp;total;homes;població;;918
2009;Alp;total;dones;població;;817
2009;Alp;total;total;població;;1735
2009;Alpens;total;homes;població;;168
2009;Alpens;total;dones;població;;143
2009;Alpens;total;total;població;;311
2009;Alpicat;total;homes;població;;3032
2009;Alpicat;total;dones;població;;3026
2009;Alpicat;total;total;població;;6058
2009;Alt Àneu;total;homes;població;;248
2009;Alt Àneu;total;dones;població;;186
2009;Alt Àneu;total;total;població;;434
2009;Altafulla;total;homes;població;;2340
2009;Altafulla;total;dones;població;;2345
2009;Altafulla;total;total;població;;4685
2009;Amer;total;homes;població;;1146
2009;Amer;total;dones;població;;1158
2009;Amer;total;total;població;;2304
2009;Ametlla de Mar, l';total;homes;població;;3884
2009;Ametlla de Mar, l';total;dones;població;;3708
2009;Ametlla de Mar, l';total;total;població;;7592
2009;Ametlla del Vallès, l';total;homes;població;;3991
2009;Ametlla del Vallès, l';total;dones;població;;3958
2009;Ametlla del Vallès, l';total;total;població;;7949
2009;Ampolla, l';total;homes;població;;1620
2009;Ampolla, l';total;dones;població;;1498
2009;Ampolla, l';total;total;població;;3118
2009;Amposta;total;homes;població;;10821
2009;Amposta;total;dones;població;;10419
2009;Amposta;total;total;població;;21240
2009;Anglès;total;homes;població;;2828
2009;Anglès;total;dones;població;;2741
2009;Anglès;total;total;població;;5569
2009;Anglesola;total;homes;població;;681
2009;Anglesola;total;dones;població;;670
2009;Anglesola;total;total;població;;1351
2009;Arbeca;total;homes;població;;1282
2009;Arbeca;total;dones;població;;1198
2009;Arbeca;total;total;població;;2480
2009;Arboç, l';total;homes;població;;2866
2009;Arboç, l';total;dones;població;;2575
2009;Arboç, l';total;total;població;;5441
2009;Arbolí;total;homes;població;;60
2009;Arbolí;total;dones;població;;52
2009;Arbolí;total;total;població;;112
2009;Arbúcies;total;homes;població;;3508
2009;Arbúcies;total;dones;població;;3087
2009;Arbúcies;total;total;població;;6595
2009;Arenys de Mar;total;homes;població;;7166
2009;Arenys de Mar;total;dones;població;;7461
2009;Arenys de Mar;total;total;població;;14627
2009;Arenys de Munt;total;homes;població;;4085
2009;Arenys de Munt;total;dones;població;;4105
2009;Arenys de Munt;total;total;població;;8190
2009;Argelaguer;total;homes;població;;233
2009;Argelaguer;total;dones;població;;212
2009;Argelaguer;total;total;població;;445
2009;Argençola;total;homes;població;;139
2009;Argençola;total;dones;població;;101
2009;Argençola;total;total;població;;240
2009;Argentera, l';total;homes;població;;78
2009;Argentera, l';total;dones;població;;56
2009;Argentera, l';total;total;població;;134
2009;Argentona;total;homes;població;;5784
2009;Argentona;total;dones;població;;5849
2009;Argentona;total;total;població;;11633
2009;Armentera, l';total;homes;població;;411
2009;Armentera, l';total;dones;població;;444
2009;Armentera, l';total;total;població;;855
2009;Arnes;total;homes;població;;251
2009;Arnes;total;dones;població;;237
2009;Arnes;total;total;població;;488
2009;Arres;total;homes;població;;46
2009;Arres;total;dones;població;;22
2009;Arres;total;total;població;;68
2009;Arsèguel;total;homes;població;;49
2009;Arsèguel;total;dones;població;;44
2009;Arsèguel;total;total;població;;93
2009;Artés;total;homes;població;;2724
2009;Artés;total;dones;població;;2709
2009;Artés;total;total;població;;5433
2009;Artesa de Lleida;total;homes;població;;794
2009;Artesa de Lleida;total;dones;població;;723
2009;Artesa de Lleida;total;total;població;;1517
2009;Artesa de Segre;total;homes;població;;1998
2009;Artesa de Segre;total;dones;població;;1871
2009;Artesa de Segre;total;total;població;;3869
2009;Ascó;total;homes;població;;826
2009;Ascó;total;dones;població;;782
2009;Ascó;total;total;població;;1608
2009;Aspa;total;homes;població;;128
2009;Aspa;total;dones;població;;123
2009;Aspa;total;total;població;;251
2009;Avellanes i Santa Linya, les;total;homes;població;;263
2009;Avellanes i Santa Linya, les;total;dones;població;;204
2009;Avellanes i Santa Linya, les;total;total;població;;467
2009;Avià;total;homes;població;;1109
2009;Avià;total;dones;població;;1097
2009;Avià;total;total;població;;2206
2009;Avinyó;total;homes;població;;1144
2009;Avinyó;total;dones;població;;1145
2009;Avinyó;total;total;població;;2289
2009;Avinyonet de Puigventós;total;homes;població;;745
2009;Avinyonet de Puigventós;total;dones;població;;704
2009;Avinyonet de Puigventós;total;total;població;;1449
2009;Avinyonet del Penedès;total;homes;població;;908
2009;Avinyonet del Penedès;total;dones;població;;782
2009;Avinyonet del Penedès;total;total;població;;1690
2009;Badalona;total;homes;població;;110185
2009;Badalona;total;dones;població;;109362
2009;Badalona;total;total;població;;219547
2009;Badia del Vallès;total;homes;població;;6744
2009;Badia del Vallès;total;dones;població;;6935
2009;Badia del Vallès;total;total;població;;13679
2009;Bagà;total;homes;població;;1159
2009;Bagà;total;dones;població;;1203
2009;Bagà;total;total;població;;2362
2009;Baix Pallars;total;homes;població;;222
2009;Baix Pallars;total;dones;població;;191
2009;Baix Pallars;total;total;població;;413
2009;Balaguer;total;homes;població;;8564
2009;Balaguer;total;dones;població;;8215
2009;Balaguer;total;total;població;;16779
2009;Balenyà;total;homes;població;;1884
2009;Balenyà;total;dones;població;;1859
2009;Balenyà;total;total;població;;3743
2009;Balsareny;total;homes;població;;1800
2009;Balsareny;total;dones;població;;1712
2009;Balsareny;total;total;població;;3512
2009;Banyeres del Penedès;total;homes;població;;1529
2009;Banyeres del Penedès;total;dones;població;;1416
2009;Banyeres del Penedès;total;total;població;;2945
2009;Banyoles;total;homes;població;;9187
2009;Banyoles;total;dones;població;;9140
2009;Banyoles;total;total;població;;18327
2009;Barbens;total;homes;població;;475
2009;Barbens;total;dones;població;;417
2009;Barbens;total;total;població;;892
2009;Barberà de la Conca;total;homes;població;;296
2009;Barberà de la Conca;total;dones;població;;243
2009;Barberà de la Conca;total;total;població;;539
2009;Barberà del Vallès;total;homes;població;;15544
2009;Barberà del Vallès;total;dones;població;;15600
2009;Barberà del Vallès;total;total;població;;31144
2009;Barcelona;total;homes;població;;771570
2009;Barcelona;total;dones;població;;849967
2009;Barcelona;total;total;població;;1621537
2009;Baronia de Rialb, la;total;homes;població;;144
2009;Baronia de Rialb, la;total;dones;població;;135
2009;Baronia de Rialb, la;total;total;població;;279
2009;Bàscara;total;homes;població;;500
2009;Bàscara;total;dones;població;;446
2009;Bàscara;total;total;població;;946
2009;Bassella;total;homes;població;;132
2009;Bassella;total;dones;població;;120
2009;Bassella;total;total;població;;252
2009;Batea;total;homes;població;;1118
2009;Batea;total;dones;població;;1045
2009;Batea;total;total;població;;2163
2009;Bausen;total;homes;població;;37
2009;Bausen;total;dones;població;;26
2009;Bausen;total;total;població;;63
2009;Begues;total;homes;població;;3132
2009;Begues;total;dones;població;;3139
2009;Begues;total;total;població;;6271
2009;Begur;total;homes;població;;2192
2009;Begur;total;dones;població;;2066
2009;Begur;total;total;població;;4258
2009;Belianes;total;homes;població;;304
2009;Belianes;total;dones;població;;285
2009;Belianes;total;total;població;;589
2009;Bellaguarda;total;homes;població;;177
2009;Bellaguarda;total;dones;població;;159
2009;Bellaguarda;total;total;població;;336
2009;Bellcaire d'Empordà;total;homes;població;;322
2009;Bellcaire d'Empordà;total;dones;població;;342
2009;Bellcaire d'Empordà;total;total;població;;664
2009;Bellcaire d'Urgell;total;homes;població;;632
2009;Bellcaire d'Urgell;total;dones;població;;652
2009;Bellcaire d'Urgell;total;total;població;;1284
2009;Bell-lloc d'Urgell;total;homes;població;;1206
2009;Bell-lloc d'Urgell;total;dones;població;;1241
2009;Bell-lloc d'Urgell;total;total;població;;2447
2009;Bellmunt d'Urgell;total;homes;població;;104
2009;Bellmunt d'Urgell;total;dones;població;;111
2009;Bellmunt d'Urgell;total;total;població;;215
2009;Bellmunt del Priorat;total;homes;població;;177
2009;Bellmunt del Priorat;total;dones;població;;177
2009;Bellmunt del Priorat;total;total;població;;354
2009;Bellprat;total;homes;població;;50
2009;Bellprat;total;dones;població;;42
2009;Bellprat;total;total;població;;92
2009;Bellpuig;total;homes;població;;2577
2009;Bellpuig;total;dones;població;;2363
2009;Bellpuig;total;total;població;;4940
2009;Bellvei;total;homes;població;;1055
2009;Bellvei;total;dones;població;;950
2009;Bellvei;total;total;població;;2005
2009;Bellver de Cerdanya;total;homes;població;;1181
2009;Bellver de Cerdanya;total;dones;població;;1050
2009;Bellver de Cerdanya;total;total;població;;2231
2009;Bellvís;total;homes;població;;1285
2009;Bellvís;total;dones;població;;1196
2009;Bellvís;total;total;població;;2481
2009;Benavent de Segrià;total;homes;població;;767
2009;Benavent de Segrià;total;dones;població;;722
2009;Benavent de Segrià;total;total;població;;1489
2009;Benifallet;total;homes;població;;392
2009;Benifallet;total;dones;població;;396
2009;Benifallet;total;total;població;;788
2009;Benissanet;total;homes;població;;663
2009;Benissanet;total;dones;població;;587
2009;Benissanet;total;total;població;;1250
2009;Berga;total;homes;població;;8587
2009;Berga;total;dones;població;;8573
2009;Berga;total;total;població;;17160
2009;Besalú;total;homes;població;;1144
2009;Besalú;total;dones;població;;1217
2009;Besalú;total;total;població;;2361
2009;Bescanó;total;homes;població;;2227
2009;Bescanó;total;dones;població;;2223
2009;Bescanó;total;total;població;;4450
2009;Beuda;total;homes;població;;81
2009;Beuda;total;dones;població;;82
2009;Beuda;total;total;població;;163
2009;Bigues i Riells del Fai;total;homes;població;;4309
2009;Bigues i Riells del Fai;total;dones;població;;4092
2009;Bigues i Riells del Fai;total;total;població;;8401
2009;Biosca;total;homes;població;;122
2009;Biosca;total;dones;població;;100
2009;Biosca;total;total;població;;222
2009;Bisbal d'Empordà, la;total;homes;població;;5285
2009;Bisbal d'Empordà, la;total;dones;població;;5100
2009;Bisbal d'Empordà, la;total;total;població;;10385
2009;Bisbal de Montsant, la;total;homes;població;;122
2009;Bisbal de Montsant, la;total;dones;població;;115
2009;Bisbal de Montsant, la;total;total;població;;237
2009;Bisbal del Penedès, la;total;homes;població;;1771
2009;Bisbal del Penedès, la;total;dones;població;;1626
2009;Bisbal del Penedès, la;total;total;població;;3397
2009;Biure;total;homes;població;;122
2009;Biure;total;dones;població;;121
2009;Biure;total;total;població;;243
2009;Blancafort;total;homes;població;;226
2009;Blancafort;total;dones;població;;212
2009;Blancafort;total;total;població;;438
2009;Blanes;total;homes;població;;20297
2009;Blanes;total;dones;població;;19750
2009;Blanes;total;total;població;;40047
2009;Boadella i les Escaules;total;homes;població;;118
2009;Boadella i les Escaules;total;dones;població;;123
2009;Boadella i les Escaules;total;total;població;;241
2009;Bolvir;total;homes;població;;199
2009;Bolvir;total;dones;població;;179
2009;Bolvir;total;total;població;;378
2009;Bonastre;total;homes;població;;346
2009;Bonastre;total;dones;població;;311
2009;Bonastre;total;total;població;;657
2009;Bòrdes, Es;total;homes;població;;126
2009;Bòrdes, Es;total;dones;població;;112
2009;Bòrdes, Es;total;total;població;;238
2009;Bordils;total;homes;població;;884
2009;Bordils;total;dones;població;;848
2009;Bordils;total;total;població;;1732
2009;Borges Blanques, les;total;homes;població;;3100
2009;Borges Blanques, les;total;dones;població;;2958
2009;Borges Blanques, les;total;total;població;;6058
2009;Borges del Camp, les;total;homes;població;;1048
2009;Borges del Camp, les;total;dones;població;;1067
2009;Borges del Camp, les;total;total;població;;2115
2009;Borrassà;total;homes;població;;353
2009;Borrassà;total;dones;població;;312
2009;Borrassà;total;total;població;;665
2009;Borredà;total;homes;població;;331
2009;Borredà;total;dones;població;;283
2009;Borredà;total;total;població;;614
2009;Bossòst;total;homes;població;;635
2009;Bossòst;total;dones;població;;584
2009;Bossòst;total;total;població;;1219
2009;Bot;total;homes;població;;362
2009;Bot;total;dones;població;;336
2009;Bot;total;total;població;;698
2009;Botarell;total;homes;població;;553
2009;Botarell;total;dones;població;;494
2009;Botarell;total;total;població;;1047
2009;Bovera;total;homes;població;;186
2009;Bovera;total;dones;població;;167
2009;Bovera;total;total;població;;353
2009;Bràfim;total;homes;població;;330
2009;Bràfim;total;dones;població;;336
2009;Bràfim;total;total;població;;666
2009;Breda;total;homes;població;;1917
2009;Breda;total;dones;població;;1867
2009;Breda;total;total;població;;3784
2009;Bruc, el;total;homes;població;;1018
2009;Bruc, el;total;dones;població;;886
2009;Bruc, el;total;total;població;;1904
2009;Brull, el;total;homes;població;;133
2009;Brull, el;total;dones;població;;119
2009;Brull, el;total;total;població;;252
2009;Brunyola i Sant Martí Sapresa;total;homes;població;;189
2009;Brunyola i Sant Martí Sapresa;total;dones;població;;184
2009;Brunyola i Sant Martí Sapresa;total;total;població;;373
2009;Cabacés;total;homes;població;;185
2009;Cabacés;total;dones;població;;160
2009;Cabacés;total;total;població;;345
2009;Cabanabona;total;homes;població;;50
2009;Cabanabona;total;dones;població;;59
2009;Cabanabona;total;total;població;;109
2009;Cabanelles;total;homes;població;;137
2009;Cabanelles;total;dones;població;;99
2009;Cabanelles;total;total;població;;236
2009;Cabanes;total;homes;població;;486
2009;Cabanes;total;dones;població;;446
2009;Cabanes;total;total;població;;932
2009;Cabanyes, les;total;homes;població;;453
2009;Cabanyes, les;total;dones;població;;435
2009;Cabanyes, les;total;total;població;;888
2009;Cabó;total;homes;població;;55
2009;Cabó;total;dones;població;;40
2009;Cabó;total;total;població;;95
2009;Cabra del Camp;total;homes;població;;597
2009;Cabra del Camp;total;dones;població;;519
2009;Cabra del Camp;total;total;població;;1116
2009;Cabrera d'Anoia;total;homes;població;;707
2009;Cabrera d'Anoia;total;dones;població;;613
2009;Cabrera d'Anoia;total;total;població;;1320
2009;Cabrera de Mar;total;homes;població;;2243
2009;Cabrera de Mar;total;dones;població;;2165
2009;Cabrera de Mar;total;total;població;;4408
2009;Cabrils;total;homes;població;;3433
2009;Cabrils;total;dones;població;;3531
2009;Cabrils;total;total;població;;6964
2009;Cadaqués;total;homes;població;;1416
2009;Cadaqués;total;dones;població;;1444
2009;Cadaqués;total;total;població;;2860
2009;Calaf;total;homes;població;;1933
2009;Calaf;total;dones;població;;1697
2009;Calaf;total;total;població;;3630
2009;Calafell;total;homes;població;;12368
2009;Calafell;total;dones;població;;11897
2009;Calafell;total;total;població;;24265
2009;Calders;total;homes;població;;457
2009;Calders;total;dones;població;;442
2009;Calders;total;total;població;;899
2009;Caldes d'Estrac;total;homes;població;;1365
2009;Caldes d'Estrac;total;dones;població;;1434
2009;Caldes d'Estrac;total;total;població;;2799
2009;Caldes de Malavella;total;homes;població;;3337
2009;Caldes de Malavella;total;dones;població;;3373
2009;Caldes de Malavella;total;total;població;;6710
2009;Caldes de Montbui;total;homes;població;;8479
2009;Caldes de Montbui;total;dones;població;;8406
2009;Caldes de Montbui;total;total;població;;16885
2009;Calella;total;homes;població;;9225
2009;Calella;total;dones;població;;9402
2009;Calella;total;total;població;;18627
2009;Calldetenes;total;homes;població;;1225
2009;Calldetenes;total;dones;població;;1166
2009;Calldetenes;total;total;població;;2391
2009;Callús;total;homes;població;;856
2009;Callús;total;dones;població;;903
2009;Callús;total;total;població;;1759
2009;Calonge de Segarra;total;homes;població;;104
2009;Calonge de Segarra;total;dones;població;;92
2009;Calonge de Segarra;total;total;població;;196
2009;Calonge i Sant Antoni;total;homes;població;;5376
2009;Calonge i Sant Antoni;total;dones;població;;5261
2009;Calonge i Sant Antoni;total;total;població;;10637
2009;Camarasa;total;homes;població;;516
2009;Camarasa;total;dones;població;;475
2009;Camarasa;total;total;població;;991
2009;Camarles;total;homes;població;;1820
2009;Camarles;total;dones;població;;1735
2009;Camarles;total;total;població;;3555
2009;Cambrils;total;homes;població;;15861
2009;Cambrils;total;dones;població;;15859
2009;Cambrils;total;total;població;;31720
2009;Camós;total;homes;població;;350
2009;Camós;total;dones;població;;342
2009;Camós;total;total;població;;692
2009;Campdevànol;total;homes;població;;1748
2009;Campdevànol;total;dones;població;;1757
2009;Campdevànol;total;total;població;;3505
2009;Campelles;total;homes;població;;63
2009;Campelles;total;dones;població;;62
2009;Campelles;total;total;població;;125
2009;Campins;total;homes;població;;200
2009;Campins;total;dones;població;;190
2009;Campins;total;total;població;;390
2009;Campllong;total;homes;població;;216
2009;Campllong;total;dones;població;;207
2009;Campllong;total;total;població;;423
2009;Camprodon;total;homes;població;;1255
2009;Camprodon;total;dones;població;;1287
2009;Camprodon;total;total;població;;2542
2009;Canejan;total;homes;població;;57
2009;Canejan;total;dones;població;;47
2009;Canejan;total;total;població;;104
2009;Canet d'Adri;total;homes;població;;307
2009;Canet d'Adri;total;dones;població;;298
2009;Canet d'Adri;total;total;població;;605
2009;Canet de Mar;total;homes;població;;6704
2009;Canet de Mar;total;dones;població;;6844
2009;Canet de Mar;total;total;població;;13548
2009;Canonja, la;total;homes;població;..; 
2009;Canonja, la;total;dones;població;..; 
2009;Canonja, la;total;total;població;..; 
2009;Canovelles;total;homes;població;;8442
2009;Canovelles;total;dones;població;;7581
2009;Canovelles;total;total;població;;16023
2009;Cànoves i Samalús;total;homes;població;;1398
2009;Cànoves i Samalús;total;dones;població;;1344
2009;Cànoves i Samalús;total;total;població;;2742
2009;Cantallops;total;homes;població;;164
2009;Cantallops;total;dones;població;;155
2009;Cantallops;total;total;població;;319
2009;Canyelles;total;homes;població;;2093
2009;Canyelles;total;dones;població;;2011
2009;Canyelles;total;total;població;;4104
2009;Capafonts;total;homes;població;;64
2009;Capafonts;total;dones;població;;55
2009;Capafonts;total;total;població;;119
2009;Capçanes;total;homes;població;;207
2009;Capçanes;total;dones;població;;208
2009;Capçanes;total;total;població;;415
2009;Capellades;total;homes;població;;2732
2009;Capellades;total;dones;població;;2793
2009;Capellades;total;total;població;;5525
2009;Capmany;total;homes;població;;316
2009;Capmany;total;dones;població;;277
2009;Capmany;total;total;població;;593
2009;Capolat;total;homes;població;;35
2009;Capolat;total;dones;població;;42
2009;Capolat;total;total;població;;77
2009;Cardedeu;total;homes;població;;8182
2009;Cardedeu;total;dones;població;;8414
2009;Cardedeu;total;total;població;;16596
2009;Cardona;total;homes;població;;2553
2009;Cardona;total;dones;població;;2634
2009;Cardona;total;total;població;;5187
2009;Carme;total;homes;població;;433
2009;Carme;total;dones;població;;399
2009;Carme;total;total;població;;832
2009;Caseres;total;homes;població;;143
2009;Caseres;total;dones;població;;150
2009;Caseres;total;total;població;;293
2009;Cassà de la Selva;total;homes;població;;4934
2009;Cassà de la Selva;total;dones;població;;4603
2009;Cassà de la Selva;total;total;població;;9537
2009;Casserres;total;homes;població;;788
2009;Casserres;total;dones;població;;802
2009;Casserres;total;total;població;;1590
2009;Castell d'Aro, Platja d'Aro i s'Agaró;total;homes;població;;5278
2009;Castell d'Aro, Platja d'Aro i s'Agaró;total;dones;població;;5098
2009;Castell d'Aro, Platja d'Aro i s'Agaró;total;total;població;;10376
2009;Castell de l'Areny;total;homes;població;;43
2009;Castell de l'Areny;total;dones;població;;32
2009;Castell de l'Areny;total;total;població;;75
2009;Castell de Mur;total;homes;població;;89
2009;Castell de Mur;total;dones;població;;84
2009;Castell de Mur;total;total;població;;173
2009;Castellar de la Ribera;total;homes;població;;80
2009;Castellar de la Ribera;total;dones;població;;80
2009;Castellar de la Ribera;total;total;població;;160
2009;Castellar de n'Hug;total;homes;població;;106
2009;Castellar de n'Hug;total;dones;població;;92
2009;Castellar de n'Hug;total;total;població;;198
2009;Castellar del Riu;total;homes;població;;81
2009;Castellar del Riu;total;dones;població;;73
2009;Castellar del Riu;total;total;població;;154
2009;Castellar del Vallès;total;homes;població;;11448
2009;Castellar del Vallès;total;dones;població;;11554
2009;Castellar del Vallès;total;total;població;;23002
2009;Castellbell i el Vilar;total;homes;població;;1894
2009;Castellbell i el Vilar;total;dones;població;;1786
2009;Castellbell i el Vilar;total;total;població;;3680
2009;Castellbisbal;total;homes;població;;6169
2009;Castellbisbal;total;dones;població;;5808
2009;Castellbisbal;total;total;població;;11977
2009;Castellcir;total;homes;població;;327
2009;Castellcir;total;dones;població;;301
2009;Castellcir;total;total;població;;628
2009;Castelldans;total;homes;població;;554
2009;Castelldans;total;dones;població;;461
2009;Castelldans;total;total;població;;1015
2009;Castelldefels;total;homes;població;;31116
2009;Castelldefels;total;dones;població;;30964
2009;Castelldefels;total;total;població;;62080
2009;Castellet i la Gornal;total;homes;població;;1145
2009;Castellet i la Gornal;total;dones;població;;1077
2009;Castellet i la Gornal;total;total;població;;2222
2009;Castellfollit de la Roca;total;homes;població;;525
2009;Castellfollit de la Roca;total;dones;població;;518
2009;Castellfollit de la Roca;total;total;població;;1043
2009;Castellfollit de Riubregós;total;homes;població;;102
2009;Castellfollit de Riubregós;total;dones;població;;93
2009;Castellfollit de Riubregós;total;total;població;;195
2009;Castellfollit del Boix;total;homes;població;;208
2009;Castellfollit del Boix;total;dones;població;;218
2009;Castellfollit del Boix;total;total;població;;426
2009;Castellgalí;total;homes;població;;1009
2009;Castellgalí;total;dones;població;;909
2009;Castellgalí;total;total;població;;1918
2009;Castellnou de Bages;total;homes;població;;540
2009;Castellnou de Bages;total;dones;població;;481
2009;Castellnou de Bages;total;total;població;;1021
2009;Castellnou de Seana;total;homes;població;;377
2009;Castellnou de Seana;total;dones;població;;362
2009;Castellnou de Seana;total;total;població;;739
2009;Castelló d'Empúries;total;homes;població;;6273
2009;Castelló d'Empúries;total;dones;població;;5838
2009;Castelló d'Empúries;total;total;població;;12111
2009;Castelló de Farfanya;total;homes;població;;302
2009;Castelló de Farfanya;total;dones;població;;270
2009;Castelló de Farfanya;total;total;població;;572
2009;Castellolí;total;homes;població;;247
2009;Castellolí;total;dones;població;;259
2009;Castellolí;total;total;població;;506
2009;Castellserà;total;homes;població;;589
2009;Castellserà;total;dones;població;;542
2009;Castellserà;total;total;població;;1131
2009;Castellterçol;total;homes;població;;1187
2009;Castellterçol;total;dones;població;;1188
2009;Castellterçol;total;total;població;;2375
2009;Castellvell del Camp;total;homes;població;;1361
2009;Castellvell del Camp;total;dones;població;;1325
2009;Castellvell del Camp;total;total;població;;2686
2009;Castellví de la Marca;total;homes;població;;835
2009;Castellví de la Marca;total;dones;població;;826
2009;Castellví de la Marca;total;total;població;;1661
2009;Castellví de Rosanes;total;homes;població;;862
2009;Castellví de Rosanes;total;dones;població;;857
2009;Castellví de Rosanes;total;total;població;;1719
2009;Catllar, el;total;homes;població;;2090
2009;Catllar, el;total;dones;població;;1989
2009;Catllar, el;total;total;població;;4079
2009;Cava;total;homes;població;;30
2009;Cava;total;dones;població;;20
2009;Cava;total;total;població;;50
2009;Cellera de Ter, la;total;homes;població;;1100
2009;Cellera de Ter, la;total;dones;població;;1086
2009;Cellera de Ter, la;total;total;població;;2186
2009;Celrà;total;homes;població;;2233
2009;Celrà;total;dones;població;;2280
2009;Celrà;total;total;població;;4513
2009;Centelles;total;homes;població;;3540
2009;Centelles;total;dones;població;;3669
2009;Centelles;total;total;població;;7209
2009;Cercs;total;homes;població;;681
2009;Cercs;total;dones;població;;653
2009;Cercs;total;total;població;;1334
2009;Cerdanyola del Vallès;total;homes;població;;29070
2009;Cerdanyola del Vallès;total;dones;població;;29677
2009;Cerdanyola del Vallès;total;total;població;;58747
2009;Cervelló;total;homes;població;;4254
2009;Cervelló;total;dones;població;;4139
2009;Cervelló;total;total;població;;8393
2009;Cervera;total;homes;població;;4783
2009;Cervera;total;dones;població;;4545
2009;Cervera;total;total;població;;9328
2009;Cervià de les Garrigues;total;homes;població;;438
2009;Cervià de les Garrigues;total;dones;població;;408
2009;Cervià de les Garrigues;total;total;població;;846
2009;Cervià de Ter;total;homes;població;;448
2009;Cervià de Ter;total;dones;població;;441
2009;Cervià de Ter;total;total;població;;889
2009;Cistella;total;homes;població;;120
2009;Cistella;total;dones;població;;118
2009;Cistella;total;total;població;;238
2009;Ciutadilla;total;homes;població;;124
2009;Ciutadilla;total;dones;població;;102
2009;Ciutadilla;total;total;població;;226
2009;Clariana de Cardener;total;homes;població;;77
2009;Clariana de Cardener;total;dones;població;;75
2009;Clariana de Cardener;total;total;població;;152
2009;Cogul, el;total;homes;població;;109
2009;Cogul, el;total;dones;població;;94
2009;Cogul, el;total;total;població;;203
2009;Colera;total;homes;població;;295
2009;Colera;total;dones;població;;278
2009;Colera;total;total;població;;573
2009;Coll de Nargó;total;homes;població;;323
2009;Coll de Nargó;total;dones;població;;311
2009;Coll de Nargó;total;total;població;;634
2009;Collbató;total;homes;població;;2109
2009;Collbató;total;dones;població;;1931
2009;Collbató;total;total;població;;4040
2009;Colldejou;total;homes;població;;98
2009;Colldejou;total;dones;població;;85
2009;Colldejou;total;total;població;;183
2009;Collsuspina;total;homes;població;;184
2009;Collsuspina;total;dones;població;;167
2009;Collsuspina;total;total;població;;351
2009;Colomers;total;homes;població;;96
2009;Colomers;total;dones;població;;99
2009;Colomers;total;total;població;;195
2009;Coma i la Pedra, la;total;homes;població;;169
2009;Coma i la Pedra, la;total;dones;població;;109
2009;Coma i la Pedra, la;total;total;població;;278
2009;Conca de Dalt;total;homes;població;;210
2009;Conca de Dalt;total;dones;població;;200
2009;Conca de Dalt;total;total;població;;410
2009;Conesa;total;homes;població;;63
2009;Conesa;total;dones;població;;61
2009;Conesa;total;total;població;;124
2009;Constantí;total;homes;població;;3436
2009;Constantí;total;dones;població;;2937
2009;Constantí;total;total;població;;6373
2009;Copons;total;homes;població;;153
2009;Copons;total;dones;població;;165
2009;Copons;total;total;població;;318
2009;Corbera d'Ebre;total;homes;població;;625
2009;Corbera d'Ebre;total;dones;població;;549
2009;Corbera d'Ebre;total;total;població;;1174
2009;Corbera de Llobregat;total;homes;població;;7007
2009;Corbera de Llobregat;total;dones;població;;6836
2009;Corbera de Llobregat;total;total;població;;13843
2009;Corbins;total;homes;població;;724
2009;Corbins;total;dones;població;;632
2009;Corbins;total;total;població;;1356
2009;Corçà;total;homes;població;;628
2009;Corçà;total;dones;població;;652
2009;Corçà;total;total;població;;1280
2009;Cornellà de Llobregat;total;homes;població;;42953
2009;Cornellà de Llobregat;total;dones;població;;43566
2009;Cornellà de Llobregat;total;total;població;;86519
2009;Cornellà del Terri;total;homes;població;;1102
2009;Cornellà del Terri;total;dones;població;;1074
2009;Cornellà del Terri;total;total;població;;2176
2009;Cornudella de Montsant;total;homes;població;;530
2009;Cornudella de Montsant;total;dones;població;;485
2009;Cornudella de Montsant;total;total;població;;1015
2009;Creixell;total;homes;població;;1672
2009;Creixell;total;dones;població;;1547
2009;Creixell;total;total;població;;3219
2009;Crespià;total;homes;població;;129
2009;Crespià;total;dones;població;;124
2009;Crespià;total;total;població;;253
2009;Cruïlles, Monells i Sant Sadurní de l'Heura;total;homes;població;;639
2009;Cruïlles, Monells i Sant Sadurní de l'Heura;total;dones;població;;633
2009;Cruïlles, Monells i Sant Sadurní de l'Heura;total;total;població;;1272
2009;Cubelles;total;homes;població;;6970
2009;Cubelles;total;dones;població;;6741
2009;Cubelles;total;total;població;;13711
2009;Cubells;total;homes;població;;209
2009;Cubells;total;dones;població;;192
2009;Cubells;total;total;població;;401
2009;Cunit;total;homes;població;;6268
2009;Cunit;total;dones;població;;6011
2009;Cunit;total;total;població;;12279
2009;Darnius;total;homes;població;;272
2009;Darnius;total;dones;població;;264
2009;Darnius;total;total;població;;536
2009;Das;total;homes;població;;124
2009;Das;total;dones;població;;103
2009;Das;total;total;població;;227
2009;Deltebre;total;homes;població;;6003
2009;Deltebre;total;dones;població;;5748
2009;Deltebre;total;total;població;;11751
2009;Dosrius;total;homes;població;;2496
2009;Dosrius;total;dones;població;;2441
2009;Dosrius;total;total;població;;4937
2009;Duesaigües;total;homes;població;;138
2009;Duesaigües;total;dones;població;;102
2009;Duesaigües;total;total;població;;240
2009;Escala, l';total;homes;població;;5208
2009;Escala, l';total;dones;població;;4932
2009;Escala, l';total;total;població;;10140
2009;Esparreguera;total;homes;població;;11213
2009;Esparreguera;total;dones;població;;10642
2009;Esparreguera;total;total;població;;21855
2009;Espinelves;total;homes;població;;96
2009;Espinelves;total;dones;població;;94
2009;Espinelves;total;total;població;;190
2009;Espluga Calba, l';total;homes;població;;223
2009;Espluga Calba, l';total;dones;població;;206
2009;Espluga Calba, l';total;total;població;;429
2009;Espluga de Francolí, l';total;homes;població;;1975
2009;Espluga de Francolí, l';total;dones;població;;2007
2009;Espluga de Francolí, l';total;total;població;;3982
2009;Esplugues de Llobregat;total;homes;població;;22885
2009;Esplugues de Llobregat;total;dones;població;;23977
2009;Esplugues de Llobregat;total;total;població;;46862
2009;Espolla;total;homes;població;;197
2009;Espolla;total;dones;població;;207
2009;Espolla;total;total;població;;404
2009;Esponellà;total;homes;població;;223
2009;Esponellà;total;dones;població;;239
2009;Esponellà;total;total;població;;462
2009;Espot;total;homes;població;;194
2009;Espot;total;dones;població;;170
2009;Espot;total;total;població;;364
2009;Espunyola, l';total;homes;població;;129
2009;Espunyola, l';total;dones;població;;131
2009;Espunyola, l';total;total;població;;260
2009;Esquirol, l';total;homes;població;;1164
2009;Esquirol, l';total;dones;població;;1129
2009;Esquirol, l';total;total;població;;2293
2009;Estamariu;total;homes;població;;61
2009;Estamariu;total;dones;població;;54
2009;Estamariu;total;total;població;;115
2009;Estany, l';total;homes;població;;188
2009;Estany, l';total;dones;població;;202
2009;Estany, l';total;total;població;;390
2009;Estaràs;total;homes;població;;98
2009;Estaràs;total;dones;població;;79
2009;Estaràs;total;total;població;;177
2009;Esterri d'Àneu;total;homes;població;;518
2009;Esterri d'Àneu;total;dones;població;;447
2009;Esterri d'Àneu;total;total;població;;965
2009;Esterri de Cardós;total;homes;població;;35
2009;Esterri de Cardós;total;dones;població;;40
2009;Esterri de Cardós;total;total;població;;75
2009;Falset;total;homes;població;;1446
2009;Falset;total;dones;població;;1418
2009;Falset;total;total;població;;2864
2009;Far d'Empordà, el;total;homes;població;;270
2009;Far d'Empordà, el;total;dones;població;;267
2009;Far d'Empordà, el;total;total;població;;537
2009;Farrera;total;homes;població;;76
2009;Farrera;total;dones;població;;57
2009;Farrera;total;total;població;;133
2009;Fatarella, la;total;homes;població;;567
2009;Fatarella, la;total;dones;població;;561
2009;Fatarella, la;total;total;població;;1128
2009;Febró, la;total;homes;població;;30
2009;Febró, la;total;dones;població;;16
2009;Febró, la;total;total;població;;46
2009;Figaró-Montmany;total;homes;població;;534
2009;Figaró-Montmany;total;dones;població;;523
2009;Figaró-Montmany;total;total;població;;1057
2009;Fígols;total;homes;població;;26
2009;Fígols;total;dones;població;;22
2009;Fígols;total;total;població;;48
2009;Fígols i Alinyà;total;homes;població;;157
2009;Fígols i Alinyà;total;dones;població;;127
2009;Fígols i Alinyà;total;total;població;;284
2009;Figuera, la;total;homes;població;;83
2009;Figuera, la;total;dones;població;;65
2009;Figuera, la;total;total;població;;148
2009;Figueres;total;homes;població;;21689
2009;Figueres;total;dones;població;;21641
2009;Figueres;total;total;població;;43330
2009;Figuerola del Camp;total;homes;població;;161
2009;Figuerola del Camp;total;dones;població;;180
2009;Figuerola del Camp;total;total;població;;341
2009;Flaçà;total;homes;població;;524
2009;Flaçà;total;dones;població;;548
2009;Flaçà;total;total;població;;1072
2009;Flix;total;homes;població;;2081
2009;Flix;total;dones;població;;2017
2009;Flix;total;total;població;;4098
2009;Floresta, la;total;homes;població;;102
2009;Floresta, la;total;dones;població;;77
2009;Floresta, la;total;total;població;;179
2009;Fogars de la Selva;total;homes;població;;793
2009;Fogars de la Selva;total;dones;població;;720
2009;Fogars de la Selva;total;total;població;;1513
2009;Fogars de Montclús;total;homes;població;;250
2009;Fogars de Montclús;total;dones;població;;215
2009;Fogars de Montclús;total;total;població;;465
2009;Foixà;total;homes;població;;180
2009;Foixà;total;dones;població;;156
2009;Foixà;total;total;població;;336
2009;Folgueroles;total;homes;població;;1117
2009;Folgueroles;total;dones;població;;1088
2009;Folgueroles;total;total;població;;2205
2009;Fondarella;total;homes;població;;409
2009;Fondarella;total;dones;població;;412
2009;Fondarella;total;total;població;;821
2009;Fonollosa;total;homes;població;;715
2009;Fonollosa;total;dones;població;;684
2009;Fonollosa;total;total;població;;1399
2009;Fontanals de Cerdanya;total;homes;població;;221
2009;Fontanals de Cerdanya;total;dones;població;;230
2009;Fontanals de Cerdanya;total;total;població;;451
2009;Fontanilles;total;homes;població;;104
2009;Fontanilles;total;dones;població;;69
2009;Fontanilles;total;total;població;;173
2009;Fontcoberta;total;homes;població;;607
2009;Fontcoberta;total;dones;població;;644
2009;Fontcoberta;total;total;població;;1251
2009;Font-rubí;total;homes;població;;774
2009;Font-rubí;total;dones;població;;709
2009;Font-rubí;total;total;població;;1483
2009;Foradada;total;homes;població;;110
2009;Foradada;total;dones;població;;79
2009;Foradada;total;total;població;;189
2009;Forallac;total;homes;població;;871
2009;Forallac;total;dones;població;;866
2009;Forallac;total;total;població;;1737
2009;Forès;total;homes;població;;25
2009;Forès;total;dones;població;;18
2009;Forès;total;total;població;;43
2009;Fornells de la Selva;total;homes;població;;1109
2009;Fornells de la Selva;total;dones;població;;1186
2009;Fornells de la Selva;total;total;població;;2295
2009;Fortià;total;homes;població;;328
2009;Fortià;total;dones;població;;311
2009;Fortià;total;total;població;;639
2009;Franqueses del Vallès, les;total;homes;població;;9071
2009;Franqueses del Vallès, les;total;dones;població;;8589
2009;Franqueses del Vallès, les;total;total;població;;17660
2009;Freginals;total;homes;població;;238
2009;Freginals;total;dones;població;;211
2009;Freginals;total;total;població;;449
2009;Fuliola, la;total;homes;població;;614
2009;Fuliola, la;total;dones;població;;625
2009;Fuliola, la;total;total;població;;1239
2009;Fulleda;total;homes;població;;61
2009;Fulleda;total;dones;població;;52
2009;Fulleda;total;total;població;;113
2009;Gaià;total;homes;població;;92
2009;Gaià;total;dones;població;;79
2009;Gaià;total;total;població;;171
2009;Galera, la;total;homes;població;;459
2009;Galera, la;total;dones;població;;425
2009;Galera, la;total;total;població;;884
2009;Gallifa;total;homes;població;;113
2009;Gallifa;total;dones;població;;101
2009;Gallifa;total;total;població;;214
2009;Gandesa;total;homes;població;;1674
2009;Gandesa;total;dones;població;;1562
2009;Gandesa;total;total;població;;3236
2009;Garcia;total;homes;població;;296
2009;Garcia;total;dones;població;;306
2009;Garcia;total;total;població;;602
2009;Garidells, els;total;homes;població;;111
2009;Garidells, els;total;dones;població;;110
2009;Garidells, els;total;total;població;;221
2009;Garriga, la;total;homes;població;;7266
2009;Garriga, la;total;dones;població;;7725
2009;Garriga, la;total;total;població;;14991
2009;Garrigàs;total;homes;població;;206
2009;Garrigàs;total;dones;població;;189
2009;Garrigàs;total;total;població;;395
2009;Garrigoles;total;homes;població;;91
2009;Garrigoles;total;dones;població;;69
2009;Garrigoles;total;total;població;;160
2009;Garriguella;total;homes;població;;415
2009;Garriguella;total;dones;població;;410
2009;Garriguella;total;total;població;;825
2009;Gavà;total;homes;població;;22837
2009;Gavà;total;dones;població;;23157
2009;Gavà;total;total;població;;45994
2009;Gavet de la Conca;total;homes;població;;150
2009;Gavet de la Conca;total;dones;població;;157
2009;Gavet de la Conca;total;total;població;;307
2009;Gelida;total;homes;població;;3453
2009;Gelida;total;dones;població;;3348
2009;Gelida;total;total;població;;6801
2009;Ger;total;homes;població;;247
2009;Ger;total;dones;població;;203
2009;Ger;total;total;població;;450
2009;Gimenells i el Pla de la Font;total;homes;població;;598
2009;Gimenells i el Pla de la Font;total;dones;població;;584
2009;Gimenells i el Pla de la Font;total;total;població;;1182
2009;Ginestar;total;homes;població;;567
2009;Ginestar;total;dones;població;;499
2009;Ginestar;total;total;població;;1066
2009;Girona;total;homes;població;;47161
2009;Girona;total;dones;població;;49027
2009;Girona;total;total;població;;96188
2009;Gironella;total;homes;població;;2469
2009;Gironella;total;dones;població;;2583
2009;Gironella;total;total;població;;5052
2009;Gisclareny;total;homes;població;;20
2009;Gisclareny;total;dones;població;;14
2009;Gisclareny;total;total;població;;34
2009;Godall;total;homes;població;;431
2009;Godall;total;dones;població;;410
2009;Godall;total;total;població;;841
2009;Golmés;total;homes;població;;846
2009;Golmés;total;dones;població;;847
2009;Golmés;total;total;població;;1693
2009;Gombrèn;total;homes;població;;108
2009;Gombrèn;total;dones;població;;124
2009;Gombrèn;total;total;població;;232
2009;Gósol;total;homes;població;;118
2009;Gósol;total;dones;població;;101
2009;Gósol;total;total;població;;219
2009;Granada, la;total;homes;població;;1008
2009;Granada, la;total;dones;població;;968
2009;Granada, la;total;total;població;;1976
2009;Granadella, la;total;homes;població;;401
2009;Granadella, la;total;dones;població;;364
2009;Granadella, la;total;total;població;;765
2009;Granera;total;homes;població;;48
2009;Granera;total;dones;població;;29
2009;Granera;total;total;població;;77
2009;Granja d'Escarp, la;total;homes;població;;525
2009;Granja d'Escarp, la;total;dones;població;;459
2009;Granja d'Escarp, la;total;total;població;;984
2009;Granollers;total;homes;població;;30504
2009;Granollers;total;dones;població;;30154
2009;Granollers;total;total;població;;60658
2009;Granyanella;total;homes;població;;83
2009;Granyanella;total;dones;població;;77
2009;Granyanella;total;total;població;;160
2009;Granyena de les Garrigues;total;homes;població;;99
2009;Granyena de les Garrigues;total;dones;població;;73
2009;Granyena de les Garrigues;total;total;població;;172
2009;Granyena de Segarra;total;homes;població;;70
2009;Granyena de Segarra;total;dones;població;;68
2009;Granyena de Segarra;total;total;població;;138
2009;Gratallops;total;homes;població;;141
2009;Gratallops;total;dones;població;;125
2009;Gratallops;total;total;població;;266
2009;Gualba;total;homes;població;;603
2009;Gualba;total;dones;població;;589
2009;Gualba;total;total;població;;1192
2009;Gualta;total;homes;població;;216
2009;Gualta;total;dones;població;;164
2009;Gualta;total;total;població;;380
2009;Guardiola de Berguedà;total;homes;població;;538
2009;Guardiola de Berguedà;total;dones;població;;469
2009;Guardiola de Berguedà;total;total;població;;1007
2009;Guiamets, els;total;homes;població;;161
2009;Guiamets, els;total;dones;població;;169
2009;Guiamets, els;total;total;població;;330
2009;Guils de Cerdanya;total;homes;població;;249
2009;Guils de Cerdanya;total;dones;població;;230
2009;Guils de Cerdanya;total;total;població;;479
2009;Guimerà;total;homes;població;;179
2009;Guimerà;total;dones;població;;155
2009;Guimerà;total;total;població;;334
2009;Guingueta d'Àneu, la;total;homes;població;;206
2009;Guingueta d'Àneu, la;total;dones;població;;166
2009;Guingueta d'Àneu, la;total;total;població;;372
2009;Guissona;total;homes;població;;3322
2009;Guissona;total;dones;població;;2823
2009;Guissona;total;total;població;;6145
2009;Guixers;total;homes;població;;80
2009;Guixers;total;dones;població;;58
2009;Guixers;total;total;població;;138
2009;Gurb;total;homes;població;;1271
2009;Gurb;total;dones;població;;1204
2009;Gurb;total;total;població;;2475
2009;Horta de Sant Joan;total;homes;població;;692
2009;Horta de Sant Joan;total;dones;població;;613
2009;Horta de Sant Joan;total;total;població;;1305
2009;Hospitalet de Llobregat, l';total;homes;població;;126459
2009;Hospitalet de Llobregat, l';total;dones;població;;130579
2009;Hospitalet de Llobregat, l';total;total;població;;257038
2009;Hostalets de Pierola, els;total;homes;població;;1354
2009;Hostalets de Pierola, els;total;dones;població;;1258
2009;Hostalets de Pierola, els;total;total;població;;2612
2009;Hostalric;total;homes;població;;2059
2009;Hostalric;total;dones;població;;1935
2009;Hostalric;total;total;població;;3994
2009;Igualada;total;homes;població;;19325
2009;Igualada;total;dones;població;;19593
2009;Igualada;total;total;població;;38918
2009;Isona i Conca Dellà;total;homes;població;;617
2009;Isona i Conca Dellà;total;dones;població;;546
2009;Isona i Conca Dellà;total;total;població;;1163
2009;Isòvol;total;homes;població;;169
2009;Isòvol;total;dones;població;;120
2009;Isòvol;total;total;població;;289
2009;Ivars d'Urgell;total;homes;població;;928
2009;Ivars d'Urgell;total;dones;població;;813
2009;Ivars d'Urgell;total;total;població;;1741
2009;Ivars de Noguera;total;homes;població;;204
2009;Ivars de Noguera;total;dones;població;;159
2009;Ivars de Noguera;total;total;població;;363
2009;Ivorra;total;homes;població;;71
2009;Ivorra;total;dones;població;;65
2009;Ivorra;total;total;població;;136
2009;Jafre;total;homes;població;;222
2009;Jafre;total;dones;població;;197
2009;Jafre;total;total;població;;419
2009;Jonquera, la;total;homes;població;;1603
2009;Jonquera, la;total;dones;població;;1571
2009;Jonquera, la;total;total;població;;3174
2009;Jorba;total;homes;població;;407
2009;Jorba;total;dones;població;;420
2009;Jorba;total;total;població;;827
2009;Josa i Tuixén;total;homes;població;;84
2009;Josa i Tuixén;total;dones;població;;71
2009;Josa i Tuixén;total;total;població;;155
2009;Juià;total;homes;població;;182
2009;Juià;total;dones;població;;144
2009;Juià;total;total;població;;326
2009;Juncosa;total;homes;població;;265
2009;Juncosa;total;dones;població;;239
2009;Juncosa;total;total;població;;504
2009;Juneda;total;homes;població;;1793
2009;Juneda;total;dones;població;;1624
2009;Juneda;total;total;població;;3417
2009;Les;total;homes;població;;486
2009;Les;total;dones;població;;493
2009;Les;total;total;població;;979
2009;Linyola;total;homes;població;;1484
2009;Linyola;total;dones;població;;1352
2009;Linyola;total;total;població;;2836
2009;Llacuna, la;total;homes;població;;499
2009;Llacuna, la;total;dones;població;;426
2009;Llacuna, la;total;total;població;;925
2009;Lladó;total;homes;població;;352
2009;Lladó;total;dones;població;;330
2009;Lladó;total;total;població;;682
2009;Lladorre;total;homes;població;;111
2009;Lladorre;total;dones;població;;116
2009;Lladorre;total;total;població;;227
2009;Lladurs;total;homes;població;;114
2009;Lladurs;total;dones;població;;87
2009;Lladurs;total;total;població;;201
2009;Llagosta, la;total;homes;població;;6971
2009;Llagosta, la;total;dones;població;;6849
2009;Llagosta, la;total;total;població;;13820
2009;Llagostera;total;homes;població;;4014
2009;Llagostera;total;dones;població;;3750
2009;Llagostera;total;total;població;;7764
2009;Llambilles;total;homes;població;;351
2009;Llambilles;total;dones;població;;327
2009;Llambilles;total;total;població;;678
2009;Llanars;total;homes;població;;305
2009;Llanars;total;dones;població;;279
2009;Llanars;total;total;població;;584
2009;Llançà;total;homes;població;;2609
2009;Llançà;total;dones;població;;2600
2009;Llançà;total;total;població;;5209
2009;Llardecans;total;homes;població;;277
2009;Llardecans;total;dones;població;;256
2009;Llardecans;total;total;població;;533
2009;Llavorsí;total;homes;població;;193
2009;Llavorsí;total;dones;població;;181
2009;Llavorsí;total;total;població;;374
2009;Lleida;total;homes;població;;67790
2009;Lleida;total;dones;població;;68129
2009;Lleida;total;total;població;;135919
2009;Llers;total;homes;població;;601
2009;Llers;total;dones;població;;578
2009;Llers;total;total;població;;1179
2009;Lles de Cerdanya;total;homes;població;;161
2009;Lles de Cerdanya;total;dones;població;;110
2009;Lles de Cerdanya;total;total;població;;271
2009;Lliçà d'Amunt;total;homes;població;;7223
2009;Lliçà d'Amunt;total;dones;població;;6920
2009;Lliçà d'Amunt;total;total;població;;14143
2009;Lliçà de Vall;total;homes;població;;3224
2009;Lliçà de Vall;total;dones;població;;3066
2009;Lliçà de Vall;total;total;població;;6290
2009;Llimiana;total;homes;població;;95
2009;Llimiana;total;dones;població;;73
2009;Llimiana;total;total;població;;168
2009;Llinars del Vallès;total;homes;població;;4487
2009;Llinars del Vallès;total;dones;població;;4548
2009;Llinars del Vallès;total;total;població;;9035
2009;Llívia;total;homes;població;;870
2009;Llívia;total;dones;població;;719
2009;Llívia;total;total;població;;1589
2009;Lloar, el;total;homes;població;;68
2009;Lloar, el;total;dones;població;;49
2009;Lloar, el;total;total;població;;117
2009;Llobera;total;homes;població;;114
2009;Llobera;total;dones;població;;97
2009;Llobera;total;total;població;;211
2009;Llorac;total;homes;població;;59
2009;Llorac;total;dones;població;;49
2009;Llorac;total;total;població;;108
2009;Llorenç del Penedès;total;homes;població;;1091
2009;Llorenç del Penedès;total;dones;població;;1094
2009;Llorenç del Penedès;total;total;població;;2185
2009;Lloret de Mar;total;homes;població;;20879
2009;Lloret de Mar;total;dones;població;;18484
2009;Lloret de Mar;total;total;població;;39363
2009;Llosses, les;total;homes;població;;134
2009;Llosses, les;total;dones;població;;100
2009;Llosses, les;total;total;població;;234
2009;Lluçà;total;homes;població;;134
2009;Lluçà;total;dones;població;;126
2009;Lluçà;total;total;població;;260
2009;Maçanet de Cabrenys;total;homes;població;;366
2009;Maçanet de Cabrenys;total;dones;població;;363
2009;Maçanet de Cabrenys;total;total;població;;729
2009;Maçanet de la Selva;total;homes;població;;3553
2009;Maçanet de la Selva;total;dones;població;;3318
2009;Maçanet de la Selva;total;total;població;;6871
2009;Madremanya;total;homes;població;;116
2009;Madremanya;total;dones;població;;122
2009;Madremanya;total;total;població;;238
2009;Maià de Montcal;total;homes;població;;212
2009;Maià de Montcal;total;dones;població;;198
2009;Maià de Montcal;total;total;població;;410
2009;Maials;total;homes;població;;511
2009;Maials;total;dones;població;;476
2009;Maials;total;total;població;;987
2009;Maldà;total;homes;població;;141
2009;Maldà;total;dones;població;;120
2009;Maldà;total;total;població;;261
2009;Malgrat de Mar;total;homes;població;;9206
2009;Malgrat de Mar;total;dones;població;;9266
2009;Malgrat de Mar;total;total;població;;18472
2009;Malla;total;homes;població;;129
2009;Malla;total;dones;població;;126
2009;Malla;total;total;població;;255
2009;Manlleu;total;homes;població;;10459
2009;Manlleu;total;dones;població;;10188
2009;Manlleu;total;total;població;;20647
2009;Manresa;total;homes;població;;37784
2009;Manresa;total;dones;població;;38774
2009;Manresa;total;total;població;;76558
2009;Marçà;total;homes;població;;332
2009;Marçà;total;dones;població;;317
2009;Marçà;total;total;població;;649
2009;Margalef;total;homes;població;;63
2009;Margalef;total;dones;població;;54
2009;Margalef;total;total;població;;117
2009;Marganell;total;homes;població;;150
2009;Marganell;total;dones;població;;158
2009;Marganell;total;total;població;;308
2009;Martorell;total;homes;població;;13833
2009;Martorell;total;dones;població;;12848
2009;Martorell;total;total;població;;26681
2009;Martorelles;total;homes;població;;2481
2009;Martorelles;total;dones;població;;2441
2009;Martorelles;total;total;població;;4922
2009;Mas de Barberans;total;homes;població;;332
2009;Mas de Barberans;total;dones;població;;331
2009;Mas de Barberans;total;total;població;;663
2009;Masarac i Vilarnadal;total;homes;població;;144
2009;Masarac i Vilarnadal;total;dones;població;;121
2009;Masarac i Vilarnadal;total;total;població;;265
2009;Masdenverge;total;homes;població;;592
2009;Masdenverge;total;dones;població;;541
2009;Masdenverge;total;total;població;;1133
2009;Masies de Roda, les;total;homes;població;;373
2009;Masies de Roda, les;total;dones;població;;382
2009;Masies de Roda, les;total;total;població;;755
2009;Masies de Voltregà, les;total;homes;població;;1596
2009;Masies de Voltregà, les;total;dones;població;;1636
2009;Masies de Voltregà, les;total;total;població;;3232
2009;Masllorenç;total;homes;població;;274
2009;Masllorenç;total;dones;població;;258
2009;Masllorenç;total;total;població;;532
2009;Masnou, el;total;homes;població;;10709
2009;Masnou, el;total;dones;població;;11579
2009;Masnou, el;total;total;població;;22288
2009;Masó, la;total;homes;població;;151
2009;Masó, la;total;dones;població;;147
2009;Masó, la;total;total;població;;298
2009;Maspujols;total;homes;població;;346
2009;Maspujols;total;dones;població;;317
2009;Maspujols;total;total;població;;663
2009;Masquefa;total;homes;població;;4137
2009;Masquefa;total;dones;població;;4031
2009;Masquefa;total;total;població;;8168
2009;Masroig, el;total;homes;població;;294
2009;Masroig, el;total;dones;població;;272
2009;Masroig, el;total;total;població;;566
2009;Massalcoreig;total;homes;població;;312
2009;Massalcoreig;total;dones;població;;281
2009;Massalcoreig;total;total;població;;593
2009;Massanes;total;homes;població;;382
2009;Massanes;total;dones;població;;331
2009;Massanes;total;total;població;;713
2009;Massoteres;total;homes;població;;117
2009;Massoteres;total;dones;població;;92
2009;Massoteres;total;total;població;;209
2009;Matadepera;total;homes;població;;4312
2009;Matadepera;total;dones;població;;4304
2009;Matadepera;total;total;població;;8616
2009;Mataró;total;homes;població;;60975
2009;Mataró;total;dones;població;;60747
2009;Mataró;total;total;població;;121722
2009;Mediona;total;homes;població;;1212
2009;Mediona;total;dones;població;;1148
2009;Mediona;total;total;població;;2360
2009;Menàrguens;total;homes;població;;448
2009;Menàrguens;total;dones;població;;406
2009;Menàrguens;total;total;població;;854
2009;Meranges;total;homes;població;;53
2009;Meranges;total;dones;població;;40
2009;Meranges;total;total;població;;93
2009;Mieres;total;homes;població;;175
2009;Mieres;total;dones;població;;169
2009;Mieres;total;total;població;;344
2009;Milà, el;total;homes;població;;87
2009;Milà, el;total;dones;població;;91
2009;Milà, el;total;total;població;;178
2009;Miralcamp;total;homes;població;;721
2009;Miralcamp;total;dones;població;;719
2009;Miralcamp;total;total;població;;1440
2009;Miravet;total;homes;població;;428
2009;Miravet;total;dones;població;;386
2009;Miravet;total;total;població;;814
2009;Moià;total;homes;població;;2888
2009;Moià;total;dones;població;;2822
2009;Moià;total;total;població;;5710
2009;Molar, el;total;homes;població;;169
2009;Molar, el;total;dones;població;;133
2009;Molar, el;total;total;població;;302
2009;Molins de Rei;total;homes;població;;11753
2009;Molins de Rei;total;dones;població;;12314
2009;Molins de Rei;total;total;població;;24067
2009;Mollerussa;total;homes;població;;7453
2009;Mollerussa;total;dones;població;;6866
2009;Mollerussa;total;total;població;;14319
2009;Mollet de Peralada;total;homes;població;;89
2009;Mollet de Peralada;total;dones;població;;85
2009;Mollet de Peralada;total;total;població;;174
2009;Mollet del Vallès;total;homes;població;;26445
2009;Mollet del Vallès;total;dones;població;;26039
2009;Mollet del Vallès;total;total;població;;52484
2009;Molló;total;homes;població;;179
2009;Molló;total;dones;població;;181
2009;Molló;total;total;població;;360
2009;Molsosa, la;total;homes;població;;61
2009;Molsosa, la;total;dones;població;;58
2009;Molsosa, la;total;total;població;;119
2009;Monistrol de Calders;total;homes;població;;348
2009;Monistrol de Calders;total;dones;població;;335
2009;Monistrol de Calders;total;total;població;;683
2009;Monistrol de Montserrat;total;homes;població;;1558
2009;Monistrol de Montserrat;total;dones;població;;1471
2009;Monistrol de Montserrat;total;total;població;;3029
2009;Montagut i Oix;total;homes;població;;510
2009;Montagut i Oix;total;dones;població;;461
2009;Montagut i Oix;total;total;població;;971
2009;Montblanc;total;homes;població;;3707
2009;Montblanc;total;dones;població;;3598
2009;Montblanc;total;total;població;;7305
2009;Montbrió del Camp;total;homes;població;;1128
2009;Montbrió del Camp;total;dones;població;;1091
2009;Montbrió del Camp;total;total;població;;2219
2009;Montcada i Reixac;total;homes;població;;16668
2009;Montcada i Reixac;total;dones;població;;16785
2009;Montcada i Reixac;total;total;població;;33453
2009;Montclar;total;homes;població;;54
2009;Montclar;total;dones;població;;58
2009;Montclar;total;total;població;;112
2009;Montellà i Martinet;total;homes;població;;346
2009;Montellà i Martinet;total;dones;població;;315
2009;Montellà i Martinet;total;total;població;;661
2009;Montesquiu;total;homes;població;;457
2009;Montesquiu;total;dones;població;;449
2009;Montesquiu;total;total;població;;906
2009;Montferrer i Castellbò;total;homes;població;;595
2009;Montferrer i Castellbò;total;dones;població;;494
2009;Montferrer i Castellbò;total;total;població;;1089
2009;Montferri;total;homes;població;;198
2009;Montferri;total;dones;població;;168
2009;Montferri;total;total;població;;366
2009;Montgai;total;homes;població;;371
2009;Montgai;total;dones;població;;356
2009;Montgai;total;total;població;;727
2009;Montgat;total;homes;població;;5052
2009;Montgat;total;dones;població;;5218
2009;Montgat;total;total;població;;10270
2009;Montmajor;total;homes;població;;256
2009;Montmajor;total;dones;població;;231
2009;Montmajor;total;total;població;;487
2009;Montmaneu;total;homes;població;;105
2009;Montmaneu;total;dones;població;;87
2009;Montmaneu;total;total;població;;192
2009;Montmell, el;total;homes;població;;789
2009;Montmell, el;total;dones;població;;642
2009;Montmell, el;total;total;població;;1431
2009;Montmeló;total;homes;població;;4441
2009;Montmeló;total;dones;població;;4514
2009;Montmeló;total;total;població;;8955
2009;Montoliu de Lleida;total;homes;població;;248
2009;Montoliu de Lleida;total;dones;població;;238
2009;Montoliu de Lleida;total;total;població;;486
2009;Montoliu de Segarra;total;homes;població;;114
2009;Montoliu de Segarra;total;dones;població;;79
2009;Montoliu de Segarra;total;total;població;;193
2009;Montornès de Segarra;total;homes;població;;54
2009;Montornès de Segarra;total;dones;població;;54
2009;Montornès de Segarra;total;total;població;;108
2009;Montornès del Vallès;total;homes;població;;8002
2009;Montornès del Vallès;total;dones;població;;7507
2009;Montornès del Vallès;total;total;població;;15509
2009;Mont-ral;total;homes;població;;98
2009;Mont-ral;total;dones;població;;73
2009;Mont-ral;total;total;població;;171
2009;Mont-ras;total;homes;població;;954
2009;Mont-ras;total;dones;població;;893
2009;Mont-ras;total;total;població;;1847
2009;Mont-roig del Camp;total;homes;població;;6185
2009;Mont-roig del Camp;total;dones;població;;5662
2009;Mont-roig del Camp;total;total;població;;11847
2009;Montseny;total;homes;població;;168
2009;Montseny;total;dones;població;;151
2009;Montseny;total;total;població;;319
2009;Móra d'Ebre;total;homes;població;;2816
2009;Móra d'Ebre;total;dones;població;;2879
2009;Móra d'Ebre;total;total;població;;5695
2009;Móra la Nova;total;homes;població;;1628
2009;Móra la Nova;total;dones;població;;1551
2009;Móra la Nova;total;total;població;;3179
2009;Morell, el;total;homes;població;;1708
2009;Morell, el;total;dones;població;;1577
2009;Morell, el;total;total;població;;3285
2009;Morera de Montsant, la;total;homes;població;;92
2009;Morera de Montsant, la;total;dones;població;;61
2009;Morera de Montsant, la;total;total;població;;153
2009;Muntanyola;total;homes;població;;288
2009;Muntanyola;total;dones;població;;282
2009;Muntanyola;total;total;població;;570
2009;Mura;total;homes;població;;130
2009;Mura;total;dones;població;;108
2009;Mura;total;total;població;;238
2009;Nalec;total;homes;població;;48
2009;Nalec;total;dones;població;;47
2009;Nalec;total;total;població;;95
2009;Naut Aran;total;homes;població;;890
2009;Naut Aran;total;dones;població;;850
2009;Naut Aran;total;total;població;;1740
2009;Navarcles;total;homes;població;;2944
2009;Navarcles;total;dones;població;;3003
2009;Navarcles;total;total;població;;5947
2009;Navàs;total;homes;població;;3121
2009;Navàs;total;dones;població;;3122
2009;Navàs;total;total;població;;6243
2009;Navata;total;homes;població;;566
2009;Navata;total;dones;població;;562
2009;Navata;total;total;població;;1128
2009;Navès;total;homes;població;;131
2009;Navès;total;dones;població;;135
2009;Navès;total;total;població;;266
2009;Nou de Berguedà, la;total;homes;població;;83
2009;Nou de Berguedà, la;total;dones;població;;76
2009;Nou de Berguedà, la;total;total;població;;159
2009;Nou de Gaià, la;total;homes;població;;245
2009;Nou de Gaià, la;total;dones;població;;252
2009;Nou de Gaià, la;total;total;població;;497
2009;Nulles;total;homes;població;;217
2009;Nulles;total;dones;població;;201
2009;Nulles;total;total;població;;418
2009;Odèn;total;homes;població;;166
2009;Odèn;total;dones;població;;115
2009;Odèn;total;total;població;;281
2009;Òdena;total;homes;població;;1703
2009;Òdena;total;dones;població;;1631
2009;Òdena;total;total;població;;3334
2009;Ogassa;total;homes;població;;156
2009;Ogassa;total;dones;població;;108
2009;Ogassa;total;total;població;;264
2009;Olèrdola;total;homes;població;;1792
2009;Olèrdola;total;dones;població;;1670
2009;Olèrdola;total;total;població;;3462
2009;Olesa de Bonesvalls;total;homes;població;;916
2009;Olesa de Bonesvalls;total;dones;població;;824
2009;Olesa de Bonesvalls;total;total;població;;1740
2009;Olesa de Montserrat;total;homes;població;;11778
2009;Olesa de Montserrat;total;dones;població;;11523
2009;Olesa de Montserrat;total;total;població;;23301
2009;Oliana;total;homes;població;;986
2009;Oliana;total;dones;població;;990
2009;Oliana;total;total;població;;1976
2009;Oliola;total;homes;població;;143
2009;Oliola;total;dones;població;;105
2009;Oliola;total;total;població;;248
2009;Olius;total;homes;població;;419
2009;Olius;total;dones;població;;395
2009;Olius;total;total;població;;814
2009;Olivella;total;homes;població;;1778
2009;Olivella;total;dones;població;;1562
2009;Olivella;total;total;població;;3340
2009;Olost;total;homes;població;;604
2009;Olost;total;dones;població;;613
2009;Olost;total;total;població;;1217
2009;Olot;total;homes;població;;16856
2009;Olot;total;dones;població;;16668
2009;Olot;total;total;població;;33524
2009;Oluges, les;total;homes;població;;99
2009;Oluges, les;total;dones;població;;80
2009;Oluges, les;total;total;població;;179
2009;Olvan;total;homes;població;;444
2009;Olvan;total;dones;població;;459
2009;Olvan;total;total;població;;903
2009;Omellons, els;total;homes;població;;130
2009;Omellons, els;total;dones;població;;114
2009;Omellons, els;total;total;població;;244
2009;Omells de na Gaia, els;total;homes;població;;77
2009;Omells de na Gaia, els;total;dones;població;;65
2009;Omells de na Gaia, els;total;total;població;;142
2009;Ordis;total;homes;població;;198
2009;Ordis;total;dones;població;;174
2009;Ordis;total;total;població;;372
2009;Organyà;total;homes;població;;467
2009;Organyà;total;dones;població;;491
2009;Organyà;total;total;població;;958
2009;Orís;total;homes;població;;144
2009;Orís;total;dones;població;;140
2009;Orís;total;total;població;;284
2009;Oristà;total;homes;població;;287
2009;Oristà;total;dones;població;;298
2009;Oristà;total;total;població;;585
2009;Orpí;total;homes;població;;100
2009;Orpí;total;dones;població;;87
2009;Orpí;total;total;població;;187
2009;Òrrius;total;homes;població;;331
2009;Òrrius;total;dones;població;;309
2009;Òrrius;total;total;població;;640
2009;Os de Balaguer;total;homes;població;;522
2009;Os de Balaguer;total;dones;població;;463
2009;Os de Balaguer;total;total;població;;985
2009;Osor;total;homes;població;;181
2009;Osor;total;dones;població;;173
2009;Osor;total;total;població;;354
2009;Ossó de Sió;total;homes;població;;107
2009;Ossó de Sió;total;dones;població;;112
2009;Ossó de Sió;total;total;població;;219
2009;Pacs del Penedès;total;homes;població;;443
2009;Pacs del Penedès;total;dones;població;;426
2009;Pacs del Penedès;total;total;població;;869
2009;Palafolls;total;homes;població;;4300
2009;Palafolls;total;dones;població;;4284
2009;Palafolls;total;total;població;;8584
2009;Palafrugell;total;homes;població;;11301
2009;Palafrugell;total;dones;població;;11064
2009;Palafrugell;total;total;població;;22365
2009;Palamós;total;homes;població;;8982
2009;Palamós;total;dones;població;;9179
2009;Palamós;total;total;població;;18161
2009;Palau d'Anglesola, el;total;homes;població;;1048
2009;Palau d'Anglesola, el;total;dones;població;;1051
2009;Palau d'Anglesola, el;total;total;població;;2099
2009;Palau de Santa Eulàlia;total;homes;població;;66
2009;Palau de Santa Eulàlia;total;dones;població;;46
2009;Palau de Santa Eulàlia;total;total;població;;112
2009;Palau-sator;total;homes;població;;148
2009;Palau-sator;total;dones;població;;142
2009;Palau-sator;total;total;població;;290
2009;Palau-saverdera;total;homes;població;;729
2009;Palau-saverdera;total;dones;població;;722
2009;Palau-saverdera;total;total;població;;1451
2009;Palau-solità i Plegamans;total;homes;població;;7063
2009;Palau-solità i Plegamans;total;dones;població;;7007
2009;Palau-solità i Plegamans;total;total;població;;14070
2009;Pallaresos, els;total;homes;població;;2053
2009;Pallaresos, els;total;dones;població;;1938
2009;Pallaresos, els;total;total;població;;3991
2009;Pallejà;total;homes;població;;5632
2009;Pallejà;total;dones;població;;5502
2009;Pallejà;total;total;població;;11134
2009;Palma d'Ebre, la;total;homes;població;;199
2009;Palma d'Ebre, la;total;dones;població;;214
2009;Palma d'Ebre, la;total;total;població;;413
2009;Palma de Cervelló, la;total;homes;població;;1519
2009;Palma de Cervelló, la;total;dones;població;;1538
2009;Palma de Cervelló, la;total;total;població;;3057
2009;Palol de Revardit;total;homes;població;;243
2009;Palol de Revardit;total;dones;població;;236
2009;Palol de Revardit;total;total;població;;479
2009;Pals;total;homes;població;;1412
2009;Pals;total;dones;població;;1387
2009;Pals;total;total;població;;2799
2009;Papiol, el;total;homes;població;;1945
2009;Papiol, el;total;dones;població;;1955
2009;Papiol, el;total;total;població;;3900
2009;Pardines;total;homes;població;;88
2009;Pardines;total;dones;població;;71
2009;Pardines;total;total;població;;159
2009;Parets del Vallès;total;homes;població;;8969
2009;Parets del Vallès;total;dones;població;;8663
2009;Parets del Vallès;total;total;població;;17632
2009;Parlavà;total;homes;població;;202
2009;Parlavà;total;dones;població;;192
2009;Parlavà;total;total;població;;394
2009;Passanant i Belltall;total;homes;població;;90
2009;Passanant i Belltall;total;dones;població;;69
2009;Passanant i Belltall;total;total;població;;159
2009;Pau;total;homes;població;;290
2009;Pau;total;dones;població;;288
2009;Pau;total;total;població;;578
2009;Paüls;total;homes;població;;306
2009;Paüls;total;dones;població;;307
2009;Paüls;total;total;població;;613
2009;Pedret i Marzà;total;homes;població;;87
2009;Pedret i Marzà;total;dones;població;;73
2009;Pedret i Marzà;total;total;població;;160
2009;Penelles;total;homes;població;;297
2009;Penelles;total;dones;població;;249
2009;Penelles;total;total;població;;546
2009;Pera, la;total;homes;població;;226
2009;Pera, la;total;dones;població;;217
2009;Pera, la;total;total;població;;443
2009;Perafita;total;homes;població;;209
2009;Perafita;total;dones;població;;199
2009;Perafita;total;total;població;;408
2009;Perafort;total;homes;població;;611
2009;Perafort;total;dones;població;;543
2009;Perafort;total;total;població;;1154
2009;Peralada;total;homes;població;;918
2009;Peralada;total;dones;població;;887
2009;Peralada;total;total;població;;1805
2009;Peramola;total;homes;població;;202
2009;Peramola;total;dones;població;;177
2009;Peramola;total;total;població;;379
2009;Perelló, el;total;homes;població;;1735
2009;Perelló, el;total;dones;població;;1500
2009;Perelló, el;total;total;població;;3235
2009;Piera;total;homes;població;;7323
2009;Piera;total;dones;població;;7001
2009;Piera;total;total;població;;14324
2009;Piles, les;total;homes;població;;116
2009;Piles, les;total;dones;població;;99
2009;Piles, les;total;total;població;;215
2009;Pineda de Mar;total;homes;població;;13335
2009;Pineda de Mar;total;dones;població;;12868
2009;Pineda de Mar;total;total;població;;26203
2009;Pinell de Brai, el;total;homes;població;;574
2009;Pinell de Brai, el;total;dones;població;;556
2009;Pinell de Brai, el;total;total;població;;1130
2009;Pinell de Solsonès;total;homes;població;;115
2009;Pinell de Solsonès;total;dones;població;;99
2009;Pinell de Solsonès;total;total;població;;214
2009;Pinós;total;homes;població;;171
2009;Pinós;total;dones;població;;137
2009;Pinós;total;total;població;;308
2009;Pira;total;homes;població;;256
2009;Pira;total;dones;població;;254
2009;Pira;total;total;població;;510
2009;Pla de Santa Maria, el;total;homes;població;;1213
2009;Pla de Santa Maria, el;total;dones;població;;1096
2009;Pla de Santa Maria, el;total;total;població;;2309
2009;Pla del Penedès, el;total;homes;població;;531
2009;Pla del Penedès, el;total;dones;població;;510
2009;Pla del Penedès, el;total;total;població;;1041
2009;Planes d'Hostoles, les;total;homes;població;;892
2009;Planes d'Hostoles, les;total;dones;població;;864
2009;Planes d'Hostoles, les;total;total;població;;1756
2009;Planoles;total;homes;població;;152
2009;Planoles;total;dones;població;;127
2009;Planoles;total;total;població;;279
2009;Plans de Sió, els;total;homes;població;;298
2009;Plans de Sió, els;total;dones;població;;275
2009;Plans de Sió, els;total;total;població;;573
2009;Poal, el;total;homes;població;;343
2009;Poal, el;total;dones;població;;316
2009;Poal, el;total;total;població;;659
2009;Pobla de Cérvoles, la;total;homes;població;;139
2009;Pobla de Cérvoles, la;total;dones;població;;118
2009;Pobla de Cérvoles, la;total;total;població;;257
2009;Pobla de Claramunt, la;total;homes;població;;1172
2009;Pobla de Claramunt, la;total;dones;població;;1114
2009;Pobla de Claramunt, la;total;total;població;;2286
2009;Pobla de Lillet, la;total;homes;població;;652
2009;Pobla de Lillet, la;total;dones;població;;660
2009;Pobla de Lillet, la;total;total;població;;1312
2009;Pobla de Mafumet, la;total;homes;població;;1234
2009;Pobla de Mafumet, la;total;dones;població;;1169
2009;Pobla de Mafumet, la;total;total;població;;2403
2009;Pobla de Massaluca, la;total;homes;població;;206
2009;Pobla de Massaluca, la;total;dones;població;;193
2009;Pobla de Massaluca, la;total;total;població;;399
2009;Pobla de Montornès, la;total;homes;població;;1511
2009;Pobla de Montornès, la;total;dones;població;;1341
2009;Pobla de Montornès, la;total;total;població;;2852
2009;Pobla de Segur, la;total;homes;població;;1612
2009;Pobla de Segur, la;total;dones;població;;1625
2009;Pobla de Segur, la;total;total;població;;3237
2009;Poboleda;total;homes;població;;203
2009;Poboleda;total;dones;població;;168
2009;Poboleda;total;total;població;;371
2009;Polinyà;total;homes;població;;3929
2009;Polinyà;total;dones;població;;3747
2009;Polinyà;total;total;població;;7676
2009;Pont d'Armentera, el;total;homes;població;;324
2009;Pont d'Armentera, el;total;dones;població;;296
2009;Pont d'Armentera, el;total;total;població;;620
2009;Pont de Bar, el;total;homes;població;;112
2009;Pont de Bar, el;total;dones;població;;85
2009;Pont de Bar, el;total;total;població;;197
2009;Pont de Molins;total;homes;població;;257
2009;Pont de Molins;total;dones;població;;229
2009;Pont de Molins;total;total;població;;486
2009;Pont de Suert, el;total;homes;població;;1336
2009;Pont de Suert, el;total;dones;població;;1234
2009;Pont de Suert, el;total;total;població;;2570
2009;Pont de Vilomara i Rocafort, el;total;homes;població;;1918
2009;Pont de Vilomara i Rocafort, el;total;dones;població;;1796
2009;Pont de Vilomara i Rocafort, el;total;total;població;;3714
2009;Pontils;total;homes;població;;83
2009;Pontils;total;dones;població;;64
2009;Pontils;total;total;població;;147
2009;Pontons;total;homes;població;;290
2009;Pontons;total;dones;població;;240
2009;Pontons;total;total;població;;530
2009;Pontós;total;homes;població;;131
2009;Pontós;total;dones;població;;107
2009;Pontós;total;total;població;;238
2009;Ponts;total;homes;població;;1421
2009;Ponts;total;dones;població;;1382
2009;Ponts;total;total;població;;2803
2009;Porqueres;total;homes;població;;2184
2009;Porqueres;total;dones;població;;2196
2009;Porqueres;total;total;població;;4380
2009;Porrera;total;homes;població;;258
2009;Porrera;total;dones;població;;222
2009;Porrera;total;total;població;;480
2009;Port de la Selva, el;total;homes;població;;528
2009;Port de la Selva, el;total;dones;població;;487
2009;Port de la Selva, el;total;total;població;;1015
2009;Portbou;total;homes;població;;659
2009;Portbou;total;dones;població;;666
2009;Portbou;total;total;població;;1325
2009;Portella, la;total;homes;població;;417
2009;Portella, la;total;dones;població;;358
2009;Portella, la;total;total;població;;775
2009;Pradell de la Teixeta;total;homes;població;;82
2009;Pradell de la Teixeta;total;dones;població;;100
2009;Pradell de la Teixeta;total;total;població;;182
2009;Prades;total;homes;població;;353
2009;Prades;total;dones;població;;323
2009;Prades;total;total;població;;676
2009;Prat de Comte;total;homes;població;;108
2009;Prat de Comte;total;dones;població;;97
2009;Prat de Comte;total;total;població;;205
2009;Prat de Llobregat, el;total;homes;població;;31601
2009;Prat de Llobregat, el;total;dones;població;;31817
2009;Prat de Llobregat, el;total;total;població;;63418
2009;Pratdip;total;homes;població;;452
2009;Pratdip;total;dones;població;;391
2009;Pratdip;total;total;població;;843
2009;Prats de Lluçanès;total;homes;població;;1344
2009;Prats de Lluçanès;total;dones;població;;1378
2009;Prats de Lluçanès;total;total;població;;2722
2009;Prats de Rei, els;total;homes;població;;281
2009;Prats de Rei, els;total;dones;població;;257
2009;Prats de Rei, els;total;total;població;;538
2009;Prats i Sansor;total;homes;població;;131
2009;Prats i Sansor;total;dones;població;;106
2009;Prats i Sansor;total;total;població;;237
2009;Preixana;total;homes;població;;222
2009;Preixana;total;dones;població;;211
2009;Preixana;total;total;població;;433
2009;Preixens;total;homes;població;;258
2009;Preixens;total;dones;població;;248
2009;Preixens;total;total;població;;506
2009;Premià de Dalt;total;homes;població;;4991
2009;Premià de Dalt;total;dones;població;;4953
2009;Premià de Dalt;total;total;població;;9944
2009;Premià de Mar;total;homes;població;;13567
2009;Premià de Mar;total;dones;població;;13832
2009;Premià de Mar;total;total;població;;27399
2009;Preses, les;total;homes;població;;845
2009;Preses, les;total;dones;població;;886
2009;Preses, les;total;total;població;;1731
2009;Prullans;total;homes;població;;122
2009;Prullans;total;dones;població;;110
2009;Prullans;total;total;població;;232
2009;Puigcerdà;total;homes;població;;4611
2009;Puigcerdà;total;dones;població;;4411
2009;Puigcerdà;total;total;població;;9022
2009;Puigdàlber;total;homes;població;;248
2009;Puigdàlber;total;dones;població;;260
2009;Puigdàlber;total;total;població;;508
2009;Puiggròs;total;homes;població;;166
2009;Puiggròs;total;dones;població;;143
2009;Puiggròs;total;total;població;;309
2009;Puigpelat;total;homes;població;;514
2009;Puigpelat;total;dones;població;;463
2009;Puigpelat;total;total;població;;977
2009;Puig-reig;total;homes;població;;2155
2009;Puig-reig;total;dones;població;;2248
2009;Puig-reig;total;total;població;;4403
2009;Puigverd d'Agramunt;total;homes;població;;158
2009;Puigverd d'Agramunt;total;dones;població;;120
2009;Puigverd d'Agramunt;total;total;població;;278
2009;Puigverd de Lleida;total;homes;població;;713
2009;Puigverd de Lleida;total;dones;població;;678
2009;Puigverd de Lleida;total;total;població;;1391
2009;Pujalt;total;homes;població;;106
2009;Pujalt;total;dones;població;;97
2009;Pujalt;total;total;població;;203
2009;Quar, la;total;homes;població;;36
2009;Quar, la;total;dones;població;;25
2009;Quar, la;total;total;població;;61
2009;Quart;total;homes;població;;1445
2009;Quart;total;dones;població;;1407
2009;Quart;total;total;població;;2852
2009;Queralbs;total;homes;població;;115
2009;Queralbs;total;dones;població;;84
2009;Queralbs;total;total;població;;199
2009;Querol;total;homes;població;;287
2009;Querol;total;dones;població;;252
2009;Querol;total;total;població;;539
2009;Rabós;total;homes;població;;112
2009;Rabós;total;dones;població;;105
2009;Rabós;total;total;població;;217
2009;Rajadell;total;homes;població;;262
2009;Rajadell;total;dones;població;;234
2009;Rajadell;total;total;població;;496
2009;Ràpita, la;total;homes;població;;7767
2009;Ràpita, la;total;dones;població;;7744
2009;Ràpita, la;total;total;població;;15511
2009;Rasquera;total;homes;població;;478
2009;Rasquera;total;dones;població;;477
2009;Rasquera;total;total;població;;955
2009;Regencós;total;homes;població;;181
2009;Regencós;total;dones;població;;145
2009;Regencós;total;total;població;;326
2009;Rellinars;total;homes;població;;363
2009;Rellinars;total;dones;població;;350
2009;Rellinars;total;total;població;;713
2009;Renau;total;homes;població;;46
2009;Renau;total;dones;població;;44
2009;Renau;total;total;població;;90
2009;Reus;total;homes;població;;53182
2009;Reus;total;dones;població;;53936
2009;Reus;total;total;població;;107118
2009;Rialp;total;homes;població;;342
2009;Rialp;total;dones;població;;314
2009;Rialp;total;total;població;;656
2009;Riba, la;total;homes;població;;391
2009;Riba, la;total;dones;població;;331
2009;Riba, la;total;total;població;;722
2009;Riba-roja d'Ebre;total;homes;població;;717
2009;Riba-roja d'Ebre;total;dones;població;;631
2009;Riba-roja d'Ebre;total;total;població;;1348
2009;Ribera d'Ondara;total;homes;població;;231
2009;Ribera d'Ondara;total;dones;població;;214
2009;Ribera d'Ondara;total;total;població;;445
2009;Ribera d'Urgellet;total;homes;població;;508
2009;Ribera d'Urgellet;total;dones;població;;446
2009;Ribera d'Urgellet;total;total;població;;954
2009;Ribes de Freser;total;homes;població;;973
2009;Ribes de Freser;total;dones;població;;1003
2009;Ribes de Freser;total;total;població;;1976
2009;Riells i Viabrea;total;homes;població;;1974
2009;Riells i Viabrea;total;dones;població;;1805
2009;Riells i Viabrea;total;total;població;;3779
2009;Riera de Gaià, la;total;homes;població;;826
2009;Riera de Gaià, la;total;dones;població;;761
2009;Riera de Gaià, la;total;total;població;;1587
2009;Riner;total;homes;població;;148
2009;Riner;total;dones;població;;152
2009;Riner;total;total;població;;300
2009;Ripoll;total;homes;població;;5477
2009;Ripoll;total;dones;població;;5580
2009;Ripoll;total;total;població;;11057
2009;Ripollet;total;homes;població;;18787
2009;Ripollet;total;dones;població;;18301
2009;Ripollet;total;total;població;;37088
2009;Riu de Cerdanya;total;homes;població;;60
2009;Riu de Cerdanya;total;dones;població;;50
2009;Riu de Cerdanya;total;total;població;;110
2009;Riudarenes;total;homes;població;;1077
2009;Riudarenes;total;dones;població;;993
2009;Riudarenes;total;total;població;;2070
2009;Riudaura;total;homes;població;;215
2009;Riudaura;total;dones;població;;228
2009;Riudaura;total;total;població;;443
2009;Riudecanyes;total;homes;població;;555
2009;Riudecanyes;total;dones;població;;528
2009;Riudecanyes;total;total;població;;1083
2009;Riudecols;total;homes;població;;684
2009;Riudecols;total;dones;població;;612
2009;Riudecols;total;total;població;;1296
2009;Riudellots de la Selva;total;homes;població;;1021
2009;Riudellots de la Selva;total;dones;població;;963
2009;Riudellots de la Selva;total;total;població;;1984
2009;Riudoms;total;homes;població;;3294
2009;Riudoms;total;dones;població;;3142
2009;Riudoms;total;total;població;;6436
2009;Riumors;total;homes;població;;115
2009;Riumors;total;dones;població;;118
2009;Riumors;total;total;població;;233
2009;Roca del Vallès, la;total;homes;població;;5170
2009;Roca del Vallès, la;total;dones;població;;5044
2009;Roca del Vallès, la;total;total;població;;10214
2009;Rocafort de Queralt;total;homes;població;;149
2009;Rocafort de Queralt;total;dones;població;;129
2009;Rocafort de Queralt;total;total;població;;278
2009;Roda de Berà;total;homes;població;;3238
2009;Roda de Berà;total;dones;població;;2948
2009;Roda de Berà;total;total;població;;6186
2009;Roda de Ter;total;homes;població;;2961
2009;Roda de Ter;total;dones;població;;3054
2009;Roda de Ter;total;total;població;;6015
2009;Rodonyà;total;homes;població;;278
2009;Rodonyà;total;dones;població;;230
2009;Rodonyà;total;total;població;;508
2009;Roquetes;total;homes;població;;4339
2009;Roquetes;total;dones;població;;3884
2009;Roquetes;total;total;població;;8223
2009;Roses;total;homes;població;;10298
2009;Roses;total;dones;població;;9899
2009;Roses;total;total;població;;20197
2009;Rosselló;total;homes;població;;1485
2009;Rosselló;total;dones;població;;1427
2009;Rosselló;total;total;població;;2912
2009;Rourell, el;total;homes;població;;197
2009;Rourell, el;total;dones;població;;183
2009;Rourell, el;total;total;població;;380
2009;Rubí;total;homes;població;;36694
2009;Rubí;total;dones;població;;36293
2009;Rubí;total;total;població;;72987
2009;Rubió;total;homes;població;;105
2009;Rubió;total;dones;població;;97
2009;Rubió;total;total;població;;202
2009;Rupià;total;homes;població;;126
2009;Rupià;total;dones;població;;117
2009;Rupià;total;total;població;;243
2009;Rupit i Pruit;total;homes;població;;161
2009;Rupit i Pruit;total;dones;població;;164
2009;Rupit i Pruit;total;total;població;;325
2009;Sabadell;total;homes;població;;101295
2009;Sabadell;total;dones;població;;105198
2009;Sabadell;total;total;població;;206493
2009;Sagàs;total;homes;població;;67
2009;Sagàs;total;dones;població;;67
2009;Sagàs;total;total;població;;134
2009;Salàs de Pallars;total;homes;població;;168
2009;Salàs de Pallars;total;dones;població;;174
2009;Salàs de Pallars;total;total;població;;342
2009;Saldes;total;homes;població;;197
2009;Saldes;total;dones;població;;151
2009;Saldes;total;total;població;;348
2009;Sales de Llierca;total;homes;població;;75
2009;Sales de Llierca;total;dones;població;;66
2009;Sales de Llierca;total;total;població;;141
2009;Sallent;total;homes;població;;3454
2009;Sallent;total;dones;població;;3675
2009;Sallent;total;total;població;;7129
2009;Salomó;total;homes;població;;271
2009;Salomó;total;dones;població;;230
2009;Salomó;total;total;població;;501
2009;Salou;total;homes;població;;14429
2009;Salou;total;dones;població;;12220
2009;Salou;total;total;població;;26649
2009;Salt;total;homes;població;;16132
2009;Salt;total;dones;població;;13853
2009;Salt;total;total;població;;29985
2009;Sanaüja;total;homes;població;;238
2009;Sanaüja;total;dones;població;;219
2009;Sanaüja;total;total;població;;457
2009;Sant Adrià de Besòs;total;homes;població;;16622
2009;Sant Adrià de Besòs;total;dones;població;;17139
2009;Sant Adrià de Besòs;total;total;població;;33761
2009;Sant Agustí de Lluçanès;total;homes;població;;53
2009;Sant Agustí de Lluçanès;total;dones;població;;48
2009;Sant Agustí de Lluçanès;total;total;població;;101
2009;Sant Andreu de la Barca;total;homes;població;;13423
2009;Sant Andreu de la Barca;total;dones;població;;12978
2009;Sant Andreu de la Barca;total;total;població;;26401
2009;Sant Andreu de Llavaneres;total;homes;població;;5083
2009;Sant Andreu de Llavaneres;total;dones;població;;5098
2009;Sant Andreu de Llavaneres;total;total;població;;10181
2009;Sant Andreu Salou;total;homes;població;;75
2009;Sant Andreu Salou;total;dones;població;;77
2009;Sant Andreu Salou;total;total;població;;152
2009;Sant Aniol de Finestres;total;homes;població;;173
2009;Sant Aniol de Finestres;total;dones;població;;154
2009;Sant Aniol de Finestres;total;total;població;;327
2009;Sant Antoni de Vilamajor;total;homes;població;;2726
2009;Sant Antoni de Vilamajor;total;dones;població;;2718
2009;Sant Antoni de Vilamajor;total;total;població;;5444
2009;Sant Bartomeu del Grau;total;homes;població;;493
2009;Sant Bartomeu del Grau;total;dones;població;;464
2009;Sant Bartomeu del Grau;total;total;població;;957
2009;Sant Boi de Llobregat;total;homes;població;;40937
2009;Sant Boi de Llobregat;total;dones;població;;41491
2009;Sant Boi de Llobregat;total;total;població;;82428
2009;Sant Boi de Lluçanès;total;homes;població;;291
2009;Sant Boi de Lluçanès;total;dones;població;;278
2009;Sant Boi de Lluçanès;total;total;població;;569
2009;Sant Cebrià de Vallalta;total;homes;població;;1716
2009;Sant Cebrià de Vallalta;total;dones;població;;1593
2009;Sant Cebrià de Vallalta;total;total;població;;3309
2009;Sant Celoni;total;homes;població;;8441
2009;Sant Celoni;total;dones;població;;8419
2009;Sant Celoni;total;total;població;;16860
2009;Sant Climent de Llobregat;total;homes;població;;1898
2009;Sant Climent de Llobregat;total;dones;població;;1881
2009;Sant Climent de Llobregat;total;total;població;;3779
2009;Sant Climent Sescebes;total;homes;població;;273
2009;Sant Climent Sescebes;total;dones;població;;240
2009;Sant Climent Sescebes;total;total;població;;513
2009;Sant Cugat del Vallès;total;homes;població;;38789
2009;Sant Cugat del Vallès;total;dones;població;;40464
2009;Sant Cugat del Vallès;total;total;població;;79253
2009;Sant Cugat Sesgarrigues;total;homes;població;;475
2009;Sant Cugat Sesgarrigues;total;dones;població;;457
2009;Sant Cugat Sesgarrigues;total;total;població;;932
2009;Sant Esteve de la Sarga;total;homes;població;;89
2009;Sant Esteve de la Sarga;total;dones;població;;54
2009;Sant Esteve de la Sarga;total;total;població;;143
2009;Sant Esteve de Palautordera;total;homes;població;;1210
2009;Sant Esteve de Palautordera;total;dones;població;;1248
2009;Sant Esteve de Palautordera;total;total;població;;2458
2009;Sant Esteve Sesrovires;total;homes;població;;3660
2009;Sant Esteve Sesrovires;total;dones;població;;3542
2009;Sant Esteve Sesrovires;total;total;població;;7202
2009;Sant Feliu de Buixalleu;total;homes;població;;430
2009;Sant Feliu de Buixalleu;total;dones;població;;381
2009;Sant Feliu de Buixalleu;total;total;població;;811
2009;Sant Feliu de Codines;total;homes;població;;2915
2009;Sant Feliu de Codines;total;dones;població;;2787
2009;Sant Feliu de Codines;total;total;població;;5702
2009;Sant Feliu de Guíxols;total;homes;població;;10997
2009;Sant Feliu de Guíxols;total;dones;població;;10980
2009;Sant Feliu de Guíxols;total;total;població;;21977
2009;Sant Feliu de Llobregat;total;homes;població;;20937
2009;Sant Feliu de Llobregat;total;dones;població;;21982
2009;Sant Feliu de Llobregat;total;total;població;;42919
2009;Sant Feliu de Pallerols;total;homes;població;;682
2009;Sant Feliu de Pallerols;total;dones;població;;715
2009;Sant Feliu de Pallerols;total;total;població;;1397
2009;Sant Feliu Sasserra;total;homes;població;;324
2009;Sant Feliu Sasserra;total;dones;població;;317
2009;Sant Feliu Sasserra;total;total;població;;641
2009;Sant Ferriol;total;homes;població;;124
2009;Sant Ferriol;total;dones;població;;92
2009;Sant Ferriol;total;total;població;;216
2009;Sant Fost de Campsentelles;total;homes;població;;4142
2009;Sant Fost de Campsentelles;total;dones;població;;4092
2009;Sant Fost de Campsentelles;total;total;població;;8234
2009;Sant Fruitós de Bages;total;homes;població;;4031
2009;Sant Fruitós de Bages;total;dones;població;;3930
2009;Sant Fruitós de Bages;total;total;població;;7961
2009;Sant Gregori;total;homes;població;;1610
2009;Sant Gregori;total;dones;població;;1557
2009;Sant Gregori;total;total;població;;3167
2009;Sant Guim de Freixenet;total;homes;població;;563
2009;Sant Guim de Freixenet;total;dones;població;;563
2009;Sant Guim de Freixenet;total;total;població;;1126
2009;Sant Guim de la Plana;total;homes;població;;103
2009;Sant Guim de la Plana;total;dones;població;;88
2009;Sant Guim de la Plana;total;total;població;;191
2009;Sant Hilari Sacalm;total;homes;població;;3006
2009;Sant Hilari Sacalm;total;dones;població;;2757
2009;Sant Hilari Sacalm;total;total;població;;5763
2009;Sant Hipòlit de Voltregà;total;homes;població;;1743
2009;Sant Hipòlit de Voltregà;total;dones;població;;1704
2009;Sant Hipòlit de Voltregà;total;total;població;;3447
2009;Sant Iscle de Vallalta;total;homes;població;;659
2009;Sant Iscle de Vallalta;total;dones;població;;608
2009;Sant Iscle de Vallalta;total;total;població;;1267
2009;Sant Jaume d'Enveja;total;homes;població;;1799
2009;Sant Jaume d'Enveja;total;dones;població;;1729
2009;Sant Jaume d'Enveja;total;total;població;;3528
2009;Sant Jaume de Frontanyà;total;homes;població;;14
2009;Sant Jaume de Frontanyà;total;dones;població;;15
2009;Sant Jaume de Frontanyà;total;total;població;;29
2009;Sant Jaume de Llierca;total;homes;població;;414
2009;Sant Jaume de Llierca;total;dones;població;;395
2009;Sant Jaume de Llierca;total;total;població;;809
2009;Sant Jaume dels Domenys;total;homes;població;;1249
2009;Sant Jaume dels Domenys;total;dones;població;;1139
2009;Sant Jaume dels Domenys;total;total;població;;2388
2009;Sant Joan de les Abadesses;total;homes;població;;1779
2009;Sant Joan de les Abadesses;total;dones;població;;1777
2009;Sant Joan de les Abadesses;total;total;població;;3556
2009;Sant Joan de Mollet;total;homes;població;;257
2009;Sant Joan de Mollet;total;dones;població;;260
2009;Sant Joan de Mollet;total;total;població;;517
2009;Sant Joan de Vilatorrada;total;homes;població;;5472
2009;Sant Joan de Vilatorrada;total;dones;població;;5307
2009;Sant Joan de Vilatorrada;total;total;població;;10779
2009;Sant Joan Despí;total;homes;població;;15701
2009;Sant Joan Despí;total;dones;població;;16329
2009;Sant Joan Despí;total;total;població;;32030
2009;Sant Joan les Fonts;total;homes;població;;1421
2009;Sant Joan les Fonts;total;dones;població;;1366
2009;Sant Joan les Fonts;total;total;població;;2787
2009;Sant Jordi Desvalls;total;homes;població;;325
2009;Sant Jordi Desvalls;total;dones;població;;324
2009;Sant Jordi Desvalls;total;total;població;;649
2009;Sant Julià de Cerdanyola;total;homes;població;;146
2009;Sant Julià de Cerdanyola;total;dones;població;;127
2009;Sant Julià de Cerdanyola;total;total;població;;273
2009;Sant Julià de Ramis;total;homes;població;;1637
2009;Sant Julià de Ramis;total;dones;població;;1596
2009;Sant Julià de Ramis;total;total;població;;3233
2009;Sant Julià de Vilatorta;total;homes;població;;1446
2009;Sant Julià de Vilatorta;total;dones;població;;1509
2009;Sant Julià de Vilatorta;total;total;població;;2955
2009;Sant Julià del Llor i Bonmatí;total;homes;població;;637
2009;Sant Julià del Llor i Bonmatí;total;dones;població;;639
2009;Sant Julià del Llor i Bonmatí;total;total;població;;1276
2009;Sant Just Desvern;total;homes;població;;7549
2009;Sant Just Desvern;total;dones;població;;8262
2009;Sant Just Desvern;total;total;població;;15811
2009;Sant Llorenç d'Hortons;total;homes;població;;1233
2009;Sant Llorenç d'Hortons;total;dones;població;;1186
2009;Sant Llorenç d'Hortons;total;total;població;;2419
2009;Sant Llorenç de la Muga;total;homes;població;;109
2009;Sant Llorenç de la Muga;total;dones;població;;104
2009;Sant Llorenç de la Muga;total;total;població;;213
2009;Sant Llorenç de Morunys;total;homes;població;;557
2009;Sant Llorenç de Morunys;total;dones;població;;527
2009;Sant Llorenç de Morunys;total;total;població;;1084
2009;Sant Llorenç Savall;total;homes;població;;1207
2009;Sant Llorenç Savall;total;dones;població;;1195
2009;Sant Llorenç Savall;total;total;població;;2402
2009;Sant Martí d'Albars;total;homes;població;;59
2009;Sant Martí d'Albars;total;dones;població;;54
2009;Sant Martí d'Albars;total;total;població;;113
2009;Sant Martí de Centelles;total;homes;població;;532
2009;Sant Martí de Centelles;total;dones;població;;469
2009;Sant Martí de Centelles;total;total;població;;1001
2009;Sant Martí de Llémena;total;homes;població;;287
2009;Sant Martí de Llémena;total;dones;població;;258
2009;Sant Martí de Llémena;total;total;població;;545
2009;Sant Martí de Riucorb;total;homes;població;;360
2009;Sant Martí de Riucorb;total;dones;població;;337
2009;Sant Martí de Riucorb;total;total;població;;697
2009;Sant Martí de Tous;total;homes;població;;580
2009;Sant Martí de Tous;total;dones;població;;580
2009;Sant Martí de Tous;total;total;població;;1160
2009;Sant Martí Sarroca;total;homes;població;;1579
2009;Sant Martí Sarroca;total;dones;població;;1563
2009;Sant Martí Sarroca;total;total;població;;3142
2009;Sant Martí Sesgueioles;total;homes;població;;186
2009;Sant Martí Sesgueioles;total;dones;població;;185
2009;Sant Martí Sesgueioles;total;total;població;;371
2009;Sant Martí Vell;total;homes;població;;131
2009;Sant Martí Vell;total;dones;població;;119
2009;Sant Martí Vell;total;total;població;;250
2009;Sant Mateu de Bages;total;homes;població;;346
2009;Sant Mateu de Bages;total;dones;població;;312
2009;Sant Mateu de Bages;total;total;població;;658
2009;Sant Miquel de Campmajor;total;homes;població;;129
2009;Sant Miquel de Campmajor;total;dones;població;;123
2009;Sant Miquel de Campmajor;total;total;població;;252
2009;Sant Miquel de Fluvià;total;homes;població;;408
2009;Sant Miquel de Fluvià;total;dones;població;;374
2009;Sant Miquel de Fluvià;total;total;població;;782
2009;Sant Mori;total;homes;població;;89
2009;Sant Mori;total;dones;població;;91
2009;Sant Mori;total;total;població;;180
2009;Sant Pau de Segúries;total;homes;població;;361
2009;Sant Pau de Segúries;total;dones;població;;356
2009;Sant Pau de Segúries;total;total;població;;717
2009;Sant Pere de Ribes;total;homes;població;;14365
2009;Sant Pere de Ribes;total;dones;població;;13988
2009;Sant Pere de Ribes;total;total;població;;28353
2009;Sant Pere de Riudebitlles;total;homes;població;;1198
2009;Sant Pere de Riudebitlles;total;dones;població;;1178
2009;Sant Pere de Riudebitlles;total;total;població;;2376
2009;Sant Pere de Torelló;total;homes;població;;1204
2009;Sant Pere de Torelló;total;dones;població;;1185
2009;Sant Pere de Torelló;total;total;població;;2389
2009;Sant Pere de Vilamajor;total;homes;població;;2013
2009;Sant Pere de Vilamajor;total;dones;població;;2008
2009;Sant Pere de Vilamajor;total;total;població;;4021
2009;Sant Pere Pescador;total;homes;població;;1099
2009;Sant Pere Pescador;total;dones;població;;930
2009;Sant Pere Pescador;total;total;població;;2029
2009;Sant Pere Sallavinera;total;homes;població;;88
2009;Sant Pere Sallavinera;total;dones;població;;83
2009;Sant Pere Sallavinera;total;total;població;;171
2009;Sant Pol de Mar;total;homes;població;;2568
2009;Sant Pol de Mar;total;dones;població;;2534
2009;Sant Pol de Mar;total;total;població;;5102
2009;Sant Quintí de Mediona;total;homes;població;;1104
2009;Sant Quintí de Mediona;total;dones;població;;1063
2009;Sant Quintí de Mediona;total;total;població;;2167
2009;Sant Quirze de Besora;total;homes;població;;1106
2009;Sant Quirze de Besora;total;dones;població;;1151
2009;Sant Quirze de Besora;total;total;població;;2257
2009;Sant Quirze del Vallès;total;homes;població;;9107
2009;Sant Quirze del Vallès;total;dones;població;;9355
2009;Sant Quirze del Vallès;total;total;població;;18462
2009;Sant Quirze Safaja;total;homes;població;;322
2009;Sant Quirze Safaja;total;dones;població;;323
2009;Sant Quirze Safaja;total;total;població;;645
2009;Sant Ramon;total;homes;població;;306
2009;Sant Ramon;total;dones;població;;257
2009;Sant Ramon;total;total;població;;563
2009;Sant Sadurní d'Anoia;total;homes;població;;6067
2009;Sant Sadurní d'Anoia;total;dones;població;;6170
2009;Sant Sadurní d'Anoia;total;total;població;;12237
2009;Sant Sadurní d'Osormort;total;homes;població;;56
2009;Sant Sadurní d'Osormort;total;dones;població;;45
2009;Sant Sadurní d'Osormort;total;total;població;;101
2009;Sant Salvador de Guardiola;total;homes;població;;1577
2009;Sant Salvador de Guardiola;total;dones;població;;1505
2009;Sant Salvador de Guardiola;total;total;població;;3082
2009;Sant Vicenç de Castellet;total;homes;població;;4277
2009;Sant Vicenç de Castellet;total;dones;població;;4287
2009;Sant Vicenç de Castellet;total;total;població;;8564
2009;Sant Vicenç de Montalt;total;homes;població;;2858
2009;Sant Vicenç de Montalt;total;dones;població;;2769
2009;Sant Vicenç de Montalt;total;total;població;;5627
2009;Sant Vicenç de Torelló;total;homes;població;;966
2009;Sant Vicenç de Torelló;total;dones;població;;1030
2009;Sant Vicenç de Torelló;total;total;població;;1996
2009;Sant Vicenç dels Horts;total;homes;població;;13897
2009;Sant Vicenç dels Horts;total;dones;població;;13804
2009;Sant Vicenç dels Horts;total;total;població;;27701
2009;Santa Bàrbara;total;homes;població;;2041
2009;Santa Bàrbara;total;dones;població;;1914
2009;Santa Bàrbara;total;total;població;;3955
2009;Santa Cecília de Voltregà;total;homes;població;;97
2009;Santa Cecília de Voltregà;total;dones;població;;93
2009;Santa Cecília de Voltregà;total;total;població;;190
2009;Santa Coloma de Cervelló;total;homes;població;;3844
2009;Santa Coloma de Cervelló;total;dones;població;;3900
2009;Santa Coloma de Cervelló;total;total;població;;7744
2009;Santa Coloma de Farners;total;homes;població;;6057
2009;Santa Coloma de Farners;total;dones;població;;5682
2009;Santa Coloma de Farners;total;total;població;;11739
2009;Santa Coloma de Gramenet;total;homes;població;;60889
2009;Santa Coloma de Gramenet;total;dones;població;;58828
2009;Santa Coloma de Gramenet;total;total;població;;119717
2009;Santa Coloma de Queralt;total;homes;població;;1617
2009;Santa Coloma de Queralt;total;dones;població;;1550
2009;Santa Coloma de Queralt;total;total;població;;3167
2009;Santa Cristina d'Aro;total;homes;població;;2559
2009;Santa Cristina d'Aro;total;dones;població;;2458
2009;Santa Cristina d'Aro;total;total;població;;5017
2009;Santa Eugènia de Berga;total;homes;població;;1156
2009;Santa Eugènia de Berga;total;dones;població;;1075
2009;Santa Eugènia de Berga;total;total;població;;2231
2009;Santa Eulàlia de Riuprimer;total;homes;població;;540
2009;Santa Eulàlia de Riuprimer;total;dones;població;;512
2009;Santa Eulàlia de Riuprimer;total;total;població;;1052
2009;Santa Eulàlia de Ronçana;total;homes;població;;3426
2009;Santa Eulàlia de Ronçana;total;dones;població;;3376
2009;Santa Eulàlia de Ronçana;total;total;població;;6802
2009;Santa Fe del Penedès;total;homes;població;;197
2009;Santa Fe del Penedès;total;dones;població;;192
2009;Santa Fe del Penedès;total;total;població;;389
2009;Santa Llogaia d'Àlguema;total;homes;població;;181
2009;Santa Llogaia d'Àlguema;total;dones;població;;154
2009;Santa Llogaia d'Àlguema;total;total;població;;335
2009;Santa Margarida de Montbui;total;homes;població;;4952
2009;Santa Margarida de Montbui;total;dones;població;;4882
2009;Santa Margarida de Montbui;total;total;població;;9834
2009;Santa Margarida i els Monjos;total;homes;població;;3615
2009;Santa Margarida i els Monjos;total;dones;població;;3374
2009;Santa Margarida i els Monjos;total;total;població;;6989
2009;Santa Maria d'Oló;total;homes;població;;560
2009;Santa Maria d'Oló;total;dones;població;;526
2009;Santa Maria d'Oló;total;total;població;;1086
2009;Santa Maria de Besora;total;homes;població;;82
2009;Santa Maria de Besora;total;dones;població;;81
2009;Santa Maria de Besora;total;total;població;;163
2009;Santa Maria de Martorelles;total;homes;població;;431
2009;Santa Maria de Martorelles;total;dones;població;;419
2009;Santa Maria de Martorelles;total;total;població;;850
2009;Santa Maria de Merlès;total;homes;població;;83
2009;Santa Maria de Merlès;total;dones;població;;80
2009;Santa Maria de Merlès;total;total;població;;163
2009;Santa Maria de Miralles;total;homes;població;;65
2009;Santa Maria de Miralles;total;dones;població;;65
2009;Santa Maria de Miralles;total;total;població;;130
2009;Santa Maria de Palautordera;total;homes;població;;4546
2009;Santa Maria de Palautordera;total;dones;població;;4277
2009;Santa Maria de Palautordera;total;total;població;;8823
2009;Santa Oliva;total;homes;població;;1674
2009;Santa Oliva;total;dones;població;;1566
2009;Santa Oliva;total;total;població;;3240
2009;Santa Pau;total;homes;població;;810
2009;Santa Pau;total;dones;població;;800
2009;Santa Pau;total;total;població;;1610
2009;Santa Perpètua de Mogoda;total;homes;població;;12889
2009;Santa Perpètua de Mogoda;total;dones;població;;12159
2009;Santa Perpètua de Mogoda;total;total;població;;25048
2009;Santa Susanna;total;homes;població;;1670
2009;Santa Susanna;total;dones;població;;1581
2009;Santa Susanna;total;total;població;;3251
2009;Santpedor;total;homes;població;;3464
2009;Santpedor;total;dones;població;;3411
2009;Santpedor;total;total;població;;6875
2009;Sarral;total;homes;població;;891
2009;Sarral;total;dones;població;;824
2009;Sarral;total;total;població;;1715
2009;Sarrià de Ter;total;homes;població;;2223
2009;Sarrià de Ter;total;dones;població;;2245
2009;Sarrià de Ter;total;total;població;;4468
2009;Sarroca de Bellera;total;homes;població;;77
2009;Sarroca de Bellera;total;dones;població;;56
2009;Sarroca de Bellera;total;total;població;;133
2009;Sarroca de Lleida;total;homes;població;;229
2009;Sarroca de Lleida;total;dones;població;;203
2009;Sarroca de Lleida;total;total;població;;432
2009;Saus, Camallera i Llampaies;total;homes;població;;370
2009;Saus, Camallera i Llampaies;total;dones;població;;398
2009;Saus, Camallera i Llampaies;total;total;població;;768
2009;Savallà del Comtat;total;homes;població;;36
2009;Savallà del Comtat;total;dones;població;;35
2009;Savallà del Comtat;total;total;població;;71
2009;Secuita, la;total;homes;població;;780
2009;Secuita, la;total;dones;població;;742
2009;Secuita, la;total;total;població;;1522
2009;Selva de Mar, la;total;homes;població;;116
2009;Selva de Mar, la;total;dones;població;;110
2009;Selva de Mar, la;total;total;població;;226
2009;Selva del Camp, la;total;homes;població;;2730
2009;Selva del Camp, la;total;dones;població;;2646
2009;Selva del Camp, la;total;total;població;;5376
2009;Senan;total;homes;població;;36
2009;Senan;total;dones;població;;23
2009;Senan;total;total;població;;59
2009;Sénia, la;total;homes;població;;3161
2009;Sénia, la;total;dones;població;;3018
2009;Sénia, la;total;total;població;;6179
2009;Senterada;total;homes;població;;77
2009;Senterada;total;dones;població;;68
2009;Senterada;total;total;població;;145
2009;Sentiu de Sió, la;total;homes;població;;245
2009;Sentiu de Sió, la;total;dones;població;;251
2009;Sentiu de Sió, la;total;total;població;;496
2009;Sentmenat;total;homes;població;;3983
2009;Sentmenat;total;dones;població;;3887
2009;Sentmenat;total;total;població;;7870
2009;Serinyà;total;homes;població;;556
2009;Serinyà;total;dones;població;;539
2009;Serinyà;total;total;població;;1095
2009;Seròs;total;homes;població;;1042
2009;Seròs;total;dones;població;;822
2009;Seròs;total;total;població;;1864
2009;Serra de Daró;total;homes;població;;111
2009;Serra de Daró;total;dones;població;;83
2009;Serra de Daró;total;total;població;;194
2009;Setcases;total;homes;població;;96
2009;Setcases;total;dones;població;;77
2009;Setcases;total;total;població;;173
2009;Seu d'Urgell, la;total;homes;població;;6452
2009;Seu d'Urgell, la;total;dones;població;;6611
2009;Seu d'Urgell, la;total;total;població;;13063
2009;Seva;total;homes;població;;1737
2009;Seva;total;dones;població;;1633
2009;Seva;total;total;població;;3370
2009;Sidamon;total;homes;població;;376
2009;Sidamon;total;dones;població;;380
2009;Sidamon;total;total;població;;756
2009;Sils;total;homes;població;;2631
2009;Sils;total;dones;població;;2496
2009;Sils;total;total;població;;5127
2009;Sitges;total;homes;població;;13801
2009;Sitges;total;dones;població;;13867
2009;Sitges;total;total;població;;27668
2009;Siurana;total;homes;població;;107
2009;Siurana;total;dones;població;;99
2009;Siurana;total;total;població;;206
2009;Sobremunt;total;homes;població;;51
2009;Sobremunt;total;dones;població;;47
2009;Sobremunt;total;total;població;;98
2009;Soleràs, el;total;homes;població;;210
2009;Soleràs, el;total;dones;població;;188
2009;Soleràs, el;total;total;població;;398
2009;Solivella;total;homes;població;;346
2009;Solivella;total;dones;població;;339
2009;Solivella;total;total;població;;685
2009;Solsona;total;homes;població;;4687
2009;Solsona;total;dones;població;;4546
2009;Solsona;total;total;població;;9233
2009;Sora;total;homes;població;;101
2009;Sora;total;dones;població;;79
2009;Sora;total;total;població;;180
2009;Soriguera;total;homes;població;;201
2009;Soriguera;total;dones;població;;169
2009;Soriguera;total;total;població;;370
2009;Sort;total;homes;població;;1218
2009;Sort;total;dones;població;;1164
2009;Sort;total;total;població;;2382
2009;Soses;total;homes;població;;907
2009;Soses;total;dones;població;;809
2009;Soses;total;total;població;;1716
2009;Subirats;total;homes;població;;1566
2009;Subirats;total;dones;població;;1533
2009;Subirats;total;total;població;;3099
2009;Sudanell;total;homes;població;;488
2009;Sudanell;total;dones;població;;399
2009;Sudanell;total;total;població;;887
2009;Sunyer;total;homes;població;;153
2009;Sunyer;total;dones;població;;143
2009;Sunyer;total;total;població;;296
2009;Súria;total;homes;població;;3162
2009;Súria;total;dones;població;;3276
2009;Súria;total;total;població;;6438
2009;Susqueda;total;homes;població;;73
2009;Susqueda;total;dones;població;;57
2009;Susqueda;total;total;població;;130
2009;Tagamanent;total;homes;població;;163
2009;Tagamanent;total;dones;població;;145
2009;Tagamanent;total;total;població;;308
2009;Talamanca;total;homes;població;;91
2009;Talamanca;total;dones;població;;71
2009;Talamanca;total;total;població;;162
2009;Talarn;total;homes;població;;197
2009;Talarn;total;dones;població;;200
2009;Talarn;total;total;població;;397
2009;Talavera;total;homes;població;;162
2009;Talavera;total;dones;població;;135
2009;Talavera;total;total;població;;297
2009;Tallada d'Empordà, la;total;homes;població;;213
2009;Tallada d'Empordà, la;total;dones;població;;207
2009;Tallada d'Empordà, la;total;total;població;;420
2009;Taradell;total;homes;població;;3046
2009;Taradell;total;dones;població;;2918
2009;Taradell;total;total;població;;5964
2009;Tarragona;total;homes;població;;69512
2009;Tarragona;total;dones;població;;70811
2009;Tarragona;total;total;població;;140323
2009;Tàrrega;total;homes;població;;8335
2009;Tàrrega;total;dones;població;;8204
2009;Tàrrega;total;total;població;;16539
2009;Tarrés;total;homes;població;;54
2009;Tarrés;total;dones;població;;54
2009;Tarrés;total;total;població;;108
2009;Tarroja de Segarra;total;homes;població;;91
2009;Tarroja de Segarra;total;dones;població;;87
2009;Tarroja de Segarra;total;total;població;;178
2009;Tavèrnoles;total;homes;població;;153
2009;Tavèrnoles;total;dones;població;;149
2009;Tavèrnoles;total;total;població;;302
2009;Tavertet;total;homes;població;;86
2009;Tavertet;total;dones;població;;72
2009;Tavertet;total;total;població;;158
2009;Teià;total;homes;població;;3055
2009;Teià;total;dones;població;;3032
2009;Teià;total;total;població;;6087
2009;Térmens;total;homes;població;;795
2009;Térmens;total;dones;població;;741
2009;Térmens;total;total;població;;1536
2009;Terrades;total;homes;població;;149
2009;Terrades;total;dones;població;;152
2009;Terrades;total;total;població;;301
2009;Terrassa;total;homes;població;;105046
2009;Terrassa;total;dones;població;;105895
2009;Terrassa;total;total;població;;210941
2009;Tiana;total;homes;població;;3715
2009;Tiana;total;dones;població;;3875
2009;Tiana;total;total;població;;7590
2009;Tírvia;total;homes;població;;74
2009;Tírvia;total;dones;població;;69
2009;Tírvia;total;total;població;;143
2009;Tiurana;total;homes;població;;40
2009;Tiurana;total;dones;població;;45
2009;Tiurana;total;total;població;;85
2009;Tivenys;total;homes;població;;489
2009;Tivenys;total;dones;població;;470
2009;Tivenys;total;total;població;;959
2009;Tivissa;total;homes;població;;929
2009;Tivissa;total;dones;població;;886
2009;Tivissa;total;total;població;;1815
2009;Tona;total;homes;població;;3975
2009;Tona;total;dones;població;;3980
2009;Tona;total;total;població;;7955
2009;Torà;total;homes;població;;705
2009;Torà;total;dones;població;;662
2009;Torà;total;total;població;;1367
2009;Tordera;total;homes;població;;7865
2009;Tordera;total;dones;població;;7480
2009;Tordera;total;total;població;;15345
2009;Torelló;total;homes;població;;6869
2009;Torelló;total;dones;població;;6939
2009;Torelló;total;total;població;;13808
2009;Torms, els;total;homes;població;;93
2009;Torms, els;total;dones;població;;81
2009;Torms, els;total;total;població;;174
2009;Tornabous;total;homes;població;;463
2009;Tornabous;total;dones;població;;394
2009;Tornabous;total;total;població;;857
2009;Torre de Cabdella, la;total;homes;població;;409
2009;Torre de Cabdella, la;total;dones;població;;402
2009;Torre de Cabdella, la;total;total;població;;811
2009;Torre de Claramunt, la;total;homes;població;;1956
2009;Torre de Claramunt, la;total;dones;població;;1770
2009;Torre de Claramunt, la;total;total;població;;3726
2009;Torre de Fontaubella, la;total;homes;població;;76
2009;Torre de Fontaubella, la;total;dones;població;;71
2009;Torre de Fontaubella, la;total;total;població;;147
2009;Torre de l'Espanyol, la;total;homes;població;;353
2009;Torre de l'Espanyol, la;total;dones;població;;325
2009;Torre de l'Espanyol, la;total;total;població;;678
2009;Torrebesses;total;homes;població;;155
2009;Torrebesses;total;dones;població;;145
2009;Torrebesses;total;total;població;;300
2009;Torredembarra;total;homes;població;;7641
2009;Torredembarra;total;dones;població;;7631
2009;Torredembarra;total;total;població;;15272
2009;Torrefarrera;total;homes;població;;2004
2009;Torrefarrera;total;dones;població;;1907
2009;Torrefarrera;total;total;població;;3911
2009;Torrefeta i Florejacs;total;homes;població;;331
2009;Torrefeta i Florejacs;total;dones;població;;302
2009;Torrefeta i Florejacs;total;total;població;;633
2009;Torregrossa;total;homes;població;;1148
2009;Torregrossa;total;dones;població;;1107
2009;Torregrossa;total;total;població;;2255
2009;Torrelameu;total;homes;població;;386
2009;Torrelameu;total;dones;població;;299
2009;Torrelameu;total;total;població;;685
2009;Torrelavit;total;homes;població;;741
2009;Torrelavit;total;dones;població;;631
2009;Torrelavit;total;total;població;;1372
2009;Torrelles de Foix;total;homes;població;;1290
2009;Torrelles de Foix;total;dones;població;;1173
2009;Torrelles de Foix;total;total;població;;2463
2009;Torrelles de Llobregat;total;homes;població;;2722
2009;Torrelles de Llobregat;total;dones;població;;2708
2009;Torrelles de Llobregat;total;total;població;;5430
2009;Torrent;total;homes;població;;101
2009;Torrent;total;dones;població;;92
2009;Torrent;total;total;població;;193
2009;Torres de Segre;total;homes;població;;1062
2009;Torres de Segre;total;dones;població;;990
2009;Torres de Segre;total;total;població;;2052
2009;Torre-serona;total;homes;població;;187
2009;Torre-serona;total;dones;població;;171
2009;Torre-serona;total;total;població;;358
2009;Torroella de Fluvià;total;homes;població;;352
2009;Torroella de Fluvià;total;dones;població;;326
2009;Torroella de Fluvià;total;total;població;;678
2009;Torroella de Montgrí;total;homes;població;;5880
2009;Torroella de Montgrí;total;dones;població;;5718
2009;Torroella de Montgrí;total;total;població;;11598
2009;Torroja del Priorat;total;homes;població;;96
2009;Torroja del Priorat;total;dones;població;;69
2009;Torroja del Priorat;total;total;població;;165
2009;Tortellà;total;homes;població;;377
2009;Tortellà;total;dones;població;;383
2009;Tortellà;total;total;població;;760
2009;Tortosa;total;homes;població;;17905
2009;Tortosa;total;dones;població;;17238
2009;Tortosa;total;total;població;;35143
2009;Toses;total;homes;població;;98
2009;Toses;total;dones;població;;62
2009;Toses;total;total;població;;160
2009;Tossa de Mar;total;homes;població;;3047
2009;Tossa de Mar;total;dones;població;;2901
2009;Tossa de Mar;total;total;població;;5948
2009;Tremp;total;homes;població;;3118
2009;Tremp;total;dones;població;;3110
2009;Tremp;total;total;població;;6228
2009;Ullà;total;homes;població;;616
2009;Ullà;total;dones;població;;460
2009;Ullà;total;total;població;;1076
2009;Ullastrell;total;homes;població;;950
2009;Ullastrell;total;dones;població;;914
2009;Ullastrell;total;total;població;;1864
2009;Ullastret;total;homes;població;;124
2009;Ullastret;total;dones;població;;115
2009;Ullastret;total;total;població;;239
2009;Ulldecona;total;homes;població;;3759
2009;Ulldecona;total;dones;població;;3477
2009;Ulldecona;total;total;població;;7236
2009;Ulldemolins;total;homes;població;;266
2009;Ulldemolins;total;dones;població;;215
2009;Ulldemolins;total;total;població;;481
2009;Ultramort;total;homes;població;;110
2009;Ultramort;total;dones;població;;86
2009;Ultramort;total;total;població;;196
2009;Urús;total;homes;població;;103
2009;Urús;total;dones;població;;98
2009;Urús;total;total;població;;201
2009;Vacarisses;total;homes;població;;3029
2009;Vacarisses;total;dones;població;;2843
2009;Vacarisses;total;total;població;;5872
2009;Vajol, la;total;homes;població;;58
2009;Vajol, la;total;dones;població;;40
2009;Vajol, la;total;total;població;;98
2009;Vall d'en Bas, la;total;homes;població;;1395
2009;Vall d'en Bas, la;total;dones;població;;1385
2009;Vall d'en Bas, la;total;total;població;;2780
2009;Vall de Bianya, la;total;homes;població;;668
2009;Vall de Bianya, la;total;dones;població;;653
2009;Vall de Bianya, la;total;total;població;;1321
2009;Vall de Boí, la;total;homes;població;;586
2009;Vall de Boí, la;total;dones;població;;504
2009;Vall de Boí, la;total;total;població;;1090
2009;Vall de Cardós;total;homes;població;;224
2009;Vall de Cardós;total;dones;població;;196
2009;Vall de Cardós;total;total;població;;420
2009;Vallbona d'Anoia;total;homes;població;;736
2009;Vallbona d'Anoia;total;dones;població;;691
2009;Vallbona d'Anoia;total;total;població;;1427
2009;Vallbona de les Monges;total;homes;població;;129
2009;Vallbona de les Monges;total;dones;població;;122
2009;Vallbona de les Monges;total;total;població;;251
2009;Vallcebre;total;homes;població;;150
2009;Vallcebre;total;dones;població;;114
2009;Vallcebre;total;total;població;;264
2009;Vallclara;total;homes;població;;70
2009;Vallclara;total;dones;població;;53
2009;Vallclara;total;total;població;;123
2009;Vallfogona de Balaguer;total;homes;població;;896
2009;Vallfogona de Balaguer;total;dones;població;;873
2009;Vallfogona de Balaguer;total;total;població;;1769
2009;Vallfogona de Ripollès;total;homes;població;;120
2009;Vallfogona de Ripollès;total;dones;població;;101
2009;Vallfogona de Ripollès;total;total;població;;221
2009;Vallfogona de Riucorb;total;homes;població;;69
2009;Vallfogona de Riucorb;total;dones;població;;50
2009;Vallfogona de Riucorb;total;total;població;;119
2009;Vallgorguina;total;homes;població;;1269
2009;Vallgorguina;total;dones;població;;1196
2009;Vallgorguina;total;total;població;;2465
2009;Vallirana;total;homes;població;;7033
2009;Vallirana;total;dones;població;;7033
2009;Vallirana;total;total;població;;14066
2009;Vall-llobrega;total;homes;població;;432
2009;Vall-llobrega;total;dones;població;;421
2009;Vall-llobrega;total;total;població;;853
2009;Vallmoll;total;homes;població;;853
2009;Vallmoll;total;dones;població;;777
2009;Vallmoll;total;total;població;;1630
2009;Vallromanes;total;homes;població;;1166
2009;Vallromanes;total;dones;població;;1117
2009;Vallromanes;total;total;població;;2283
2009;Valls;total;homes;població;;12672
2009;Valls;total;dones;població;;12420
2009;Valls;total;total;població;;25092
2009;Valls d'Aguilar, les;total;homes;població;;166
2009;Valls d'Aguilar, les;total;dones;població;;141
2009;Valls d'Aguilar, les;total;total;població;;307
2009;Valls de Valira, les;total;homes;població;;456
2009;Valls de Valira, les;total;dones;població;;376
2009;Valls de Valira, les;total;total;població;;832
2009;Vandellòs i l'Hospitalet de l'Infant;total;homes;població;;2865
2009;Vandellòs i l'Hospitalet de l'Infant;total;dones;població;;2889
2009;Vandellòs i l'Hospitalet de l'Infant;total;total;població;;5754
2009;Vansa i Fórnols, la;total;homes;població;;116
2009;Vansa i Fórnols, la;total;dones;població;;97
2009;Vansa i Fórnols, la;total;total;població;;213
2009;Veciana;total;homes;població;;92
2009;Veciana;total;dones;població;;80
2009;Veciana;total;total;població;;172
2009;Vendrell, el;total;homes;població;;18039
2009;Vendrell, el;total;dones;població;;17782
2009;Vendrell, el;total;total;població;;35821
2009;Ventalló;total;homes;població;;410
2009;Ventalló;total;dones;població;;370
2009;Ventalló;total;total;població;;780
2009;Verdú;total;homes;població;;492
2009;Verdú;total;dones;població;;533
2009;Verdú;total;total;població;;1025
2009;Verges;total;homes;població;;576
2009;Verges;total;dones;població;;586
2009;Verges;total;total;població;;1162
2009;Vespella de Gaià;total;homes;població;;225
2009;Vespella de Gaià;total;dones;població;;179
2009;Vespella de Gaià;total;total;població;;404
2009;Vic;total;homes;població;;19940
2009;Vic;total;dones;població;;19904
2009;Vic;total;total;població;;39844
2009;Vidrà;total;homes;població;;89
2009;Vidrà;total;dones;població;;84
2009;Vidrà;total;total;població;;173
2009;Vidreres;total;homes;població;;3843
2009;Vidreres;total;dones;població;;3587
2009;Vidreres;total;total;població;;7430
2009;Vielha e Mijaran;total;homes;població;;3016
2009;Vielha e Mijaran;total;dones;població;;2694
2009;Vielha e Mijaran;total;total;població;;5710
2009;Vilabella;total;homes;població;;412
2009;Vilabella;total;dones;població;;387
2009;Vilabella;total;total;població;;799
2009;Vilabertran;total;homes;població;;469
2009;Vilabertran;total;dones;població;;413
2009;Vilabertran;total;total;població;;882
2009;Vilablareix;total;homes;població;;1123
2009;Vilablareix;total;dones;població;;1160
2009;Vilablareix;total;total;població;;2283
2009;Vilada;total;homes;població;;257
2009;Vilada;total;dones;població;;263
2009;Vilada;total;total;població;;520
2009;Viladamat;total;homes;població;;241
2009;Viladamat;total;dones;població;;225
2009;Viladamat;total;total;població;;466
2009;Viladasens;total;homes;població;;111
2009;Viladasens;total;dones;població;;106
2009;Viladasens;total;total;població;;217
2009;Viladecans;total;homes;població;;31891
2009;Viladecans;total;dones;població;;31598
2009;Viladecans;total;total;població;;63489
2009;Viladecavalls;total;homes;població;;3674
2009;Viladecavalls;total;dones;població;;3648
2009;Viladecavalls;total;total;població;;7322
2009;Vilademuls;total;homes;població;;408
2009;Vilademuls;total;dones;població;;378
2009;Vilademuls;total;total;població;;786
2009;Viladrau;total;homes;població;;567
2009;Viladrau;total;dones;població;;533
2009;Viladrau;total;total;població;;1100
2009;Vilafant;total;homes;població;;2676
2009;Vilafant;total;dones;població;;2740
2009;Vilafant;total;total;població;;5416
2009;Vilafranca del Penedès;total;homes;població;;19145
2009;Vilafranca del Penedès;total;dones;població;;19280
2009;Vilafranca del Penedès;total;total;població;;38425
2009;Vilagrassa;total;homes;població;;233
2009;Vilagrassa;total;dones;població;;222
2009;Vilagrassa;total;total;població;;455
2009;Vilajuïga;total;homes;població;;561
2009;Vilajuïga;total;dones;població;;588
2009;Vilajuïga;total;total;població;;1149
2009;Vilalba dels Arcs;total;homes;població;;380
2009;Vilalba dels Arcs;total;dones;població;;344
2009;Vilalba dels Arcs;total;total;població;;724
2009;Vilalba Sasserra;total;homes;població;;331
2009;Vilalba Sasserra;total;dones;població;;305
2009;Vilalba Sasserra;total;total;població;;636
2009;Vilaller;total;homes;població;;412
2009;Vilaller;total;dones;població;;303
2009;Vilaller;total;total;població;;715
2009;Vilallonga de Ter;total;homes;població;;256
2009;Vilallonga de Ter;total;dones;població;;222
2009;Vilallonga de Ter;total;total;població;;478
2009;Vilallonga del Camp;total;homes;població;;959
2009;Vilallonga del Camp;total;dones;població;;930
2009;Vilallonga del Camp;total;total;població;;1889
2009;Vilamacolum;total;homes;població;;167
2009;Vilamacolum;total;dones;població;;155
2009;Vilamacolum;total;total;població;;322
2009;Vilamalla;total;homes;població;;607
2009;Vilamalla;total;dones;població;;527
2009;Vilamalla;total;total;població;;1134
2009;Vilamaniscle;total;homes;població;;91
2009;Vilamaniscle;total;dones;població;;78
2009;Vilamaniscle;total;total;població;;169
2009;Vilamòs;total;homes;població;;95
2009;Vilamòs;total;dones;població;;79
2009;Vilamòs;total;total;població;;174
2009;Vilanant;total;homes;població;;175
2009;Vilanant;total;dones;població;;181
2009;Vilanant;total;total;població;;356
2009;Vilanova d'Escornalbou;total;homes;població;;308
2009;Vilanova d'Escornalbou;total;dones;població;;251
2009;Vilanova d'Escornalbou;total;total;població;;559
2009;Vilanova de Bellpuig;total;homes;població;;602
2009;Vilanova de Bellpuig;total;dones;població;;568
2009;Vilanova de Bellpuig;total;total;població;;1170
2009;Vilanova de l'Aguda;total;homes;població;;117
2009;Vilanova de l'Aguda;total;dones;població;;117
2009;Vilanova de l'Aguda;total;total;població;;234
2009;Vilanova de la Barca;total;homes;població;;643
2009;Vilanova de la Barca;total;dones;població;;630
2009;Vilanova de la Barca;total;total;població;;1273
2009;Vilanova de Meià;total;homes;població;;219
2009;Vilanova de Meià;total;dones;població;;199
2009;Vilanova de Meià;total;total;població;;418
2009;Vilanova de Prades;total;homes;població;;77
2009;Vilanova de Prades;total;dones;població;;67
2009;Vilanova de Prades;total;total;població;;144
2009;Vilanova de Sau;total;homes;població;;160
2009;Vilanova de Sau;total;dones;població;;176
2009;Vilanova de Sau;total;total;població;;336
2009;Vilanova de Segrià;total;homes;població;;446
2009;Vilanova de Segrià;total;dones;població;;399
2009;Vilanova de Segrià;total;total;població;;845
2009;Vilanova del Camí;total;homes;població;;6419
2009;Vilanova del Camí;total;dones;població;;6230
2009;Vilanova del Camí;total;total;població;;12649
2009;Vilanova del Vallès;total;homes;població;;2389
2009;Vilanova del Vallès;total;dones;població;;2265
2009;Vilanova del Vallès;total;total;població;;4654
2009;Vilanova i la Geltrú;total;homes;població;;32431
2009;Vilanova i la Geltrú;total;dones;població;;33459
2009;Vilanova i la Geltrú;total;total;població;;65890
2009;Vilaplana;total;homes;població;;311
2009;Vilaplana;total;dones;població;;303
2009;Vilaplana;total;total;població;;614
2009;Vila-rodona;total;homes;població;;644
2009;Vila-rodona;total;dones;població;;616
2009;Vila-rodona;total;total;població;;1260
2009;Vila-sacra;total;homes;població;;287
2009;Vila-sacra;total;dones;població;;311
2009;Vila-sacra;total;total;població;;598
2009;Vila-sana;total;homes;població;;347
2009;Vila-sana;total;dones;població;;349
2009;Vila-sana;total;total;població;;696
2009;Vila-seca;total;homes;població;;10671
2009;Vila-seca;total;dones;població;;10195
2009;Vila-seca;total;total;població;;20866
2009;Vilassar de Dalt;total;homes;població;;4265
2009;Vilassar de Dalt;total;dones;població;;4407
2009;Vilassar de Dalt;total;total;població;;8672
2009;Vilassar de Mar;total;homes;població;;9453
2009;Vilassar de Mar;total;dones;població;;10029
2009;Vilassar de Mar;total;total;població;;19482
2009;Vilaür;total;homes;població;;68
2009;Vilaür;total;dones;població;;72
2009;Vilaür;total;total;població;;140
2009;Vilaverd;total;homes;població;;243
2009;Vilaverd;total;dones;població;;251
2009;Vilaverd;total;total;població;;494
2009;Vilella Alta, la;total;homes;població;;65
2009;Vilella Alta, la;total;dones;població;;49
2009;Vilella Alta, la;total;total;població;;114
2009;Vilella Baixa, la;total;homes;població;;113
2009;Vilella Baixa, la;total;dones;població;;93
2009;Vilella Baixa, la;total;total;població;;206
2009;Vilobí d'Onyar;total;homes;població;;1548
2009;Vilobí d'Onyar;total;dones;població;;1408
2009;Vilobí d'Onyar;total;total;població;;2956
2009;Vilobí del Penedès;total;homes;població;;574
2009;Vilobí del Penedès;total;dones;població;;538
2009;Vilobí del Penedès;total;total;població;;1112
2009;Vilopriu;total;homes;població;;120
2009;Vilopriu;total;dones;població;;101
2009;Vilopriu;total;total;població;;221
2009;Vilosell, el;total;homes;població;;98
2009;Vilosell, el;total;dones;població;;102
2009;Vilosell, el;total;total;població;;200
2009;Vimbodí i Poblet;total;homes;població;;599
2009;Vimbodí i Poblet;total;dones;població;;478
2009;Vimbodí i Poblet;total;total;població;;1077
2009;Vinaixa;total;homes;població;;313
2009;Vinaixa;total;dones;població;;294
2009;Vinaixa;total;total;població;;607
2009;Vinebre;total;homes;població;;238
2009;Vinebre;total;dones;població;;245
2009;Vinebre;total;total;població;;483
2009;Vinyols i els Arcs;total;homes;població;;949
2009;Vinyols i els Arcs;total;dones;població;;880
2009;Vinyols i els Arcs;total;total;població;;1829
2009;Viver i Serrateix;total;homes;població;;98
2009;Viver i Serrateix;total;dones;població;;88
2009;Viver i Serrateix;total;total;població;;186
2009;Xerta;total;homes;població;;641
2009;Xerta;total;dones;població;;659
2009;Xerta;total;total;població;;1300
2009;Catalunya;total;homes;població;;3713765
2009;Catalunya;total;dones;població;;3761655
2009;Catalunya;total;total;població;;7475420
