any;municipi;edat any a any;sexe;concepte;estat;valor
2022;Abella de la Conca;total;homes;població;;85
2022;Abella de la Conca;total;dones;població;;82
2022;Abella de la Conca;total;total;població;;167
2022;Abrera;total;homes;població;;6414
2022;Abrera;total;dones;població;;6283
2022;Abrera;total;total;població;;12697
2022;Àger;total;homes;població;;318
2022;Àger;total;dones;població;;262
2022;Àger;total;total;població;;580
2022;Agramunt;total;homes;població;;2766
2022;Agramunt;total;dones;població;;2713
2022;Agramunt;total;total;població;;5479
2022;Aguilar de Segarra;total;homes;població;;154
2022;Aguilar de Segarra;total;dones;població;;133
2022;Aguilar de Segarra;total;total;població;;287
2022;Agullana;total;homes;població;;455
2022;Agullana;total;dones;població;;448
2022;Agullana;total;total;població;;903
2022;Aiguafreda;total;homes;població;;1249
2022;Aiguafreda;total;dones;població;;1303
2022;Aiguafreda;total;total;població;;2552
2022;Aiguamúrcia;total;homes;població;;497
2022;Aiguamúrcia;total;dones;població;;464
2022;Aiguamúrcia;total;total;població;;961
2022;Aiguaviva;total;homes;població;;387
2022;Aiguaviva;total;dones;població;;393
2022;Aiguaviva;total;total;població;;780
2022;Aitona;total;homes;població;;1320
2022;Aitona;total;dones;població;;1201
2022;Aitona;total;total;població;;2521
2022;Alamús, els;total;homes;població;;389
2022;Alamús, els;total;dones;població;;392
2022;Alamús, els;total;total;població;;781
2022;Alàs i Cerc;total;homes;població;;161
2022;Alàs i Cerc;total;dones;població;;168
2022;Alàs i Cerc;total;total;població;;329
2022;Albagés, l';total;homes;població;;185
2022;Albagés, l';total;dones;població;;163
2022;Albagés, l';total;total;població;;348
2022;Albanyà;total;homes;població;;94
2022;Albanyà;total;dones;població;;86
2022;Albanyà;total;total;població;;180
2022;Albatàrrec;total;homes;població;;1141
2022;Albatàrrec;total;dones;població;;1076
2022;Albatàrrec;total;total;població;;2217
2022;Albesa;total;homes;població;;859
2022;Albesa;total;dones;població;;720
2022;Albesa;total;total;població;;1579
2022;Albi, l';total;homes;població;;387
2022;Albi, l';total;dones;població;;368
2022;Albi, l';total;total;població;;755
2022;Albinyana;total;homes;població;;1324
2022;Albinyana;total;dones;població;;1257
2022;Albinyana;total;total;població;;2581
2022;Albiol, l';total;homes;població;;282
2022;Albiol, l';total;dones;població;;246
2022;Albiol, l';total;total;població;;528
2022;Albons;total;homes;població;;415
2022;Albons;total;dones;població;;382
2022;Albons;total;total;població;;797
2022;Alcanar;total;homes;població;;4852
2022;Alcanar;total;dones;població;;4760
2022;Alcanar;total;total;població;;9612
2022;Alcanó;total;homes;població;;123
2022;Alcanó;total;dones;població;;117
2022;Alcanó;total;total;població;;240
2022;Alcarràs;total;homes;població;;5030
2022;Alcarràs;total;dones;població;;4607
2022;Alcarràs;total;total;població;;9637
2022;Alcoletge;total;homes;població;;1828
2022;Alcoletge;total;dones;població;;1642
2022;Alcoletge;total;total;població;;3470
2022;Alcover;total;homes;població;;2620
2022;Alcover;total;dones;població;;2670
2022;Alcover;total;total;població;;5290
2022;Aldea, l';total;homes;població;;2351
2022;Aldea, l';total;dones;població;;1981
2022;Aldea, l';total;total;població;;4332
2022;Aldover;total;homes;població;;442
2022;Aldover;total;dones;població;;420
2022;Aldover;total;total;població;;862
2022;Aleixar, l';total;homes;població;;477
2022;Aleixar, l';total;dones;població;;447
2022;Aleixar, l';total;total;població;;924
2022;Alella;total;homes;població;;4931
2022;Alella;total;dones;població;;5148
2022;Alella;total;total;població;;10079
2022;Alfara de Carles;total;homes;població;;198
2022;Alfara de Carles;total;dones;població;;161
2022;Alfara de Carles;total;total;població;;359
2022;Alfarràs;total;homes;població;;1456
2022;Alfarràs;total;dones;població;;1339
2022;Alfarràs;total;total;població;;2795
2022;Alfés;total;homes;població;;163
2022;Alfés;total;dones;població;;137
2022;Alfés;total;total;població;;300
2022;Alforja;total;homes;població;;978
2022;Alforja;total;dones;població;;950
2022;Alforja;total;total;població;;1928
2022;Algerri;total;homes;població;;233
2022;Algerri;total;dones;població;;189
2022;Algerri;total;total;població;;422
2022;Alguaire;total;homes;població;;1613
2022;Alguaire;total;dones;població;;1427
2022;Alguaire;total;total;població;;3040
2022;Alins;total;homes;població;;148
2022;Alins;total;dones;població;;137
2022;Alins;total;total;població;;285
2022;Alió;total;homes;població;;247
2022;Alió;total;dones;població;;249
2022;Alió;total;total;població;;496
2022;Almacelles;total;homes;població;;3701
2022;Almacelles;total;dones;població;;3221
2022;Almacelles;total;total;població;;6922
2022;Almatret;total;homes;població;;172
2022;Almatret;total;dones;població;;130
2022;Almatret;total;total;població;;302
2022;Almenar;total;homes;població;;1810
2022;Almenar;total;dones;població;;1591
2022;Almenar;total;total;població;;3401
2022;Almoster;total;homes;població;;666
2022;Almoster;total;dones;població;;668
2022;Almoster;total;total;població;;1334
2022;Alòs de Balaguer;total;homes;població;;69
2022;Alòs de Balaguer;total;dones;població;;52
2022;Alòs de Balaguer;total;total;població;;121
2022;Alp;total;homes;població;;894
2022;Alp;total;dones;població;;823
2022;Alp;total;total;població;;1717
2022;Alpens;total;homes;població;;150
2022;Alpens;total;dones;població;;131
2022;Alpens;total;total;població;;281
2022;Alpicat;total;homes;població;;3173
2022;Alpicat;total;dones;població;;3160
2022;Alpicat;total;total;població;;6333
2022;Alt Àneu;total;homes;població;;250
2022;Alt Àneu;total;dones;població;;191
2022;Alt Àneu;total;total;població;;441
2022;Altafulla;total;homes;població;;2729
2022;Altafulla;total;dones;població;;2880
2022;Altafulla;total;total;població;;5609
2022;Amer;total;homes;població;;1185
2022;Amer;total;dones;població;;1237
2022;Amer;total;total;població;;2422
2022;Ametlla de Mar, l';total;homes;població;;3655
2022;Ametlla de Mar, l';total;dones;població;;3554
2022;Ametlla de Mar, l';total;total;població;;7209
2022;Ametlla del Vallès, l';total;homes;població;;4529
2022;Ametlla del Vallès, l';total;dones;població;;4491
2022;Ametlla del Vallès, l';total;total;població;;9020
2022;Ampolla, l';total;homes;població;;1828
2022;Ampolla, l';total;dones;població;;1735
2022;Ampolla, l';total;total;població;;3563
2022;Amposta;total;homes;població;;11090
2022;Amposta;total;dones;població;;10717
2022;Amposta;total;total;població;;21807
2022;Anglès;total;homes;població;;2851
2022;Anglès;total;dones;població;;2831
2022;Anglès;total;total;població;;5682
2022;Anglesola;total;homes;població;;676
2022;Anglesola;total;dones;població;;674
2022;Anglesola;total;total;població;;1350
2022;Arbeca;total;homes;població;;1089
2022;Arbeca;total;dones;població;;1011
2022;Arbeca;total;total;població;;2100
2022;Arboç, l';total;homes;població;;2852
2022;Arboç, l';total;dones;població;;2752
2022;Arboç, l';total;total;població;;5604
2022;Arbolí;total;homes;població;;74
2022;Arbolí;total;dones;població;;48
2022;Arbolí;total;total;població;;122
2022;Arbúcies;total;homes;població;;3335
2022;Arbúcies;total;dones;població;;3139
2022;Arbúcies;total;total;població;;6474
2022;Arenys de Mar;total;homes;població;;7854
2022;Arenys de Mar;total;dones;població;;8301
2022;Arenys de Mar;total;total;població;;16155
2022;Arenys de Munt;total;homes;població;;4685
2022;Arenys de Munt;total;dones;població;;4593
2022;Arenys de Munt;total;total;població;;9278
2022;Argelaguer;total;homes;població;;224
2022;Argelaguer;total;dones;població;;215
2022;Argelaguer;total;total;població;;439
2022;Argençola;total;homes;població;;116
2022;Argençola;total;dones;població;;100
2022;Argençola;total;total;població;;216
2022;Argentera, l';total;homes;població;;72
2022;Argentera, l';total;dones;població;;54
2022;Argentera, l';total;total;població;;126
2022;Argentona;total;homes;població;;6329
2022;Argentona;total;dones;població;;6416
2022;Argentona;total;total;població;;12745
2022;Armentera, l';total;homes;població;;532
2022;Armentera, l';total;dones;població;;511
2022;Armentera, l';total;total;població;;1043
2022;Arnes;total;homes;població;;222
2022;Arnes;total;dones;població;;226
2022;Arnes;total;total;població;;448
2022;Arres;total;homes;població;;41
2022;Arres;total;dones;població;;20
2022;Arres;total;total;població;;61
2022;Arsèguel;total;homes;població;;46
2022;Arsèguel;total;dones;població;;34
2022;Arsèguel;total;total;població;;80
2022;Artés;total;homes;població;;2972
2022;Artés;total;dones;població;;2930
2022;Artés;total;total;població;;5902
2022;Artesa de Lleida;total;homes;població;;802
2022;Artesa de Lleida;total;dones;població;;703
2022;Artesa de Lleida;total;total;població;;1505
2022;Artesa de Segre;total;homes;població;;1792
2022;Artesa de Segre;total;dones;població;;1678
2022;Artesa de Segre;total;total;població;;3470
2022;Ascó;total;homes;població;;828
2022;Ascó;total;dones;població;;773
2022;Ascó;total;total;població;;1601
2022;Aspa;total;homes;població;;113
2022;Aspa;total;dones;població;;108
2022;Aspa;total;total;població;;221
2022;Avellanes i Santa Linya, les;total;homes;població;;254
2022;Avellanes i Santa Linya, les;total;dones;població;;205
2022;Avellanes i Santa Linya, les;total;total;població;;459
2022;Avià;total;homes;població;;1117
2022;Avià;total;dones;població;;1120
2022;Avià;total;total;població;;2237
2022;Avinyó;total;homes;població;;1148
2022;Avinyó;total;dones;població;;1122
2022;Avinyó;total;total;població;;2270
2022;Avinyonet de Puigventós;total;homes;població;;831
2022;Avinyonet de Puigventós;total;dones;població;;845
2022;Avinyonet de Puigventós;total;total;població;;1676
2022;Avinyonet del Penedès;total;homes;població;;912
2022;Avinyonet del Penedès;total;dones;població;;794
2022;Avinyonet del Penedès;total;total;població;;1706
2022;Badalona;total;homes;població;;110151
2022;Badalona;total;dones;població;;113355
2022;Badalona;total;total;població;;223506
2022;Badia del Vallès;total;homes;població;;6464
2022;Badia del Vallès;total;dones;població;;6699
2022;Badia del Vallès;total;total;població;;13163
2022;Bagà;total;homes;població;;1082
2022;Bagà;total;dones;població;;1085
2022;Bagà;total;total;població;;2167
2022;Baix Pallars;total;homes;població;;183
2022;Baix Pallars;total;dones;població;;162
2022;Baix Pallars;total;total;població;;345
2022;Balaguer;total;homes;població;;8936
2022;Balaguer;total;dones;població;;8524
2022;Balaguer;total;total;població;;17460
2022;Balenyà;total;homes;població;;1984
2022;Balenyà;total;dones;població;;1964
2022;Balenyà;total;total;població;;3948
2022;Balsareny;total;homes;població;;1623
2022;Balsareny;total;dones;població;;1626
2022;Balsareny;total;total;població;;3249
2022;Banyeres del Penedès;total;homes;població;;1643
2022;Banyeres del Penedès;total;dones;població;;1628
2022;Banyeres del Penedès;total;total;població;;3271
2022;Banyoles;total;homes;població;;10012
2022;Banyoles;total;dones;població;;10175
2022;Banyoles;total;total;població;;20187
2022;Barbens;total;homes;població;;542
2022;Barbens;total;dones;població;;437
2022;Barbens;total;total;població;;979
2022;Barberà de la Conca;total;homes;població;;267
2022;Barberà de la Conca;total;dones;població;;219
2022;Barberà de la Conca;total;total;població;;486
2022;Barberà del Vallès;total;homes;població;;16250
2022;Barberà del Vallès;total;dones;població;;16832
2022;Barberà del Vallès;total;total;població;;33082
2022;Barcelona;total;homes;població;;778674
2022;Barcelona;total;dones;població;;857519
2022;Barcelona;total;total;població;;1636193
2022;Baronia de Rialb, la;total;homes;població;;120
2022;Baronia de Rialb, la;total;dones;població;;109
2022;Baronia de Rialb, la;total;total;població;;229
2022;Bàscara;total;homes;població;;535
2022;Bàscara;total;dones;població;;499
2022;Bàscara;total;total;població;;1034
2022;Bassella;total;homes;població;;117
2022;Bassella;total;dones;població;;106
2022;Bassella;total;total;població;;223
2022;Batea;total;homes;població;;925
2022;Batea;total;dones;població;;938
2022;Batea;total;total;població;;1863
2022;Bausen;total;homes;població;;33
2022;Bausen;total;dones;població;;33
2022;Bausen;total;total;població;;66
2022;Begues;total;homes;població;;3725
2022;Begues;total;dones;població;;3725
2022;Begues;total;total;població;;7450
2022;Begur;total;homes;població;;2086
2022;Begur;total;dones;població;;2091
2022;Begur;total;total;població;;4177
2022;Belianes;total;homes;població;;251
2022;Belianes;total;dones;població;;257
2022;Belianes;total;total;població;;508
2022;Bellaguarda;total;homes;població;;152
2022;Bellaguarda;total;dones;població;;136
2022;Bellaguarda;total;total;població;;288
2022;Bellcaire d'Empordà;total;homes;població;;344
2022;Bellcaire d'Empordà;total;dones;població;;369
2022;Bellcaire d'Empordà;total;total;població;;713
2022;Bellcaire d'Urgell;total;homes;població;;630
2022;Bellcaire d'Urgell;total;dones;població;;599
2022;Bellcaire d'Urgell;total;total;població;;1229
2022;Bell-lloc d'Urgell;total;homes;població;;1173
2022;Bell-lloc d'Urgell;total;dones;població;;1169
2022;Bell-lloc d'Urgell;total;total;població;;2342
2022;Bellmunt d'Urgell;total;homes;població;;90
2022;Bellmunt d'Urgell;total;dones;població;;88
2022;Bellmunt d'Urgell;total;total;població;;178
2022;Bellmunt del Priorat;total;homes;població;;136
2022;Bellmunt del Priorat;total;dones;població;;136
2022;Bellmunt del Priorat;total;total;població;;272
2022;Bellprat;total;homes;població;;46
2022;Bellprat;total;dones;població;;28
2022;Bellprat;total;total;població;;74
2022;Bellpuig;total;homes;població;;2756
2022;Bellpuig;total;dones;població;;2412
2022;Bellpuig;total;total;població;;5168
2022;Bellvei;total;homes;població;;1189
2022;Bellvei;total;dones;població;;1157
2022;Bellvei;total;total;població;;2346
2022;Bellver de Cerdanya;total;homes;població;;1129
2022;Bellver de Cerdanya;total;dones;població;;1047
2022;Bellver de Cerdanya;total;total;població;;2176
2022;Bellvís;total;homes;població;;1141
2022;Bellvís;total;dones;població;;1102
2022;Bellvís;total;total;població;;2243
2022;Benavent de Segrià;total;homes;població;;822
2022;Benavent de Segrià;total;dones;població;;741
2022;Benavent de Segrià;total;total;població;;1563
2022;Benifallet;total;homes;població;;360
2022;Benifallet;total;dones;població;;379
2022;Benifallet;total;total;població;;739
2022;Benissanet;total;homes;població;;641
2022;Benissanet;total;dones;població;;528
2022;Benissanet;total;total;població;;1169
2022;Berga;total;homes;població;;8273
2022;Berga;total;dones;població;;8489
2022;Berga;total;total;població;;16762
2022;Besalú;total;homes;població;;1182
2022;Besalú;total;dones;població;;1298
2022;Besalú;total;total;població;;2480
2022;Bescanó;total;homes;població;;2605
2022;Bescanó;total;dones;població;;2551
2022;Bescanó;total;total;població;;5156
2022;Beuda;total;homes;població;;106
2022;Beuda;total;dones;població;;96
2022;Beuda;total;total;població;;202
2022;Bigues i Riells del Fai;total;homes;població;;4961
2022;Bigues i Riells del Fai;total;dones;població;;4796
2022;Bigues i Riells del Fai;total;total;població;;9757
2022;Biosca;total;homes;població;;99
2022;Biosca;total;dones;població;;83
2022;Biosca;total;total;població;;182
2022;Bisbal d'Empordà, la;total;homes;població;;5592
2022;Bisbal d'Empordà, la;total;dones;població;;5571
2022;Bisbal d'Empordà, la;total;total;població;;11163
2022;Bisbal de Montsant, la;total;homes;població;;125
2022;Bisbal de Montsant, la;total;dones;població;;94
2022;Bisbal de Montsant, la;total;total;població;;219
2022;Bisbal del Penedès, la;total;homes;població;;2139
2022;Bisbal del Penedès, la;total;dones;població;;1923
2022;Bisbal del Penedès, la;total;total;població;;4062
2022;Biure;total;homes;població;;135
2022;Biure;total;dones;població;;114
2022;Biure;total;total;població;;249
2022;Blancafort;total;homes;població;;205
2022;Blancafort;total;dones;població;;189
2022;Blancafort;total;total;població;;394
2022;Blanes;total;homes;població;;20198
2022;Blanes;total;dones;població;;20381
2022;Blanes;total;total;població;;40579
2022;Boadella i les Escaules;total;homes;població;;129
2022;Boadella i les Escaules;total;dones;població;;129
2022;Boadella i les Escaules;total;total;població;;258
2022;Bolvir;total;homes;població;;267
2022;Bolvir;total;dones;població;;251
2022;Bolvir;total;total;població;;518
2022;Bonastre;total;homes;població;;387
2022;Bonastre;total;dones;població;;355
2022;Bonastre;total;total;població;;742
2022;Bòrdes, Es;total;homes;població;;154
2022;Bòrdes, Es;total;dones;població;;128
2022;Bòrdes, Es;total;total;població;;282
2022;Bordils;total;homes;població;;912
2022;Bordils;total;dones;població;;903
2022;Bordils;total;total;població;;1815
2022;Borges Blanques, les;total;homes;població;;3188
2022;Borges Blanques, les;total;dones;població;;3060
2022;Borges Blanques, les;total;total;població;;6248
2022;Borges del Camp, les;total;homes;població;;1104
2022;Borges del Camp, les;total;dones;població;;1044
2022;Borges del Camp, les;total;total;població;;2148
2022;Borrassà;total;homes;població;;403
2022;Borrassà;total;dones;població;;373
2022;Borrassà;total;total;població;;776
2022;Borredà;total;homes;població;;251
2022;Borredà;total;dones;població;;197
2022;Borredà;total;total;població;;448
2022;Bossòst;total;homes;població;;544
2022;Bossòst;total;dones;població;;577
2022;Bossòst;total;total;població;;1121
2022;Bot;total;homes;població;;290
2022;Bot;total;dones;població;;276
2022;Bot;total;total;població;;566
2022;Botarell;total;homes;població;;567
2022;Botarell;total;dones;població;;535
2022;Botarell;total;total;població;;1102
2022;Bovera;total;homes;població;;146
2022;Bovera;total;dones;població;;117
2022;Bovera;total;total;població;;263
2022;Bràfim;total;homes;població;;344
2022;Bràfim;total;dones;població;;343
2022;Bràfim;total;total;població;;687
2022;Breda;total;homes;població;;1895
2022;Breda;total;dones;població;;1947
2022;Breda;total;total;població;;3842
2022;Bruc, el;total;homes;població;;1181
2022;Bruc, el;total;dones;població;;1037
2022;Bruc, el;total;total;població;;2218
2022;Brull, el;total;homes;població;;150
2022;Brull, el;total;dones;població;;128
2022;Brull, el;total;total;població;;278
2022;Brunyola i Sant Martí Sapresa;total;homes;població;;201
2022;Brunyola i Sant Martí Sapresa;total;dones;població;;187
2022;Brunyola i Sant Martí Sapresa;total;total;població;;388
2022;Cabacés;total;homes;població;;161
2022;Cabacés;total;dones;població;;143
2022;Cabacés;total;total;població;;304
2022;Cabanabona;total;homes;població;;27
2022;Cabanabona;total;dones;població;;35
2022;Cabanabona;total;total;població;;62
2022;Cabanelles;total;homes;població;;151
2022;Cabanelles;total;dones;població;;128
2022;Cabanelles;total;total;població;;279
2022;Cabanes;total;homes;població;;498
2022;Cabanes;total;dones;població;;451
2022;Cabanes;total;total;població;;949
2022;Cabanyes, les;total;homes;població;;512
2022;Cabanyes, les;total;dones;població;;487
2022;Cabanyes, les;total;total;població;;999
2022;Cabó;total;homes;població;;49
2022;Cabó;total;dones;població;;49
2022;Cabó;total;total;població;;98
2022;Cabra del Camp;total;homes;població;;664
2022;Cabra del Camp;total;dones;població;;590
2022;Cabra del Camp;total;total;població;;1254
2022;Cabrera d'Anoia;total;homes;població;;850
2022;Cabrera d'Anoia;total;dones;població;;756
2022;Cabrera d'Anoia;total;total;població;;1606
2022;Cabrera de Mar;total;homes;població;;2429
2022;Cabrera de Mar;total;dones;població;;2419
2022;Cabrera de Mar;total;total;població;;4848
2022;Cabrils;total;homes;població;;3821
2022;Cabrils;total;dones;població;;3908
2022;Cabrils;total;total;població;;7729
2022;Cadaqués;total;homes;població;;1415
2022;Cadaqués;total;dones;població;;1474
2022;Cadaqués;total;total;població;;2889
2022;Calaf;total;homes;població;;1812
2022;Calaf;total;dones;població;;1778
2022;Calaf;total;total;població;;3590
2022;Calafell;total;homes;població;;14601
2022;Calafell;total;dones;població;;14501
2022;Calafell;total;total;població;;29102
2022;Calders;total;homes;població;;569
2022;Calders;total;dones;població;;532
2022;Calders;total;total;població;;1101
2022;Caldes d'Estrac;total;homes;població;;1519
2022;Caldes d'Estrac;total;dones;població;;1629
2022;Caldes d'Estrac;total;total;població;;3148
2022;Caldes de Malavella;total;homes;població;;4099
2022;Caldes de Malavella;total;dones;població;;4097
2022;Caldes de Malavella;total;total;població;;8196
2022;Caldes de Montbui;total;homes;població;;8949
2022;Caldes de Montbui;total;dones;població;;8983
2022;Caldes de Montbui;total;total;població;;17932
2022;Calella;total;homes;població;;9393
2022;Calella;total;dones;població;;9970
2022;Calella;total;total;població;;19363
2022;Calldetenes;total;homes;població;;1296
2022;Calldetenes;total;dones;població;;1236
2022;Calldetenes;total;total;població;;2532
2022;Callús;total;homes;població;;1043
2022;Callús;total;dones;població;;1079
2022;Callús;total;total;població;;2122
2022;Calonge de Segarra;total;homes;població;;98
2022;Calonge de Segarra;total;dones;població;;97
2022;Calonge de Segarra;total;total;població;;195
2022;Calonge i Sant Antoni;total;homes;població;;5838
2022;Calonge i Sant Antoni;total;dones;població;;5874
2022;Calonge i Sant Antoni;total;total;població;;11712
2022;Camarasa;total;homes;població;;400
2022;Camarasa;total;dones;població;;386
2022;Camarasa;total;total;població;;786
2022;Camarles;total;homes;població;;1680
2022;Camarles;total;dones;població;;1629
2022;Camarles;total;total;població;;3309
2022;Cambrils;total;homes;població;;17472
2022;Cambrils;total;dones;població;;18203
2022;Cambrils;total;total;població;;35675
2022;Camós;total;homes;població;;355
2022;Camós;total;dones;població;;360
2022;Camós;total;total;població;;715
2022;Campdevànol;total;homes;població;;1576
2022;Campdevànol;total;dones;població;;1641
2022;Campdevànol;total;total;població;;3217
2022;Campelles;total;homes;població;;87
2022;Campelles;total;dones;població;;75
2022;Campelles;total;total;població;;162
2022;Campins;total;homes;població;;284
2022;Campins;total;dones;població;;273
2022;Campins;total;total;població;;557
2022;Campllong;total;homes;població;;267
2022;Campllong;total;dones;població;;268
2022;Campllong;total;total;població;;535
2022;Camprodon;total;homes;població;;1200
2022;Camprodon;total;dones;població;;1269
2022;Camprodon;total;total;població;;2469
2022;Canejan;total;homes;població;;46
2022;Canejan;total;dones;població;;46
2022;Canejan;total;total;població;;92
2022;Canet d'Adri;total;homes;població;;388
2022;Canet d'Adri;total;dones;població;;362
2022;Canet d'Adri;total;total;població;;750
2022;Canet de Mar;total;homes;població;;7216
2022;Canet de Mar;total;dones;població;;7629
2022;Canet de Mar;total;total;població;;14845
2022;Canonja, la;total;homes;població;;2871
2022;Canonja, la;total;dones;població;;3002
2022;Canonja, la;total;total;població;;5873
2022;Canovelles;total;homes;població;;8632
2022;Canovelles;total;dones;població;;8129
2022;Canovelles;total;total;població;;16761
2022;Cànoves i Samalús;total;homes;població;;1672
2022;Cànoves i Samalús;total;dones;població;;1617
2022;Cànoves i Samalús;total;total;població;;3289
2022;Cantallops;total;homes;població;;168
2022;Cantallops;total;dones;població;;162
2022;Cantallops;total;total;població;;330
2022;Canyelles;total;homes;població;;2613
2022;Canyelles;total;dones;població;;2394
2022;Canyelles;total;total;població;;5007
2022;Capafonts;total;homes;població;;68
2022;Capafonts;total;dones;població;;53
2022;Capafonts;total;total;població;;121
2022;Capçanes;total;homes;població;;208
2022;Capçanes;total;dones;població;;199
2022;Capçanes;total;total;població;;407
2022;Capellades;total;homes;població;;2655
2022;Capellades;total;dones;població;;2689
2022;Capellades;total;total;població;;5344
2022;Capmany;total;homes;població;;350
2022;Capmany;total;dones;població;;322
2022;Capmany;total;total;població;;672
2022;Capolat;total;homes;població;;42
2022;Capolat;total;dones;població;;47
2022;Capolat;total;total;població;;89
2022;Cardedeu;total;homes;població;;9154
2022;Cardedeu;total;dones;població;;9631
2022;Cardedeu;total;total;població;;18785
2022;Cardona;total;homes;població;;2248
2022;Cardona;total;dones;població;;2327
2022;Cardona;total;total;població;;4575
2022;Carme;total;homes;població;;391
2022;Carme;total;dones;població;;363
2022;Carme;total;total;població;;754
2022;Caseres;total;homes;població;;116
2022;Caseres;total;dones;població;;117
2022;Caseres;total;total;població;;233
2022;Cassà de la Selva;total;homes;població;;5471
2022;Cassà de la Selva;total;dones;població;;5209
2022;Cassà de la Selva;total;total;població;;10680
2022;Casserres;total;homes;població;;820
2022;Casserres;total;dones;població;;826
2022;Casserres;total;total;població;;1646
2022;Castell d'Aro, Platja d'Aro i s'Agaró;total;homes;població;;5809
2022;Castell d'Aro, Platja d'Aro i s'Agaró;total;dones;població;;5948
2022;Castell d'Aro, Platja d'Aro i s'Agaró;total;total;població;;11757
2022;Castell de l'Areny;total;homes;població;;38
2022;Castell de l'Areny;total;dones;població;;31
2022;Castell de l'Areny;total;total;població;;69
2022;Castell de Mur;total;homes;població;;96
2022;Castell de Mur;total;dones;població;;75
2022;Castell de Mur;total;total;població;;171
2022;Castellar de la Ribera;total;homes;població;;68
2022;Castellar de la Ribera;total;dones;població;;67
2022;Castellar de la Ribera;total;total;població;;135
2022;Castellar de n'Hug;total;homes;població;;95
2022;Castellar de n'Hug;total;dones;població;;81
2022;Castellar de n'Hug;total;total;població;;176
2022;Castellar del Riu;total;homes;població;;99
2022;Castellar del Riu;total;dones;població;;76
2022;Castellar del Riu;total;total;població;;175
2022;Castellar del Vallès;total;homes;població;;12344
2022;Castellar del Vallès;total;dones;població;;12589
2022;Castellar del Vallès;total;total;població;;24933
2022;Castellbell i el Vilar;total;homes;població;;2003
2022;Castellbell i el Vilar;total;dones;població;;1886
2022;Castellbell i el Vilar;total;total;població;;3889
2022;Castellbisbal;total;homes;població;;6403
2022;Castellbisbal;total;dones;població;;6332
2022;Castellbisbal;total;total;població;;12735
2022;Castellcir;total;homes;població;;404
2022;Castellcir;total;dones;població;;374
2022;Castellcir;total;total;població;;778
2022;Castelldans;total;homes;població;;474
2022;Castelldans;total;dones;població;;421
2022;Castelldans;total;total;població;;895
2022;Castelldefels;total;homes;població;;32948
2022;Castelldefels;total;dones;població;;34359
2022;Castelldefels;total;total;població;;67307
2022;Castellet i la Gornal;total;homes;població;;1281
2022;Castellet i la Gornal;total;dones;població;;1193
2022;Castellet i la Gornal;total;total;població;;2474
2022;Castellfollit de la Roca;total;homes;població;;476
2022;Castellfollit de la Roca;total;dones;població;;450
2022;Castellfollit de la Roca;total;total;població;;926
2022;Castellfollit de Riubregós;total;homes;població;;87
2022;Castellfollit de Riubregós;total;dones;població;;72
2022;Castellfollit de Riubregós;total;total;població;;159
2022;Castellfollit del Boix;total;homes;població;;232
2022;Castellfollit del Boix;total;dones;població;;228
2022;Castellfollit del Boix;total;total;població;;460
2022;Castellgalí;total;homes;població;;1142
2022;Castellgalí;total;dones;població;;1094
2022;Castellgalí;total;total;població;;2236
2022;Castellnou de Bages;total;homes;població;;761
2022;Castellnou de Bages;total;dones;població;;670
2022;Castellnou de Bages;total;total;població;;1431
2022;Castellnou de Seana;total;homes;població;;375
2022;Castellnou de Seana;total;dones;població;;340
2022;Castellnou de Seana;total;total;població;;715
2022;Castelló d'Empúries;total;homes;població;;5893
2022;Castelló d'Empúries;total;dones;població;;5718
2022;Castelló d'Empúries;total;total;població;;11611
2022;Castelló de Farfanya;total;homes;població;;268
2022;Castelló de Farfanya;total;dones;població;;240
2022;Castelló de Farfanya;total;total;població;;508
2022;Castellolí;total;homes;població;;307
2022;Castellolí;total;dones;població;;329
2022;Castellolí;total;total;població;;636
2022;Castellserà;total;homes;població;;491
2022;Castellserà;total;dones;població;;470
2022;Castellserà;total;total;població;;961
2022;Castellterçol;total;homes;població;;1360
2022;Castellterçol;total;dones;població;;1295
2022;Castellterçol;total;total;població;;2655
2022;Castellvell del Camp;total;homes;població;;1474
2022;Castellvell del Camp;total;dones;població;;1472
2022;Castellvell del Camp;total;total;població;;2946
2022;Castellví de la Marca;total;homes;població;;833
2022;Castellví de la Marca;total;dones;població;;781
2022;Castellví de la Marca;total;total;població;;1614
2022;Castellví de Rosanes;total;homes;població;;1034
2022;Castellví de Rosanes;total;dones;població;;1062
2022;Castellví de Rosanes;total;total;població;;2096
2022;Catllar, el;total;homes;població;;2568
2022;Catllar, el;total;dones;població;;2353
2022;Catllar, el;total;total;població;;4921
2022;Cava;total;homes;població;;34
2022;Cava;total;dones;població;;17
2022;Cava;total;total;població;;51
2022;Cellera de Ter, la;total;homes;població;;964
2022;Cellera de Ter, la;total;dones;població;;1003
2022;Cellera de Ter, la;total;total;població;;1967
2022;Celrà;total;homes;població;;2747
2022;Celrà;total;dones;població;;2756
2022;Celrà;total;total;població;;5503
2022;Centelles;total;homes;població;;3754
2022;Centelles;total;dones;població;;3887
2022;Centelles;total;total;població;;7641
2022;Cercs;total;homes;població;;582
2022;Cercs;total;dones;població;;587
2022;Cercs;total;total;població;;1169
2022;Cerdanyola del Vallès;total;homes;població;;27889
2022;Cerdanyola del Vallès;total;dones;població;;29402
2022;Cerdanyola del Vallès;total;total;població;;57291
2022;Cervelló;total;homes;població;;4697
2022;Cervelló;total;dones;població;;4610
2022;Cervelló;total;total;població;;9307
2022;Cervera;total;homes;població;;4794
2022;Cervera;total;dones;població;;4599
2022;Cervera;total;total;població;;9393
2022;Cervià de les Garrigues;total;homes;població;;345
2022;Cervià de les Garrigues;total;dones;població;;297
2022;Cervià de les Garrigues;total;total;població;;642
2022;Cervià de Ter;total;homes;població;;513
2022;Cervià de Ter;total;dones;població;;486
2022;Cervià de Ter;total;total;població;;999
2022;Cistella;total;homes;població;;149
2022;Cistella;total;dones;població;;158
2022;Cistella;total;total;població;;307
2022;Ciutadilla;total;homes;població;;99
2022;Ciutadilla;total;dones;població;;91
2022;Ciutadilla;total;total;població;;190
2022;Clariana de Cardener;total;homes;població;;86
2022;Clariana de Cardener;total;dones;població;;76
2022;Clariana de Cardener;total;total;població;;162
2022;Cogul, el;total;homes;població;;83
2022;Cogul, el;total;dones;població;;68
2022;Cogul, el;total;total;població;;151
2022;Colera;total;homes;població;;234
2022;Colera;total;dones;població;;234
2022;Colera;total;total;població;;468
2022;Coll de Nargó;total;homes;població;;278
2022;Coll de Nargó;total;dones;població;;270
2022;Coll de Nargó;total;total;població;;548
2022;Collbató;total;homes;població;;2426
2022;Collbató;total;dones;població;;2300
2022;Collbató;total;total;població;;4726
2022;Colldejou;total;homes;població;;97
2022;Colldejou;total;dones;població;;75
2022;Colldejou;total;total;població;;172
2022;Collsuspina;total;homes;població;;199
2022;Collsuspina;total;dones;població;;199
2022;Collsuspina;total;total;població;;398
2022;Colomers;total;homes;població;;98
2022;Colomers;total;dones;població;;106
2022;Colomers;total;total;població;;204
2022;Coma i la Pedra, la;total;homes;població;;161
2022;Coma i la Pedra, la;total;dones;població;;117
2022;Coma i la Pedra, la;total;total;població;;278
2022;Conca de Dalt;total;homes;població;;221
2022;Conca de Dalt;total;dones;població;;206
2022;Conca de Dalt;total;total;població;;427
2022;Conesa;total;homes;població;;53
2022;Conesa;total;dones;població;;56
2022;Conesa;total;total;població;;109
2022;Constantí;total;homes;població;;3427
2022;Constantí;total;dones;població;;3258
2022;Constantí;total;total;població;;6685
2022;Copons;total;homes;població;;167
2022;Copons;total;dones;població;;166
2022;Copons;total;total;població;;333
2022;Corbera d'Ebre;total;homes;població;;530
2022;Corbera d'Ebre;total;dones;població;;463
2022;Corbera d'Ebre;total;total;població;;993
2022;Corbera de Llobregat;total;homes;població;;7650
2022;Corbera de Llobregat;total;dones;població;;7560
2022;Corbera de Llobregat;total;total;població;;15210
2022;Corbins;total;homes;població;;803
2022;Corbins;total;dones;població;;659
2022;Corbins;total;total;població;;1462
2022;Corçà;total;homes;població;;651
2022;Corçà;total;dones;població;;617
2022;Corçà;total;total;població;;1268
2022;Cornellà de Llobregat;total;homes;població;;43139
2022;Cornellà de Llobregat;total;dones;població;;45900
2022;Cornellà de Llobregat;total;total;població;;89039
2022;Cornellà del Terri;total;homes;població;;1208
2022;Cornellà del Terri;total;dones;població;;1199
2022;Cornellà del Terri;total;total;població;;2407
2022;Cornudella de Montsant;total;homes;població;;527
2022;Cornudella de Montsant;total;dones;població;;451
2022;Cornudella de Montsant;total;total;població;;978
2022;Creixell;total;homes;població;;2004
2022;Creixell;total;dones;població;;1977
2022;Creixell;total;total;població;;3981
2022;Crespià;total;homes;població;;143
2022;Crespià;total;dones;població;;133
2022;Crespià;total;total;població;;276
2022;Cruïlles, Monells i Sant Sadurní de l'Heura;total;homes;població;;676
2022;Cruïlles, Monells i Sant Sadurní de l'Heura;total;dones;població;;662
2022;Cruïlles, Monells i Sant Sadurní de l'Heura;total;total;població;;1338
2022;Cubelles;total;homes;població;;8257
2022;Cubelles;total;dones;població;;8129
2022;Cubelles;total;total;població;;16386
2022;Cubells;total;homes;població;;188
2022;Cubells;total;dones;població;;168
2022;Cubells;total;total;població;;356
2022;Cunit;total;homes;població;;7169
2022;Cunit;total;dones;població;;7453
2022;Cunit;total;total;població;;14622
2022;Darnius;total;homes;població;;277
2022;Darnius;total;dones;població;;258
2022;Darnius;total;total;població;;535
2022;Das;total;homes;població;;141
2022;Das;total;dones;població;;126
2022;Das;total;total;població;;267
2022;Deltebre;total;homes;població;;5882
2022;Deltebre;total;dones;població;;5774
2022;Deltebre;total;total;població;;11656
2022;Dosrius;total;homes;població;;2872
2022;Dosrius;total;dones;població;;2838
2022;Dosrius;total;total;població;;5710
2022;Duesaigües;total;homes;població;;128
2022;Duesaigües;total;dones;població;;104
2022;Duesaigües;total;total;població;;232
2022;Escala, l';total;homes;població;;5322
2022;Escala, l';total;dones;població;;5198
2022;Escala, l';total;total;població;;10520
2022;Esparreguera;total;homes;població;;11287
2022;Esparreguera;total;dones;població;;11078
2022;Esparreguera;total;total;població;;22365
2022;Espinelves;total;homes;població;;125
2022;Espinelves;total;dones;població;;123
2022;Espinelves;total;total;població;;248
2022;Espluga Calba, l';total;homes;població;;169
2022;Espluga Calba, l';total;dones;població;;162
2022;Espluga Calba, l';total;total;població;;331
2022;Espluga de Francolí, l';total;homes;població;;1807
2022;Espluga de Francolí, l';total;dones;població;;1891
2022;Espluga de Francolí, l';total;total;població;;3698
2022;Esplugues de Llobregat;total;homes;població;;22106
2022;Esplugues de Llobregat;total;dones;població;;24308
2022;Esplugues de Llobregat;total;total;població;;46414
2022;Espolla;total;homes;població;;207
2022;Espolla;total;dones;població;;201
2022;Espolla;total;total;població;;408
2022;Esponellà;total;homes;població;;256
2022;Esponellà;total;dones;població;;233
2022;Esponellà;total;total;població;;489
2022;Espot;total;homes;població;;204
2022;Espot;total;dones;població;;173
2022;Espot;total;total;població;;377
2022;Espunyola, l';total;homes;població;;132
2022;Espunyola, l';total;dones;població;;133
2022;Espunyola, l';total;total;població;;265
2022;Esquirol, l';total;homes;població;;1117
2022;Esquirol, l';total;dones;població;;1128
2022;Esquirol, l';total;total;població;;2245
2022;Estamariu;total;homes;població;;74
2022;Estamariu;total;dones;població;;54
2022;Estamariu;total;total;població;;128
2022;Estany, l';total;homes;població;;213
2022;Estany, l';total;dones;població;;178
2022;Estany, l';total;total;població;;391
2022;Estaràs;total;homes;població;;86
2022;Estaràs;total;dones;població;;83
2022;Estaràs;total;total;població;;169
2022;Esterri d'Àneu;total;homes;població;;417
2022;Esterri d'Àneu;total;dones;població;;424
2022;Esterri d'Àneu;total;total;població;;841
2022;Esterri de Cardós;total;homes;població;;30
2022;Esterri de Cardós;total;dones;població;;32
2022;Esterri de Cardós;total;total;població;;62
2022;Falset;total;homes;població;;1380
2022;Falset;total;dones;població;;1360
2022;Falset;total;total;població;;2740
2022;Far d'Empordà, el;total;homes;població;;320
2022;Far d'Empordà, el;total;dones;població;;305
2022;Far d'Empordà, el;total;total;població;;625
2022;Farrera;total;homes;població;;67
2022;Farrera;total;dones;població;;54
2022;Farrera;total;total;població;;121
2022;Fatarella, la;total;homes;població;;440
2022;Fatarella, la;total;dones;població;;451
2022;Fatarella, la;total;total;població;;891
2022;Febró, la;total;homes;població;;24
2022;Febró, la;total;dones;població;;15
2022;Febró, la;total;total;població;;39
2022;Figaró-Montmany;total;homes;població;;537
2022;Figaró-Montmany;total;dones;població;;571
2022;Figaró-Montmany;total;total;població;;1108
2022;Fígols;total;homes;població;;28
2022;Fígols;total;dones;població;;17
2022;Fígols;total;total;població;;45
2022;Fígols i Alinyà;total;homes;població;;148
2022;Fígols i Alinyà;total;dones;població;;118
2022;Fígols i Alinyà;total;total;població;;266
2022;Figuera, la;total;homes;població;;71
2022;Figuera, la;total;dones;població;;52
2022;Figuera, la;total;total;població;;123
2022;Figueres;total;homes;població;;23198
2022;Figueres;total;dones;població;;23890
2022;Figueres;total;total;població;;47088
2022;Figuerola del Camp;total;homes;població;;168
2022;Figuerola del Camp;total;dones;població;;164
2022;Figuerola del Camp;total;total;població;;332
2022;Flaçà;total;homes;població;;550
2022;Flaçà;total;dones;població;;580
2022;Flaçà;total;total;població;;1130
2022;Flix;total;homes;població;;1722
2022;Flix;total;dones;població;;1704
2022;Flix;total;total;població;;3426
2022;Floresta, la;total;homes;població;;88
2022;Floresta, la;total;dones;població;;66
2022;Floresta, la;total;total;població;;154
2022;Fogars de la Selva;total;homes;població;;809
2022;Fogars de la Selva;total;dones;població;;755
2022;Fogars de la Selva;total;total;població;;1564
2022;Fogars de Montclús;total;homes;població;;265
2022;Fogars de Montclús;total;dones;població;;228
2022;Fogars de Montclús;total;total;població;;493
2022;Foixà;total;homes;població;;148
2022;Foixà;total;dones;població;;140
2022;Foixà;total;total;població;;288
2022;Folgueroles;total;homes;població;;1135
2022;Folgueroles;total;dones;població;;1119
2022;Folgueroles;total;total;població;;2254
2022;Fondarella;total;homes;població;;387
2022;Fondarella;total;dones;població;;391
2022;Fondarella;total;total;població;;778
2022;Fonollosa;total;homes;població;;781
2022;Fonollosa;total;dones;població;;765
2022;Fonollosa;total;total;població;;1546
2022;Fontanals de Cerdanya;total;homes;població;;275
2022;Fontanals de Cerdanya;total;dones;població;;258
2022;Fontanals de Cerdanya;total;total;població;;533
2022;Fontanilles;total;homes;població;;93
2022;Fontanilles;total;dones;població;;70
2022;Fontanilles;total;total;població;;163
2022;Fontcoberta;total;homes;població;;732
2022;Fontcoberta;total;dones;població;;734
2022;Fontcoberta;total;total;població;;1466
2022;Font-rubí;total;homes;població;;768
2022;Font-rubí;total;dones;població;;678
2022;Font-rubí;total;total;població;;1446
2022;Foradada;total;homes;població;;110
2022;Foradada;total;dones;població;;81
2022;Foradada;total;total;població;;191
2022;Forallac;total;homes;població;;853
2022;Forallac;total;dones;població;;912
2022;Forallac;total;total;població;;1765
2022;Forès;total;homes;població;;28
2022;Forès;total;dones;població;;20
2022;Forès;total;total;població;;48
2022;Fornells de la Selva;total;homes;població;;1339
2022;Fornells de la Selva;total;dones;població;;1354
2022;Fornells de la Selva;total;total;població;;2693
2022;Fortià;total;homes;població;;389
2022;Fortià;total;dones;població;;389
2022;Fortià;total;total;població;;778
2022;Franqueses del Vallès, les;total;homes;població;;10248
2022;Franqueses del Vallès, les;total;dones;població;;10074
2022;Franqueses del Vallès, les;total;total;població;;20322
2022;Freginals;total;homes;població;;213
2022;Freginals;total;dones;població;;175
2022;Freginals;total;total;població;;388
2022;Fuliola, la;total;homes;població;;630
2022;Fuliola, la;total;dones;població;;608
2022;Fuliola, la;total;total;població;;1238
2022;Fulleda;total;homes;població;;48
2022;Fulleda;total;dones;població;;50
2022;Fulleda;total;total;població;;98
2022;Gaià;total;homes;població;;94
2022;Gaià;total;dones;població;;85
2022;Gaià;total;total;població;;179
2022;Galera, la;total;homes;població;;361
2022;Galera, la;total;dones;població;;339
2022;Galera, la;total;total;població;;700
2022;Gallifa;total;homes;població;;96
2022;Gallifa;total;dones;població;;90
2022;Gallifa;total;total;població;;186
2022;Gandesa;total;homes;població;;1577
2022;Gandesa;total;dones;població;;1523
2022;Gandesa;total;total;població;;3100
2022;Garcia;total;homes;població;;263
2022;Garcia;total;dones;població;;264
2022;Garcia;total;total;població;;527
2022;Garidells, els;total;homes;població;;98
2022;Garidells, els;total;dones;població;;98
2022;Garidells, els;total;total;població;;196
2022;Garriga, la;total;homes;població;;8095
2022;Garriga, la;total;dones;població;;8693
2022;Garriga, la;total;total;població;;16788
2022;Garrigàs;total;homes;població;;238
2022;Garrigàs;total;dones;població;;220
2022;Garrigàs;total;total;població;;458
2022;Garrigoles;total;homes;població;;96
2022;Garrigoles;total;dones;població;;81
2022;Garrigoles;total;total;població;;177
2022;Garriguella;total;homes;població;;465
2022;Garriguella;total;dones;població;;457
2022;Garriguella;total;total;població;;922
2022;Gavà;total;homes;població;;22982
2022;Gavà;total;dones;població;;23992
2022;Gavà;total;total;població;;46974
2022;Gavet de la Conca;total;homes;població;;132
2022;Gavet de la Conca;total;dones;població;;129
2022;Gavet de la Conca;total;total;població;;261
2022;Gelida;total;homes;població;;3921
2022;Gelida;total;dones;població;;3893
2022;Gelida;total;total;població;;7814
2022;Ger;total;homes;població;;273
2022;Ger;total;dones;població;;239
2022;Ger;total;total;població;;512
2022;Gimenells i el Pla de la Font;total;homes;població;;594
2022;Gimenells i el Pla de la Font;total;dones;població;;515
2022;Gimenells i el Pla de la Font;total;total;població;;1109
2022;Ginestar;total;homes;població;;423
2022;Ginestar;total;dones;població;;367
2022;Ginestar;total;total;població;;790
2022;Girona;total;homes;població;;49352
2022;Girona;total;dones;població;;53314
2022;Girona;total;total;població;;102666
2022;Gironella;total;homes;població;;2453
2022;Gironella;total;dones;població;;2487
2022;Gironella;total;total;població;;4940
2022;Gisclareny;total;homes;població;;18
2022;Gisclareny;total;dones;població;;10
2022;Gisclareny;total;total;població;;28
2022;Godall;total;homes;població;;297
2022;Godall;total;dones;població;;312
2022;Godall;total;total;població;;609
2022;Golmés;total;homes;població;;958
2022;Golmés;total;dones;població;;935
2022;Golmés;total;total;població;;1893
2022;Gombrèn;total;homes;població;;98
2022;Gombrèn;total;dones;població;;102
2022;Gombrèn;total;total;població;;200
2022;Gósol;total;homes;població;;129
2022;Gósol;total;dones;població;;104
2022;Gósol;total;total;població;;233
2022;Granada, la;total;homes;població;;1104
2022;Granada, la;total;dones;població;;1103
2022;Granada, la;total;total;població;;2207
2022;Granadella, la;total;homes;població;;397
2022;Granadella, la;total;dones;població;;327
2022;Granadella, la;total;total;població;;724
2022;Granera;total;homes;població;;51
2022;Granera;total;dones;població;;29
2022;Granera;total;total;població;;80
2022;Granja d'Escarp, la;total;homes;població;;520
2022;Granja d'Escarp, la;total;dones;població;;403
2022;Granja d'Escarp, la;total;total;població;;923
2022;Granollers;total;homes;població;;30569
2022;Granollers;total;dones;població;;31414
2022;Granollers;total;total;població;;61983
2022;Granyanella;total;homes;població;;79
2022;Granyanella;total;dones;població;;57
2022;Granyanella;total;total;població;;136
2022;Granyena de les Garrigues;total;homes;població;;88
2022;Granyena de les Garrigues;total;dones;població;;59
2022;Granyena de les Garrigues;total;total;població;;147
2022;Granyena de Segarra;total;homes;població;;82
2022;Granyena de Segarra;total;dones;població;;75
2022;Granyena de Segarra;total;total;població;;157
2022;Gratallops;total;homes;població;;130
2022;Gratallops;total;dones;població;;106
2022;Gratallops;total;total;població;;236
2022;Gualba;total;homes;població;;816
2022;Gualba;total;dones;població;;794
2022;Gualba;total;total;població;;1610
2022;Gualta;total;homes;població;;254
2022;Gualta;total;dones;població;;185
2022;Gualta;total;total;població;;439
2022;Guardiola de Berguedà;total;homes;població;;481
2022;Guardiola de Berguedà;total;dones;població;;437
2022;Guardiola de Berguedà;total;total;població;;918
2022;Guiamets, els;total;homes;població;;140
2022;Guiamets, els;total;dones;població;;139
2022;Guiamets, els;total;total;població;;279
2022;Guils de Cerdanya;total;homes;població;;303
2022;Guils de Cerdanya;total;dones;població;;270
2022;Guils de Cerdanya;total;total;població;;573
2022;Guimerà;total;homes;població;;139
2022;Guimerà;total;dones;població;;122
2022;Guimerà;total;total;població;;261
2022;Guingueta d'Àneu, la;total;homes;població;;163
2022;Guingueta d'Àneu, la;total;dones;població;;135
2022;Guingueta d'Àneu, la;total;total;població;;298
2022;Guissona;total;homes;població;;3966
2022;Guissona;total;dones;població;;3424
2022;Guissona;total;total;població;;7390
2022;Guixers;total;homes;població;;81
2022;Guixers;total;dones;població;;51
2022;Guixers;total;total;població;;132
2022;Gurb;total;homes;població;;1392
2022;Gurb;total;dones;població;;1310
2022;Gurb;total;total;població;;2702
2022;Horta de Sant Joan;total;homes;població;;595
2022;Horta de Sant Joan;total;dones;població;;559
2022;Horta de Sant Joan;total;total;població;;1154
2022;Hospitalet de Llobregat, l';total;homes;població;;128539
2022;Hospitalet de Llobregat, l';total;dones;població;;136905
2022;Hospitalet de Llobregat, l';total;total;població;;265444
2022;Hostalets de Pierola, els;total;homes;població;;1593
2022;Hostalets de Pierola, els;total;dones;població;;1534
2022;Hostalets de Pierola, els;total;total;població;;3127
2022;Hostalric;total;homes;població;;2201
2022;Hostalric;total;dones;població;;2169
2022;Hostalric;total;total;població;;4370
2022;Igualada;total;homes;població;;20027
2022;Igualada;total;dones;població;;20740
2022;Igualada;total;total;població;;40767
2022;Isona i Conca Dellà;total;homes;població;;578
2022;Isona i Conca Dellà;total;dones;població;;479
2022;Isona i Conca Dellà;total;total;població;;1057
2022;Isòvol;total;homes;població;;182
2022;Isòvol;total;dones;població;;136
2022;Isòvol;total;total;població;;318
2022;Ivars d'Urgell;total;homes;població;;834
2022;Ivars d'Urgell;total;dones;població;;726
2022;Ivars d'Urgell;total;total;població;;1560
2022;Ivars de Noguera;total;homes;població;;176
2022;Ivars de Noguera;total;dones;població;;151
2022;Ivars de Noguera;total;total;població;;327
2022;Ivorra;total;homes;població;;55
2022;Ivorra;total;dones;població;;45
2022;Ivorra;total;total;població;;100
2022;Jafre;total;homes;població;;201
2022;Jafre;total;dones;població;;185
2022;Jafre;total;total;població;;386
2022;Jonquera, la;total;homes;població;;1669
2022;Jonquera, la;total;dones;població;;1648
2022;Jonquera, la;total;total;població;;3317
2022;Jorba;total;homes;població;;415
2022;Jorba;total;dones;població;;391
2022;Jorba;total;total;població;;806
2022;Josa i Tuixén;total;homes;població;;63
2022;Josa i Tuixén;total;dones;població;;42
2022;Josa i Tuixén;total;total;població;;105
2022;Juià;total;homes;població;;179
2022;Juià;total;dones;població;;155
2022;Juià;total;total;població;;334
2022;Juncosa;total;homes;població;;208
2022;Juncosa;total;dones;població;;193
2022;Juncosa;total;total;població;;401
2022;Juneda;total;homes;població;;1902
2022;Juneda;total;dones;població;;1656
2022;Juneda;total;total;població;;3558
2022;Les;total;homes;població;;488
2022;Les;total;dones;població;;482
2022;Les;total;total;població;;970
2022;Linyola;total;homes;població;;1377
2022;Linyola;total;dones;població;;1346
2022;Linyola;total;total;població;;2723
2022;Llacuna, la;total;homes;població;;497
2022;Llacuna, la;total;dones;població;;445
2022;Llacuna, la;total;total;població;;942
2022;Lladó;total;homes;població;;412
2022;Lladó;total;dones;població;;415
2022;Lladó;total;total;població;;827
2022;Lladorre;total;homes;població;;133
2022;Lladorre;total;dones;població;;121
2022;Lladorre;total;total;població;;254
2022;Lladurs;total;homes;població;;104
2022;Lladurs;total;dones;població;;86
2022;Lladurs;total;total;població;;190
2022;Llagosta, la;total;homes;població;;6451
2022;Llagosta, la;total;dones;població;;6704
2022;Llagosta, la;total;total;població;;13155
2022;Llagostera;total;homes;població;;4543
2022;Llagostera;total;dones;població;;4481
2022;Llagostera;total;total;població;;9024
2022;Llambilles;total;homes;població;;375
2022;Llambilles;total;dones;població;;356
2022;Llambilles;total;total;població;;731
2022;Llanars;total;homes;població;;269
2022;Llanars;total;dones;població;;264
2022;Llanars;total;total;població;;533
2022;Llançà;total;homes;població;;2408
2022;Llançà;total;dones;població;;2497
2022;Llançà;total;total;població;;4905
2022;Llardecans;total;homes;població;;225
2022;Llardecans;total;dones;població;;196
2022;Llardecans;total;total;població;;421
2022;Llavorsí;total;homes;població;;171
2022;Llavorsí;total;dones;població;;172
2022;Llavorsí;total;total;població;;343
2022;Lleida;total;homes;població;;69874
2022;Lleida;total;dones;població;;70923
2022;Lleida;total;total;població;;140797
2022;Llers;total;homes;població;;626
2022;Llers;total;dones;població;;619
2022;Llers;total;total;població;;1245
2022;Lles de Cerdanya;total;homes;població;;166
2022;Lles de Cerdanya;total;dones;població;;120
2022;Lles de Cerdanya;total;total;població;;286
2022;Lliçà d'Amunt;total;homes;població;;8046
2022;Lliçà d'Amunt;total;dones;població;;7755
2022;Lliçà d'Amunt;total;total;població;;15801
2022;Lliçà de Vall;total;homes;població;;3443
2022;Lliçà de Vall;total;dones;població;;3317
2022;Lliçà de Vall;total;total;població;;6760
2022;Llimiana;total;homes;població;;83
2022;Llimiana;total;dones;població;;63
2022;Llimiana;total;total;població;;146
2022;Llinars del Vallès;total;homes;població;;5056
2022;Llinars del Vallès;total;dones;població;;5149
2022;Llinars del Vallès;total;total;població;;10205
2022;Llívia;total;homes;població;;799
2022;Llívia;total;dones;població;;696
2022;Llívia;total;total;població;;1495
2022;Lloar, el;total;homes;població;;53
2022;Lloar, el;total;dones;població;;51
2022;Lloar, el;total;total;població;;104
2022;Llobera;total;homes;població;;115
2022;Llobera;total;dones;població;;87
2022;Llobera;total;total;població;;202
2022;Llorac;total;homes;població;;52
2022;Llorac;total;dones;població;;44
2022;Llorac;total;total;població;;96
2022;Llorenç del Penedès;total;homes;població;;1177
2022;Llorenç del Penedès;total;dones;població;;1216
2022;Llorenç del Penedès;total;total;població;;2393
2022;Lloret de Mar;total;homes;població;;19790
2022;Lloret de Mar;total;dones;població;;19151
2022;Lloret de Mar;total;total;població;;38941
2022;Llosses, les;total;homes;població;;119
2022;Llosses, les;total;dones;població;;86
2022;Llosses, les;total;total;població;;205
2022;Lluçà;total;homes;població;;137
2022;Lluçà;total;dones;població;;142
2022;Lluçà;total;total;població;;279
2022;Maçanet de Cabrenys;total;homes;població;;362
2022;Maçanet de Cabrenys;total;dones;població;;362
2022;Maçanet de Cabrenys;total;total;població;;724
2022;Maçanet de la Selva;total;homes;població;;3915
2022;Maçanet de la Selva;total;dones;població;;3657
2022;Maçanet de la Selva;total;total;població;;7572
2022;Madremanya;total;homes;població;;148
2022;Madremanya;total;dones;població;;154
2022;Madremanya;total;total;població;;302
2022;Maià de Montcal;total;homes;població;;255
2022;Maià de Montcal;total;dones;població;;207
2022;Maià de Montcal;total;total;població;;462
2022;Maials;total;homes;població;;506
2022;Maials;total;dones;població;;405
2022;Maials;total;total;població;;911
2022;Maldà;total;homes;població;;117
2022;Maldà;total;dones;població;;117
2022;Maldà;total;total;població;;234
2022;Malgrat de Mar;total;homes;població;;9455
2022;Malgrat de Mar;total;dones;població;;9638
2022;Malgrat de Mar;total;total;població;;19093
2022;Malla;total;homes;població;;137
2022;Malla;total;dones;població;;135
2022;Malla;total;total;població;;272
2022;Manlleu;total;homes;població;;10478
2022;Manlleu;total;dones;població;;10405
2022;Manlleu;total;total;població;;20883
2022;Manresa;total;homes;població;;37964
2022;Manresa;total;dones;població;;39488
2022;Manresa;total;total;població;;77452
2022;Marçà;total;homes;població;;314
2022;Marçà;total;dones;població;;279
2022;Marçà;total;total;població;;593
2022;Margalef;total;homes;població;;65
2022;Margalef;total;dones;població;;42
2022;Margalef;total;total;població;;107
2022;Marganell;total;homes;població;;143
2022;Marganell;total;dones;població;;139
2022;Marganell;total;total;població;;282
2022;Martorell;total;homes;població;;14637
2022;Martorell;total;dones;població;;14047
2022;Martorell;total;total;població;;28684
2022;Martorelles;total;homes;població;;2454
2022;Martorelles;total;dones;població;;2405
2022;Martorelles;total;total;població;;4859
2022;Mas de Barberans;total;homes;població;;274
2022;Mas de Barberans;total;dones;població;;282
2022;Mas de Barberans;total;total;població;;556
2022;Masarac i Vilarnadal;total;homes;població;;155
2022;Masarac i Vilarnadal;total;dones;població;;139
2022;Masarac i Vilarnadal;total;total;població;;294
2022;Masdenverge;total;homes;població;;587
2022;Masdenverge;total;dones;població;;542
2022;Masdenverge;total;total;població;;1129
2022;Masies de Roda, les;total;homes;població;;371
2022;Masies de Roda, les;total;dones;població;;362
2022;Masies de Roda, les;total;total;població;;733
2022;Masies de Voltregà, les;total;homes;població;;1551
2022;Masies de Voltregà, les;total;dones;població;;1582
2022;Masies de Voltregà, les;total;total;població;;3133
2022;Masllorenç;total;homes;població;;299
2022;Masllorenç;total;dones;població;;248
2022;Masllorenç;total;total;població;;547
2022;Masnou, el;total;homes;població;;11464
2022;Masnou, el;total;dones;població;;12365
2022;Masnou, el;total;total;població;;23829
2022;Masó, la;total;homes;població;;149
2022;Masó, la;total;dones;població;;136
2022;Masó, la;total;total;població;;285
2022;Maspujols;total;homes;població;;443
2022;Maspujols;total;dones;població;;416
2022;Maspujols;total;total;població;;859
2022;Masquefa;total;homes;població;;4966
2022;Masquefa;total;dones;població;;4778
2022;Masquefa;total;total;població;;9744
2022;Masroig, el;total;homes;població;;263
2022;Masroig, el;total;dones;població;;216
2022;Masroig, el;total;total;població;;479
2022;Massalcoreig;total;homes;població;;332
2022;Massalcoreig;total;dones;població;;257
2022;Massalcoreig;total;total;població;;589
2022;Massanes;total;homes;població;;438
2022;Massanes;total;dones;població;;387
2022;Massanes;total;total;població;;825
2022;Massoteres;total;homes;població;;122
2022;Massoteres;total;dones;població;;98
2022;Massoteres;total;total;població;;220
2022;Matadepera;total;homes;població;;4871
2022;Matadepera;total;dones;població;;4881
2022;Matadepera;total;total;població;;9752
2022;Mataró;total;homes;població;;63951
2022;Mataró;total;dones;població;;65005
2022;Mataró;total;total;població;;128956
2022;Mediona;total;homes;població;;1292
2022;Mediona;total;dones;població;;1225
2022;Mediona;total;total;població;;2517
2022;Menàrguens;total;homes;població;;414
2022;Menàrguens;total;dones;població;;360
2022;Menàrguens;total;total;població;;774
2022;Meranges;total;homes;població;;61
2022;Meranges;total;dones;població;;50
2022;Meranges;total;total;població;;111
2022;Mieres;total;homes;població;;174
2022;Mieres;total;dones;població;;167
2022;Mieres;total;total;població;;341
2022;Milà, el;total;homes;població;;89
2022;Milà, el;total;dones;població;;100
2022;Milà, el;total;total;població;;189
2022;Miralcamp;total;homes;població;;703
2022;Miralcamp;total;dones;població;;661
2022;Miralcamp;total;total;població;;1364
2022;Miravet;total;homes;població;;357
2022;Miravet;total;dones;població;;325
2022;Miravet;total;total;població;;682
2022;Moià;total;homes;població;;3374
2022;Moià;total;dones;població;;3174
2022;Moià;total;total;població;;6548
2022;Molar, el;total;homes;població;;153
2022;Molar, el;total;dones;població;;143
2022;Molar, el;total;total;població;;296
2022;Molins de Rei;total;homes;població;;12806
2022;Molins de Rei;total;dones;població;;13436
2022;Molins de Rei;total;total;població;;26242
2022;Mollerussa;total;homes;població;;7592
2022;Mollerussa;total;dones;població;;7138
2022;Mollerussa;total;total;població;;14730
2022;Mollet de Peralada;total;homes;població;;104
2022;Mollet de Peralada;total;dones;població;;98
2022;Mollet de Peralada;total;total;població;;202
2022;Mollet del Vallès;total;homes;població;;25268
2022;Mollet del Vallès;total;dones;població;;26026
2022;Mollet del Vallès;total;total;població;;51294
2022;Molló;total;homes;població;;173
2022;Molló;total;dones;població;;192
2022;Molló;total;total;població;;365
2022;Molsosa, la;total;homes;població;;49
2022;Molsosa, la;total;dones;població;;50
2022;Molsosa, la;total;total;població;;99
2022;Monistrol de Calders;total;homes;població;;397
2022;Monistrol de Calders;total;dones;població;;345
2022;Monistrol de Calders;total;total;població;;742
2022;Monistrol de Montserrat;total;homes;població;;1625
2022;Monistrol de Montserrat;total;dones;població;;1541
2022;Monistrol de Montserrat;total;total;població;;3166
2022;Montagut i Oix;total;homes;població;;509
2022;Montagut i Oix;total;dones;població;;449
2022;Montagut i Oix;total;total;població;;958
2022;Montblanc;total;homes;població;;3774
2022;Montblanc;total;dones;població;;3636
2022;Montblanc;total;total;població;;7410
2022;Montbrió del Camp;total;homes;població;;1588
2022;Montbrió del Camp;total;dones;població;;1485
2022;Montbrió del Camp;total;total;població;;3073
2022;Montcada i Reixac;total;homes;població;;18069
2022;Montcada i Reixac;total;dones;població;;18597
2022;Montcada i Reixac;total;total;població;;36666
2022;Montclar;total;homes;població;;69
2022;Montclar;total;dones;població;;67
2022;Montclar;total;total;població;;136
2022;Montellà i Martinet;total;homes;població;;329
2022;Montellà i Martinet;total;dones;població;;286
2022;Montellà i Martinet;total;total;població;;615
2022;Montesquiu;total;homes;població;;526
2022;Montesquiu;total;dones;població;;533
2022;Montesquiu;total;total;població;;1059
2022;Montferrer i Castellbò;total;homes;població;;587
2022;Montferrer i Castellbò;total;dones;població;;496
2022;Montferrer i Castellbò;total;total;població;;1083
2022;Montferri;total;homes;població;;227
2022;Montferri;total;dones;població;;192
2022;Montferri;total;total;població;;419
2022;Montgai;total;homes;població;;339
2022;Montgai;total;dones;població;;308
2022;Montgai;total;total;població;;647
2022;Montgat;total;homes;població;;6058
2022;Montgat;total;dones;població;;6219
2022;Montgat;total;total;població;;12277
2022;Montmajor;total;homes;població;;243
2022;Montmajor;total;dones;població;;241
2022;Montmajor;total;total;població;;484
2022;Montmaneu;total;homes;població;;91
2022;Montmaneu;total;dones;població;;75
2022;Montmaneu;total;total;població;;166
2022;Montmell, el;total;homes;població;;997
2022;Montmell, el;total;dones;població;;866
2022;Montmell, el;total;total;població;;1863
2022;Montmeló;total;homes;població;;4304
2022;Montmeló;total;dones;població;;4489
2022;Montmeló;total;total;població;;8793
2022;Montoliu de Lleida;total;homes;població;;257
2022;Montoliu de Lleida;total;dones;població;;237
2022;Montoliu de Lleida;total;total;població;;494
2022;Montoliu de Segarra;total;homes;població;;99
2022;Montoliu de Segarra;total;dones;població;;81
2022;Montoliu de Segarra;total;total;població;;180
2022;Montornès de Segarra;total;homes;població;;43
2022;Montornès de Segarra;total;dones;població;;49
2022;Montornès de Segarra;total;total;població;;92
2022;Montornès del Vallès;total;homes;població;;8423
2022;Montornès del Vallès;total;dones;població;;8284
2022;Montornès del Vallès;total;total;població;;16707
2022;Mont-ral;total;homes;població;;97
2022;Mont-ral;total;dones;població;;76
2022;Mont-ral;total;total;població;;173
2022;Mont-ras;total;homes;població;;848
2022;Mont-ras;total;dones;població;;828
2022;Mont-ras;total;total;població;;1676
2022;Mont-roig del Camp;total;homes;població;;6734
2022;Mont-roig del Camp;total;dones;població;;6367
2022;Mont-roig del Camp;total;total;població;;13101
2022;Montseny;total;homes;població;;188
2022;Montseny;total;dones;població;;182
2022;Montseny;total;total;població;;370
2022;Móra d'Ebre;total;homes;població;;2806
2022;Móra d'Ebre;total;dones;població;;2779
2022;Móra d'Ebre;total;total;població;;5585
2022;Móra la Nova;total;homes;població;;1598
2022;Móra la Nova;total;dones;població;;1600
2022;Móra la Nova;total;total;població;;3198
2022;Morell, el;total;homes;població;;1956
2022;Morell, el;total;dones;població;;1847
2022;Morell, el;total;total;població;;3803
2022;Morera de Montsant, la;total;homes;població;;87
2022;Morera de Montsant, la;total;dones;població;;73
2022;Morera de Montsant, la;total;total;població;;160
2022;Muntanyola;total;homes;població;;368
2022;Muntanyola;total;dones;població;;332
2022;Muntanyola;total;total;població;;700
2022;Mura;total;homes;població;;119
2022;Mura;total;dones;població;;113
2022;Mura;total;total;població;;232
2022;Nalec;total;homes;població;;53
2022;Nalec;total;dones;població;;42
2022;Nalec;total;total;població;;95
2022;Naut Aran;total;homes;població;;1011
2022;Naut Aran;total;dones;població;;912
2022;Naut Aran;total;total;població;;1923
2022;Navarcles;total;homes;població;;2955
2022;Navarcles;total;dones;població;;3112
2022;Navarcles;total;total;població;;6067
2022;Navàs;total;homes;població;;2965
2022;Navàs;total;dones;població;;3053
2022;Navàs;total;total;població;;6018
2022;Navata;total;homes;població;;718
2022;Navata;total;dones;població;;747
2022;Navata;total;total;població;;1465
2022;Navès;total;homes;població;;155
2022;Navès;total;dones;població;;150
2022;Navès;total;total;població;;305
2022;Nou de Berguedà, la;total;homes;població;;93
2022;Nou de Berguedà, la;total;dones;població;;86
2022;Nou de Berguedà, la;total;total;població;;179
2022;Nou de Gaià, la;total;homes;població;;315
2022;Nou de Gaià, la;total;dones;població;;321
2022;Nou de Gaià, la;total;total;població;;636
2022;Nulles;total;homes;població;;288
2022;Nulles;total;dones;població;;253
2022;Nulles;total;total;població;;541
2022;Odèn;total;homes;població;;148
2022;Odèn;total;dones;població;;104
2022;Odèn;total;total;població;;252
2022;Òdena;total;homes;població;;1920
2022;Òdena;total;dones;població;;1808
2022;Òdena;total;total;població;;3728
2022;Ogassa;total;homes;població;;123
2022;Ogassa;total;dones;població;;99
2022;Ogassa;total;total;població;;222
2022;Olèrdola;total;homes;població;;2030
2022;Olèrdola;total;dones;població;;1854
2022;Olèrdola;total;total;població;;3884
2022;Olesa de Bonesvalls;total;homes;població;;1052
2022;Olesa de Bonesvalls;total;dones;població;;964
2022;Olesa de Bonesvalls;total;total;població;;2016
2022;Olesa de Montserrat;total;homes;població;;12129
2022;Olesa de Montserrat;total;dones;població;;12143
2022;Olesa de Montserrat;total;total;població;;24272
2022;Oliana;total;homes;població;;929
2022;Oliana;total;dones;població;;920
2022;Oliana;total;total;població;;1849
2022;Oliola;total;homes;població;;105
2022;Oliola;total;dones;població;;91
2022;Oliola;total;total;població;;196
2022;Olius;total;homes;població;;518
2022;Olius;total;dones;població;;467
2022;Olius;total;total;població;;985
2022;Olivella;total;homes;població;;2238
2022;Olivella;total;dones;població;;2101
2022;Olivella;total;total;població;;4339
2022;Olost;total;homes;població;;597
2022;Olost;total;dones;població;;609
2022;Olost;total;total;població;;1206
2022;Olot;total;homes;població;;18588
2022;Olot;total;dones;població;;18128
2022;Olot;total;total;població;;36716
2022;Oluges, les;total;homes;població;;90
2022;Oluges, les;total;dones;població;;76
2022;Oluges, les;total;total;població;;166
2022;Olvan;total;homes;població;;436
2022;Olvan;total;dones;població;;440
2022;Olvan;total;total;població;;876
2022;Omellons, els;total;homes;població;;104
2022;Omellons, els;total;dones;població;;94
2022;Omellons, els;total;total;població;;198
2022;Omells de na Gaia, els;total;homes;població;;69
2022;Omells de na Gaia, els;total;dones;població;;58
2022;Omells de na Gaia, els;total;total;població;;127
2022;Ordis;total;homes;població;;199
2022;Ordis;total;dones;població;;174
2022;Ordis;total;total;població;;373
2022;Organyà;total;homes;població;;403
2022;Organyà;total;dones;població;;393
2022;Organyà;total;total;població;;796
2022;Orís;total;homes;població;;179
2022;Orís;total;dones;població;;168
2022;Orís;total;total;població;;347
2022;Oristà;total;homes;població;;295
2022;Oristà;total;dones;població;;278
2022;Oristà;total;total;població;;573
2022;Orpí;total;homes;població;;82
2022;Orpí;total;dones;població;;77
2022;Orpí;total;total;població;;159
2022;Òrrius;total;homes;població;;399
2022;Òrrius;total;dones;població;;394
2022;Òrrius;total;total;població;;793
2022;Os de Balaguer;total;homes;població;;531
2022;Os de Balaguer;total;dones;població;;515
2022;Os de Balaguer;total;total;població;;1046
2022;Osor;total;homes;població;;230
2022;Osor;total;dones;població;;193
2022;Osor;total;total;població;;423
2022;Ossó de Sió;total;homes;població;;94
2022;Ossó de Sió;total;dones;població;;99
2022;Ossó de Sió;total;total;població;;193
2022;Pacs del Penedès;total;homes;població;;467
2022;Pacs del Penedès;total;dones;població;;468
2022;Pacs del Penedès;total;total;població;;935
2022;Palafolls;total;homes;població;;4845
2022;Palafolls;total;dones;població;;4816
2022;Palafolls;total;total;població;;9661
2022;Palafrugell;total;homes;població;;11670
2022;Palafrugell;total;dones;població;;11726
2022;Palafrugell;total;total;població;;23396
2022;Palamós;total;homes;població;;8853
2022;Palamós;total;dones;població;;9292
2022;Palamós;total;total;població;;18145
2022;Palau d'Anglesola, el;total;homes;població;;1088
2022;Palau d'Anglesola, el;total;dones;població;;1103
2022;Palau d'Anglesola, el;total;total;població;;2191
2022;Palau de Santa Eulàlia;total;homes;població;;65
2022;Palau de Santa Eulàlia;total;dones;població;;50
2022;Palau de Santa Eulàlia;total;total;població;;115
2022;Palau-sator;total;homes;població;;179
2022;Palau-sator;total;dones;població;;148
2022;Palau-sator;total;total;població;;327
2022;Palau-saverdera;total;homes;població;;743
2022;Palau-saverdera;total;dones;població;;729
2022;Palau-saverdera;total;total;població;;1472
2022;Palau-solità i Plegamans;total;homes;població;;7291
2022;Palau-solità i Plegamans;total;dones;població;;7620
2022;Palau-solità i Plegamans;total;total;població;;14911
2022;Pallaresos, els;total;homes;població;;2477
2022;Pallaresos, els;total;dones;població;;2453
2022;Pallaresos, els;total;total;població;;4930
2022;Pallejà;total;homes;població;;5760
2022;Pallejà;total;dones;població;;5833
2022;Pallejà;total;total;població;;11593
2022;Palma d'Ebre, la;total;homes;població;;173
2022;Palma d'Ebre, la;total;dones;població;;168
2022;Palma d'Ebre, la;total;total;població;;341
2022;Palma de Cervelló, la;total;homes;població;;1494
2022;Palma de Cervelló, la;total;dones;població;;1532
2022;Palma de Cervelló, la;total;total;població;;3026
2022;Palol de Revardit;total;homes;població;;231
2022;Palol de Revardit;total;dones;població;;226
2022;Palol de Revardit;total;total;població;;457
2022;Pals;total;homes;població;;1319
2022;Pals;total;dones;població;;1229
2022;Pals;total;total;població;;2548
2022;Papiol, el;total;homes;població;;2133
2022;Papiol, el;total;dones;població;;2141
2022;Papiol, el;total;total;població;;4274
2022;Pardines;total;homes;població;;90
2022;Pardines;total;dones;població;;75
2022;Pardines;total;total;població;;165
2022;Parets del Vallès;total;homes;població;;9422
2022;Parets del Vallès;total;dones;població;;9467
2022;Parets del Vallès;total;total;població;;18889
2022;Parlavà;total;homes;població;;205
2022;Parlavà;total;dones;població;;210
2022;Parlavà;total;total;població;;415
2022;Passanant i Belltall;total;homes;població;;103
2022;Passanant i Belltall;total;dones;població;;67
2022;Passanant i Belltall;total;total;població;;170
2022;Pau;total;homes;població;;284
2022;Pau;total;dones;població;;295
2022;Pau;total;total;població;;579
2022;Paüls;total;homes;població;;287
2022;Paüls;total;dones;població;;279
2022;Paüls;total;total;població;;566
2022;Pedret i Marzà;total;homes;població;;89
2022;Pedret i Marzà;total;dones;població;;92
2022;Pedret i Marzà;total;total;població;;181
2022;Penelles;total;homes;població;;249
2022;Penelles;total;dones;població;;181
2022;Penelles;total;total;població;;430
2022;Pera, la;total;homes;població;;220
2022;Pera, la;total;dones;població;;218
2022;Pera, la;total;total;població;;438
2022;Perafita;total;homes;població;;213
2022;Perafita;total;dones;població;;205
2022;Perafita;total;total;població;;418
2022;Perafort;total;homes;població;;666
2022;Perafort;total;dones;població;;626
2022;Perafort;total;total;població;;1292
2022;Peralada;total;homes;població;;972
2022;Peralada;total;dones;població;;1002
2022;Peralada;total;total;població;;1974
2022;Peramola;total;homes;població;;174
2022;Peramola;total;dones;població;;174
2022;Peramola;total;total;població;;348
2022;Perelló, el;total;homes;població;;1483
2022;Perelló, el;total;dones;població;;1402
2022;Perelló, el;total;total;població;;2885
2022;Piera;total;homes;població;;8616
2022;Piera;total;dones;població;;8171
2022;Piera;total;total;població;;16787
2022;Piles, les;total;homes;població;;123
2022;Piles, les;total;dones;població;;101
2022;Piles, les;total;total;població;;224
2022;Pineda de Mar;total;homes;població;;13947
2022;Pineda de Mar;total;dones;població;;14136
2022;Pineda de Mar;total;total;població;;28083
2022;Pinell de Brai, el;total;homes;població;;498
2022;Pinell de Brai, el;total;dones;població;;502
2022;Pinell de Brai, el;total;total;població;;1000
2022;Pinell de Solsonès;total;homes;població;;107
2022;Pinell de Solsonès;total;dones;població;;83
2022;Pinell de Solsonès;total;total;població;;190
2022;Pinós;total;homes;població;;159
2022;Pinós;total;dones;població;;132
2022;Pinós;total;total;població;;291
2022;Pira;total;homes;població;;261
2022;Pira;total;dones;població;;228
2022;Pira;total;total;població;;489
2022;Pla de Santa Maria, el;total;homes;població;;1207
2022;Pla de Santa Maria, el;total;dones;població;;1133
2022;Pla de Santa Maria, el;total;total;població;;2340
2022;Pla del Penedès, el;total;homes;població;;677
2022;Pla del Penedès, el;total;dones;població;;658
2022;Pla del Penedès, el;total;total;població;;1335
2022;Planes d'Hostoles, les;total;homes;població;;883
2022;Planes d'Hostoles, les;total;dones;població;;862
2022;Planes d'Hostoles, les;total;total;població;;1745
2022;Planoles;total;homes;població;;171
2022;Planoles;total;dones;població;;136
2022;Planoles;total;total;població;;307
2022;Plans de Sió, els;total;homes;població;;272
2022;Plans de Sió, els;total;dones;població;;218
2022;Plans de Sió, els;total;total;població;;490
2022;Poal, el;total;homes;població;;343
2022;Poal, el;total;dones;població;;324
2022;Poal, el;total;total;població;;667
2022;Pobla de Cérvoles, la;total;homes;població;;114
2022;Pobla de Cérvoles, la;total;dones;població;;95
2022;Pobla de Cérvoles, la;total;total;població;;209
2022;Pobla de Claramunt, la;total;homes;població;;1159
2022;Pobla de Claramunt, la;total;dones;població;;1116
2022;Pobla de Claramunt, la;total;total;població;;2275
2022;Pobla de Lillet, la;total;homes;població;;524
2022;Pobla de Lillet, la;total;dones;població;;555
2022;Pobla de Lillet, la;total;total;població;;1079
2022;Pobla de Mafumet, la;total;homes;població;;2040
2022;Pobla de Mafumet, la;total;dones;població;;2012
2022;Pobla de Mafumet, la;total;total;població;;4052
2022;Pobla de Massaluca, la;total;homes;població;;193
2022;Pobla de Massaluca, la;total;dones;població;;147
2022;Pobla de Massaluca, la;total;total;població;;340
2022;Pobla de Montornès, la;total;homes;població;;1594
2022;Pobla de Montornès, la;total;dones;població;;1507
2022;Pobla de Montornès, la;total;total;població;;3101
2022;Pobla de Segur, la;total;homes;població;;1529
2022;Pobla de Segur, la;total;dones;població;;1526
2022;Pobla de Segur, la;total;total;població;;3055
2022;Poboleda;total;homes;població;;162
2022;Poboleda;total;dones;població;;165
2022;Poboleda;total;total;població;;327
2022;Polinyà;total;homes;població;;4252
2022;Polinyà;total;dones;població;;4199
2022;Polinyà;total;total;població;;8451
2022;Pont d'Armentera, el;total;homes;població;;251
2022;Pont d'Armentera, el;total;dones;població;;241
2022;Pont d'Armentera, el;total;total;població;;492
2022;Pont de Bar, el;total;homes;població;;98
2022;Pont de Bar, el;total;dones;població;;65
2022;Pont de Bar, el;total;total;població;;163
2022;Pont de Molins;total;homes;població;;275
2022;Pont de Molins;total;dones;població;;267
2022;Pont de Molins;total;total;població;;542
2022;Pont de Suert, el;total;homes;població;;1183
2022;Pont de Suert, el;total;dones;població;;1153
2022;Pont de Suert, el;total;total;població;;2336
2022;Pont de Vilomara i Rocafort, el;total;homes;població;;2082
2022;Pont de Vilomara i Rocafort, el;total;dones;població;;1942
2022;Pont de Vilomara i Rocafort, el;total;total;població;;4024
2022;Pontils;total;homes;població;;75
2022;Pontils;total;dones;població;;58
2022;Pontils;total;total;població;;133
2022;Pontons;total;homes;població;;278
2022;Pontons;total;dones;població;;229
2022;Pontons;total;total;població;;507
2022;Pontós;total;homes;població;;150
2022;Pontós;total;dones;població;;124
2022;Pontós;total;total;població;;274
2022;Ponts;total;homes;població;;1358
2022;Ponts;total;dones;població;;1303
2022;Ponts;total;total;població;;2661
2022;Porqueres;total;homes;població;;2324
2022;Porqueres;total;dones;població;;2388
2022;Porqueres;total;total;població;;4712
2022;Porrera;total;homes;població;;223
2022;Porrera;total;dones;població;;206
2022;Porrera;total;total;població;;429
2022;Port de la Selva, el;total;homes;població;;521
2022;Port de la Selva, el;total;dones;població;;494
2022;Port de la Selva, el;total;total;població;;1015
2022;Portbou;total;homes;població;;539
2022;Portbou;total;dones;població;;551
2022;Portbou;total;total;població;;1090
2022;Portella, la;total;homes;població;;411
2022;Portella, la;total;dones;població;;307
2022;Portella, la;total;total;població;;718
2022;Pradell de la Teixeta;total;homes;població;;85
2022;Pradell de la Teixeta;total;dones;població;;87
2022;Pradell de la Teixeta;total;total;població;;172
2022;Prades;total;homes;població;;332
2022;Prades;total;dones;població;;293
2022;Prades;total;total;població;;625
2022;Prat de Comte;total;homes;població;;98
2022;Prat de Comte;total;dones;població;;88
2022;Prat de Comte;total;total;població;;186
2022;Prat de Llobregat, el;total;homes;població;;31752
2022;Prat de Llobregat, el;total;dones;població;;33278
2022;Prat de Llobregat, el;total;total;població;;65030
2022;Pratdip;total;homes;població;;367
2022;Pratdip;total;dones;població;;326
2022;Pratdip;total;total;població;;693
2022;Prats de Lluçanès;total;homes;població;;1325
2022;Prats de Lluçanès;total;dones;població;;1302
2022;Prats de Lluçanès;total;total;població;;2627
2022;Prats de Rei, els;total;homes;població;;298
2022;Prats de Rei, els;total;dones;població;;256
2022;Prats de Rei, els;total;total;població;;554
2022;Prats i Sansor;total;homes;població;;138
2022;Prats i Sansor;total;dones;població;;122
2022;Prats i Sansor;total;total;població;;260
2022;Preixana;total;homes;població;;213
2022;Preixana;total;dones;població;;191
2022;Preixana;total;total;població;;404
2022;Preixens;total;homes;població;;213
2022;Preixens;total;dones;població;;209
2022;Preixens;total;total;població;;422
2022;Premià de Dalt;total;homes;població;;5179
2022;Premià de Dalt;total;dones;població;;5221
2022;Premià de Dalt;total;total;població;;10400
2022;Premià de Mar;total;homes;població;;13898
2022;Premià de Mar;total;dones;població;;14620
2022;Premià de Mar;total;total;població;;28518
2022;Preses, les;total;homes;població;;930
2022;Preses, les;total;dones;població;;945
2022;Preses, les;total;total;població;;1875
2022;Prullans;total;homes;població;;124
2022;Prullans;total;dones;població;;140
2022;Prullans;total;total;població;;264
2022;Puigcerdà;total;homes;població;;4731
2022;Puigcerdà;total;dones;població;;4753
2022;Puigcerdà;total;total;població;;9484
2022;Puigdàlber;total;homes;població;;268
2022;Puigdàlber;total;dones;població;;287
2022;Puigdàlber;total;total;població;;555
2022;Puiggròs;total;homes;població;;133
2022;Puiggròs;total;dones;població;;124
2022;Puiggròs;total;total;població;;257
2022;Puigpelat;total;homes;població;;628
2022;Puigpelat;total;dones;població;;571
2022;Puigpelat;total;total;població;;1199
2022;Puig-reig;total;homes;població;;2153
2022;Puig-reig;total;dones;població;;2174
2022;Puig-reig;total;total;població;;4327
2022;Puigverd d'Agramunt;total;homes;població;;147
2022;Puigverd d'Agramunt;total;dones;població;;106
2022;Puigverd d'Agramunt;total;total;població;;253
2022;Puigverd de Lleida;total;homes;població;;718
2022;Puigverd de Lleida;total;dones;població;;680
2022;Puigverd de Lleida;total;total;població;;1398
2022;Pujalt;total;homes;població;;113
2022;Pujalt;total;dones;població;;91
2022;Pujalt;total;total;població;;204
2022;Quar, la;total;homes;població;;29
2022;Quar, la;total;dones;població;;18
2022;Quar, la;total;total;població;;47
2022;Quart;total;homes;població;;1980
2022;Quart;total;dones;població;;1926
2022;Quart;total;total;població;;3906
2022;Queralbs;total;homes;població;;98
2022;Queralbs;total;dones;població;;93
2022;Queralbs;total;total;població;;191
2022;Querol;total;homes;població;;325
2022;Querol;total;dones;població;;247
2022;Querol;total;total;població;;572
2022;Rabós;total;homes;població;;101
2022;Rabós;total;dones;població;;109
2022;Rabós;total;total;població;;210
2022;Rajadell;total;homes;població;;283
2022;Rajadell;total;dones;població;;262
2022;Rajadell;total;total;població;;545
2022;Ràpita, la;total;homes;població;;7196
2022;Ràpita, la;total;dones;població;;7571
2022;Ràpita, la;total;total;població;;14767
2022;Rasquera;total;homes;població;;402
2022;Rasquera;total;dones;població;;420
2022;Rasquera;total;total;població;;822
2022;Regencós;total;homes;població;;146
2022;Regencós;total;dones;població;;125
2022;Regencós;total;total;població;;271
2022;Rellinars;total;homes;població;;480
2022;Rellinars;total;dones;població;;435
2022;Rellinars;total;total;població;;915
2022;Renau;total;homes;població;;82
2022;Renau;total;dones;població;;70
2022;Renau;total;total;població;;152
2022;Reus;total;homes;població;;51724
2022;Reus;total;dones;població;;55017
2022;Reus;total;total;població;;106741
2022;Rialp;total;homes;població;;334
2022;Rialp;total;dones;població;;341
2022;Rialp;total;total;població;;675
2022;Riba, la;total;homes;població;;301
2022;Riba, la;total;dones;població;;251
2022;Riba, la;total;total;població;;552
2022;Riba-roja d'Ebre;total;homes;població;;603
2022;Riba-roja d'Ebre;total;dones;població;;528
2022;Riba-roja d'Ebre;total;total;població;;1131
2022;Ribera d'Ondara;total;homes;població;;228
2022;Ribera d'Ondara;total;dones;població;;213
2022;Ribera d'Ondara;total;total;població;;441
2022;Ribera d'Urgellet;total;homes;població;;471
2022;Ribera d'Urgellet;total;dones;població;;449
2022;Ribera d'Urgellet;total;total;població;;920
2022;Ribes de Freser;total;homes;població;;923
2022;Ribes de Freser;total;dones;població;;887
2022;Ribes de Freser;total;total;població;;1810
2022;Riells i Viabrea;total;homes;població;;2177
2022;Riells i Viabrea;total;dones;població;;2102
2022;Riells i Viabrea;total;total;població;;4279
2022;Riera de Gaià, la;total;homes;població;;878
2022;Riera de Gaià, la;total;dones;població;;874
2022;Riera de Gaià, la;total;total;població;;1752
2022;Riner;total;homes;població;;138
2022;Riner;total;dones;població;;142
2022;Riner;total;total;població;;280
2022;Ripoll;total;homes;població;;5284
2022;Ripoll;total;dones;població;;5357
2022;Ripoll;total;total;població;;10641
2022;Ripollet;total;homes;població;;19232
2022;Ripollet;total;dones;població;;19799
2022;Ripollet;total;total;població;;39031
2022;Riu de Cerdanya;total;homes;població;;59
2022;Riu de Cerdanya;total;dones;població;;41
2022;Riu de Cerdanya;total;total;població;;100
2022;Riudarenes;total;homes;població;;1213
2022;Riudarenes;total;dones;població;;1124
2022;Riudarenes;total;total;població;;2337
2022;Riudaura;total;homes;població;;258
2022;Riudaura;total;dones;població;;253
2022;Riudaura;total;total;població;;511
2022;Riudecanyes;total;homes;població;;668
2022;Riudecanyes;total;dones;població;;611
2022;Riudecanyes;total;total;població;;1279
2022;Riudecols;total;homes;població;;620
2022;Riudecols;total;dones;població;;578
2022;Riudecols;total;total;població;;1198
2022;Riudellots de la Selva;total;homes;població;;1051
2022;Riudellots de la Selva;total;dones;població;;1021
2022;Riudellots de la Selva;total;total;població;;2072
2022;Riudoms;total;homes;població;;3401
2022;Riudoms;total;dones;població;;3320
2022;Riudoms;total;total;població;;6721
2022;Riumors;total;homes;població;;128
2022;Riumors;total;dones;població;;116
2022;Riumors;total;total;població;;244
2022;Roca del Vallès, la;total;homes;població;;5411
2022;Roca del Vallès, la;total;dones;població;;5365
2022;Roca del Vallès, la;total;total;població;;10776
2022;Rocafort de Queralt;total;homes;població;;128
2022;Rocafort de Queralt;total;dones;població;;113
2022;Rocafort de Queralt;total;total;població;;241
2022;Roda de Berà;total;homes;població;;3869
2022;Roda de Berà;total;dones;població;;3722
2022;Roda de Berà;total;total;població;;7591
2022;Roda de Ter;total;homes;població;;3276
2022;Roda de Ter;total;dones;població;;3279
2022;Roda de Ter;total;total;població;;6555
2022;Rodonyà;total;homes;població;;276
2022;Rodonyà;total;dones;població;;230
2022;Rodonyà;total;total;població;;506
2022;Roquetes;total;homes;població;;4199
2022;Roquetes;total;dones;població;;3994
2022;Roquetes;total;total;població;;8193
2022;Roses;total;homes;població;;10102
2022;Roses;total;dones;població;;9805
2022;Roses;total;total;població;;19907
2022;Rosselló;total;homes;població;;1687
2022;Rosselló;total;dones;població;;1591
2022;Rosselló;total;total;població;;3278
2022;Rourell, el;total;homes;població;;212
2022;Rourell, el;total;dones;població;;183
2022;Rourell, el;total;total;població;;395
2022;Rubí;total;homes;població;;39072
2022;Rubí;total;dones;població;;39935
2022;Rubí;total;total;població;;79007
2022;Rubió;total;homes;població;;141
2022;Rubió;total;dones;població;;103
2022;Rubió;total;total;població;;244
2022;Rupià;total;homes;població;;152
2022;Rupià;total;dones;població;;148
2022;Rupià;total;total;població;;300
2022;Rupit i Pruit;total;homes;població;;139
2022;Rupit i Pruit;total;dones;població;;140
2022;Rupit i Pruit;total;total;població;;279
2022;Sabadell;total;homes;població;;104747
2022;Sabadell;total;dones;població;;111013
2022;Sabadell;total;total;població;;215760
2022;Sagàs;total;homes;població;;81
2022;Sagàs;total;dones;població;;76
2022;Sagàs;total;total;població;;157
2022;Salàs de Pallars;total;homes;població;;184
2022;Salàs de Pallars;total;dones;població;;161
2022;Salàs de Pallars;total;total;població;;345
2022;Saldes;total;homes;població;;169
2022;Saldes;total;dones;població;;129
2022;Saldes;total;total;població;;298
2022;Sales de Llierca;total;homes;població;;84
2022;Sales de Llierca;total;dones;població;;85
2022;Sales de Llierca;total;total;població;;169
2022;Sallent;total;homes;població;;3312
2022;Sallent;total;dones;població;;3493
2022;Sallent;total;total;població;;6805
2022;Salomó;total;homes;població;;281
2022;Salomó;total;dones;població;;262
2022;Salomó;total;total;població;;543
2022;Salou;total;homes;població;;14868
2022;Salou;total;dones;població;;14160
2022;Salou;total;total;població;;29028
2022;Salt;total;homes;població;;17139
2022;Salt;total;dones;població;;15378
2022;Salt;total;total;població;;32517
2022;Sanaüja;total;homes;població;;202
2022;Sanaüja;total;dones;població;;190
2022;Sanaüja;total;total;població;;392
2022;Sant Adrià de Besòs;total;homes;població;;18068
2022;Sant Adrià de Besòs;total;dones;població;;18850
2022;Sant Adrià de Besòs;total;total;població;;36918
2022;Sant Agustí de Lluçanès;total;homes;població;;51
2022;Sant Agustí de Lluçanès;total;dones;població;;49
2022;Sant Agustí de Lluçanès;total;total;població;;100
2022;Sant Andreu de la Barca;total;homes;població;;13304
2022;Sant Andreu de la Barca;total;dones;població;;13661
2022;Sant Andreu de la Barca;total;total;població;;26965
2022;Sant Andreu de Llavaneres;total;homes;població;;5694
2022;Sant Andreu de Llavaneres;total;dones;població;;5899
2022;Sant Andreu de Llavaneres;total;total;població;;11593
2022;Sant Andreu Salou;total;homes;població;;79
2022;Sant Andreu Salou;total;dones;població;;83
2022;Sant Andreu Salou;total;total;població;;162
2022;Sant Aniol de Finestres;total;homes;població;;184
2022;Sant Aniol de Finestres;total;dones;població;;179
2022;Sant Aniol de Finestres;total;total;població;;363
2022;Sant Antoni de Vilamajor;total;homes;població;;3204
2022;Sant Antoni de Vilamajor;total;dones;població;;3279
2022;Sant Antoni de Vilamajor;total;total;població;;6483
2022;Sant Bartomeu del Grau;total;homes;població;;485
2022;Sant Bartomeu del Grau;total;dones;població;;439
2022;Sant Bartomeu del Grau;total;total;població;;924
2022;Sant Boi de Llobregat;total;homes;població;;40584
2022;Sant Boi de Llobregat;total;dones;població;;42787
2022;Sant Boi de Llobregat;total;total;població;;83371
2022;Sant Boi de Lluçanès;total;homes;població;;295
2022;Sant Boi de Lluçanès;total;dones;població;;280
2022;Sant Boi de Lluçanès;total;total;població;;575
2022;Sant Cebrià de Vallalta;total;homes;població;;1882
2022;Sant Cebrià de Vallalta;total;dones;població;;1737
2022;Sant Cebrià de Vallalta;total;total;població;;3619
2022;Sant Celoni;total;homes;població;;9112
2022;Sant Celoni;total;dones;població;;9173
2022;Sant Celoni;total;total;població;;18285
2022;Sant Climent de Llobregat;total;homes;població;;2086
2022;Sant Climent de Llobregat;total;dones;població;;2084
2022;Sant Climent de Llobregat;total;total;població;;4170
2022;Sant Climent Sescebes;total;homes;població;;421
2022;Sant Climent Sescebes;total;dones;població;;275
2022;Sant Climent Sescebes;total;total;població;;696
2022;Sant Cugat del Vallès;total;homes;població;;46536
2022;Sant Cugat del Vallès;total;dones;població;;49189
2022;Sant Cugat del Vallès;total;total;població;;95725
2022;Sant Cugat Sesgarrigues;total;homes;població;;490
2022;Sant Cugat Sesgarrigues;total;dones;població;;519
2022;Sant Cugat Sesgarrigues;total;total;població;;1009
2022;Sant Esteve de la Sarga;total;homes;població;;75
2022;Sant Esteve de la Sarga;total;dones;població;;48
2022;Sant Esteve de la Sarga;total;total;població;;123
2022;Sant Esteve de Palautordera;total;homes;població;;1504
2022;Sant Esteve de Palautordera;total;dones;població;;1539
2022;Sant Esteve de Palautordera;total;total;població;;3043
2022;Sant Esteve Sesrovires;total;homes;població;;3962
2022;Sant Esteve Sesrovires;total;dones;població;;3927
2022;Sant Esteve Sesrovires;total;total;població;;7889
2022;Sant Feliu de Buixalleu;total;homes;població;;431
2022;Sant Feliu de Buixalleu;total;dones;població;;408
2022;Sant Feliu de Buixalleu;total;total;població;;839
2022;Sant Feliu de Codines;total;homes;població;;3262
2022;Sant Feliu de Codines;total;dones;població;;3198
2022;Sant Feliu de Codines;total;total;població;;6460
2022;Sant Feliu de Guíxols;total;homes;població;;10841
2022;Sant Feliu de Guíxols;total;dones;població;;11308
2022;Sant Feliu de Guíxols;total;total;població;;22149
2022;Sant Feliu de Llobregat;total;homes;població;;22155
2022;Sant Feliu de Llobregat;total;dones;població;;23487
2022;Sant Feliu de Llobregat;total;total;població;;45642
2022;Sant Feliu de Pallerols;total;homes;població;;766
2022;Sant Feliu de Pallerols;total;dones;població;;729
2022;Sant Feliu de Pallerols;total;total;població;;1495
2022;Sant Feliu Sasserra;total;homes;població;;327
2022;Sant Feliu Sasserra;total;dones;població;;284
2022;Sant Feliu Sasserra;total;total;població;;611
2022;Sant Ferriol;total;homes;població;;140
2022;Sant Ferriol;total;dones;població;;116
2022;Sant Ferriol;total;total;població;;256
2022;Sant Fost de Campsentelles;total;homes;població;;4521
2022;Sant Fost de Campsentelles;total;dones;població;;4543
2022;Sant Fost de Campsentelles;total;total;població;;9064
2022;Sant Fruitós de Bages;total;homes;població;;4452
2022;Sant Fruitós de Bages;total;dones;població;;4573
2022;Sant Fruitós de Bages;total;total;població;;9025
2022;Sant Gregori;total;homes;població;;2086
2022;Sant Gregori;total;dones;població;;1999
2022;Sant Gregori;total;total;població;;4085
2022;Sant Guim de Freixenet;total;homes;població;;584
2022;Sant Guim de Freixenet;total;dones;població;;536
2022;Sant Guim de Freixenet;total;total;població;;1120
2022;Sant Guim de la Plana;total;homes;població;;98
2022;Sant Guim de la Plana;total;dones;població;;84
2022;Sant Guim de la Plana;total;total;població;;182
2022;Sant Hilari Sacalm;total;homes;població;;2950
2022;Sant Hilari Sacalm;total;dones;població;;2886
2022;Sant Hilari Sacalm;total;total;població;;5836
2022;Sant Hipòlit de Voltregà;total;homes;població;;1841
2022;Sant Hipòlit de Voltregà;total;dones;població;;1803
2022;Sant Hipòlit de Voltregà;total;total;població;;3644
2022;Sant Iscle de Vallalta;total;homes;població;;765
2022;Sant Iscle de Vallalta;total;dones;població;;668
2022;Sant Iscle de Vallalta;total;total;població;;1433
2022;Sant Jaume d'Enveja;total;homes;població;;1852
2022;Sant Jaume d'Enveja;total;dones;població;;1817
2022;Sant Jaume d'Enveja;total;total;població;;3669
2022;Sant Jaume de Frontanyà;total;homes;població;;16
2022;Sant Jaume de Frontanyà;total;dones;població;;15
2022;Sant Jaume de Frontanyà;total;total;població;;31
2022;Sant Jaume de Llierca;total;homes;població;;414
2022;Sant Jaume de Llierca;total;dones;població;;428
2022;Sant Jaume de Llierca;total;total;població;;842
2022;Sant Jaume dels Domenys;total;homes;població;;1380
2022;Sant Jaume dels Domenys;total;dones;població;;1315
2022;Sant Jaume dels Domenys;total;total;població;;2695
2022;Sant Joan de les Abadesses;total;homes;població;;1625
2022;Sant Joan de les Abadesses;total;dones;població;;1649
2022;Sant Joan de les Abadesses;total;total;població;;3274
2022;Sant Joan de Mollet;total;homes;població;;258
2022;Sant Joan de Mollet;total;dones;població;;257
2022;Sant Joan de Mollet;total;total;població;;515
2022;Sant Joan de Vilatorrada;total;homes;població;;5396
2022;Sant Joan de Vilatorrada;total;dones;població;;5424
2022;Sant Joan de Vilatorrada;total;total;població;;10820
2022;Sant Joan Despí;total;homes;població;;16538
2022;Sant Joan Despí;total;dones;població;;17501
2022;Sant Joan Despí;total;total;població;;34039
2022;Sant Joan les Fonts;total;homes;població;;1550
2022;Sant Joan les Fonts;total;dones;població;;1504
2022;Sant Joan les Fonts;total;total;població;;3054
2022;Sant Jordi Desvalls;total;homes;població;;406
2022;Sant Jordi Desvalls;total;dones;població;;424
2022;Sant Jordi Desvalls;total;total;població;;830
2022;Sant Julià de Cerdanyola;total;homes;població;;134
2022;Sant Julià de Cerdanyola;total;dones;població;;107
2022;Sant Julià de Cerdanyola;total;total;població;;241
2022;Sant Julià de Ramis;total;homes;població;;1821
2022;Sant Julià de Ramis;total;dones;població;;1802
2022;Sant Julià de Ramis;total;total;població;;3623
2022;Sant Julià de Vilatorta;total;homes;població;;1581
2022;Sant Julià de Vilatorta;total;dones;població;;1612
2022;Sant Julià de Vilatorta;total;total;població;;3193
2022;Sant Julià del Llor i Bonmatí;total;homes;població;;684
2022;Sant Julià del Llor i Bonmatí;total;dones;població;;663
2022;Sant Julià del Llor i Bonmatí;total;total;població;;1347
2022;Sant Just Desvern;total;homes;població;;9570
2022;Sant Just Desvern;total;dones;població;;10236
2022;Sant Just Desvern;total;total;població;;19806
2022;Sant Llorenç d'Hortons;total;homes;població;;1263
2022;Sant Llorenç d'Hortons;total;dones;població;;1240
2022;Sant Llorenç d'Hortons;total;total;població;;2503
2022;Sant Llorenç de la Muga;total;homes;població;;143
2022;Sant Llorenç de la Muga;total;dones;població;;124
2022;Sant Llorenç de la Muga;total;total;població;;267
2022;Sant Llorenç de Morunys;total;homes;població;;491
2022;Sant Llorenç de Morunys;total;dones;població;;509
2022;Sant Llorenç de Morunys;total;total;població;;1000
2022;Sant Llorenç Savall;total;homes;població;;1260
2022;Sant Llorenç Savall;total;dones;població;;1264
2022;Sant Llorenç Savall;total;total;població;;2524
2022;Sant Martí d'Albars;total;homes;població;;57
2022;Sant Martí d'Albars;total;dones;població;;62
2022;Sant Martí d'Albars;total;total;població;;119
2022;Sant Martí de Centelles;total;homes;població;;621
2022;Sant Martí de Centelles;total;dones;població;;611
2022;Sant Martí de Centelles;total;total;població;;1232
2022;Sant Martí de Llémena;total;homes;població;;346
2022;Sant Martí de Llémena;total;dones;població;;333
2022;Sant Martí de Llémena;total;total;població;;679
2022;Sant Martí de Riucorb;total;homes;població;;340
2022;Sant Martí de Riucorb;total;dones;població;;306
2022;Sant Martí de Riucorb;total;total;població;;646
2022;Sant Martí de Tous;total;homes;població;;626
2022;Sant Martí de Tous;total;dones;població;;617
2022;Sant Martí de Tous;total;total;població;;1243
2022;Sant Martí Sarroca;total;homes;població;;1654
2022;Sant Martí Sarroca;total;dones;població;;1659
2022;Sant Martí Sarroca;total;total;població;;3313
2022;Sant Martí Sesgueioles;total;homes;població;;187
2022;Sant Martí Sesgueioles;total;dones;població;;174
2022;Sant Martí Sesgueioles;total;total;població;;361
2022;Sant Martí Vell;total;homes;població;;140
2022;Sant Martí Vell;total;dones;població;;121
2022;Sant Martí Vell;total;total;població;;261
2022;Sant Mateu de Bages;total;homes;població;;321
2022;Sant Mateu de Bages;total;dones;població;;307
2022;Sant Mateu de Bages;total;total;població;;628
2022;Sant Miquel de Campmajor;total;homes;població;;133
2022;Sant Miquel de Campmajor;total;dones;població;;106
2022;Sant Miquel de Campmajor;total;total;població;;239
2022;Sant Miquel de Fluvià;total;homes;població;;414
2022;Sant Miquel de Fluvià;total;dones;població;;394
2022;Sant Miquel de Fluvià;total;total;població;;808
2022;Sant Mori;total;homes;població;;80
2022;Sant Mori;total;dones;població;;79
2022;Sant Mori;total;total;població;;159
2022;Sant Pau de Segúries;total;homes;població;;372
2022;Sant Pau de Segúries;total;dones;població;;360
2022;Sant Pau de Segúries;total;total;població;;732
2022;Sant Pere de Ribes;total;homes;població;;15769
2022;Sant Pere de Ribes;total;dones;població;;15919
2022;Sant Pere de Ribes;total;total;població;;31688
2022;Sant Pere de Riudebitlles;total;homes;població;;1213
2022;Sant Pere de Riudebitlles;total;dones;població;;1191
2022;Sant Pere de Riudebitlles;total;total;població;;2404
2022;Sant Pere de Torelló;total;homes;població;;1293
2022;Sant Pere de Torelló;total;dones;població;;1221
2022;Sant Pere de Torelló;total;total;població;;2514
2022;Sant Pere de Vilamajor;total;homes;població;;2439
2022;Sant Pere de Vilamajor;total;dones;població;;2376
2022;Sant Pere de Vilamajor;total;total;població;;4815
2022;Sant Pere Pescador;total;homes;població;;1114
2022;Sant Pere Pescador;total;dones;població;;965
2022;Sant Pere Pescador;total;total;població;;2079
2022;Sant Pere Sallavinera;total;homes;població;;89
2022;Sant Pere Sallavinera;total;dones;població;;78
2022;Sant Pere Sallavinera;total;total;població;;167
2022;Sant Pol de Mar;total;homes;població;;2779
2022;Sant Pol de Mar;total;dones;població;;2901
2022;Sant Pol de Mar;total;total;població;;5680
2022;Sant Quintí de Mediona;total;homes;població;;1212
2022;Sant Quintí de Mediona;total;dones;població;;1181
2022;Sant Quintí de Mediona;total;total;població;;2393
2022;Sant Quirze de Besora;total;homes;població;;1035
2022;Sant Quirze de Besora;total;dones;població;;1107
2022;Sant Quirze de Besora;total;total;població;;2142
2022;Sant Quirze del Vallès;total;homes;població;;9870
2022;Sant Quirze del Vallès;total;dones;població;;10310
2022;Sant Quirze del Vallès;total;total;població;;20180
2022;Sant Quirze Safaja;total;homes;població;;360
2022;Sant Quirze Safaja;total;dones;població;;312
2022;Sant Quirze Safaja;total;total;població;;672
2022;Sant Ramon;total;homes;població;;258
2022;Sant Ramon;total;dones;població;;222
2022;Sant Ramon;total;total;població;;480
2022;Sant Sadurní d'Anoia;total;homes;població;;6344
2022;Sant Sadurní d'Anoia;total;dones;població;;6519
2022;Sant Sadurní d'Anoia;total;total;població;;12863
2022;Sant Sadurní d'Osormort;total;homes;població;;53
2022;Sant Sadurní d'Osormort;total;dones;població;;37
2022;Sant Sadurní d'Osormort;total;total;població;;90
2022;Sant Salvador de Guardiola;total;homes;població;;1714
2022;Sant Salvador de Guardiola;total;dones;població;;1637
2022;Sant Salvador de Guardiola;total;total;població;;3351
2022;Sant Vicenç de Castellet;total;homes;població;;5001
2022;Sant Vicenç de Castellet;total;dones;població;;4948
2022;Sant Vicenç de Castellet;total;total;població;;9949
2022;Sant Vicenç de Montalt;total;homes;població;;3309
2022;Sant Vicenç de Montalt;total;dones;població;;3352
2022;Sant Vicenç de Montalt;total;total;població;;6661
2022;Sant Vicenç de Torelló;total;homes;població;;1041
2022;Sant Vicenç de Torelló;total;dones;població;;1036
2022;Sant Vicenç de Torelló;total;total;població;;2077
2022;Sant Vicenç dels Horts;total;homes;població;;13904
2022;Sant Vicenç dels Horts;total;dones;població;;14175
2022;Sant Vicenç dels Horts;total;total;població;;28079
2022;Santa Bàrbara;total;homes;població;;1933
2022;Santa Bàrbara;total;dones;població;;1858
2022;Santa Bàrbara;total;total;població;;3791
2022;Santa Cecília de Voltregà;total;homes;població;;103
2022;Santa Cecília de Voltregà;total;dones;població;;82
2022;Santa Cecília de Voltregà;total;total;població;;185
2022;Santa Coloma de Cervelló;total;homes;població;;4059
2022;Santa Coloma de Cervelló;total;dones;població;;4250
2022;Santa Coloma de Cervelló;total;total;població;;8309
2022;Santa Coloma de Farners;total;homes;població;;6851
2022;Santa Coloma de Farners;total;dones;població;;6706
2022;Santa Coloma de Farners;total;total;població;;13557
2022;Santa Coloma de Gramenet;total;homes;població;;58173
2022;Santa Coloma de Gramenet;total;dones;població;;59808
2022;Santa Coloma de Gramenet;total;total;població;;117981
2022;Santa Coloma de Queralt;total;homes;població;;1383
2022;Santa Coloma de Queralt;total;dones;població;;1372
2022;Santa Coloma de Queralt;total;total;població;;2755
2022;Santa Cristina d'Aro;total;homes;població;;2819
2022;Santa Cristina d'Aro;total;dones;població;;2766
2022;Santa Cristina d'Aro;total;total;població;;5585
2022;Santa Eugènia de Berga;total;homes;població;;1156
2022;Santa Eugènia de Berga;total;dones;població;;1100
2022;Santa Eugènia de Berga;total;total;població;;2256
2022;Santa Eulàlia de Riuprimer;total;homes;població;;700
2022;Santa Eulàlia de Riuprimer;total;dones;població;;701
2022;Santa Eulàlia de Riuprimer;total;total;població;;1401
2022;Santa Eulàlia de Ronçana;total;homes;població;;3883
2022;Santa Eulàlia de Ronçana;total;dones;població;;3857
2022;Santa Eulàlia de Ronçana;total;total;població;;7740
2022;Santa Fe del Penedès;total;homes;població;;182
2022;Santa Fe del Penedès;total;dones;població;;188
2022;Santa Fe del Penedès;total;total;població;;370
2022;Santa Llogaia d'Àlguema;total;homes;població;;190
2022;Santa Llogaia d'Àlguema;total;dones;població;;189
2022;Santa Llogaia d'Àlguema;total;total;població;;379
2022;Santa Margarida de Montbui;total;homes;població;;5189
2022;Santa Margarida de Montbui;total;dones;població;;5105
2022;Santa Margarida de Montbui;total;total;població;;10294
2022;Santa Margarida i els Monjos;total;homes;població;;3875
2022;Santa Margarida i els Monjos;total;dones;població;;3749
2022;Santa Margarida i els Monjos;total;total;població;;7624
2022;Santa Maria d'Oló;total;homes;població;;530
2022;Santa Maria d'Oló;total;dones;població;;533
2022;Santa Maria d'Oló;total;total;població;;1063
2022;Santa Maria de Besora;total;homes;població;;83
2022;Santa Maria de Besora;total;dones;població;;76
2022;Santa Maria de Besora;total;total;població;;159
2022;Santa Maria de Martorelles;total;homes;població;;445
2022;Santa Maria de Martorelles;total;dones;població;;444
2022;Santa Maria de Martorelles;total;total;població;;889
2022;Santa Maria de Merlès;total;homes;població;;92
2022;Santa Maria de Merlès;total;dones;població;;92
2022;Santa Maria de Merlès;total;total;població;;184
2022;Santa Maria de Miralles;total;homes;població;;74
2022;Santa Maria de Miralles;total;dones;població;;64
2022;Santa Maria de Miralles;total;total;població;;138
2022;Santa Maria de Palautordera;total;homes;població;;4895
2022;Santa Maria de Palautordera;total;dones;població;;4882
2022;Santa Maria de Palautordera;total;total;població;;9777
2022;Santa Oliva;total;homes;població;;1803
2022;Santa Oliva;total;dones;població;;1757
2022;Santa Oliva;total;total;població;;3560
2022;Santa Pau;total;homes;població;;808
2022;Santa Pau;total;dones;població;;797
2022;Santa Pau;total;total;població;;1605
2022;Santa Perpètua de Mogoda;total;homes;població;;13018
2022;Santa Perpètua de Mogoda;total;dones;població;;12912
2022;Santa Perpètua de Mogoda;total;total;població;;25930
2022;Santa Susanna;total;homes;població;;1874
2022;Santa Susanna;total;dones;població;;1881
2022;Santa Susanna;total;total;població;;3755
2022;Santpedor;total;homes;població;;3777
2022;Santpedor;total;dones;població;;3835
2022;Santpedor;total;total;població;;7612
2022;Sarral;total;homes;població;;801
2022;Sarral;total;dones;població;;777
2022;Sarral;total;total;població;;1578
2022;Sarrià de Ter;total;homes;població;;2607
2022;Sarrià de Ter;total;dones;població;;2687
2022;Sarrià de Ter;total;total;població;;5294
2022;Sarroca de Bellera;total;homes;població;;64
2022;Sarroca de Bellera;total;dones;població;;49
2022;Sarroca de Bellera;total;total;població;;113
2022;Sarroca de Lleida;total;homes;població;;200
2022;Sarroca de Lleida;total;dones;població;;165
2022;Sarroca de Lleida;total;total;població;;365
2022;Saus, Camallera i Llampaies;total;homes;població;;438
2022;Saus, Camallera i Llampaies;total;dones;població;;427
2022;Saus, Camallera i Llampaies;total;total;població;;865
2022;Savallà del Comtat;total;homes;població;;27
2022;Savallà del Comtat;total;dones;població;;25
2022;Savallà del Comtat;total;total;població;;52
2022;Secuita, la;total;homes;població;;883
2022;Secuita, la;total;dones;població;;882
2022;Secuita, la;total;total;població;;1765
2022;Selva de Mar, la;total;homes;població;;111
2022;Selva de Mar, la;total;dones;població;;109
2022;Selva de Mar, la;total;total;població;;220
2022;Selva del Camp, la;total;homes;població;;2847
2022;Selva del Camp, la;total;dones;població;;2849
2022;Selva del Camp, la;total;total;població;;5696
2022;Senan;total;homes;població;;29
2022;Senan;total;dones;població;;15
2022;Senan;total;total;població;;44
2022;Sénia, la;total;homes;població;;2747
2022;Sénia, la;total;dones;població;;2728
2022;Sénia, la;total;total;població;;5475
2022;Senterada;total;homes;població;;93
2022;Senterada;total;dones;població;;68
2022;Senterada;total;total;població;;161
2022;Sentiu de Sió, la;total;homes;població;;216
2022;Sentiu de Sió, la;total;dones;població;;201
2022;Sentiu de Sió, la;total;total;població;;417
2022;Sentmenat;total;homes;població;;4761
2022;Sentmenat;total;dones;població;;4656
2022;Sentmenat;total;total;població;;9417
2022;Serinyà;total;homes;població;;582
2022;Serinyà;total;dones;població;;571
2022;Serinyà;total;total;població;;1153
2022;Seròs;total;homes;població;;1016
2022;Seròs;total;dones;població;;874
2022;Seròs;total;total;població;;1890
2022;Serra de Daró;total;homes;població;;124
2022;Serra de Daró;total;dones;població;;109
2022;Serra de Daró;total;total;població;;233
2022;Setcases;total;homes;població;;112
2022;Setcases;total;dones;població;;88
2022;Setcases;total;total;població;;200
2022;Seu d'Urgell, la;total;homes;població;;5958
2022;Seu d'Urgell, la;total;dones;població;;6303
2022;Seu d'Urgell, la;total;total;població;;12261
2022;Seva;total;homes;població;;1924
2022;Seva;total;dones;població;;1812
2022;Seva;total;total;població;;3736
2022;Sidamon;total;homes;població;;407
2022;Sidamon;total;dones;població;;352
2022;Sidamon;total;total;població;;759
2022;Sils;total;homes;població;;3358
2022;Sils;total;dones;població;;3149
2022;Sils;total;total;població;;6507
2022;Sitges;total;homes;població;;15696
2022;Sitges;total;dones;població;;15526
2022;Sitges;total;total;població;;31222
2022;Siurana;total;homes;població;;84
2022;Siurana;total;dones;població;;94
2022;Siurana;total;total;població;;178
2022;Sobremunt;total;homes;població;;34
2022;Sobremunt;total;dones;població;;49
2022;Sobremunt;total;total;població;;83
2022;Soleràs, el;total;homes;població;;182
2022;Soleràs, el;total;dones;població;;148
2022;Soleràs, el;total;total;població;;330
2022;Solivella;total;homes;població;;328
2022;Solivella;total;dones;població;;300
2022;Solivella;total;total;població;;628
2022;Solsona;total;homes;població;;4531
2022;Solsona;total;dones;població;;4600
2022;Solsona;total;total;població;;9131
2022;Sora;total;homes;població;;120
2022;Sora;total;dones;població;;99
2022;Sora;total;total;població;;219
2022;Soriguera;total;homes;població;;229
2022;Soriguera;total;dones;població;;200
2022;Soriguera;total;total;població;;429
2022;Sort;total;homes;població;;1094
2022;Sort;total;dones;població;;1098
2022;Sort;total;total;població;;2192
2022;Soses;total;homes;població;;953
2022;Soses;total;dones;població;;831
2022;Soses;total;total;població;;1784
2022;Subirats;total;homes;població;;1678
2022;Subirats;total;dones;població;;1563
2022;Subirats;total;total;població;;3241
2022;Sudanell;total;homes;població;;484
2022;Sudanell;total;dones;població;;389
2022;Sudanell;total;total;població;;873
2022;Sunyer;total;homes;població;;182
2022;Sunyer;total;dones;població;;150
2022;Sunyer;total;total;població;;332
2022;Súria;total;homes;població;;2873
2022;Súria;total;dones;població;;3048
2022;Súria;total;total;població;;5921
2022;Susqueda;total;homes;població;;55
2022;Susqueda;total;dones;població;;41
2022;Susqueda;total;total;població;;96
2022;Tagamanent;total;homes;població;;178
2022;Tagamanent;total;dones;població;;162
2022;Tagamanent;total;total;població;;340
2022;Talamanca;total;homes;població;;122
2022;Talamanca;total;dones;població;;97
2022;Talamanca;total;total;població;;219
2022;Talarn;total;homes;població;;349
2022;Talarn;total;dones;població;;213
2022;Talarn;total;total;població;;562
2022;Talavera;total;homes;població;;160
2022;Talavera;total;dones;població;;131
2022;Talavera;total;total;població;;291
2022;Tallada d'Empordà, la;total;homes;població;;254
2022;Tallada d'Empordà, la;total;dones;població;;226
2022;Tallada d'Empordà, la;total;total;població;;480
2022;Taradell;total;homes;població;;3349
2022;Taradell;total;dones;població;;3350
2022;Taradell;total;total;població;;6699
2022;Tarragona;total;homes;població;;65555
2022;Tarragona;total;dones;població;;69328
2022;Tarragona;total;total;població;;134883
2022;Tàrrega;total;homes;població;;8848
2022;Tàrrega;total;dones;població;;8962
2022;Tàrrega;total;total;població;;17810
2022;Tarrés;total;homes;població;;50
2022;Tarrés;total;dones;població;;55
2022;Tarrés;total;total;població;;105
2022;Tarroja de Segarra;total;homes;població;;95
2022;Tarroja de Segarra;total;dones;població;;80
2022;Tarroja de Segarra;total;total;població;;175
2022;Tavèrnoles;total;homes;població;;166
2022;Tavèrnoles;total;dones;població;;163
2022;Tavèrnoles;total;total;població;;329
2022;Tavertet;total;homes;població;;62
2022;Tavertet;total;dones;població;;54
2022;Tavertet;total;total;població;;116
2022;Teià;total;homes;població;;3260
2022;Teià;total;dones;població;;3375
2022;Teià;total;total;població;;6635
2022;Térmens;total;homes;població;;702
2022;Térmens;total;dones;població;;661
2022;Térmens;total;total;població;;1363
2022;Terrades;total;homes;població;;167
2022;Terrades;total;dones;població;;178
2022;Terrades;total;total;població;;345
2022;Terrassa;total;homes;població;;110205
2022;Terrassa;total;dones;població;;113909
2022;Terrassa;total;total;població;;224114
2022;Tiana;total;homes;població;;4402
2022;Tiana;total;dones;població;;4708
2022;Tiana;total;total;població;;9110
2022;Tírvia;total;homes;població;;62
2022;Tírvia;total;dones;població;;70
2022;Tírvia;total;total;població;;132
2022;Tiurana;total;homes;població;;31
2022;Tiurana;total;dones;població;;40
2022;Tiurana;total;total;població;;71
2022;Tivenys;total;homes;població;;468
2022;Tivenys;total;dones;població;;455
2022;Tivenys;total;total;població;;923
2022;Tivissa;total;homes;població;;837
2022;Tivissa;total;dones;població;;806
2022;Tivissa;total;total;població;;1643
2022;Tona;total;homes;població;;4140
2022;Tona;total;dones;població;;4228
2022;Tona;total;total;població;;8368
2022;Torà;total;homes;població;;613
2022;Torà;total;dones;població;;611
2022;Torà;total;total;població;;1224
2022;Tordera;total;homes;població;;9134
2022;Tordera;total;dones;població;;8888
2022;Tordera;total;total;població;;18022
2022;Torelló;total;homes;població;;7365
2022;Torelló;total;dones;població;;7361
2022;Torelló;total;total;població;;14726
2022;Torms, els;total;homes;població;;77
2022;Torms, els;total;dones;població;;72
2022;Torms, els;total;total;població;;149
2022;Tornabous;total;homes;població;;456
2022;Tornabous;total;dones;població;;391
2022;Tornabous;total;total;població;;847
2022;Torre de Cabdella, la;total;homes;població;;389
2022;Torre de Cabdella, la;total;dones;població;;375
2022;Torre de Cabdella, la;total;total;població;;764
2022;Torre de Claramunt, la;total;homes;població;;2058
2022;Torre de Claramunt, la;total;dones;població;;1908
2022;Torre de Claramunt, la;total;total;població;;3966
2022;Torre de Fontaubella, la;total;homes;població;;65
2022;Torre de Fontaubella, la;total;dones;població;;60
2022;Torre de Fontaubella, la;total;total;població;;125
2022;Torre de l'Espanyol, la;total;homes;població;;309
2022;Torre de l'Espanyol, la;total;dones;població;;289
2022;Torre de l'Espanyol, la;total;total;població;;598
2022;Torrebesses;total;homes;població;;168
2022;Torrebesses;total;dones;població;;132
2022;Torrebesses;total;total;població;;300
2022;Torredembarra;total;homes;població;;8437
2022;Torredembarra;total;dones;població;;8819
2022;Torredembarra;total;total;població;;17256
2022;Torrefarrera;total;homes;població;;2393
2022;Torrefarrera;total;dones;població;;2337
2022;Torrefarrera;total;total;població;;4730
2022;Torrefeta i Florejacs;total;homes;població;;340
2022;Torrefeta i Florejacs;total;dones;població;;281
2022;Torrefeta i Florejacs;total;total;població;;621
2022;Torregrossa;total;homes;població;;1121
2022;Torregrossa;total;dones;població;;1034
2022;Torregrossa;total;total;població;;2155
2022;Torrelameu;total;homes;població;;460
2022;Torrelameu;total;dones;població;;305
2022;Torrelameu;total;total;població;;765
2022;Torrelavit;total;homes;població;;748
2022;Torrelavit;total;dones;població;;709
2022;Torrelavit;total;total;població;;1457
2022;Torrelles de Foix;total;homes;població;;1359
2022;Torrelles de Foix;total;dones;població;;1198
2022;Torrelles de Foix;total;total;població;;2557
2022;Torrelles de Llobregat;total;homes;població;;3072
2022;Torrelles de Llobregat;total;dones;població;;3114
2022;Torrelles de Llobregat;total;total;població;;6186
2022;Torrent;total;homes;població;;92
2022;Torrent;total;dones;població;;74
2022;Torrent;total;total;població;;166
2022;Torres de Segre;total;homes;població;;1171
2022;Torres de Segre;total;dones;població;;1077
2022;Torres de Segre;total;total;població;;2248
2022;Torre-serona;total;homes;població;;204
2022;Torre-serona;total;dones;població;;183
2022;Torre-serona;total;total;població;;387
2022;Torroella de Fluvià;total;homes;població;;378
2022;Torroella de Fluvià;total;dones;població;;363
2022;Torroella de Fluvià;total;total;població;;741
2022;Torroella de Montgrí;total;homes;població;;6143
2022;Torroella de Montgrí;total;dones;població;;5918
2022;Torroella de Montgrí;total;total;població;;12061
2022;Torroja del Priorat;total;homes;població;;79
2022;Torroja del Priorat;total;dones;població;;62
2022;Torroja del Priorat;total;total;població;;141
2022;Tortellà;total;homes;població;;391
2022;Tortellà;total;dones;població;;432
2022;Tortellà;total;total;població;;823
2022;Tortosa;total;homes;població;;16886
2022;Tortosa;total;dones;població;;17004
2022;Tortosa;total;total;població;;33890
2022;Toses;total;homes;població;;104
2022;Toses;total;dones;població;;81
2022;Toses;total;total;població;;185
2022;Tossa de Mar;total;homes;població;;3052
2022;Tossa de Mar;total;dones;població;;2904
2022;Tossa de Mar;total;total;població;;5956
2022;Tremp;total;homes;població;;2878
2022;Tremp;total;dones;població;;2969
2022;Tremp;total;total;població;;5847
2022;Ullà;total;homes;població;;655
2022;Ullà;total;dones;població;;540
2022;Ullà;total;total;població;;1195
2022;Ullastrell;total;homes;població;;1060
2022;Ullastrell;total;dones;població;;1079
2022;Ullastrell;total;total;població;;2139
2022;Ullastret;total;homes;població;;127
2022;Ullastret;total;dones;població;;123
2022;Ullastret;total;total;població;;250
2022;Ulldecona;total;homes;població;;3296
2022;Ulldecona;total;dones;població;;2945
2022;Ulldecona;total;total;població;;6241
2022;Ulldemolins;total;homes;població;;222
2022;Ulldemolins;total;dones;població;;187
2022;Ulldemolins;total;total;població;;409
2022;Ultramort;total;homes;població;;116
2022;Ultramort;total;dones;població;;108
2022;Ultramort;total;total;població;;224
2022;Urús;total;homes;població;;112
2022;Urús;total;dones;població;;102
2022;Urús;total;total;població;;214
2022;Vacarisses;total;homes;població;;3779
2022;Vacarisses;total;dones;població;;3546
2022;Vacarisses;total;total;població;;7325
2022;Vajol, la;total;homes;població;;49
2022;Vajol, la;total;dones;població;;38
2022;Vajol, la;total;total;població;;87
2022;Vall d'en Bas, la;total;homes;població;;1590
2022;Vall d'en Bas, la;total;dones;població;;1553
2022;Vall d'en Bas, la;total;total;població;;3143
2022;Vall de Bianya, la;total;homes;població;;673
2022;Vall de Bianya, la;total;dones;població;;672
2022;Vall de Bianya, la;total;total;població;;1345
2022;Vall de Boí, la;total;homes;població;;581
2022;Vall de Boí, la;total;dones;població;;509
2022;Vall de Boí, la;total;total;població;;1090
2022;Vall de Cardós;total;homes;població;;212
2022;Vall de Cardós;total;dones;població;;174
2022;Vall de Cardós;total;total;població;;386
2022;Vallbona d'Anoia;total;homes;població;;713
2022;Vallbona d'Anoia;total;dones;població;;674
2022;Vallbona d'Anoia;total;total;població;;1387
2022;Vallbona de les Monges;total;homes;població;;118
2022;Vallbona de les Monges;total;dones;població;;109
2022;Vallbona de les Monges;total;total;població;;227
2022;Vallcebre;total;homes;població;;144
2022;Vallcebre;total;dones;població;;124
2022;Vallcebre;total;total;població;;268
2022;Vallclara;total;homes;població;;54
2022;Vallclara;total;dones;població;;34
2022;Vallclara;total;total;població;;88
2022;Vallfogona de Balaguer;total;homes;població;;968
2022;Vallfogona de Balaguer;total;dones;població;;967
2022;Vallfogona de Balaguer;total;total;població;;1935
2022;Vallfogona de Ripollès;total;homes;població;;116
2022;Vallfogona de Ripollès;total;dones;població;;106
2022;Vallfogona de Ripollès;total;total;població;;222
2022;Vallfogona de Riucorb;total;homes;població;;52
2022;Vallfogona de Riucorb;total;dones;població;;37
2022;Vallfogona de Riucorb;total;total;població;;89
2022;Vallgorguina;total;homes;població;;1603
2022;Vallgorguina;total;dones;població;;1541
2022;Vallgorguina;total;total;població;;3144
2022;Vallirana;total;homes;població;;7803
2022;Vallirana;total;dones;població;;7855
2022;Vallirana;total;total;població;;15658
2022;Vall-llobrega;total;homes;població;;463
2022;Vall-llobrega;total;dones;població;;463
2022;Vall-llobrega;total;total;població;;926
2022;Vallmoll;total;homes;població;;949
2022;Vallmoll;total;dones;població;;933
2022;Vallmoll;total;total;població;;1882
2022;Vallromanes;total;homes;població;;1357
2022;Vallromanes;total;dones;població;;1275
2022;Vallromanes;total;total;població;;2632
2022;Valls;total;homes;població;;12443
2022;Valls;total;dones;població;;12284
2022;Valls;total;total;població;;24727
2022;Valls d'Aguilar, les;total;homes;població;;153
2022;Valls d'Aguilar, les;total;dones;població;;121
2022;Valls d'Aguilar, les;total;total;població;;274
2022;Valls de Valira, les;total;homes;població;;411
2022;Valls de Valira, les;total;dones;població;;383
2022;Valls de Valira, les;total;total;població;;794
2022;Vandellòs i l'Hospitalet de l'Infant;total;homes;població;;3366
2022;Vandellòs i l'Hospitalet de l'Infant;total;dones;població;;3384
2022;Vandellòs i l'Hospitalet de l'Infant;total;total;població;;6750
2022;Vansa i Fórnols, la;total;homes;població;;85
2022;Vansa i Fórnols, la;total;dones;població;;81
2022;Vansa i Fórnols, la;total;total;població;;166
2022;Veciana;total;homes;població;;100
2022;Veciana;total;dones;població;;82
2022;Veciana;total;total;població;;182
2022;Vendrell, el;total;homes;població;;19298
2022;Vendrell, el;total;dones;població;;19774
2022;Vendrell, el;total;total;població;;39072
2022;Ventalló;total;homes;població;;456
2022;Ventalló;total;dones;població;;455
2022;Ventalló;total;total;població;;911
2022;Verdú;total;homes;població;;395
2022;Verdú;total;dones;població;;456
2022;Verdú;total;total;població;;851
2022;Verges;total;homes;població;;576
2022;Verges;total;dones;població;;586
2022;Verges;total;total;població;;1162
2022;Vespella de Gaià;total;homes;població;;266
2022;Vespella de Gaià;total;dones;població;;230
2022;Vespella de Gaià;total;total;població;;496
2022;Vic;total;homes;població;;24069
2022;Vic;total;dones;població;;23476
2022;Vic;total;total;població;;47545
2022;Vidrà;total;homes;població;;91
2022;Vidrà;total;dones;població;;90
2022;Vidrà;total;total;població;;181
2022;Vidreres;total;homes;població;;4217
2022;Vidreres;total;dones;població;;3950
2022;Vidreres;total;total;població;;8167
2022;Vielha e Mijaran;total;homes;població;;2852
2022;Vielha e Mijaran;total;dones;població;;2729
2022;Vielha e Mijaran;total;total;població;;5581
2022;Vilabella;total;homes;població;;367
2022;Vilabella;total;dones;població;;344
2022;Vilabella;total;total;població;;711
2022;Vilabertran;total;homes;població;;497
2022;Vilabertran;total;dones;població;;494
2022;Vilabertran;total;total;població;;991
2022;Vilablareix;total;homes;població;;1691
2022;Vilablareix;total;dones;població;;1705
2022;Vilablareix;total;total;població;;3396
2022;Vilada;total;homes;població;;237
2022;Vilada;total;dones;població;;202
2022;Vilada;total;total;població;;439
2022;Viladamat;total;homes;població;;242
2022;Viladamat;total;dones;població;;237
2022;Viladamat;total;total;població;;479
2022;Viladasens;total;homes;població;;116
2022;Viladasens;total;dones;població;;100
2022;Viladasens;total;total;població;;216
2022;Viladecans;total;homes;població;;32992
2022;Viladecans;total;dones;població;;33728
2022;Viladecans;total;total;població;;66720
2022;Viladecavalls;total;homes;població;;3794
2022;Viladecavalls;total;dones;població;;3850
2022;Viladecavalls;total;total;població;;7644
2022;Vilademuls;total;homes;població;;437
2022;Vilademuls;total;dones;població;;403
2022;Vilademuls;total;total;població;;840
2022;Viladrau;total;homes;població;;556
2022;Viladrau;total;dones;població;;547
2022;Viladrau;total;total;població;;1103
2022;Vilafant;total;homes;població;;2740
2022;Vilafant;total;dones;població;;2822
2022;Vilafant;total;total;població;;5562
2022;Vilafranca del Penedès;total;homes;població;;19469
2022;Vilafranca del Penedès;total;dones;població;;20587
2022;Vilafranca del Penedès;total;total;població;;40056
2022;Vilagrassa;total;homes;població;;324
2022;Vilagrassa;total;dones;població;;281
2022;Vilagrassa;total;total;població;;605
2022;Vilajuïga;total;homes;població;;567
2022;Vilajuïga;total;dones;població;;575
2022;Vilajuïga;total;total;població;;1142
2022;Vilalba dels Arcs;total;homes;població;;317
2022;Vilalba dels Arcs;total;dones;població;;317
2022;Vilalba dels Arcs;total;total;població;;634
2022;Vilalba Sasserra;total;homes;població;;379
2022;Vilalba Sasserra;total;dones;població;;369
2022;Vilalba Sasserra;total;total;població;;748
2022;Vilaller;total;homes;població;;286
2022;Vilaller;total;dones;població;;246
2022;Vilaller;total;total;població;;532
2022;Vilallonga de Ter;total;homes;població;;224
2022;Vilallonga de Ter;total;dones;població;;186
2022;Vilallonga de Ter;total;total;població;;410
2022;Vilallonga del Camp;total;homes;població;;1214
2022;Vilallonga del Camp;total;dones;població;;1184
2022;Vilallonga del Camp;total;total;població;;2398
2022;Vilamacolum;total;homes;població;;222
2022;Vilamacolum;total;dones;població;;164
2022;Vilamacolum;total;total;població;;386
2022;Vilamalla;total;homes;població;;593
2022;Vilamalla;total;dones;població;;573
2022;Vilamalla;total;total;població;;1166
2022;Vilamaniscle;total;homes;població;;113
2022;Vilamaniscle;total;dones;població;;91
2022;Vilamaniscle;total;total;població;;204
2022;Vilamòs;total;homes;població;;99
2022;Vilamòs;total;dones;població;;73
2022;Vilamòs;total;total;població;;172
2022;Vilanant;total;homes;població;;199
2022;Vilanant;total;dones;població;;202
2022;Vilanant;total;total;població;;401
2022;Vilanova d'Escornalbou;total;homes;població;;309
2022;Vilanova d'Escornalbou;total;dones;població;;285
2022;Vilanova d'Escornalbou;total;total;població;;594
2022;Vilanova de Bellpuig;total;homes;població;;596
2022;Vilanova de Bellpuig;total;dones;població;;583
2022;Vilanova de Bellpuig;total;total;població;;1179
2022;Vilanova de l'Aguda;total;homes;població;;99
2022;Vilanova de l'Aguda;total;dones;població;;101
2022;Vilanova de l'Aguda;total;total;població;;200
2022;Vilanova de la Barca;total;homes;població;;611
2022;Vilanova de la Barca;total;dones;població;;499
2022;Vilanova de la Barca;total;total;població;;1110
2022;Vilanova de Meià;total;homes;població;;249
2022;Vilanova de Meià;total;dones;població;;164
2022;Vilanova de Meià;total;total;població;;413
2022;Vilanova de Prades;total;homes;població;;55
2022;Vilanova de Prades;total;dones;població;;52
2022;Vilanova de Prades;total;total;població;;107
2022;Vilanova de Sau;total;homes;població;;153
2022;Vilanova de Sau;total;dones;població;;167
2022;Vilanova de Sau;total;total;població;;320
2022;Vilanova de Segrià;total;homes;població;;547
2022;Vilanova de Segrià;total;dones;població;;474
2022;Vilanova de Segrià;total;total;població;;1021
2022;Vilanova del Camí;total;homes;població;;6370
2022;Vilanova del Camí;total;dones;població;;6329
2022;Vilanova del Camí;total;total;població;;12699
2022;Vilanova del Vallès;total;homes;població;;2809
2022;Vilanova del Vallès;total;dones;població;;2748
2022;Vilanova del Vallès;total;total;població;;5557
2022;Vilanova i la Geltrú;total;homes;població;;32987
2022;Vilanova i la Geltrú;total;dones;població;;35165
2022;Vilanova i la Geltrú;total;total;població;;68152
2022;Vilaplana;total;homes;població;;286
2022;Vilaplana;total;dones;població;;254
2022;Vilaplana;total;total;població;;540
2022;Vila-rodona;total;homes;població;;713
2022;Vila-rodona;total;dones;població;;628
2022;Vila-rodona;total;total;població;;1341
2022;Vila-sacra;total;homes;població;;377
2022;Vila-sacra;total;dones;població;;408
2022;Vila-sacra;total;total;població;;785
2022;Vila-sana;total;homes;població;;380
2022;Vila-sana;total;dones;població;;387
2022;Vila-sana;total;total;població;;767
2022;Vila-seca;total;homes;població;;11410
2022;Vila-seca;total;dones;població;;11271
2022;Vila-seca;total;total;població;;22681
2022;Vilassar de Dalt;total;homes;població;;4521
2022;Vilassar de Dalt;total;dones;població;;4607
2022;Vilassar de Dalt;total;total;població;;9128
2022;Vilassar de Mar;total;homes;població;;10148
2022;Vilassar de Mar;total;dones;població;;10919
2022;Vilassar de Mar;total;total;població;;21067
2022;Vilaür;total;homes;població;;84
2022;Vilaür;total;dones;població;;78
2022;Vilaür;total;total;població;;162
2022;Vilaverd;total;homes;població;;247
2022;Vilaverd;total;dones;població;;206
2022;Vilaverd;total;total;població;;453
2022;Vilella Alta, la;total;homes;població;;72
2022;Vilella Alta, la;total;dones;població;;64
2022;Vilella Alta, la;total;total;població;;136
2022;Vilella Baixa, la;total;homes;població;;112
2022;Vilella Baixa, la;total;dones;població;;90
2022;Vilella Baixa, la;total;total;població;;202
2022;Vilobí d'Onyar;total;homes;població;;1701
2022;Vilobí d'Onyar;total;dones;població;;1603
2022;Vilobí d'Onyar;total;total;població;;3304
2022;Vilobí del Penedès;total;homes;població;;589
2022;Vilobí del Penedès;total;dones;població;;541
2022;Vilobí del Penedès;total;total;població;;1130
2022;Vilopriu;total;homes;població;;119
2022;Vilopriu;total;dones;població;;104
2022;Vilopriu;total;total;població;;223
2022;Vilosell, el;total;homes;població;;103
2022;Vilosell, el;total;dones;població;;92
2022;Vilosell, el;total;total;població;;195
2022;Vimbodí i Poblet;total;homes;població;;479
2022;Vimbodí i Poblet;total;dones;població;;405
2022;Vimbodí i Poblet;total;total;població;;884
2022;Vinaixa;total;homes;població;;244
2022;Vinaixa;total;dones;població;;221
2022;Vinaixa;total;total;població;;465
2022;Vinebre;total;homes;població;;214
2022;Vinebre;total;dones;població;;193
2022;Vinebre;total;total;població;;407
2022;Vinyols i els Arcs;total;homes;població;;1176
2022;Vinyols i els Arcs;total;dones;població;;1082
2022;Vinyols i els Arcs;total;total;població;;2258
2022;Viver i Serrateix;total;homes;població;;85
2022;Viver i Serrateix;total;dones;població;;81
2022;Viver i Serrateix;total;total;població;;166
2022;Xerta;total;homes;població;;570
2022;Xerta;total;dones;població;;580
2022;Xerta;total;total;població;;1150
2022;Catalunya;total;homes;població;;3833786
2022;Catalunya;total;dones;població;;3958825
2022;Catalunya;total;total;població;;7792611
