any;municipi;edat any a any;sexe;concepte;estat;valor
2005;Abella de la Conca;total;homes;població;;99
2005;Abella de la Conca;total;dones;població;;84
2005;Abella de la Conca;total;total;població;;183
2005;Abrera;total;homes;població;;5088
2005;Abrera;total;dones;població;;4751
2005;Abrera;total;total;població;;9839
2005;Àger;total;homes;població;;268
2005;Àger;total;dones;població;;217
2005;Àger;total;total;població;;485
2005;Agramunt;total;homes;població;;2833
2005;Agramunt;total;dones;població;;2522
2005;Agramunt;total;total;població;;5355
2005;Aguilar de Segarra;total;homes;població;;123
2005;Aguilar de Segarra;total;dones;població;;112
2005;Aguilar de Segarra;total;total;població;;235
2005;Agullana;total;homes;població;;393
2005;Agullana;total;dones;població;;366
2005;Agullana;total;total;població;;759
2005;Aiguafreda;total;homes;població;;1122
2005;Aiguafreda;total;dones;població;;1186
2005;Aiguafreda;total;total;població;;2308
2005;Aiguamúrcia;total;homes;població;;392
2005;Aiguamúrcia;total;dones;població;;327
2005;Aiguamúrcia;total;total;població;;719
2005;Aiguaviva;total;homes;població;;304
2005;Aiguaviva;total;dones;població;;297
2005;Aiguaviva;total;total;població;;601
2005;Aitona;total;homes;població;;1211
2005;Aitona;total;dones;població;;1111
2005;Aitona;total;total;població;;2322
2005;Alamús, els;total;homes;població;;384
2005;Alamús, els;total;dones;població;;350
2005;Alamús, els;total;total;població;;734
2005;Alàs i Cerc;total;homes;població;;225
2005;Alàs i Cerc;total;dones;població;;181
2005;Alàs i Cerc;total;total;població;;406
2005;Albagés, l';total;homes;població;;263
2005;Albagés, l';total;dones;població;;228
2005;Albagés, l';total;total;població;;491
2005;Albanyà;total;homes;població;;72
2005;Albanyà;total;dones;població;;59
2005;Albanyà;total;total;població;;131
2005;Albatàrrec;total;homes;població;;776
2005;Albatàrrec;total;dones;població;;668
2005;Albatàrrec;total;total;població;;1444
2005;Albesa;total;homes;població;;785
2005;Albesa;total;dones;població;;776
2005;Albesa;total;total;població;;1561
2005;Albi, l';total;homes;població;;433
2005;Albi, l';total;dones;població;;404
2005;Albi, l';total;total;població;;837
2005;Albinyana;total;homes;població;;1041
2005;Albinyana;total;dones;població;;995
2005;Albinyana;total;total;població;;2036
2005;Albiol, l';total;homes;població;;173
2005;Albiol, l';total;dones;població;;160
2005;Albiol, l';total;total;població;;333
2005;Albons;total;homes;població;;308
2005;Albons;total;dones;població;;281
2005;Albons;total;total;població;;589
2005;Alcanar;total;homes;població;;4793
2005;Alcanar;total;dones;població;;4518
2005;Alcanar;total;total;població;;9311
2005;Alcanó;total;homes;població;;127
2005;Alcanó;total;dones;població;;124
2005;Alcanó;total;total;població;;251
2005;Alcarràs;total;homes;població;;2641
2005;Alcarràs;total;dones;població;;2600
2005;Alcarràs;total;total;població;;5241
2005;Alcoletge;total;homes;població;;1112
2005;Alcoletge;total;dones;població;;981
2005;Alcoletge;total;total;població;;2093
2005;Alcover;total;homes;població;;2273
2005;Alcover;total;dones;població;;2132
2005;Alcover;total;total;població;;4405
2005;Aldea, l';total;homes;població;;1916
2005;Aldea, l';total;dones;població;;1777
2005;Aldea, l';total;total;població;;3693
2005;Aldover;total;homes;població;;405
2005;Aldover;total;dones;població;;428
2005;Aldover;total;total;població;;833
2005;Aleixar, l';total;homes;població;;390
2005;Aleixar, l';total;dones;població;;377
2005;Aleixar, l';total;total;població;;767
2005;Alella;total;homes;població;;4427
2005;Alella;total;dones;població;;4513
2005;Alella;total;total;població;;8940
2005;Alfara de Carles;total;homes;població;;189
2005;Alfara de Carles;total;dones;població;;171
2005;Alfara de Carles;total;total;població;;360
2005;Alfarràs;total;homes;població;;1705
2005;Alfarràs;total;dones;població;;1555
2005;Alfarràs;total;total;població;;3260
2005;Alfés;total;homes;població;;171
2005;Alfés;total;dones;població;;147
2005;Alfés;total;total;població;;318
2005;Alforja;total;homes;població;;770
2005;Alforja;total;dones;població;;718
2005;Alforja;total;total;població;;1488
2005;Algerri;total;homes;població;;241
2005;Algerri;total;dones;població;;241
2005;Algerri;total;total;població;;482
2005;Alguaire;total;homes;població;;1580
2005;Alguaire;total;dones;població;;1443
2005;Alguaire;total;total;població;;3023
2005;Alins;total;homes;població;;126
2005;Alins;total;dones;població;;122
2005;Alins;total;total;població;;248
2005;Alió;total;homes;població;;194
2005;Alió;total;dones;població;;190
2005;Alió;total;total;població;;384
2005;Almacelles;total;homes;població;;3173
2005;Almacelles;total;dones;població;;2883
2005;Almacelles;total;total;població;;6056
2005;Almatret;total;homes;població;;239
2005;Almatret;total;dones;població;;211
2005;Almatret;total;total;població;;450
2005;Almenar;total;homes;població;;1890
2005;Almenar;total;dones;població;;1709
2005;Almenar;total;total;població;;3599
2005;Almoster;total;homes;població;;586
2005;Almoster;total;dones;població;;554
2005;Almoster;total;total;població;;1140
2005;Alòs de Balaguer;total;homes;població;;103
2005;Alòs de Balaguer;total;dones;població;;76
2005;Alòs de Balaguer;total;total;població;;179
2005;Alp;total;homes;població;;726
2005;Alp;total;dones;població;;663
2005;Alp;total;total;població;;1389
2005;Alpens;total;homes;població;;153
2005;Alpens;total;dones;població;;135
2005;Alpens;total;total;població;;288
2005;Alpicat;total;homes;població;;2486
2005;Alpicat;total;dones;població;;2498
2005;Alpicat;total;total;població;;4984
2005;Alt Àneu;total;homes;població;;258
2005;Alt Àneu;total;dones;població;;196
2005;Alt Àneu;total;total;població;;454
2005;Altafulla;total;homes;població;;2011
2005;Altafulla;total;dones;població;;1982
2005;Altafulla;total;total;població;;3993
2005;Amer;total;homes;població;;1111
2005;Amer;total;dones;població;;1126
2005;Amer;total;total;població;;2237
2005;Ametlla de Mar, l';total;homes;població;;3318
2005;Ametlla de Mar, l';total;dones;població;;3120
2005;Ametlla de Mar, l';total;total;població;;6438
2005;Ametlla del Vallès, l';total;homes;població;;3652
2005;Ametlla del Vallès, l';total;dones;població;;3667
2005;Ametlla del Vallès, l';total;total;població;;7319
2005;Ampolla, l';total;homes;població;;1278
2005;Ampolla, l';total;dones;població;;1240
2005;Ampolla, l';total;total;població;;2518
2005;Amposta;total;homes;població;;9463
2005;Amposta;total;dones;població;;9256
2005;Amposta;total;total;població;;18719
2005;Anglès;total;homes;població;;2687
2005;Anglès;total;dones;població;;2504
2005;Anglès;total;total;població;;5191
2005;Anglesola;total;homes;població;;656
2005;Anglesola;total;dones;població;;634
2005;Anglesola;total;total;població;;1290
2005;Arbeca;total;homes;població;;1265
2005;Arbeca;total;dones;població;;1219
2005;Arbeca;total;total;població;;2484
2005;Arboç, l';total;homes;població;;2464
2005;Arboç, l';total;dones;població;;2098
2005;Arboç, l';total;total;població;;4562
2005;Arbolí;total;homes;població;;61
2005;Arbolí;total;dones;població;;51
2005;Arbolí;total;total;població;;112
2005;Arbúcies;total;homes;població;;3208
2005;Arbúcies;total;dones;població;;2794
2005;Arbúcies;total;total;població;;6002
2005;Arenys de Mar;total;homes;població;;6760
2005;Arenys de Mar;total;dones;població;;7100
2005;Arenys de Mar;total;total;població;;13860
2005;Arenys de Munt;total;homes;població;;3682
2005;Arenys de Munt;total;dones;població;;3687
2005;Arenys de Munt;total;total;població;;7369
2005;Argelaguer;total;homes;població;;218
2005;Argelaguer;total;dones;població;;190
2005;Argelaguer;total;total;població;;408
2005;Argençola;total;homes;població;;117
2005;Argençola;total;dones;població;;93
2005;Argençola;total;total;població;;210
2005;Argentera, l';total;homes;població;;94
2005;Argentera, l';total;dones;població;;67
2005;Argentera, l';total;total;població;;161
2005;Argentona;total;homes;població;;5374
2005;Argentona;total;dones;població;;5494
2005;Argentona;total;total;població;;10868
2005;Armentera, l';total;homes;població;;379
2005;Armentera, l';total;dones;població;;386
2005;Armentera, l';total;total;població;;765
2005;Arnes;total;homes;població;;268
2005;Arnes;total;dones;població;;246
2005;Arnes;total;total;població;;514
2005;Arres;total;homes;població;;39
2005;Arres;total;dones;població;;28
2005;Arres;total;total;població;;67
2005;Arsèguel;total;homes;població;;46
2005;Arsèguel;total;dones;població;;46
2005;Arsèguel;total;total;població;;92
2005;Artés;total;homes;població;;2499
2005;Artés;total;dones;població;;2450
2005;Artés;total;total;població;;4949
2005;Artesa de Lleida;total;homes;població;;744
2005;Artesa de Lleida;total;dones;població;;670
2005;Artesa de Lleida;total;total;població;;1414
2005;Artesa de Segre;total;homes;població;;1940
2005;Artesa de Segre;total;dones;població;;1756
2005;Artesa de Segre;total;total;població;;3696
2005;Ascó;total;homes;població;;806
2005;Ascó;total;dones;població;;795
2005;Ascó;total;total;població;;1601
2005;Aspa;total;homes;població;;130
2005;Aspa;total;dones;població;;133
2005;Aspa;total;total;població;;263
2005;Avellanes i Santa Linya, les;total;homes;població;;260
2005;Avellanes i Santa Linya, les;total;dones;població;;207
2005;Avellanes i Santa Linya, les;total;total;població;;467
2005;Avià;total;homes;població;;1016
2005;Avià;total;dones;població;;999
2005;Avià;total;total;població;;2015
2005;Avinyó;total;homes;població;;1038
2005;Avinyó;total;dones;població;;1029
2005;Avinyó;total;total;població;;2067
2005;Avinyonet de Puigventós;total;homes;població;;557
2005;Avinyonet de Puigventós;total;dones;població;;544
2005;Avinyonet de Puigventós;total;total;població;;1101
2005;Avinyonet del Penedès;total;homes;població;;822
2005;Avinyonet del Penedès;total;dones;població;;707
2005;Avinyonet del Penedès;total;total;població;;1529
2005;Badalona;total;homes;població;;109979
2005;Badalona;total;dones;població;;108574
2005;Badalona;total;total;població;;218553
2005;Badia del Vallès;total;homes;població;;7091
2005;Badia del Vallès;total;dones;població;;7139
2005;Badia del Vallès;total;total;població;;14230
2005;Bagà;total;homes;població;;1056
2005;Bagà;total;dones;població;;1104
2005;Bagà;total;total;població;;2160
2005;Baix Pallars;total;homes;població;;213
2005;Baix Pallars;total;dones;població;;167
2005;Baix Pallars;total;total;població;;380
2005;Balaguer;total;homes;població;;7686
2005;Balaguer;total;dones;població;;7595
2005;Balaguer;total;total;població;;15281
2005;Balenyà;total;homes;població;;1699
2005;Balenyà;total;dones;població;;1722
2005;Balenyà;total;total;població;;3421
2005;Balsareny;total;homes;població;;1620
2005;Balsareny;total;dones;població;;1657
2005;Balsareny;total;total;població;;3277
2005;Banyeres del Penedès;total;homes;població;;1211
2005;Banyeres del Penedès;total;dones;població;;1092
2005;Banyeres del Penedès;total;total;població;;2303
2005;Banyoles;total;homes;població;;8499
2005;Banyoles;total;dones;població;;8439
2005;Banyoles;total;total;població;;16938
2005;Barbens;total;homes;població;;458
2005;Barbens;total;dones;població;;374
2005;Barbens;total;total;població;;832
2005;Barberà de la Conca;total;homes;població;;252
2005;Barberà de la Conca;total;dones;població;;236
2005;Barberà de la Conca;total;total;població;;488
2005;Barberà del Vallès;total;homes;població;;13916
2005;Barberà del Vallès;total;dones;població;;13911
2005;Barberà del Vallès;total;total;població;;27827
2005;Barcelona;total;homes;població;;754463
2005;Barcelona;total;dones;població;;838612
2005;Barcelona;total;total;població;;1593075
2005;Baronia de Rialb, la;total;homes;població;;150
2005;Baronia de Rialb, la;total;dones;població;;127
2005;Baronia de Rialb, la;total;total;població;;277
2005;Bàscara;total;homes;població;;464
2005;Bàscara;total;dones;població;;413
2005;Bàscara;total;total;població;;877
2005;Bassella;total;homes;població;;134
2005;Bassella;total;dones;població;;127
2005;Bassella;total;total;població;;261
2005;Batea;total;homes;població;;1068
2005;Batea;total;dones;població;;1026
2005;Batea;total;total;població;;2094
2005;Bausen;total;homes;població;;33
2005;Bausen;total;dones;població;;19
2005;Bausen;total;total;població;;52
2005;Begues;total;homes;població;;2741
2005;Begues;total;dones;població;;2729
2005;Begues;total;total;població;;5470
2005;Begur;total;homes;població;;2051
2005;Begur;total;dones;població;;1935
2005;Begur;total;total;població;;3986
2005;Belianes;total;homes;població;;319
2005;Belianes;total;dones;població;;296
2005;Belianes;total;total;població;;615
2005;Bellaguarda;total;homes;població;;189
2005;Bellaguarda;total;dones;població;;171
2005;Bellaguarda;total;total;població;;360
2005;Bellcaire d'Empordà;total;homes;població;;346
2005;Bellcaire d'Empordà;total;dones;població;;322
2005;Bellcaire d'Empordà;total;total;població;;668
2005;Bellcaire d'Urgell;total;homes;població;;611
2005;Bellcaire d'Urgell;total;dones;població;;663
2005;Bellcaire d'Urgell;total;total;població;;1274
2005;Bell-lloc d'Urgell;total;homes;població;;1120
2005;Bell-lloc d'Urgell;total;dones;població;;1135
2005;Bell-lloc d'Urgell;total;total;població;;2255
2005;Bellmunt d'Urgell;total;homes;població;;108
2005;Bellmunt d'Urgell;total;dones;població;;120
2005;Bellmunt d'Urgell;total;total;població;;228
2005;Bellmunt del Priorat;total;homes;població;;162
2005;Bellmunt del Priorat;total;dones;població;;158
2005;Bellmunt del Priorat;total;total;població;;320
2005;Bellprat;total;homes;població;;50
2005;Bellprat;total;dones;població;;39
2005;Bellprat;total;total;població;;89
2005;Bellpuig;total;homes;població;;2259
2005;Bellpuig;total;dones;població;;2117
2005;Bellpuig;total;total;població;;4376
2005;Bellvei;total;homes;població;;883
2005;Bellvei;total;dones;població;;760
2005;Bellvei;total;total;població;;1643
2005;Bellver de Cerdanya;total;homes;població;;953
2005;Bellver de Cerdanya;total;dones;població;;856
2005;Bellver de Cerdanya;total;total;població;;1809
2005;Bellvís;total;homes;població;;1184
2005;Bellvís;total;dones;població;;1110
2005;Bellvís;total;total;població;;2294
2005;Benavent de Segrià;total;homes;població;;629
2005;Benavent de Segrià;total;dones;població;;588
2005;Benavent de Segrià;total;total;població;;1217
2005;Benifallet;total;homes;població;;401
2005;Benifallet;total;dones;població;;409
2005;Benifallet;total;total;població;;810
2005;Benissanet;total;homes;població;;617
2005;Benissanet;total;dones;població;;552
2005;Benissanet;total;total;població;;1169
2005;Berga;total;homes;població;;7977
2005;Berga;total;dones;població;;8198
2005;Berga;total;total;població;;16175
2005;Besalú;total;homes;població;;1088
2005;Besalú;total;dones;població;;1123
2005;Besalú;total;total;població;;2211
2005;Bescanó;total;homes;població;;1893
2005;Bescanó;total;dones;població;;1869
2005;Bescanó;total;total;població;;3762
2005;Beuda;total;homes;població;;75
2005;Beuda;total;dones;població;;72
2005;Beuda;total;total;població;;147
2005;Bigues i Riells del Fai;total;homes;població;;3708
2005;Bigues i Riells del Fai;total;dones;població;;3447
2005;Bigues i Riells del Fai;total;total;població;;7155
2005;Biosca;total;homes;població;;120
2005;Biosca;total;dones;població;;115
2005;Biosca;total;total;població;;235
2005;Bisbal d'Empordà, la;total;homes;població;;4594
2005;Bisbal d'Empordà, la;total;dones;població;;4602
2005;Bisbal d'Empordà, la;total;total;població;;9196
2005;Bisbal de Montsant, la;total;homes;població;;136
2005;Bisbal de Montsant, la;total;dones;població;;118
2005;Bisbal de Montsant, la;total;total;població;;254
2005;Bisbal del Penedès, la;total;homes;població;;1427
2005;Bisbal del Penedès, la;total;dones;població;;1253
2005;Bisbal del Penedès, la;total;total;població;;2680
2005;Biure;total;homes;població;;120
2005;Biure;total;dones;població;;117
2005;Biure;total;total;població;;237
2005;Blancafort;total;homes;població;;222
2005;Blancafort;total;dones;població;;199
2005;Blancafort;total;total;població;;421
2005;Blanes;total;homes;població;;18503
2005;Blanes;total;dones;població;;18208
2005;Blanes;total;total;població;;36711
2005;Boadella i les Escaules;total;homes;població;;116
2005;Boadella i les Escaules;total;dones;població;;124
2005;Boadella i les Escaules;total;total;població;;240
2005;Bolvir;total;homes;població;;148
2005;Bolvir;total;dones;població;;139
2005;Bolvir;total;total;població;;287
2005;Bonastre;total;homes;població;;265
2005;Bonastre;total;dones;població;;229
2005;Bonastre;total;total;població;;494
2005;Bòrdes, Es;total;homes;població;;117
2005;Bòrdes, Es;total;dones;població;;118
2005;Bòrdes, Es;total;total;població;;235
2005;Bordils;total;homes;població;;776
2005;Bordils;total;dones;població;;725
2005;Bordils;total;total;població;;1501
2005;Borges Blanques, les;total;homes;població;;2799
2005;Borges Blanques, les;total;dones;població;;2720
2005;Borges Blanques, les;total;total;població;;5519
2005;Borges del Camp, les;total;homes;població;;932
2005;Borges del Camp, les;total;dones;població;;923
2005;Borges del Camp, les;total;total;població;;1855
2005;Borrassà;total;homes;població;;308
2005;Borrassà;total;dones;població;;278
2005;Borrassà;total;total;població;;586
2005;Borredà;total;homes;població;;266
2005;Borredà;total;dones;població;;252
2005;Borredà;total;total;població;;518
2005;Bossòst;total;homes;població;;533
2005;Bossòst;total;dones;població;;488
2005;Bossòst;total;total;població;;1021
2005;Bot;total;homes;població;;396
2005;Bot;total;dones;població;;387
2005;Bot;total;total;població;;783
2005;Botarell;total;homes;població;;497
2005;Botarell;total;dones;població;;436
2005;Botarell;total;total;població;;933
2005;Bovera;total;homes;població;;191
2005;Bovera;total;dones;població;;186
2005;Bovera;total;total;població;;377
2005;Bràfim;total;homes;població;;331
2005;Bràfim;total;dones;població;;305
2005;Bràfim;total;total;població;;636
2005;Breda;total;homes;població;;1853
2005;Breda;total;dones;població;;1772
2005;Breda;total;total;població;;3625
2005;Bruc, el;total;homes;població;;830
2005;Bruc, el;total;dones;població;;713
2005;Bruc, el;total;total;població;;1543
2005;Brull, el;total;homes;població;;108
2005;Brull, el;total;dones;població;;94
2005;Brull, el;total;total;població;;202
2005;Brunyola i Sant Martí Sapresa;total;homes;població;;178
2005;Brunyola i Sant Martí Sapresa;total;dones;població;;175
2005;Brunyola i Sant Martí Sapresa;total;total;població;;353
2005;Cabacés;total;homes;població;;180
2005;Cabacés;total;dones;població;;160
2005;Cabacés;total;total;població;;340
2005;Cabanabona;total;homes;població;;57
2005;Cabanabona;total;dones;població;;65
2005;Cabanabona;total;total;població;;122
2005;Cabanelles;total;homes;població;;141
2005;Cabanelles;total;dones;població;;108
2005;Cabanelles;total;total;població;;249
2005;Cabanes;total;homes;població;;475
2005;Cabanes;total;dones;població;;436
2005;Cabanes;total;total;població;;911
2005;Cabanyes, les;total;homes;població;;350
2005;Cabanyes, les;total;dones;població;;332
2005;Cabanyes, les;total;total;població;;682
2005;Cabó;total;homes;població;;61
2005;Cabó;total;dones;població;;47
2005;Cabó;total;total;població;;108
2005;Cabra del Camp;total;homes;població;;461
2005;Cabra del Camp;total;dones;població;;398
2005;Cabra del Camp;total;total;població;;859
2005;Cabrera d'Anoia;total;homes;població;;509
2005;Cabrera d'Anoia;total;dones;població;;435
2005;Cabrera d'Anoia;total;total;població;;944
2005;Cabrera de Mar;total;homes;població;;2102
2005;Cabrera de Mar;total;dones;població;;2017
2005;Cabrera de Mar;total;total;població;;4119
2005;Cabrils;total;homes;població;;3067
2005;Cabrils;total;dones;població;;3171
2005;Cabrils;total;total;població;;6238
2005;Cadaqués;total;homes;població;;1266
2005;Cadaqués;total;dones;població;;1357
2005;Cadaqués;total;total;població;;2623
2005;Calaf;total;homes;població;;1711
2005;Calaf;total;dones;població;;1560
2005;Calaf;total;total;població;;3271
2005;Calafell;total;homes;població;;9628
2005;Calafell;total;dones;població;;9277
2005;Calafell;total;total;població;;18905
2005;Calders;total;homes;població;;411
2005;Calders;total;dones;població;;399
2005;Calders;total;total;població;;810
2005;Caldes d'Estrac;total;homes;població;;1219
2005;Caldes d'Estrac;total;dones;població;;1289
2005;Caldes d'Estrac;total;total;població;;2508
2005;Caldes de Malavella;total;homes;població;;2664
2005;Caldes de Malavella;total;dones;població;;2616
2005;Caldes de Malavella;total;total;població;;5280
2005;Caldes de Montbui;total;homes;població;;7771
2005;Caldes de Montbui;total;dones;població;;7765
2005;Caldes de Montbui;total;total;població;;15536
2005;Calella;total;homes;població;;8413
2005;Calella;total;dones;població;;8514
2005;Calella;total;total;població;;16927
2005;Calldetenes;total;homes;població;;1140
2005;Calldetenes;total;dones;població;;1043
2005;Calldetenes;total;total;població;;2183
2005;Callús;total;homes;població;;722
2005;Callús;total;dones;població;;755
2005;Callús;total;total;població;;1477
2005;Calonge de Segarra;total;homes;població;;107
2005;Calonge de Segarra;total;dones;població;;99
2005;Calonge de Segarra;total;total;població;;206
2005;Calonge i Sant Antoni;total;homes;població;;4671
2005;Calonge i Sant Antoni;total;dones;població;;4491
2005;Calonge i Sant Antoni;total;total;població;;9162
2005;Camarasa;total;homes;població;;474
2005;Camarasa;total;dones;població;;452
2005;Camarasa;total;total;població;;926
2005;Camarles;total;homes;població;;1685
2005;Camarles;total;dones;població;;1594
2005;Camarles;total;total;població;;3279
2005;Cambrils;total;homes;població;;13123
2005;Cambrils;total;dones;població;;13086
2005;Cambrils;total;total;població;;26209
2005;Camós;total;homes;població;;350
2005;Camós;total;dones;població;;323
2005;Camós;total;total;població;;673
2005;Campdevànol;total;homes;població;;1711
2005;Campdevànol;total;dones;població;;1721
2005;Campdevànol;total;total;població;;3432
2005;Campelles;total;homes;població;;60
2005;Campelles;total;dones;població;;54
2005;Campelles;total;total;població;;114
2005;Campins;total;homes;població;;180
2005;Campins;total;dones;població;;174
2005;Campins;total;total;població;;354
2005;Campllong;total;homes;població;;188
2005;Campllong;total;dones;població;;180
2005;Campllong;total;total;població;;368
2005;Camprodon;total;homes;població;;1208
2005;Camprodon;total;dones;població;;1238
2005;Camprodon;total;total;població;;2446
2005;Canejan;total;homes;població;;56
2005;Canejan;total;dones;població;;51
2005;Canejan;total;total;població;;107
2005;Canet d'Adri;total;homes;població;;292
2005;Canet d'Adri;total;dones;població;;272
2005;Canet d'Adri;total;total;població;;564
2005;Canet de Mar;total;homes;població;;6149
2005;Canet de Mar;total;dones;població;;6280
2005;Canet de Mar;total;total;població;;12429
2005;Canonja, la;total;homes;població;..; 
2005;Canonja, la;total;dones;població;..; 
2005;Canonja, la;total;total;població;..; 
2005;Canovelles;total;homes;població;;7675
2005;Canovelles;total;dones;població;;6993
2005;Canovelles;total;total;població;;14668
2005;Cànoves i Samalús;total;homes;població;;1236
2005;Cànoves i Samalús;total;dones;població;;1139
2005;Cànoves i Samalús;total;total;població;;2375
2005;Cantallops;total;homes;població;;137
2005;Cantallops;total;dones;població;;134
2005;Cantallops;total;total;població;;271
2005;Canyelles;total;homes;població;;1650
2005;Canyelles;total;dones;població;;1477
2005;Canyelles;total;total;població;;3127
2005;Capafonts;total;homes;població;;60
2005;Capafonts;total;dones;població;;50
2005;Capafonts;total;total;població;;110
2005;Capçanes;total;homes;població;;195
2005;Capçanes;total;dones;població;;205
2005;Capçanes;total;total;població;;400
2005;Capellades;total;homes;població;;2592
2005;Capellades;total;dones;població;;2710
2005;Capellades;total;total;població;;5302
2005;Capmany;total;homes;població;;264
2005;Capmany;total;dones;població;;236
2005;Capmany;total;total;població;;500
2005;Capolat;total;homes;població;;41
2005;Capolat;total;dones;població;;38
2005;Capolat;total;total;població;;79
2005;Cardedeu;total;homes;població;;7456
2005;Cardedeu;total;dones;població;;7562
2005;Cardedeu;total;total;població;;15018
2005;Cardona;total;homes;població;;2538
2005;Cardona;total;dones;població;;2694
2005;Cardona;total;total;població;;5232
2005;Carme;total;homes;població;;372
2005;Carme;total;dones;població;;354
2005;Carme;total;total;població;;726
2005;Caseres;total;homes;població;;154
2005;Caseres;total;dones;població;;164
2005;Caseres;total;total;població;;318
2005;Cassà de la Selva;total;homes;població;;4422
2005;Cassà de la Selva;total;dones;població;;4190
2005;Cassà de la Selva;total;total;població;;8612
2005;Casserres;total;homes;població;;751
2005;Casserres;total;dones;població;;797
2005;Casserres;total;total;població;;1548
2005;Castell d'Aro, Platja d'Aro i s'Agaró;total;homes;població;;4781
2005;Castell d'Aro, Platja d'Aro i s'Agaró;total;dones;població;;4458
2005;Castell d'Aro, Platja d'Aro i s'Agaró;total;total;població;;9239
2005;Castell de l'Areny;total;homes;població;;35
2005;Castell de l'Areny;total;dones;població;;25
2005;Castell de l'Areny;total;total;població;;60
2005;Castell de Mur;total;homes;població;;91
2005;Castell de Mur;total;dones;població;;82
2005;Castell de Mur;total;total;població;;173
2005;Castellar de la Ribera;total;homes;població;;76
2005;Castellar de la Ribera;total;dones;població;;82
2005;Castellar de la Ribera;total;total;població;;158
2005;Castellar de n'Hug;total;homes;població;;94
2005;Castellar de n'Hug;total;dones;població;;90
2005;Castellar de n'Hug;total;total;població;;184
2005;Castellar del Riu;total;homes;població;;84
2005;Castellar del Riu;total;dones;població;;68
2005;Castellar del Riu;total;total;població;;152
2005;Castellar del Vallès;total;homes;població;;10196
2005;Castellar del Vallès;total;dones;població;;10241
2005;Castellar del Vallès;total;total;població;;20437
2005;Castellbell i el Vilar;total;homes;població;;1688
2005;Castellbell i el Vilar;total;dones;població;;1619
2005;Castellbell i el Vilar;total;total;població;;3307
2005;Castellbisbal;total;homes;població;;5591
2005;Castellbisbal;total;dones;població;;5251
2005;Castellbisbal;total;total;població;;10842
2005;Castellcir;total;homes;població;;281
2005;Castellcir;total;dones;població;;247
2005;Castellcir;total;total;població;;528
2005;Castelldans;total;homes;població;;533
2005;Castelldans;total;dones;població;;458
2005;Castelldans;total;total;població;;991
2005;Castelldefels;total;homes;població;;28317
2005;Castelldefels;total;dones;població;;28401
2005;Castelldefels;total;total;població;;56718
2005;Castellet i la Gornal;total;homes;població;;922
2005;Castellet i la Gornal;total;dones;població;;876
2005;Castellet i la Gornal;total;total;població;;1798
2005;Castellfollit de la Roca;total;homes;població;;490
2005;Castellfollit de la Roca;total;dones;població;;474
2005;Castellfollit de la Roca;total;total;població;;964
2005;Castellfollit de Riubregós;total;homes;població;;102
2005;Castellfollit de Riubregós;total;dones;població;;100
2005;Castellfollit de Riubregós;total;total;població;;202
2005;Castellfollit del Boix;total;homes;població;;201
2005;Castellfollit del Boix;total;dones;població;;202
2005;Castellfollit del Boix;total;total;població;;403
2005;Castellgalí;total;homes;població;;681
2005;Castellgalí;total;dones;població;;601
2005;Castellgalí;total;total;població;;1282
2005;Castellnou de Bages;total;homes;població;;423
2005;Castellnou de Bages;total;dones;població;;368
2005;Castellnou de Bages;total;total;població;;791
2005;Castellnou de Seana;total;homes;població;;385
2005;Castellnou de Seana;total;dones;població;;352
2005;Castellnou de Seana;total;total;població;;737
2005;Castelló d'Empúries;total;homes;població;;4743
2005;Castelló d'Empúries;total;dones;població;;4424
2005;Castelló d'Empúries;total;total;població;;9167
2005;Castelló de Farfanya;total;homes;població;;300
2005;Castelló de Farfanya;total;dones;població;;283
2005;Castelló de Farfanya;total;total;població;;583
2005;Castellolí;total;homes;població;;223
2005;Castellolí;total;dones;població;;236
2005;Castellolí;total;total;població;;459
2005;Castellserà;total;homes;població;;577
2005;Castellserà;total;dones;població;;551
2005;Castellserà;total;total;població;;1128
2005;Castellterçol;total;homes;població;;1077
2005;Castellterçol;total;dones;població;;1118
2005;Castellterçol;total;total;població;;2195
2005;Castellvell del Camp;total;homes;població;;1166
2005;Castellvell del Camp;total;dones;població;;1174
2005;Castellvell del Camp;total;total;població;;2340
2005;Castellví de la Marca;total;homes;població;;792
2005;Castellví de la Marca;total;dones;població;;771
2005;Castellví de la Marca;total;total;població;;1563
2005;Castellví de Rosanes;total;homes;població;;701
2005;Castellví de Rosanes;total;dones;població;;669
2005;Castellví de Rosanes;total;total;població;;1370
2005;Catllar, el;total;homes;població;;1664
2005;Catllar, el;total;dones;població;;1557
2005;Catllar, el;total;total;població;;3221
2005;Cava;total;homes;població;;36
2005;Cava;total;dones;població;;24
2005;Cava;total;total;població;;60
2005;Cellera de Ter, la;total;homes;població;;1054
2005;Cellera de Ter, la;total;dones;població;;1010
2005;Cellera de Ter, la;total;total;població;;2064
2005;Celrà;total;homes;població;;1774
2005;Celrà;total;dones;població;;1736
2005;Celrà;total;total;població;;3510
2005;Centelles;total;homes;població;;3176
2005;Centelles;total;dones;població;;3317
2005;Centelles;total;total;població;;6493
2005;Cercs;total;homes;població;;688
2005;Cercs;total;dones;població;;654
2005;Cercs;total;total;població;;1342
2005;Cerdanyola del Vallès;total;homes;població;;28408
2005;Cerdanyola del Vallès;total;dones;població;;28706
2005;Cerdanyola del Vallès;total;total;població;;57114
2005;Cervelló;total;homes;població;;3760
2005;Cervelló;total;dones;població;;3590
2005;Cervelló;total;total;població;;7350
2005;Cervera;total;homes;població;;4659
2005;Cervera;total;dones;població;;4283
2005;Cervera;total;total;població;;8942
2005;Cervià de les Garrigues;total;homes;població;;450
2005;Cervià de les Garrigues;total;dones;població;;414
2005;Cervià de les Garrigues;total;total;població;;864
2005;Cervià de Ter;total;homes;població;;396
2005;Cervià de Ter;total;dones;població;;400
2005;Cervià de Ter;total;total;població;;796
2005;Cistella;total;homes;població;;120
2005;Cistella;total;dones;població;;119
2005;Cistella;total;total;població;;239
2005;Ciutadilla;total;homes;població;;129
2005;Ciutadilla;total;dones;població;;106
2005;Ciutadilla;total;total;població;;235
2005;Clariana de Cardener;total;homes;població;;78
2005;Clariana de Cardener;total;dones;població;;71
2005;Clariana de Cardener;total;total;població;;149
2005;Cogul, el;total;homes;població;;117
2005;Cogul, el;total;dones;població;;103
2005;Cogul, el;total;total;població;;220
2005;Colera;total;homes;població;;312
2005;Colera;total;dones;població;;294
2005;Colera;total;total;població;;606
2005;Coll de Nargó;total;homes;població;;315
2005;Coll de Nargó;total;dones;població;;285
2005;Coll de Nargó;total;total;població;;600
2005;Collbató;total;homes;població;;1747
2005;Collbató;total;dones;població;;1590
2005;Collbató;total;total;població;;3337
2005;Colldejou;total;homes;població;;108
2005;Colldejou;total;dones;població;;85
2005;Colldejou;total;total;població;;193
2005;Collsuspina;total;homes;població;;162
2005;Collsuspina;total;dones;població;;144
2005;Collsuspina;total;total;població;;306
2005;Colomers;total;homes;població;;104
2005;Colomers;total;dones;població;;103
2005;Colomers;total;total;població;;207
2005;Coma i la Pedra, la;total;homes;població;;160
2005;Coma i la Pedra, la;total;dones;població;;110
2005;Coma i la Pedra, la;total;total;població;;270
2005;Conca de Dalt;total;homes;població;;227
2005;Conca de Dalt;total;dones;població;;212
2005;Conca de Dalt;total;total;població;;439
2005;Conesa;total;homes;població;;75
2005;Conesa;total;dones;població;;58
2005;Conesa;total;total;població;;133
2005;Constantí;total;homes;població;;2981
2005;Constantí;total;dones;població;;2627
2005;Constantí;total;total;població;;5608
2005;Copons;total;homes;població;;142
2005;Copons;total;dones;població;;147
2005;Copons;total;total;població;;289
2005;Corbera d'Ebre;total;homes;població;;598
2005;Corbera d'Ebre;total;dones;població;;519
2005;Corbera d'Ebre;total;total;població;;1117
2005;Corbera de Llobregat;total;homes;població;;6174
2005;Corbera de Llobregat;total;dones;població;;5851
2005;Corbera de Llobregat;total;total;població;;12025
2005;Corbins;total;homes;població;;710
2005;Corbins;total;dones;població;;601
2005;Corbins;total;total;població;;1311
2005;Corçà;total;homes;població;;622
2005;Corçà;total;dones;població;;610
2005;Corçà;total;total;població;;1232
2005;Cornellà de Llobregat;total;homes;població;;41815
2005;Cornellà de Llobregat;total;dones;població;;42316
2005;Cornellà de Llobregat;total;total;població;;84131
2005;Cornellà del Terri;total;homes;població;;1012
2005;Cornellà del Terri;total;dones;població;;1005
2005;Cornellà del Terri;total;total;població;;2017
2005;Cornudella de Montsant;total;homes;població;;488
2005;Cornudella de Montsant;total;dones;població;;460
2005;Cornudella de Montsant;total;total;població;;948
2005;Creixell;total;homes;població;;1258
2005;Creixell;total;dones;població;;1183
2005;Creixell;total;total;població;;2441
2005;Crespià;total;homes;població;;123
2005;Crespià;total;dones;població;;118
2005;Crespià;total;total;població;;241
2005;Cruïlles, Monells i Sant Sadurní de l'Heura;total;homes;població;;614
2005;Cruïlles, Monells i Sant Sadurní de l'Heura;total;dones;població;;619
2005;Cruïlles, Monells i Sant Sadurní de l'Heura;total;total;població;;1233
2005;Cubelles;total;homes;població;;5511
2005;Cubelles;total;dones;població;;5106
2005;Cubelles;total;total;població;;10617
2005;Cubells;total;homes;població;;201
2005;Cubells;total;dones;població;;194
2005;Cubells;total;total;població;;395
2005;Cunit;total;homes;població;;4660
2005;Cunit;total;dones;població;;4357
2005;Cunit;total;total;població;;9017
2005;Darnius;total;homes;població;;279
2005;Darnius;total;dones;població;;264
2005;Darnius;total;total;població;;543
2005;Das;total;homes;població;;92
2005;Das;total;dones;població;;79
2005;Das;total;total;població;;171
2005;Deltebre;total;homes;població;;5548
2005;Deltebre;total;dones;població;;5395
2005;Deltebre;total;total;població;;10943
2005;Dosrius;total;homes;població;;2045
2005;Dosrius;total;dones;població;;2048
2005;Dosrius;total;total;població;;4093
2005;Duesaigües;total;homes;població;;126
2005;Duesaigües;total;dones;població;;79
2005;Duesaigües;total;total;població;;205
2005;Escala, l';total;homes;població;;4283
2005;Escala, l';total;dones;població;;4028
2005;Escala, l';total;total;població;;8311
2005;Esparreguera;total;homes;població;;10631
2005;Esparreguera;total;dones;població;;10109
2005;Esparreguera;total;total;població;;20740
2005;Espinelves;total;homes;població;;104
2005;Espinelves;total;dones;població;;89
2005;Espinelves;total;total;població;;193
2005;Espluga Calba, l';total;homes;població;;238
2005;Espluga Calba, l';total;dones;població;;210
2005;Espluga Calba, l';total;total;població;;448
2005;Espluga de Francolí, l';total;homes;població;;1906
2005;Espluga de Francolí, l';total;dones;població;;1908
2005;Espluga de Francolí, l';total;total;població;;3814
2005;Esplugues de Llobregat;total;homes;població;;22878
2005;Esplugues de Llobregat;total;dones;població;;23672
2005;Esplugues de Llobregat;total;total;població;;46550
2005;Espolla;total;homes;població;;199
2005;Espolla;total;dones;població;;196
2005;Espolla;total;total;població;;395
2005;Esponellà;total;homes;població;;212
2005;Esponellà;total;dones;població;;220
2005;Esponellà;total;total;població;;432
2005;Espot;total;homes;població;;207
2005;Espot;total;dones;població;;167
2005;Espot;total;total;població;;374
2005;Espunyola, l';total;homes;població;;133
2005;Espunyola, l';total;dones;població;;137
2005;Espunyola, l';total;total;població;;270
2005;Esquirol, l';total;homes;població;;1082
2005;Esquirol, l';total;dones;població;;1118
2005;Esquirol, l';total;total;població;;2200
2005;Estamariu;total;homes;població;;64
2005;Estamariu;total;dones;població;;55
2005;Estamariu;total;total;població;;119
2005;Estany, l';total;homes;població;;186
2005;Estany, l';total;dones;població;;207
2005;Estany, l';total;total;població;;393
2005;Estaràs;total;homes;població;;100
2005;Estaràs;total;dones;població;;81
2005;Estaràs;total;total;població;;181
2005;Esterri d'Àneu;total;homes;població;;379
2005;Esterri d'Àneu;total;dones;població;;394
2005;Esterri d'Àneu;total;total;població;;773
2005;Esterri de Cardós;total;homes;població;;33
2005;Esterri de Cardós;total;dones;població;;37
2005;Esterri de Cardós;total;total;població;;70
2005;Falset;total;homes;població;;1335
2005;Falset;total;dones;població;;1323
2005;Falset;total;total;població;;2658
2005;Far d'Empordà, el;total;homes;població;;231
2005;Far d'Empordà, el;total;dones;població;;217
2005;Far d'Empordà, el;total;total;població;;448
2005;Farrera;total;homes;població;;60
2005;Farrera;total;dones;població;;45
2005;Farrera;total;total;població;;105
2005;Fatarella, la;total;homes;població;;599
2005;Fatarella, la;total;dones;població;;581
2005;Fatarella, la;total;total;població;;1180
2005;Febró, la;total;homes;població;;35
2005;Febró, la;total;dones;població;;23
2005;Febró, la;total;total;població;;58
2005;Figaró-Montmany;total;homes;població;;523
2005;Figaró-Montmany;total;dones;població;;497
2005;Figaró-Montmany;total;total;població;;1020
2005;Fígols;total;homes;població;;27
2005;Fígols;total;dones;població;;21
2005;Fígols;total;total;població;;48
2005;Fígols i Alinyà;total;homes;població;;151
2005;Fígols i Alinyà;total;dones;població;;122
2005;Fígols i Alinyà;total;total;població;;273
2005;Figuera, la;total;homes;població;;100
2005;Figuera, la;total;dones;població;;90
2005;Figuera, la;total;total;població;;190
2005;Figueres;total;homes;població;;19160
2005;Figueres;total;dones;població;;19724
2005;Figueres;total;total;població;;38884
2005;Figuerola del Camp;total;homes;població;;148
2005;Figuerola del Camp;total;dones;població;;170
2005;Figuerola del Camp;total;total;població;;318
2005;Flaçà;total;homes;població;;496
2005;Flaçà;total;dones;població;;487
2005;Flaçà;total;total;població;;983
2005;Flix;total;homes;població;;2061
2005;Flix;total;dones;població;;1968
2005;Flix;total;total;població;;4029
2005;Floresta, la;total;homes;població;;100
2005;Floresta, la;total;dones;població;;84
2005;Floresta, la;total;total;població;;184
2005;Fogars de la Selva;total;homes;població;;611
2005;Fogars de la Selva;total;dones;població;;560
2005;Fogars de la Selva;total;total;població;;1171
2005;Fogars de Montclús;total;homes;població;;224
2005;Fogars de Montclús;total;dones;població;;193
2005;Fogars de Montclús;total;total;població;;417
2005;Foixà;total;homes;població;;169
2005;Foixà;total;dones;població;;160
2005;Foixà;total;total;població;;329
2005;Folgueroles;total;homes;població;;953
2005;Folgueroles;total;dones;població;;952
2005;Folgueroles;total;total;població;;1905
2005;Fondarella;total;homes;població;;392
2005;Fondarella;total;dones;població;;394
2005;Fondarella;total;total;població;;786
2005;Fonollosa;total;homes;població;;616
2005;Fonollosa;total;dones;població;;592
2005;Fonollosa;total;total;població;;1208
2005;Fontanals de Cerdanya;total;homes;població;;219
2005;Fontanals de Cerdanya;total;dones;població;;217
2005;Fontanals de Cerdanya;total;total;població;;436
2005;Fontanilles;total;homes;població;;93
2005;Fontanilles;total;dones;població;;71
2005;Fontanilles;total;total;població;;164
2005;Fontcoberta;total;homes;població;;553
2005;Fontcoberta;total;dones;població;;584
2005;Fontcoberta;total;total;població;;1137
2005;Font-rubí;total;homes;població;;735
2005;Font-rubí;total;dones;població;;647
2005;Font-rubí;total;total;població;;1382
2005;Foradada;total;homes;població;;126
2005;Foradada;total;dones;població;;87
2005;Foradada;total;total;població;;213
2005;Forallac;total;homes;població;;863
2005;Forallac;total;dones;població;;882
2005;Forallac;total;total;població;;1745
2005;Forès;total;homes;població;;34
2005;Forès;total;dones;població;;28
2005;Forès;total;total;població;;62
2005;Fornells de la Selva;total;homes;població;;912
2005;Fornells de la Selva;total;dones;població;;972
2005;Fornells de la Selva;total;total;població;;1884
2005;Fortià;total;homes;població;;291
2005;Fortià;total;dones;població;;281
2005;Fortià;total;total;població;;572
2005;Franqueses del Vallès, les;total;homes;població;;7792
2005;Franqueses del Vallès, les;total;dones;població;;7404
2005;Franqueses del Vallès, les;total;total;població;;15196
2005;Freginals;total;homes;població;;209
2005;Freginals;total;dones;població;;197
2005;Freginals;total;total;població;;406
2005;Fuliola, la;total;homes;població;;606
2005;Fuliola, la;total;dones;població;;598
2005;Fuliola, la;total;total;població;;1204
2005;Fulleda;total;homes;població;;63
2005;Fulleda;total;dones;població;;58
2005;Fulleda;total;total;població;;121
2005;Gaià;total;homes;població;;79
2005;Gaià;total;dones;població;;78
2005;Gaià;total;total;població;;157
2005;Galera, la;total;homes;població;;411
2005;Galera, la;total;dones;població;;407
2005;Galera, la;total;total;població;;818
2005;Gallifa;total;homes;població;;106
2005;Gallifa;total;dones;població;;104
2005;Gallifa;total;total;població;;210
2005;Gandesa;total;homes;població;;1567
2005;Gandesa;total;dones;població;;1461
2005;Gandesa;total;total;població;;3028
2005;Garcia;total;homes;població;;260
2005;Garcia;total;dones;població;;238
2005;Garcia;total;total;població;;498
2005;Garidells, els;total;homes;població;;101
2005;Garidells, els;total;dones;població;;88
2005;Garidells, els;total;total;població;;189
2005;Garriga, la;total;homes;població;;6539
2005;Garriga, la;total;dones;població;;6933
2005;Garriga, la;total;total;població;;13472
2005;Garrigàs;total;homes;població;;181
2005;Garrigàs;total;dones;població;;151
2005;Garrigàs;total;total;població;;332
2005;Garrigoles;total;homes;població;;84
2005;Garrigoles;total;dones;població;;72
2005;Garrigoles;total;total;població;;156
2005;Garriguella;total;homes;població;;390
2005;Garriguella;total;dones;població;;345
2005;Garriguella;total;total;població;;735
2005;Gavà;total;homes;població;;22092
2005;Gavà;total;dones;població;;22118
2005;Gavà;total;total;població;;44210
2005;Gavet de la Conca;total;homes;població;;147
2005;Gavet de la Conca;total;dones;població;;166
2005;Gavet de la Conca;total;total;població;;313
2005;Gelida;total;homes;població;;2895
2005;Gelida;total;dones;població;;2755
2005;Gelida;total;total;població;;5650
2005;Ger;total;homes;població;;225
2005;Ger;total;dones;població;;208
2005;Ger;total;total;població;;433
2005;Gimenells i el Pla de la Font;total;homes;població;;581
2005;Gimenells i el Pla de la Font;total;dones;població;;529
2005;Gimenells i el Pla de la Font;total;total;població;;1110
2005;Ginestar;total;homes;població;;502
2005;Ginestar;total;dones;població;;448
2005;Ginestar;total;total;població;;950
2005;Girona;total;homes;població;;41998
2005;Girona;total;dones;població;;44674
2005;Girona;total;total;població;;86672
2005;Gironella;total;homes;població;;2364
2005;Gironella;total;dones;població;;2489
2005;Gironella;total;total;població;;4853
2005;Gisclareny;total;homes;població;;20
2005;Gisclareny;total;dones;població;;16
2005;Gisclareny;total;total;població;;36
2005;Godall;total;homes;població;;391
2005;Godall;total;dones;població;;358
2005;Godall;total;total;població;;749
2005;Golmés;total;homes;població;;749
2005;Golmés;total;dones;població;;759
2005;Golmés;total;total;població;;1508
2005;Gombrèn;total;homes;població;;110
2005;Gombrèn;total;dones;població;;119
2005;Gombrèn;total;total;població;;229
2005;Gósol;total;homes;població;;118
2005;Gósol;total;dones;població;;105
2005;Gósol;total;total;població;;223
2005;Granada, la;total;homes;població;;804
2005;Granada, la;total;dones;població;;790
2005;Granada, la;total;total;població;;1594
2005;Granadella, la;total;homes;població;;408
2005;Granadella, la;total;dones;població;;382
2005;Granadella, la;total;total;població;;790
2005;Granera;total;homes;població;;54
2005;Granera;total;dones;població;;25
2005;Granera;total;total;població;;79
2005;Granja d'Escarp, la;total;homes;població;;565
2005;Granja d'Escarp, la;total;dones;població;;491
2005;Granja d'Escarp, la;total;total;població;;1056
2005;Granollers;total;homes;població;;28744
2005;Granollers;total;dones;població;;29052
2005;Granollers;total;total;població;;57796
2005;Granyanella;total;homes;població;;75
2005;Granyanella;total;dones;població;;64
2005;Granyanella;total;total;població;;139
2005;Granyena de les Garrigues;total;homes;població;;95
2005;Granyena de les Garrigues;total;dones;població;;75
2005;Granyena de les Garrigues;total;total;població;;170
2005;Granyena de Segarra;total;homes;població;;73
2005;Granyena de Segarra;total;dones;població;;65
2005;Granyena de Segarra;total;total;població;;138
2005;Gratallops;total;homes;població;;122
2005;Gratallops;total;dones;població;;101
2005;Gratallops;total;total;població;;223
2005;Gualba;total;homes;població;;528
2005;Gualba;total;dones;població;;460
2005;Gualba;total;total;població;;988
2005;Gualta;total;homes;població;;212
2005;Gualta;total;dones;població;;147
2005;Gualta;total;total;població;;359
2005;Guardiola de Berguedà;total;homes;població;;474
2005;Guardiola de Berguedà;total;dones;població;;452
2005;Guardiola de Berguedà;total;total;població;;926
2005;Guiamets, els;total;homes;població;;177
2005;Guiamets, els;total;dones;població;;150
2005;Guiamets, els;total;total;població;;327
2005;Guils de Cerdanya;total;homes;població;;206
2005;Guils de Cerdanya;total;dones;població;;186
2005;Guils de Cerdanya;total;total;població;;392
2005;Guimerà;total;homes;població;;184
2005;Guimerà;total;dones;població;;176
2005;Guimerà;total;total;població;;360
2005;Guingueta d'Àneu, la;total;homes;població;;187
2005;Guingueta d'Àneu, la;total;dones;població;;167
2005;Guingueta d'Àneu, la;total;total;població;;354
2005;Guissona;total;homes;població;;2650
2005;Guissona;total;dones;població;;2224
2005;Guissona;total;total;població;;4874
2005;Guixers;total;homes;població;;86
2005;Guixers;total;dones;població;;58
2005;Guixers;total;total;població;;144
2005;Gurb;total;homes;població;;1111
2005;Gurb;total;dones;població;;1078
2005;Gurb;total;total;població;;2189
2005;Horta de Sant Joan;total;homes;població;;670
2005;Horta de Sant Joan;total;dones;població;;571
2005;Horta de Sant Joan;total;total;població;;1241
2005;Hospitalet de Llobregat, l';total;homes;població;;124300
2005;Hospitalet de Llobregat, l';total;dones;població;;128584
2005;Hospitalet de Llobregat, l';total;total;població;;252884
2005;Hostalets de Pierola, els;total;homes;població;;988
2005;Hostalets de Pierola, els;total;dones;població;;891
2005;Hostalets de Pierola, els;total;total;població;;1879
2005;Hostalric;total;homes;població;;1768
2005;Hostalric;total;dones;població;;1691
2005;Hostalric;total;total;població;;3459
2005;Igualada;total;homes;població;;17764
2005;Igualada;total;dones;població;;18169
2005;Igualada;total;total;població;;35933
2005;Isona i Conca Dellà;total;homes;població;;630
2005;Isona i Conca Dellà;total;dones;població;;519
2005;Isona i Conca Dellà;total;total;població;;1149
2005;Isòvol;total;homes;població;;134
2005;Isòvol;total;dones;població;;97
2005;Isòvol;total;total;població;;231
2005;Ivars d'Urgell;total;homes;població;;986
2005;Ivars d'Urgell;total;dones;població;;862
2005;Ivars d'Urgell;total;total;població;;1848
2005;Ivars de Noguera;total;homes;població;;187
2005;Ivars de Noguera;total;dones;població;;166
2005;Ivars de Noguera;total;total;població;;353
2005;Ivorra;total;homes;població;;69
2005;Ivorra;total;dones;població;;79
2005;Ivorra;total;total;població;;148
2005;Jafre;total;homes;població;;211
2005;Jafre;total;dones;població;;166
2005;Jafre;total;total;població;;377
2005;Jonquera, la;total;homes;població;;1556
2005;Jonquera, la;total;dones;població;;1460
2005;Jonquera, la;total;total;població;;3016
2005;Jorba;total;homes;població;;324
2005;Jorba;total;dones;població;;341
2005;Jorba;total;total;població;;665
2005;Josa i Tuixén;total;homes;població;;87
2005;Josa i Tuixén;total;dones;població;;83
2005;Josa i Tuixén;total;total;població;;170
2005;Juià;total;homes;població;;161
2005;Juià;total;dones;població;;137
2005;Juià;total;total;població;;298
2005;Juncosa;total;homes;població;;306
2005;Juncosa;total;dones;població;;245
2005;Juncosa;total;total;població;;551
2005;Juneda;total;homes;població;;1674
2005;Juneda;total;dones;població;;1548
2005;Juneda;total;total;població;;3222
2005;Les;total;homes;població;;411
2005;Les;total;dones;població;;418
2005;Les;total;total;població;;829
2005;Linyola;total;homes;població;;1330
2005;Linyola;total;dones;població;;1257
2005;Linyola;total;total;població;;2587
2005;Llacuna, la;total;homes;població;;463
2005;Llacuna, la;total;dones;població;;406
2005;Llacuna, la;total;total;població;;869
2005;Lladó;total;homes;població;;285
2005;Lladó;total;dones;població;;277
2005;Lladó;total;total;població;;562
2005;Lladorre;total;homes;població;;114
2005;Lladorre;total;dones;població;;110
2005;Lladorre;total;total;població;;224
2005;Lladurs;total;homes;població;;112
2005;Lladurs;total;dones;població;;103
2005;Lladurs;total;total;població;;215
2005;Llagosta, la;total;homes;població;;6747
2005;Llagosta, la;total;dones;població;;6708
2005;Llagosta, la;total;total;població;;13455
2005;Llagostera;total;homes;població;;3497
2005;Llagostera;total;dones;població;;3267
2005;Llagostera;total;total;població;;6764
2005;Llambilles;total;homes;població;;294
2005;Llambilles;total;dones;població;;291
2005;Llambilles;total;total;població;;585
2005;Llanars;total;homes;població;;290
2005;Llanars;total;dones;població;;256
2005;Llanars;total;total;població;;546
2005;Llançà;total;homes;població;;2173
2005;Llançà;total;dones;població;;2198
2005;Llançà;total;total;població;;4371
2005;Llardecans;total;homes;població;;295
2005;Llardecans;total;dones;població;;275
2005;Llardecans;total;total;població;;570
2005;Llavorsí;total;homes;població;;170
2005;Llavorsí;total;dones;població;;164
2005;Llavorsí;total;total;població;;334
2005;Lleida;total;homes;població;;61796
2005;Lleida;total;dones;població;;62913
2005;Lleida;total;total;població;;124709
2005;Llers;total;homes;població;;581
2005;Llers;total;dones;població;;564
2005;Llers;total;total;població;;1145
2005;Lles de Cerdanya;total;homes;població;;139
2005;Lles de Cerdanya;total;dones;població;;98
2005;Lles de Cerdanya;total;total;població;;237
2005;Lliçà d'Amunt;total;homes;població;;6413
2005;Lliçà d'Amunt;total;dones;població;;6026
2005;Lliçà d'Amunt;total;total;població;;12439
2005;Lliçà de Vall;total;homes;població;;3013
2005;Lliçà de Vall;total;dones;població;;2808
2005;Lliçà de Vall;total;total;població;;5821
2005;Llimiana;total;homes;població;;92
2005;Llimiana;total;dones;població;;76
2005;Llimiana;total;total;població;;168
2005;Llinars del Vallès;total;homes;població;;4076
2005;Llinars del Vallès;total;dones;població;;4090
2005;Llinars del Vallès;total;total;població;;8166
2005;Llívia;total;homes;població;;670
2005;Llívia;total;dones;població;;582
2005;Llívia;total;total;població;;1252
2005;Lloar, el;total;homes;població;;70
2005;Lloar, el;total;dones;població;;56
2005;Lloar, el;total;total;població;;126
2005;Llobera;total;homes;població;;118
2005;Llobera;total;dones;població;;106
2005;Llobera;total;total;població;;224
2005;Llorac;total;homes;població;;56
2005;Llorac;total;dones;població;;58
2005;Llorac;total;total;població;;114
2005;Llorenç del Penedès;total;homes;població;;975
2005;Llorenç del Penedès;total;dones;població;;1022
2005;Llorenç del Penedès;total;total;població;;1997
2005;Lloret de Mar;total;homes;població;;15374
2005;Lloret de Mar;total;dones;població;;14071
2005;Lloret de Mar;total;total;població;;29445
2005;Llosses, les;total;homes;població;;140
2005;Llosses, les;total;dones;població;;121
2005;Llosses, les;total;total;població;;261
2005;Lluçà;total;homes;població;;134
2005;Lluçà;total;dones;població;;115
2005;Lluçà;total;total;població;;249
2005;Maçanet de Cabrenys;total;homes;població;;381
2005;Maçanet de Cabrenys;total;dones;població;;353
2005;Maçanet de Cabrenys;total;total;població;;734
2005;Maçanet de la Selva;total;homes;població;;2765
2005;Maçanet de la Selva;total;dones;població;;2589
2005;Maçanet de la Selva;total;total;població;;5354
2005;Madremanya;total;homes;població;;101
2005;Madremanya;total;dones;població;;121
2005;Madremanya;total;total;població;;222
2005;Maià de Montcal;total;homes;població;;193
2005;Maià de Montcal;total;dones;població;;181
2005;Maià de Montcal;total;total;població;;374
2005;Maials;total;homes;població;;480
2005;Maials;total;dones;població;;481
2005;Maials;total;total;població;;961
2005;Maldà;total;homes;població;;156
2005;Maldà;total;dones;població;;137
2005;Maldà;total;total;població;;293
2005;Malgrat de Mar;total;homes;població;;8511
2005;Malgrat de Mar;total;dones;població;;8322
2005;Malgrat de Mar;total;total;població;;16833
2005;Malla;total;homes;població;;120
2005;Malla;total;dones;població;;138
2005;Malla;total;total;població;;258
2005;Manlleu;total;homes;població;;9887
2005;Manlleu;total;dones;població;;9601
2005;Manlleu;total;total;població;;19488
2005;Manresa;total;homes;població;;34565
2005;Manresa;total;dones;població;;35778
2005;Manresa;total;total;població;;70343
2005;Marçà;total;homes;població;;306
2005;Marçà;total;dones;població;;315
2005;Marçà;total;total;població;;621
2005;Margalef;total;homes;població;;69
2005;Margalef;total;dones;població;;56
2005;Margalef;total;total;població;;125
2005;Marganell;total;homes;població;;122
2005;Marganell;total;dones;població;;153
2005;Marganell;total;total;població;;275
2005;Martorell;total;homes;població;;13312
2005;Martorell;total;dones;població;;12454
2005;Martorell;total;total;població;;25766
2005;Martorelles;total;homes;població;;2492
2005;Martorelles;total;dones;població;;2411
2005;Martorelles;total;total;població;;4903
2005;Mas de Barberans;total;homes;població;;343
2005;Mas de Barberans;total;dones;població;;340
2005;Mas de Barberans;total;total;població;;683
2005;Masarac i Vilarnadal;total;homes;població;;130
2005;Masarac i Vilarnadal;total;dones;població;;133
2005;Masarac i Vilarnadal;total;total;població;;263
2005;Masdenverge;total;homes;població;;550
2005;Masdenverge;total;dones;població;;502
2005;Masdenverge;total;total;població;;1052
2005;Masies de Roda, les;total;homes;població;;358
2005;Masies de Roda, les;total;dones;població;;361
2005;Masies de Roda, les;total;total;població;;719
2005;Masies de Voltregà, les;total;homes;població;;1505
2005;Masies de Voltregà, les;total;dones;població;;1562
2005;Masies de Voltregà, les;total;total;població;;3067
2005;Masllorenç;total;homes;població;;239
2005;Masllorenç;total;dones;població;;224
2005;Masllorenç;total;total;població;;463
2005;Masnou, el;total;homes;població;;10405
2005;Masnou, el;total;dones;població;;11059
2005;Masnou, el;total;total;població;;21464
2005;Masó, la;total;homes;població;;140
2005;Masó, la;total;dones;població;;145
2005;Masó, la;total;total;població;;285
2005;Maspujols;total;homes;població;;267
2005;Maspujols;total;dones;població;;253
2005;Maspujols;total;total;població;;520
2005;Masquefa;total;homes;població;;3617
2005;Masquefa;total;dones;població;;3453
2005;Masquefa;total;total;població;;7070
2005;Masroig, el;total;homes;població;;275
2005;Masroig, el;total;dones;població;;264
2005;Masroig, el;total;total;població;;539
2005;Massalcoreig;total;homes;població;;337
2005;Massalcoreig;total;dones;població;;288
2005;Massalcoreig;total;total;població;;625
2005;Massanes;total;homes;població;;329
2005;Massanes;total;dones;població;;295
2005;Massanes;total;total;població;;624
2005;Massoteres;total;homes;població;;113
2005;Massoteres;total;dones;població;;92
2005;Massoteres;total;total;població;;205
2005;Matadepera;total;homes;població;;4017
2005;Matadepera;total;dones;població;;3949
2005;Matadepera;total;total;població;;7966
2005;Mataró;total;homes;població;;58468
2005;Mataró;total;dones;població;;58230
2005;Mataró;total;total;població;;116698
2005;Mediona;total;homes;població;;1023
2005;Mediona;total;dones;població;;920
2005;Mediona;total;total;població;;1943
2005;Menàrguens;total;homes;població;;438
2005;Menàrguens;total;dones;població;;407
2005;Menàrguens;total;total;població;;845
2005;Meranges;total;homes;població;;54
2005;Meranges;total;dones;població;;34
2005;Meranges;total;total;població;;88
2005;Mieres;total;homes;població;;183
2005;Mieres;total;dones;població;;169
2005;Mieres;total;total;població;;352
2005;Milà, el;total;homes;població;;82
2005;Milà, el;total;dones;població;;95
2005;Milà, el;total;total;població;;177
2005;Miralcamp;total;homes;població;;635
2005;Miralcamp;total;dones;població;;640
2005;Miralcamp;total;total;població;;1275
2005;Miravet;total;homes;població;;419
2005;Miravet;total;dones;població;;380
2005;Miravet;total;total;població;;799
2005;Moià;total;homes;població;;2618
2005;Moià;total;dones;població;;2524
2005;Moià;total;total;població;;5142
2005;Molar, el;total;homes;població;;155
2005;Molar, el;total;dones;població;;131
2005;Molar, el;total;total;població;;286
2005;Molins de Rei;total;homes;població;;11382
2005;Molins de Rei;total;dones;població;;11687
2005;Molins de Rei;total;total;població;;23069
2005;Mollerussa;total;homes;població;;6130
2005;Mollerussa;total;dones;població;;5699
2005;Mollerussa;total;total;població;;11829
2005;Mollet de Peralada;total;homes;població;;87
2005;Mollet de Peralada;total;dones;població;;88
2005;Mollet de Peralada;total;total;població;;175
2005;Mollet del Vallès;total;homes;població;;25978
2005;Mollet del Vallès;total;dones;població;;25240
2005;Mollet del Vallès;total;total;població;;51218
2005;Molló;total;homes;població;;174
2005;Molló;total;dones;població;;162
2005;Molló;total;total;població;;336
2005;Molsosa, la;total;homes;població;;63
2005;Molsosa, la;total;dones;població;;67
2005;Molsosa, la;total;total;població;;130
2005;Monistrol de Calders;total;homes;població;;332
2005;Monistrol de Calders;total;dones;població;;333
2005;Monistrol de Calders;total;total;població;;665
2005;Monistrol de Montserrat;total;homes;població;;1420
2005;Monistrol de Montserrat;total;dones;població;;1303
2005;Monistrol de Montserrat;total;total;població;;2723
2005;Montagut i Oix;total;homes;població;;455
2005;Montagut i Oix;total;dones;població;;420
2005;Montagut i Oix;total;total;població;;875
2005;Montblanc;total;homes;població;;3314
2005;Montblanc;total;dones;població;;3318
2005;Montblanc;total;total;població;;6632
2005;Montbrió del Camp;total;homes;població;;864
2005;Montbrió del Camp;total;dones;població;;819
2005;Montbrió del Camp;total;total;població;;1683
2005;Montcada i Reixac;total;homes;població;;15807
2005;Montcada i Reixac;total;dones;població;;15918
2005;Montcada i Reixac;total;total;població;;31725
2005;Montclar;total;homes;població;;59
2005;Montclar;total;dones;població;;62
2005;Montclar;total;total;població;;121
2005;Montellà i Martinet;total;homes;població;;284
2005;Montellà i Martinet;total;dones;població;;257
2005;Montellà i Martinet;total;total;població;;541
2005;Montesquiu;total;homes;població;;438
2005;Montesquiu;total;dones;població;;420
2005;Montesquiu;total;total;població;;858
2005;Montferrer i Castellbò;total;homes;població;;457
2005;Montferrer i Castellbò;total;dones;població;;399
2005;Montferrer i Castellbò;total;total;població;;856
2005;Montferri;total;homes;població;;121
2005;Montferri;total;dones;població;;104
2005;Montferri;total;total;població;;225
2005;Montgai;total;homes;població;;395
2005;Montgai;total;dones;població;;385
2005;Montgai;total;total;població;;780
2005;Montgat;total;homes;població;;4499
2005;Montgat;total;dones;població;;4613
2005;Montgat;total;total;població;;9112
2005;Montmajor;total;homes;població;;240
2005;Montmajor;total;dones;població;;220
2005;Montmajor;total;total;població;;460
2005;Montmaneu;total;homes;població;;106
2005;Montmaneu;total;dones;població;;97
2005;Montmaneu;total;total;població;;203
2005;Montmell, el;total;homes;població;;574
2005;Montmell, el;total;dones;població;;491
2005;Montmell, el;total;total;població;;1065
2005;Montmeló;total;homes;població;;4424
2005;Montmeló;total;dones;població;;4380
2005;Montmeló;total;total;població;;8804
2005;Montoliu de Lleida;total;homes;població;;248
2005;Montoliu de Lleida;total;dones;població;;243
2005;Montoliu de Lleida;total;total;població;;491
2005;Montoliu de Segarra;total;homes;població;;107
2005;Montoliu de Segarra;total;dones;població;;81
2005;Montoliu de Segarra;total;total;població;;188
2005;Montornès de Segarra;total;homes;població;;50
2005;Montornès de Segarra;total;dones;població;;57
2005;Montornès de Segarra;total;total;població;;107
2005;Montornès del Vallès;total;homes;població;;7282
2005;Montornès del Vallès;total;dones;població;;6908
2005;Montornès del Vallès;total;total;població;;14190
2005;Mont-ral;total;homes;població;;99
2005;Mont-ral;total;dones;població;;81
2005;Mont-ral;total;total;població;;180
2005;Mont-ras;total;homes;població;;961
2005;Mont-ras;total;dones;població;;865
2005;Mont-ras;total;total;població;;1826
2005;Mont-roig del Camp;total;homes;població;;4585
2005;Mont-roig del Camp;total;dones;població;;4311
2005;Mont-roig del Camp;total;total;població;;8896
2005;Montseny;total;homes;població;;165
2005;Montseny;total;dones;població;;141
2005;Montseny;total;total;població;;306
2005;Móra d'Ebre;total;homes;població;;2484
2005;Móra d'Ebre;total;dones;població;;2528
2005;Móra d'Ebre;total;total;població;;5012
2005;Móra la Nova;total;homes;població;;1674
2005;Móra la Nova;total;dones;població;;1540
2005;Móra la Nova;total;total;població;;3214
2005;Morell, el;total;homes;població;;1350
2005;Morell, el;total;dones;població;;1256
2005;Morell, el;total;total;població;;2606
2005;Morera de Montsant, la;total;homes;població;;96
2005;Morera de Montsant, la;total;dones;població;;72
2005;Morera de Montsant, la;total;total;població;;168
2005;Muntanyola;total;homes;població;;230
2005;Muntanyola;total;dones;població;;197
2005;Muntanyola;total;total;població;;427
2005;Mura;total;homes;població;;115
2005;Mura;total;dones;població;;105
2005;Mura;total;total;població;;220
2005;Nalec;total;homes;població;;45
2005;Nalec;total;dones;població;;45
2005;Nalec;total;total;població;;90
2005;Naut Aran;total;homes;població;;913
2005;Naut Aran;total;dones;població;;800
2005;Naut Aran;total;total;població;;1713
2005;Navarcles;total;homes;població;;2799
2005;Navarcles;total;dones;població;;2839
2005;Navarcles;total;total;població;;5638
2005;Navàs;total;homes;població;;2844
2005;Navàs;total;dones;població;;2887
2005;Navàs;total;total;població;;5731
2005;Navata;total;homes;població;;433
2005;Navata;total;dones;població;;449
2005;Navata;total;total;població;;882
2005;Navès;total;homes;població;;126
2005;Navès;total;dones;població;;137
2005;Navès;total;total;població;;263
2005;Nou de Berguedà, la;total;homes;població;;80
2005;Nou de Berguedà, la;total;dones;població;;79
2005;Nou de Berguedà, la;total;total;població;;159
2005;Nou de Gaià, la;total;homes;població;;223
2005;Nou de Gaià, la;total;dones;població;;217
2005;Nou de Gaià, la;total;total;població;;440
2005;Nulles;total;homes;població;;185
2005;Nulles;total;dones;població;;184
2005;Nulles;total;total;població;;369
2005;Odèn;total;homes;població;;150
2005;Odèn;total;dones;població;;115
2005;Odèn;total;total;població;;265
2005;Òdena;total;homes;població;;1487
2005;Òdena;total;dones;població;;1449
2005;Òdena;total;total;població;;2936
2005;Ogassa;total;homes;població;;150
2005;Ogassa;total;dones;població;;112
2005;Ogassa;total;total;població;;262
2005;Olèrdola;total;homes;població;;1482
2005;Olèrdola;total;dones;població;;1382
2005;Olèrdola;total;total;població;;2864
2005;Olesa de Bonesvalls;total;homes;població;;717
2005;Olesa de Bonesvalls;total;dones;població;;666
2005;Olesa de Bonesvalls;total;total;població;;1383
2005;Olesa de Montserrat;total;homes;població;;10699
2005;Olesa de Montserrat;total;dones;població;;10415
2005;Olesa de Montserrat;total;total;població;;21114
2005;Oliana;total;homes;població;;985
2005;Oliana;total;dones;població;;947
2005;Oliana;total;total;població;;1932
2005;Oliola;total;homes;població;;143
2005;Oliola;total;dones;població;;111
2005;Oliola;total;total;població;;254
2005;Olius;total;homes;població;;314
2005;Olius;total;dones;població;;301
2005;Olius;total;total;població;;615
2005;Olivella;total;homes;població;;1163
2005;Olivella;total;dones;població;;1016
2005;Olivella;total;total;població;;2179
2005;Olost;total;homes;població;;593
2005;Olost;total;dones;població;;600
2005;Olost;total;total;població;;1193
2005;Olot;total;homes;població;;15605
2005;Olot;total;dones;població;;15666
2005;Olot;total;total;població;;31271
2005;Oluges, les;total;homes;població;;94
2005;Oluges, les;total;dones;població;;84
2005;Oluges, les;total;total;població;;178
2005;Olvan;total;homes;població;;437
2005;Olvan;total;dones;població;;460
2005;Olvan;total;total;població;;897
2005;Omellons, els;total;homes;població;;135
2005;Omellons, els;total;dones;població;;125
2005;Omellons, els;total;total;població;;260
2005;Omells de na Gaia, els;total;homes;població;;97
2005;Omells de na Gaia, els;total;dones;població;;64
2005;Omells de na Gaia, els;total;total;població;;161
2005;Ordis;total;homes;població;;181
2005;Ordis;total;dones;població;;166
2005;Ordis;total;total;població;;347
2005;Organyà;total;homes;població;;477
2005;Organyà;total;dones;població;;483
2005;Organyà;total;total;població;;960
2005;Orís;total;homes;població;;139
2005;Orís;total;dones;població;;139
2005;Orís;total;total;població;;278
2005;Oristà;total;homes;població;;291
2005;Oristà;total;dones;població;;310
2005;Oristà;total;total;població;;601
2005;Orpí;total;homes;població;;99
2005;Orpí;total;dones;població;;85
2005;Orpí;total;total;població;;184
2005;Òrrius;total;homes;població;;163
2005;Òrrius;total;dones;població;;152
2005;Òrrius;total;total;població;;315
2005;Os de Balaguer;total;homes;població;;474
2005;Os de Balaguer;total;dones;població;;411
2005;Os de Balaguer;total;total;població;;885
2005;Osor;total;homes;població;;210
2005;Osor;total;dones;població;;199
2005;Osor;total;total;població;;409
2005;Ossó de Sió;total;homes;població;;113
2005;Ossó de Sió;total;dones;població;;112
2005;Ossó de Sió;total;total;població;;225
2005;Pacs del Penedès;total;homes;població;;374
2005;Pacs del Penedès;total;dones;població;;371
2005;Pacs del Penedès;total;total;població;;745
2005;Palafolls;total;homes;població;;3561
2005;Palafolls;total;dones;població;;3537
2005;Palafolls;total;total;població;;7098
2005;Palafrugell;total;homes;població;;10501
2005;Palafrugell;total;dones;població;;10008
2005;Palafrugell;total;total;població;;20509
2005;Palamós;total;homes;població;;8312
2005;Palamós;total;dones;població;;8505
2005;Palamós;total;total;població;;16817
2005;Palau d'Anglesola, el;total;homes;població;;925
2005;Palau d'Anglesola, el;total;dones;població;;891
2005;Palau d'Anglesola, el;total;total;població;;1816
2005;Palau de Santa Eulàlia;total;homes;població;;52
2005;Palau de Santa Eulàlia;total;dones;població;;36
2005;Palau de Santa Eulàlia;total;total;població;;88
2005;Palau-sator;total;homes;població;;152
2005;Palau-sator;total;dones;població;;131
2005;Palau-sator;total;total;població;;283
2005;Palau-saverdera;total;homes;població;;581
2005;Palau-saverdera;total;dones;població;;597
2005;Palau-saverdera;total;total;població;;1178
2005;Palau-solità i Plegamans;total;homes;població;;6537
2005;Palau-solità i Plegamans;total;dones;població;;6299
2005;Palau-solità i Plegamans;total;total;població;;12836
2005;Pallaresos, els;total;homes;població;;1628
2005;Pallaresos, els;total;dones;població;;1516
2005;Pallaresos, els;total;total;població;;3144
2005;Pallejà;total;homes;població;;5178
2005;Pallejà;total;dones;població;;5014
2005;Pallejà;total;total;població;;10192
2005;Palma d'Ebre, la;total;homes;població;;194
2005;Palma d'Ebre, la;total;dones;població;;209
2005;Palma d'Ebre, la;total;total;població;;403
2005;Palma de Cervelló, la;total;homes;població;;1469
2005;Palma de Cervelló, la;total;dones;població;;1454
2005;Palma de Cervelló, la;total;total;població;;2923
2005;Palol de Revardit;total;homes;població;;224
2005;Palol de Revardit;total;dones;població;;201
2005;Palol de Revardit;total;total;població;;425
2005;Pals;total;homes;població;;1187
2005;Pals;total;dones;població;;1148
2005;Pals;total;total;població;;2335
2005;Papiol, el;total;homes;població;;1863
2005;Papiol, el;total;dones;població;;1823
2005;Papiol, el;total;total;població;;3686
2005;Pardines;total;homes;població;;85
2005;Pardines;total;dones;població;;77
2005;Pardines;total;total;població;;162
2005;Parets del Vallès;total;homes;població;;8265
2005;Parets del Vallès;total;dones;població;;7937
2005;Parets del Vallès;total;total;població;;16202
2005;Parlavà;total;homes;població;;182
2005;Parlavà;total;dones;població;;159
2005;Parlavà;total;total;població;;341
2005;Passanant i Belltall;total;homes;població;;110
2005;Passanant i Belltall;total;dones;població;;95
2005;Passanant i Belltall;total;total;població;;205
2005;Pau;total;homes;població;;247
2005;Pau;total;dones;població;;226
2005;Pau;total;total;població;;473
2005;Paüls;total;homes;població;;303
2005;Paüls;total;dones;població;;306
2005;Paüls;total;total;població;;609
2005;Pedret i Marzà;total;homes;població;;77
2005;Pedret i Marzà;total;dones;població;;81
2005;Pedret i Marzà;total;total;població;;158
2005;Penelles;total;homes;població;;290
2005;Penelles;total;dones;població;;233
2005;Penelles;total;total;població;;523
2005;Pera, la;total;homes;població;;216
2005;Pera, la;total;dones;població;;211
2005;Pera, la;total;total;població;;427
2005;Perafita;total;homes;població;;184
2005;Perafita;total;dones;població;;194
2005;Perafita;total;total;població;;378
2005;Perafort;total;homes;població;;425
2005;Perafort;total;dones;població;;377
2005;Perafort;total;total;població;;802
2005;Peralada;total;homes;població;;799
2005;Peralada;total;dones;població;;759
2005;Peralada;total;total;població;;1558
2005;Peramola;total;homes;població;;207
2005;Peramola;total;dones;població;;166
2005;Peramola;total;total;població;;373
2005;Perelló, el;total;homes;població;;1261
2005;Perelló, el;total;dones;població;;1094
2005;Perelló, el;total;total;població;;2355
2005;Piera;total;homes;població;;6289
2005;Piera;total;dones;població;;5941
2005;Piera;total;total;població;;12230
2005;Piles, les;total;homes;població;;109
2005;Piles, les;total;dones;població;;82
2005;Piles, les;total;total;població;;191
2005;Pineda de Mar;total;homes;població;;12601
2005;Pineda de Mar;total;dones;població;;12101
2005;Pineda de Mar;total;total;població;;24702
2005;Pinell de Brai, el;total;homes;població;;564
2005;Pinell de Brai, el;total;dones;població;;535
2005;Pinell de Brai, el;total;total;població;;1099
2005;Pinell de Solsonès;total;homes;població;;110
2005;Pinell de Solsonès;total;dones;població;;95
2005;Pinell de Solsonès;total;total;població;;205
2005;Pinós;total;homes;població;;172
2005;Pinós;total;dones;població;;141
2005;Pinós;total;total;població;;313
2005;Pira;total;homes;població;;235
2005;Pira;total;dones;població;;243
2005;Pira;total;total;població;;478
2005;Pla de Santa Maria, el;total;homes;població;;1006
2005;Pla de Santa Maria, el;total;dones;població;;897
2005;Pla de Santa Maria, el;total;total;població;;1903
2005;Pla del Penedès, el;total;homes;població;;468
2005;Pla del Penedès, el;total;dones;població;;438
2005;Pla del Penedès, el;total;total;població;;906
2005;Planes d'Hostoles, les;total;homes;població;;885
2005;Planes d'Hostoles, les;total;dones;població;;869
2005;Planes d'Hostoles, les;total;total;població;;1754
2005;Planoles;total;homes;població;;167
2005;Planoles;total;dones;població;;146
2005;Planoles;total;total;població;;313
2005;Plans de Sió, els;total;homes;població;;284
2005;Plans de Sió, els;total;dones;població;;263
2005;Plans de Sió, els;total;total;població;;547
2005;Poal, el;total;homes;població;;349
2005;Poal, el;total;dones;població;;308
2005;Poal, el;total;total;població;;657
2005;Pobla de Cérvoles, la;total;homes;població;;136
2005;Pobla de Cérvoles, la;total;dones;població;;114
2005;Pobla de Cérvoles, la;total;total;població;;250
2005;Pobla de Claramunt, la;total;homes;població;;1077
2005;Pobla de Claramunt, la;total;dones;població;;983
2005;Pobla de Claramunt, la;total;total;població;;2060
2005;Pobla de Lillet, la;total;homes;població;;654
2005;Pobla de Lillet, la;total;dones;població;;694
2005;Pobla de Lillet, la;total;total;població;;1348
2005;Pobla de Mafumet, la;total;homes;població;;694
2005;Pobla de Mafumet, la;total;dones;població;;695
2005;Pobla de Mafumet, la;total;total;població;;1389
2005;Pobla de Massaluca, la;total;homes;població;;231
2005;Pobla de Massaluca, la;total;dones;població;;202
2005;Pobla de Massaluca, la;total;total;població;;433
2005;Pobla de Montornès, la;total;homes;població;;1134
2005;Pobla de Montornès, la;total;dones;població;;989
2005;Pobla de Montornès, la;total;total;població;;2123
2005;Pobla de Segur, la;total;homes;població;;1537
2005;Pobla de Segur, la;total;dones;població;;1506
2005;Pobla de Segur, la;total;total;població;;3043
2005;Poboleda;total;homes;població;;191
2005;Poboleda;total;dones;població;;162
2005;Poboleda;total;total;població;;353
2005;Polinyà;total;homes;població;;3290
2005;Polinyà;total;dones;població;;3138
2005;Polinyà;total;total;població;;6428
2005;Pont d'Armentera, el;total;homes;població;;309
2005;Pont d'Armentera, el;total;dones;població;;287
2005;Pont d'Armentera, el;total;total;població;;596
2005;Pont de Bar, el;total;homes;població;;83
2005;Pont de Bar, el;total;dones;població;;75
2005;Pont de Bar, el;total;total;població;;158
2005;Pont de Molins;total;homes;població;;240
2005;Pont de Molins;total;dones;població;;210
2005;Pont de Molins;total;total;població;;450
2005;Pont de Suert, el;total;homes;població;;1191
2005;Pont de Suert, el;total;dones;població;;1116
2005;Pont de Suert, el;total;total;població;;2307
2005;Pont de Vilomara i Rocafort, el;total;homes;població;;1615
2005;Pont de Vilomara i Rocafort, el;total;dones;població;;1539
2005;Pont de Vilomara i Rocafort, el;total;total;població;;3154
2005;Pontils;total;homes;població;;74
2005;Pontils;total;dones;població;;68
2005;Pontils;total;total;població;;142
2005;Pontons;total;homes;població;;260
2005;Pontons;total;dones;població;;222
2005;Pontons;total;total;població;;482
2005;Pontós;total;homes;població;;124
2005;Pontós;total;dones;població;;105
2005;Pontós;total;total;població;;229
2005;Ponts;total;homes;població;;1179
2005;Ponts;total;dones;població;;1199
2005;Ponts;total;total;població;;2378
2005;Porqueres;total;homes;població;;1995
2005;Porqueres;total;dones;població;;2065
2005;Porqueres;total;total;població;;4060
2005;Porrera;total;homes;població;;272
2005;Porrera;total;dones;població;;226
2005;Porrera;total;total;població;;498
2005;Port de la Selva, el;total;homes;població;;461
2005;Port de la Selva, el;total;dones;població;;460
2005;Port de la Selva, el;total;total;població;;921
2005;Portbou;total;homes;població;;678
2005;Portbou;total;dones;població;;696
2005;Portbou;total;total;població;;1374
2005;Portella, la;total;homes;població;;460
2005;Portella, la;total;dones;població;;355
2005;Portella, la;total;total;població;;815
2005;Pradell de la Teixeta;total;homes;població;;93
2005;Pradell de la Teixeta;total;dones;població;;99
2005;Pradell de la Teixeta;total;total;població;;192
2005;Prades;total;homes;població;;316
2005;Prades;total;dones;població;;296
2005;Prades;total;total;població;;612
2005;Prat de Comte;total;homes;població;;95
2005;Prat de Comte;total;dones;població;;96
2005;Prat de Comte;total;total;població;;191
2005;Prat de Llobregat, el;total;homes;població;;31672
2005;Prat de Llobregat, el;total;dones;població;;31518
2005;Prat de Llobregat, el;total;total;població;;63190
2005;Pratdip;total;homes;població;;368
2005;Pratdip;total;dones;població;;324
2005;Pratdip;total;total;població;;692
2005;Prats de Lluçanès;total;homes;població;;1352
2005;Prats de Lluçanès;total;dones;població;;1339
2005;Prats de Lluçanès;total;total;població;;2691
2005;Prats de Rei, els;total;homes;població;;273
2005;Prats de Rei, els;total;dones;població;;264
2005;Prats de Rei, els;total;total;població;;537
2005;Prats i Sansor;total;homes;població;;129
2005;Prats i Sansor;total;dones;població;;90
2005;Prats i Sansor;total;total;població;;219
2005;Preixana;total;homes;població;;218
2005;Preixana;total;dones;població;;209
2005;Preixana;total;total;població;;427
2005;Preixens;total;homes;població;;249
2005;Preixens;total;dones;població;;249
2005;Preixens;total;total;població;;498
2005;Premià de Dalt;total;homes;població;;4869
2005;Premià de Dalt;total;dones;població;;4899
2005;Premià de Dalt;total;total;població;;9768
2005;Premià de Mar;total;homes;població;;13843
2005;Premià de Mar;total;dones;població;;13810
2005;Premià de Mar;total;total;població;;27653
2005;Preses, les;total;homes;població;;812
2005;Preses, les;total;dones;població;;845
2005;Preses, les;total;total;població;;1657
2005;Prullans;total;homes;població;;119
2005;Prullans;total;dones;població;;112
2005;Prullans;total;total;població;;231
2005;Puigcerdà;total;homes;població;;4670
2005;Puigcerdà;total;dones;població;;4175
2005;Puigcerdà;total;total;població;;8845
2005;Puigdàlber;total;homes;població;;186
2005;Puigdàlber;total;dones;població;;202
2005;Puigdàlber;total;total;població;;388
2005;Puiggròs;total;homes;població;;159
2005;Puiggròs;total;dones;població;;141
2005;Puiggròs;total;total;població;;300
2005;Puigpelat;total;homes;població;;409
2005;Puigpelat;total;dones;població;;380
2005;Puigpelat;total;total;població;;789
2005;Puig-reig;total;homes;població;;2042
2005;Puig-reig;total;dones;població;;2155
2005;Puig-reig;total;total;població;;4197
2005;Puigverd d'Agramunt;total;homes;població;;139
2005;Puigverd d'Agramunt;total;dones;població;;121
2005;Puigverd d'Agramunt;total;total;població;;260
2005;Puigverd de Lleida;total;homes;població;;609
2005;Puigverd de Lleida;total;dones;població;;586
2005;Puigverd de Lleida;total;total;població;;1195
2005;Pujalt;total;homes;població;;102
2005;Pujalt;total;dones;població;;97
2005;Pujalt;total;total;població;;199
2005;Quar, la;total;homes;població;;39
2005;Quar, la;total;dones;població;;29
2005;Quar, la;total;total;població;;68
2005;Quart;total;homes;població;;1349
2005;Quart;total;dones;població;;1280
2005;Quart;total;total;població;;2629
2005;Queralbs;total;homes;població;;117
2005;Queralbs;total;dones;població;;85
2005;Queralbs;total;total;població;;202
2005;Querol;total;homes;població;;196
2005;Querol;total;dones;població;;163
2005;Querol;total;total;població;;359
2005;Rabós;total;homes;població;;85
2005;Rabós;total;dones;població;;92
2005;Rabós;total;total;població;;177
2005;Rajadell;total;homes;població;;240
2005;Rajadell;total;dones;població;;211
2005;Rajadell;total;total;població;;451
2005;Ràpita, la;total;homes;població;;6589
2005;Ràpita, la;total;dones;població;;6592
2005;Ràpita, la;total;total;població;;13181
2005;Rasquera;total;homes;població;;460
2005;Rasquera;total;dones;població;;438
2005;Rasquera;total;total;població;;898
2005;Regencós;total;homes;població;;164
2005;Regencós;total;dones;població;;133
2005;Regencós;total;total;població;;297
2005;Rellinars;total;homes;població;;312
2005;Rellinars;total;dones;població;;293
2005;Rellinars;total;total;població;;605
2005;Renau;total;homes;població;;44
2005;Renau;total;dones;població;;44
2005;Renau;total;total;població;;88
2005;Reus;total;homes;població;;49434
2005;Reus;total;dones;població;;50071
2005;Reus;total;total;població;;99505
2005;Rialp;total;homes;població;;321
2005;Rialp;total;dones;població;;310
2005;Rialp;total;total;població;;631
2005;Riba, la;total;homes;població;;371
2005;Riba, la;total;dones;població;;308
2005;Riba, la;total;total;població;;679
2005;Riba-roja d'Ebre;total;homes;població;;704
2005;Riba-roja d'Ebre;total;dones;població;;653
2005;Riba-roja d'Ebre;total;total;població;;1357
2005;Ribera d'Ondara;total;homes;població;;245
2005;Ribera d'Ondara;total;dones;població;;220
2005;Ribera d'Ondara;total;total;població;;465
2005;Ribera d'Urgellet;total;homes;població;;499
2005;Ribera d'Urgellet;total;dones;població;;436
2005;Ribera d'Urgellet;total;total;població;;935
2005;Ribes de Freser;total;homes;població;;1011
2005;Ribes de Freser;total;dones;població;;1033
2005;Ribes de Freser;total;total;població;;2044
2005;Riells i Viabrea;total;homes;població;;1594
2005;Riells i Viabrea;total;dones;població;;1441
2005;Riells i Viabrea;total;total;població;;3035
2005;Riera de Gaià, la;total;homes;població;;657
2005;Riera de Gaià, la;total;dones;població;;620
2005;Riera de Gaià, la;total;total;població;;1277
2005;Riner;total;homes;població;;137
2005;Riner;total;dones;població;;136
2005;Riner;total;total;població;;273
2005;Ripoll;total;homes;població;;5303
2005;Ripoll;total;dones;població;;5459
2005;Ripoll;total;total;població;;10762
2005;Ripollet;total;homes;població;;17600
2005;Ripollet;total;dones;població;;17135
2005;Ripollet;total;total;població;;34735
2005;Riu de Cerdanya;total;homes;població;;49
2005;Riu de Cerdanya;total;dones;població;;47
2005;Riu de Cerdanya;total;total;població;;96
2005;Riudarenes;total;homes;població;;876
2005;Riudarenes;total;dones;població;;803
2005;Riudarenes;total;total;població;;1679
2005;Riudaura;total;homes;població;;215
2005;Riudaura;total;dones;població;;211
2005;Riudaura;total;total;població;;426
2005;Riudecanyes;total;homes;població;;434
2005;Riudecanyes;total;dones;població;;411
2005;Riudecanyes;total;total;població;;845
2005;Riudecols;total;homes;població;;569
2005;Riudecols;total;dones;població;;528
2005;Riudecols;total;total;població;;1097
2005;Riudellots de la Selva;total;homes;població;;923
2005;Riudellots de la Selva;total;dones;població;;852
2005;Riudellots de la Selva;total;total;població;;1775
2005;Riudoms;total;homes;població;;2955
2005;Riudoms;total;dones;població;;2808
2005;Riudoms;total;total;població;;5763
2005;Riumors;total;homes;població;;78
2005;Riumors;total;dones;població;;76
2005;Riumors;total;total;població;;154
2005;Roca del Vallès, la;total;homes;població;;4513
2005;Roca del Vallès, la;total;dones;població;;4433
2005;Roca del Vallès, la;total;total;població;;8946
2005;Rocafort de Queralt;total;homes;població;;140
2005;Rocafort de Queralt;total;dones;població;;124
2005;Rocafort de Queralt;total;total;població;;264
2005;Roda de Berà;total;homes;població;;2410
2005;Roda de Berà;total;dones;població;;2137
2005;Roda de Berà;total;total;població;;4547
2005;Roda de Ter;total;homes;població;;2651
2005;Roda de Ter;total;dones;població;;2799
2005;Roda de Ter;total;total;població;;5450
2005;Rodonyà;total;homes;població;;244
2005;Rodonyà;total;dones;població;;218
2005;Rodonyà;total;total;població;;462
2005;Roquetes;total;homes;població;;3758
2005;Roquetes;total;dones;població;;3474
2005;Roquetes;total;total;població;;7232
2005;Roses;total;homes;població;;7820
2005;Roses;total;dones;població;;7715
2005;Roses;total;total;població;;15535
2005;Rosselló;total;homes;població;;1162
2005;Rosselló;total;dones;població;;1106
2005;Rosselló;total;total;població;;2268
2005;Rourell, el;total;homes;població;;159
2005;Rourell, el;total;dones;població;;154
2005;Rourell, el;total;total;població;;313
2005;Rubí;total;homes;població;;34368
2005;Rubí;total;dones;població;;33734
2005;Rubí;total;total;població;;68102
2005;Rubió;total;homes;població;;76
2005;Rubió;total;dones;població;;59
2005;Rubió;total;total;població;;135
2005;Rupià;total;homes;població;;109
2005;Rupià;total;dones;població;;92
2005;Rupià;total;total;població;;201
2005;Rupit i Pruit;total;homes;població;;171
2005;Rupit i Pruit;total;dones;població;;174
2005;Rupit i Pruit;total;total;població;;345
2005;Sabadell;total;homes;població;;96418
2005;Sabadell;total;dones;població;;100553
2005;Sabadell;total;total;població;;196971
2005;Sagàs;total;homes;població;;71
2005;Sagàs;total;dones;població;;69
2005;Sagàs;total;total;població;;140
2005;Salàs de Pallars;total;homes;població;;172
2005;Salàs de Pallars;total;dones;població;;162
2005;Salàs de Pallars;total;total;població;;334
2005;Saldes;total;homes;població;;196
2005;Saldes;total;dones;població;;150
2005;Saldes;total;total;població;;346
2005;Sales de Llierca;total;homes;població;;58
2005;Sales de Llierca;total;dones;població;;59
2005;Sales de Llierca;total;total;població;;117
2005;Sallent;total;homes;població;;3405
2005;Sallent;total;dones;població;;3683
2005;Sallent;total;total;població;;7088
2005;Salomó;total;homes;població;;220
2005;Salomó;total;dones;població;;212
2005;Salomó;total;total;població;;432
2005;Salou;total;homes;població;;10668
2005;Salou;total;dones;població;;9471
2005;Salou;total;total;població;;20139
2005;Salt;total;homes;població;;14527
2005;Salt;total;dones;població;;12843
2005;Salt;total;total;població;;27370
2005;Sanaüja;total;homes;població;;239
2005;Sanaüja;total;dones;població;;225
2005;Sanaüja;total;total;població;;464
2005;Sant Adrià de Besòs;total;homes;població;;16247
2005;Sant Adrià de Besòs;total;dones;població;;16693
2005;Sant Adrià de Besòs;total;total;població;;32940
2005;Sant Agustí de Lluçanès;total;homes;població;;58
2005;Sant Agustí de Lluçanès;total;dones;població;;53
2005;Sant Agustí de Lluçanès;total;total;població;;111
2005;Sant Andreu de la Barca;total;homes;població;;12806
2005;Sant Andreu de la Barca;total;dones;població;;12057
2005;Sant Andreu de la Barca;total;total;població;;24863
2005;Sant Andreu de Llavaneres;total;homes;població;;4716
2005;Sant Andreu de Llavaneres;total;dones;població;;4464
2005;Sant Andreu de Llavaneres;total;total;població;;9180
2005;Sant Andreu Salou;total;homes;població;;72
2005;Sant Andreu Salou;total;dones;població;;82
2005;Sant Andreu Salou;total;total;població;;154
2005;Sant Aniol de Finestres;total;homes;població;;155
2005;Sant Aniol de Finestres;total;dones;població;;131
2005;Sant Aniol de Finestres;total;total;població;;286
2005;Sant Antoni de Vilamajor;total;homes;població;;2339
2005;Sant Antoni de Vilamajor;total;dones;població;;2288
2005;Sant Antoni de Vilamajor;total;total;població;;4627
2005;Sant Bartomeu del Grau;total;homes;població;;539
2005;Sant Bartomeu del Grau;total;dones;població;;493
2005;Sant Bartomeu del Grau;total;total;població;;1032
2005;Sant Boi de Llobregat;total;homes;població;;40415
2005;Sant Boi de Llobregat;total;dones;població;;40766
2005;Sant Boi de Llobregat;total;total;població;;81181
2005;Sant Boi de Lluçanès;total;homes;població;;291
2005;Sant Boi de Lluçanès;total;dones;població;;278
2005;Sant Boi de Lluçanès;total;total;població;;569
2005;Sant Cebrià de Vallalta;total;homes;població;;1387
2005;Sant Cebrià de Vallalta;total;dones;població;;1188
2005;Sant Cebrià de Vallalta;total;total;població;;2575
2005;Sant Celoni;total;homes;població;;7577
2005;Sant Celoni;total;dones;població;;7504
2005;Sant Celoni;total;total;població;;15081
2005;Sant Climent de Llobregat;total;homes;població;;1729
2005;Sant Climent de Llobregat;total;dones;població;;1714
2005;Sant Climent de Llobregat;total;total;població;;3443
2005;Sant Climent Sescebes;total;homes;població;;244
2005;Sant Climent Sescebes;total;dones;població;;230
2005;Sant Climent Sescebes;total;total;població;;474
2005;Sant Cugat del Vallès;total;homes;població;;34660
2005;Sant Cugat del Vallès;total;dones;població;;35854
2005;Sant Cugat del Vallès;total;total;població;;70514
2005;Sant Cugat Sesgarrigues;total;homes;població;;459
2005;Sant Cugat Sesgarrigues;total;dones;població;;412
2005;Sant Cugat Sesgarrigues;total;total;població;;871
2005;Sant Esteve de la Sarga;total;homes;població;;92
2005;Sant Esteve de la Sarga;total;dones;població;;52
2005;Sant Esteve de la Sarga;total;total;població;;144
2005;Sant Esteve de Palautordera;total;homes;població;;970
2005;Sant Esteve de Palautordera;total;dones;població;;991
2005;Sant Esteve de Palautordera;total;total;població;;1961
2005;Sant Esteve Sesrovires;total;homes;població;;3252
2005;Sant Esteve Sesrovires;total;dones;població;;3058
2005;Sant Esteve Sesrovires;total;total;població;;6310
2005;Sant Feliu de Buixalleu;total;homes;població;;414
2005;Sant Feliu de Buixalleu;total;dones;població;;355
2005;Sant Feliu de Buixalleu;total;total;població;;769
2005;Sant Feliu de Codines;total;homes;població;;2741
2005;Sant Feliu de Codines;total;dones;població;;2541
2005;Sant Feliu de Codines;total;total;població;;5282
2005;Sant Feliu de Guíxols;total;homes;població;;10059
2005;Sant Feliu de Guíxols;total;dones;població;;10259
2005;Sant Feliu de Guíxols;total;total;població;;20318
2005;Sant Feliu de Llobregat;total;homes;població;;20821
2005;Sant Feliu de Llobregat;total;dones;població;;21446
2005;Sant Feliu de Llobregat;total;total;població;;42267
2005;Sant Feliu de Pallerols;total;homes;població;;608
2005;Sant Feliu de Pallerols;total;dones;població;;615
2005;Sant Feliu de Pallerols;total;total;població;;1223
2005;Sant Feliu Sasserra;total;homes;població;;320
2005;Sant Feliu Sasserra;total;dones;població;;318
2005;Sant Feliu Sasserra;total;total;població;;638
2005;Sant Ferriol;total;homes;població;;111
2005;Sant Ferriol;total;dones;població;;95
2005;Sant Ferriol;total;total;població;;206
2005;Sant Fost de Campsentelles;total;homes;població;;3702
2005;Sant Fost de Campsentelles;total;dones;població;;3563
2005;Sant Fost de Campsentelles;total;total;població;;7265
2005;Sant Fruitós de Bages;total;homes;població;;3495
2005;Sant Fruitós de Bages;total;dones;població;;3344
2005;Sant Fruitós de Bages;total;total;població;;6839
2005;Sant Gregori;total;homes;població;;1461
2005;Sant Gregori;total;dones;població;;1383
2005;Sant Gregori;total;total;població;;2844
2005;Sant Guim de Freixenet;total;homes;població;;534
2005;Sant Guim de Freixenet;total;dones;població;;529
2005;Sant Guim de Freixenet;total;total;població;;1063
2005;Sant Guim de la Plana;total;homes;població;;106
2005;Sant Guim de la Plana;total;dones;població;;92
2005;Sant Guim de la Plana;total;total;població;;198
2005;Sant Hilari Sacalm;total;homes;població;;2862
2005;Sant Hilari Sacalm;total;dones;població;;2612
2005;Sant Hilari Sacalm;total;total;població;;5474
2005;Sant Hipòlit de Voltregà;total;homes;població;;1615
2005;Sant Hipòlit de Voltregà;total;dones;població;;1607
2005;Sant Hipòlit de Voltregà;total;total;població;;3222
2005;Sant Iscle de Vallalta;total;homes;població;;571
2005;Sant Iscle de Vallalta;total;dones;població;;524
2005;Sant Iscle de Vallalta;total;total;població;;1095
2005;Sant Jaume d'Enveja;total;homes;població;;1698
2005;Sant Jaume d'Enveja;total;dones;població;;1657
2005;Sant Jaume d'Enveja;total;total;població;;3355
2005;Sant Jaume de Frontanyà;total;homes;població;;14
2005;Sant Jaume de Frontanyà;total;dones;població;;14
2005;Sant Jaume de Frontanyà;total;total;població;;28
2005;Sant Jaume de Llierca;total;homes;població;;397
2005;Sant Jaume de Llierca;total;dones;població;;388
2005;Sant Jaume de Llierca;total;total;població;;785
2005;Sant Jaume dels Domenys;total;homes;població;;986
2005;Sant Jaume dels Domenys;total;dones;població;;891
2005;Sant Jaume dels Domenys;total;total;població;;1877
2005;Sant Joan de les Abadesses;total;homes;població;;1810
2005;Sant Joan de les Abadesses;total;dones;població;;1811
2005;Sant Joan de les Abadesses;total;total;població;;3621
2005;Sant Joan de Mollet;total;homes;població;;237
2005;Sant Joan de Mollet;total;dones;població;;238
2005;Sant Joan de Mollet;total;total;població;;475
2005;Sant Joan de Vilatorrada;total;homes;població;;5079
2005;Sant Joan de Vilatorrada;total;dones;població;;4985
2005;Sant Joan de Vilatorrada;total;total;població;;10064
2005;Sant Joan Despí;total;homes;població;;15401
2005;Sant Joan Despí;total;dones;població;;15761
2005;Sant Joan Despí;total;total;població;;31162
2005;Sant Joan les Fonts;total;homes;població;;1317
2005;Sant Joan les Fonts;total;dones;població;;1314
2005;Sant Joan les Fonts;total;total;població;;2631
2005;Sant Jordi Desvalls;total;homes;població;;318
2005;Sant Jordi Desvalls;total;dones;població;;313
2005;Sant Jordi Desvalls;total;total;població;;631
2005;Sant Julià de Cerdanyola;total;homes;població;;138
2005;Sant Julià de Cerdanyola;total;dones;població;;120
2005;Sant Julià de Cerdanyola;total;total;població;;258
2005;Sant Julià de Ramis;total;homes;població;;1275
2005;Sant Julià de Ramis;total;dones;població;;1220
2005;Sant Julià de Ramis;total;total;població;;2495
2005;Sant Julià de Vilatorta;total;homes;població;;1339
2005;Sant Julià de Vilatorta;total;dones;població;;1390
2005;Sant Julià de Vilatorta;total;total;població;;2729
2005;Sant Julià del Llor i Bonmatí;total;homes;població;;514
2005;Sant Julià del Llor i Bonmatí;total;dones;població;;493
2005;Sant Julià del Llor i Bonmatí;total;total;població;;1007
2005;Sant Just Desvern;total;homes;població;;7274
2005;Sant Just Desvern;total;dones;població;;8008
2005;Sant Just Desvern;total;total;població;;15282
2005;Sant Llorenç d'Hortons;total;homes;població;;1021
2005;Sant Llorenç d'Hortons;total;dones;població;;1001
2005;Sant Llorenç d'Hortons;total;total;població;;2022
2005;Sant Llorenç de la Muga;total;homes;població;;101
2005;Sant Llorenç de la Muga;total;dones;població;;101
2005;Sant Llorenç de la Muga;total;total;població;;202
2005;Sant Llorenç de Morunys;total;homes;població;;503
2005;Sant Llorenç de Morunys;total;dones;població;;466
2005;Sant Llorenç de Morunys;total;total;població;;969
2005;Sant Llorenç Savall;total;homes;població;;1126
2005;Sant Llorenç Savall;total;dones;població;;1103
2005;Sant Llorenç Savall;total;total;població;;2229
2005;Sant Martí d'Albars;total;homes;població;;60
2005;Sant Martí d'Albars;total;dones;població;;56
2005;Sant Martí d'Albars;total;total;població;;116
2005;Sant Martí de Centelles;total;homes;població;;465
2005;Sant Martí de Centelles;total;dones;població;;433
2005;Sant Martí de Centelles;total;total;població;;898
2005;Sant Martí de Llémena;total;homes;població;;276
2005;Sant Martí de Llémena;total;dones;població;;250
2005;Sant Martí de Llémena;total;total;població;;526
2005;Sant Martí de Riucorb;total;homes;població;;372
2005;Sant Martí de Riucorb;total;dones;població;;332
2005;Sant Martí de Riucorb;total;total;població;;704
2005;Sant Martí de Tous;total;homes;població;;556
2005;Sant Martí de Tous;total;dones;població;;537
2005;Sant Martí de Tous;total;total;població;;1093
2005;Sant Martí Sarroca;total;homes;població;;1391
2005;Sant Martí Sarroca;total;dones;població;;1330
2005;Sant Martí Sarroca;total;total;població;;2721
2005;Sant Martí Sesgueioles;total;homes;població;;174
2005;Sant Martí Sesgueioles;total;dones;població;;166
2005;Sant Martí Sesgueioles;total;total;població;;340
2005;Sant Martí Vell;total;homes;població;;101
2005;Sant Martí Vell;total;dones;població;;84
2005;Sant Martí Vell;total;total;població;;185
2005;Sant Mateu de Bages;total;homes;població;;339
2005;Sant Mateu de Bages;total;dones;població;;326
2005;Sant Mateu de Bages;total;total;població;;665
2005;Sant Miquel de Campmajor;total;homes;població;;110
2005;Sant Miquel de Campmajor;total;dones;població;;87
2005;Sant Miquel de Campmajor;total;total;població;;197
2005;Sant Miquel de Fluvià;total;homes;població;;350
2005;Sant Miquel de Fluvià;total;dones;població;;321
2005;Sant Miquel de Fluvià;total;total;població;;671
2005;Sant Mori;total;homes;població;;80
2005;Sant Mori;total;dones;població;;87
2005;Sant Mori;total;total;població;;167
2005;Sant Pau de Segúries;total;homes;població;;338
2005;Sant Pau de Segúries;total;dones;població;;331
2005;Sant Pau de Segúries;total;total;població;;669
2005;Sant Pere de Ribes;total;homes;població;;13238
2005;Sant Pere de Ribes;total;dones;població;;12870
2005;Sant Pere de Ribes;total;total;població;;26108
2005;Sant Pere de Riudebitlles;total;homes;població;;1097
2005;Sant Pere de Riudebitlles;total;dones;població;;1079
2005;Sant Pere de Riudebitlles;total;total;població;;2176
2005;Sant Pere de Torelló;total;homes;població;;1126
2005;Sant Pere de Torelló;total;dones;població;;1139
2005;Sant Pere de Torelló;total;total;població;;2265
2005;Sant Pere de Vilamajor;total;homes;població;;1760
2005;Sant Pere de Vilamajor;total;dones;població;;1684
2005;Sant Pere de Vilamajor;total;total;població;;3444
2005;Sant Pere Pescador;total;homes;població;;989
2005;Sant Pere Pescador;total;dones;població;;786
2005;Sant Pere Pescador;total;total;població;;1775
2005;Sant Pere Sallavinera;total;homes;població;;83
2005;Sant Pere Sallavinera;total;dones;població;;80
2005;Sant Pere Sallavinera;total;total;població;;163
2005;Sant Pol de Mar;total;homes;població;;2365
2005;Sant Pol de Mar;total;dones;població;;2232
2005;Sant Pol de Mar;total;total;població;;4597
2005;Sant Quintí de Mediona;total;homes;població;;1052
2005;Sant Quintí de Mediona;total;dones;població;;946
2005;Sant Quintí de Mediona;total;total;població;;1998
2005;Sant Quirze de Besora;total;homes;població;;992
2005;Sant Quirze de Besora;total;dones;població;;1015
2005;Sant Quirze de Besora;total;total;població;;2007
2005;Sant Quirze del Vallès;total;homes;població;;8213
2005;Sant Quirze del Vallès;total;dones;població;;8368
2005;Sant Quirze del Vallès;total;total;població;;16581
2005;Sant Quirze Safaja;total;homes;població;;288
2005;Sant Quirze Safaja;total;dones;població;;255
2005;Sant Quirze Safaja;total;total;població;;543
2005;Sant Ramon;total;homes;població;;293
2005;Sant Ramon;total;dones;població;;268
2005;Sant Ramon;total;total;població;;561
2005;Sant Sadurní d'Anoia;total;homes;població;;5645
2005;Sant Sadurní d'Anoia;total;dones;població;;5714
2005;Sant Sadurní d'Anoia;total;total;població;;11359
2005;Sant Sadurní d'Osormort;total;homes;població;;47
2005;Sant Sadurní d'Osormort;total;dones;població;;35
2005;Sant Sadurní d'Osormort;total;total;població;;82
2005;Sant Salvador de Guardiola;total;homes;població;;1416
2005;Sant Salvador de Guardiola;total;dones;població;;1337
2005;Sant Salvador de Guardiola;total;total;població;;2753
2005;Sant Vicenç de Castellet;total;homes;població;;3763
2005;Sant Vicenç de Castellet;total;dones;població;;3974
2005;Sant Vicenç de Castellet;total;total;població;;7737
2005;Sant Vicenç de Montalt;total;homes;població;;2442
2005;Sant Vicenç de Montalt;total;dones;població;;2329
2005;Sant Vicenç de Montalt;total;total;població;;4771
2005;Sant Vicenç de Torelló;total;homes;població;;932
2005;Sant Vicenç de Torelló;total;dones;població;;995
2005;Sant Vicenç de Torelló;total;total;població;;1927
2005;Sant Vicenç dels Horts;total;homes;població;;13435
2005;Sant Vicenç dels Horts;total;dones;població;;13241
2005;Sant Vicenç dels Horts;total;total;població;;26676
2005;Santa Bàrbara;total;homes;població;;1838
2005;Santa Bàrbara;total;dones;població;;1775
2005;Santa Bàrbara;total;total;població;;3613
2005;Santa Cecília de Voltregà;total;homes;població;;113
2005;Santa Cecília de Voltregà;total;dones;població;;93
2005;Santa Cecília de Voltregà;total;total;població;;206
2005;Santa Coloma de Cervelló;total;homes;població;;3497
2005;Santa Coloma de Cervelló;total;dones;població;;3467
2005;Santa Coloma de Cervelló;total;total;població;;6964
2005;Santa Coloma de Farners;total;homes;població;;5443
2005;Santa Coloma de Farners;total;dones;població;;5114
2005;Santa Coloma de Farners;total;total;població;;10557
2005;Santa Coloma de Gramenet;total;homes;població;;59720
2005;Santa Coloma de Gramenet;total;dones;població;;58409
2005;Santa Coloma de Gramenet;total;total;població;;118129
2005;Santa Coloma de Queralt;total;homes;població;;1498
2005;Santa Coloma de Queralt;total;dones;població;;1493
2005;Santa Coloma de Queralt;total;total;població;;2991
2005;Santa Cristina d'Aro;total;homes;població;;2063
2005;Santa Cristina d'Aro;total;dones;població;;1920
2005;Santa Cristina d'Aro;total;total;població;;3983
2005;Santa Eugènia de Berga;total;homes;població;;1066
2005;Santa Eugènia de Berga;total;dones;població;;980
2005;Santa Eugènia de Berga;total;total;població;;2046
2005;Santa Eulàlia de Riuprimer;total;homes;població;;449
2005;Santa Eulàlia de Riuprimer;total;dones;població;;436
2005;Santa Eulàlia de Riuprimer;total;total;població;;885
2005;Santa Eulàlia de Ronçana;total;homes;població;;2933
2005;Santa Eulàlia de Ronçana;total;dones;població;;2881
2005;Santa Eulàlia de Ronçana;total;total;població;;5814
2005;Santa Fe del Penedès;total;homes;població;;174
2005;Santa Fe del Penedès;total;dones;població;;164
2005;Santa Fe del Penedès;total;total;població;;338
2005;Santa Llogaia d'Àlguema;total;homes;població;;168
2005;Santa Llogaia d'Àlguema;total;dones;població;;143
2005;Santa Llogaia d'Àlguema;total;total;població;;311
2005;Santa Margarida de Montbui;total;homes;població;;4774
2005;Santa Margarida de Montbui;total;dones;població;;4711
2005;Santa Margarida de Montbui;total;total;població;;9485
2005;Santa Margarida i els Monjos;total;homes;població;;3108
2005;Santa Margarida i els Monjos;total;dones;població;;2825
2005;Santa Margarida i els Monjos;total;total;població;;5933
2005;Santa Maria d'Oló;total;homes;població;;524
2005;Santa Maria d'Oló;total;dones;població;;520
2005;Santa Maria d'Oló;total;total;població;;1044
2005;Santa Maria de Besora;total;homes;població;;95
2005;Santa Maria de Besora;total;dones;població;;92
2005;Santa Maria de Besora;total;total;població;;187
2005;Santa Maria de Martorelles;total;homes;població;;392
2005;Santa Maria de Martorelles;total;dones;població;;371
2005;Santa Maria de Martorelles;total;total;població;;763
2005;Santa Maria de Merlès;total;homes;població;;80
2005;Santa Maria de Merlès;total;dones;població;;71
2005;Santa Maria de Merlès;total;total;població;;151
2005;Santa Maria de Miralles;total;homes;població;;60
2005;Santa Maria de Miralles;total;dones;població;;63
2005;Santa Maria de Miralles;total;total;població;;123
2005;Santa Maria de Palautordera;total;homes;població;;4018
2005;Santa Maria de Palautordera;total;dones;població;;3744
2005;Santa Maria de Palautordera;total;total;població;;7762
2005;Santa Oliva;total;homes;població;;1425
2005;Santa Oliva;total;dones;població;;1275
2005;Santa Oliva;total;total;població;;2700
2005;Santa Pau;total;homes;població;;787
2005;Santa Pau;total;dones;població;;754
2005;Santa Pau;total;total;població;;1541
2005;Santa Perpètua de Mogoda;total;homes;població;;10873
2005;Santa Perpètua de Mogoda;total;dones;població;;10536
2005;Santa Perpètua de Mogoda;total;total;població;;21409
2005;Santa Susanna;total;homes;població;;1468
2005;Santa Susanna;total;dones;població;;1400
2005;Santa Susanna;total;total;població;;2868
2005;Santpedor;total;homes;població;;3025
2005;Santpedor;total;dones;població;;3012
2005;Santpedor;total;total;població;;6037
2005;Sarral;total;homes;població;;787
2005;Sarral;total;dones;població;;716
2005;Sarral;total;total;població;;1503
2005;Sarrià de Ter;total;homes;població;;1997
2005;Sarrià de Ter;total;dones;població;;2039
2005;Sarrià de Ter;total;total;població;;4036
2005;Sarroca de Bellera;total;homes;població;;80
2005;Sarroca de Bellera;total;dones;població;;65
2005;Sarroca de Bellera;total;total;població;;145
2005;Sarroca de Lleida;total;homes;població;;218
2005;Sarroca de Lleida;total;dones;població;;212
2005;Sarroca de Lleida;total;total;població;;430
2005;Saus, Camallera i Llampaies;total;homes;població;;360
2005;Saus, Camallera i Llampaies;total;dones;població;;373
2005;Saus, Camallera i Llampaies;total;total;població;;733
2005;Savallà del Comtat;total;homes;població;;39
2005;Savallà del Comtat;total;dones;població;;34
2005;Savallà del Comtat;total;total;població;;73
2005;Secuita, la;total;homes;població;;634
2005;Secuita, la;total;dones;població;;606
2005;Secuita, la;total;total;població;;1240
2005;Selva de Mar, la;total;homes;població;;111
2005;Selva de Mar, la;total;dones;població;;105
2005;Selva de Mar, la;total;total;població;;216
2005;Selva del Camp, la;total;homes;població;;2447
2005;Selva del Camp, la;total;dones;població;;2374
2005;Selva del Camp, la;total;total;població;;4821
2005;Senan;total;homes;població;;28
2005;Senan;total;dones;població;;11
2005;Senan;total;total;població;;39
2005;Sénia, la;total;homes;població;;3139
2005;Sénia, la;total;dones;població;;2830
2005;Sénia, la;total;total;població;;5969
2005;Senterada;total;homes;població;;62
2005;Senterada;total;dones;població;;51
2005;Senterada;total;total;població;;113
2005;Sentiu de Sió, la;total;homes;població;;234
2005;Sentiu de Sió, la;total;dones;població;;252
2005;Sentiu de Sió, la;total;total;població;;486
2005;Sentmenat;total;homes;població;;3512
2005;Sentmenat;total;dones;població;;3476
2005;Sentmenat;total;total;població;;6988
2005;Serinyà;total;homes;població;;517
2005;Serinyà;total;dones;població;;481
2005;Serinyà;total;total;població;;998
2005;Seròs;total;homes;població;;1080
2005;Seròs;total;dones;població;;820
2005;Seròs;total;total;població;;1900
2005;Serra de Daró;total;homes;població;;99
2005;Serra de Daró;total;dones;població;;78
2005;Serra de Daró;total;total;població;;177
2005;Setcases;total;homes;població;;94
2005;Setcases;total;dones;població;;86
2005;Setcases;total;total;població;;180
2005;Seu d'Urgell, la;total;homes;població;;6042
2005;Seu d'Urgell, la;total;dones;població;;6275
2005;Seu d'Urgell, la;total;total;població;;12317
2005;Seva;total;homes;població;;1517
2005;Seva;total;dones;població;;1439
2005;Seva;total;total;població;;2956
2005;Sidamon;total;homes;població;;356
2005;Sidamon;total;dones;població;;334
2005;Sidamon;total;total;població;;690
2005;Sils;total;homes;població;;1981
2005;Sils;total;dones;població;;1966
2005;Sils;total;total;població;;3947
2005;Sitges;total;homes;població;;12030
2005;Sitges;total;dones;població;;12440
2005;Sitges;total;total;població;;24470
2005;Siurana;total;homes;població;;89
2005;Siurana;total;dones;població;;86
2005;Siurana;total;total;població;;175
2005;Sobremunt;total;homes;població;;44
2005;Sobremunt;total;dones;població;;48
2005;Sobremunt;total;total;població;;92
2005;Soleràs, el;total;homes;població;;220
2005;Soleràs, el;total;dones;població;;183
2005;Soleràs, el;total;total;població;;403
2005;Solivella;total;homes;població;;276
2005;Solivella;total;dones;població;;291
2005;Solivella;total;total;població;;567
2005;Solsona;total;homes;població;;4387
2005;Solsona;total;dones;població;;4184
2005;Solsona;total;total;població;;8571
2005;Sora;total;homes;població;;107
2005;Sora;total;dones;població;;106
2005;Sora;total;total;població;;213
2005;Soriguera;total;homes;població;;185
2005;Soriguera;total;dones;població;;151
2005;Soriguera;total;total;població;;336
2005;Sort;total;homes;població;;1080
2005;Sort;total;dones;població;;1033
2005;Sort;total;total;població;;2113
2005;Soses;total;homes;població;;891
2005;Soses;total;dones;població;;744
2005;Soses;total;total;població;;1635
2005;Subirats;total;homes;població;;1411
2005;Subirats;total;dones;població;;1409
2005;Subirats;total;total;població;;2820
2005;Sudanell;total;homes;població;;408
2005;Sudanell;total;dones;població;;354
2005;Sudanell;total;total;població;;762
2005;Sunyer;total;homes;població;;147
2005;Sunyer;total;dones;població;;137
2005;Sunyer;total;total;població;;284
2005;Súria;total;homes;població;;3040
2005;Súria;total;dones;població;;3162
2005;Súria;total;total;població;;6202
2005;Susqueda;total;homes;població;;64
2005;Susqueda;total;dones;població;;49
2005;Susqueda;total;total;població;;113
2005;Tagamanent;total;homes;població;;140
2005;Tagamanent;total;dones;població;;125
2005;Tagamanent;total;total;població;;265
2005;Talamanca;total;homes;població;;61
2005;Talamanca;total;dones;població;;56
2005;Talamanca;total;total;població;;117
2005;Talarn;total;homes;població;;171
2005;Talarn;total;dones;població;;173
2005;Talarn;total;total;població;;344
2005;Talavera;total;homes;població;;150
2005;Talavera;total;dones;població;;132
2005;Talavera;total;total;població;;282
2005;Tallada d'Empordà, la;total;homes;població;;190
2005;Tallada d'Empordà, la;total;dones;població;;156
2005;Tallada d'Empordà, la;total;total;població;;346
2005;Taradell;total;homes;població;;2877
2005;Taradell;total;dones;població;;2736
2005;Taradell;total;total;població;;5613
2005;Tarragona;total;homes;població;;63091
2005;Tarragona;total;dones;població;;65061
2005;Tarragona;total;total;població;;128152
2005;Tàrrega;total;homes;població;;7495
2005;Tàrrega;total;dones;població;;7315
2005;Tàrrega;total;total;població;;14810
2005;Tarrés;total;homes;població;;56
2005;Tarrés;total;dones;població;;60
2005;Tarrés;total;total;població;;116
2005;Tarroja de Segarra;total;homes;població;;86
2005;Tarroja de Segarra;total;dones;població;;83
2005;Tarroja de Segarra;total;total;població;;169
2005;Tavèrnoles;total;homes;població;;152
2005;Tavèrnoles;total;dones;població;;149
2005;Tavèrnoles;total;total;població;;301
2005;Tavertet;total;homes;població;;84
2005;Tavertet;total;dones;població;;67
2005;Tavertet;total;total;població;;151
2005;Teià;total;homes;població;;2957
2005;Teià;total;dones;població;;2878
2005;Teià;total;total;població;;5835
2005;Térmens;total;homes;població;;746
2005;Térmens;total;dones;població;;757
2005;Térmens;total;total;població;;1503
2005;Terrades;total;homes;població;;77
2005;Terrades;total;dones;població;;78
2005;Terrades;total;total;població;;155
2005;Terrassa;total;homes;població;;96960
2005;Terrassa;total;dones;població;;97987
2005;Terrassa;total;total;població;;194947
2005;Tiana;total;homes;població;;3483
2005;Tiana;total;dones;població;;3596
2005;Tiana;total;total;població;;7079
2005;Tírvia;total;homes;població;;65
2005;Tírvia;total;dones;població;;59
2005;Tírvia;total;total;població;;124
2005;Tiurana;total;homes;població;;27
2005;Tiurana;total;dones;població;;19
2005;Tiurana;total;total;població;;46
2005;Tivenys;total;homes;població;;464
2005;Tivenys;total;dones;població;;448
2005;Tivenys;total;total;població;;912
2005;Tivissa;total;homes;població;;900
2005;Tivissa;total;dones;població;;889
2005;Tivissa;total;total;població;;1789
2005;Tona;total;homes;població;;3565
2005;Tona;total;dones;població;;3465
2005;Tona;total;total;població;;7030
2005;Torà;total;homes;població;;658
2005;Torà;total;dones;població;;616
2005;Torà;total;total;població;;1274
2005;Tordera;total;homes;població;;6415
2005;Tordera;total;dones;població;;6182
2005;Tordera;total;total;població;;12597
2005;Torelló;total;homes;població;;6452
2005;Torelló;total;dones;població;;6556
2005;Torelló;total;total;població;;13008
2005;Torms, els;total;homes;població;;106
2005;Torms, els;total;dones;població;;87
2005;Torms, els;total;total;població;;193
2005;Tornabous;total;homes;població;;422
2005;Tornabous;total;dones;població;;371
2005;Tornabous;total;total;població;;793
2005;Torre de Cabdella, la;total;homes;població;;368
2005;Torre de Cabdella, la;total;dones;població;;364
2005;Torre de Cabdella, la;total;total;població;;732
2005;Torre de Claramunt, la;total;homes;població;;1591
2005;Torre de Claramunt, la;total;dones;població;;1472
2005;Torre de Claramunt, la;total;total;població;;3063
2005;Torre de Fontaubella, la;total;homes;població;;67
2005;Torre de Fontaubella, la;total;dones;població;;68
2005;Torre de Fontaubella, la;total;total;població;;135
2005;Torre de l'Espanyol, la;total;homes;població;;391
2005;Torre de l'Espanyol, la;total;dones;població;;349
2005;Torre de l'Espanyol, la;total;total;població;;740
2005;Torrebesses;total;homes;població;;150
2005;Torrebesses;total;dones;població;;147
2005;Torrebesses;total;total;població;;297
2005;Torredembarra;total;homes;població;;6709
2005;Torredembarra;total;dones;població;;6571
2005;Torredembarra;total;total;població;;13280
2005;Torrefarrera;total;homes;població;;1364
2005;Torrefarrera;total;dones;població;;1286
2005;Torrefarrera;total;total;població;;2650
2005;Torrefeta i Florejacs;total;homes;població;;323
2005;Torrefeta i Florejacs;total;dones;població;;315
2005;Torrefeta i Florejacs;total;total;població;;638
2005;Torregrossa;total;homes;població;;1168
2005;Torregrossa;total;dones;població;;1143
2005;Torregrossa;total;total;població;;2311
2005;Torrelameu;total;homes;població;;326
2005;Torrelameu;total;dones;població;;264
2005;Torrelameu;total;total;població;;590
2005;Torrelavit;total;homes;població;;647
2005;Torrelavit;total;dones;població;;562
2005;Torrelavit;total;total;població;;1209
2005;Torrelles de Foix;total;homes;població;;1181
2005;Torrelles de Foix;total;dones;població;;994
2005;Torrelles de Foix;total;total;població;;2175
2005;Torrelles de Llobregat;total;homes;població;;2329
2005;Torrelles de Llobregat;total;dones;població;;2275
2005;Torrelles de Llobregat;total;total;població;;4604
2005;Torrent;total;homes;població;;101
2005;Torrent;total;dones;població;;87
2005;Torrent;total;total;població;;188
2005;Torres de Segre;total;homes;població;;1041
2005;Torres de Segre;total;dones;població;;966
2005;Torres de Segre;total;total;població;;2007
2005;Torre-serona;total;homes;població;;186
2005;Torre-serona;total;dones;població;;167
2005;Torre-serona;total;total;població;;353
2005;Torroella de Fluvià;total;homes;població;;251
2005;Torroella de Fluvià;total;dones;població;;186
2005;Torroella de Fluvià;total;total;població;;437
2005;Torroella de Montgrí;total;homes;població;;5270
2005;Torroella de Montgrí;total;dones;població;;4958
2005;Torroella de Montgrí;total;total;població;;10228
2005;Torroja del Priorat;total;homes;població;;89
2005;Torroja del Priorat;total;dones;població;;61
2005;Torroja del Priorat;total;total;població;;150
2005;Tortellà;total;homes;població;;358
2005;Tortellà;total;dones;població;;356
2005;Tortellà;total;total;població;;714
2005;Tortosa;total;homes;població;;17139
2005;Tortosa;total;dones;població;;16566
2005;Tortosa;total;total;població;;33705
2005;Toses;total;homes;població;;99
2005;Toses;total;dones;població;;64
2005;Toses;total;total;població;;163
2005;Tossa de Mar;total;homes;població;;2678
2005;Tossa de Mar;total;dones;població;;2582
2005;Tossa de Mar;total;total;població;;5260
2005;Tremp;total;homes;població;;2601
2005;Tremp;total;dones;població;;2685
2005;Tremp;total;total;població;;5286
2005;Ullà;total;homes;població;;516
2005;Ullà;total;dones;població;;430
2005;Ullà;total;total;població;;946
2005;Ullastrell;total;homes;població;;751
2005;Ullastrell;total;dones;població;;699
2005;Ullastrell;total;total;població;;1450
2005;Ullastret;total;homes;població;;113
2005;Ullastret;total;dones;població;;113
2005;Ullastret;total;total;població;;226
2005;Ulldecona;total;homes;població;;3281
2005;Ulldecona;total;dones;població;;3044
2005;Ulldecona;total;total;població;;6325
2005;Ulldemolins;total;homes;població;;264
2005;Ulldemolins;total;dones;població;;226
2005;Ulldemolins;total;total;població;;490
2005;Ultramort;total;homes;població;;117
2005;Ultramort;total;dones;població;;86
2005;Ultramort;total;total;població;;203
2005;Urús;total;homes;població;;105
2005;Urús;total;dones;població;;100
2005;Urús;total;total;població;;205
2005;Vacarisses;total;homes;població;;2379
2005;Vacarisses;total;dones;població;;2213
2005;Vacarisses;total;total;població;;4592
2005;Vajol, la;total;homes;població;;53
2005;Vajol, la;total;dones;població;;43
2005;Vajol, la;total;total;població;;96
2005;Vall d'en Bas, la;total;homes;població;;1325
2005;Vall d'en Bas, la;total;dones;població;;1291
2005;Vall d'en Bas, la;total;total;població;;2616
2005;Vall de Bianya, la;total;homes;població;;618
2005;Vall de Bianya, la;total;dones;població;;610
2005;Vall de Bianya, la;total;total;població;;1228
2005;Vall de Boí, la;total;homes;població;;577
2005;Vall de Boí, la;total;dones;població;;476
2005;Vall de Boí, la;total;total;població;;1053
2005;Vall de Cardós;total;homes;població;;198
2005;Vall de Cardós;total;dones;població;;165
2005;Vall de Cardós;total;total;població;;363
2005;Vallbona d'Anoia;total;homes;població;;642
2005;Vallbona d'Anoia;total;dones;població;;612
2005;Vallbona d'Anoia;total;total;població;;1254
2005;Vallbona de les Monges;total;homes;població;;131
2005;Vallbona de les Monges;total;dones;població;;125
2005;Vallbona de les Monges;total;total;població;;256
2005;Vallcebre;total;homes;població;;151
2005;Vallcebre;total;dones;població;;133
2005;Vallcebre;total;total;població;;284
2005;Vallclara;total;homes;població;;66
2005;Vallclara;total;dones;població;;51
2005;Vallclara;total;total;població;;117
2005;Vallfogona de Balaguer;total;homes;població;;791
2005;Vallfogona de Balaguer;total;dones;població;;786
2005;Vallfogona de Balaguer;total;total;població;;1577
2005;Vallfogona de Ripollès;total;homes;població;;116
2005;Vallfogona de Ripollès;total;dones;població;;105
2005;Vallfogona de Ripollès;total;total;població;;221
2005;Vallfogona de Riucorb;total;homes;població;;90
2005;Vallfogona de Riucorb;total;dones;població;;87
2005;Vallfogona de Riucorb;total;total;població;;177
2005;Vallgorguina;total;homes;població;;968
2005;Vallgorguina;total;dones;població;;913
2005;Vallgorguina;total;total;població;;1881
2005;Vallirana;total;homes;població;;6225
2005;Vallirana;total;dones;població;;6114
2005;Vallirana;total;total;població;;12339
2005;Vall-llobrega;total;homes;població;;319
2005;Vall-llobrega;total;dones;població;;336
2005;Vall-llobrega;total;total;població;;655
2005;Vallmoll;total;homes;població;;743
2005;Vallmoll;total;dones;població;;670
2005;Vallmoll;total;total;població;;1413
2005;Vallromanes;total;homes;població;;982
2005;Vallromanes;total;dones;població;;929
2005;Vallromanes;total;total;població;;1911
2005;Valls;total;homes;població;;11445
2005;Valls;total;dones;població;;11406
2005;Valls;total;total;població;;22851
2005;Valls d'Aguilar, les;total;homes;població;;173
2005;Valls d'Aguilar, les;total;dones;població;;142
2005;Valls d'Aguilar, les;total;total;població;;315
2005;Valls de Valira, les;total;homes;població;;438
2005;Valls de Valira, les;total;dones;població;;372
2005;Valls de Valira, les;total;total;població;;810
2005;Vandellòs i l'Hospitalet de l'Infant;total;homes;població;;2542
2005;Vandellòs i l'Hospitalet de l'Infant;total;dones;població;;2466
2005;Vandellòs i l'Hospitalet de l'Infant;total;total;població;;5008
2005;Vansa i Fórnols, la;total;homes;població;;103
2005;Vansa i Fórnols, la;total;dones;població;;88
2005;Vansa i Fórnols, la;total;total;població;;191
2005;Veciana;total;homes;població;;84
2005;Veciana;total;dones;població;;75
2005;Veciana;total;total;població;;159
2005;Vendrell, el;total;homes;població;;15243
2005;Vendrell, el;total;dones;població;;14982
2005;Vendrell, el;total;total;població;;30225
2005;Ventalló;total;homes;població;;375
2005;Ventalló;total;dones;població;;335
2005;Ventalló;total;total;població;;710
2005;Verdú;total;homes;població;;517
2005;Verdú;total;dones;població;;555
2005;Verdú;total;total;població;;1072
2005;Verges;total;homes;població;;574
2005;Verges;total;dones;població;;599
2005;Verges;total;total;població;;1173
2005;Vespella de Gaià;total;homes;població;;169
2005;Vespella de Gaià;total;dones;població;;129
2005;Vespella de Gaià;total;total;població;;298
2005;Vic;total;homes;població;;19197
2005;Vic;total;dones;població;;18628
2005;Vic;total;total;població;;37825
2005;Vidrà;total;homes;població;;85
2005;Vidrà;total;dones;població;;87
2005;Vidrà;total;total;població;;172
2005;Vidreres;total;homes;població;;3258
2005;Vidreres;total;dones;població;;2957
2005;Vidreres;total;total;població;;6215
2005;Vielha e Mijaran;total;homes;població;;2659
2005;Vielha e Mijaran;total;dones;població;;2361
2005;Vielha e Mijaran;total;total;població;;5020
2005;Vilabella;total;homes;població;;405
2005;Vilabella;total;dones;població;;384
2005;Vilabella;total;total;població;;789
2005;Vilabertran;total;homes;població;;423
2005;Vilabertran;total;dones;població;;408
2005;Vilabertran;total;total;població;;831
2005;Vilablareix;total;homes;població;;1101
2005;Vilablareix;total;dones;població;;1088
2005;Vilablareix;total;total;població;;2189
2005;Vilada;total;homes;població;;252
2005;Vilada;total;dones;població;;255
2005;Vilada;total;total;població;;507
2005;Viladamat;total;homes;població;;214
2005;Viladamat;total;dones;població;;208
2005;Viladamat;total;total;població;;422
2005;Viladasens;total;homes;població;;92
2005;Viladasens;total;dones;població;;90
2005;Viladasens;total;total;població;;182
2005;Viladecans;total;homes;població;;30763
2005;Viladecans;total;dones;població;;30280
2005;Viladecans;total;total;població;;61043
2005;Viladecavalls;total;homes;població;;3482
2005;Viladecavalls;total;dones;població;;3408
2005;Viladecavalls;total;total;població;;6890
2005;Vilademuls;total;homes;població;;409
2005;Vilademuls;total;dones;població;;378
2005;Vilademuls;total;total;població;;787
2005;Viladrau;total;homes;població;;512
2005;Viladrau;total;dones;població;;470
2005;Viladrau;total;total;població;;982
2005;Vilafant;total;homes;població;;2423
2005;Vilafant;total;dones;població;;2429
2005;Vilafant;total;total;població;;4852
2005;Vilafranca del Penedès;total;homes;població;;17968
2005;Vilafranca del Penedès;total;dones;població;;17896
2005;Vilafranca del Penedès;total;total;població;;35864
2005;Vilagrassa;total;homes;població;;235
2005;Vilagrassa;total;dones;població;;228
2005;Vilagrassa;total;total;població;;463
2005;Vilajuïga;total;homes;població;;517
2005;Vilajuïga;total;dones;població;;542
2005;Vilajuïga;total;total;població;;1059
2005;Vilalba dels Arcs;total;homes;població;;378
2005;Vilalba dels Arcs;total;dones;població;;348
2005;Vilalba dels Arcs;total;total;població;;726
2005;Vilalba Sasserra;total;homes;població;;286
2005;Vilalba Sasserra;total;dones;població;;278
2005;Vilalba Sasserra;total;total;població;;564
2005;Vilaller;total;homes;població;;365
2005;Vilaller;total;dones;població;;279
2005;Vilaller;total;total;població;;644
2005;Vilallonga de Ter;total;homes;població;;241
2005;Vilallonga de Ter;total;dones;població;;196
2005;Vilallonga de Ter;total;total;població;;437
2005;Vilallonga del Camp;total;homes;població;;709
2005;Vilallonga del Camp;total;dones;població;;716
2005;Vilallonga del Camp;total;total;població;;1425
2005;Vilamacolum;total;homes;població;;153
2005;Vilamacolum;total;dones;població;;139
2005;Vilamacolum;total;total;població;;292
2005;Vilamalla;total;homes;població;;499
2005;Vilamalla;total;dones;població;;448
2005;Vilamalla;total;total;població;;947
2005;Vilamaniscle;total;homes;població;;93
2005;Vilamaniscle;total;dones;població;;75
2005;Vilamaniscle;total;total;població;;168
2005;Vilamòs;total;homes;població;;94
2005;Vilamòs;total;dones;població;;81
2005;Vilamòs;total;total;població;;175
2005;Vilanant;total;homes;població;;166
2005;Vilanant;total;dones;població;;170
2005;Vilanant;total;total;població;;336
2005;Vilanova d'Escornalbou;total;homes;població;;254
2005;Vilanova d'Escornalbou;total;dones;població;;223
2005;Vilanova d'Escornalbou;total;total;població;;477
2005;Vilanova de Bellpuig;total;homes;població;;560
2005;Vilanova de Bellpuig;total;dones;població;;552
2005;Vilanova de Bellpuig;total;total;població;;1112
2005;Vilanova de l'Aguda;total;homes;població;;120
2005;Vilanova de l'Aguda;total;dones;població;;122
2005;Vilanova de l'Aguda;total;total;població;;242
2005;Vilanova de la Barca;total;homes;població;;535
2005;Vilanova de la Barca;total;dones;població;;515
2005;Vilanova de la Barca;total;total;població;;1050
2005;Vilanova de Meià;total;homes;població;;226
2005;Vilanova de Meià;total;dones;població;;210
2005;Vilanova de Meià;total;total;població;;436
2005;Vilanova de Prades;total;homes;població;;83
2005;Vilanova de Prades;total;dones;població;;72
2005;Vilanova de Prades;total;total;població;;155
2005;Vilanova de Sau;total;homes;població;;153
2005;Vilanova de Sau;total;dones;població;;177
2005;Vilanova de Sau;total;total;població;;330
2005;Vilanova de Segrià;total;homes;població;;416
2005;Vilanova de Segrià;total;dones;població;;390
2005;Vilanova de Segrià;total;total;població;;806
2005;Vilanova del Camí;total;homes;població;;5861
2005;Vilanova del Camí;total;dones;població;;5694
2005;Vilanova del Camí;total;total;població;;11555
2005;Vilanova del Vallès;total;homes;població;;1679
2005;Vilanova del Vallès;total;dones;població;;1603
2005;Vilanova del Vallès;total;total;població;;3282
2005;Vilanova i la Geltrú;total;homes;població;;30333
2005;Vilanova i la Geltrú;total;dones;població;;31094
2005;Vilanova i la Geltrú;total;total;població;;61427
2005;Vilaplana;total;homes;població;;293
2005;Vilaplana;total;dones;població;;275
2005;Vilaplana;total;total;població;;568
2005;Vila-rodona;total;homes;població;;611
2005;Vila-rodona;total;dones;població;;506
2005;Vila-rodona;total;total;població;;1117
2005;Vila-sacra;total;homes;població;;253
2005;Vila-sacra;total;dones;població;;256
2005;Vila-sacra;total;total;població;;509
2005;Vila-sana;total;homes;població;;276
2005;Vila-sana;total;dones;població;;292
2005;Vila-sana;total;total;població;;568
2005;Vila-seca;total;homes;població;;8007
2005;Vila-seca;total;dones;població;;7868
2005;Vila-seca;total;total;població;;15875
2005;Vilassar de Dalt;total;homes;població;;3992
2005;Vilassar de Dalt;total;dones;població;;4019
2005;Vilassar de Dalt;total;total;població;;8011
2005;Vilassar de Mar;total;homes;població;;9269
2005;Vilassar de Mar;total;dones;població;;9631
2005;Vilassar de Mar;total;total;població;;18900
2005;Vilaür;total;homes;població;;69
2005;Vilaür;total;dones;població;;71
2005;Vilaür;total;total;població;;140
2005;Vilaverd;total;homes;població;;224
2005;Vilaverd;total;dones;població;;213
2005;Vilaverd;total;total;població;;437
2005;Vilella Alta, la;total;homes;població;;70
2005;Vilella Alta, la;total;dones;població;;62
2005;Vilella Alta, la;total;total;població;;132
2005;Vilella Baixa, la;total;homes;població;;103
2005;Vilella Baixa, la;total;dones;població;;87
2005;Vilella Baixa, la;total;total;població;;190
2005;Vilobí d'Onyar;total;homes;població;;1444
2005;Vilobí d'Onyar;total;dones;població;;1220
2005;Vilobí d'Onyar;total;total;població;;2664
2005;Vilobí del Penedès;total;homes;població;;520
2005;Vilobí del Penedès;total;dones;població;;493
2005;Vilobí del Penedès;total;total;població;;1013
2005;Vilopriu;total;homes;població;;94
2005;Vilopriu;total;dones;població;;87
2005;Vilopriu;total;total;població;;181
2005;Vilosell, el;total;homes;població;;107
2005;Vilosell, el;total;dones;població;;109
2005;Vilosell, el;total;total;població;;216
2005;Vimbodí i Poblet;total;homes;població;;587
2005;Vimbodí i Poblet;total;dones;població;;467
2005;Vimbodí i Poblet;total;total;població;;1054
2005;Vinaixa;total;homes;població;;310
2005;Vinaixa;total;dones;població;;297
2005;Vinaixa;total;total;població;;607
2005;Vinebre;total;homes;població;;243
2005;Vinebre;total;dones;població;;223
2005;Vinebre;total;total;població;;466
2005;Vinyols i els Arcs;total;homes;població;;784
2005;Vinyols i els Arcs;total;dones;població;;714
2005;Vinyols i els Arcs;total;total;població;;1498
2005;Viver i Serrateix;total;homes;població;;100
2005;Viver i Serrateix;total;dones;població;;93
2005;Viver i Serrateix;total;total;població;;193
2005;Xerta;total;homes;població;;639
2005;Xerta;total;dones;població;;636
2005;Xerta;total;total;població;;1275
2005;Catalunya;total;homes;població;;3468235
2005;Catalunya;total;dones;població;;3526971
2005;Catalunya;total;total;població;;6995206
