any;municipi;edat any a any;sexe;concepte;estat;valor
2016;Abella de la Conca;total;homes;població;;100
2016;Abella de la Conca;total;dones;població;;81
2016;Abella de la Conca;total;total;població;;181
2016;Abrera;total;homes;població;;6215
2016;Abrera;total;dones;població;;6001
2016;Abrera;total;total;població;;12216
2016;Àger;total;homes;població;;322
2016;Àger;total;dones;població;;280
2016;Àger;total;total;població;;602
2016;Agramunt;total;homes;població;;2714
2016;Agramunt;total;dones;població;;2676
2016;Agramunt;total;total;població;;5390
2016;Aguilar de Segarra;total;homes;població;;133
2016;Aguilar de Segarra;total;dones;població;;120
2016;Aguilar de Segarra;total;total;població;;253
2016;Agullana;total;homes;població;;419
2016;Agullana;total;dones;població;;422
2016;Agullana;total;total;població;;841
2016;Aiguafreda;total;homes;població;;1172
2016;Aiguafreda;total;dones;població;;1295
2016;Aiguafreda;total;total;població;;2467
2016;Aiguamúrcia;total;homes;població;;476
2016;Aiguamúrcia;total;dones;població;;427
2016;Aiguamúrcia;total;total;població;;903
2016;Aiguaviva;total;homes;població;;391
2016;Aiguaviva;total;dones;població;;372
2016;Aiguaviva;total;total;població;;763
2016;Aitona;total;homes;població;;1300
2016;Aitona;total;dones;població;;1223
2016;Aitona;total;total;població;;2523
2016;Alamús, els;total;homes;població;;419
2016;Alamús, els;total;dones;població;;380
2016;Alamús, els;total;total;població;;799
2016;Alàs i Cerc;total;homes;població;;176
2016;Alàs i Cerc;total;dones;població;;174
2016;Alàs i Cerc;total;total;població;;350
2016;Albagés, l';total;homes;població;;212
2016;Albagés, l';total;dones;població;;191
2016;Albagés, l';total;total;població;;403
2016;Albanyà;total;homes;població;;82
2016;Albanyà;total;dones;població;;65
2016;Albanyà;total;total;població;;147
2016;Albatàrrec;total;homes;població;;1193
2016;Albatàrrec;total;dones;població;;1098
2016;Albatàrrec;total;total;població;;2291
2016;Albesa;total;homes;població;;861
2016;Albesa;total;dones;població;;735
2016;Albesa;total;total;població;;1596
2016;Albi, l';total;homes;població;;418
2016;Albi, l';total;dones;població;;385
2016;Albi, l';total;total;població;;803
2016;Albinyana;total;homes;població;;1167
2016;Albinyana;total;dones;població;;1136
2016;Albinyana;total;total;població;;2303
2016;Albiol, l';total;homes;població;;235
2016;Albiol, l';total;dones;població;;224
2016;Albiol, l';total;total;població;;459
2016;Albons;total;homes;població;;387
2016;Albons;total;dones;població;;378
2016;Albons;total;total;població;;765
2016;Alcanar;total;homes;població;;4785
2016;Alcanar;total;dones;població;;4709
2016;Alcanar;total;total;població;;9494
2016;Alcanó;total;homes;població;;123
2016;Alcanó;total;dones;població;;126
2016;Alcanó;total;total;població;;249
2016;Alcarràs;total;homes;població;;4814
2016;Alcarràs;total;dones;població;;4483
2016;Alcarràs;total;total;població;;9297
2016;Alcoletge;total;homes;població;;1745
2016;Alcoletge;total;dones;població;;1630
2016;Alcoletge;total;total;població;;3375
2016;Alcover;total;homes;població;;2538
2016;Alcover;total;dones;població;;2557
2016;Alcover;total;total;població;;5095
2016;Aldea, l';total;homes;població;;2236
2016;Aldea, l';total;dones;població;;2014
2016;Aldea, l';total;total;població;;4250
2016;Aldover;total;homes;població;;436
2016;Aldover;total;dones;població;;427
2016;Aldover;total;total;població;;863
2016;Aleixar, l';total;homes;població;;456
2016;Aleixar, l';total;dones;població;;431
2016;Aleixar, l';total;total;població;;887
2016;Alella;total;homes;població;;4690
2016;Alella;total;dones;població;;4942
2016;Alella;total;total;població;;9632
2016;Alfara de Carles;total;homes;població;;199
2016;Alfara de Carles;total;dones;població;;172
2016;Alfara de Carles;total;total;població;;371
2016;Alfarràs;total;homes;població;;1544
2016;Alfarràs;total;dones;població;;1379
2016;Alfarràs;total;total;població;;2923
2016;Alfés;total;homes;població;;169
2016;Alfés;total;dones;població;;157
2016;Alfés;total;total;població;;326
2016;Alforja;total;homes;població;;936
2016;Alforja;total;dones;població;;908
2016;Alforja;total;total;població;;1844
2016;Algerri;total;homes;població;;229
2016;Algerri;total;dones;població;;194
2016;Algerri;total;total;població;;423
2016;Alguaire;total;homes;població;;1576
2016;Alguaire;total;dones;població;;1430
2016;Alguaire;total;total;població;;3006
2016;Alins;total;homes;població;;152
2016;Alins;total;dones;població;;135
2016;Alins;total;total;població;;287
2016;Alió;total;homes;població;;193
2016;Alió;total;dones;població;;212
2016;Alió;total;total;població;;405
2016;Almacelles;total;homes;població;;3569
2016;Almacelles;total;dones;població;;3231
2016;Almacelles;total;total;població;;6800
2016;Almatret;total;homes;població;;181
2016;Almatret;total;dones;població;;146
2016;Almatret;total;total;població;;327
2016;Almenar;total;homes;població;;1870
2016;Almenar;total;dones;població;;1632
2016;Almenar;total;total;població;;3502
2016;Almoster;total;homes;població;;701
2016;Almoster;total;dones;població;;700
2016;Almoster;total;total;població;;1401
2016;Alòs de Balaguer;total;homes;població;;69
2016;Alòs de Balaguer;total;dones;població;;56
2016;Alòs de Balaguer;total;total;població;;125
2016;Alp;total;homes;població;;800
2016;Alp;total;dones;població;;736
2016;Alp;total;total;població;;1536
2016;Alpens;total;homes;població;;153
2016;Alpens;total;dones;població;;141
2016;Alpens;total;total;població;;294
2016;Alpicat;total;homes;població;;3108
2016;Alpicat;total;dones;població;;3125
2016;Alpicat;total;total;població;;6233
2016;Alt Àneu;total;homes;població;;226
2016;Alt Àneu;total;dones;població;;176
2016;Alt Àneu;total;total;població;;402
2016;Altafulla;total;homes;població;;2472
2016;Altafulla;total;dones;població;;2562
2016;Altafulla;total;total;població;;5034
2016;Amer;total;homes;població;;1107
2016;Amer;total;dones;població;;1153
2016;Amer;total;total;població;;2260
2016;Ametlla de Mar, l';total;homes;població;;3593
2016;Ametlla de Mar, l';total;dones;població;;3509
2016;Ametlla de Mar, l';total;total;població;;7102
2016;Ametlla del Vallès, l';total;homes;població;;4199
2016;Ametlla del Vallès, l';total;dones;població;;4138
2016;Ametlla del Vallès, l';total;total;població;;8337
2016;Ampolla, l';total;homes;població;;1680
2016;Ampolla, l';total;dones;població;;1642
2016;Ampolla, l';total;total;població;;3322
2016;Amposta;total;homes;població;;10389
2016;Amposta;total;dones;població;;10265
2016;Amposta;total;total;població;;20654
2016;Anglès;total;homes;població;;2709
2016;Anglès;total;dones;població;;2764
2016;Anglès;total;total;població;;5473
2016;Anglesola;total;homes;població;;668
2016;Anglesola;total;dones;població;;667
2016;Anglesola;total;total;població;;1335
2016;Arbeca;total;homes;població;;1137
2016;Arbeca;total;dones;població;;1103
2016;Arbeca;total;total;població;;2240
2016;Arboç, l';total;homes;població;;2842
2016;Arboç, l';total;dones;població;;2678
2016;Arboç, l';total;total;població;;5520
2016;Arbolí;total;homes;població;;72
2016;Arbolí;total;dones;població;;53
2016;Arbolí;total;total;població;;125
2016;Arbúcies;total;homes;població;;3298
2016;Arbúcies;total;dones;població;;3082
2016;Arbúcies;total;total;població;;6380
2016;Arenys de Mar;total;homes;població;;7463
2016;Arenys de Mar;total;dones;població;;7790
2016;Arenys de Mar;total;total;població;;15253
2016;Arenys de Munt;total;homes;població;;4353
2016;Arenys de Munt;total;dones;població;;4285
2016;Arenys de Munt;total;total;població;;8638
2016;Argelaguer;total;homes;població;;218
2016;Argelaguer;total;dones;població;;197
2016;Argelaguer;total;total;població;;415
2016;Argençola;total;homes;població;;120
2016;Argençola;total;dones;població;;107
2016;Argençola;total;total;població;;227
2016;Argentera, l';total;homes;població;;77
2016;Argentera, l';total;dones;població;;59
2016;Argentera, l';total;total;població;;136
2016;Argentona;total;homes;població;;5916
2016;Argentona;total;dones;població;;6135
2016;Argentona;total;total;població;;12051
2016;Armentera, l';total;homes;població;;471
2016;Armentera, l';total;dones;població;;464
2016;Armentera, l';total;total;població;;935
2016;Arnes;total;homes;població;;238
2016;Arnes;total;dones;població;;234
2016;Arnes;total;total;població;;472
2016;Arres;total;homes;població;;41
2016;Arres;total;dones;població;;23
2016;Arres;total;total;població;;64
2016;Arsèguel;total;homes;població;;50
2016;Arsèguel;total;dones;població;;33
2016;Arsèguel;total;total;població;;83
2016;Artés;total;homes;població;;2823
2016;Artés;total;dones;població;;2773
2016;Artés;total;total;població;;5596
2016;Artesa de Lleida;total;homes;població;;786
2016;Artesa de Lleida;total;dones;població;;726
2016;Artesa de Lleida;total;total;població;;1512
2016;Artesa de Segre;total;homes;població;;1808
2016;Artesa de Segre;total;dones;població;;1748
2016;Artesa de Segre;total;total;població;;3556
2016;Ascó;total;homes;població;;881
2016;Ascó;total;dones;població;;814
2016;Ascó;total;total;població;;1695
2016;Aspa;total;homes;població;;108
2016;Aspa;total;dones;població;;109
2016;Aspa;total;total;població;;217
2016;Avellanes i Santa Linya, les;total;homes;població;;267
2016;Avellanes i Santa Linya, les;total;dones;població;;198
2016;Avellanes i Santa Linya, les;total;total;població;;465
2016;Avià;total;homes;població;;1113
2016;Avià;total;dones;població;;1144
2016;Avià;total;total;població;;2257
2016;Avinyó;total;homes;població;;1102
2016;Avinyó;total;dones;població;;1110
2016;Avinyó;total;total;població;;2212
2016;Avinyonet de Puigventós;total;homes;població;;803
2016;Avinyonet de Puigventós;total;dones;població;;784
2016;Avinyonet de Puigventós;total;total;població;;1587
2016;Avinyonet del Penedès;total;homes;població;;885
2016;Avinyonet del Penedès;total;dones;població;;780
2016;Avinyonet del Penedès;total;total;població;;1665
2016;Badalona;total;homes;població;;106301
2016;Badalona;total;dones;població;;109333
2016;Badalona;total;total;població;;215634
2016;Badia del Vallès;total;homes;població;;6588
2016;Badia del Vallès;total;dones;població;;6894
2016;Badia del Vallès;total;total;població;;13482
2016;Bagà;total;homes;població;;1076
2016;Bagà;total;dones;població;;1086
2016;Bagà;total;total;població;;2162
2016;Baix Pallars;total;homes;població;;181
2016;Baix Pallars;total;dones;població;;161
2016;Baix Pallars;total;total;població;;342
2016;Balaguer;total;homes;població;;8363
2016;Balaguer;total;dones;població;;8167
2016;Balaguer;total;total;població;;16530
2016;Balenyà;total;homes;població;;1861
2016;Balenyà;total;dones;població;;1844
2016;Balenyà;total;total;població;;3705
2016;Balsareny;total;homes;població;;1629
2016;Balsareny;total;dones;població;;1656
2016;Balsareny;total;total;població;;3285
2016;Banyeres del Penedès;total;homes;població;;1563
2016;Banyeres del Penedès;total;dones;població;;1528
2016;Banyeres del Penedès;total;total;població;;3091
2016;Banyoles;total;homes;població;;9608
2016;Banyoles;total;dones;població;;9631
2016;Banyoles;total;total;població;;19239
2016;Barbens;total;homes;població;;500
2016;Barbens;total;dones;població;;443
2016;Barbens;total;total;població;;943
2016;Barberà de la Conca;total;homes;població;;255
2016;Barberà de la Conca;total;dones;població;;223
2016;Barberà de la Conca;total;total;població;;478
2016;Barberà del Vallès;total;homes;població;;16229
2016;Barberà del Vallès;total;dones;població;;16603
2016;Barberà del Vallès;total;total;població;;32832
2016;Barcelona;total;homes;població;;761487
2016;Barcelona;total;dones;població;;847259
2016;Barcelona;total;total;població;;1608746
2016;Baronia de Rialb, la;total;homes;població;;129
2016;Baronia de Rialb, la;total;dones;població;;111
2016;Baronia de Rialb, la;total;total;població;;240
2016;Bàscara;total;homes;població;;514
2016;Bàscara;total;dones;població;;466
2016;Bàscara;total;total;població;;980
2016;Bassella;total;homes;població;;112
2016;Bassella;total;dones;població;;123
2016;Bassella;total;total;població;;235
2016;Batea;total;homes;població;;982
2016;Batea;total;dones;població;;985
2016;Batea;total;total;població;;1967
2016;Bausen;total;homes;població;;33
2016;Bausen;total;dones;població;;31
2016;Bausen;total;total;població;;64
2016;Begues;total;homes;població;;3324
2016;Begues;total;dones;població;;3412
2016;Begues;total;total;població;;6736
2016;Begur;total;homes;població;;2000
2016;Begur;total;dones;població;;1957
2016;Begur;total;total;població;;3957
2016;Belianes;total;homes;població;;269
2016;Belianes;total;dones;població;;270
2016;Belianes;total;total;població;;539
2016;Bellaguarda;total;homes;població;;159
2016;Bellaguarda;total;dones;població;;148
2016;Bellaguarda;total;total;població;;307
2016;Bellcaire d'Empordà;total;homes;població;;317
2016;Bellcaire d'Empordà;total;dones;població;;330
2016;Bellcaire d'Empordà;total;total;població;;647
2016;Bellcaire d'Urgell;total;homes;població;;639
2016;Bellcaire d'Urgell;total;dones;població;;624
2016;Bellcaire d'Urgell;total;total;població;;1263
2016;Bell-lloc d'Urgell;total;homes;població;;1162
2016;Bell-lloc d'Urgell;total;dones;població;;1187
2016;Bell-lloc d'Urgell;total;total;població;;2349
2016;Bellmunt d'Urgell;total;homes;població;;90
2016;Bellmunt d'Urgell;total;dones;població;;98
2016;Bellmunt d'Urgell;total;total;població;;188
2016;Bellmunt del Priorat;total;homes;població;;145
2016;Bellmunt del Priorat;total;dones;població;;151
2016;Bellmunt del Priorat;total;total;població;;296
2016;Bellprat;total;homes;població;;46
2016;Bellprat;total;dones;població;;29
2016;Bellprat;total;total;població;;75
2016;Bellpuig;total;homes;població;;2600
2016;Bellpuig;total;dones;població;;2405
2016;Bellpuig;total;total;població;;5005
2016;Bellvei;total;homes;població;;1136
2016;Bellvei;total;dones;població;;1054
2016;Bellvei;total;total;població;;2190
2016;Bellver de Cerdanya;total;homes;població;;1034
2016;Bellver de Cerdanya;total;dones;població;;961
2016;Bellver de Cerdanya;total;total;població;;1995
2016;Bellvís;total;homes;població;;1150
2016;Bellvís;total;dones;població;;1114
2016;Bellvís;total;total;població;;2264
2016;Benavent de Segrià;total;homes;població;;772
2016;Benavent de Segrià;total;dones;població;;710
2016;Benavent de Segrià;total;total;població;;1482
2016;Benifallet;total;homes;població;;348
2016;Benifallet;total;dones;població;;360
2016;Benifallet;total;total;població;;708
2016;Benissanet;total;homes;població;;653
2016;Benissanet;total;dones;població;;565
2016;Benissanet;total;total;població;;1218
2016;Berga;total;homes;població;;7950
2016;Berga;total;dones;població;;8225
2016;Berga;total;total;població;;16175
2016;Besalú;total;homes;població;;1146
2016;Besalú;total;dones;població;;1292
2016;Besalú;total;total;població;;2438
2016;Bescanó;total;homes;població;;2432
2016;Bescanó;total;dones;població;;2422
2016;Bescanó;total;total;població;;4854
2016;Beuda;total;homes;població;;112
2016;Beuda;total;dones;població;;87
2016;Beuda;total;total;població;;199
2016;Bigues i Riells del Fai;total;homes;població;;4546
2016;Bigues i Riells del Fai;total;dones;població;;4369
2016;Bigues i Riells del Fai;total;total;població;;8915
2016;Biosca;total;homes;població;;99
2016;Biosca;total;dones;població;;88
2016;Biosca;total;total;població;;187
2016;Bisbal d'Empordà, la;total;homes;població;;5346
2016;Bisbal d'Empordà, la;total;dones;població;;5396
2016;Bisbal d'Empordà, la;total;total;població;;10742
2016;Bisbal de Montsant, la;total;homes;població;;115
2016;Bisbal de Montsant, la;total;dones;població;;93
2016;Bisbal de Montsant, la;total;total;població;;208
2016;Bisbal del Penedès, la;total;homes;població;;1831
2016;Bisbal del Penedès, la;total;dones;població;;1635
2016;Bisbal del Penedès, la;total;total;població;;3466
2016;Biure;total;homes;població;;122
2016;Biure;total;dones;població;;111
2016;Biure;total;total;població;;233
2016;Blancafort;total;homes;població;;205
2016;Blancafort;total;dones;població;;188
2016;Blancafort;total;total;població;;393
2016;Blanes;total;homes;població;;19491
2016;Blanes;total;dones;població;;19569
2016;Blanes;total;total;població;;39060
2016;Boadella i les Escaules;total;homes;població;;138
2016;Boadella i les Escaules;total;dones;població;;128
2016;Boadella i les Escaules;total;total;població;;266
2016;Bolvir;total;homes;població;;198
2016;Bolvir;total;dones;població;;177
2016;Bolvir;total;total;població;;375
2016;Bonastre;total;homes;població;;327
2016;Bonastre;total;dones;població;;312
2016;Bonastre;total;total;població;;639
2016;Bòrdes, Es;total;homes;població;;138
2016;Bòrdes, Es;total;dones;població;;112
2016;Bòrdes, Es;total;total;població;;250
2016;Bordils;total;homes;població;;836
2016;Bordils;total;dones;població;;844
2016;Bordils;total;total;població;;1680
2016;Borges Blanques, les;total;homes;població;;3062
2016;Borges Blanques, les;total;dones;població;;2938
2016;Borges Blanques, les;total;total;població;;6000
2016;Borges del Camp, les;total;homes;població;;1042
2016;Borges del Camp, les;total;dones;població;;1028
2016;Borges del Camp, les;total;total;població;;2070
2016;Borrassà;total;homes;població;;369
2016;Borrassà;total;dones;població;;342
2016;Borrassà;total;total;població;;711
2016;Borredà;total;homes;població;;274
2016;Borredà;total;dones;població;;221
2016;Borredà;total;total;població;;495
2016;Bossòst;total;homes;població;;555
2016;Bossòst;total;dones;població;;568
2016;Bossòst;total;total;població;;1123
2016;Bot;total;homes;població;;312
2016;Bot;total;dones;població;;303
2016;Bot;total;total;població;;615
2016;Botarell;total;homes;població;;587
2016;Botarell;total;dones;població;;533
2016;Botarell;total;total;població;;1120
2016;Bovera;total;homes;població;;147
2016;Bovera;total;dones;població;;120
2016;Bovera;total;total;població;;267
2016;Bràfim;total;homes;població;;337
2016;Bràfim;total;dones;població;;331
2016;Bràfim;total;total;població;;668
2016;Breda;total;homes;població;;1849
2016;Breda;total;dones;població;;1873
2016;Breda;total;total;població;;3722
2016;Bruc, el;total;homes;població;;1081
2016;Bruc, el;total;dones;població;;933
2016;Bruc, el;total;total;població;;2014
2016;Brull, el;total;homes;població;;142
2016;Brull, el;total;dones;població;;121
2016;Brull, el;total;total;població;;263
2016;Brunyola i Sant Martí Sapresa;total;homes;població;;196
2016;Brunyola i Sant Martí Sapresa;total;dones;població;;179
2016;Brunyola i Sant Martí Sapresa;total;total;població;;375
2016;Cabacés;total;homes;població;;166
2016;Cabacés;total;dones;població;;160
2016;Cabacés;total;total;població;;326
2016;Cabanabona;total;homes;població;;36
2016;Cabanabona;total;dones;població;;41
2016;Cabanabona;total;total;població;;77
2016;Cabanelles;total;homes;població;;146
2016;Cabanelles;total;dones;població;;111
2016;Cabanelles;total;total;població;;257
2016;Cabanes;total;homes;població;;494
2016;Cabanes;total;dones;població;;421
2016;Cabanes;total;total;població;;915
2016;Cabanyes, les;total;homes;població;;483
2016;Cabanyes, les;total;dones;població;;460
2016;Cabanyes, les;total;total;població;;943
2016;Cabó;total;homes;població;;48
2016;Cabó;total;dones;població;;44
2016;Cabó;total;total;població;;92
2016;Cabra del Camp;total;homes;població;;581
2016;Cabra del Camp;total;dones;població;;532
2016;Cabra del Camp;total;total;població;;1113
2016;Cabrera d'Anoia;total;homes;població;;712
2016;Cabrera d'Anoia;total;dones;població;;639
2016;Cabrera d'Anoia;total;total;població;;1351
2016;Cabrera de Mar;total;homes;població;;2299
2016;Cabrera de Mar;total;dones;població;;2254
2016;Cabrera de Mar;total;total;població;;4553
2016;Cabrils;total;homes;població;;3603
2016;Cabrils;total;dones;població;;3684
2016;Cabrils;total;total;població;;7287
2016;Cadaqués;total;homes;població;;1379
2016;Cadaqués;total;dones;població;;1458
2016;Cadaqués;total;total;població;;2837
2016;Calaf;total;homes;població;;1752
2016;Calaf;total;dones;població;;1672
2016;Calaf;total;total;població;;3424
2016;Calafell;total;homes;població;;12192
2016;Calafell;total;dones;població;;12097
2016;Calafell;total;total;població;;24289
2016;Calders;total;homes;població;;494
2016;Calders;total;dones;població;;459
2016;Calders;total;total;població;;953
2016;Caldes d'Estrac;total;homes;població;;1341
2016;Caldes d'Estrac;total;dones;població;;1425
2016;Caldes d'Estrac;total;total;població;;2766
2016;Caldes de Malavella;total;homes;població;;3611
2016;Caldes de Malavella;total;dones;població;;3609
2016;Caldes de Malavella;total;total;població;;7220
2016;Caldes de Montbui;total;homes;població;;8523
2016;Caldes de Montbui;total;dones;població;;8614
2016;Caldes de Montbui;total;total;població;;17137
2016;Calella;total;homes;població;;8979
2016;Calella;total;dones;població;;9338
2016;Calella;total;total;població;;18317
2016;Calldetenes;total;homes;població;;1233
2016;Calldetenes;total;dones;població;;1185
2016;Calldetenes;total;total;població;;2418
2016;Callús;total;homes;població;;1008
2016;Callús;total;dones;població;;1049
2016;Callús;total;total;població;;2057
2016;Calonge de Segarra;total;homes;població;;96
2016;Calonge de Segarra;total;dones;població;;95
2016;Calonge de Segarra;total;total;població;;191
2016;Calonge i Sant Antoni;total;homes;població;;5368
2016;Calonge i Sant Antoni;total;dones;població;;5341
2016;Calonge i Sant Antoni;total;total;població;;10709
2016;Camarasa;total;homes;població;;448
2016;Camarasa;total;dones;població;;431
2016;Camarasa;total;total;població;;879
2016;Camarles;total;homes;població;;1707
2016;Camarles;total;dones;població;;1642
2016;Camarles;total;total;població;;3349
2016;Cambrils;total;homes;població;;16317
2016;Cambrils;total;dones;població;;16956
2016;Cambrils;total;total;població;;33273
2016;Camós;total;homes;població;;340
2016;Camós;total;dones;població;;343
2016;Camós;total;total;població;;683
2016;Campdevànol;total;homes;població;;1630
2016;Campdevànol;total;dones;població;;1684
2016;Campdevànol;total;total;població;;3314
2016;Campelles;total;homes;població;;70
2016;Campelles;total;dones;població;;67
2016;Campelles;total;total;població;;137
2016;Campins;total;homes;població;;246
2016;Campins;total;dones;població;;224
2016;Campins;total;total;població;;470
2016;Campllong;total;homes;població;;258
2016;Campllong;total;dones;població;;258
2016;Campllong;total;total;població;;516
2016;Camprodon;total;homes;població;;1097
2016;Camprodon;total;dones;població;;1124
2016;Camprodon;total;total;població;;2221
2016;Canejan;total;homes;població;;54
2016;Canejan;total;dones;població;;43
2016;Canejan;total;total;població;;97
2016;Canet d'Adri;total;homes;població;;353
2016;Canet d'Adri;total;dones;població;;349
2016;Canet d'Adri;total;total;població;;702
2016;Canet de Mar;total;homes;població;;6936
2016;Canet de Mar;total;dones;població;;7348
2016;Canet de Mar;total;total;població;;14284
2016;Canonja, la;total;homes;població;;2886
2016;Canonja, la;total;dones;població;;2960
2016;Canonja, la;total;total;població;;5846
2016;Canovelles;total;homes;població;;8250
2016;Canovelles;total;dones;població;;7687
2016;Canovelles;total;total;població;;15937
2016;Cànoves i Samalús;total;homes;població;;1452
2016;Cànoves i Samalús;total;dones;població;;1421
2016;Cànoves i Samalús;total;total;població;;2873
2016;Cantallops;total;homes;població;;160
2016;Cantallops;total;dones;població;;157
2016;Cantallops;total;total;població;;317
2016;Canyelles;total;homes;població;;2246
2016;Canyelles;total;dones;població;;2161
2016;Canyelles;total;total;població;;4407
2016;Capafonts;total;homes;població;;58
2016;Capafonts;total;dones;població;;54
2016;Capafonts;total;total;població;;112
2016;Capçanes;total;homes;població;;192
2016;Capçanes;total;dones;població;;200
2016;Capçanes;total;total;població;;392
2016;Capellades;total;homes;població;;2572
2016;Capellades;total;dones;població;;2655
2016;Capellades;total;total;població;;5227
2016;Capmany;total;homes;població;;306
2016;Capmany;total;dones;població;;290
2016;Capmany;total;total;població;;596
2016;Capolat;total;homes;població;;45
2016;Capolat;total;dones;població;;48
2016;Capolat;total;total;població;;93
2016;Cardedeu;total;homes;població;;8958
2016;Cardedeu;total;dones;població;;9200
2016;Cardedeu;total;total;població;;18158
2016;Cardona;total;homes;població;;2351
2016;Cardona;total;dones;població;;2424
2016;Cardona;total;total;població;;4775
2016;Carme;total;homes;població;;411
2016;Carme;total;dones;població;;380
2016;Carme;total;total;població;;791
2016;Caseres;total;homes;població;;127
2016;Caseres;total;dones;població;;126
2016;Caseres;total;total;població;;253
2016;Cassà de la Selva;total;homes;població;;5101
2016;Cassà de la Selva;total;dones;població;;4924
2016;Cassà de la Selva;total;total;població;;10025
2016;Casserres;total;homes;població;;760
2016;Casserres;total;dones;població;;768
2016;Casserres;total;total;població;;1528
2016;Castell d'Aro, Platja d'Aro i s'Agaró;total;homes;població;;5215
2016;Castell d'Aro, Platja d'Aro i s'Agaró;total;dones;població;;5352
2016;Castell d'Aro, Platja d'Aro i s'Agaró;total;total;població;;10567
2016;Castell de l'Areny;total;homes;població;;40
2016;Castell de l'Areny;total;dones;població;;29
2016;Castell de l'Areny;total;total;població;;69
2016;Castell de Mur;total;homes;població;;94
2016;Castell de Mur;total;dones;població;;81
2016;Castell de Mur;total;total;població;;175
2016;Castellar de la Ribera;total;homes;població;;71
2016;Castellar de la Ribera;total;dones;població;;71
2016;Castellar de la Ribera;total;total;població;;142
2016;Castellar de n'Hug;total;homes;població;;83
2016;Castellar de n'Hug;total;dones;població;;74
2016;Castellar de n'Hug;total;total;població;;157
2016;Castellar del Riu;total;homes;població;;97
2016;Castellar del Riu;total;dones;població;;79
2016;Castellar del Riu;total;total;població;;176
2016;Castellar del Vallès;total;homes;població;;11639
2016;Castellar del Vallès;total;dones;població;;11994
2016;Castellar del Vallès;total;total;població;;23633
2016;Castellbell i el Vilar;total;homes;població;;1820
2016;Castellbell i el Vilar;total;dones;població;;1764
2016;Castellbell i el Vilar;total;total;població;;3584
2016;Castellbisbal;total;homes;població;;6206
2016;Castellbisbal;total;dones;població;;6071
2016;Castellbisbal;total;total;població;;12277
2016;Castellcir;total;homes;població;;367
2016;Castellcir;total;dones;població;;359
2016;Castellcir;total;total;població;;726
2016;Castelldans;total;homes;població;;524
2016;Castelldans;total;dones;població;;434
2016;Castelldans;total;total;població;;958
2016;Castelldefels;total;homes;població;;32034
2016;Castelldefels;total;dones;població;;32858
2016;Castelldefels;total;total;població;;64892
2016;Castellet i la Gornal;total;homes;població;;1104
2016;Castellet i la Gornal;total;dones;població;;1089
2016;Castellet i la Gornal;total;total;població;;2193
2016;Castellfollit de la Roca;total;homes;població;;494
2016;Castellfollit de la Roca;total;dones;població;;476
2016;Castellfollit de la Roca;total;total;població;;970
2016;Castellfollit de Riubregós;total;homes;població;;96
2016;Castellfollit de Riubregós;total;dones;població;;69
2016;Castellfollit de Riubregós;total;total;població;;165
2016;Castellfollit del Boix;total;homes;població;;225
2016;Castellfollit del Boix;total;dones;població;;223
2016;Castellfollit del Boix;total;total;població;;448
2016;Castellgalí;total;homes;població;;1039
2016;Castellgalí;total;dones;població;;956
2016;Castellgalí;total;total;població;;1995
2016;Castellnou de Bages;total;homes;població;;647
2016;Castellnou de Bages;total;dones;població;;640
2016;Castellnou de Bages;total;total;població;;1287
2016;Castellnou de Seana;total;homes;població;;393
2016;Castellnou de Seana;total;dones;població;;343
2016;Castellnou de Seana;total;total;població;;736
2016;Castelló d'Empúries;total;homes;població;;5441
2016;Castelló d'Empúries;total;dones;població;;5343
2016;Castelló d'Empúries;total;total;població;;10784
2016;Castelló de Farfanya;total;homes;població;;300
2016;Castelló de Farfanya;total;dones;població;;256
2016;Castelló de Farfanya;total;total;població;;556
2016;Castellolí;total;homes;població;;277
2016;Castellolí;total;dones;població;;296
2016;Castellolí;total;total;població;;573
2016;Castellserà;total;homes;població;;519
2016;Castellserà;total;dones;població;;511
2016;Castellserà;total;total;població;;1030
2016;Castellterçol;total;homes;població;;1181
2016;Castellterçol;total;dones;població;;1170
2016;Castellterçol;total;total;població;;2351
2016;Castellvell del Camp;total;homes;població;;1436
2016;Castellvell del Camp;total;dones;població;;1415
2016;Castellvell del Camp;total;total;població;;2851
2016;Castellví de la Marca;total;homes;població;;772
2016;Castellví de la Marca;total;dones;població;;773
2016;Castellví de la Marca;total;total;població;;1545
2016;Castellví de Rosanes;total;homes;població;;882
2016;Castellví de Rosanes;total;dones;població;;925
2016;Castellví de Rosanes;total;total;població;;1807
2016;Catllar, el;total;homes;població;;2170
2016;Catllar, el;total;dones;població;;2041
2016;Catllar, el;total;total;població;;4211
2016;Cava;total;homes;població;;35
2016;Cava;total;dones;població;;22
2016;Cava;total;total;població;;57
2016;Cellera de Ter, la;total;homes;població;;1023
2016;Cellera de Ter, la;total;dones;població;;1031
2016;Cellera de Ter, la;total;total;població;;2054
2016;Celrà;total;homes;població;;2665
2016;Celrà;total;dones;població;;2638
2016;Celrà;total;total;població;;5303
2016;Centelles;total;homes;població;;3632
2016;Centelles;total;dones;població;;3778
2016;Centelles;total;total;població;;7410
2016;Cercs;total;homes;població;;591
2016;Cercs;total;dones;població;;592
2016;Cercs;total;total;població;;1183
2016;Cerdanyola del Vallès;total;homes;població;;28184
2016;Cerdanyola del Vallès;total;dones;població;;29359
2016;Cerdanyola del Vallès;total;total;població;;57543
2016;Cervelló;total;homes;població;;4453
2016;Cervelló;total;dones;població;;4408
2016;Cervelló;total;total;població;;8861
2016;Cervera;total;homes;població;;4544
2016;Cervera;total;dones;població;;4469
2016;Cervera;total;total;població;;9013
2016;Cervià de les Garrigues;total;homes;població;;357
2016;Cervià de les Garrigues;total;dones;població;;329
2016;Cervià de les Garrigues;total;total;població;;686
2016;Cervià de Ter;total;homes;població;;462
2016;Cervià de Ter;total;dones;població;;454
2016;Cervià de Ter;total;total;població;;916
2016;Cistella;total;homes;població;;140
2016;Cistella;total;dones;població;;153
2016;Cistella;total;total;població;;293
2016;Ciutadilla;total;homes;població;;110
2016;Ciutadilla;total;dones;població;;94
2016;Ciutadilla;total;total;població;;204
2016;Clariana de Cardener;total;homes;població;;71
2016;Clariana de Cardener;total;dones;població;;70
2016;Clariana de Cardener;total;total;població;;141
2016;Cogul, el;total;homes;població;;93
2016;Cogul, el;total;dones;població;;81
2016;Cogul, el;total;total;població;;174
2016;Colera;total;homes;població;;262
2016;Colera;total;dones;població;;260
2016;Colera;total;total;població;;522
2016;Coll de Nargó;total;homes;població;;292
2016;Coll de Nargó;total;dones;població;;282
2016;Coll de Nargó;total;total;població;;574
2016;Collbató;total;homes;població;;2259
2016;Collbató;total;dones;població;;2137
2016;Collbató;total;total;població;;4396
2016;Colldejou;total;homes;població;;92
2016;Colldejou;total;dones;població;;79
2016;Colldejou;total;total;població;;171
2016;Collsuspina;total;homes;població;;185
2016;Collsuspina;total;dones;població;;164
2016;Collsuspina;total;total;població;;349
2016;Colomers;total;homes;població;;94
2016;Colomers;total;dones;població;;94
2016;Colomers;total;total;població;;188
2016;Coma i la Pedra, la;total;homes;població;;156
2016;Coma i la Pedra, la;total;dones;població;;105
2016;Coma i la Pedra, la;total;total;població;;261
2016;Conca de Dalt;total;homes;població;;228
2016;Conca de Dalt;total;dones;població;;211
2016;Conca de Dalt;total;total;població;;439
2016;Conesa;total;homes;població;;60
2016;Conesa;total;dones;població;;56
2016;Conesa;total;total;població;;116
2016;Constantí;total;homes;població;;3340
2016;Constantí;total;dones;població;;3099
2016;Constantí;total;total;població;;6439
2016;Copons;total;homes;població;;152
2016;Copons;total;dones;població;;148
2016;Copons;total;total;població;;300
2016;Corbera d'Ebre;total;homes;població;;568
2016;Corbera d'Ebre;total;dones;població;;512
2016;Corbera d'Ebre;total;total;població;;1080
2016;Corbera de Llobregat;total;homes;població;;7089
2016;Corbera de Llobregat;total;dones;població;;7079
2016;Corbera de Llobregat;total;total;població;;14168
2016;Corbins;total;homes;població;;751
2016;Corbins;total;dones;població;;650
2016;Corbins;total;total;població;;1401
2016;Corçà;total;homes;població;;631
2016;Corçà;total;dones;població;;618
2016;Corçà;total;total;població;;1249
2016;Cornellà de Llobregat;total;homes;població;;41878
2016;Cornellà de Llobregat;total;dones;població;;44194
2016;Cornellà de Llobregat;total;total;població;;86072
2016;Cornellà del Terri;total;homes;població;;1171
2016;Cornellà del Terri;total;dones;població;;1108
2016;Cornellà del Terri;total;total;població;;2279
2016;Cornudella de Montsant;total;homes;població;;524
2016;Cornudella de Montsant;total;dones;població;;442
2016;Cornudella de Montsant;total;total;població;;966
2016;Creixell;total;homes;població;;1759
2016;Creixell;total;dones;població;;1708
2016;Creixell;total;total;població;;3467
2016;Crespià;total;homes;població;;136
2016;Crespià;total;dones;població;;131
2016;Crespià;total;total;població;;267
2016;Cruïlles, Monells i Sant Sadurní de l'Heura;total;homes;població;;653
2016;Cruïlles, Monells i Sant Sadurní de l'Heura;total;dones;població;;639
2016;Cruïlles, Monells i Sant Sadurní de l'Heura;total;total;població;;1292
2016;Cubelles;total;homes;població;;7390
2016;Cubelles;total;dones;població;;7218
2016;Cubelles;total;total;població;;14608
2016;Cubells;total;homes;població;;196
2016;Cubells;total;dones;població;;177
2016;Cubells;total;total;població;;373
2016;Cunit;total;homes;població;;5837
2016;Cunit;total;dones;població;;5971
2016;Cunit;total;total;població;;11808
2016;Darnius;total;homes;població;;279
2016;Darnius;total;dones;població;;271
2016;Darnius;total;total;població;;550
2016;Das;total;homes;població;;117
2016;Das;total;dones;població;;98
2016;Das;total;total;població;;215
2016;Deltebre;total;homes;població;;5841
2016;Deltebre;total;dones;població;;5703
2016;Deltebre;total;total;població;;11544
2016;Dosrius;total;homes;població;;2614
2016;Dosrius;total;dones;població;;2540
2016;Dosrius;total;total;població;;5154
2016;Duesaigües;total;homes;població;;136
2016;Duesaigües;total;dones;població;;106
2016;Duesaigües;total;total;població;;242
2016;Escala, l';total;homes;població;;5291
2016;Escala, l';total;dones;població;;5109
2016;Escala, l';total;total;població;;10400
2016;Esparreguera;total;homes;població;;11021
2016;Esparreguera;total;dones;població;;10745
2016;Esparreguera;total;total;població;;21766
2016;Espinelves;total;homes;població;;93
2016;Espinelves;total;dones;població;;108
2016;Espinelves;total;total;població;;201
2016;Espluga Calba, l';total;homes;població;;189
2016;Espluga Calba, l';total;dones;població;;186
2016;Espluga Calba, l';total;total;població;;375
2016;Espluga de Francolí, l';total;homes;població;;1824
2016;Espluga de Francolí, l';total;dones;població;;1967
2016;Espluga de Francolí, l';total;total;població;;3791
2016;Esplugues de Llobregat;total;homes;població;;21979
2016;Esplugues de Llobregat;total;dones;població;;23754
2016;Esplugues de Llobregat;total;total;població;;45733
2016;Espolla;total;homes;població;;209
2016;Espolla;total;dones;població;;212
2016;Espolla;total;total;població;;421
2016;Esponellà;total;homes;població;;226
2016;Esponellà;total;dones;població;;230
2016;Esponellà;total;total;població;;456
2016;Espot;total;homes;població;;195
2016;Espot;total;dones;població;;166
2016;Espot;total;total;població;;361
2016;Espunyola, l';total;homes;població;;126
2016;Espunyola, l';total;dones;població;;121
2016;Espunyola, l';total;total;població;;247
2016;Esquirol, l';total;homes;població;;1097
2016;Esquirol, l';total;dones;població;;1071
2016;Esquirol, l';total;total;població;;2168
2016;Estamariu;total;homes;població;;67
2016;Estamariu;total;dones;població;;52
2016;Estamariu;total;total;població;;119
2016;Estany, l';total;homes;població;;200
2016;Estany, l';total;dones;població;;204
2016;Estany, l';total;total;població;;404
2016;Estaràs;total;homes;població;;86
2016;Estaràs;total;dones;població;;77
2016;Estaràs;total;total;població;;163
2016;Esterri d'Àneu;total;homes;població;;375
2016;Esterri d'Àneu;total;dones;població;;414
2016;Esterri d'Àneu;total;total;població;;789
2016;Esterri de Cardós;total;homes;població;;34
2016;Esterri de Cardós;total;dones;població;;35
2016;Esterri de Cardós;total;total;població;;69
2016;Falset;total;homes;població;;1411
2016;Falset;total;dones;població;;1423
2016;Falset;total;total;població;;2834
2016;Far d'Empordà, el;total;homes;població;;277
2016;Far d'Empordà, el;total;dones;població;;276
2016;Far d'Empordà, el;total;total;població;;553
2016;Farrera;total;homes;població;;75
2016;Farrera;total;dones;població;;51
2016;Farrera;total;total;població;;126
2016;Fatarella, la;total;homes;població;;496
2016;Fatarella, la;total;dones;població;;508
2016;Fatarella, la;total;total;població;;1004
2016;Febró, la;total;homes;població;;26
2016;Febró, la;total;dones;població;;14
2016;Febró, la;total;total;població;;40
2016;Figaró-Montmany;total;homes;població;;538
2016;Figaró-Montmany;total;dones;població;;554
2016;Figaró-Montmany;total;total;població;;1092
2016;Fígols;total;homes;població;;23
2016;Fígols;total;dones;població;;17
2016;Fígols;total;total;població;;40
2016;Fígols i Alinyà;total;homes;població;;147
2016;Fígols i Alinyà;total;dones;població;;107
2016;Fígols i Alinyà;total;total;població;;254
2016;Figuera, la;total;homes;població;;63
2016;Figuera, la;total;dones;població;;42
2016;Figuera, la;total;total;població;;105
2016;Figueres;total;homes;població;;22652
2016;Figueres;total;dones;població;;23074
2016;Figueres;total;total;població;;45726
2016;Figuerola del Camp;total;homes;població;;165
2016;Figuerola del Camp;total;dones;població;;176
2016;Figuerola del Camp;total;total;població;;341
2016;Flaçà;total;homes;població;;491
2016;Flaçà;total;dones;població;;527
2016;Flaçà;total;total;població;;1018
2016;Flix;total;homes;població;;1843
2016;Flix;total;dones;població;;1834
2016;Flix;total;total;població;;3677
2016;Floresta, la;total;homes;població;;86
2016;Floresta, la;total;dones;població;;69
2016;Floresta, la;total;total;població;;155
2016;Fogars de la Selva;total;homes;població;;752
2016;Fogars de la Selva;total;dones;població;;700
2016;Fogars de la Selva;total;total;població;;1452
2016;Fogars de Montclús;total;homes;població;;245
2016;Fogars de Montclús;total;dones;població;;217
2016;Fogars de Montclús;total;total;població;;462
2016;Foixà;total;homes;població;;159
2016;Foixà;total;dones;població;;150
2016;Foixà;total;total;població;;309
2016;Folgueroles;total;homes;població;;1158
2016;Folgueroles;total;dones;població;;1140
2016;Folgueroles;total;total;població;;2298
2016;Fondarella;total;homes;població;;396
2016;Fondarella;total;dones;població;;398
2016;Fondarella;total;total;població;;794
2016;Fonollosa;total;homes;població;;732
2016;Fonollosa;total;dones;població;;669
2016;Fonollosa;total;total;població;;1401
2016;Fontanals de Cerdanya;total;homes;població;;232
2016;Fontanals de Cerdanya;total;dones;població;;214
2016;Fontanals de Cerdanya;total;total;població;;446
2016;Fontanilles;total;homes;població;;77
2016;Fontanilles;total;dones;població;;63
2016;Fontanilles;total;total;població;;140
2016;Fontcoberta;total;homes;població;;729
2016;Fontcoberta;total;dones;població;;742
2016;Fontcoberta;total;total;població;;1471
2016;Font-rubí;total;homes;població;;697
2016;Font-rubí;total;dones;població;;666
2016;Font-rubí;total;total;població;;1363
2016;Foradada;total;homes;població;;98
2016;Foradada;total;dones;població;;74
2016;Foradada;total;total;població;;172
2016;Forallac;total;homes;població;;859
2016;Forallac;total;dones;població;;864
2016;Forallac;total;total;població;;1723
2016;Forès;total;homes;població;;26
2016;Forès;total;dones;població;;21
2016;Forès;total;total;població;;47
2016;Fornells de la Selva;total;homes;població;;1267
2016;Fornells de la Selva;total;dones;població;;1280
2016;Fornells de la Selva;total;total;població;;2547
2016;Fortià;total;homes;població;;346
2016;Fortià;total;dones;població;;375
2016;Fortià;total;total;població;;721
2016;Franqueses del Vallès, les;total;homes;població;;9855
2016;Franqueses del Vallès, les;total;dones;població;;9562
2016;Franqueses del Vallès, les;total;total;població;;19417
2016;Freginals;total;homes;població;;211
2016;Freginals;total;dones;població;;185
2016;Freginals;total;total;població;;396
2016;Fuliola, la;total;homes;població;;630
2016;Fuliola, la;total;dones;població;;630
2016;Fuliola, la;total;total;població;;1260
2016;Fulleda;total;homes;població;;46
2016;Fulleda;total;dones;població;;41
2016;Fulleda;total;total;població;;87
2016;Gaià;total;homes;població;;88
2016;Gaià;total;dones;població;;72
2016;Gaià;total;total;població;;160
2016;Galera, la;total;homes;població;;389
2016;Galera, la;total;dones;població;;359
2016;Galera, la;total;total;població;;748
2016;Gallifa;total;homes;població;;99
2016;Gallifa;total;dones;població;;88
2016;Gallifa;total;total;població;;187
2016;Gandesa;total;homes;població;;1526
2016;Gandesa;total;dones;població;;1473
2016;Gandesa;total;total;població;;2999
2016;Garcia;total;homes;població;;306
2016;Garcia;total;dones;població;;295
2016;Garcia;total;total;població;;601
2016;Garidells, els;total;homes;població;;94
2016;Garidells, els;total;dones;població;;99
2016;Garidells, els;total;total;població;;193
2016;Garriga, la;total;homes;població;;7728
2016;Garriga, la;total;dones;població;;8184
2016;Garriga, la;total;total;població;;15912
2016;Garrigàs;total;homes;població;;228
2016;Garrigàs;total;dones;població;;207
2016;Garrigàs;total;total;població;;435
2016;Garrigoles;total;homes;població;;89
2016;Garrigoles;total;dones;població;;74
2016;Garrigoles;total;total;població;;163
2016;Garriguella;total;homes;població;;428
2016;Garriguella;total;dones;població;;426
2016;Garriguella;total;total;població;;854
2016;Gavà;total;homes;població;;22757
2016;Gavà;total;dones;població;;23509
2016;Gavà;total;total;població;;46266
2016;Gavet de la Conca;total;homes;població;;142
2016;Gavet de la Conca;total;dones;població;;155
2016;Gavet de la Conca;total;total;població;;297
2016;Gelida;total;homes;població;;3640
2016;Gelida;total;dones;població;;3598
2016;Gelida;total;total;població;;7238
2016;Ger;total;homes;població;;230
2016;Ger;total;dones;població;;206
2016;Ger;total;total;població;;436
2016;Gimenells i el Pla de la Font;total;homes;població;;570
2016;Gimenells i el Pla de la Font;total;dones;població;;541
2016;Gimenells i el Pla de la Font;total;total;població;;1111
2016;Ginestar;total;homes;població;;407
2016;Ginestar;total;dones;població;;371
2016;Ginestar;total;total;població;;778
2016;Girona;total;homes;població;;47149
2016;Girona;total;dones;població;;51106
2016;Girona;total;total;població;;98255
2016;Gironella;total;homes;població;;2361
2016;Gironella;total;dones;població;;2468
2016;Gironella;total;total;població;;4829
2016;Gisclareny;total;homes;població;;17
2016;Gisclareny;total;dones;població;;12
2016;Gisclareny;total;total;població;;29
2016;Godall;total;homes;població;;318
2016;Godall;total;dones;població;;313
2016;Godall;total;total;població;;631
2016;Golmés;total;homes;població;;905
2016;Golmés;total;dones;població;;930
2016;Golmés;total;total;població;;1835
2016;Gombrèn;total;homes;població;;93
2016;Gombrèn;total;dones;població;;91
2016;Gombrèn;total;total;població;;184
2016;Gósol;total;homes;població;;130
2016;Gósol;total;dones;població;;98
2016;Gósol;total;total;població;;228
2016;Granada, la;total;homes;població;;1065
2016;Granada, la;total;dones;població;;1026
2016;Granada, la;total;total;població;;2091
2016;Granadella, la;total;homes;població;;379
2016;Granadella, la;total;dones;població;;344
2016;Granadella, la;total;total;població;;723
2016;Granera;total;homes;població;;53
2016;Granera;total;dones;població;;26
2016;Granera;total;total;població;;79
2016;Granja d'Escarp, la;total;homes;població;;519
2016;Granja d'Escarp, la;total;dones;població;;458
2016;Granja d'Escarp, la;total;total;població;;977
2016;Granollers;total;homes;població;;29668
2016;Granollers;total;dones;població;;30506
2016;Granollers;total;total;població;;60174
2016;Granyanella;total;homes;població;;85
2016;Granyanella;total;dones;població;;68
2016;Granyanella;total;total;població;;153
2016;Granyena de les Garrigues;total;homes;població;;93
2016;Granyena de les Garrigues;total;dones;població;;65
2016;Granyena de les Garrigues;total;total;població;;158
2016;Granyena de Segarra;total;homes;població;;77
2016;Granyena de Segarra;total;dones;població;;70
2016;Granyena de Segarra;total;total;població;;147
2016;Gratallops;total;homes;població;;129
2016;Gratallops;total;dones;població;;108
2016;Gratallops;total;total;població;;237
2016;Gualba;total;homes;població;;718
2016;Gualba;total;dones;població;;708
2016;Gualba;total;total;població;;1426
2016;Gualta;total;homes;població;;201
2016;Gualta;total;dones;població;;175
2016;Gualta;total;total;població;;376
2016;Guardiola de Berguedà;total;homes;població;;474
2016;Guardiola de Berguedà;total;dones;població;;423
2016;Guardiola de Berguedà;total;total;població;;897
2016;Guiamets, els;total;homes;població;;128
2016;Guiamets, els;total;dones;població;;145
2016;Guiamets, els;total;total;població;;273
2016;Guils de Cerdanya;total;homes;població;;281
2016;Guils de Cerdanya;total;dones;població;;250
2016;Guils de Cerdanya;total;total;població;;531
2016;Guimerà;total;homes;població;;147
2016;Guimerà;total;dones;població;;128
2016;Guimerà;total;total;població;;275
2016;Guingueta d'Àneu, la;total;homes;població;;164
2016;Guingueta d'Àneu, la;total;dones;població;;144
2016;Guingueta d'Àneu, la;total;total;població;;308
2016;Guissona;total;homes;població;;3639
2016;Guissona;total;dones;població;;3253
2016;Guissona;total;total;població;;6892
2016;Guixers;total;homes;població;;94
2016;Guixers;total;dones;població;;52
2016;Guixers;total;total;població;;146
2016;Gurb;total;homes;població;;1311
2016;Gurb;total;dones;població;;1248
2016;Gurb;total;total;població;;2559
2016;Horta de Sant Joan;total;homes;població;;621
2016;Horta de Sant Joan;total;dones;població;;568
2016;Horta de Sant Joan;total;total;població;;1189
2016;Hospitalet de Llobregat, l';total;homes;població;;123505
2016;Hospitalet de Llobregat, l';total;dones;població;;131299
2016;Hospitalet de Llobregat, l';total;total;població;;254804
2016;Hostalets de Pierola, els;total;homes;població;;1494
2016;Hostalets de Pierola, els;total;dones;població;;1397
2016;Hostalets de Pierola, els;total;total;població;;2891
2016;Hostalric;total;homes;població;;2051
2016;Hostalric;total;dones;població;;2007
2016;Hostalric;total;total;població;;4058
2016;Igualada;total;homes;població;;19046
2016;Igualada;total;dones;població;;19941
2016;Igualada;total;total;població;;38987
2016;Isona i Conca Dellà;total;homes;població;;552
2016;Isona i Conca Dellà;total;dones;població;;494
2016;Isona i Conca Dellà;total;total;població;;1046
2016;Isòvol;total;homes;població;;153
2016;Isòvol;total;dones;població;;123
2016;Isòvol;total;total;població;;276
2016;Ivars d'Urgell;total;homes;població;;826
2016;Ivars d'Urgell;total;dones;població;;752
2016;Ivars d'Urgell;total;total;població;;1578
2016;Ivars de Noguera;total;homes;població;;181
2016;Ivars de Noguera;total;dones;població;;170
2016;Ivars de Noguera;total;total;població;;351
2016;Ivorra;total;homes;població;;61
2016;Ivorra;total;dones;població;;53
2016;Ivorra;total;total;població;;114
2016;Jafre;total;homes;població;;207
2016;Jafre;total;dones;població;;179
2016;Jafre;total;total;població;;386
2016;Jonquera, la;total;homes;població;;1632
2016;Jonquera, la;total;dones;població;;1599
2016;Jonquera, la;total;total;població;;3231
2016;Jorba;total;homes;població;;406
2016;Jorba;total;dones;població;;425
2016;Jorba;total;total;població;;831
2016;Josa i Tuixén;total;homes;població;;71
2016;Josa i Tuixén;total;dones;població;;51
2016;Josa i Tuixén;total;total;població;;122
2016;Juià;total;homes;població;;170
2016;Juià;total;dones;població;;157
2016;Juià;total;total;població;;327
2016;Juncosa;total;homes;població;;226
2016;Juncosa;total;dones;població;;192
2016;Juncosa;total;total;població;;418
2016;Juneda;total;homes;població;;1730
2016;Juneda;total;dones;població;;1613
2016;Juneda;total;total;població;;3343
2016;Les;total;homes;població;;469
2016;Les;total;dones;població;;489
2016;Les;total;total;població;;958
2016;Linyola;total;homes;població;;1330
2016;Linyola;total;dones;població;;1320
2016;Linyola;total;total;població;;2650
2016;Llacuna, la;total;homes;població;;474
2016;Llacuna, la;total;dones;població;;398
2016;Llacuna, la;total;total;població;;872
2016;Lladó;total;homes;població;;373
2016;Lladó;total;dones;població;;379
2016;Lladó;total;total;població;;752
2016;Lladorre;total;homes;població;;107
2016;Lladorre;total;dones;població;;119
2016;Lladorre;total;total;població;;226
2016;Lladurs;total;homes;població;;100
2016;Lladurs;total;dones;població;;87
2016;Lladurs;total;total;població;;187
2016;Llagosta, la;total;homes;població;;6528
2016;Llagosta, la;total;dones;població;;6719
2016;Llagosta, la;total;total;població;;13247
2016;Llagostera;total;homes;població;;4228
2016;Llagostera;total;dones;població;;4038
2016;Llagostera;total;total;població;;8266
2016;Llambilles;total;homes;població;;366
2016;Llambilles;total;dones;població;;357
2016;Llambilles;total;total;població;;723
2016;Llanars;total;homes;població;;270
2016;Llanars;total;dones;població;;244
2016;Llanars;total;total;població;;514
2016;Llançà;total;homes;població;;2453
2016;Llançà;total;dones;població;;2481
2016;Llançà;total;total;població;;4934
2016;Llardecans;total;homes;població;;248
2016;Llardecans;total;dones;població;;228
2016;Llardecans;total;total;població;;476
2016;Llavorsí;total;homes;població;;175
2016;Llavorsí;total;dones;població;;180
2016;Llavorsí;total;total;població;;355
2016;Lleida;total;homes;població;;68284
2016;Lleida;total;dones;població;;69860
2016;Lleida;total;total;població;;138144
2016;Llers;total;homes;població;;605
2016;Llers;total;dones;població;;605
2016;Llers;total;total;població;;1210
2016;Lles de Cerdanya;total;homes;població;;144
2016;Lles de Cerdanya;total;dones;població;;103
2016;Lles de Cerdanya;total;total;població;;247
2016;Lliçà d'Amunt;total;homes;població;;7557
2016;Lliçà d'Amunt;total;dones;població;;7202
2016;Lliçà d'Amunt;total;total;població;;14759
2016;Lliçà de Vall;total;homes;població;;3239
2016;Lliçà de Vall;total;dones;població;;3131
2016;Lliçà de Vall;total;total;població;;6370
2016;Llimiana;total;homes;població;;88
2016;Llimiana;total;dones;població;;62
2016;Llimiana;total;total;població;;150
2016;Llinars del Vallès;total;homes;població;;4821
2016;Llinars del Vallès;total;dones;població;;4896
2016;Llinars del Vallès;total;total;població;;9717
2016;Llívia;total;homes;població;;792
2016;Llívia;total;dones;població;;675
2016;Llívia;total;total;població;;1467
2016;Lloar, el;total;homes;població;;64
2016;Lloar, el;total;dones;població;;59
2016;Lloar, el;total;total;població;;123
2016;Llobera;total;homes;població;;110
2016;Llobera;total;dones;població;;93
2016;Llobera;total;total;població;;203
2016;Llorac;total;homes;població;;56
2016;Llorac;total;dones;població;;40
2016;Llorac;total;total;població;;96
2016;Llorenç del Penedès;total;homes;població;;1155
2016;Llorenç del Penedès;total;dones;població;;1168
2016;Llorenç del Penedès;total;total;població;;2323
2016;Lloret de Mar;total;homes;població;;18952
2016;Lloret de Mar;total;dones;població;;18090
2016;Lloret de Mar;total;total;població;;37042
2016;Llosses, les;total;homes;població;;119
2016;Llosses, les;total;dones;població;;94
2016;Llosses, les;total;total;població;;213
2016;Lluçà;total;homes;població;;135
2016;Lluçà;total;dones;població;;145
2016;Lluçà;total;total;població;;280
2016;Maçanet de Cabrenys;total;homes;població;;375
2016;Maçanet de Cabrenys;total;dones;població;;365
2016;Maçanet de Cabrenys;total;total;població;;740
2016;Maçanet de la Selva;total;homes;població;;3507
2016;Maçanet de la Selva;total;dones;població;;3312
2016;Maçanet de la Selva;total;total;població;;6819
2016;Madremanya;total;homes;població;;141
2016;Madremanya;total;dones;població;;139
2016;Madremanya;total;total;població;;280
2016;Maià de Montcal;total;homes;població;;228
2016;Maià de Montcal;total;dones;població;;205
2016;Maià de Montcal;total;total;població;;433
2016;Maials;total;homes;població;;513
2016;Maials;total;dones;població;;437
2016;Maials;total;total;població;;950
2016;Maldà;total;homes;població;;116
2016;Maldà;total;dones;població;;114
2016;Maldà;total;total;població;;230
2016;Malgrat de Mar;total;homes;població;;9118
2016;Malgrat de Mar;total;dones;població;;9177
2016;Malgrat de Mar;total;total;població;;18295
2016;Malla;total;homes;població;;135
2016;Malla;total;dones;població;;132
2016;Malla;total;total;població;;267
2016;Manlleu;total;homes;població;;10033
2016;Manlleu;total;dones;població;;10071
2016;Manlleu;total;total;població;;20104
2016;Manresa;total;homes;població;;36545
2016;Manresa;total;dones;població;;38207
2016;Manresa;total;total;població;;74752
2016;Marçà;total;homes;població;;309
2016;Marçà;total;dones;població;;277
2016;Marçà;total;total;població;;586
2016;Margalef;total;homes;població;;59
2016;Margalef;total;dones;població;;38
2016;Margalef;total;total;població;;97
2016;Marganell;total;homes;població;;136
2016;Marganell;total;dones;població;;141
2016;Marganell;total;total;població;;277
2016;Martorell;total;homes;població;;14073
2016;Martorell;total;dones;població;;13572
2016;Martorell;total;total;població;;27645
2016;Martorelles;total;homes;població;;2356
2016;Martorelles;total;dones;població;;2369
2016;Martorelles;total;total;població;;4725
2016;Mas de Barberans;total;homes;població;;296
2016;Mas de Barberans;total;dones;població;;309
2016;Mas de Barberans;total;total;població;;605
2016;Masarac i Vilarnadal;total;homes;població;;151
2016;Masarac i Vilarnadal;total;dones;població;;138
2016;Masarac i Vilarnadal;total;total;població;;289
2016;Masdenverge;total;homes;població;;555
2016;Masdenverge;total;dones;població;;533
2016;Masdenverge;total;total;població;;1088
2016;Masies de Roda, les;total;homes;població;;360
2016;Masies de Roda, les;total;dones;població;;354
2016;Masies de Roda, les;total;total;població;;714
2016;Masies de Voltregà, les;total;homes;població;;1564
2016;Masies de Voltregà, les;total;dones;població;;1606
2016;Masies de Voltregà, les;total;total;població;;3170
2016;Masllorenç;total;homes;població;;272
2016;Masllorenç;total;dones;població;;230
2016;Masllorenç;total;total;població;;502
2016;Masnou, el;total;homes;població;;11131
2016;Masnou, el;total;dones;població;;11988
2016;Masnou, el;total;total;població;;23119
2016;Masó, la;total;homes;població;;155
2016;Masó, la;total;dones;població;;135
2016;Masó, la;total;total;població;;290
2016;Maspujols;total;homes;població;;400
2016;Maspujols;total;dones;població;;374
2016;Maspujols;total;total;població;;774
2016;Masquefa;total;homes;població;;4220
2016;Masquefa;total;dones;població;;4166
2016;Masquefa;total;total;població;;8386
2016;Masroig, el;total;homes;població;;273
2016;Masroig, el;total;dones;població;;221
2016;Masroig, el;total;total;població;;494
2016;Massalcoreig;total;homes;població;;313
2016;Massalcoreig;total;dones;població;;258
2016;Massalcoreig;total;total;població;;571
2016;Massanes;total;homes;població;;400
2016;Massanes;total;dones;població;;342
2016;Massanes;total;total;població;;742
2016;Massoteres;total;homes;població;;110
2016;Massoteres;total;dones;població;;93
2016;Massoteres;total;total;població;;203
2016;Matadepera;total;homes;població;;4508
2016;Matadepera;total;dones;població;;4476
2016;Matadepera;total;total;població;;8984
2016;Mataró;total;homes;població;;62355
2016;Mataró;total;dones;població;;63162
2016;Mataró;total;total;població;;125517
2016;Mediona;total;homes;població;;1143
2016;Mediona;total;dones;població;;1139
2016;Mediona;total;total;població;;2282
2016;Menàrguens;total;homes;població;;473
2016;Menàrguens;total;dones;població;;374
2016;Menàrguens;total;total;població;;847
2016;Meranges;total;homes;població;;59
2016;Meranges;total;dones;població;;40
2016;Meranges;total;total;població;;99
2016;Mieres;total;homes;població;;161
2016;Mieres;total;dones;població;;156
2016;Mieres;total;total;població;;317
2016;Milà, el;total;homes;població;;89
2016;Milà, el;total;dones;població;;89
2016;Milà, el;total;total;població;;178
2016;Miralcamp;total;homes;població;;686
2016;Miralcamp;total;dones;població;;683
2016;Miralcamp;total;total;població;;1369
2016;Miravet;total;homes;població;;398
2016;Miravet;total;dones;població;;339
2016;Miravet;total;total;població;;737
2016;Moià;total;homes;població;;2995
2016;Moià;total;dones;població;;2962
2016;Moià;total;total;població;;5957
2016;Molar, el;total;homes;població;;148
2016;Molar, el;total;dones;població;;134
2016;Molar, el;total;total;població;;282
2016;Molins de Rei;total;homes;població;;12342
2016;Molins de Rei;total;dones;població;;13017
2016;Molins de Rei;total;total;població;;25359
2016;Mollerussa;total;homes;població;;7465
2016;Mollerussa;total;dones;població;;7120
2016;Mollerussa;total;total;població;;14585
2016;Mollet de Peralada;total;homes;població;;98
2016;Mollet de Peralada;total;dones;població;;82
2016;Mollet de Peralada;total;total;població;;180
2016;Mollet del Vallès;total;homes;població;;25498
2016;Mollet del Vallès;total;dones;població;;25993
2016;Mollet del Vallès;total;total;població;;51491
2016;Molló;total;homes;població;;163
2016;Molló;total;dones;població;;172
2016;Molló;total;total;població;;335
2016;Molsosa, la;total;homes;població;;54
2016;Molsosa, la;total;dones;població;;57
2016;Molsosa, la;total;total;població;;111
2016;Monistrol de Calders;total;homes;població;;363
2016;Monistrol de Calders;total;dones;població;;336
2016;Monistrol de Calders;total;total;població;;699
2016;Monistrol de Montserrat;total;homes;població;;1456
2016;Monistrol de Montserrat;total;dones;població;;1411
2016;Monistrol de Montserrat;total;total;població;;2867
2016;Montagut i Oix;total;homes;població;;485
2016;Montagut i Oix;total;dones;població;;444
2016;Montagut i Oix;total;total;població;;929
2016;Montblanc;total;homes;població;;3682
2016;Montblanc;total;dones;població;;3608
2016;Montblanc;total;total;població;;7290
2016;Montbrió del Camp;total;homes;població;;1428
2016;Montbrió del Camp;total;dones;població;;1351
2016;Montbrió del Camp;total;total;població;;2779
2016;Montcada i Reixac;total;homes;població;;17170
2016;Montcada i Reixac;total;dones;població;;17632
2016;Montcada i Reixac;total;total;població;;34802
2016;Montclar;total;homes;població;;58
2016;Montclar;total;dones;població;;61
2016;Montclar;total;total;població;;119
2016;Montellà i Martinet;total;homes;població;;302
2016;Montellà i Martinet;total;dones;població;;245
2016;Montellà i Martinet;total;total;població;;547
2016;Montesquiu;total;homes;població;;465
2016;Montesquiu;total;dones;població;;466
2016;Montesquiu;total;total;població;;931
2016;Montferrer i Castellbò;total;homes;població;;566
2016;Montferrer i Castellbò;total;dones;població;;484
2016;Montferrer i Castellbò;total;total;població;;1050
2016;Montferri;total;homes;població;;217
2016;Montferri;total;dones;població;;183
2016;Montferri;total;total;població;;400
2016;Montgai;total;homes;població;;335
2016;Montgai;total;dones;població;;316
2016;Montgai;total;total;població;;651
2016;Montgat;total;homes;població;;5759
2016;Montgat;total;dones;població;;5862
2016;Montgat;total;total;població;;11621
2016;Montmajor;total;homes;població;;234
2016;Montmajor;total;dones;població;;237
2016;Montmajor;total;total;població;;471
2016;Montmaneu;total;homes;població;;78
2016;Montmaneu;total;dones;població;;73
2016;Montmaneu;total;total;població;;151
2016;Montmell, el;total;homes;població;;747
2016;Montmell, el;total;dones;població;;650
2016;Montmell, el;total;total;població;;1397
2016;Montmeló;total;homes;població;;4299
2016;Montmeló;total;dones;població;;4485
2016;Montmeló;total;total;població;;8784
2016;Montoliu de Lleida;total;homes;població;;251
2016;Montoliu de Lleida;total;dones;població;;244
2016;Montoliu de Lleida;total;total;població;;495
2016;Montoliu de Segarra;total;homes;població;;105
2016;Montoliu de Segarra;total;dones;població;;83
2016;Montoliu de Segarra;total;total;població;;188
2016;Montornès de Segarra;total;homes;població;;50
2016;Montornès de Segarra;total;dones;població;;50
2016;Montornès de Segarra;total;total;població;;100
2016;Montornès del Vallès;total;homes;població;;8220
2016;Montornès del Vallès;total;dones;població;;7998
2016;Montornès del Vallès;total;total;població;;16218
2016;Mont-ral;total;homes;població;;94
2016;Mont-ral;total;dones;població;;72
2016;Mont-ral;total;total;població;;166
2016;Mont-ras;total;homes;població;;853
2016;Mont-ras;total;dones;població;;837
2016;Mont-ras;total;total;població;;1690
2016;Mont-roig del Camp;total;homes;població;;5970
2016;Mont-roig del Camp;total;dones;població;;5551
2016;Mont-roig del Camp;total;total;població;;11521
2016;Montseny;total;homes;població;;166
2016;Montseny;total;dones;població;;154
2016;Montseny;total;total;població;;320
2016;Móra d'Ebre;total;homes;població;;2765
2016;Móra d'Ebre;total;dones;població;;2809
2016;Móra d'Ebre;total;total;població;;5574
2016;Móra la Nova;total;homes;població;;1564
2016;Móra la Nova;total;dones;població;;1540
2016;Móra la Nova;total;total;població;;3104
2016;Morell, el;total;homes;població;;1808
2016;Morell, el;total;dones;població;;1742
2016;Morell, el;total;total;població;;3550
2016;Morera de Montsant, la;total;homes;població;;89
2016;Morera de Montsant, la;total;dones;població;;64
2016;Morera de Montsant, la;total;total;població;;153
2016;Muntanyola;total;homes;població;;312
2016;Muntanyola;total;dones;població;;292
2016;Muntanyola;total;total;població;;604
2016;Mura;total;homes;població;;118
2016;Mura;total;dones;població;;101
2016;Mura;total;total;població;;219
2016;Nalec;total;homes;població;;52
2016;Nalec;total;dones;població;;48
2016;Nalec;total;total;població;;100
2016;Naut Aran;total;homes;població;;899
2016;Naut Aran;total;dones;població;;865
2016;Naut Aran;total;total;població;;1764
2016;Navarcles;total;homes;població;;2915
2016;Navarcles;total;dones;població;;3073
2016;Navarcles;total;total;població;;5988
2016;Navàs;total;homes;població;;3017
2016;Navàs;total;dones;població;;3028
2016;Navàs;total;total;població;;6045
2016;Navata;total;homes;població;;652
2016;Navata;total;dones;població;;677
2016;Navata;total;total;població;;1329
2016;Navès;total;homes;població;;137
2016;Navès;total;dones;població;;146
2016;Navès;total;total;població;;283
2016;Nou de Berguedà, la;total;homes;població;;75
2016;Nou de Berguedà, la;total;dones;població;;76
2016;Nou de Berguedà, la;total;total;població;;151
2016;Nou de Gaià, la;total;homes;població;;268
2016;Nou de Gaià, la;total;dones;població;;278
2016;Nou de Gaià, la;total;total;població;;546
2016;Nulles;total;homes;població;;237
2016;Nulles;total;dones;població;;216
2016;Nulles;total;total;població;;453
2016;Odèn;total;homes;població;;150
2016;Odèn;total;dones;població;;109
2016;Odèn;total;total;població;;259
2016;Òdena;total;homes;població;;1842
2016;Òdena;total;dones;població;;1765
2016;Òdena;total;total;població;;3607
2016;Ogassa;total;homes;població;;132
2016;Ogassa;total;dones;població;;93
2016;Ogassa;total;total;població;;225
2016;Olèrdola;total;homes;població;;1824
2016;Olèrdola;total;dones;població;;1705
2016;Olèrdola;total;total;població;;3529
2016;Olesa de Bonesvalls;total;homes;població;;898
2016;Olesa de Bonesvalls;total;dones;població;;825
2016;Olesa de Bonesvalls;total;total;població;;1723
2016;Olesa de Montserrat;total;homes;població;;11844
2016;Olesa de Montserrat;total;dones;població;;11801
2016;Olesa de Montserrat;total;total;població;;23645
2016;Oliana;total;homes;població;;929
2016;Oliana;total;dones;població;;915
2016;Oliana;total;total;població;;1844
2016;Oliola;total;homes;població;;123
2016;Oliola;total;dones;població;;97
2016;Oliola;total;total;població;;220
2016;Olius;total;homes;població;;488
2016;Olius;total;dones;població;;441
2016;Olius;total;total;població;;929
2016;Olivella;total;homes;població;;1897
2016;Olivella;total;dones;població;;1672
2016;Olivella;total;total;població;;3569
2016;Olost;total;homes;població;;599
2016;Olost;total;dones;població;;586
2016;Olost;total;total;població;;1185
2016;Olot;total;homes;població;;16892
2016;Olot;total;dones;població;;17108
2016;Olot;total;total;població;;34000
2016;Oluges, les;total;homes;població;;81
2016;Oluges, les;total;dones;població;;71
2016;Oluges, les;total;total;població;;152
2016;Olvan;total;homes;població;;419
2016;Olvan;total;dones;població;;436
2016;Olvan;total;total;població;;855
2016;Omellons, els;total;homes;població;;116
2016;Omellons, els;total;dones;població;;101
2016;Omellons, els;total;total;població;;217
2016;Omells de na Gaia, els;total;homes;població;;74
2016;Omells de na Gaia, els;total;dones;població;;63
2016;Omells de na Gaia, els;total;total;població;;137
2016;Ordis;total;homes;població;;200
2016;Ordis;total;dones;població;;177
2016;Ordis;total;total;població;;377
2016;Organyà;total;homes;població;;399
2016;Organyà;total;dones;població;;405
2016;Organyà;total;total;població;;804
2016;Orís;total;homes;població;;157
2016;Orís;total;dones;població;;153
2016;Orís;total;total;població;;310
2016;Oristà;total;homes;població;;267
2016;Oristà;total;dones;població;;280
2016;Oristà;total;total;població;;547
2016;Orpí;total;homes;població;;76
2016;Orpí;total;dones;població;;63
2016;Orpí;total;total;població;;139
2016;Òrrius;total;homes;població;;370
2016;Òrrius;total;dones;població;;332
2016;Òrrius;total;total;població;;702
2016;Os de Balaguer;total;homes;població;;514
2016;Os de Balaguer;total;dones;població;;508
2016;Os de Balaguer;total;total;població;;1022
2016;Osor;total;homes;població;;221
2016;Osor;total;dones;població;;213
2016;Osor;total;total;població;;434
2016;Ossó de Sió;total;homes;població;;105
2016;Ossó de Sió;total;dones;població;;109
2016;Ossó de Sió;total;total;població;;214
2016;Pacs del Penedès;total;homes;població;;457
2016;Pacs del Penedès;total;dones;població;;437
2016;Pacs del Penedès;total;total;població;;894
2016;Palafolls;total;homes;població;;4605
2016;Palafolls;total;dones;població;;4528
2016;Palafolls;total;total;població;;9133
2016;Palafrugell;total;homes;població;;11342
2016;Palafrugell;total;dones;població;;11526
2016;Palafrugell;total;total;població;;22868
2016;Palamós;total;homes;població;;8633
2016;Palamós;total;dones;població;;9044
2016;Palamós;total;total;població;;17677
2016;Palau d'Anglesola, el;total;homes;població;;1053
2016;Palau d'Anglesola, el;total;dones;població;;1100
2016;Palau d'Anglesola, el;total;total;població;;2153
2016;Palau de Santa Eulàlia;total;homes;població;;54
2016;Palau de Santa Eulàlia;total;dones;població;;36
2016;Palau de Santa Eulàlia;total;total;població;;90
2016;Palau-sator;total;homes;població;;156
2016;Palau-sator;total;dones;població;;141
2016;Palau-sator;total;total;població;;297
2016;Palau-saverdera;total;homes;població;;732
2016;Palau-saverdera;total;dones;població;;739
2016;Palau-saverdera;total;total;població;;1471
2016;Palau-solità i Plegamans;total;homes;població;;7135
2016;Palau-solità i Plegamans;total;dones;població;;7359
2016;Palau-solità i Plegamans;total;total;població;;14494
2016;Pallaresos, els;total;homes;població;;2322
2016;Pallaresos, els;total;dones;població;;2275
2016;Pallaresos, els;total;total;població;;4597
2016;Pallejà;total;homes;població;;5656
2016;Pallejà;total;dones;població;;5692
2016;Pallejà;total;total;població;;11348
2016;Palma d'Ebre, la;total;homes;població;;172
2016;Palma d'Ebre, la;total;dones;població;;191
2016;Palma d'Ebre, la;total;total;població;;363
2016;Palma de Cervelló, la;total;homes;població;;1494
2016;Palma de Cervelló, la;total;dones;població;;1506
2016;Palma de Cervelló, la;total;total;població;;3000
2016;Palol de Revardit;total;homes;població;;236
2016;Palol de Revardit;total;dones;població;;234
2016;Palol de Revardit;total;total;població;;470
2016;Pals;total;homes;població;;1227
2016;Pals;total;dones;població;;1196
2016;Pals;total;total;població;;2423
2016;Papiol, el;total;homes;població;;2021
2016;Papiol, el;total;dones;població;;2054
2016;Papiol, el;total;total;població;;4075
2016;Pardines;total;homes;població;;85
2016;Pardines;total;dones;població;;73
2016;Pardines;total;total;població;;158
2016;Parets del Vallès;total;homes;població;;9477
2016;Parets del Vallès;total;dones;població;;9360
2016;Parets del Vallès;total;total;població;;18837
2016;Parlavà;total;homes;població;;208
2016;Parlavà;total;dones;població;;184
2016;Parlavà;total;total;població;;392
2016;Passanant i Belltall;total;homes;població;;93
2016;Passanant i Belltall;total;dones;població;;68
2016;Passanant i Belltall;total;total;població;;161
2016;Pau;total;homes;població;;280
2016;Pau;total;dones;població;;271
2016;Pau;total;total;població;;551
2016;Paüls;total;homes;població;;280
2016;Paüls;total;dones;població;;300
2016;Paüls;total;total;població;;580
2016;Pedret i Marzà;total;homes;població;;98
2016;Pedret i Marzà;total;dones;població;;82
2016;Pedret i Marzà;total;total;població;;180
2016;Penelles;total;homes;població;;271
2016;Penelles;total;dones;població;;203
2016;Penelles;total;total;població;;474
2016;Pera, la;total;homes;població;;208
2016;Pera, la;total;dones;població;;233
2016;Pera, la;total;total;població;;441
2016;Perafita;total;homes;població;;207
2016;Perafita;total;dones;població;;204
2016;Perafita;total;total;població;;411
2016;Perafort;total;homes;població;;679
2016;Perafort;total;dones;població;;603
2016;Perafort;total;total;població;;1282
2016;Peralada;total;homes;població;;916
2016;Peralada;total;dones;població;;919
2016;Peralada;total;total;població;;1835
2016;Peramola;total;homes;població;;172
2016;Peramola;total;dones;població;;172
2016;Peramola;total;total;població;;344
2016;Perelló, el;total;homes;població;;1502
2016;Perelló, el;total;dones;població;;1401
2016;Perelló, el;total;total;població;;2903
2016;Piera;total;homes;població;;7648
2016;Piera;total;dones;població;;7353
2016;Piera;total;total;població;;15001
2016;Piles, les;total;homes;població;;112
2016;Piles, les;total;dones;població;;95
2016;Piles, les;total;total;població;;207
2016;Pineda de Mar;total;homes;població;;13107
2016;Pineda de Mar;total;dones;població;;13133
2016;Pineda de Mar;total;total;població;;26240
2016;Pinell de Brai, el;total;homes;població;;510
2016;Pinell de Brai, el;total;dones;població;;504
2016;Pinell de Brai, el;total;total;població;;1014
2016;Pinell de Solsonès;total;homes;població;;125
2016;Pinell de Solsonès;total;dones;població;;88
2016;Pinell de Solsonès;total;total;població;;213
2016;Pinós;total;homes;població;;160
2016;Pinós;total;dones;població;;137
2016;Pinós;total;total;població;;297
2016;Pira;total;homes;població;;268
2016;Pira;total;dones;població;;232
2016;Pira;total;total;població;;500
2016;Pla de Santa Maria, el;total;homes;població;;1191
2016;Pla de Santa Maria, el;total;dones;població;;1103
2016;Pla de Santa Maria, el;total;total;població;;2294
2016;Pla del Penedès, el;total;homes;població;;623
2016;Pla del Penedès, el;total;dones;població;;630
2016;Pla del Penedès, el;total;total;població;;1253
2016;Planes d'Hostoles, les;total;homes;població;;834
2016;Planes d'Hostoles, les;total;dones;població;;828
2016;Planes d'Hostoles, les;total;total;població;;1662
2016;Planoles;total;homes;població;;163
2016;Planoles;total;dones;població;;136
2016;Planoles;total;total;població;;299
2016;Plans de Sió, els;total;homes;població;;280
2016;Plans de Sió, els;total;dones;població;;243
2016;Plans de Sió, els;total;total;població;;523
2016;Poal, el;total;homes;població;;343
2016;Poal, el;total;dones;població;;312
2016;Poal, el;total;total;població;;655
2016;Pobla de Cérvoles, la;total;homes;població;;115
2016;Pobla de Cérvoles, la;total;dones;població;;91
2016;Pobla de Cérvoles, la;total;total;població;;206
2016;Pobla de Claramunt, la;total;homes;població;;1091
2016;Pobla de Claramunt, la;total;dones;població;;1068
2016;Pobla de Claramunt, la;total;total;població;;2159
2016;Pobla de Lillet, la;total;homes;població;;542
2016;Pobla de Lillet, la;total;dones;població;;568
2016;Pobla de Lillet, la;total;total;població;;1110
2016;Pobla de Mafumet, la;total;homes;població;;1939
2016;Pobla de Mafumet, la;total;dones;població;;1832
2016;Pobla de Mafumet, la;total;total;població;;3771
2016;Pobla de Massaluca, la;total;homes;població;;179
2016;Pobla de Massaluca, la;total;dones;població;;154
2016;Pobla de Massaluca, la;total;total;població;;333
2016;Pobla de Montornès, la;total;homes;població;;1473
2016;Pobla de Montornès, la;total;dones;població;;1333
2016;Pobla de Montornès, la;total;total;població;;2806
2016;Pobla de Segur, la;total;homes;població;;1475
2016;Pobla de Segur, la;total;dones;població;;1498
2016;Pobla de Segur, la;total;total;població;;2973
2016;Poboleda;total;homes;població;;204
2016;Poboleda;total;dones;població;;170
2016;Poboleda;total;total;població;;374
2016;Polinyà;total;homes;població;;4210
2016;Polinyà;total;dones;població;;4090
2016;Polinyà;total;total;població;;8300
2016;Pont d'Armentera, el;total;homes;població;;264
2016;Pont d'Armentera, el;total;dones;població;;251
2016;Pont d'Armentera, el;total;total;població;;515
2016;Pont de Bar, el;total;homes;població;;92
2016;Pont de Bar, el;total;dones;població;;73
2016;Pont de Bar, el;total;total;població;;165
2016;Pont de Molins;total;homes;població;;255
2016;Pont de Molins;total;dones;població;;262
2016;Pont de Molins;total;total;població;;517
2016;Pont de Suert, el;total;homes;població;;1156
2016;Pont de Suert, el;total;dones;població;;1137
2016;Pont de Suert, el;total;total;població;;2293
2016;Pont de Vilomara i Rocafort, el;total;homes;població;;1919
2016;Pont de Vilomara i Rocafort, el;total;dones;població;;1805
2016;Pont de Vilomara i Rocafort, el;total;total;població;;3724
2016;Pontils;total;homes;població;;65
2016;Pontils;total;dones;població;;55
2016;Pontils;total;total;població;;120
2016;Pontons;total;homes;població;;259
2016;Pontons;total;dones;població;;194
2016;Pontons;total;total;població;;453
2016;Pontós;total;homes;població;;131
2016;Pontós;total;dones;població;;103
2016;Pontós;total;total;població;;234
2016;Ponts;total;homes;població;;1310
2016;Ponts;total;dones;població;;1328
2016;Ponts;total;total;població;;2638
2016;Porqueres;total;homes;població;;2238
2016;Porqueres;total;dones;població;;2292
2016;Porqueres;total;total;població;;4530
2016;Porrera;total;homes;població;;238
2016;Porrera;total;dones;població;;207
2016;Porrera;total;total;població;;445
2016;Port de la Selva, el;total;homes;població;;522
2016;Port de la Selva, el;total;dones;població;;472
2016;Port de la Selva, el;total;total;població;;994
2016;Portbou;total;homes;població;;576
2016;Portbou;total;dones;població;;594
2016;Portbou;total;total;població;;1170
2016;Portella, la;total;homes;població;;409
2016;Portella, la;total;dones;població;;332
2016;Portella, la;total;total;població;;741
2016;Pradell de la Teixeta;total;homes;població;;76
2016;Pradell de la Teixeta;total;dones;població;;98
2016;Pradell de la Teixeta;total;total;població;;174
2016;Prades;total;homes;població;;307
2016;Prades;total;dones;població;;280
2016;Prades;total;total;població;;587
2016;Prat de Comte;total;homes;població;;94
2016;Prat de Comte;total;dones;població;;83
2016;Prat de Comte;total;total;població;;177
2016;Prat de Llobregat, el;total;homes;població;;31163
2016;Prat de Llobregat, el;total;dones;població;;32294
2016;Prat de Llobregat, el;total;total;població;;63457
2016;Pratdip;total;homes;població;;366
2016;Pratdip;total;dones;població;;325
2016;Pratdip;total;total;població;;691
2016;Prats de Lluçanès;total;homes;població;;1286
2016;Prats de Lluçanès;total;dones;població;;1279
2016;Prats de Lluçanès;total;total;població;;2565
2016;Prats de Rei, els;total;homes;població;;284
2016;Prats de Rei, els;total;dones;població;;251
2016;Prats de Rei, els;total;total;població;;535
2016;Prats i Sansor;total;homes;població;;123
2016;Prats i Sansor;total;dones;població;;115
2016;Prats i Sansor;total;total;població;;238
2016;Preixana;total;homes;població;;197
2016;Preixana;total;dones;població;;185
2016;Preixana;total;total;població;;382
2016;Preixens;total;homes;població;;229
2016;Preixens;total;dones;població;;219
2016;Preixens;total;total;població;;448
2016;Premià de Dalt;total;homes;població;;5260
2016;Premià de Dalt;total;dones;població;;5186
2016;Premià de Dalt;total;total;població;;10446
2016;Premià de Mar;total;homes;població;;13617
2016;Premià de Mar;total;dones;població;;14249
2016;Premià de Mar;total;total;població;;27866
2016;Preses, les;total;homes;població;;889
2016;Preses, les;total;dones;població;;892
2016;Preses, les;total;total;població;;1781
2016;Prullans;total;homes;població;;103
2016;Prullans;total;dones;població;;105
2016;Prullans;total;total;població;;208
2016;Puigcerdà;total;homes;població;;4407
2016;Puigcerdà;total;dones;població;;4403
2016;Puigcerdà;total;total;població;;8810
2016;Puigdàlber;total;homes;població;;253
2016;Puigdàlber;total;dones;població;;259
2016;Puigdàlber;total;total;població;;512
2016;Puiggròs;total;homes;població;;145
2016;Puiggròs;total;dones;població;;142
2016;Puiggròs;total;total;població;;287
2016;Puigpelat;total;homes;població;;572
2016;Puigpelat;total;dones;població;;549
2016;Puigpelat;total;total;població;;1121
2016;Puig-reig;total;homes;població;;2001
2016;Puig-reig;total;dones;població;;2122
2016;Puig-reig;total;total;població;;4123
2016;Puigverd d'Agramunt;total;homes;població;;133
2016;Puigverd d'Agramunt;total;dones;població;;104
2016;Puigverd d'Agramunt;total;total;població;;237
2016;Puigverd de Lleida;total;homes;població;;707
2016;Puigverd de Lleida;total;dones;població;;666
2016;Puigverd de Lleida;total;total;població;;1373
2016;Pujalt;total;homes;població;;107
2016;Pujalt;total;dones;població;;91
2016;Pujalt;total;total;població;;198
2016;Quar, la;total;homes;població;;28
2016;Quar, la;total;dones;població;;26
2016;Quar, la;total;total;població;;54
2016;Quart;total;homes;població;;1744
2016;Quart;total;dones;població;;1734
2016;Quart;total;total;població;;3478
2016;Queralbs;total;homes;població;;99
2016;Queralbs;total;dones;població;;75
2016;Queralbs;total;total;població;;174
2016;Querol;total;homes;població;;306
2016;Querol;total;dones;població;;237
2016;Querol;total;total;població;;543
2016;Rabós;total;homes;població;;92
2016;Rabós;total;dones;població;;96
2016;Rabós;total;total;població;;188
2016;Rajadell;total;homes;població;;269
2016;Rajadell;total;dones;població;;264
2016;Rajadell;total;total;població;;533
2016;Ràpita, la;total;homes;població;;7220
2016;Ràpita, la;total;dones;població;;7498
2016;Ràpita, la;total;total;població;;14718
2016;Rasquera;total;homes;població;;399
2016;Rasquera;total;dones;població;;420
2016;Rasquera;total;total;població;;819
2016;Regencós;total;homes;població;;143
2016;Regencós;total;dones;població;;136
2016;Regencós;total;total;població;;279
2016;Rellinars;total;homes;població;;374
2016;Rellinars;total;dones;població;;349
2016;Rellinars;total;total;població;;723
2016;Renau;total;homes;població;;77
2016;Renau;total;dones;població;;71
2016;Renau;total;total;població;;148
2016;Reus;total;homes;població;;50188
2016;Reus;total;dones;població;;53427
2016;Reus;total;total;població;;103615
2016;Rialp;total;homes;població;;347
2016;Rialp;total;dones;població;;322
2016;Rialp;total;total;població;;669
2016;Riba, la;total;homes;població;;324
2016;Riba, la;total;dones;població;;270
2016;Riba, la;total;total;població;;594
2016;Riba-roja d'Ebre;total;homes;població;;611
2016;Riba-roja d'Ebre;total;dones;població;;545
2016;Riba-roja d'Ebre;total;total;població;;1156
2016;Ribera d'Ondara;total;homes;població;;227
2016;Ribera d'Ondara;total;dones;població;;219
2016;Ribera d'Ondara;total;total;població;;446
2016;Ribera d'Urgellet;total;homes;població;;504
2016;Ribera d'Urgellet;total;dones;població;;458
2016;Ribera d'Urgellet;total;total;població;;962
2016;Ribes de Freser;total;homes;població;;882
2016;Ribes de Freser;total;dones;població;;903
2016;Ribes de Freser;total;total;població;;1785
2016;Riells i Viabrea;total;homes;població;;2023
2016;Riells i Viabrea;total;dones;població;;1904
2016;Riells i Viabrea;total;total;població;;3927
2016;Riera de Gaià, la;total;homes;població;;846
2016;Riera de Gaià, la;total;dones;població;;848
2016;Riera de Gaià, la;total;total;població;;1694
2016;Riner;total;homes;població;;128
2016;Riner;total;dones;població;;133
2016;Riner;total;total;població;;261
2016;Ripoll;total;homes;població;;5194
2016;Ripoll;total;dones;població;;5389
2016;Ripoll;total;total;població;;10583
2016;Ripollet;total;homes;població;;18646
2016;Ripollet;total;dones;població;;19002
2016;Ripollet;total;total;població;;37648
2016;Riu de Cerdanya;total;homes;població;;55
2016;Riu de Cerdanya;total;dones;població;;42
2016;Riu de Cerdanya;total;total;població;;97
2016;Riudarenes;total;homes;població;;1090
2016;Riudarenes;total;dones;població;;1030
2016;Riudarenes;total;total;població;;2120
2016;Riudaura;total;homes;població;;222
2016;Riudaura;total;dones;població;;244
2016;Riudaura;total;total;població;;466
2016;Riudecanyes;total;homes;població;;587
2016;Riudecanyes;total;dones;població;;529
2016;Riudecanyes;total;total;població;;1116
2016;Riudecols;total;homes;població;;614
2016;Riudecols;total;dones;població;;555
2016;Riudecols;total;total;població;;1169
2016;Riudellots de la Selva;total;homes;població;;1023
2016;Riudellots de la Selva;total;dones;població;;1001
2016;Riudellots de la Selva;total;total;població;;2024
2016;Riudoms;total;homes;població;;3397
2016;Riudoms;total;dones;població;;3194
2016;Riudoms;total;total;població;;6591
2016;Riumors;total;homes;població;;128
2016;Riumors;total;dones;població;;127
2016;Riumors;total;total;població;;255
2016;Roca del Vallès, la;total;homes;població;;5307
2016;Roca del Vallès, la;total;dones;població;;5292
2016;Roca del Vallès, la;total;total;població;;10599
2016;Rocafort de Queralt;total;homes;població;;133
2016;Rocafort de Queralt;total;dones;població;;118
2016;Rocafort de Queralt;total;total;població;;251
2016;Roda de Berà;total;homes;població;;3309
2016;Roda de Berà;total;dones;població;;3082
2016;Roda de Berà;total;total;població;;6391
2016;Roda de Ter;total;homes;població;;3001
2016;Roda de Ter;total;dones;població;;3115
2016;Roda de Ter;total;total;població;;6116
2016;Rodonyà;total;homes;població;;254
2016;Rodonyà;total;dones;població;;238
2016;Rodonyà;total;total;població;;492
2016;Roquetes;total;homes;població;;4241
2016;Roquetes;total;dones;població;;3924
2016;Roquetes;total;total;població;;8165
2016;Roses;total;homes;població;;9722
2016;Roses;total;dones;població;;9716
2016;Roses;total;total;població;;19438
2016;Rosselló;total;homes;població;;1516
2016;Rosselló;total;dones;població;;1513
2016;Rosselló;total;total;població;;3029
2016;Rourell, el;total;homes;població;;203
2016;Rourell, el;total;dones;població;;195
2016;Rourell, el;total;total;població;;398
2016;Rubí;total;homes;població;;37221
2016;Rubí;total;dones;població;;37946
2016;Rubí;total;total;població;;75167
2016;Rubió;total;homes;població;;126
2016;Rubió;total;dones;població;;105
2016;Rubió;total;total;població;;231
2016;Rupià;total;homes;població;;129
2016;Rupià;total;dones;població;;124
2016;Rupià;total;total;població;;253
2016;Rupit i Pruit;total;homes;població;;142
2016;Rupit i Pruit;total;dones;població;;135
2016;Rupit i Pruit;total;total;població;;277
2016;Sabadell;total;homes;població;;101341
2016;Sabadell;total;dones;població;;106905
2016;Sabadell;total;total;població;;208246
2016;Sagàs;total;homes;població;;83
2016;Sagàs;total;dones;població;;69
2016;Sagàs;total;total;població;;152
2016;Salàs de Pallars;total;homes;població;;183
2016;Salàs de Pallars;total;dones;població;;157
2016;Salàs de Pallars;total;total;població;;340
2016;Saldes;total;homes;població;;159
2016;Saldes;total;dones;població;;117
2016;Saldes;total;total;població;;276
2016;Sales de Llierca;total;homes;població;;71
2016;Sales de Llierca;total;dones;població;;66
2016;Sales de Llierca;total;total;població;;137
2016;Sallent;total;homes;població;;3170
2016;Sallent;total;dones;població;;3422
2016;Sallent;total;total;població;;6592
2016;Salomó;total;homes;població;;277
2016;Salomó;total;dones;població;;263
2016;Salomó;total;total;població;;540
2016;Salou;total;homes;població;;13738
2016;Salou;total;dones;població;;12648
2016;Salou;total;total;població;;26386
2016;Salt;total;homes;població;;15438
2016;Salt;total;dones;població;;13966
2016;Salt;total;total;població;;29404
2016;Sanaüja;total;homes;població;;216
2016;Sanaüja;total;dones;població;;209
2016;Sanaüja;total;total;població;;425
2016;Sant Adrià de Besòs;total;homes;població;;18029
2016;Sant Adrià de Besòs;total;dones;població;;18467
2016;Sant Adrià de Besòs;total;total;població;;36496
2016;Sant Agustí de Lluçanès;total;homes;població;;46
2016;Sant Agustí de Lluçanès;total;dones;població;;46
2016;Sant Agustí de Lluçanès;total;total;població;;92
2016;Sant Andreu de la Barca;total;homes;població;;13694
2016;Sant Andreu de la Barca;total;dones;població;;13740
2016;Sant Andreu de la Barca;total;total;població;;27434
2016;Sant Andreu de Llavaneres;total;homes;població;;5274
2016;Sant Andreu de Llavaneres;total;dones;població;;5389
2016;Sant Andreu de Llavaneres;total;total;població;;10663
2016;Sant Andreu Salou;total;homes;població;;82
2016;Sant Andreu Salou;total;dones;població;;73
2016;Sant Andreu Salou;total;total;població;;155
2016;Sant Aniol de Finestres;total;homes;població;;197
2016;Sant Aniol de Finestres;total;dones;població;;174
2016;Sant Aniol de Finestres;total;total;població;;371
2016;Sant Antoni de Vilamajor;total;homes;població;;2932
2016;Sant Antoni de Vilamajor;total;dones;població;;2930
2016;Sant Antoni de Vilamajor;total;total;població;;5862
2016;Sant Bartomeu del Grau;total;homes;població;;444
2016;Sant Bartomeu del Grau;total;dones;població;;406
2016;Sant Bartomeu del Grau;total;total;població;;850
2016;Sant Boi de Llobregat;total;homes;població;;40369
2016;Sant Boi de Llobregat;total;dones;població;;42033
2016;Sant Boi de Llobregat;total;total;població;;82402
2016;Sant Boi de Lluçanès;total;homes;població;;263
2016;Sant Boi de Lluçanès;total;dones;població;;264
2016;Sant Boi de Lluçanès;total;total;població;;527
2016;Sant Cebrià de Vallalta;total;homes;població;;1732
2016;Sant Cebrià de Vallalta;total;dones;població;;1597
2016;Sant Cebrià de Vallalta;total;total;població;;3329
2016;Sant Celoni;total;homes;població;;8719
2016;Sant Celoni;total;dones;població;;8821
2016;Sant Celoni;total;total;població;;17540
2016;Sant Climent de Llobregat;total;homes;població;;2022
2016;Sant Climent de Llobregat;total;dones;població;;2002
2016;Sant Climent de Llobregat;total;total;població;;4024
2016;Sant Climent Sescebes;total;homes;població;;375
2016;Sant Climent Sescebes;total;dones;població;;266
2016;Sant Climent Sescebes;total;total;població;;641
2016;Sant Cugat del Vallès;total;homes;població;;43254
2016;Sant Cugat del Vallès;total;dones;població;;45667
2016;Sant Cugat del Vallès;total;total;població;;88921
2016;Sant Cugat Sesgarrigues;total;homes;població;;475
2016;Sant Cugat Sesgarrigues;total;dones;població;;498
2016;Sant Cugat Sesgarrigues;total;total;població;;973
2016;Sant Esteve de la Sarga;total;homes;població;;87
2016;Sant Esteve de la Sarga;total;dones;població;;52
2016;Sant Esteve de la Sarga;total;total;població;;139
2016;Sant Esteve de Palautordera;total;homes;població;;1277
2016;Sant Esteve de Palautordera;total;dones;població;;1322
2016;Sant Esteve de Palautordera;total;total;població;;2599
2016;Sant Esteve Sesrovires;total;homes;població;;3820
2016;Sant Esteve Sesrovires;total;dones;població;;3824
2016;Sant Esteve Sesrovires;total;total;població;;7644
2016;Sant Feliu de Buixalleu;total;homes;població;;417
2016;Sant Feliu de Buixalleu;total;dones;població;;382
2016;Sant Feliu de Buixalleu;total;total;població;;799
2016;Sant Feliu de Codines;total;homes;població;;3008
2016;Sant Feliu de Codines;total;dones;població;;2960
2016;Sant Feliu de Codines;total;total;població;;5968
2016;Sant Feliu de Guíxols;total;homes;població;;10763
2016;Sant Feliu de Guíxols;total;dones;població;;10997
2016;Sant Feliu de Guíxols;total;total;població;;21760
2016;Sant Feliu de Llobregat;total;homes;població;;21405
2016;Sant Feliu de Llobregat;total;dones;població;;22681
2016;Sant Feliu de Llobregat;total;total;població;;44086
2016;Sant Feliu de Pallerols;total;homes;població;;645
2016;Sant Feliu de Pallerols;total;dones;població;;672
2016;Sant Feliu de Pallerols;total;total;població;;1317
2016;Sant Feliu Sasserra;total;homes;població;;323
2016;Sant Feliu Sasserra;total;dones;població;;289
2016;Sant Feliu Sasserra;total;total;població;;612
2016;Sant Ferriol;total;homes;població;;131
2016;Sant Ferriol;total;dones;població;;100
2016;Sant Ferriol;total;total;població;;231
2016;Sant Fost de Campsentelles;total;homes;població;;4316
2016;Sant Fost de Campsentelles;total;dones;població;;4334
2016;Sant Fost de Campsentelles;total;total;població;;8650
2016;Sant Fruitós de Bages;total;homes;població;;4161
2016;Sant Fruitós de Bages;total;dones;població;;4226
2016;Sant Fruitós de Bages;total;total;població;;8387
2016;Sant Gregori;total;homes;població;;1787
2016;Sant Gregori;total;dones;població;;1766
2016;Sant Gregori;total;total;població;;3553
2016;Sant Guim de Freixenet;total;homes;població;;553
2016;Sant Guim de Freixenet;total;dones;població;;506
2016;Sant Guim de Freixenet;total;total;població;;1059
2016;Sant Guim de la Plana;total;homes;població;;94
2016;Sant Guim de la Plana;total;dones;població;;76
2016;Sant Guim de la Plana;total;total;població;;170
2016;Sant Hilari Sacalm;total;homes;població;;2811
2016;Sant Hilari Sacalm;total;dones;població;;2759
2016;Sant Hilari Sacalm;total;total;població;;5570
2016;Sant Hipòlit de Voltregà;total;homes;població;;1701
2016;Sant Hipòlit de Voltregà;total;dones;població;;1761
2016;Sant Hipòlit de Voltregà;total;total;població;;3462
2016;Sant Iscle de Vallalta;total;homes;població;;669
2016;Sant Iscle de Vallalta;total;dones;població;;623
2016;Sant Iscle de Vallalta;total;total;població;;1292
2016;Sant Jaume d'Enveja;total;homes;població;;1761
2016;Sant Jaume d'Enveja;total;dones;població;;1755
2016;Sant Jaume d'Enveja;total;total;població;;3516
2016;Sant Jaume de Frontanyà;total;homes;població;;18
2016;Sant Jaume de Frontanyà;total;dones;població;;9
2016;Sant Jaume de Frontanyà;total;total;població;;27
2016;Sant Jaume de Llierca;total;homes;població;;424
2016;Sant Jaume de Llierca;total;dones;població;;449
2016;Sant Jaume de Llierca;total;total;població;;873
2016;Sant Jaume dels Domenys;total;homes;població;;1312
2016;Sant Jaume dels Domenys;total;dones;població;;1231
2016;Sant Jaume dels Domenys;total;total;població;;2543
2016;Sant Joan de les Abadesses;total;homes;població;;1660
2016;Sant Joan de les Abadesses;total;dones;població;;1682
2016;Sant Joan de les Abadesses;total;total;població;;3342
2016;Sant Joan de Mollet;total;homes;població;;237
2016;Sant Joan de Mollet;total;dones;població;;258
2016;Sant Joan de Mollet;total;total;població;;495
2016;Sant Joan de Vilatorrada;total;homes;població;;5390
2016;Sant Joan de Vilatorrada;total;dones;població;;5369
2016;Sant Joan de Vilatorrada;total;total;població;;10759
2016;Sant Joan Despí;total;homes;població;;16356
2016;Sant Joan Despí;total;dones;població;;17146
2016;Sant Joan Despí;total;total;població;;33502
2016;Sant Joan les Fonts;total;homes;població;;1454
2016;Sant Joan les Fonts;total;dones;població;;1452
2016;Sant Joan les Fonts;total;total;població;;2906
2016;Sant Jordi Desvalls;total;homes;població;;347
2016;Sant Jordi Desvalls;total;dones;població;;353
2016;Sant Jordi Desvalls;total;total;població;;700
2016;Sant Julià de Cerdanyola;total;homes;població;;139
2016;Sant Julià de Cerdanyola;total;dones;població;;112
2016;Sant Julià de Cerdanyola;total;total;població;;251
2016;Sant Julià de Ramis;total;homes;població;;1747
2016;Sant Julià de Ramis;total;dones;població;;1708
2016;Sant Julià de Ramis;total;total;població;;3455
2016;Sant Julià de Vilatorta;total;homes;població;;1523
2016;Sant Julià de Vilatorta;total;dones;població;;1590
2016;Sant Julià de Vilatorta;total;total;població;;3113
2016;Sant Julià del Llor i Bonmatí;total;homes;població;;663
2016;Sant Julià del Llor i Bonmatí;total;dones;població;;619
2016;Sant Julià del Llor i Bonmatí;total;total;població;;1282
2016;Sant Just Desvern;total;homes;població;;8123
2016;Sant Just Desvern;total;dones;població;;8804
2016;Sant Just Desvern;total;total;població;;16927
2016;Sant Llorenç d'Hortons;total;homes;població;;1302
2016;Sant Llorenç d'Hortons;total;dones;població;;1260
2016;Sant Llorenç d'Hortons;total;total;població;;2562
2016;Sant Llorenç de la Muga;total;homes;població;;126
2016;Sant Llorenç de la Muga;total;dones;població;;121
2016;Sant Llorenç de la Muga;total;total;població;;247
2016;Sant Llorenç de Morunys;total;homes;població;;474
2016;Sant Llorenç de Morunys;total;dones;població;;492
2016;Sant Llorenç de Morunys;total;total;població;;966
2016;Sant Llorenç Savall;total;homes;població;;1208
2016;Sant Llorenç Savall;total;dones;població;;1167
2016;Sant Llorenç Savall;total;total;població;;2375
2016;Sant Martí d'Albars;total;homes;població;;54
2016;Sant Martí d'Albars;total;dones;població;;54
2016;Sant Martí d'Albars;total;total;població;;108
2016;Sant Martí de Centelles;total;homes;població;;581
2016;Sant Martí de Centelles;total;dones;població;;541
2016;Sant Martí de Centelles;total;total;població;;1122
2016;Sant Martí de Llémena;total;homes;població;;324
2016;Sant Martí de Llémena;total;dones;població;;294
2016;Sant Martí de Llémena;total;total;població;;618
2016;Sant Martí de Riucorb;total;homes;població;;353
2016;Sant Martí de Riucorb;total;dones;població;;321
2016;Sant Martí de Riucorb;total;total;població;;674
2016;Sant Martí de Tous;total;homes;població;;603
2016;Sant Martí de Tous;total;dones;població;;587
2016;Sant Martí de Tous;total;total;població;;1190
2016;Sant Martí Sarroca;total;homes;població;;1516
2016;Sant Martí Sarroca;total;dones;població;;1583
2016;Sant Martí Sarroca;total;total;població;;3099
2016;Sant Martí Sesgueioles;total;homes;població;;190
2016;Sant Martí Sesgueioles;total;dones;població;;181
2016;Sant Martí Sesgueioles;total;total;població;;371
2016;Sant Martí Vell;total;homes;població;;128
2016;Sant Martí Vell;total;dones;població;;122
2016;Sant Martí Vell;total;total;població;;250
2016;Sant Mateu de Bages;total;homes;població;;311
2016;Sant Mateu de Bages;total;dones;població;;307
2016;Sant Mateu de Bages;total;total;població;;618
2016;Sant Miquel de Campmajor;total;homes;població;;119
2016;Sant Miquel de Campmajor;total;dones;població;;107
2016;Sant Miquel de Campmajor;total;total;població;;226
2016;Sant Miquel de Fluvià;total;homes;població;;387
2016;Sant Miquel de Fluvià;total;dones;població;;355
2016;Sant Miquel de Fluvià;total;total;població;;742
2016;Sant Mori;total;homes;població;;98
2016;Sant Mori;total;dones;població;;78
2016;Sant Mori;total;total;població;;176
2016;Sant Pau de Segúries;total;homes;població;;327
2016;Sant Pau de Segúries;total;dones;població;;343
2016;Sant Pau de Segúries;total;total;població;;670
2016;Sant Pere de Ribes;total;homes;població;;14928
2016;Sant Pere de Ribes;total;dones;població;;14914
2016;Sant Pere de Ribes;total;total;població;;29842
2016;Sant Pere de Riudebitlles;total;homes;població;;1187
2016;Sant Pere de Riudebitlles;total;dones;població;;1182
2016;Sant Pere de Riudebitlles;total;total;població;;2369
2016;Sant Pere de Torelló;total;homes;població;;1246
2016;Sant Pere de Torelló;total;dones;població;;1181
2016;Sant Pere de Torelló;total;total;població;;2427
2016;Sant Pere de Vilamajor;total;homes;població;;2133
2016;Sant Pere de Vilamajor;total;dones;població;;2124
2016;Sant Pere de Vilamajor;total;total;població;;4257
2016;Sant Pere Pescador;total;homes;població;;1153
2016;Sant Pere Pescador;total;dones;població;;981
2016;Sant Pere Pescador;total;total;població;;2134
2016;Sant Pere Sallavinera;total;homes;població;;86
2016;Sant Pere Sallavinera;total;dones;població;;72
2016;Sant Pere Sallavinera;total;total;població;;158
2016;Sant Pol de Mar;total;homes;població;;2450
2016;Sant Pol de Mar;total;dones;població;;2501
2016;Sant Pol de Mar;total;total;població;;4951
2016;Sant Quintí de Mediona;total;homes;població;;1079
2016;Sant Quintí de Mediona;total;dones;població;;1042
2016;Sant Quintí de Mediona;total;total;població;;2121
2016;Sant Quirze de Besora;total;homes;població;;1052
2016;Sant Quirze de Besora;total;dones;població;;1073
2016;Sant Quirze de Besora;total;total;població;;2125
2016;Sant Quirze del Vallès;total;homes;població;;9687
2016;Sant Quirze del Vallès;total;dones;població;;9977
2016;Sant Quirze del Vallès;total;total;població;;19664
2016;Sant Quirze Safaja;total;homes;població;;339
2016;Sant Quirze Safaja;total;dones;població;;298
2016;Sant Quirze Safaja;total;total;població;;637
2016;Sant Ramon;total;homes;població;;275
2016;Sant Ramon;total;dones;població;;234
2016;Sant Ramon;total;total;població;;509
2016;Sant Sadurní d'Anoia;total;homes;població;;6221
2016;Sant Sadurní d'Anoia;total;dones;població;;6433
2016;Sant Sadurní d'Anoia;total;total;població;;12654
2016;Sant Sadurní d'Osormort;total;homes;població;;49
2016;Sant Sadurní d'Osormort;total;dones;població;;31
2016;Sant Sadurní d'Osormort;total;total;població;;80
2016;Sant Salvador de Guardiola;total;homes;població;;1590
2016;Sant Salvador de Guardiola;total;dones;població;;1551
2016;Sant Salvador de Guardiola;total;total;població;;3141
2016;Sant Vicenç de Castellet;total;homes;població;;4586
2016;Sant Vicenç de Castellet;total;dones;població;;4649
2016;Sant Vicenç de Castellet;total;total;població;;9235
2016;Sant Vicenç de Montalt;total;homes;població;;3073
2016;Sant Vicenç de Montalt;total;dones;població;;3109
2016;Sant Vicenç de Montalt;total;total;població;;6182
2016;Sant Vicenç de Torelló;total;homes;població;;982
2016;Sant Vicenç de Torelló;total;dones;població;;1014
2016;Sant Vicenç de Torelló;total;total;població;;1996
2016;Sant Vicenç dels Horts;total;homes;població;;13936
2016;Sant Vicenç dels Horts;total;dones;població;;14025
2016;Sant Vicenç dels Horts;total;total;població;;27961
2016;Santa Bàrbara;total;homes;població;;1926
2016;Santa Bàrbara;total;dones;població;;1848
2016;Santa Bàrbara;total;total;població;;3774
2016;Santa Cecília de Voltregà;total;homes;població;;96
2016;Santa Cecília de Voltregà;total;dones;població;;87
2016;Santa Cecília de Voltregà;total;total;població;;183
2016;Santa Coloma de Cervelló;total;homes;població;;3960
2016;Santa Coloma de Cervelló;total;dones;població;;4113
2016;Santa Coloma de Cervelló;total;total;població;;8073
2016;Santa Coloma de Farners;total;homes;població;;6361
2016;Santa Coloma de Farners;total;dones;població;;6222
2016;Santa Coloma de Farners;total;total;població;;12583
2016;Santa Coloma de Gramenet;total;homes;població;;58288
2016;Santa Coloma de Gramenet;total;dones;població;;58865
2016;Santa Coloma de Gramenet;total;total;població;;117153
2016;Santa Coloma de Queralt;total;homes;població;;1347
2016;Santa Coloma de Queralt;total;dones;població;;1379
2016;Santa Coloma de Queralt;total;total;població;;2726
2016;Santa Cristina d'Aro;total;homes;població;;2571
2016;Santa Cristina d'Aro;total;dones;població;;2557
2016;Santa Cristina d'Aro;total;total;població;;5128
2016;Santa Eugènia de Berga;total;homes;població;;1148
2016;Santa Eugènia de Berga;total;dones;població;;1098
2016;Santa Eugènia de Berga;total;total;població;;2246
2016;Santa Eulàlia de Riuprimer;total;homes;població;;641
2016;Santa Eulàlia de Riuprimer;total;dones;població;;625
2016;Santa Eulàlia de Riuprimer;total;total;població;;1266
2016;Santa Eulàlia de Ronçana;total;homes;població;;3544
2016;Santa Eulàlia de Ronçana;total;dones;població;;3505
2016;Santa Eulàlia de Ronçana;total;total;població;;7049
2016;Santa Fe del Penedès;total;homes;població;;191
2016;Santa Fe del Penedès;total;dones;població;;183
2016;Santa Fe del Penedès;total;total;població;;374
2016;Santa Llogaia d'Àlguema;total;homes;població;;179
2016;Santa Llogaia d'Àlguema;total;dones;població;;164
2016;Santa Llogaia d'Àlguema;total;total;població;;343
2016;Santa Margarida de Montbui;total;homes;població;;4800
2016;Santa Margarida de Montbui;total;dones;població;;4811
2016;Santa Margarida de Montbui;total;total;població;;9611
2016;Santa Margarida i els Monjos;total;homes;població;;3769
2016;Santa Margarida i els Monjos;total;dones;població;;3591
2016;Santa Margarida i els Monjos;total;total;població;;7360
2016;Santa Maria d'Oló;total;homes;població;;542
2016;Santa Maria d'Oló;total;dones;població;;512
2016;Santa Maria d'Oló;total;total;població;;1054
2016;Santa Maria de Besora;total;homes;població;;75
2016;Santa Maria de Besora;total;dones;població;;73
2016;Santa Maria de Besora;total;total;població;;148
2016;Santa Maria de Martorelles;total;homes;població;;436
2016;Santa Maria de Martorelles;total;dones;població;;425
2016;Santa Maria de Martorelles;total;total;població;;861
2016;Santa Maria de Merlès;total;homes;població;;87
2016;Santa Maria de Merlès;total;dones;població;;91
2016;Santa Maria de Merlès;total;total;població;;178
2016;Santa Maria de Miralles;total;homes;població;;71
2016;Santa Maria de Miralles;total;dones;població;;61
2016;Santa Maria de Miralles;total;total;població;;132
2016;Santa Maria de Palautordera;total;homes;població;;4633
2016;Santa Maria de Palautordera;total;dones;població;;4561
2016;Santa Maria de Palautordera;total;total;població;;9194
2016;Santa Oliva;total;homes;població;;1657
2016;Santa Oliva;total;dones;població;;1603
2016;Santa Oliva;total;total;població;;3260
2016;Santa Pau;total;homes;població;;769
2016;Santa Pau;total;dones;població;;755
2016;Santa Pau;total;total;població;;1524
2016;Santa Perpètua de Mogoda;total;homes;població;;12920
2016;Santa Perpètua de Mogoda;total;dones;població;;12636
2016;Santa Perpètua de Mogoda;total;total;població;;25556
2016;Santa Susanna;total;homes;població;;1698
2016;Santa Susanna;total;dones;població;;1625
2016;Santa Susanna;total;total;població;;3323
2016;Santpedor;total;homes;població;;3732
2016;Santpedor;total;dones;població;;3788
2016;Santpedor;total;total;població;;7520
2016;Sarral;total;homes;població;;811
2016;Sarral;total;dones;població;;776
2016;Sarral;total;total;població;;1587
2016;Sarrià de Ter;total;homes;població;;2498
2016;Sarrià de Ter;total;dones;població;;2537
2016;Sarrià de Ter;total;total;població;;5035
2016;Sarroca de Bellera;total;homes;població;;69
2016;Sarroca de Bellera;total;dones;població;;48
2016;Sarroca de Bellera;total;total;població;;117
2016;Sarroca de Lleida;total;homes;població;;204
2016;Sarroca de Lleida;total;dones;població;;170
2016;Sarroca de Lleida;total;total;població;;374
2016;Saus, Camallera i Llampaies;total;homes;població;;419
2016;Saus, Camallera i Llampaies;total;dones;població;;423
2016;Saus, Camallera i Llampaies;total;total;població;;842
2016;Savallà del Comtat;total;homes;població;;29
2016;Savallà del Comtat;total;dones;població;;30
2016;Savallà del Comtat;total;total;població;;59
2016;Secuita, la;total;homes;població;;850
2016;Secuita, la;total;dones;població;;842
2016;Secuita, la;total;total;població;;1692
2016;Selva de Mar, la;total;homes;població;;106
2016;Selva de Mar, la;total;dones;població;;82
2016;Selva de Mar, la;total;total;població;;188
2016;Selva del Camp, la;total;homes;població;;2813
2016;Selva del Camp, la;total;dones;població;;2778
2016;Selva del Camp, la;total;total;població;;5591
2016;Senan;total;homes;població;;33
2016;Senan;total;dones;població;;18
2016;Senan;total;total;població;;51
2016;Sénia, la;total;homes;població;;2835
2016;Sénia, la;total;dones;població;;2819
2016;Sénia, la;total;total;població;;5654
2016;Senterada;total;homes;població;;80
2016;Senterada;total;dones;població;;53
2016;Senterada;total;total;població;;133
2016;Sentiu de Sió, la;total;homes;població;;239
2016;Sentiu de Sió, la;total;dones;població;;223
2016;Sentiu de Sió, la;total;total;població;;462
2016;Sentmenat;total;homes;població;;4391
2016;Sentmenat;total;dones;població;;4309
2016;Sentmenat;total;total;població;;8700
2016;Serinyà;total;homes;població;;580
2016;Serinyà;total;dones;població;;552
2016;Serinyà;total;total;població;;1132
2016;Seròs;total;homes;població;;1035
2016;Seròs;total;dones;població;;877
2016;Seròs;total;total;població;;1912
2016;Serra de Daró;total;homes;població;;116
2016;Serra de Daró;total;dones;població;;93
2016;Serra de Daró;total;total;població;;209
2016;Setcases;total;homes;població;;98
2016;Setcases;total;dones;població;;83
2016;Setcases;total;total;població;;181
2016;Seu d'Urgell, la;total;homes;població;;5864
2016;Seu d'Urgell, la;total;dones;població;;6321
2016;Seu d'Urgell, la;total;total;població;;12185
2016;Seva;total;homes;població;;1734
2016;Seva;total;dones;població;;1712
2016;Seva;total;total;població;;3446
2016;Sidamon;total;homes;població;;383
2016;Sidamon;total;dones;població;;351
2016;Sidamon;total;total;població;;734
2016;Sils;total;homes;població;;3000
2016;Sils;total;dones;població;;2910
2016;Sils;total;total;població;;5910
2016;Sitges;total;homes;població;;14232
2016;Sitges;total;dones;població;;14246
2016;Sitges;total;total;població;;28478
2016;Siurana;total;homes;població;;72
2016;Siurana;total;dones;població;;83
2016;Siurana;total;total;població;;155
2016;Sobremunt;total;homes;població;;33
2016;Sobremunt;total;dones;població;;50
2016;Sobremunt;total;total;població;;83
2016;Soleràs, el;total;homes;població;;181
2016;Soleràs, el;total;dones;població;;169
2016;Soleràs, el;total;total;població;;350
2016;Solivella;total;homes;població;;314
2016;Solivella;total;dones;població;;305
2016;Solivella;total;total;població;;619
2016;Solsona;total;homes;població;;4425
2016;Solsona;total;dones;població;;4489
2016;Solsona;total;total;població;;8914
2016;Sora;total;homes;població;;106
2016;Sora;total;dones;població;;83
2016;Sora;total;total;població;;189
2016;Soriguera;total;homes;població;;221
2016;Soriguera;total;dones;població;;187
2016;Soriguera;total;total;població;;408
2016;Sort;total;homes;població;;1068
2016;Sort;total;dones;població;;1077
2016;Sort;total;total;població;;2145
2016;Soses;total;homes;població;;880
2016;Soses;total;dones;població;;818
2016;Soses;total;total;població;;1698
2016;Subirats;total;homes;població;;1554
2016;Subirats;total;dones;població;;1443
2016;Subirats;total;total;població;;2997
2016;Sudanell;total;homes;població;;481
2016;Sudanell;total;dones;població;;386
2016;Sudanell;total;total;població;;867
2016;Sunyer;total;homes;població;;200
2016;Sunyer;total;dones;població;;150
2016;Sunyer;total;total;població;;350
2016;Súria;total;homes;població;;2841
2016;Súria;total;dones;població;;3032
2016;Súria;total;total;població;;5873
2016;Susqueda;total;homes;població;;57
2016;Susqueda;total;dones;població;;38
2016;Susqueda;total;total;població;;95
2016;Tagamanent;total;homes;població;;170
2016;Tagamanent;total;dones;població;;146
2016;Tagamanent;total;total;població;;316
2016;Talamanca;total;homes;població;;106
2016;Talamanca;total;dones;població;;80
2016;Talamanca;total;total;població;;186
2016;Talarn;total;homes;població;;462
2016;Talarn;total;dones;població;;227
2016;Talarn;total;total;població;;689
2016;Talavera;total;homes;població;;141
2016;Talavera;total;dones;població;;116
2016;Talavera;total;total;població;;257
2016;Tallada d'Empordà, la;total;homes;població;;233
2016;Tallada d'Empordà, la;total;dones;població;;218
2016;Tallada d'Empordà, la;total;total;població;;451
2016;Taradell;total;homes;població;;3138
2016;Taradell;total;dones;població;;3183
2016;Taradell;total;total;població;;6321
2016;Tarragona;total;homes;població;;63798
2016;Tarragona;total;dones;població;;67296
2016;Tarragona;total;total;població;;131094
2016;Tàrrega;total;homes;població;;8192
2016;Tàrrega;total;dones;població;;8289
2016;Tàrrega;total;total;població;;16481
2016;Tarrés;total;homes;població;;57
2016;Tarrés;total;dones;població;;43
2016;Tarrés;total;total;població;;100
2016;Tarroja de Segarra;total;homes;població;;101
2016;Tarroja de Segarra;total;dones;població;;81
2016;Tarroja de Segarra;total;total;població;;182
2016;Tavèrnoles;total;homes;població;;161
2016;Tavèrnoles;total;dones;població;;157
2016;Tavèrnoles;total;total;població;;318
2016;Tavertet;total;homes;població;;62
2016;Tavertet;total;dones;població;;50
2016;Tavertet;total;total;població;;112
2016;Teià;total;homes;població;;3073
2016;Teià;total;dones;població;;3181
2016;Teià;total;total;població;;6254
2016;Térmens;total;homes;població;;760
2016;Térmens;total;dones;població;;766
2016;Térmens;total;total;població;;1526
2016;Terrades;total;homes;població;;140
2016;Terrades;total;dones;població;;145
2016;Terrades;total;total;població;;285
2016;Terrassa;total;homes;població;;105879
2016;Terrassa;total;dones;població;;109242
2016;Terrassa;total;total;població;;215121
2016;Tiana;total;homes;població;;4082
2016;Tiana;total;dones;població;;4471
2016;Tiana;total;total;població;;8553
2016;Tírvia;total;homes;població;;68
2016;Tírvia;total;dones;població;;75
2016;Tírvia;total;total;població;;143
2016;Tiurana;total;homes;població;;35
2016;Tiurana;total;dones;població;;38
2016;Tiurana;total;total;població;;73
2016;Tivenys;total;homes;població;;451
2016;Tivenys;total;dones;població;;436
2016;Tivenys;total;total;població;;887
2016;Tivissa;total;homes;població;;847
2016;Tivissa;total;dones;població;;837
2016;Tivissa;total;total;població;;1684
2016;Tona;total;homes;població;;3930
2016;Tona;total;dones;població;;4021
2016;Tona;total;total;població;;7951
2016;Torà;total;homes;població;;610
2016;Torà;total;dones;població;;605
2016;Torà;total;total;població;;1215
2016;Tordera;total;homes;població;;8343
2016;Tordera;total;dones;població;;8110
2016;Tordera;total;total;població;;16453
2016;Torelló;total;homes;població;;6826
2016;Torelló;total;dones;població;;7051
2016;Torelló;total;total;població;;13877
2016;Torms, els;total;homes;població;;84
2016;Torms, els;total;dones;població;;65
2016;Torms, els;total;total;població;;149
2016;Tornabous;total;homes;població;;473
2016;Tornabous;total;dones;població;;409
2016;Tornabous;total;total;població;;882
2016;Torre de Cabdella, la;total;homes;població;;379
2016;Torre de Cabdella, la;total;dones;població;;369
2016;Torre de Cabdella, la;total;total;població;;748
2016;Torre de Claramunt, la;total;homes;població;;1898
2016;Torre de Claramunt, la;total;dones;població;;1824
2016;Torre de Claramunt, la;total;total;població;;3722
2016;Torre de Fontaubella, la;total;homes;població;;69
2016;Torre de Fontaubella, la;total;dones;població;;65
2016;Torre de Fontaubella, la;total;total;població;;134
2016;Torre de l'Espanyol, la;total;homes;població;;331
2016;Torre de l'Espanyol, la;total;dones;població;;304
2016;Torre de l'Espanyol, la;total;total;població;;635
2016;Torrebesses;total;homes;població;;155
2016;Torrebesses;total;dones;població;;138
2016;Torrebesses;total;total;població;;293
2016;Torredembarra;total;homes;població;;7557
2016;Torredembarra;total;dones;població;;7903
2016;Torredembarra;total;total;població;;15460
2016;Torrefarrera;total;homes;població;;2361
2016;Torrefarrera;total;dones;població;;2269
2016;Torrefarrera;total;total;població;;4630
2016;Torrefeta i Florejacs;total;homes;població;;310
2016;Torrefeta i Florejacs;total;dones;població;;280
2016;Torrefeta i Florejacs;total;total;població;;590
2016;Torregrossa;total;homes;població;;1097
2016;Torregrossa;total;dones;població;;1069
2016;Torregrossa;total;total;població;;2166
2016;Torrelameu;total;homes;població;;401
2016;Torrelameu;total;dones;població;;302
2016;Torrelameu;total;total;població;;703
2016;Torrelavit;total;homes;població;;737
2016;Torrelavit;total;dones;població;;676
2016;Torrelavit;total;total;població;;1413
2016;Torrelles de Foix;total;homes;població;;1171
2016;Torrelles de Foix;total;dones;població;;1030
2016;Torrelles de Foix;total;total;població;;2201
2016;Torrelles de Llobregat;total;homes;població;;2934
2016;Torrelles de Llobregat;total;dones;població;;2999
2016;Torrelles de Llobregat;total;total;població;;5933
2016;Torrent;total;homes;població;;91
2016;Torrent;total;dones;població;;72
2016;Torrent;total;total;població;;163
2016;Torres de Segre;total;homes;població;;1155
2016;Torres de Segre;total;dones;població;;1098
2016;Torres de Segre;total;total;població;;2253
2016;Torre-serona;total;homes;població;;198
2016;Torre-serona;total;dones;població;;181
2016;Torre-serona;total;total;població;;379
2016;Torroella de Fluvià;total;homes;població;;379
2016;Torroella de Fluvià;total;dones;població;;332
2016;Torroella de Fluvià;total;total;població;;711
2016;Torroella de Montgrí;total;homes;població;;5823
2016;Torroella de Montgrí;total;dones;població;;5683
2016;Torroella de Montgrí;total;total;població;;11506
2016;Torroja del Priorat;total;homes;població;;85
2016;Torroja del Priorat;total;dones;població;;68
2016;Torroja del Priorat;total;total;població;;153
2016;Tortellà;total;homes;població;;383
2016;Tortellà;total;dones;població;;398
2016;Tortellà;total;total;població;;781
2016;Tortosa;total;homes;població;;16837
2016;Tortosa;total;dones;població;;16906
2016;Tortosa;total;total;població;;33743
2016;Toses;total;homes;població;;100
2016;Toses;total;dones;població;;66
2016;Toses;total;total;població;;166
2016;Tossa de Mar;total;homes;població;;2788
2016;Tossa de Mar;total;dones;població;;2710
2016;Tossa de Mar;total;total;població;;5498
2016;Tremp;total;homes;població;;2976
2016;Tremp;total;dones;població;;3050
2016;Tremp;total;total;població;;6026
2016;Ullà;total;homes;població;;597
2016;Ullà;total;dones;població;;480
2016;Ullà;total;total;població;;1077
2016;Ullastrell;total;homes;població;;1023
2016;Ullastrell;total;dones;població;;1016
2016;Ullastrell;total;total;població;;2039
2016;Ullastret;total;homes;població;;144
2016;Ullastret;total;dones;població;;144
2016;Ullastret;total;total;població;;288
2016;Ulldecona;total;homes;població;;3271
2016;Ulldecona;total;dones;població;;3097
2016;Ulldecona;total;total;població;;6368
2016;Ulldemolins;total;homes;població;;227
2016;Ulldemolins;total;dones;població;;174
2016;Ulldemolins;total;total;població;;401
2016;Ultramort;total;homes;població;;118
2016;Ultramort;total;dones;població;;92
2016;Ultramort;total;total;població;;210
2016;Urús;total;homes;població;;84
2016;Urús;total;dones;població;;97
2016;Urús;total;total;població;;181
2016;Vacarisses;total;homes;població;;3189
2016;Vacarisses;total;dones;població;;3003
2016;Vacarisses;total;total;població;;6192
2016;Vajol, la;total;homes;població;;48
2016;Vajol, la;total;dones;població;;35
2016;Vajol, la;total;total;població;;83
2016;Vall d'en Bas, la;total;homes;població;;1505
2016;Vall d'en Bas, la;total;dones;població;;1478
2016;Vall d'en Bas, la;total;total;població;;2983
2016;Vall de Bianya, la;total;homes;població;;635
2016;Vall de Bianya, la;total;dones;població;;631
2016;Vall de Bianya, la;total;total;població;;1266
2016;Vall de Boí, la;total;homes;població;;549
2016;Vall de Boí, la;total;dones;població;;473
2016;Vall de Boí, la;total;total;població;;1022
2016;Vall de Cardós;total;homes;població;;194
2016;Vall de Cardós;total;dones;població;;162
2016;Vall de Cardós;total;total;població;;356
2016;Vallbona d'Anoia;total;homes;població;;742
2016;Vallbona d'Anoia;total;dones;població;;670
2016;Vallbona d'Anoia;total;total;població;;1412
2016;Vallbona de les Monges;total;homes;població;;127
2016;Vallbona de les Monges;total;dones;població;;114
2016;Vallbona de les Monges;total;total;població;;241
2016;Vallcebre;total;homes;població;;143
2016;Vallcebre;total;dones;població;;111
2016;Vallcebre;total;total;població;;254
2016;Vallclara;total;homes;població;;62
2016;Vallclara;total;dones;població;;48
2016;Vallclara;total;total;població;;110
2016;Vallfogona de Balaguer;total;homes;població;;924
2016;Vallfogona de Balaguer;total;dones;població;;944
2016;Vallfogona de Balaguer;total;total;població;;1868
2016;Vallfogona de Ripollès;total;homes;població;;111
2016;Vallfogona de Ripollès;total;dones;població;;89
2016;Vallfogona de Ripollès;total;total;població;;200
2016;Vallfogona de Riucorb;total;homes;població;;57
2016;Vallfogona de Riucorb;total;dones;població;;37
2016;Vallfogona de Riucorb;total;total;població;;94
2016;Vallgorguina;total;homes;població;;1409
2016;Vallgorguina;total;dones;població;;1363
2016;Vallgorguina;total;total;població;;2772
2016;Vallirana;total;homes;població;;7331
2016;Vallirana;total;dones;població;;7345
2016;Vallirana;total;total;població;;14676
2016;Vall-llobrega;total;homes;població;;457
2016;Vall-llobrega;total;dones;població;;465
2016;Vall-llobrega;total;total;població;;922
2016;Vallmoll;total;homes;població;;824
2016;Vallmoll;total;dones;població;;821
2016;Vallmoll;total;total;població;;1645
2016;Vallromanes;total;homes;població;;1296
2016;Vallromanes;total;dones;població;;1229
2016;Vallromanes;total;total;població;;2525
2016;Valls;total;homes;població;;12101
2016;Valls;total;dones;població;;12184
2016;Valls;total;total;població;;24285
2016;Valls d'Aguilar, les;total;homes;població;;163
2016;Valls d'Aguilar, les;total;dones;població;;128
2016;Valls d'Aguilar, les;total;total;població;;291
2016;Valls de Valira, les;total;homes;població;;418
2016;Valls de Valira, les;total;dones;població;;399
2016;Valls de Valira, les;total;total;població;;817
2016;Vandellòs i l'Hospitalet de l'Infant;total;homes;població;;3074
2016;Vandellòs i l'Hospitalet de l'Infant;total;dones;població;;3069
2016;Vandellòs i l'Hospitalet de l'Infant;total;total;població;;6143
2016;Vansa i Fórnols, la;total;homes;població;;103
2016;Vansa i Fórnols, la;total;dones;població;;97
2016;Vansa i Fórnols, la;total;total;població;;200
2016;Veciana;total;homes;població;;95
2016;Veciana;total;dones;població;;78
2016;Veciana;total;total;població;;173
2016;Vendrell, el;total;homes;població;;18162
2016;Vendrell, el;total;dones;població;;18320
2016;Vendrell, el;total;total;població;;36482
2016;Ventalló;total;homes;població;;403
2016;Ventalló;total;dones;població;;399
2016;Ventalló;total;total;població;;802
2016;Verdú;total;homes;població;;443
2016;Verdú;total;dones;població;;490
2016;Verdú;total;total;població;;933
2016;Verges;total;homes;població;;559
2016;Verges;total;dones;població;;591
2016;Verges;total;total;població;;1150
2016;Vespella de Gaià;total;homes;població;;231
2016;Vespella de Gaià;total;dones;població;;190
2016;Vespella de Gaià;total;total;població;;421
2016;Vic;total;homes;població;;21590
2016;Vic;total;dones;població;;21697
2016;Vic;total;total;població;;43287
2016;Vidrà;total;homes;població;;91
2016;Vidrà;total;dones;població;;85
2016;Vidrà;total;total;població;;176
2016;Vidreres;total;homes;població;;3949
2016;Vidreres;total;dones;població;;3683
2016;Vidreres;total;total;població;;7632
2016;Vielha e Mijaran;total;homes;població;;2772
2016;Vielha e Mijaran;total;dones;població;;2687
2016;Vielha e Mijaran;total;total;població;;5459
2016;Vilabella;total;homes;població;;393
2016;Vilabella;total;dones;població;;367
2016;Vilabella;total;total;població;;760
2016;Vilabertran;total;homes;població;;467
2016;Vilabertran;total;dones;població;;452
2016;Vilabertran;total;total;població;;919
2016;Vilablareix;total;homes;població;;1302
2016;Vilablareix;total;dones;població;;1334
2016;Vilablareix;total;total;població;;2636
2016;Vilada;total;homes;població;;228
2016;Vilada;total;dones;població;;202
2016;Vilada;total;total;població;;430
2016;Viladamat;total;homes;població;;238
2016;Viladamat;total;dones;població;;228
2016;Viladamat;total;total;població;;466
2016;Viladasens;total;homes;població;;114
2016;Viladasens;total;dones;població;;110
2016;Viladasens;total;total;població;;224
2016;Viladecans;total;homes;població;;32673
2016;Viladecans;total;dones;població;;33106
2016;Viladecans;total;total;població;;65779
2016;Viladecavalls;total;homes;població;;3663
2016;Viladecavalls;total;dones;població;;3691
2016;Viladecavalls;total;total;població;;7354
2016;Vilademuls;total;homes;població;;426
2016;Vilademuls;total;dones;població;;382
2016;Vilademuls;total;total;població;;808
2016;Viladrau;total;homes;població;;518
2016;Viladrau;total;dones;població;;512
2016;Viladrau;total;total;població;;1030
2016;Vilafant;total;homes;població;;2689
2016;Vilafant;total;dones;població;;2777
2016;Vilafant;total;total;població;;5466
2016;Vilafranca del Penedès;total;homes;població;;19255
2016;Vilafranca del Penedès;total;dones;població;;20110
2016;Vilafranca del Penedès;total;total;població;;39365
2016;Vilagrassa;total;homes;població;;264
2016;Vilagrassa;total;dones;població;;246
2016;Vilagrassa;total;total;població;;510
2016;Vilajuïga;total;homes;població;;570
2016;Vilajuïga;total;dones;població;;585
2016;Vilajuïga;total;total;població;;1155
2016;Vilalba dels Arcs;total;homes;població;;331
2016;Vilalba dels Arcs;total;dones;població;;327
2016;Vilalba dels Arcs;total;total;població;;658
2016;Vilalba Sasserra;total;homes;població;;341
2016;Vilalba Sasserra;total;dones;població;;343
2016;Vilalba Sasserra;total;total;població;;684
2016;Vilaller;total;homes;població;;295
2016;Vilaller;total;dones;població;;257
2016;Vilaller;total;total;població;;552
2016;Vilallonga de Ter;total;homes;població;;204
2016;Vilallonga de Ter;total;dones;població;;196
2016;Vilallonga de Ter;total;total;població;;400
2016;Vilallonga del Camp;total;homes;població;;1158
2016;Vilallonga del Camp;total;dones;població;;1097
2016;Vilallonga del Camp;total;total;població;;2255
2016;Vilamacolum;total;homes;població;;163
2016;Vilamacolum;total;dones;població;;157
2016;Vilamacolum;total;total;població;;320
2016;Vilamalla;total;homes;població;;567
2016;Vilamalla;total;dones;població;;554
2016;Vilamalla;total;total;població;;1121
2016;Vilamaniscle;total;homes;població;;109
2016;Vilamaniscle;total;dones;població;;93
2016;Vilamaniscle;total;total;població;;202
2016;Vilamòs;total;homes;població;;81
2016;Vilamòs;total;dones;població;;70
2016;Vilamòs;total;total;població;;151
2016;Vilanant;total;homes;població;;206
2016;Vilanant;total;dones;població;;199
2016;Vilanant;total;total;població;;405
2016;Vilanova d'Escornalbou;total;homes;població;;286
2016;Vilanova d'Escornalbou;total;dones;població;;256
2016;Vilanova d'Escornalbou;total;total;població;;542
2016;Vilanova de Bellpuig;total;homes;població;;602
2016;Vilanova de Bellpuig;total;dones;població;;566
2016;Vilanova de Bellpuig;total;total;població;;1168
2016;Vilanova de l'Aguda;total;homes;població;;105
2016;Vilanova de l'Aguda;total;dones;població;;108
2016;Vilanova de l'Aguda;total;total;població;;213
2016;Vilanova de la Barca;total;homes;població;;535
2016;Vilanova de la Barca;total;dones;població;;519
2016;Vilanova de la Barca;total;total;població;;1054
2016;Vilanova de Meià;total;homes;població;;232
2016;Vilanova de Meià;total;dones;població;;182
2016;Vilanova de Meià;total;total;població;;414
2016;Vilanova de Prades;total;homes;població;;62
2016;Vilanova de Prades;total;dones;població;;56
2016;Vilanova de Prades;total;total;població;;118
2016;Vilanova de Sau;total;homes;població;;153
2016;Vilanova de Sau;total;dones;població;;156
2016;Vilanova de Sau;total;total;població;;309
2016;Vilanova de Segrià;total;homes;població;;498
2016;Vilanova de Segrià;total;dones;població;;443
2016;Vilanova de Segrià;total;total;població;;941
2016;Vilanova del Camí;total;homes;població;;6218
2016;Vilanova del Camí;total;dones;població;;6191
2016;Vilanova del Camí;total;total;població;;12409
2016;Vilanova del Vallès;total;homes;població;;2637
2016;Vilanova del Vallès;total;dones;població;;2580
2016;Vilanova del Vallès;total;total;població;;5217
2016;Vilanova i la Geltrú;total;homes;població;;31973
2016;Vilanova i la Geltrú;total;dones;població;;33999
2016;Vilanova i la Geltrú;total;total;població;;65972
2016;Vilaplana;total;homes;població;;302
2016;Vilaplana;total;dones;població;;288
2016;Vilaplana;total;total;població;;590
2016;Vila-rodona;total;homes;població;;647
2016;Vila-rodona;total;dones;població;;608
2016;Vila-rodona;total;total;població;;1255
2016;Vila-sacra;total;homes;població;;341
2016;Vila-sacra;total;dones;població;;372
2016;Vila-sacra;total;total;població;;713
2016;Vila-sana;total;homes;població;;364
2016;Vila-sana;total;dones;població;;368
2016;Vila-sana;total;total;població;;732
2016;Vila-seca;total;homes;població;;11021
2016;Vila-seca;total;dones;població;;10914
2016;Vila-seca;total;total;població;;21935
2016;Vilassar de Dalt;total;homes;població;;4411
2016;Vilassar de Dalt;total;dones;població;;4542
2016;Vilassar de Dalt;total;total;població;;8953
2016;Vilassar de Mar;total;homes;població;;9970
2016;Vilassar de Mar;total;dones;població;;10708
2016;Vilassar de Mar;total;total;població;;20678
2016;Vilaür;total;homes;població;;79
2016;Vilaür;total;dones;població;;77
2016;Vilaür;total;total;població;;156
2016;Vilaverd;total;homes;població;;235
2016;Vilaverd;total;dones;població;;217
2016;Vilaverd;total;total;població;;452
2016;Vilella Alta, la;total;homes;població;;73
2016;Vilella Alta, la;total;dones;població;;62
2016;Vilella Alta, la;total;total;població;;135
2016;Vilella Baixa, la;total;homes;població;;106
2016;Vilella Baixa, la;total;dones;població;;87
2016;Vilella Baixa, la;total;total;població;;193
2016;Vilobí d'Onyar;total;homes;població;;1635
2016;Vilobí d'Onyar;total;dones;població;;1528
2016;Vilobí d'Onyar;total;total;població;;3163
2016;Vilobí del Penedès;total;homes;població;;579
2016;Vilobí del Penedès;total;dones;població;;524
2016;Vilobí del Penedès;total;total;població;;1103
2016;Vilopriu;total;homes;població;;108
2016;Vilopriu;total;dones;població;;93
2016;Vilopriu;total;total;població;;201
2016;Vilosell, el;total;homes;població;;91
2016;Vilosell, el;total;dones;població;;94
2016;Vilosell, el;total;total;població;;185
2016;Vimbodí i Poblet;total;homes;població;;528
2016;Vimbodí i Poblet;total;dones;població;;426
2016;Vimbodí i Poblet;total;total;població;;954
2016;Vinaixa;total;homes;població;;257
2016;Vinaixa;total;dones;població;;242
2016;Vinaixa;total;total;població;;499
2016;Vinebre;total;homes;població;;215
2016;Vinebre;total;dones;població;;215
2016;Vinebre;total;total;població;;430
2016;Vinyols i els Arcs;total;homes;població;;994
2016;Vinyols i els Arcs;total;dones;població;;924
2016;Vinyols i els Arcs;total;total;població;;1918
2016;Viver i Serrateix;total;homes;població;;86
2016;Viver i Serrateix;total;dones;població;;76
2016;Viver i Serrateix;total;total;població;;162
2016;Xerta;total;homes;població;;574
2016;Xerta;total;dones;població;;616
2016;Xerta;total;total;població;;1190
2016;Catalunya;total;homes;població;;3697368
2016;Catalunya;total;dones;població;;3825228
2016;Catalunya;total;total;població;;7522596
