any;municipi;edat any a any;sexe;concepte;estat;valor
2007;Abella de la Conca;total;homes;població;;102
2007;Abella de la Conca;total;dones;població;;86
2007;Abella de la Conca;total;total;població;;188
2007;Abrera;total;homes;població;;5648
2007;Abrera;total;dones;població;;5192
2007;Abrera;total;total;població;;10840
2007;Àger;total;homes;població;;302
2007;Àger;total;dones;població;;253
2007;Àger;total;total;població;;555
2007;Agramunt;total;homes;població;;2845
2007;Agramunt;total;dones;població;;2589
2007;Agramunt;total;total;població;;5434
2007;Aguilar de Segarra;total;homes;població;;131
2007;Aguilar de Segarra;total;dones;població;;121
2007;Aguilar de Segarra;total;total;població;;252
2007;Agullana;total;homes;població;;397
2007;Agullana;total;dones;població;;356
2007;Agullana;total;total;població;;753
2007;Aiguafreda;total;homes;població;;1144
2007;Aiguafreda;total;dones;població;;1231
2007;Aiguafreda;total;total;població;;2375
2007;Aiguamúrcia;total;homes;població;;460
2007;Aiguamúrcia;total;dones;població;;404
2007;Aiguamúrcia;total;total;població;;864
2007;Aiguaviva;total;homes;població;;310
2007;Aiguaviva;total;dones;població;;304
2007;Aiguaviva;total;total;població;;614
2007;Aitona;total;homes;població;;1239
2007;Aitona;total;dones;població;;1137
2007;Aitona;total;total;població;;2376
2007;Alamús, els;total;homes;població;;370
2007;Alamús, els;total;dones;població;;352
2007;Alamús, els;total;total;població;;722
2007;Alàs i Cerc;total;homes;població;;210
2007;Alàs i Cerc;total;dones;població;;186
2007;Alàs i Cerc;total;total;població;;396
2007;Albagés, l';total;homes;població;;260
2007;Albagés, l';total;dones;població;;230
2007;Albagés, l';total;total;població;;490
2007;Albanyà;total;homes;població;;70
2007;Albanyà;total;dones;població;;67
2007;Albanyà;total;total;població;;137
2007;Albatàrrec;total;homes;població;;871
2007;Albatàrrec;total;dones;població;;768
2007;Albatàrrec;total;total;població;;1639
2007;Albesa;total;homes;població;;805
2007;Albesa;total;dones;població;;770
2007;Albesa;total;total;població;;1575
2007;Albi, l';total;homes;població;;428
2007;Albi, l';total;dones;població;;411
2007;Albi, l';total;total;població;;839
2007;Albinyana;total;homes;població;;1119
2007;Albinyana;total;dones;població;;1081
2007;Albinyana;total;total;població;;2200
2007;Albiol, l';total;homes;població;;196
2007;Albiol, l';total;dones;població;;181
2007;Albiol, l';total;total;població;;377
2007;Albons;total;homes;població;;327
2007;Albons;total;dones;població;;298
2007;Albons;total;total;població;;625
2007;Alcanar;total;homes;població;;5137
2007;Alcanar;total;dones;població;;4832
2007;Alcanar;total;total;població;;9969
2007;Alcanó;total;homes;població;;122
2007;Alcanó;total;dones;població;;127
2007;Alcanó;total;total;població;;249
2007;Alcarràs;total;homes;població;;3345
2007;Alcarràs;total;dones;població;;3165
2007;Alcarràs;total;total;població;;6510
2007;Alcoletge;total;homes;població;;1214
2007;Alcoletge;total;dones;població;;1075
2007;Alcoletge;total;total;població;;2289
2007;Alcover;total;homes;població;;2437
2007;Alcover;total;dones;població;;2294
2007;Alcover;total;total;població;;4731
2007;Aldea, l';total;homes;població;;2083
2007;Aldea, l';total;dones;població;;1844
2007;Aldea, l';total;total;població;;3927
2007;Aldover;total;homes;població;;461
2007;Aldover;total;dones;població;;485
2007;Aldover;total;total;població;;946
2007;Aleixar, l';total;homes;població;;441
2007;Aleixar, l';total;dones;població;;421
2007;Aleixar, l';total;total;població;;862
2007;Alella;total;homes;població;;4433
2007;Alella;total;dones;població;;4565
2007;Alella;total;total;població;;8998
2007;Alfara de Carles;total;homes;població;;211
2007;Alfara de Carles;total;dones;població;;178
2007;Alfara de Carles;total;total;població;;389
2007;Alfarràs;total;homes;població;;1676
2007;Alfarràs;total;dones;població;;1552
2007;Alfarràs;total;total;població;;3228
2007;Alfés;total;homes;població;;175
2007;Alfés;total;dones;població;;154
2007;Alfés;total;total;població;;329
2007;Alforja;total;homes;població;;902
2007;Alforja;total;dones;població;;828
2007;Alforja;total;total;població;;1730
2007;Algerri;total;homes;població;;244
2007;Algerri;total;dones;població;;233
2007;Algerri;total;total;població;;477
2007;Alguaire;total;homes;població;;1590
2007;Alguaire;total;dones;població;;1465
2007;Alguaire;total;total;població;;3055
2007;Alins;total;homes;població;;131
2007;Alins;total;dones;població;;126
2007;Alins;total;total;població;;257
2007;Alió;total;homes;població;;189
2007;Alió;total;dones;població;;179
2007;Alió;total;total;població;;368
2007;Almacelles;total;homes;població;;3216
2007;Almacelles;total;dones;població;;2915
2007;Almacelles;total;total;població;;6131
2007;Almatret;total;homes;població;;221
2007;Almatret;total;dones;població;;203
2007;Almatret;total;total;població;;424
2007;Almenar;total;homes;població;;1878
2007;Almenar;total;dones;població;;1718
2007;Almenar;total;total;població;;3596
2007;Almoster;total;homes;població;;653
2007;Almoster;total;dones;població;;633
2007;Almoster;total;total;població;;1286
2007;Alòs de Balaguer;total;homes;població;;91
2007;Alòs de Balaguer;total;dones;població;;65
2007;Alòs de Balaguer;total;total;població;;156
2007;Alp;total;homes;població;;823
2007;Alp;total;dones;població;;753
2007;Alp;total;total;població;;1576
2007;Alpens;total;homes;població;;167
2007;Alpens;total;dones;població;;136
2007;Alpens;total;total;població;;303
2007;Alpicat;total;homes;població;;2829
2007;Alpicat;total;dones;població;;2819
2007;Alpicat;total;total;població;;5648
2007;Alt Àneu;total;homes;població;;256
2007;Alt Àneu;total;dones;població;;194
2007;Alt Àneu;total;total;població;;450
2007;Altafulla;total;homes;població;;2210
2007;Altafulla;total;dones;població;;2205
2007;Altafulla;total;total;població;;4415
2007;Amer;total;homes;població;;1132
2007;Amer;total;dones;població;;1134
2007;Amer;total;total;població;;2266
2007;Ametlla de Mar, l';total;homes;població;;3630
2007;Ametlla de Mar, l';total;dones;població;;3441
2007;Ametlla de Mar, l';total;total;població;;7071
2007;Ametlla del Vallès, l';total;homes;població;;3833
2007;Ametlla del Vallès, l';total;dones;població;;3799
2007;Ametlla del Vallès, l';total;total;població;;7632
2007;Ampolla, l';total;homes;població;;1365
2007;Ampolla, l';total;dones;població;;1297
2007;Ampolla, l';total;total;població;;2662
2007;Amposta;total;homes;població;;10058
2007;Amposta;total;dones;població;;9747
2007;Amposta;total;total;població;;19805
2007;Anglès;total;homes;població;;2697
2007;Anglès;total;dones;població;;2584
2007;Anglès;total;total;població;;5281
2007;Anglesola;total;homes;població;;658
2007;Anglesola;total;dones;població;;649
2007;Anglesola;total;total;població;;1307
2007;Arbeca;total;homes;població;;1255
2007;Arbeca;total;dones;població;;1176
2007;Arbeca;total;total;població;;2431
2007;Arboç, l';total;homes;població;;2735
2007;Arboç, l';total;dones;població;;2328
2007;Arboç, l';total;total;població;;5063
2007;Arbolí;total;homes;població;;61
2007;Arbolí;total;dones;població;;52
2007;Arbolí;total;total;població;;113
2007;Arbúcies;total;homes;població;;3340
2007;Arbúcies;total;dones;població;;2931
2007;Arbúcies;total;total;població;;6271
2007;Arenys de Mar;total;homes;població;;6926
2007;Arenys de Mar;total;dones;població;;7238
2007;Arenys de Mar;total;total;població;;14164
2007;Arenys de Munt;total;homes;població;;3905
2007;Arenys de Munt;total;dones;població;;3902
2007;Arenys de Munt;total;total;població;;7807
2007;Argelaguer;total;homes;població;;221
2007;Argelaguer;total;dones;població;;202
2007;Argelaguer;total;total;població;;423
2007;Argençola;total;homes;població;;135
2007;Argençola;total;dones;població;;94
2007;Argençola;total;total;població;;229
2007;Argentera, l';total;homes;població;;85
2007;Argentera, l';total;dones;població;;58
2007;Argentera, l';total;total;població;;143
2007;Argentona;total;homes;població;;5661
2007;Argentona;total;dones;població;;5741
2007;Argentona;total;total;població;;11402
2007;Armentera, l';total;homes;població;;384
2007;Armentera, l';total;dones;població;;399
2007;Armentera, l';total;total;població;;783
2007;Arnes;total;homes;població;;260
2007;Arnes;total;dones;població;;237
2007;Arnes;total;total;població;;497
2007;Arres;total;homes;població;;44
2007;Arres;total;dones;població;;21
2007;Arres;total;total;població;;65
2007;Arsèguel;total;homes;població;;49
2007;Arsèguel;total;dones;població;;48
2007;Arsèguel;total;total;població;;97
2007;Artés;total;homes;població;;2606
2007;Artés;total;dones;població;;2573
2007;Artés;total;total;població;;5179
2007;Artesa de Lleida;total;homes;població;;756
2007;Artesa de Lleida;total;dones;població;;696
2007;Artesa de Lleida;total;total;població;;1452
2007;Artesa de Segre;total;homes;població;;1950
2007;Artesa de Segre;total;dones;població;;1787
2007;Artesa de Segre;total;total;població;;3737
2007;Ascó;total;homes;població;;817
2007;Ascó;total;dones;població;;799
2007;Ascó;total;total;població;;1616
2007;Aspa;total;homes;població;;138
2007;Aspa;total;dones;població;;127
2007;Aspa;total;total;població;;265
2007;Avellanes i Santa Linya, les;total;homes;població;;266
2007;Avellanes i Santa Linya, les;total;dones;població;;207
2007;Avellanes i Santa Linya, les;total;total;població;;473
2007;Avià;total;homes;població;;1049
2007;Avià;total;dones;població;;1059
2007;Avià;total;total;població;;2108
2007;Avinyó;total;homes;població;;1101
2007;Avinyó;total;dones;població;;1089
2007;Avinyó;total;total;població;;2190
2007;Avinyonet de Puigventós;total;homes;població;;712
2007;Avinyonet de Puigventós;total;dones;població;;649
2007;Avinyonet de Puigventós;total;total;població;;1361
2007;Avinyonet del Penedès;total;homes;població;;854
2007;Avinyonet del Penedès;total;dones;població;;734
2007;Avinyonet del Penedès;total;total;població;;1588
2007;Badalona;total;homes;població;;108323
2007;Badalona;total;dones;població;;107878
2007;Badalona;total;total;població;;216201
2007;Badia del Vallès;total;homes;població;;6883
2007;Badia del Vallès;total;dones;població;;7092
2007;Badia del Vallès;total;total;població;;13975
2007;Bagà;total;homes;població;;1120
2007;Bagà;total;dones;població;;1128
2007;Bagà;total;total;població;;2248
2007;Baix Pallars;total;homes;població;;226
2007;Baix Pallars;total;dones;població;;180
2007;Baix Pallars;total;total;població;;406
2007;Balaguer;total;homes;població;;7971
2007;Balaguer;total;dones;població;;7810
2007;Balaguer;total;total;població;;15781
2007;Balenyà;total;homes;població;;1799
2007;Balenyà;total;dones;població;;1782
2007;Balenyà;total;total;població;;3581
2007;Balsareny;total;homes;població;;1715
2007;Balsareny;total;dones;població;;1695
2007;Balsareny;total;total;població;;3410
2007;Banyeres del Penedès;total;homes;població;;1393
2007;Banyeres del Penedès;total;dones;població;;1303
2007;Banyeres del Penedès;total;total;població;;2696
2007;Banyoles;total;homes;població;;8687
2007;Banyoles;total;dones;població;;8764
2007;Banyoles;total;total;població;;17451
2007;Barbens;total;homes;població;;452
2007;Barbens;total;dones;població;;384
2007;Barbens;total;total;població;;836
2007;Barberà de la Conca;total;homes;població;;276
2007;Barberà de la Conca;total;dones;població;;237
2007;Barberà de la Conca;total;total;població;;513
2007;Barberà del Vallès;total;homes;població;;14575
2007;Barberà del Vallès;total;dones;població;;14633
2007;Barberà del Vallès;total;total;població;;29208
2007;Barcelona;total;homes;població;;755370
2007;Barcelona;total;dones;població;;839740
2007;Barcelona;total;total;població;;1595110
2007;Baronia de Rialb, la;total;homes;població;;155
2007;Baronia de Rialb, la;total;dones;població;;130
2007;Baronia de Rialb, la;total;total;població;;285
2007;Bàscara;total;homes;població;;490
2007;Bàscara;total;dones;població;;425
2007;Bàscara;total;total;població;;915
2007;Bassella;total;homes;població;;132
2007;Bassella;total;dones;població;;123
2007;Bassella;total;total;població;;255
2007;Batea;total;homes;població;;1084
2007;Batea;total;dones;població;;1028
2007;Batea;total;total;població;;2112
2007;Bausen;total;homes;població;;38
2007;Bausen;total;dones;població;;23
2007;Bausen;total;total;població;;61
2007;Begues;total;homes;població;;2943
2007;Begues;total;dones;població;;2955
2007;Begues;total;total;població;;5898
2007;Begur;total;homes;població;;2093
2007;Begur;total;dones;població;;1993
2007;Begur;total;total;població;;4086
2007;Belianes;total;homes;població;;297
2007;Belianes;total;dones;població;;283
2007;Belianes;total;total;població;;580
2007;Bellaguarda;total;homes;població;;184
2007;Bellaguarda;total;dones;població;;169
2007;Bellaguarda;total;total;població;;353
2007;Bellcaire d'Empordà;total;homes;població;;308
2007;Bellcaire d'Empordà;total;dones;població;;343
2007;Bellcaire d'Empordà;total;total;població;;651
2007;Bellcaire d'Urgell;total;homes;població;;628
2007;Bellcaire d'Urgell;total;dones;població;;661
2007;Bellcaire d'Urgell;total;total;població;;1289
2007;Bell-lloc d'Urgell;total;homes;població;;1177
2007;Bell-lloc d'Urgell;total;dones;població;;1195
2007;Bell-lloc d'Urgell;total;total;població;;2372
2007;Bellmunt d'Urgell;total;homes;població;;104
2007;Bellmunt d'Urgell;total;dones;població;;109
2007;Bellmunt d'Urgell;total;total;població;;213
2007;Bellmunt del Priorat;total;homes;població;;164
2007;Bellmunt del Priorat;total;dones;població;;172
2007;Bellmunt del Priorat;total;total;població;;336
2007;Bellprat;total;homes;població;;53
2007;Bellprat;total;dones;població;;40
2007;Bellprat;total;total;població;;93
2007;Bellpuig;total;homes;població;;2371
2007;Bellpuig;total;dones;població;;2205
2007;Bellpuig;total;total;població;;4576
2007;Bellvei;total;homes;població;;978
2007;Bellvei;total;dones;població;;862
2007;Bellvei;total;total;població;;1840
2007;Bellver de Cerdanya;total;homes;població;;1064
2007;Bellver de Cerdanya;total;dones;població;;950
2007;Bellver de Cerdanya;total;total;població;;2014
2007;Bellvís;total;homes;població;;1243
2007;Bellvís;total;dones;població;;1185
2007;Bellvís;total;total;població;;2428
2007;Benavent de Segrià;total;homes;població;;721
2007;Benavent de Segrià;total;dones;població;;644
2007;Benavent de Segrià;total;total;població;;1365
2007;Benifallet;total;homes;població;;405
2007;Benifallet;total;dones;població;;403
2007;Benifallet;total;total;població;;808
2007;Benissanet;total;homes;població;;666
2007;Benissanet;total;dones;població;;583
2007;Benissanet;total;total;població;;1249
2007;Berga;total;homes;població;;8246
2007;Berga;total;dones;població;;8350
2007;Berga;total;total;població;;16596
2007;Besalú;total;homes;població;;1114
2007;Besalú;total;dones;població;;1151
2007;Besalú;total;total;població;;2265
2007;Bescanó;total;homes;població;;2075
2007;Bescanó;total;dones;població;;2046
2007;Bescanó;total;total;població;;4121
2007;Beuda;total;homes;població;;78
2007;Beuda;total;dones;població;;75
2007;Beuda;total;total;població;;153
2007;Bigues i Riells del Fai;total;homes;població;;4013
2007;Bigues i Riells del Fai;total;dones;població;;3794
2007;Bigues i Riells del Fai;total;total;població;;7807
2007;Biosca;total;homes;població;;121
2007;Biosca;total;dones;població;;107
2007;Biosca;total;total;població;;228
2007;Bisbal d'Empordà, la;total;homes;població;;4819
2007;Bisbal d'Empordà, la;total;dones;població;;4774
2007;Bisbal d'Empordà, la;total;total;població;;9593
2007;Bisbal de Montsant, la;total;homes;població;;127
2007;Bisbal de Montsant, la;total;dones;població;;118
2007;Bisbal de Montsant, la;total;total;població;;245
2007;Bisbal del Penedès, la;total;homes;població;;1652
2007;Bisbal del Penedès, la;total;dones;població;;1490
2007;Bisbal del Penedès, la;total;total;població;;3142
2007;Biure;total;homes;població;;124
2007;Biure;total;dones;població;;121
2007;Biure;total;total;població;;245
2007;Blancafort;total;homes;població;;223
2007;Blancafort;total;dones;població;;192
2007;Blancafort;total;total;població;;415
2007;Blanes;total;homes;població;;19399
2007;Blanes;total;dones;població;;18969
2007;Blanes;total;total;població;;38368
2007;Boadella i les Escaules;total;homes;població;;109
2007;Boadella i les Escaules;total;dones;població;;119
2007;Boadella i les Escaules;total;total;població;;228
2007;Bolvir;total;homes;població;;177
2007;Bolvir;total;dones;població;;152
2007;Bolvir;total;total;població;;329
2007;Bonastre;total;homes;població;;310
2007;Bonastre;total;dones;població;;274
2007;Bonastre;total;total;població;;584
2007;Bòrdes, Es;total;homes;població;;127
2007;Bòrdes, Es;total;dones;població;;114
2007;Bòrdes, Es;total;total;població;;241
2007;Bordils;total;homes;població;;834
2007;Bordils;total;dones;població;;791
2007;Bordils;total;total;població;;1625
2007;Borges Blanques, les;total;homes;població;;2906
2007;Borges Blanques, les;total;dones;població;;2828
2007;Borges Blanques, les;total;total;població;;5734
2007;Borges del Camp, les;total;homes;població;;995
2007;Borges del Camp, les;total;dones;població;;970
2007;Borges del Camp, les;total;total;població;;1965
2007;Borrassà;total;homes;població;;316
2007;Borrassà;total;dones;població;;297
2007;Borrassà;total;total;població;;613
2007;Borredà;total;homes;població;;293
2007;Borredà;total;dones;població;;278
2007;Borredà;total;total;població;;571
2007;Bossòst;total;homes;població;;584
2007;Bossòst;total;dones;població;;531
2007;Bossòst;total;total;població;;1115
2007;Bot;total;homes;població;;372
2007;Bot;total;dones;població;;355
2007;Bot;total;total;població;;727
2007;Botarell;total;homes;població;;529
2007;Botarell;total;dones;població;;469
2007;Botarell;total;total;població;;998
2007;Bovera;total;homes;població;;186
2007;Bovera;total;dones;població;;178
2007;Bovera;total;total;població;;364
2007;Bràfim;total;homes;població;;350
2007;Bràfim;total;dones;població;;324
2007;Bràfim;total;total;població;;674
2007;Breda;total;homes;població;;1882
2007;Breda;total;dones;població;;1825
2007;Breda;total;total;població;;3707
2007;Bruc, el;total;homes;població;;930
2007;Bruc, el;total;dones;població;;813
2007;Bruc, el;total;total;població;;1743
2007;Brull, el;total;homes;població;;122
2007;Brull, el;total;dones;població;;105
2007;Brull, el;total;total;població;;227
2007;Brunyola i Sant Martí Sapresa;total;homes;població;;184
2007;Brunyola i Sant Martí Sapresa;total;dones;població;;181
2007;Brunyola i Sant Martí Sapresa;total;total;població;;365
2007;Cabacés;total;homes;població;;182
2007;Cabacés;total;dones;població;;161
2007;Cabacés;total;total;població;;343
2007;Cabanabona;total;homes;població;;49
2007;Cabanabona;total;dones;població;;54
2007;Cabanabona;total;total;població;;103
2007;Cabanelles;total;homes;població;;138
2007;Cabanelles;total;dones;població;;104
2007;Cabanelles;total;total;població;;242
2007;Cabanes;total;homes;població;;481
2007;Cabanes;total;dones;població;;435
2007;Cabanes;total;total;població;;916
2007;Cabanyes, les;total;homes;població;;428
2007;Cabanyes, les;total;dones;població;;414
2007;Cabanyes, les;total;total;població;;842
2007;Cabó;total;homes;població;;59
2007;Cabó;total;dones;població;;45
2007;Cabó;total;total;població;;104
2007;Cabra del Camp;total;homes;població;;537
2007;Cabra del Camp;total;dones;població;;474
2007;Cabra del Camp;total;total;població;;1011
2007;Cabrera d'Anoia;total;homes;població;;628
2007;Cabrera d'Anoia;total;dones;població;;564
2007;Cabrera d'Anoia;total;total;població;;1192
2007;Cabrera de Mar;total;homes;població;;2185
2007;Cabrera de Mar;total;dones;població;;2084
2007;Cabrera de Mar;total;total;població;;4269
2007;Cabrils;total;homes;població;;3296
2007;Cabrils;total;dones;població;;3402
2007;Cabrils;total;total;població;;6698
2007;Cadaqués;total;homes;població;;1384
2007;Cadaqués;total;dones;població;;1422
2007;Cadaqués;total;total;població;;2806
2007;Calaf;total;homes;població;;1809
2007;Calaf;total;dones;població;;1626
2007;Calaf;total;total;població;;3435
2007;Calafell;total;homes;població;;11154
2007;Calafell;total;dones;població;;10717
2007;Calafell;total;total;població;;21871
2007;Calders;total;homes;població;;443
2007;Calders;total;dones;població;;425
2007;Calders;total;total;població;;868
2007;Caldes d'Estrac;total;homes;població;;1294
2007;Caldes d'Estrac;total;dones;població;;1378
2007;Caldes d'Estrac;total;total;població;;2672
2007;Caldes de Malavella;total;homes;població;;3028
2007;Caldes de Malavella;total;dones;població;;3039
2007;Caldes de Malavella;total;total;població;;6067
2007;Caldes de Montbui;total;homes;població;;8108
2007;Caldes de Montbui;total;dones;població;;8051
2007;Caldes de Montbui;total;total;població;;16159
2007;Calella;total;homes;població;;8986
2007;Calella;total;dones;població;;9048
2007;Calella;total;total;població;;18034
2007;Calldetenes;total;homes;població;;1160
2007;Calldetenes;total;dones;població;;1092
2007;Calldetenes;total;total;població;;2252
2007;Callús;total;homes;població;;784
2007;Callús;total;dones;població;;826
2007;Callús;total;total;població;;1610
2007;Calonge de Segarra;total;homes;població;;106
2007;Calonge de Segarra;total;dones;població;;99
2007;Calonge de Segarra;total;total;població;;205
2007;Calonge i Sant Antoni;total;homes;població;;5100
2007;Calonge i Sant Antoni;total;dones;població;;4909
2007;Calonge i Sant Antoni;total;total;població;;10009
2007;Camarasa;total;homes;població;;486
2007;Camarasa;total;dones;població;;447
2007;Camarasa;total;total;població;;933
2007;Camarles;total;homes;població;;1796
2007;Camarles;total;dones;població;;1683
2007;Camarles;total;total;població;;3479
2007;Cambrils;total;homes;població;;14508
2007;Cambrils;total;dones;població;;14604
2007;Cambrils;total;total;població;;29112
2007;Camós;total;homes;població;;351
2007;Camós;total;dones;població;;347
2007;Camós;total;total;població;;698
2007;Campdevànol;total;homes;població;;1783
2007;Campdevànol;total;dones;població;;1736
2007;Campdevànol;total;total;població;;3519
2007;Campelles;total;homes;població;;58
2007;Campelles;total;dones;població;;53
2007;Campelles;total;total;població;;111
2007;Campins;total;homes;població;;192
2007;Campins;total;dones;població;;186
2007;Campins;total;total;població;;378
2007;Campllong;total;homes;població;;201
2007;Campllong;total;dones;població;;199
2007;Campllong;total;total;població;;400
2007;Camprodon;total;homes;població;;1246
2007;Camprodon;total;dones;població;;1270
2007;Camprodon;total;total;població;;2516
2007;Canejan;total;homes;població;;55
2007;Canejan;total;dones;població;;49
2007;Canejan;total;total;població;;104
2007;Canet d'Adri;total;homes;població;;312
2007;Canet d'Adri;total;dones;població;;287
2007;Canet d'Adri;total;total;població;;599
2007;Canet de Mar;total;homes;població;;6510
2007;Canet de Mar;total;dones;població;;6671
2007;Canet de Mar;total;total;població;;13181
2007;Canonja, la;total;homes;població;..; 
2007;Canonja, la;total;dones;població;..; 
2007;Canonja, la;total;total;població;..; 
2007;Canovelles;total;homes;població;;8301
2007;Canovelles;total;dones;població;;7403
2007;Canovelles;total;total;població;;15704
2007;Cànoves i Samalús;total;homes;població;;1361
2007;Cànoves i Samalús;total;dones;població;;1277
2007;Cànoves i Samalús;total;total;població;;2638
2007;Cantallops;total;homes;població;;151
2007;Cantallops;total;dones;població;;144
2007;Cantallops;total;total;població;;295
2007;Canyelles;total;homes;població;;1963
2007;Canyelles;total;dones;població;;1820
2007;Canyelles;total;total;població;;3783
2007;Capafonts;total;homes;població;;64
2007;Capafonts;total;dones;població;;58
2007;Capafonts;total;total;població;;122
2007;Capçanes;total;homes;població;;197
2007;Capçanes;total;dones;població;;204
2007;Capçanes;total;total;població;;401
2007;Capellades;total;homes;població;;2663
2007;Capellades;total;dones;població;;2723
2007;Capellades;total;total;població;;5386
2007;Capmany;total;homes;població;;270
2007;Capmany;total;dones;població;;248
2007;Capmany;total;total;població;;518
2007;Capolat;total;homes;població;;41
2007;Capolat;total;dones;població;;40
2007;Capolat;total;total;població;;81
2007;Cardedeu;total;homes;població;;7832
2007;Cardedeu;total;dones;població;;7943
2007;Cardedeu;total;total;població;;15775
2007;Cardona;total;homes;població;;2532
2007;Cardona;total;dones;població;;2632
2007;Cardona;total;total;població;;5164
2007;Carme;total;homes;població;;425
2007;Carme;total;dones;població;;386
2007;Carme;total;total;població;;811
2007;Caseres;total;homes;població;;150
2007;Caseres;total;dones;població;;157
2007;Caseres;total;total;població;;307
2007;Cassà de la Selva;total;homes;població;;4622
2007;Cassà de la Selva;total;dones;població;;4372
2007;Cassà de la Selva;total;total;població;;8994
2007;Casserres;total;homes;població;;782
2007;Casserres;total;dones;població;;817
2007;Casserres;total;total;població;;1599
2007;Castell d'Aro, Platja d'Aro i s'Agaró;total;homes;població;;4988
2007;Castell d'Aro, Platja d'Aro i s'Agaró;total;dones;població;;4778
2007;Castell d'Aro, Platja d'Aro i s'Agaró;total;total;població;;9766
2007;Castell de l'Areny;total;homes;població;;46
2007;Castell de l'Areny;total;dones;població;;30
2007;Castell de l'Areny;total;total;població;;76
2007;Castell de Mur;total;homes;població;;95
2007;Castell de Mur;total;dones;població;;90
2007;Castell de Mur;total;total;població;;185
2007;Castellar de la Ribera;total;homes;població;;81
2007;Castellar de la Ribera;total;dones;població;;84
2007;Castellar de la Ribera;total;total;població;;165
2007;Castellar de n'Hug;total;homes;població;;109
2007;Castellar de n'Hug;total;dones;població;;112
2007;Castellar de n'Hug;total;total;població;;221
2007;Castellar del Riu;total;homes;població;;76
2007;Castellar del Riu;total;dones;població;;67
2007;Castellar del Riu;total;total;població;;143
2007;Castellar del Vallès;total;homes;població;;11017
2007;Castellar del Vallès;total;dones;població;;10990
2007;Castellar del Vallès;total;total;població;;22007
2007;Castellbell i el Vilar;total;homes;població;;1774
2007;Castellbell i el Vilar;total;dones;població;;1705
2007;Castellbell i el Vilar;total;total;població;;3479
2007;Castellbisbal;total;homes;població;;5931
2007;Castellbisbal;total;dones;població;;5609
2007;Castellbisbal;total;total;població;;11540
2007;Castellcir;total;homes;població;;303
2007;Castellcir;total;dones;població;;281
2007;Castellcir;total;total;població;;584
2007;Castelldans;total;homes;població;;552
2007;Castelldans;total;dones;població;;450
2007;Castelldans;total;total;població;;1002
2007;Castelldefels;total;homes;població;;29532
2007;Castelldefels;total;dones;població;;29423
2007;Castelldefels;total;total;població;;58955
2007;Castellet i la Gornal;total;homes;població;;1057
2007;Castellet i la Gornal;total;dones;població;;987
2007;Castellet i la Gornal;total;total;població;;2044
2007;Castellfollit de la Roca;total;homes;població;;516
2007;Castellfollit de la Roca;total;dones;població;;481
2007;Castellfollit de la Roca;total;total;població;;997
2007;Castellfollit de Riubregós;total;homes;població;;101
2007;Castellfollit de Riubregós;total;dones;població;;93
2007;Castellfollit de Riubregós;total;total;població;;194
2007;Castellfollit del Boix;total;homes;població;;203
2007;Castellfollit del Boix;total;dones;població;;215
2007;Castellfollit del Boix;total;total;població;;418
2007;Castellgalí;total;homes;població;;850
2007;Castellgalí;total;dones;població;;761
2007;Castellgalí;total;total;població;;1611
2007;Castellnou de Bages;total;homes;població;;474
2007;Castellnou de Bages;total;dones;població;;433
2007;Castellnou de Bages;total;total;població;;907
2007;Castellnou de Seana;total;homes;població;;392
2007;Castellnou de Seana;total;dones;població;;358
2007;Castellnou de Seana;total;total;població;;750
2007;Castelló d'Empúries;total;homes;població;;5476
2007;Castelló d'Empúries;total;dones;població;;5153
2007;Castelló d'Empúries;total;total;població;;10629
2007;Castelló de Farfanya;total;homes;població;;303
2007;Castelló de Farfanya;total;dones;població;;276
2007;Castelló de Farfanya;total;total;població;;579
2007;Castellolí;total;homes;població;;222
2007;Castellolí;total;dones;població;;246
2007;Castellolí;total;total;població;;468
2007;Castellserà;total;homes;població;;571
2007;Castellserà;total;dones;població;;547
2007;Castellserà;total;total;població;;1118
2007;Castellterçol;total;homes;població;;1103
2007;Castellterçol;total;dones;població;;1135
2007;Castellterçol;total;total;població;;2238
2007;Castellvell del Camp;total;homes;població;;1256
2007;Castellvell del Camp;total;dones;població;;1218
2007;Castellvell del Camp;total;total;població;;2474
2007;Castellví de la Marca;total;homes;població;;792
2007;Castellví de la Marca;total;dones;població;;804
2007;Castellví de la Marca;total;total;població;;1596
2007;Castellví de Rosanes;total;homes;població;;799
2007;Castellví de Rosanes;total;dones;població;;777
2007;Castellví de Rosanes;total;total;població;;1576
2007;Catllar, el;total;homes;població;;1949
2007;Catllar, el;total;dones;població;;1802
2007;Catllar, el;total;total;població;;3751
2007;Cava;total;homes;població;;33
2007;Cava;total;dones;població;;22
2007;Cava;total;total;població;;55
2007;Cellera de Ter, la;total;homes;població;;1074
2007;Cellera de Ter, la;total;dones;població;;1050
2007;Cellera de Ter, la;total;total;població;;2124
2007;Celrà;total;homes;població;;1952
2007;Celrà;total;dones;població;;1995
2007;Celrà;total;total;població;;3947
2007;Centelles;total;homes;població;;3381
2007;Centelles;total;dones;població;;3528
2007;Centelles;total;total;població;;6909
2007;Cercs;total;homes;població;;678
2007;Cercs;total;dones;població;;653
2007;Cercs;total;total;població;;1331
2007;Cerdanyola del Vallès;total;homes;població;;28564
2007;Cerdanyola del Vallès;total;dones;població;;29194
2007;Cerdanyola del Vallès;total;total;població;;57758
2007;Cervelló;total;homes;població;;4051
2007;Cervelló;total;dones;població;;3893
2007;Cervelló;total;total;població;;7944
2007;Cervera;total;homes;població;;4684
2007;Cervera;total;dones;població;;4409
2007;Cervera;total;total;població;;9093
2007;Cervià de les Garrigues;total;homes;població;;452
2007;Cervià de les Garrigues;total;dones;població;;413
2007;Cervià de les Garrigues;total;total;població;;865
2007;Cervià de Ter;total;homes;població;;422
2007;Cervià de Ter;total;dones;població;;428
2007;Cervià de Ter;total;total;població;;850
2007;Cistella;total;homes;població;;127
2007;Cistella;total;dones;població;;115
2007;Cistella;total;total;població;;242
2007;Ciutadilla;total;homes;població;;129
2007;Ciutadilla;total;dones;població;;98
2007;Ciutadilla;total;total;població;;227
2007;Clariana de Cardener;total;homes;població;;79
2007;Clariana de Cardener;total;dones;població;;68
2007;Clariana de Cardener;total;total;població;;147
2007;Cogul, el;total;homes;població;;119
2007;Cogul, el;total;dones;població;;95
2007;Cogul, el;total;total;població;;214
2007;Colera;total;homes;població;;302
2007;Colera;total;dones;població;;290
2007;Colera;total;total;població;;592
2007;Coll de Nargó;total;homes;població;;333
2007;Coll de Nargó;total;dones;població;;293
2007;Coll de Nargó;total;total;població;;626
2007;Collbató;total;homes;població;;1965
2007;Collbató;total;dones;població;;1815
2007;Collbató;total;total;població;;3780
2007;Colldejou;total;homes;població;;103
2007;Colldejou;total;dones;població;;84
2007;Colldejou;total;total;població;;187
2007;Collsuspina;total;homes;població;;173
2007;Collsuspina;total;dones;població;;150
2007;Collsuspina;total;total;població;;323
2007;Colomers;total;homes;població;;102
2007;Colomers;total;dones;població;;101
2007;Colomers;total;total;població;;203
2007;Coma i la Pedra, la;total;homes;població;;150
2007;Coma i la Pedra, la;total;dones;població;;102
2007;Coma i la Pedra, la;total;total;població;;252
2007;Conca de Dalt;total;homes;població;;222
2007;Conca de Dalt;total;dones;població;;212
2007;Conca de Dalt;total;total;població;;434
2007;Conesa;total;homes;població;;71
2007;Conesa;total;dones;població;;66
2007;Conesa;total;total;població;;137
2007;Constantí;total;homes;població;;3349
2007;Constantí;total;dones;població;;2834
2007;Constantí;total;total;població;;6183
2007;Copons;total;homes;població;;148
2007;Copons;total;dones;població;;159
2007;Copons;total;total;població;;307
2007;Corbera d'Ebre;total;homes;població;;621
2007;Corbera d'Ebre;total;dones;població;;540
2007;Corbera d'Ebre;total;total;població;;1161
2007;Corbera de Llobregat;total;homes;població;;6687
2007;Corbera de Llobregat;total;dones;població;;6446
2007;Corbera de Llobregat;total;total;població;;13133
2007;Corbins;total;homes;població;;717
2007;Corbins;total;dones;població;;623
2007;Corbins;total;total;població;;1340
2007;Corçà;total;homes;població;;622
2007;Corçà;total;dones;població;;633
2007;Corçà;total;total;població;;1255
2007;Cornellà de Llobregat;total;homes;població;;42028
2007;Cornellà de Llobregat;total;dones;població;;42449
2007;Cornellà de Llobregat;total;total;població;;84477
2007;Cornellà del Terri;total;homes;població;;1056
2007;Cornellà del Terri;total;dones;població;;1050
2007;Cornellà del Terri;total;total;població;;2106
2007;Cornudella de Montsant;total;homes;població;;526
2007;Cornudella de Montsant;total;dones;població;;480
2007;Cornudella de Montsant;total;total;població;;1006
2007;Creixell;total;homes;població;;1525
2007;Creixell;total;dones;població;;1427
2007;Creixell;total;total;població;;2952
2007;Crespià;total;homes;població;;130
2007;Crespià;total;dones;població;;117
2007;Crespià;total;total;població;;247
2007;Cruïlles, Monells i Sant Sadurní de l'Heura;total;homes;població;;645
2007;Cruïlles, Monells i Sant Sadurní de l'Heura;total;dones;població;;646
2007;Cruïlles, Monells i Sant Sadurní de l'Heura;total;total;població;;1291
2007;Cubelles;total;homes;població;;6980
2007;Cubelles;total;dones;població;;5793
2007;Cubelles;total;total;població;;12773
2007;Cubells;total;homes;població;;202
2007;Cubells;total;dones;població;;183
2007;Cubells;total;total;població;;385
2007;Cunit;total;homes;població;;5721
2007;Cunit;total;dones;població;;5381
2007;Cunit;total;total;població;;11102
2007;Darnius;total;homes;població;;270
2007;Darnius;total;dones;població;;267
2007;Darnius;total;total;població;;537
2007;Das;total;homes;població;;107
2007;Das;total;dones;població;;86
2007;Das;total;total;població;;193
2007;Deltebre;total;homes;població;;5611
2007;Deltebre;total;dones;població;;5452
2007;Deltebre;total;total;població;;11063
2007;Dosrius;total;homes;població;;2349
2007;Dosrius;total;dones;població;;2309
2007;Dosrius;total;total;població;;4658
2007;Duesaigües;total;homes;població;;137
2007;Duesaigües;total;dones;població;;97
2007;Duesaigües;total;total;població;;234
2007;Escala, l';total;homes;població;;4855
2007;Escala, l';total;dones;població;;4475
2007;Escala, l';total;total;població;;9330
2007;Esparreguera;total;homes;població;;10902
2007;Esparreguera;total;dones;població;;10358
2007;Esparreguera;total;total;població;;21260
2007;Espinelves;total;homes;població;;94
2007;Espinelves;total;dones;població;;89
2007;Espinelves;total;total;població;;183
2007;Espluga Calba, l';total;homes;població;;233
2007;Espluga Calba, l';total;dones;població;;205
2007;Espluga Calba, l';total;total;població;;438
2007;Espluga de Francolí, l';total;homes;població;;1937
2007;Espluga de Francolí, l';total;dones;població;;1954
2007;Espluga de Francolí, l';total;total;població;;3891
2007;Esplugues de Llobregat;total;homes;població;;22690
2007;Esplugues de Llobregat;total;dones;població;;23596
2007;Esplugues de Llobregat;total;total;població;;46286
2007;Espolla;total;homes;població;;196
2007;Espolla;total;dones;població;;208
2007;Espolla;total;total;població;;404
2007;Esponellà;total;homes;població;;213
2007;Esponellà;total;dones;població;;228
2007;Esponellà;total;total;població;;441
2007;Espot;total;homes;població;;196
2007;Espot;total;dones;població;;163
2007;Espot;total;total;població;;359
2007;Espunyola, l';total;homes;població;;129
2007;Espunyola, l';total;dones;població;;131
2007;Espunyola, l';total;total;població;;260
2007;Esquirol, l';total;homes;població;;1135
2007;Esquirol, l';total;dones;població;;1119
2007;Esquirol, l';total;total;població;;2254
2007;Estamariu;total;homes;població;;64
2007;Estamariu;total;dones;població;;58
2007;Estamariu;total;total;població;;122
2007;Estany, l';total;homes;població;;180
2007;Estany, l';total;dones;població;;199
2007;Estany, l';total;total;població;;379
2007;Estaràs;total;homes;població;;101
2007;Estaràs;total;dones;població;;78
2007;Estaràs;total;total;població;;179
2007;Esterri d'Àneu;total;homes;població;;417
2007;Esterri d'Àneu;total;dones;població;;398
2007;Esterri d'Àneu;total;total;població;;815
2007;Esterri de Cardós;total;homes;població;;31
2007;Esterri de Cardós;total;dones;població;;40
2007;Esterri de Cardós;total;total;població;;71
2007;Falset;total;homes;població;;1377
2007;Falset;total;dones;població;;1365
2007;Falset;total;total;població;;2742
2007;Far d'Empordà, el;total;homes;població;;260
2007;Far d'Empordà, el;total;dones;població;;250
2007;Far d'Empordà, el;total;total;població;;510
2007;Farrera;total;homes;població;;66
2007;Farrera;total;dones;població;;46
2007;Farrera;total;total;població;;112
2007;Fatarella, la;total;homes;població;;587
2007;Fatarella, la;total;dones;població;;583
2007;Fatarella, la;total;total;població;;1170
2007;Febró, la;total;homes;població;;35
2007;Febró, la;total;dones;població;;21
2007;Febró, la;total;total;població;;56
2007;Figaró-Montmany;total;homes;població;;521
2007;Figaró-Montmany;total;dones;població;;488
2007;Figaró-Montmany;total;total;població;;1009
2007;Fígols;total;homes;població;;28
2007;Fígols;total;dones;població;;21
2007;Fígols;total;total;població;;49
2007;Fígols i Alinyà;total;homes;població;;146
2007;Fígols i Alinyà;total;dones;població;;119
2007;Fígols i Alinyà;total;total;població;;265
2007;Figuera, la;total;homes;població;;89
2007;Figuera, la;total;dones;població;;75
2007;Figuera, la;total;total;població;;164
2007;Figueres;total;homes;població;;20389
2007;Figueres;total;dones;població;;20726
2007;Figueres;total;total;població;;41115
2007;Figuerola del Camp;total;homes;població;;153
2007;Figuerola del Camp;total;dones;població;;177
2007;Figuerola del Camp;total;total;població;;330
2007;Flaçà;total;homes;població;;504
2007;Flaçà;total;dones;població;;514
2007;Flaçà;total;total;població;;1018
2007;Flix;total;homes;població;;2051
2007;Flix;total;dones;població;;1955
2007;Flix;total;total;població;;4006
2007;Floresta, la;total;homes;població;;102
2007;Floresta, la;total;dones;població;;89
2007;Floresta, la;total;total;població;;191
2007;Fogars de la Selva;total;homes;població;;743
2007;Fogars de la Selva;total;dones;població;;694
2007;Fogars de la Selva;total;total;població;;1437
2007;Fogars de Montclús;total;homes;població;;241
2007;Fogars de Montclús;total;dones;població;;207
2007;Fogars de Montclús;total;total;població;;448
2007;Foixà;total;homes;població;;168
2007;Foixà;total;dones;població;;156
2007;Foixà;total;total;població;;324
2007;Folgueroles;total;homes;població;;1038
2007;Folgueroles;total;dones;població;;1020
2007;Folgueroles;total;total;població;;2058
2007;Fondarella;total;homes;població;;400
2007;Fondarella;total;dones;població;;388
2007;Fondarella;total;total;població;;788
2007;Fonollosa;total;homes;població;;659
2007;Fonollosa;total;dones;població;;620
2007;Fonollosa;total;total;població;;1279
2007;Fontanals de Cerdanya;total;homes;població;;226
2007;Fontanals de Cerdanya;total;dones;població;;220
2007;Fontanals de Cerdanya;total;total;població;;446
2007;Fontanilles;total;homes;població;;96
2007;Fontanilles;total;dones;població;;67
2007;Fontanilles;total;total;població;;163
2007;Fontcoberta;total;homes;població;;590
2007;Fontcoberta;total;dones;població;;622
2007;Fontcoberta;total;total;població;;1212
2007;Font-rubí;total;homes;població;;751
2007;Font-rubí;total;dones;població;;679
2007;Font-rubí;total;total;població;;1430
2007;Foradada;total;homes;població;;115
2007;Foradada;total;dones;població;;77
2007;Foradada;total;total;població;;192
2007;Forallac;total;homes;població;;857
2007;Forallac;total;dones;població;;879
2007;Forallac;total;total;població;;1736
2007;Forès;total;homes;població;;32
2007;Forès;total;dones;població;;23
2007;Forès;total;total;població;;55
2007;Fornells de la Selva;total;homes;població;;952
2007;Fornells de la Selva;total;dones;població;;1019
2007;Fornells de la Selva;total;total;població;;1971
2007;Fortià;total;homes;població;;313
2007;Fortià;total;dones;població;;292
2007;Fortià;total;total;població;;605
2007;Franqueses del Vallès, les;total;homes;població;;8410
2007;Franqueses del Vallès, les;total;dones;població;;7915
2007;Franqueses del Vallès, les;total;total;població;;16325
2007;Freginals;total;homes;població;;238
2007;Freginals;total;dones;població;;213
2007;Freginals;total;total;població;;451
2007;Fuliola, la;total;homes;població;;622
2007;Fuliola, la;total;dones;població;;619
2007;Fuliola, la;total;total;població;;1241
2007;Fulleda;total;homes;població;;61
2007;Fulleda;total;dones;població;;54
2007;Fulleda;total;total;població;;115
2007;Gaià;total;homes;població;;83
2007;Gaià;total;dones;població;;75
2007;Gaià;total;total;població;;158
2007;Galera, la;total;homes;població;;434
2007;Galera, la;total;dones;població;;418
2007;Galera, la;total;total;població;;852
2007;Gallifa;total;homes;població;;116
2007;Gallifa;total;dones;població;;108
2007;Gallifa;total;total;població;;224
2007;Gandesa;total;homes;població;;1560
2007;Gandesa;total;dones;població;;1480
2007;Gandesa;total;total;població;;3040
2007;Garcia;total;homes;població;;286
2007;Garcia;total;dones;població;;267
2007;Garcia;total;total;població;;553
2007;Garidells, els;total;homes;població;;102
2007;Garidells, els;total;dones;població;;96
2007;Garidells, els;total;total;població;;198
2007;Garriga, la;total;homes;població;;6863
2007;Garriga, la;total;dones;població;;7320
2007;Garriga, la;total;total;població;;14183
2007;Garrigàs;total;homes;població;;202
2007;Garrigàs;total;dones;població;;153
2007;Garrigàs;total;total;població;;355
2007;Garrigoles;total;homes;població;;90
2007;Garrigoles;total;dones;població;;76
2007;Garrigoles;total;total;població;;166
2007;Garriguella;total;homes;població;;410
2007;Garriguella;total;dones;població;;385
2007;Garriguella;total;total;població;;795
2007;Gavà;total;homes;població;;22243
2007;Gavà;total;dones;població;;22435
2007;Gavà;total;total;població;;44678
2007;Gavet de la Conca;total;homes;població;;144
2007;Gavet de la Conca;total;dones;població;;157
2007;Gavet de la Conca;total;total;població;;301
2007;Gelida;total;homes;població;;3131
2007;Gelida;total;dones;població;;3020
2007;Gelida;total;total;població;;6151
2007;Ger;total;homes;població;;239
2007;Ger;total;dones;població;;205
2007;Ger;total;total;població;;444
2007;Gimenells i el Pla de la Font;total;homes;població;;594
2007;Gimenells i el Pla de la Font;total;dones;població;;549
2007;Gimenells i el Pla de la Font;total;total;població;;1143
2007;Ginestar;total;homes;població;;558
2007;Ginestar;total;dones;població;;494
2007;Ginestar;total;total;població;;1052
2007;Girona;total;homes;població;;45029
2007;Girona;total;dones;població;;47157
2007;Girona;total;total;població;;92186
2007;Gironella;total;homes;població;;2343
2007;Gironella;total;dones;població;;2501
2007;Gironella;total;total;població;;4844
2007;Gisclareny;total;homes;població;;18
2007;Gisclareny;total;dones;població;;16
2007;Gisclareny;total;total;població;;34
2007;Godall;total;homes;població;;420
2007;Godall;total;dones;població;;397
2007;Godall;total;total;població;;817
2007;Golmés;total;homes;població;;827
2007;Golmés;total;dones;població;;783
2007;Golmés;total;total;població;;1610
2007;Gombrèn;total;homes;població;;113
2007;Gombrèn;total;dones;població;;116
2007;Gombrèn;total;total;població;;229
2007;Gósol;total;homes;població;;120
2007;Gósol;total;dones;població;;103
2007;Gósol;total;total;població;;223
2007;Granada, la;total;homes;població;;946
2007;Granada, la;total;dones;població;;920
2007;Granada, la;total;total;població;;1866
2007;Granadella, la;total;homes;població;;387
2007;Granadella, la;total;dones;població;;361
2007;Granadella, la;total;total;població;;748
2007;Granera;total;homes;població;;50
2007;Granera;total;dones;població;;26
2007;Granera;total;total;població;;76
2007;Granja d'Escarp, la;total;homes;població;;550
2007;Granja d'Escarp, la;total;dones;població;;493
2007;Granja d'Escarp, la;total;total;població;;1043
2007;Granollers;total;homes;població;;29374
2007;Granollers;total;dones;població;;29480
2007;Granollers;total;total;població;;58854
2007;Granyanella;total;homes;població;;90
2007;Granyanella;total;dones;població;;84
2007;Granyanella;total;total;població;;174
2007;Granyena de les Garrigues;total;homes;població;;88
2007;Granyena de les Garrigues;total;dones;població;;75
2007;Granyena de les Garrigues;total;total;població;;163
2007;Granyena de Segarra;total;homes;població;;77
2007;Granyena de Segarra;total;dones;població;;72
2007;Granyena de Segarra;total;total;població;;149
2007;Gratallops;total;homes;població;;137
2007;Gratallops;total;dones;població;;116
2007;Gratallops;total;total;població;;253
2007;Gualba;total;homes;població;;551
2007;Gualba;total;dones;població;;514
2007;Gualba;total;total;població;;1065
2007;Gualta;total;homes;població;;198
2007;Gualta;total;dones;població;;151
2007;Gualta;total;total;població;;349
2007;Guardiola de Berguedà;total;homes;població;;497
2007;Guardiola de Berguedà;total;dones;població;;451
2007;Guardiola de Berguedà;total;total;població;;948
2007;Guiamets, els;total;homes;població;;172
2007;Guiamets, els;total;dones;població;;160
2007;Guiamets, els;total;total;població;;332
2007;Guils de Cerdanya;total;homes;població;;241
2007;Guils de Cerdanya;total;dones;població;;211
2007;Guils de Cerdanya;total;total;població;;452
2007;Guimerà;total;homes;població;;173
2007;Guimerà;total;dones;població;;162
2007;Guimerà;total;total;població;;335
2007;Guingueta d'Àneu, la;total;homes;població;;207
2007;Guingueta d'Àneu, la;total;dones;població;;163
2007;Guingueta d'Àneu, la;total;total;població;;370
2007;Guissona;total;homes;població;;2803
2007;Guissona;total;dones;població;;2450
2007;Guissona;total;total;població;;5253
2007;Guixers;total;homes;població;;87
2007;Guixers;total;dones;població;;63
2007;Guixers;total;total;població;;150
2007;Gurb;total;homes;població;;1191
2007;Gurb;total;dones;població;;1153
2007;Gurb;total;total;població;;2344
2007;Horta de Sant Joan;total;homes;població;;675
2007;Horta de Sant Joan;total;dones;població;;578
2007;Horta de Sant Joan;total;total;població;;1253
2007;Hospitalet de Llobregat, l';total;homes;població;;123694
2007;Hospitalet de Llobregat, l';total;dones;població;;128154
2007;Hospitalet de Llobregat, l';total;total;població;;251848
2007;Hostalets de Pierola, els;total;homes;població;;1164
2007;Hostalets de Pierola, els;total;dones;població;;1055
2007;Hostalets de Pierola, els;total;total;població;;2219
2007;Hostalric;total;homes;població;;1936
2007;Hostalric;total;dones;població;;1837
2007;Hostalric;total;total;població;;3773
2007;Igualada;total;homes;població;;18264
2007;Igualada;total;dones;població;;18659
2007;Igualada;total;total;població;;36923
2007;Isona i Conca Dellà;total;homes;població;;619
2007;Isona i Conca Dellà;total;dones;població;;534
2007;Isona i Conca Dellà;total;total;població;;1153
2007;Isòvol;total;homes;població;;161
2007;Isòvol;total;dones;població;;117
2007;Isòvol;total;total;població;;278
2007;Ivars d'Urgell;total;homes;població;;939
2007;Ivars d'Urgell;total;dones;població;;847
2007;Ivars d'Urgell;total;total;població;;1786
2007;Ivars de Noguera;total;homes;població;;184
2007;Ivars de Noguera;total;dones;població;;156
2007;Ivars de Noguera;total;total;població;;340
2007;Ivorra;total;homes;població;;72
2007;Ivorra;total;dones;població;;75
2007;Ivorra;total;total;població;;147
2007;Jafre;total;homes;població;;228
2007;Jafre;total;dones;població;;175
2007;Jafre;total;total;població;;403
2007;Jonquera, la;total;homes;població;;1590
2007;Jonquera, la;total;dones;població;;1485
2007;Jonquera, la;total;total;població;;3075
2007;Jorba;total;homes;població;;362
2007;Jorba;total;dones;població;;380
2007;Jorba;total;total;població;;742
2007;Josa i Tuixén;total;homes;població;;94
2007;Josa i Tuixén;total;dones;població;;78
2007;Josa i Tuixén;total;total;població;;172
2007;Juià;total;homes;població;;152
2007;Juià;total;dones;població;;145
2007;Juià;total;total;població;;297
2007;Juncosa;total;homes;població;;275
2007;Juncosa;total;dones;població;;245
2007;Juncosa;total;total;població;;520
2007;Juneda;total;homes;població;;1674
2007;Juneda;total;dones;població;;1548
2007;Juneda;total;total;població;;3222
2007;Les;total;homes;població;;473
2007;Les;total;dones;població;;471
2007;Les;total;total;població;;944
2007;Linyola;total;homes;població;;1362
2007;Linyola;total;dones;població;;1293
2007;Linyola;total;total;població;;2655
2007;Llacuna, la;total;homes;població;;474
2007;Llacuna, la;total;dones;població;;404
2007;Llacuna, la;total;total;població;;878
2007;Lladó;total;homes;població;;313
2007;Lladó;total;dones;població;;292
2007;Lladó;total;total;població;;605
2007;Lladorre;total;homes;població;;111
2007;Lladorre;total;dones;població;;114
2007;Lladorre;total;total;població;;225
2007;Lladurs;total;homes;població;;109
2007;Lladurs;total;dones;població;;91
2007;Lladurs;total;total;població;;200
2007;Llagosta, la;total;homes;població;;6825
2007;Llagosta, la;total;dones;població;;6692
2007;Llagosta, la;total;total;població;;13517
2007;Llagostera;total;homes;població;;3798
2007;Llagostera;total;dones;població;;3516
2007;Llagostera;total;total;població;;7314
2007;Llambilles;total;homes;població;;336
2007;Llambilles;total;dones;població;;305
2007;Llambilles;total;total;població;;641
2007;Llanars;total;homes;població;;298
2007;Llanars;total;dones;població;;271
2007;Llanars;total;total;població;;569
2007;Llançà;total;homes;població;;2417
2007;Llançà;total;dones;població;;2445
2007;Llançà;total;total;població;;4862
2007;Llardecans;total;homes;població;;288
2007;Llardecans;total;dones;població;;266
2007;Llardecans;total;total;població;;554
2007;Llavorsí;total;homes;població;;168
2007;Llavorsí;total;dones;població;;162
2007;Llavorsí;total;total;població;;330
2007;Lleida;total;homes;població;;63053
2007;Lleida;total;dones;població;;64261
2007;Lleida;total;total;població;;127314
2007;Llers;total;homes;població;;577
2007;Llers;total;dones;població;;567
2007;Llers;total;total;població;;1144
2007;Lles de Cerdanya;total;homes;població;;129
2007;Lles de Cerdanya;total;dones;població;;91
2007;Lles de Cerdanya;total;total;població;;220
2007;Lliçà d'Amunt;total;homes;població;;6893
2007;Lliçà d'Amunt;total;dones;població;;6598
2007;Lliçà d'Amunt;total;total;població;;13491
2007;Lliçà de Vall;total;homes;població;;3136
2007;Lliçà de Vall;total;dones;població;;2952
2007;Lliçà de Vall;total;total;població;;6088
2007;Llimiana;total;homes;població;;89
2007;Llimiana;total;dones;població;;75
2007;Llimiana;total;total;població;;164
2007;Llinars del Vallès;total;homes;població;;4295
2007;Llinars del Vallès;total;dones;població;;4286
2007;Llinars del Vallès;total;total;població;;8581
2007;Llívia;total;homes;població;;755
2007;Llívia;total;dones;població;;633
2007;Llívia;total;total;població;;1388
2007;Lloar, el;total;homes;població;;64
2007;Lloar, el;total;dones;població;;49
2007;Lloar, el;total;total;població;;113
2007;Llobera;total;homes;població;;117
2007;Llobera;total;dones;població;;104
2007;Llobera;total;total;població;;221
2007;Llorac;total;homes;població;;62
2007;Llorac;total;dones;població;;51
2007;Llorac;total;total;població;;113
2007;Llorenç del Penedès;total;homes;població;;1037
2007;Llorenç del Penedès;total;dones;població;;1048
2007;Llorenç del Penedès;total;total;població;;2085
2007;Lloret de Mar;total;homes;població;;18501
2007;Lloret de Mar;total;dones;població;;16496
2007;Lloret de Mar;total;total;població;;34997
2007;Llosses, les;total;homes;població;;130
2007;Llosses, les;total;dones;població;;108
2007;Llosses, les;total;total;població;;238
2007;Lluçà;total;homes;població;;131
2007;Lluçà;total;dones;població;;121
2007;Lluçà;total;total;població;;252
2007;Maçanet de Cabrenys;total;homes;població;;380
2007;Maçanet de Cabrenys;total;dones;població;;342
2007;Maçanet de Cabrenys;total;total;població;;722
2007;Maçanet de la Selva;total;homes;població;;3225
2007;Maçanet de la Selva;total;dones;població;;3029
2007;Maçanet de la Selva;total;total;població;;6254
2007;Madremanya;total;homes;població;;102
2007;Madremanya;total;dones;població;;117
2007;Madremanya;total;total;població;;219
2007;Maià de Montcal;total;homes;població;;194
2007;Maià de Montcal;total;dones;població;;184
2007;Maià de Montcal;total;total;població;;378
2007;Maials;total;homes;població;;492
2007;Maials;total;dones;població;;474
2007;Maials;total;total;població;;966
2007;Maldà;total;homes;població;;151
2007;Maldà;total;dones;població;;126
2007;Maldà;total;total;població;;277
2007;Malgrat de Mar;total;homes;població;;9008
2007;Malgrat de Mar;total;dones;població;;8814
2007;Malgrat de Mar;total;total;població;;17822
2007;Malla;total;homes;població;;124
2007;Malla;total;dones;població;;143
2007;Malla;total;total;població;;267
2007;Manlleu;total;homes;població;;10199
2007;Manlleu;total;dones;població;;9892
2007;Manlleu;total;total;població;;20091
2007;Manresa;total;homes;població;;35923
2007;Manresa;total;dones;població;;37217
2007;Manresa;total;total;població;;73140
2007;Marçà;total;homes;població;;335
2007;Marçà;total;dones;població;;327
2007;Marçà;total;total;població;;662
2007;Margalef;total;homes;població;;70
2007;Margalef;total;dones;població;;52
2007;Margalef;total;total;població;;122
2007;Marganell;total;homes;població;;136
2007;Marganell;total;dones;població;;156
2007;Marganell;total;total;població;;292
2007;Martorell;total;homes;població;;13313
2007;Martorell;total;dones;població;;12531
2007;Martorell;total;total;població;;25844
2007;Martorelles;total;homes;població;;2497
2007;Martorelles;total;dones;població;;2396
2007;Martorelles;total;total;població;;4893
2007;Mas de Barberans;total;homes;població;;335
2007;Mas de Barberans;total;dones;població;;332
2007;Mas de Barberans;total;total;població;;667
2007;Masarac i Vilarnadal;total;homes;població;;140
2007;Masarac i Vilarnadal;total;dones;població;;129
2007;Masarac i Vilarnadal;total;total;població;;269
2007;Masdenverge;total;homes;població;;569
2007;Masdenverge;total;dones;població;;529
2007;Masdenverge;total;total;població;;1098
2007;Masies de Roda, les;total;homes;població;;381
2007;Masies de Roda, les;total;dones;població;;386
2007;Masies de Roda, les;total;total;població;;767
2007;Masies de Voltregà, les;total;homes;població;;1554
2007;Masies de Voltregà, les;total;dones;població;;1598
2007;Masies de Voltregà, les;total;total;població;;3152
2007;Masllorenç;total;homes;població;;256
2007;Masllorenç;total;dones;població;;247
2007;Masllorenç;total;total;població;;503
2007;Masnou, el;total;homes;població;;10564
2007;Masnou, el;total;dones;població;;11371
2007;Masnou, el;total;total;població;;21935
2007;Masó, la;total;homes;població;;144
2007;Masó, la;total;dones;població;;143
2007;Masó, la;total;total;població;;287
2007;Maspujols;total;homes;població;;279
2007;Maspujols;total;dones;població;;263
2007;Maspujols;total;total;població;;542
2007;Masquefa;total;homes;població;;3903
2007;Masquefa;total;dones;població;;3844
2007;Masquefa;total;total;població;;7747
2007;Masroig, el;total;homes;població;;261
2007;Masroig, el;total;dones;població;;264
2007;Masroig, el;total;total;població;;525
2007;Massalcoreig;total;homes;població;;332
2007;Massalcoreig;total;dones;població;;293
2007;Massalcoreig;total;total;població;;625
2007;Massanes;total;homes;població;;369
2007;Massanes;total;dones;població;;324
2007;Massanes;total;total;població;;693
2007;Massoteres;total;homes;població;;122
2007;Massoteres;total;dones;població;;99
2007;Massoteres;total;total;població;;221
2007;Matadepera;total;homes;població;;4196
2007;Matadepera;total;dones;població;;4070
2007;Matadepera;total;total;població;;8266
2007;Mataró;total;homes;població;;59796
2007;Mataró;total;dones;població;;59239
2007;Mataró;total;total;població;;119035
2007;Mediona;total;homes;població;;1177
2007;Mediona;total;dones;població;;1074
2007;Mediona;total;total;població;;2251
2007;Menàrguens;total;homes;població;;433
2007;Menàrguens;total;dones;població;;402
2007;Menàrguens;total;total;població;;835
2007;Meranges;total;homes;població;;55
2007;Meranges;total;dones;població;;32
2007;Meranges;total;total;població;;87
2007;Mieres;total;homes;població;;172
2007;Mieres;total;dones;població;;148
2007;Mieres;total;total;població;;320
2007;Milà, el;total;homes;població;;84
2007;Milà, el;total;dones;població;;93
2007;Milà, el;total;total;població;;177
2007;Miralcamp;total;homes;població;;676
2007;Miralcamp;total;dones;població;;692
2007;Miralcamp;total;total;població;;1368
2007;Miravet;total;homes;població;;426
2007;Miravet;total;dones;població;;369
2007;Miravet;total;total;població;;795
2007;Moià;total;homes;població;;2794
2007;Moià;total;dones;població;;2692
2007;Moià;total;total;població;;5486
2007;Molar, el;total;homes;població;;160
2007;Molar, el;total;dones;població;;130
2007;Molar, el;total;total;població;;290
2007;Molins de Rei;total;homes;població;;11575
2007;Molins de Rei;total;dones;població;;11969
2007;Molins de Rei;total;total;població;;23544
2007;Mollerussa;total;homes;població;;6786
2007;Mollerussa;total;dones;població;;6300
2007;Mollerussa;total;total;població;;13086
2007;Mollet de Peralada;total;homes;població;;87
2007;Mollet de Peralada;total;dones;població;;87
2007;Mollet de Peralada;total;total;població;;174
2007;Mollet del Vallès;total;homes;població;;25954
2007;Mollet del Vallès;total;dones;població;;25411
2007;Mollet del Vallès;total;total;població;;51365
2007;Molló;total;homes;població;;168
2007;Molló;total;dones;població;;172
2007;Molló;total;total;població;;340
2007;Molsosa, la;total;homes;població;;64
2007;Molsosa, la;total;dones;població;;64
2007;Molsosa, la;total;total;població;;128
2007;Monistrol de Calders;total;homes;població;;351
2007;Monistrol de Calders;total;dones;població;;351
2007;Monistrol de Calders;total;total;població;;702
2007;Monistrol de Montserrat;total;homes;població;;1516
2007;Monistrol de Montserrat;total;dones;població;;1387
2007;Monistrol de Montserrat;total;total;població;;2903
2007;Montagut i Oix;total;homes;població;;492
2007;Montagut i Oix;total;dones;població;;448
2007;Montagut i Oix;total;total;població;;940
2007;Montblanc;total;homes;població;;3455
2007;Montblanc;total;dones;població;;3363
2007;Montblanc;total;total;població;;6818
2007;Montbrió del Camp;total;homes;població;;978
2007;Montbrió del Camp;total;dones;població;;939
2007;Montbrió del Camp;total;total;població;;1917
2007;Montcada i Reixac;total;homes;població;;16017
2007;Montcada i Reixac;total;dones;població;;16094
2007;Montcada i Reixac;total;total;població;;32111
2007;Montclar;total;homes;població;;55
2007;Montclar;total;dones;població;;64
2007;Montclar;total;total;població;;119
2007;Montellà i Martinet;total;homes;població;;316
2007;Montellà i Martinet;total;dones;població;;281
2007;Montellà i Martinet;total;total;població;;597
2007;Montesquiu;total;homes;població;;436
2007;Montesquiu;total;dones;població;;425
2007;Montesquiu;total;total;població;;861
2007;Montferrer i Castellbò;total;homes;població;;536
2007;Montferrer i Castellbò;total;dones;població;;447
2007;Montferrer i Castellbò;total;total;població;;983
2007;Montferri;total;homes;població;;175
2007;Montferri;total;dones;població;;148
2007;Montferri;total;total;població;;323
2007;Montgai;total;homes;població;;370
2007;Montgai;total;dones;població;;370
2007;Montgai;total;total;població;;740
2007;Montgat;total;homes;població;;4784
2007;Montgat;total;dones;població;;4994
2007;Montgat;total;total;població;;9778
2007;Montmajor;total;homes;població;;251
2007;Montmajor;total;dones;població;;227
2007;Montmajor;total;total;població;;478
2007;Montmaneu;total;homes;població;;106
2007;Montmaneu;total;dones;població;;93
2007;Montmaneu;total;total;població;;199
2007;Montmell, el;total;homes;població;;731
2007;Montmell, el;total;dones;població;;610
2007;Montmell, el;total;total;població;;1341
2007;Montmeló;total;homes;població;;4410
2007;Montmeló;total;dones;població;;4463
2007;Montmeló;total;total;població;;8873
2007;Montoliu de Lleida;total;homes;població;;264
2007;Montoliu de Lleida;total;dones;població;;246
2007;Montoliu de Lleida;total;total;població;;510
2007;Montoliu de Segarra;total;homes;població;;108
2007;Montoliu de Segarra;total;dones;població;;77
2007;Montoliu de Segarra;total;total;població;;185
2007;Montornès de Segarra;total;homes;població;;50
2007;Montornès de Segarra;total;dones;població;;58
2007;Montornès de Segarra;total;total;població;;108
2007;Montornès del Vallès;total;homes;població;;7593
2007;Montornès del Vallès;total;dones;població;;7130
2007;Montornès del Vallès;total;total;població;;14723
2007;Mont-ral;total;homes;població;;101
2007;Mont-ral;total;dones;població;;81
2007;Mont-ral;total;total;població;;182
2007;Mont-ras;total;homes;població;;967
2007;Mont-ras;total;dones;població;;892
2007;Mont-ras;total;total;població;;1859
2007;Mont-roig del Camp;total;homes;població;;5395
2007;Mont-roig del Camp;total;dones;població;;4897
2007;Mont-roig del Camp;total;total;població;;10292
2007;Montseny;total;homes;població;;162
2007;Montseny;total;dones;població;;137
2007;Montseny;total;total;població;;299
2007;Móra d'Ebre;total;homes;població;;2585
2007;Móra d'Ebre;total;dones;població;;2647
2007;Móra d'Ebre;total;total;població;;5232
2007;Móra la Nova;total;homes;població;;1630
2007;Móra la Nova;total;dones;població;;1559
2007;Móra la Nova;total;total;població;;3189
2007;Morell, el;total;homes;població;;1489
2007;Morell, el;total;dones;població;;1366
2007;Morell, el;total;total;població;;2855
2007;Morera de Montsant, la;total;homes;població;;89
2007;Morera de Montsant, la;total;dones;població;;68
2007;Morera de Montsant, la;total;total;població;;157
2007;Muntanyola;total;homes;població;;266
2007;Muntanyola;total;dones;població;;247
2007;Muntanyola;total;total;població;;513
2007;Mura;total;homes;població;;127
2007;Mura;total;dones;població;;105
2007;Mura;total;total;població;;232
2007;Nalec;total;homes;població;;48
2007;Nalec;total;dones;població;;47
2007;Nalec;total;total;població;;95
2007;Naut Aran;total;homes;població;;902
2007;Naut Aran;total;dones;població;;814
2007;Naut Aran;total;total;població;;1716
2007;Navarcles;total;homes;població;;2835
2007;Navarcles;total;dones;població;;2897
2007;Navarcles;total;total;població;;5732
2007;Navàs;total;homes;població;;2955
2007;Navàs;total;dones;població;;3004
2007;Navàs;total;total;població;;5959
2007;Navata;total;homes;població;;513
2007;Navata;total;dones;població;;510
2007;Navata;total;total;població;;1023
2007;Navès;total;homes;població;;134
2007;Navès;total;dones;població;;140
2007;Navès;total;total;població;;274
2007;Nou de Berguedà, la;total;homes;població;;75
2007;Nou de Berguedà, la;total;dones;població;;74
2007;Nou de Berguedà, la;total;total;població;;149
2007;Nou de Gaià, la;total;homes;població;;233
2007;Nou de Gaià, la;total;dones;població;;228
2007;Nou de Gaià, la;total;total;població;;461
2007;Nulles;total;homes;població;;209
2007;Nulles;total;dones;població;;205
2007;Nulles;total;total;població;;414
2007;Odèn;total;homes;població;;167
2007;Odèn;total;dones;població;;118
2007;Odèn;total;total;població;;285
2007;Òdena;total;homes;població;;1604
2007;Òdena;total;dones;població;;1557
2007;Òdena;total;total;població;;3161
2007;Ogassa;total;homes;població;;160
2007;Ogassa;total;dones;població;;114
2007;Ogassa;total;total;població;;274
2007;Olèrdola;total;homes;població;;1717
2007;Olèrdola;total;dones;població;;1563
2007;Olèrdola;total;total;població;;3280
2007;Olesa de Bonesvalls;total;homes;població;;817
2007;Olesa de Bonesvalls;total;dones;població;;739
2007;Olesa de Bonesvalls;total;total;població;;1556
2007;Olesa de Montserrat;total;homes;població;;11274
2007;Olesa de Montserrat;total;dones;població;;10983
2007;Olesa de Montserrat;total;total;població;;22257
2007;Oliana;total;homes;població;;978
2007;Oliana;total;dones;població;;960
2007;Oliana;total;total;població;;1938
2007;Oliola;total;homes;població;;147
2007;Oliola;total;dones;població;;116
2007;Oliola;total;total;població;;263
2007;Olius;total;homes;població;;383
2007;Olius;total;dones;població;;369
2007;Olius;total;total;població;;752
2007;Olivella;total;homes;població;;1515
2007;Olivella;total;dones;població;;1327
2007;Olivella;total;total;població;;2842
2007;Olost;total;homes;població;;597
2007;Olost;total;dones;població;;596
2007;Olost;total;total;població;;1193
2007;Olot;total;homes;població;;16254
2007;Olot;total;dones;població;;16083
2007;Olot;total;total;població;;32337
2007;Oluges, les;total;homes;població;;96
2007;Oluges, les;total;dones;població;;81
2007;Oluges, les;total;total;població;;177
2007;Olvan;total;homes;població;;442
2007;Olvan;total;dones;població;;451
2007;Olvan;total;total;població;;893
2007;Omellons, els;total;homes;població;;129
2007;Omellons, els;total;dones;població;;117
2007;Omellons, els;total;total;població;;246
2007;Omells de na Gaia, els;total;homes;població;;83
2007;Omells de na Gaia, els;total;dones;població;;64
2007;Omells de na Gaia, els;total;total;població;;147
2007;Ordis;total;homes;població;;192
2007;Ordis;total;dones;població;;174
2007;Ordis;total;total;població;;366
2007;Organyà;total;homes;població;;480
2007;Organyà;total;dones;població;;479
2007;Organyà;total;total;població;;959
2007;Orís;total;homes;població;;142
2007;Orís;total;dones;població;;144
2007;Orís;total;total;població;;286
2007;Oristà;total;homes;població;;289
2007;Oristà;total;dones;població;;297
2007;Oristà;total;total;població;;586
2007;Orpí;total;homes;població;;91
2007;Orpí;total;dones;població;;92
2007;Orpí;total;total;població;;183
2007;Òrrius;total;homes;població;;255
2007;Òrrius;total;dones;població;;232
2007;Òrrius;total;total;població;;487
2007;Os de Balaguer;total;homes;població;;510
2007;Os de Balaguer;total;dones;població;;448
2007;Os de Balaguer;total;total;població;;958
2007;Osor;total;homes;població;;189
2007;Osor;total;dones;població;;183
2007;Osor;total;total;població;;372
2007;Ossó de Sió;total;homes;població;;119
2007;Ossó de Sió;total;dones;població;;116
2007;Ossó de Sió;total;total;població;;235
2007;Pacs del Penedès;total;homes;població;;420
2007;Pacs del Penedès;total;dones;població;;411
2007;Pacs del Penedès;total;total;població;;831
2007;Palafolls;total;homes;població;;4049
2007;Palafolls;total;dones;població;;4012
2007;Palafolls;total;total;població;;8061
2007;Palafrugell;total;homes;població;;10938
2007;Palafrugell;total;dones;població;;10474
2007;Palafrugell;total;total;població;;21412
2007;Palamós;total;homes;població;;8616
2007;Palamós;total;dones;població;;8784
2007;Palamós;total;total;població;;17400
2007;Palau d'Anglesola, el;total;homes;població;;988
2007;Palau d'Anglesola, el;total;dones;població;;959
2007;Palau d'Anglesola, el;total;total;població;;1947
2007;Palau de Santa Eulàlia;total;homes;població;;52
2007;Palau de Santa Eulàlia;total;dones;població;;43
2007;Palau de Santa Eulàlia;total;total;població;;95
2007;Palau-sator;total;homes;població;;154
2007;Palau-sator;total;dones;població;;135
2007;Palau-sator;total;total;població;;289
2007;Palau-saverdera;total;homes;població;;679
2007;Palau-saverdera;total;dones;població;;621
2007;Palau-saverdera;total;total;població;;1300
2007;Palau-solità i Plegamans;total;homes;població;;6885
2007;Palau-solità i Plegamans;total;dones;població;;6709
2007;Palau-solità i Plegamans;total;total;població;;13594
2007;Pallaresos, els;total;homes;població;;1815
2007;Pallaresos, els;total;dones;població;;1723
2007;Pallaresos, els;total;total;població;;3538
2007;Pallejà;total;homes;població;;5443
2007;Pallejà;total;dones;població;;5376
2007;Pallejà;total;total;població;;10819
2007;Palma d'Ebre, la;total;homes;població;;200
2007;Palma d'Ebre, la;total;dones;població;;221
2007;Palma d'Ebre, la;total;total;població;;421
2007;Palma de Cervelló, la;total;homes;població;;1506
2007;Palma de Cervelló, la;total;dones;població;;1503
2007;Palma de Cervelló, la;total;total;població;;3009
2007;Palol de Revardit;total;homes;població;;234
2007;Palol de Revardit;total;dones;població;;225
2007;Palol de Revardit;total;total;població;;459
2007;Pals;total;homes;població;;1289
2007;Pals;total;dones;població;;1251
2007;Pals;total;total;població;;2540
2007;Papiol, el;total;homes;població;;1913
2007;Papiol, el;total;dones;població;;1868
2007;Papiol, el;total;total;població;;3781
2007;Pardines;total;homes;població;;89
2007;Pardines;total;dones;població;;75
2007;Pardines;total;total;població;;164
2007;Parets del Vallès;total;homes;població;;8558
2007;Parets del Vallès;total;dones;població;;8162
2007;Parets del Vallès;total;total;població;;16720
2007;Parlavà;total;homes;població;;197
2007;Parlavà;total;dones;població;;183
2007;Parlavà;total;total;població;;380
2007;Passanant i Belltall;total;homes;població;;104
2007;Passanant i Belltall;total;dones;població;;90
2007;Passanant i Belltall;total;total;població;;194
2007;Pau;total;homes;població;;295
2007;Pau;total;dones;població;;273
2007;Pau;total;total;població;;568
2007;Paüls;total;homes;població;;302
2007;Paüls;total;dones;població;;305
2007;Paüls;total;total;població;;607
2007;Pedret i Marzà;total;homes;població;;89
2007;Pedret i Marzà;total;dones;població;;83
2007;Pedret i Marzà;total;total;població;;172
2007;Penelles;total;homes;població;;302
2007;Penelles;total;dones;població;;225
2007;Penelles;total;total;població;;527
2007;Pera, la;total;homes;població;;215
2007;Pera, la;total;dones;població;;211
2007;Pera, la;total;total;població;;426
2007;Perafita;total;homes;població;;200
2007;Perafita;total;dones;població;;194
2007;Perafita;total;total;població;;394
2007;Perafort;total;homes;població;;525
2007;Perafort;total;dones;població;;471
2007;Perafort;total;total;població;;996
2007;Peralada;total;homes;població;;860
2007;Peralada;total;dones;població;;833
2007;Peralada;total;total;població;;1693
2007;Peramola;total;homes;població;;200
2007;Peramola;total;dones;població;;170
2007;Peramola;total;total;població;;370
2007;Perelló, el;total;homes;població;;1557
2007;Perelló, el;total;dones;població;;1338
2007;Perelló, el;total;total;població;;2895
2007;Piera;total;homes;població;;7015
2007;Piera;total;dones;població;;6637
2007;Piera;total;total;població;;13652
2007;Piles, les;total;homes;població;;115
2007;Piles, les;total;dones;població;;86
2007;Piles, les;total;total;població;;201
2007;Pineda de Mar;total;homes;població;;13042
2007;Pineda de Mar;total;dones;població;;12526
2007;Pineda de Mar;total;total;població;;25568
2007;Pinell de Brai, el;total;homes;població;;576
2007;Pinell de Brai, el;total;dones;població;;550
2007;Pinell de Brai, el;total;total;població;;1126
2007;Pinell de Solsonès;total;homes;població;;115
2007;Pinell de Solsonès;total;dones;població;;98
2007;Pinell de Solsonès;total;total;població;;213
2007;Pinós;total;homes;població;;178
2007;Pinós;total;dones;població;;145
2007;Pinós;total;total;població;;323
2007;Pira;total;homes;població;;241
2007;Pira;total;dones;població;;247
2007;Pira;total;total;població;;488
2007;Pla de Santa Maria, el;total;homes;població;;1076
2007;Pla de Santa Maria, el;total;dones;població;;969
2007;Pla de Santa Maria, el;total;total;població;;2045
2007;Pla del Penedès, el;total;homes;població;;451
2007;Pla del Penedès, el;total;dones;població;;440
2007;Pla del Penedès, el;total;total;població;;891
2007;Planes d'Hostoles, les;total;homes;població;;918
2007;Planes d'Hostoles, les;total;dones;població;;891
2007;Planes d'Hostoles, les;total;total;població;;1809
2007;Planoles;total;homes;població;;148
2007;Planoles;total;dones;població;;124
2007;Planoles;total;total;població;;272
2007;Plans de Sió, els;total;homes;població;;316
2007;Plans de Sió, els;total;dones;població;;286
2007;Plans de Sió, els;total;total;població;;602
2007;Poal, el;total;homes;població;;345
2007;Poal, el;total;dones;població;;302
2007;Poal, el;total;total;població;;647
2007;Pobla de Cérvoles, la;total;homes;població;;136
2007;Pobla de Cérvoles, la;total;dones;població;;115
2007;Pobla de Cérvoles, la;total;total;població;;251
2007;Pobla de Claramunt, la;total;homes;població;;1151
2007;Pobla de Claramunt, la;total;dones;població;;1042
2007;Pobla de Claramunt, la;total;total;població;;2193
2007;Pobla de Lillet, la;total;homes;població;;646
2007;Pobla de Lillet, la;total;dones;població;;676
2007;Pobla de Lillet, la;total;total;població;;1322
2007;Pobla de Mafumet, la;total;homes;població;;863
2007;Pobla de Mafumet, la;total;dones;població;;871
2007;Pobla de Mafumet, la;total;total;població;;1734
2007;Pobla de Massaluca, la;total;homes;població;;208
2007;Pobla de Massaluca, la;total;dones;població;;188
2007;Pobla de Massaluca, la;total;total;població;;396
2007;Pobla de Montornès, la;total;homes;població;;1364
2007;Pobla de Montornès, la;total;dones;població;;1204
2007;Pobla de Montornès, la;total;total;població;;2568
2007;Pobla de Segur, la;total;homes;població;;1575
2007;Pobla de Segur, la;total;dones;població;;1514
2007;Pobla de Segur, la;total;total;població;;3089
2007;Poboleda;total;homes;població;;197
2007;Poboleda;total;dones;població;;157
2007;Poboleda;total;total;població;;354
2007;Polinyà;total;homes;població;;3632
2007;Polinyà;total;dones;població;;3473
2007;Polinyà;total;total;població;;7105
2007;Pont d'Armentera, el;total;homes;població;;305
2007;Pont d'Armentera, el;total;dones;població;;299
2007;Pont d'Armentera, el;total;total;població;;604
2007;Pont de Bar, el;total;homes;població;;110
2007;Pont de Bar, el;total;dones;població;;81
2007;Pont de Bar, el;total;total;població;;191
2007;Pont de Molins;total;homes;població;;233
2007;Pont de Molins;total;dones;població;;207
2007;Pont de Molins;total;total;població;;440
2007;Pont de Suert, el;total;homes;població;;1255
2007;Pont de Suert, el;total;dones;població;;1163
2007;Pont de Suert, el;total;total;població;;2418
2007;Pont de Vilomara i Rocafort, el;total;homes;població;;1816
2007;Pont de Vilomara i Rocafort, el;total;dones;població;;1705
2007;Pont de Vilomara i Rocafort, el;total;total;població;;3521
2007;Pontils;total;homes;població;;81
2007;Pontils;total;dones;població;;65
2007;Pontils;total;total;població;;146
2007;Pontons;total;homes;població;;298
2007;Pontons;total;dones;població;;258
2007;Pontons;total;total;població;;556
2007;Pontós;total;homes;població;;111
2007;Pontós;total;dones;població;;90
2007;Pontós;total;total;població;;201
2007;Ponts;total;homes;població;;1357
2007;Ponts;total;dones;població;;1325
2007;Ponts;total;total;població;;2682
2007;Porqueres;total;homes;població;;2096
2007;Porqueres;total;dones;població;;2112
2007;Porqueres;total;total;població;;4208
2007;Porrera;total;homes;població;;261
2007;Porrera;total;dones;població;;216
2007;Porrera;total;total;població;;477
2007;Port de la Selva, el;total;homes;població;;483
2007;Port de la Selva, el;total;dones;població;;464
2007;Port de la Selva, el;total;total;població;;947
2007;Portbou;total;homes;població;;654
2007;Portbou;total;dones;població;;653
2007;Portbou;total;total;població;;1307
2007;Portella, la;total;homes;població;;445
2007;Portella, la;total;dones;població;;345
2007;Portella, la;total;total;població;;790
2007;Pradell de la Teixeta;total;homes;població;;86
2007;Pradell de la Teixeta;total;dones;població;;83
2007;Pradell de la Teixeta;total;total;població;;169
2007;Prades;total;homes;població;;342
2007;Prades;total;dones;població;;307
2007;Prades;total;total;població;;649
2007;Prat de Comte;total;homes;població;;99
2007;Prat de Comte;total;dones;població;;94
2007;Prat de Comte;total;total;població;;193
2007;Prat de Llobregat, el;total;homes;població;;31284
2007;Prat de Llobregat, el;total;dones;població;;31379
2007;Prat de Llobregat, el;total;total;població;;62663
2007;Pratdip;total;homes;població;;410
2007;Pratdip;total;dones;població;;350
2007;Pratdip;total;total;població;;760
2007;Prats de Lluçanès;total;homes;població;;1353
2007;Prats de Lluçanès;total;dones;població;;1356
2007;Prats de Lluçanès;total;total;població;;2709
2007;Prats de Rei, els;total;homes;població;;274
2007;Prats de Rei, els;total;dones;població;;263
2007;Prats de Rei, els;total;total;població;;537
2007;Prats i Sansor;total;homes;població;;122
2007;Prats i Sansor;total;dones;població;;91
2007;Prats i Sansor;total;total;població;;213
2007;Preixana;total;homes;població;;209
2007;Preixana;total;dones;població;;202
2007;Preixana;total;total;població;;411
2007;Preixens;total;homes;població;;264
2007;Preixens;total;dones;població;;259
2007;Preixens;total;total;població;;523
2007;Premià de Dalt;total;homes;població;;4853
2007;Premià de Dalt;total;dones;població;;4935
2007;Premià de Dalt;total;total;població;;9788
2007;Premià de Mar;total;homes;població;;13721
2007;Premià de Mar;total;dones;població;;13869
2007;Premià de Mar;total;total;població;;27590
2007;Preses, les;total;homes;població;;831
2007;Preses, les;total;dones;població;;855
2007;Preses, les;total;total;població;;1686
2007;Prullans;total;homes;població;;122
2007;Prullans;total;dones;població;;124
2007;Prullans;total;total;població;;246
2007;Puigcerdà;total;homes;població;;4625
2007;Puigcerdà;total;dones;població;;4324
2007;Puigcerdà;total;total;població;;8949
2007;Puigdàlber;total;homes;població;;219
2007;Puigdàlber;total;dones;població;;230
2007;Puigdàlber;total;total;població;;449
2007;Puiggròs;total;homes;població;;158
2007;Puiggròs;total;dones;població;;141
2007;Puiggròs;total;total;població;;299
2007;Puigpelat;total;homes;població;;474
2007;Puigpelat;total;dones;població;;417
2007;Puigpelat;total;total;població;;891
2007;Puig-reig;total;homes;població;;2085
2007;Puig-reig;total;dones;població;;2153
2007;Puig-reig;total;total;població;;4238
2007;Puigverd d'Agramunt;total;homes;població;;154
2007;Puigverd d'Agramunt;total;dones;població;;124
2007;Puigverd d'Agramunt;total;total;població;;278
2007;Puigverd de Lleida;total;homes;població;;669
2007;Puigverd de Lleida;total;dones;població;;648
2007;Puigverd de Lleida;total;total;població;;1317
2007;Pujalt;total;homes;població;;97
2007;Pujalt;total;dones;població;;99
2007;Pujalt;total;total;població;;196
2007;Quar, la;total;homes;població;;36
2007;Quar, la;total;dones;població;;25
2007;Quar, la;total;total;població;;61
2007;Quart;total;homes;població;;1352
2007;Quart;total;dones;població;;1266
2007;Quart;total;total;població;;2618
2007;Queralbs;total;homes;població;;112
2007;Queralbs;total;dones;població;;85
2007;Queralbs;total;total;població;;197
2007;Querol;total;homes;població;;281
2007;Querol;total;dones;població;;252
2007;Querol;total;total;població;;533
2007;Rabós;total;homes;població;;90
2007;Rabós;total;dones;població;;92
2007;Rabós;total;total;població;;182
2007;Rajadell;total;homes;població;;256
2007;Rajadell;total;dones;població;;214
2007;Rajadell;total;total;població;;470
2007;Ràpita, la;total;homes;població;;7110
2007;Ràpita, la;total;dones;població;;7152
2007;Ràpita, la;total;total;població;;14262
2007;Rasquera;total;homes;població;;473
2007;Rasquera;total;dones;població;;461
2007;Rasquera;total;total;població;;934
2007;Regencós;total;homes;població;;185
2007;Regencós;total;dones;població;;141
2007;Regencós;total;total;població;;326
2007;Rellinars;total;homes;població;;334
2007;Rellinars;total;dones;població;;324
2007;Rellinars;total;total;població;;658
2007;Renau;total;homes;població;;42
2007;Renau;total;dones;població;;46
2007;Renau;total;total;població;;88
2007;Reus;total;homes;població;;52332
2007;Reus;total;dones;població;;52503
2007;Reus;total;total;població;;104835
2007;Rialp;total;homes;població;;346
2007;Rialp;total;dones;població;;316
2007;Rialp;total;total;població;;662
2007;Riba, la;total;homes;població;;384
2007;Riba, la;total;dones;població;;326
2007;Riba, la;total;total;població;;710
2007;Riba-roja d'Ebre;total;homes;població;;701
2007;Riba-roja d'Ebre;total;dones;població;;631
2007;Riba-roja d'Ebre;total;total;població;;1332
2007;Ribera d'Ondara;total;homes;població;;243
2007;Ribera d'Ondara;total;dones;població;;227
2007;Ribera d'Ondara;total;total;població;;470
2007;Ribera d'Urgellet;total;homes;població;;505
2007;Ribera d'Urgellet;total;dones;població;;441
2007;Ribera d'Urgellet;total;total;població;;946
2007;Ribes de Freser;total;homes;població;;976
2007;Ribes de Freser;total;dones;població;;1025
2007;Ribes de Freser;total;total;població;;2001
2007;Riells i Viabrea;total;homes;població;;1797
2007;Riells i Viabrea;total;dones;població;;1668
2007;Riells i Viabrea;total;total;població;;3465
2007;Riera de Gaià, la;total;homes;població;;742
2007;Riera de Gaià, la;total;dones;població;;711
2007;Riera de Gaià, la;total;total;població;;1453
2007;Riner;total;homes;població;;144
2007;Riner;total;dones;població;;143
2007;Riner;total;total;població;;287
2007;Ripoll;total;homes;població;;5390
2007;Ripoll;total;dones;població;;5477
2007;Ripoll;total;total;població;;10867
2007;Ripollet;total;homes;població;;18210
2007;Ripollet;total;dones;població;;17451
2007;Ripollet;total;total;població;;35661
2007;Riu de Cerdanya;total;homes;població;;59
2007;Riu de Cerdanya;total;dones;població;;53
2007;Riu de Cerdanya;total;total;població;;112
2007;Riudarenes;total;homes;població;;975
2007;Riudarenes;total;dones;població;;878
2007;Riudarenes;total;total;població;;1853
2007;Riudaura;total;homes;població;;217
2007;Riudaura;total;dones;població;;212
2007;Riudaura;total;total;població;;429
2007;Riudecanyes;total;homes;població;;502
2007;Riudecanyes;total;dones;població;;471
2007;Riudecanyes;total;total;població;;973
2007;Riudecols;total;homes;població;;633
2007;Riudecols;total;dones;població;;561
2007;Riudecols;total;total;població;;1194
2007;Riudellots de la Selva;total;homes;població;;967
2007;Riudellots de la Selva;total;dones;població;;910
2007;Riudellots de la Selva;total;total;població;;1877
2007;Riudoms;total;homes;població;;3129
2007;Riudoms;total;dones;població;;3020
2007;Riudoms;total;total;població;;6149
2007;Riumors;total;homes;població;;103
2007;Riumors;total;dones;població;;86
2007;Riumors;total;total;població;;189
2007;Roca del Vallès, la;total;homes;població;;4859
2007;Roca del Vallès, la;total;dones;població;;4797
2007;Roca del Vallès, la;total;total;població;;9656
2007;Rocafort de Queralt;total;homes;població;;144
2007;Rocafort de Queralt;total;dones;població;;127
2007;Rocafort de Queralt;total;total;població;;271
2007;Roda de Berà;total;homes;població;;2962
2007;Roda de Berà;total;dones;població;;2624
2007;Roda de Berà;total;total;població;;5586
2007;Roda de Ter;total;homes;població;;2765
2007;Roda de Ter;total;dones;població;;2906
2007;Roda de Ter;total;total;població;;5671
2007;Rodonyà;total;homes;població;;269
2007;Rodonyà;total;dones;població;;235
2007;Rodonyà;total;total;població;;504
2007;Roquetes;total;homes;població;;4010
2007;Roquetes;total;dones;població;;3679
2007;Roquetes;total;total;població;;7689
2007;Roses;total;homes;població;;9238
2007;Roses;total;dones;població;;8901
2007;Roses;total;total;població;;18139
2007;Rosselló;total;homes;població;;1329
2007;Rosselló;total;dones;població;;1282
2007;Rosselló;total;total;població;;2611
2007;Rourell, el;total;homes;població;;183
2007;Rourell, el;total;dones;població;;179
2007;Rourell, el;total;total;població;;362
2007;Rubí;total;homes;població;;35545
2007;Rubí;total;dones;població;;34949
2007;Rubí;total;total;població;;70494
2007;Rubió;total;homes;població;;85
2007;Rubió;total;dones;població;;76
2007;Rubió;total;total;població;;161
2007;Rupià;total;homes;població;;115
2007;Rupià;total;dones;població;;108
2007;Rupià;total;total;població;;223
2007;Rupit i Pruit;total;homes;població;;164
2007;Rupit i Pruit;total;dones;població;;168
2007;Rupit i Pruit;total;total;població;;332
2007;Sabadell;total;homes;població;;98781
2007;Sabadell;total;dones;població;;102931
2007;Sabadell;total;total;població;;201712
2007;Sagàs;total;homes;població;;69
2007;Sagàs;total;dones;població;;66
2007;Sagàs;total;total;població;;135
2007;Salàs de Pallars;total;homes;població;;177
2007;Salàs de Pallars;total;dones;població;;158
2007;Salàs de Pallars;total;total;població;;335
2007;Saldes;total;homes;població;;188
2007;Saldes;total;dones;població;;148
2007;Saldes;total;total;població;;336
2007;Sales de Llierca;total;homes;població;;70
2007;Sales de Llierca;total;dones;població;;63
2007;Sales de Llierca;total;total;població;;133
2007;Sallent;total;homes;població;;3414
2007;Sallent;total;dones;població;;3669
2007;Sallent;total;total;població;;7083
2007;Salomó;total;homes;població;;236
2007;Salomó;total;dones;població;;209
2007;Salomó;total;total;població;;445
2007;Salou;total;homes;població;;12643
2007;Salou;total;dones;població;;10755
2007;Salou;total;total;població;;23398
2007;Salt;total;homes;població;;14648
2007;Salt;total;dones;població;;13025
2007;Salt;total;total;població;;27673
2007;Sanaüja;total;homes;població;;235
2007;Sanaüja;total;dones;població;;219
2007;Sanaüja;total;total;població;;454
2007;Sant Adrià de Besòs;total;homes;població;;16101
2007;Sant Adrià de Besòs;total;dones;població;;16633
2007;Sant Adrià de Besòs;total;total;població;;32734
2007;Sant Agustí de Lluçanès;total;homes;població;;52
2007;Sant Agustí de Lluçanès;total;dones;població;;49
2007;Sant Agustí de Lluçanès;total;total;població;;101
2007;Sant Andreu de la Barca;total;homes;població;;13220
2007;Sant Andreu de la Barca;total;dones;població;;12523
2007;Sant Andreu de la Barca;total;total;població;;25743
2007;Sant Andreu de Llavaneres;total;homes;població;;4968
2007;Sant Andreu de Llavaneres;total;dones;població;;4777
2007;Sant Andreu de Llavaneres;total;total;població;;9745
2007;Sant Andreu Salou;total;homes;població;;75
2007;Sant Andreu Salou;total;dones;població;;86
2007;Sant Andreu Salou;total;total;població;;161
2007;Sant Aniol de Finestres;total;homes;població;;164
2007;Sant Aniol de Finestres;total;dones;població;;142
2007;Sant Aniol de Finestres;total;total;població;;306
2007;Sant Antoni de Vilamajor;total;homes;població;;2546
2007;Sant Antoni de Vilamajor;total;dones;població;;2545
2007;Sant Antoni de Vilamajor;total;total;població;;5091
2007;Sant Bartomeu del Grau;total;homes;població;;508
2007;Sant Bartomeu del Grau;total;dones;població;;467
2007;Sant Bartomeu del Grau;total;total;població;;975
2007;Sant Boi de Llobregat;total;homes;població;;40091
2007;Sant Boi de Llobregat;total;dones;població;;40636
2007;Sant Boi de Llobregat;total;total;població;;80727
2007;Sant Boi de Lluçanès;total;homes;població;;290
2007;Sant Boi de Lluçanès;total;dones;població;;282
2007;Sant Boi de Lluçanès;total;total;població;;572
2007;Sant Cebrià de Vallalta;total;homes;població;;1609
2007;Sant Cebrià de Vallalta;total;dones;població;;1466
2007;Sant Cebrià de Vallalta;total;total;població;;3075
2007;Sant Celoni;total;homes;població;;8005
2007;Sant Celoni;total;dones;població;;7987
2007;Sant Celoni;total;total;població;;15992
2007;Sant Climent de Llobregat;total;homes;població;;1840
2007;Sant Climent de Llobregat;total;dones;població;;1791
2007;Sant Climent de Llobregat;total;total;població;;3631
2007;Sant Climent Sescebes;total;homes;població;;268
2007;Sant Climent Sescebes;total;dones;població;;235
2007;Sant Climent Sescebes;total;total;població;;503
2007;Sant Cugat del Vallès;total;homes;població;;36373
2007;Sant Cugat del Vallès;total;dones;població;;37972
2007;Sant Cugat del Vallès;total;total;població;;74345
2007;Sant Cugat Sesgarrigues;total;homes;població;;486
2007;Sant Cugat Sesgarrigues;total;dones;població;;441
2007;Sant Cugat Sesgarrigues;total;total;població;;927
2007;Sant Esteve de la Sarga;total;homes;població;;96
2007;Sant Esteve de la Sarga;total;dones;població;;55
2007;Sant Esteve de la Sarga;total;total;població;;151
2007;Sant Esteve de Palautordera;total;homes;població;;1094
2007;Sant Esteve de Palautordera;total;dones;població;;1151
2007;Sant Esteve de Palautordera;total;total;població;;2245
2007;Sant Esteve Sesrovires;total;homes;població;;3416
2007;Sant Esteve Sesrovires;total;dones;població;;3288
2007;Sant Esteve Sesrovires;total;total;població;;6704
2007;Sant Feliu de Buixalleu;total;homes;població;;418
2007;Sant Feliu de Buixalleu;total;dones;població;;375
2007;Sant Feliu de Buixalleu;total;total;població;;793
2007;Sant Feliu de Codines;total;homes;població;;2789
2007;Sant Feliu de Codines;total;dones;població;;2706
2007;Sant Feliu de Codines;total;total;població;;5495
2007;Sant Feliu de Guíxols;total;homes;població;;10526
2007;Sant Feliu de Guíxols;total;dones;població;;10629
2007;Sant Feliu de Guíxols;total;total;població;;21155
2007;Sant Feliu de Llobregat;total;homes;població;;20693
2007;Sant Feliu de Llobregat;total;dones;població;;21580
2007;Sant Feliu de Llobregat;total;total;població;;42273
2007;Sant Feliu de Pallerols;total;homes;població;;662
2007;Sant Feliu de Pallerols;total;dones;població;;673
2007;Sant Feliu de Pallerols;total;total;població;;1335
2007;Sant Feliu Sasserra;total;homes;població;;309
2007;Sant Feliu Sasserra;total;dones;població;;303
2007;Sant Feliu Sasserra;total;total;població;;612
2007;Sant Ferriol;total;homes;població;;114
2007;Sant Ferriol;total;dones;població;;91
2007;Sant Ferriol;total;total;població;;205
2007;Sant Fost de Campsentelles;total;homes;població;;3880
2007;Sant Fost de Campsentelles;total;dones;població;;3776
2007;Sant Fost de Campsentelles;total;total;població;;7656
2007;Sant Fruitós de Bages;total;homes;població;;3826
2007;Sant Fruitós de Bages;total;dones;població;;3622
2007;Sant Fruitós de Bages;total;total;població;;7448
2007;Sant Gregori;total;homes;població;;1528
2007;Sant Gregori;total;dones;població;;1478
2007;Sant Gregori;total;total;població;;3006
2007;Sant Guim de Freixenet;total;homes;població;;527
2007;Sant Guim de Freixenet;total;dones;població;;533
2007;Sant Guim de Freixenet;total;total;població;;1060
2007;Sant Guim de la Plana;total;homes;població;;99
2007;Sant Guim de la Plana;total;dones;població;;86
2007;Sant Guim de la Plana;total;total;població;;185
2007;Sant Hilari Sacalm;total;homes;població;;2845
2007;Sant Hilari Sacalm;total;dones;població;;2675
2007;Sant Hilari Sacalm;total;total;població;;5520
2007;Sant Hipòlit de Voltregà;total;homes;població;;1692
2007;Sant Hipòlit de Voltregà;total;dones;població;;1687
2007;Sant Hipòlit de Voltregà;total;total;població;;3379
2007;Sant Iscle de Vallalta;total;homes;població;;618
2007;Sant Iscle de Vallalta;total;dones;població;;575
2007;Sant Iscle de Vallalta;total;total;població;;1193
2007;Sant Jaume d'Enveja;total;homes;població;;1761
2007;Sant Jaume d'Enveja;total;dones;població;;1673
2007;Sant Jaume d'Enveja;total;total;població;;3434
2007;Sant Jaume de Frontanyà;total;homes;població;;14
2007;Sant Jaume de Frontanyà;total;dones;població;;16
2007;Sant Jaume de Frontanyà;total;total;població;;30
2007;Sant Jaume de Llierca;total;homes;població;;403
2007;Sant Jaume de Llierca;total;dones;població;;391
2007;Sant Jaume de Llierca;total;total;població;;794
2007;Sant Jaume dels Domenys;total;homes;població;;1118
2007;Sant Jaume dels Domenys;total;dones;població;;1018
2007;Sant Jaume dels Domenys;total;total;població;;2136
2007;Sant Joan de les Abadesses;total;homes;població;;1810
2007;Sant Joan de les Abadesses;total;dones;població;;1776
2007;Sant Joan de les Abadesses;total;total;població;;3586
2007;Sant Joan de Mollet;total;homes;població;;256
2007;Sant Joan de Mollet;total;dones;població;;257
2007;Sant Joan de Mollet;total;total;població;;513
2007;Sant Joan de Vilatorrada;total;homes;població;;5312
2007;Sant Joan de Vilatorrada;total;dones;població;;5162
2007;Sant Joan de Vilatorrada;total;total;població;;10474
2007;Sant Joan Despí;total;homes;població;;15640
2007;Sant Joan Despí;total;dones;població;;16031
2007;Sant Joan Despí;total;total;població;;31671
2007;Sant Joan les Fonts;total;homes;població;;1372
2007;Sant Joan les Fonts;total;dones;població;;1325
2007;Sant Joan les Fonts;total;total;població;;2697
2007;Sant Jordi Desvalls;total;homes;població;;313
2007;Sant Jordi Desvalls;total;dones;població;;309
2007;Sant Jordi Desvalls;total;total;població;;622
2007;Sant Julià de Cerdanyola;total;homes;població;;136
2007;Sant Julià de Cerdanyola;total;dones;població;;119
2007;Sant Julià de Cerdanyola;total;total;població;;255
2007;Sant Julià de Ramis;total;homes;població;;1467
2007;Sant Julià de Ramis;total;dones;població;;1399
2007;Sant Julià de Ramis;total;total;població;;2866
2007;Sant Julià de Vilatorta;total;homes;població;;1412
2007;Sant Julià de Vilatorta;total;dones;població;;1475
2007;Sant Julià de Vilatorta;total;total;població;;2887
2007;Sant Julià del Llor i Bonmatí;total;homes;població;;607
2007;Sant Julià del Llor i Bonmatí;total;dones;població;;587
2007;Sant Julià del Llor i Bonmatí;total;total;població;;1194
2007;Sant Just Desvern;total;homes;població;;7294
2007;Sant Just Desvern;total;dones;població;;8097
2007;Sant Just Desvern;total;total;població;;15391
2007;Sant Llorenç d'Hortons;total;homes;població;;1136
2007;Sant Llorenç d'Hortons;total;dones;població;;1083
2007;Sant Llorenç d'Hortons;total;total;població;;2219
2007;Sant Llorenç de la Muga;total;homes;població;;115
2007;Sant Llorenç de la Muga;total;dones;població;;100
2007;Sant Llorenç de la Muga;total;total;població;;215
2007;Sant Llorenç de Morunys;total;homes;població;;518
2007;Sant Llorenç de Morunys;total;dones;població;;486
2007;Sant Llorenç de Morunys;total;total;població;;1004
2007;Sant Llorenç Savall;total;homes;població;;1174
2007;Sant Llorenç Savall;total;dones;població;;1139
2007;Sant Llorenç Savall;total;total;població;;2313
2007;Sant Martí d'Albars;total;homes;població;;57
2007;Sant Martí d'Albars;total;dones;població;;56
2007;Sant Martí d'Albars;total;total;població;;113
2007;Sant Martí de Centelles;total;homes;població;;489
2007;Sant Martí de Centelles;total;dones;població;;452
2007;Sant Martí de Centelles;total;total;població;;941
2007;Sant Martí de Llémena;total;homes;població;;272
2007;Sant Martí de Llémena;total;dones;població;;255
2007;Sant Martí de Llémena;total;total;població;;527
2007;Sant Martí de Riucorb;total;homes;població;;372
2007;Sant Martí de Riucorb;total;dones;població;;331
2007;Sant Martí de Riucorb;total;total;població;;703
2007;Sant Martí de Tous;total;homes;població;;563
2007;Sant Martí de Tous;total;dones;població;;541
2007;Sant Martí de Tous;total;total;població;;1104
2007;Sant Martí Sarroca;total;homes;població;;1534
2007;Sant Martí Sarroca;total;dones;població;;1463
2007;Sant Martí Sarroca;total;total;població;;2997
2007;Sant Martí Sesgueioles;total;homes;població;;197
2007;Sant Martí Sesgueioles;total;dones;població;;188
2007;Sant Martí Sesgueioles;total;total;població;;385
2007;Sant Martí Vell;total;homes;població;;117
2007;Sant Martí Vell;total;dones;població;;115
2007;Sant Martí Vell;total;total;població;;232
2007;Sant Mateu de Bages;total;homes;població;;344
2007;Sant Mateu de Bages;total;dones;població;;325
2007;Sant Mateu de Bages;total;total;població;;669
2007;Sant Miquel de Campmajor;total;homes;població;;119
2007;Sant Miquel de Campmajor;total;dones;població;;99
2007;Sant Miquel de Campmajor;total;total;població;;218
2007;Sant Miquel de Fluvià;total;homes;població;;360
2007;Sant Miquel de Fluvià;total;dones;població;;350
2007;Sant Miquel de Fluvià;total;total;població;;710
2007;Sant Mori;total;homes;població;;78
2007;Sant Mori;total;dones;població;;85
2007;Sant Mori;total;total;població;;163
2007;Sant Pau de Segúries;total;homes;població;;335
2007;Sant Pau de Segúries;total;dones;població;;346
2007;Sant Pau de Segúries;total;total;població;;681
2007;Sant Pere de Ribes;total;homes;població;;13921
2007;Sant Pere de Ribes;total;dones;població;;13588
2007;Sant Pere de Ribes;total;total;població;;27509
2007;Sant Pere de Riudebitlles;total;homes;població;;1183
2007;Sant Pere de Riudebitlles;total;dones;població;;1136
2007;Sant Pere de Riudebitlles;total;total;població;;2319
2007;Sant Pere de Torelló;total;homes;població;;1145
2007;Sant Pere de Torelló;total;dones;població;;1127
2007;Sant Pere de Torelló;total;total;població;;2272
2007;Sant Pere de Vilamajor;total;homes;població;;1870
2007;Sant Pere de Vilamajor;total;dones;població;;1858
2007;Sant Pere de Vilamajor;total;total;població;;3728
2007;Sant Pere Pescador;total;homes;població;;1021
2007;Sant Pere Pescador;total;dones;població;;857
2007;Sant Pere Pescador;total;total;població;;1878
2007;Sant Pere Sallavinera;total;homes;població;;92
2007;Sant Pere Sallavinera;total;dones;població;;85
2007;Sant Pere Sallavinera;total;total;població;;177
2007;Sant Pol de Mar;total;homes;població;;2502
2007;Sant Pol de Mar;total;dones;població;;2402
2007;Sant Pol de Mar;total;total;població;;4904
2007;Sant Quintí de Mediona;total;homes;població;;1097
2007;Sant Quintí de Mediona;total;dones;població;;1034
2007;Sant Quintí de Mediona;total;total;població;;2131
2007;Sant Quirze de Besora;total;homes;població;;1048
2007;Sant Quirze de Besora;total;dones;població;;1098
2007;Sant Quirze de Besora;total;total;població;;2146
2007;Sant Quirze del Vallès;total;homes;població;;8810
2007;Sant Quirze del Vallès;total;dones;població;;9009
2007;Sant Quirze del Vallès;total;total;població;;17819
2007;Sant Quirze Safaja;total;homes;població;;318
2007;Sant Quirze Safaja;total;dones;població;;311
2007;Sant Quirze Safaja;total;total;població;;629
2007;Sant Ramon;total;homes;població;;304
2007;Sant Ramon;total;dones;població;;266
2007;Sant Ramon;total;total;població;;570
2007;Sant Sadurní d'Anoia;total;homes;població;;5837
2007;Sant Sadurní d'Anoia;total;dones;població;;5953
2007;Sant Sadurní d'Anoia;total;total;població;;11790
2007;Sant Sadurní d'Osormort;total;homes;població;;50
2007;Sant Sadurní d'Osormort;total;dones;població;;36
2007;Sant Sadurní d'Osormort;total;total;població;;86
2007;Sant Salvador de Guardiola;total;homes;població;;1526
2007;Sant Salvador de Guardiola;total;dones;població;;1444
2007;Sant Salvador de Guardiola;total;total;població;;2970
2007;Sant Vicenç de Castellet;total;homes;població;;3932
2007;Sant Vicenç de Castellet;total;dones;població;;4164
2007;Sant Vicenç de Castellet;total;total;població;;8096
2007;Sant Vicenç de Montalt;total;homes;població;;2680
2007;Sant Vicenç de Montalt;total;dones;població;;2587
2007;Sant Vicenç de Montalt;total;total;població;;5267
2007;Sant Vicenç de Torelló;total;homes;població;;938
2007;Sant Vicenç de Torelló;total;dones;població;;1020
2007;Sant Vicenç de Torelló;total;total;població;;1958
2007;Sant Vicenç dels Horts;total;homes;població;;13558
2007;Sant Vicenç dels Horts;total;dones;població;;13548
2007;Sant Vicenç dels Horts;total;total;població;;27106
2007;Santa Bàrbara;total;homes;població;;1939
2007;Santa Bàrbara;total;dones;població;;1866
2007;Santa Bàrbara;total;total;població;;3805
2007;Santa Cecília de Voltregà;total;homes;població;;98
2007;Santa Cecília de Voltregà;total;dones;població;;91
2007;Santa Cecília de Voltregà;total;total;població;;189
2007;Santa Coloma de Cervelló;total;homes;població;;3748
2007;Santa Coloma de Cervelló;total;dones;població;;3760
2007;Santa Coloma de Cervelló;total;total;població;;7508
2007;Santa Coloma de Farners;total;homes;població;;5715
2007;Santa Coloma de Farners;total;dones;població;;5375
2007;Santa Coloma de Farners;total;total;població;;11090
2007;Santa Coloma de Gramenet;total;homes;població;;59329
2007;Santa Coloma de Gramenet;total;dones;població;;57436
2007;Santa Coloma de Gramenet;total;total;població;;116765
2007;Santa Coloma de Queralt;total;homes;població;;1531
2007;Santa Coloma de Queralt;total;dones;població;;1527
2007;Santa Coloma de Queralt;total;total;població;;3058
2007;Santa Cristina d'Aro;total;homes;població;;2330
2007;Santa Cristina d'Aro;total;dones;població;;2217
2007;Santa Cristina d'Aro;total;total;població;;4547
2007;Santa Eugènia de Berga;total;homes;població;;1152
2007;Santa Eugènia de Berga;total;dones;població;;1042
2007;Santa Eugènia de Berga;total;total;població;;2194
2007;Santa Eulàlia de Riuprimer;total;homes;població;;486
2007;Santa Eulàlia de Riuprimer;total;dones;població;;468
2007;Santa Eulàlia de Riuprimer;total;total;població;;954
2007;Santa Eulàlia de Ronçana;total;homes;població;;3239
2007;Santa Eulàlia de Ronçana;total;dones;població;;3219
2007;Santa Eulàlia de Ronçana;total;total;població;;6458
2007;Santa Fe del Penedès;total;homes;població;;182
2007;Santa Fe del Penedès;total;dones;població;;184
2007;Santa Fe del Penedès;total;total;població;;366
2007;Santa Llogaia d'Àlguema;total;homes;població;;161
2007;Santa Llogaia d'Àlguema;total;dones;població;;149
2007;Santa Llogaia d'Àlguema;total;total;població;;310
2007;Santa Margarida de Montbui;total;homes;població;;4945
2007;Santa Margarida de Montbui;total;dones;població;;4880
2007;Santa Margarida de Montbui;total;total;població;;9825
2007;Santa Margarida i els Monjos;total;homes;població;;3355
2007;Santa Margarida i els Monjos;total;dones;població;;3104
2007;Santa Margarida i els Monjos;total;total;població;;6459
2007;Santa Maria d'Oló;total;homes;població;;548
2007;Santa Maria d'Oló;total;dones;població;;539
2007;Santa Maria d'Oló;total;total;població;;1087
2007;Santa Maria de Besora;total;homes;població;;92
2007;Santa Maria de Besora;total;dones;població;;91
2007;Santa Maria de Besora;total;total;població;;183
2007;Santa Maria de Martorelles;total;homes;població;;418
2007;Santa Maria de Martorelles;total;dones;població;;388
2007;Santa Maria de Martorelles;total;total;població;;806
2007;Santa Maria de Merlès;total;homes;població;;77
2007;Santa Maria de Merlès;total;dones;població;;74
2007;Santa Maria de Merlès;total;total;població;;151
2007;Santa Maria de Miralles;total;homes;població;;61
2007;Santa Maria de Miralles;total;dones;població;;67
2007;Santa Maria de Miralles;total;total;població;;128
2007;Santa Maria de Palautordera;total;homes;població;;4262
2007;Santa Maria de Palautordera;total;dones;població;;3973
2007;Santa Maria de Palautordera;total;total;població;;8235
2007;Santa Oliva;total;homes;població;;1591
2007;Santa Oliva;total;dones;població;;1397
2007;Santa Oliva;total;total;població;;2988
2007;Santa Pau;total;homes;població;;792
2007;Santa Pau;total;dones;població;;775
2007;Santa Pau;total;total;població;;1567
2007;Santa Perpètua de Mogoda;total;homes;població;;12034
2007;Santa Perpètua de Mogoda;total;dones;població;;11409
2007;Santa Perpètua de Mogoda;total;total;població;;23443
2007;Santa Susanna;total;homes;població;;1557
2007;Santa Susanna;total;dones;població;;1462
2007;Santa Susanna;total;total;població;;3019
2007;Santpedor;total;homes;població;;3271
2007;Santpedor;total;dones;població;;3286
2007;Santpedor;total;total;població;;6557
2007;Sarral;total;homes;població;;859
2007;Sarral;total;dones;població;;801
2007;Sarral;total;total;població;;1660
2007;Sarrià de Ter;total;homes;població;;2054
2007;Sarrià de Ter;total;dones;població;;2090
2007;Sarrià de Ter;total;total;població;;4144
2007;Sarroca de Bellera;total;homes;població;;74
2007;Sarroca de Bellera;total;dones;població;;55
2007;Sarroca de Bellera;total;total;població;;129
2007;Sarroca de Lleida;total;homes;població;;225
2007;Sarroca de Lleida;total;dones;població;;205
2007;Sarroca de Lleida;total;total;població;;430
2007;Saus, Camallera i Llampaies;total;homes;població;;371
2007;Saus, Camallera i Llampaies;total;dones;població;;389
2007;Saus, Camallera i Llampaies;total;total;població;;760
2007;Savallà del Comtat;total;homes;població;;39
2007;Savallà del Comtat;total;dones;població;;32
2007;Savallà del Comtat;total;total;població;;71
2007;Secuita, la;total;homes;població;;700
2007;Secuita, la;total;dones;població;;663
2007;Secuita, la;total;total;població;;1363
2007;Selva de Mar, la;total;homes;població;;109
2007;Selva de Mar, la;total;dones;població;;107
2007;Selva de Mar, la;total;total;població;;216
2007;Selva del Camp, la;total;homes;població;;2587
2007;Selva del Camp, la;total;dones;població;;2510
2007;Selva del Camp, la;total;total;població;;5097
2007;Senan;total;homes;població;;35
2007;Senan;total;dones;població;;19
2007;Senan;total;total;població;;54
2007;Sénia, la;total;homes;població;;3153
2007;Sénia, la;total;dones;població;;2955
2007;Sénia, la;total;total;població;;6108
2007;Senterada;total;homes;població;;76
2007;Senterada;total;dones;població;;66
2007;Senterada;total;total;població;;142
2007;Sentiu de Sió, la;total;homes;població;;249
2007;Sentiu de Sió, la;total;dones;població;;258
2007;Sentiu de Sió, la;total;total;població;;507
2007;Sentmenat;total;homes;població;;3723
2007;Sentmenat;total;dones;població;;3653
2007;Sentmenat;total;total;població;;7376
2007;Serinyà;total;homes;població;;558
2007;Serinyà;total;dones;població;;526
2007;Serinyà;total;total;població;;1084
2007;Seròs;total;homes;població;;1079
2007;Seròs;total;dones;població;;814
2007;Seròs;total;total;població;;1893
2007;Serra de Daró;total;homes;població;;108
2007;Serra de Daró;total;dones;població;;82
2007;Serra de Daró;total;total;població;;190
2007;Setcases;total;homes;població;;94
2007;Setcases;total;dones;població;;82
2007;Setcases;total;total;població;;176
2007;Seu d'Urgell, la;total;homes;població;;6282
2007;Seu d'Urgell, la;total;dones;població;;6421
2007;Seu d'Urgell, la;total;total;població;;12703
2007;Seva;total;homes;població;;1632
2007;Seva;total;dones;població;;1559
2007;Seva;total;total;població;;3191
2007;Sidamon;total;homes;població;;366
2007;Sidamon;total;dones;població;;341
2007;Sidamon;total;total;població;;707
2007;Sils;total;homes;població;;2215
2007;Sils;total;dones;població;;2132
2007;Sils;total;total;població;;4347
2007;Sitges;total;homes;població;;13038
2007;Sitges;total;dones;població;;13187
2007;Sitges;total;total;població;;26225
2007;Siurana;total;homes;població;;110
2007;Siurana;total;dones;població;;95
2007;Siurana;total;total;població;;205
2007;Sobremunt;total;homes;població;;48
2007;Sobremunt;total;dones;població;;50
2007;Sobremunt;total;total;població;;98
2007;Soleràs, el;total;homes;població;;215
2007;Soleràs, el;total;dones;població;;192
2007;Soleràs, el;total;total;població;;407
2007;Solivella;total;homes;població;;346
2007;Solivella;total;dones;població;;340
2007;Solivella;total;total;població;;686
2007;Solsona;total;homes;població;;4592
2007;Solsona;total;dones;població;;4408
2007;Solsona;total;total;població;;9000
2007;Sora;total;homes;població;;100
2007;Sora;total;dones;població;;78
2007;Sora;total;total;població;;178
2007;Soriguera;total;homes;població;;180
2007;Soriguera;total;dones;població;;161
2007;Soriguera;total;total;població;;341
2007;Sort;total;homes;població;;1166
2007;Sort;total;dones;població;;1098
2007;Sort;total;total;població;;2264
2007;Soses;total;homes;població;;895
2007;Soses;total;dones;població;;777
2007;Soses;total;total;població;;1672
2007;Subirats;total;homes;població;;1505
2007;Subirats;total;dones;població;;1503
2007;Subirats;total;total;població;;3008
2007;Sudanell;total;homes;població;;461
2007;Sudanell;total;dones;població;;372
2007;Sudanell;total;total;població;;833
2007;Sunyer;total;homes;població;;149
2007;Sunyer;total;dones;població;;141
2007;Sunyer;total;total;població;;290
2007;Súria;total;homes;població;;3131
2007;Súria;total;dones;població;;3238
2007;Súria;total;total;població;;6369
2007;Susqueda;total;homes;població;;69
2007;Susqueda;total;dones;població;;57
2007;Susqueda;total;total;població;;126
2007;Tagamanent;total;homes;població;;157
2007;Tagamanent;total;dones;població;;144
2007;Tagamanent;total;total;població;;301
2007;Talamanca;total;homes;població;;75
2007;Talamanca;total;dones;població;;65
2007;Talamanca;total;total;població;;140
2007;Talarn;total;homes;població;;187
2007;Talarn;total;dones;població;;195
2007;Talarn;total;total;població;;382
2007;Talavera;total;homes;població;;175
2007;Talavera;total;dones;població;;131
2007;Talavera;total;total;població;;306
2007;Tallada d'Empordà, la;total;homes;població;;210
2007;Tallada d'Empordà, la;total;dones;població;;185
2007;Tallada d'Empordà, la;total;total;població;;395
2007;Taradell;total;homes;població;;3027
2007;Taradell;total;dones;població;;2837
2007;Taradell;total;total;població;;5864
2007;Tarragona;total;homes;població;;66343
2007;Tarragona;total;dones;població;;67820
2007;Tarragona;total;total;població;;134163
2007;Tàrrega;total;homes;població;;7820
2007;Tàrrega;total;dones;població;;7695
2007;Tàrrega;total;total;població;;15515
2007;Tarrés;total;homes;població;;55
2007;Tarrés;total;dones;població;;54
2007;Tarrés;total;total;població;;109
2007;Tarroja de Segarra;total;homes;població;;91
2007;Tarroja de Segarra;total;dones;població;;81
2007;Tarroja de Segarra;total;total;població;;172
2007;Tavèrnoles;total;homes;població;;157
2007;Tavèrnoles;total;dones;població;;153
2007;Tavèrnoles;total;total;població;;310
2007;Tavertet;total;homes;població;;80
2007;Tavertet;total;dones;població;;67
2007;Tavertet;total;total;població;;147
2007;Teià;total;homes;població;;3037
2007;Teià;total;dones;població;;2932
2007;Teià;total;total;població;;5969
2007;Térmens;total;homes;població;;760
2007;Térmens;total;dones;població;;729
2007;Térmens;total;total;població;;1489
2007;Terrades;total;homes;població;;138
2007;Terrades;total;dones;població;;128
2007;Terrades;total;total;població;;266
2007;Terrassa;total;homes;població;;100692
2007;Terrassa;total;dones;població;;101444
2007;Terrassa;total;total;població;;202136
2007;Tiana;total;homes;població;;3639
2007;Tiana;total;dones;població;;3778
2007;Tiana;total;total;població;;7417
2007;Tírvia;total;homes;població;;72
2007;Tírvia;total;dones;població;;58
2007;Tírvia;total;total;població;;130
2007;Tiurana;total;homes;població;;30
2007;Tiurana;total;dones;població;;26
2007;Tiurana;total;total;població;;56
2007;Tivenys;total;homes;població;;474
2007;Tivenys;total;dones;població;;452
2007;Tivenys;total;total;població;;926
2007;Tivissa;total;homes;població;;897
2007;Tivissa;total;dones;població;;884
2007;Tivissa;total;total;població;;1781
2007;Tona;total;homes;població;;3806
2007;Tona;total;dones;població;;3772
2007;Tona;total;total;població;;7578
2007;Torà;total;homes;població;;688
2007;Torà;total;dones;població;;645
2007;Torà;total;total;població;;1333
2007;Tordera;total;homes;població;;7145
2007;Tordera;total;dones;població;;6872
2007;Tordera;total;total;població;;14017
2007;Torelló;total;homes;població;;6658
2007;Torelló;total;dones;població;;6791
2007;Torelló;total;total;població;;13449
2007;Torms, els;total;homes;població;;98
2007;Torms, els;total;dones;població;;84
2007;Torms, els;total;total;població;;182
2007;Tornabous;total;homes;població;;436
2007;Tornabous;total;dones;població;;386
2007;Tornabous;total;total;població;;822
2007;Torre de Cabdella, la;total;homes;població;;400
2007;Torre de Cabdella, la;total;dones;població;;392
2007;Torre de Cabdella, la;total;total;població;;792
2007;Torre de Claramunt, la;total;homes;població;;1808
2007;Torre de Claramunt, la;total;dones;població;;1658
2007;Torre de Claramunt, la;total;total;població;;3466
2007;Torre de Fontaubella, la;total;homes;població;;68
2007;Torre de Fontaubella, la;total;dones;població;;69
2007;Torre de Fontaubella, la;total;total;població;;137
2007;Torre de l'Espanyol, la;total;homes;població;;351
2007;Torre de l'Espanyol, la;total;dones;població;;330
2007;Torre de l'Espanyol, la;total;total;població;;681
2007;Torrebesses;total;homes;població;;156
2007;Torrebesses;total;dones;població;;150
2007;Torrebesses;total;total;població;;306
2007;Torredembarra;total;homes;població;;7247
2007;Torredembarra;total;dones;població;;7277
2007;Torredembarra;total;total;població;;14524
2007;Torrefarrera;total;homes;població;;1717
2007;Torrefarrera;total;dones;població;;1621
2007;Torrefarrera;total;total;població;;3338
2007;Torrefeta i Florejacs;total;homes;població;;324
2007;Torrefeta i Florejacs;total;dones;població;;313
2007;Torrefeta i Florejacs;total;total;població;;637
2007;Torregrossa;total;homes;població;;1146
2007;Torregrossa;total;dones;població;;1113
2007;Torregrossa;total;total;població;;2259
2007;Torrelameu;total;homes;població;;355
2007;Torrelameu;total;dones;població;;282
2007;Torrelameu;total;total;població;;637
2007;Torrelavit;total;homes;població;;698
2007;Torrelavit;total;dones;població;;577
2007;Torrelavit;total;total;població;;1275
2007;Torrelles de Foix;total;homes;població;;1227
2007;Torrelles de Foix;total;dones;població;;1080
2007;Torrelles de Foix;total;total;població;;2307
2007;Torrelles de Llobregat;total;homes;població;;2494
2007;Torrelles de Llobregat;total;dones;població;;2480
2007;Torrelles de Llobregat;total;total;població;;4974
2007;Torrent;total;homes;població;;98
2007;Torrent;total;dones;població;;93
2007;Torrent;total;total;població;;191
2007;Torres de Segre;total;homes;població;;1055
2007;Torres de Segre;total;dones;població;;966
2007;Torres de Segre;total;total;població;;2021
2007;Torre-serona;total;homes;població;;182
2007;Torre-serona;total;dones;població;;166
2007;Torre-serona;total;total;població;;348
2007;Torroella de Fluvià;total;homes;població;;305
2007;Torroella de Fluvià;total;dones;població;;251
2007;Torroella de Fluvià;total;total;població;;556
2007;Torroella de Montgrí;total;homes;població;;5569
2007;Torroella de Montgrí;total;dones;població;;5355
2007;Torroella de Montgrí;total;total;població;;10924
2007;Torroja del Priorat;total;homes;població;;85
2007;Torroja del Priorat;total;dones;població;;62
2007;Torroja del Priorat;total;total;població;;147
2007;Tortellà;total;homes;població;;377
2007;Tortellà;total;dones;població;;372
2007;Tortellà;total;total;població;;749
2007;Tortosa;total;homes;població;;17903
2007;Tortosa;total;dones;població;;16929
2007;Tortosa;total;total;població;;34832
2007;Toses;total;homes;població;;97
2007;Toses;total;dones;població;;61
2007;Toses;total;total;població;;158
2007;Tossa de Mar;total;homes;població;;2873
2007;Tossa de Mar;total;dones;població;;2789
2007;Tossa de Mar;total;total;població;;5662
2007;Tremp;total;homes;població;;2979
2007;Tremp;total;dones;població;;3043
2007;Tremp;total;total;població;;6022
2007;Ullà;total;homes;població;;593
2007;Ullà;total;dones;població;;426
2007;Ullà;total;total;població;;1019
2007;Ullastrell;total;homes;població;;865
2007;Ullastrell;total;dones;població;;822
2007;Ullastrell;total;total;població;;1687
2007;Ullastret;total;homes;població;;113
2007;Ullastret;total;dones;població;;105
2007;Ullastret;total;total;població;;218
2007;Ulldecona;total;homes;població;;3416
2007;Ulldecona;total;dones;població;;3150
2007;Ulldecona;total;total;població;;6566
2007;Ulldemolins;total;homes;població;;272
2007;Ulldemolins;total;dones;població;;221
2007;Ulldemolins;total;total;població;;493
2007;Ultramort;total;homes;població;;116
2007;Ultramort;total;dones;població;;80
2007;Ultramort;total;total;població;;196
2007;Urús;total;homes;població;;106
2007;Urús;total;dones;població;;94
2007;Urús;total;total;població;;200
2007;Vacarisses;total;homes;població;;2814
2007;Vacarisses;total;dones;població;;2617
2007;Vacarisses;total;total;població;;5431
2007;Vajol, la;total;homes;població;;63
2007;Vajol, la;total;dones;població;;46
2007;Vajol, la;total;total;població;;109
2007;Vall d'en Bas, la;total;homes;població;;1354
2007;Vall d'en Bas, la;total;dones;població;;1326
2007;Vall d'en Bas, la;total;total;població;;2680
2007;Vall de Bianya, la;total;homes;població;;658
2007;Vall de Bianya, la;total;dones;població;;646
2007;Vall de Bianya, la;total;total;població;;1304
2007;Vall de Boí, la;total;homes;població;;572
2007;Vall de Boí, la;total;dones;població;;477
2007;Vall de Boí, la;total;total;població;;1049
2007;Vall de Cardós;total;homes;població;;220
2007;Vall de Cardós;total;dones;població;;179
2007;Vall de Cardós;total;total;població;;399
2007;Vallbona d'Anoia;total;homes;població;;672
2007;Vallbona d'Anoia;total;dones;població;;665
2007;Vallbona d'Anoia;total;total;població;;1337
2007;Vallbona de les Monges;total;homes;població;;126
2007;Vallbona de les Monges;total;dones;població;;123
2007;Vallbona de les Monges;total;total;població;;249
2007;Vallcebre;total;homes;població;;147
2007;Vallcebre;total;dones;població;;122
2007;Vallcebre;total;total;població;;269
2007;Vallclara;total;homes;població;;68
2007;Vallclara;total;dones;població;;50
2007;Vallclara;total;total;població;;118
2007;Vallfogona de Balaguer;total;homes;població;;837
2007;Vallfogona de Balaguer;total;dones;població;;823
2007;Vallfogona de Balaguer;total;total;població;;1660
2007;Vallfogona de Ripollès;total;homes;població;;119
2007;Vallfogona de Ripollès;total;dones;població;;100
2007;Vallfogona de Ripollès;total;total;població;;219
2007;Vallfogona de Riucorb;total;homes;població;;88
2007;Vallfogona de Riucorb;total;dones;població;;70
2007;Vallfogona de Riucorb;total;total;població;;158
2007;Vallgorguina;total;homes;població;;1122
2007;Vallgorguina;total;dones;població;;1071
2007;Vallgorguina;total;total;població;;2193
2007;Vallirana;total;homes;població;;6681
2007;Vallirana;total;dones;població;;6645
2007;Vallirana;total;total;població;;13326
2007;Vall-llobrega;total;homes;població;;400
2007;Vall-llobrega;total;dones;població;;378
2007;Vall-llobrega;total;total;població;;778
2007;Vallmoll;total;homes;població;;813
2007;Vallmoll;total;dones;població;;716
2007;Vallmoll;total;total;població;;1529
2007;Vallromanes;total;homes;població;;1113
2007;Vallromanes;total;dones;població;;1091
2007;Vallromanes;total;total;població;;2204
2007;Valls;total;homes;població;;12035
2007;Valls;total;dones;població;;11913
2007;Valls;total;total;població;;23948
2007;Valls d'Aguilar, les;total;homes;població;;172
2007;Valls d'Aguilar, les;total;dones;població;;142
2007;Valls d'Aguilar, les;total;total;població;;314
2007;Valls de Valira, les;total;homes;població;;480
2007;Valls de Valira, les;total;dones;població;;395
2007;Valls de Valira, les;total;total;població;;875
2007;Vandellòs i l'Hospitalet de l'Infant;total;homes;població;;2777
2007;Vandellòs i l'Hospitalet de l'Infant;total;dones;població;;2643
2007;Vandellòs i l'Hospitalet de l'Infant;total;total;població;;5420
2007;Vansa i Fórnols, la;total;homes;població;;106
2007;Vansa i Fórnols, la;total;dones;població;;89
2007;Vansa i Fórnols, la;total;total;població;;195
2007;Veciana;total;homes;població;;92
2007;Veciana;total;dones;població;;79
2007;Veciana;total;total;població;;171
2007;Vendrell, el;total;homes;població;;16891
2007;Vendrell, el;total;dones;població;;16449
2007;Vendrell, el;total;total;població;;33340
2007;Ventalló;total;homes;població;;383
2007;Ventalló;total;dones;població;;342
2007;Ventalló;total;total;població;;725
2007;Verdú;total;homes;població;;491
2007;Verdú;total;dones;població;;523
2007;Verdú;total;total;població;;1014
2007;Verges;total;homes;població;;588
2007;Verges;total;dones;població;;587
2007;Verges;total;total;població;;1175
2007;Vespella de Gaià;total;homes;població;;207
2007;Vespella de Gaià;total;dones;població;;172
2007;Vespella de Gaià;total;total;població;;379
2007;Vic;total;homes;població;;19334
2007;Vic;total;dones;població;;18987
2007;Vic;total;total;població;;38321
2007;Vidrà;total;homes;població;;89
2007;Vidrà;total;dones;població;;90
2007;Vidrà;total;total;població;;179
2007;Vidreres;total;homes;població;;3666
2007;Vidreres;total;dones;població;;3350
2007;Vidreres;total;total;població;;7016
2007;Vielha e Mijaran;total;homes;població;;2883
2007;Vielha e Mijaran;total;dones;població;;2502
2007;Vielha e Mijaran;total;total;població;;5385
2007;Vilabella;total;homes;població;;401
2007;Vilabella;total;dones;població;;388
2007;Vilabella;total;total;població;;789
2007;Vilabertran;total;homes;població;;439
2007;Vilabertran;total;dones;població;;405
2007;Vilabertran;total;total;població;;844
2007;Vilablareix;total;homes;població;;1133
2007;Vilablareix;total;dones;població;;1133
2007;Vilablareix;total;total;població;;2266
2007;Vilada;total;homes;població;;261
2007;Vilada;total;dones;població;;258
2007;Vilada;total;total;població;;519
2007;Viladamat;total;homes;població;;229
2007;Viladamat;total;dones;població;;211
2007;Viladamat;total;total;població;;440
2007;Viladasens;total;homes;població;;98
2007;Viladasens;total;dones;població;;102
2007;Viladasens;total;total;població;;200
2007;Viladecans;total;homes;població;;30998
2007;Viladecans;total;dones;població;;30720
2007;Viladecans;total;total;població;;61718
2007;Viladecavalls;total;homes;població;;3565
2007;Viladecavalls;total;dones;població;;3514
2007;Viladecavalls;total;total;població;;7079
2007;Vilademuls;total;homes;població;;406
2007;Vilademuls;total;dones;població;;363
2007;Vilademuls;total;total;població;;769
2007;Viladrau;total;homes;població;;535
2007;Viladrau;total;dones;població;;501
2007;Viladrau;total;total;població;;1036
2007;Vilafant;total;homes;població;;2595
2007;Vilafant;total;dones;població;;2598
2007;Vilafant;total;total;població;;5193
2007;Vilafranca del Penedès;total;homes;població;;18279
2007;Vilafranca del Penedès;total;dones;població;;18377
2007;Vilafranca del Penedès;total;total;població;;36656
2007;Vilagrassa;total;homes;població;;237
2007;Vilagrassa;total;dones;població;;214
2007;Vilagrassa;total;total;població;;451
2007;Vilajuïga;total;homes;població;;562
2007;Vilajuïga;total;dones;població;;555
2007;Vilajuïga;total;total;població;;1117
2007;Vilalba dels Arcs;total;homes;població;;388
2007;Vilalba dels Arcs;total;dones;població;;349
2007;Vilalba dels Arcs;total;total;població;;737
2007;Vilalba Sasserra;total;homes;població;;298
2007;Vilalba Sasserra;total;dones;població;;290
2007;Vilalba Sasserra;total;total;població;;588
2007;Vilaller;total;homes;població;;381
2007;Vilaller;total;dones;població;;275
2007;Vilaller;total;total;població;;656
2007;Vilallonga de Ter;total;homes;població;;249
2007;Vilallonga de Ter;total;dones;població;;210
2007;Vilallonga de Ter;total;total;població;;459
2007;Vilallonga del Camp;total;homes;població;;823
2007;Vilallonga del Camp;total;dones;població;;808
2007;Vilallonga del Camp;total;total;població;;1631
2007;Vilamacolum;total;homes;població;;153
2007;Vilamacolum;total;dones;població;;140
2007;Vilamacolum;total;total;població;;293
2007;Vilamalla;total;homes;població;;588
2007;Vilamalla;total;dones;població;;518
2007;Vilamalla;total;total;població;;1106
2007;Vilamaniscle;total;homes;població;;94
2007;Vilamaniscle;total;dones;població;;78
2007;Vilamaniscle;total;total;població;;172
2007;Vilamòs;total;homes;població;;100
2007;Vilamòs;total;dones;població;;84
2007;Vilamòs;total;total;població;;184
2007;Vilanant;total;homes;població;;161
2007;Vilanant;total;dones;població;;167
2007;Vilanant;total;total;població;;328
2007;Vilanova d'Escornalbou;total;homes;població;;268
2007;Vilanova d'Escornalbou;total;dones;població;;234
2007;Vilanova d'Escornalbou;total;total;població;;502
2007;Vilanova de Bellpuig;total;homes;població;;581
2007;Vilanova de Bellpuig;total;dones;població;;538
2007;Vilanova de Bellpuig;total;total;població;;1119
2007;Vilanova de l'Aguda;total;homes;població;;121
2007;Vilanova de l'Aguda;total;dones;població;;114
2007;Vilanova de l'Aguda;total;total;població;;235
2007;Vilanova de la Barca;total;homes;població;;551
2007;Vilanova de la Barca;total;dones;població;;554
2007;Vilanova de la Barca;total;total;població;;1105
2007;Vilanova de Meià;total;homes;població;;214
2007;Vilanova de Meià;total;dones;població;;197
2007;Vilanova de Meià;total;total;població;;411
2007;Vilanova de Prades;total;homes;població;;79
2007;Vilanova de Prades;total;dones;població;;65
2007;Vilanova de Prades;total;total;població;;144
2007;Vilanova de Sau;total;homes;població;;154
2007;Vilanova de Sau;total;dones;població;;175
2007;Vilanova de Sau;total;total;població;;329
2007;Vilanova de Segrià;total;homes;població;;447
2007;Vilanova de Segrià;total;dones;població;;384
2007;Vilanova de Segrià;total;total;població;;831
2007;Vilanova del Camí;total;homes;població;;6263
2007;Vilanova del Camí;total;dones;població;;5945
2007;Vilanova del Camí;total;total;població;;12208
2007;Vilanova del Vallès;total;homes;població;;2122
2007;Vilanova del Vallès;total;dones;població;;1999
2007;Vilanova del Vallès;total;total;població;;4121
2007;Vilanova i la Geltrú;total;homes;població;;31168
2007;Vilanova i la Geltrú;total;dones;població;;32028
2007;Vilanova i la Geltrú;total;total;població;;63196
2007;Vilaplana;total;homes;població;;311
2007;Vilaplana;total;dones;població;;302
2007;Vilaplana;total;total;població;;613
2007;Vila-rodona;total;homes;població;;570
2007;Vila-rodona;total;dones;població;;542
2007;Vila-rodona;total;total;població;;1112
2007;Vila-sacra;total;homes;població;;251
2007;Vila-sacra;total;dones;població;;257
2007;Vila-sacra;total;total;població;;508
2007;Vila-sana;total;homes;població;;312
2007;Vila-sana;total;dones;població;;306
2007;Vila-sana;total;total;població;;618
2007;Vila-seca;total;homes;població;;9474
2007;Vila-seca;total;dones;població;;9204
2007;Vila-seca;total;total;població;;18678
2007;Vilassar de Dalt;total;homes;població;;4207
2007;Vilassar de Dalt;total;dones;població;;4269
2007;Vilassar de Dalt;total;total;població;;8476
2007;Vilassar de Mar;total;homes;població;;9298
2007;Vilassar de Mar;total;dones;població;;9754
2007;Vilassar de Mar;total;total;població;;19052
2007;Vilaür;total;homes;població;;73
2007;Vilaür;total;dones;població;;69
2007;Vilaür;total;total;població;;142
2007;Vilaverd;total;homes;població;;239
2007;Vilaverd;total;dones;població;;234
2007;Vilaverd;total;total;població;;473
2007;Vilella Alta, la;total;homes;població;;66
2007;Vilella Alta, la;total;dones;població;;49
2007;Vilella Alta, la;total;total;població;;115
2007;Vilella Baixa, la;total;homes;població;;107
2007;Vilella Baixa, la;total;dones;població;;95
2007;Vilella Baixa, la;total;total;població;;202
2007;Vilobí d'Onyar;total;homes;població;;1453
2007;Vilobí d'Onyar;total;dones;població;;1303
2007;Vilobí d'Onyar;total;total;població;;2756
2007;Vilobí del Penedès;total;homes;població;;557
2007;Vilobí del Penedès;total;dones;població;;514
2007;Vilobí del Penedès;total;total;població;;1071
2007;Vilopriu;total;homes;població;;100
2007;Vilopriu;total;dones;població;;87
2007;Vilopriu;total;total;població;;187
2007;Vilosell, el;total;homes;població;;104
2007;Vilosell, el;total;dones;població;;101
2007;Vilosell, el;total;total;població;;205
2007;Vimbodí i Poblet;total;homes;població;;592
2007;Vimbodí i Poblet;total;dones;població;;458
2007;Vimbodí i Poblet;total;total;població;;1050
2007;Vinaixa;total;homes;població;;305
2007;Vinaixa;total;dones;població;;286
2007;Vinaixa;total;total;població;;591
2007;Vinebre;total;homes;població;;249
2007;Vinebre;total;dones;població;;229
2007;Vinebre;total;total;població;;478
2007;Vinyols i els Arcs;total;homes;població;;813
2007;Vinyols i els Arcs;total;dones;població;;781
2007;Vinyols i els Arcs;total;total;població;;1594
2007;Viver i Serrateix;total;homes;població;;99
2007;Viver i Serrateix;total;dones;població;;93
2007;Viver i Serrateix;total;total;població;;192
2007;Xerta;total;homes;població;;644
2007;Xerta;total;dones;població;;652
2007;Xerta;total;total;població;;1296
2007;Catalunya;total;homes;població;;3578176
2007;Catalunya;total;dones;població;;3632332
2007;Catalunya;total;total;població;;7210508
