any;municipi;edat any a any;sexe;concepte;estat;valor
2020;Abella de la Conca;total;homes;població;;99
2020;Abella de la Conca;total;dones;població;;84
2020;Abella de la Conca;total;total;població;;183
2020;Abrera;total;homes;població;;6325
2020;Abrera;total;dones;població;;6213
2020;Abrera;total;total;població;;12538
2020;Àger;total;homes;població;;314
2020;Àger;total;dones;població;;266
2020;Àger;total;total;població;;580
2020;Agramunt;total;homes;població;;2710
2020;Agramunt;total;dones;població;;2701
2020;Agramunt;total;total;població;;5411
2020;Aguilar de Segarra;total;homes;població;;148
2020;Aguilar de Segarra;total;dones;població;;134
2020;Aguilar de Segarra;total;total;població;;282
2020;Agullana;total;homes;població;;431
2020;Agullana;total;dones;població;;432
2020;Agullana;total;total;població;;863
2020;Aiguafreda;total;homes;població;;1221
2020;Aiguafreda;total;dones;població;;1291
2020;Aiguafreda;total;total;població;;2512
2020;Aiguamúrcia;total;homes;població;;483
2020;Aiguamúrcia;total;dones;població;;447
2020;Aiguamúrcia;total;total;població;;930
2020;Aiguaviva;total;homes;població;;385
2020;Aiguaviva;total;dones;població;;380
2020;Aiguaviva;total;total;població;;765
2020;Aitona;total;homes;població;;1338
2020;Aitona;total;dones;població;;1229
2020;Aitona;total;total;població;;2567
2020;Alamús, els;total;homes;població;;412
2020;Alamús, els;total;dones;població;;399
2020;Alamús, els;total;total;població;;811
2020;Alàs i Cerc;total;homes;població;;158
2020;Alàs i Cerc;total;dones;població;;162
2020;Alàs i Cerc;total;total;població;;320
2020;Albagés, l';total;homes;població;;189
2020;Albagés, l';total;dones;població;;172
2020;Albagés, l';total;total;població;;361
2020;Albanyà;total;homes;població;;79
2020;Albanyà;total;dones;població;;76
2020;Albanyà;total;total;població;;155
2020;Albatàrrec;total;homes;població;;1142
2020;Albatàrrec;total;dones;població;;1094
2020;Albatàrrec;total;total;població;;2236
2020;Albesa;total;homes;població;;848
2020;Albesa;total;dones;població;;713
2020;Albesa;total;total;població;;1561
2020;Albi, l';total;homes;població;;378
2020;Albi, l';total;dones;població;;366
2020;Albi, l';total;total;població;;744
2020;Albinyana;total;homes;població;;1273
2020;Albinyana;total;dones;població;;1195
2020;Albinyana;total;total;població;;2468
2020;Albiol, l';total;homes;població;;272
2020;Albiol, l';total;dones;població;;228
2020;Albiol, l';total;total;població;;500
2020;Albons;total;homes;població;;391
2020;Albons;total;dones;població;;368
2020;Albons;total;total;població;;759
2020;Alcanar;total;homes;població;;4782
2020;Alcanar;total;dones;població;;4652
2020;Alcanar;total;total;població;;9434
2020;Alcanó;total;homes;població;;121
2020;Alcanó;total;dones;població;;117
2020;Alcanó;total;total;població;;238
2020;Alcarràs;total;homes;població;;5096
2020;Alcarràs;total;dones;població;;4611
2020;Alcarràs;total;total;població;;9707
2020;Alcoletge;total;homes;població;;1805
2020;Alcoletge;total;dones;població;;1630
2020;Alcoletge;total;total;població;;3435
2020;Alcover;total;homes;població;;2555
2020;Alcover;total;dones;població;;2589
2020;Alcover;total;total;població;;5144
2020;Aldea, l';total;homes;població;;2197
2020;Aldea, l';total;dones;població;;1950
2020;Aldea, l';total;total;població;;4147
2020;Aldover;total;homes;població;;457
2020;Aldover;total;dones;població;;448
2020;Aldover;total;total;població;;905
2020;Aleixar, l';total;homes;població;;458
2020;Aleixar, l';total;dones;població;;435
2020;Aleixar, l';total;total;població;;893
2020;Alella;total;homes;població;;4838
2020;Alella;total;dones;població;;5066
2020;Alella;total;total;població;;9904
2020;Alfara de Carles;total;homes;població;;201
2020;Alfara de Carles;total;dones;població;;175
2020;Alfara de Carles;total;total;població;;376
2020;Alfarràs;total;homes;població;;1440
2020;Alfarràs;total;dones;població;;1325
2020;Alfarràs;total;total;població;;2765
2020;Alfés;total;homes;població;;159
2020;Alfés;total;dones;població;;138
2020;Alfés;total;total;població;;297
2020;Alforja;total;homes;població;;919
2020;Alforja;total;dones;població;;864
2020;Alforja;total;total;població;;1783
2020;Algerri;total;homes;població;;219
2020;Algerri;total;dones;població;;185
2020;Algerri;total;total;població;;404
2020;Alguaire;total;homes;població;;1606
2020;Alguaire;total;dones;població;;1423
2020;Alguaire;total;total;població;;3029
2020;Alins;total;homes;població;;143
2020;Alins;total;dones;població;;129
2020;Alins;total;total;població;;272
2020;Alió;total;homes;població;;219
2020;Alió;total;dones;població;;239
2020;Alió;total;total;població;;458
2020;Almacelles;total;homes;població;;3649
2020;Almacelles;total;dones;població;;3177
2020;Almacelles;total;total;població;;6826
2020;Almatret;total;homes;població;;170
2020;Almatret;total;dones;població;;135
2020;Almatret;total;total;població;;305
2020;Almenar;total;homes;població;;1774
2020;Almenar;total;dones;població;;1583
2020;Almenar;total;total;població;;3357
2020;Almoster;total;homes;població;;674
2020;Almoster;total;dones;població;;667
2020;Almoster;total;total;població;;1341
2020;Alòs de Balaguer;total;homes;població;;79
2020;Alòs de Balaguer;total;dones;població;;53
2020;Alòs de Balaguer;total;total;població;;132
2020;Alp;total;homes;població;;823
2020;Alp;total;dones;població;;770
2020;Alp;total;total;població;;1593
2020;Alpens;total;homes;població;;137
2020;Alpens;total;dones;població;;124
2020;Alpens;total;total;població;;261
2020;Alpicat;total;homes;població;;3138
2020;Alpicat;total;dones;població;;3128
2020;Alpicat;total;total;població;;6266
2020;Alt Àneu;total;homes;població;;239
2020;Alt Àneu;total;dones;població;;175
2020;Alt Àneu;total;total;població;;414
2020;Altafulla;total;homes;població;;2579
2020;Altafulla;total;dones;població;;2728
2020;Altafulla;total;total;població;;5307
2020;Amer;total;homes;població;;1144
2020;Amer;total;dones;població;;1188
2020;Amer;total;total;població;;2332
2020;Ametlla de Mar, l';total;homes;població;;3492
2020;Ametlla de Mar, l';total;dones;població;;3374
2020;Ametlla de Mar, l';total;total;població;;6866
2020;Ametlla del Vallès, l';total;homes;població;;4358
2020;Ametlla del Vallès, l';total;dones;població;;4288
2020;Ametlla del Vallès, l';total;total;població;;8646
2020;Ampolla, l';total;homes;població;;1683
2020;Ampolla, l';total;dones;població;;1594
2020;Ampolla, l';total;total;població;;3277
2020;Amposta;total;homes;població;;10675
2020;Amposta;total;dones;població;;10440
2020;Amposta;total;total;població;;21115
2020;Anglès;total;homes;població;;2817
2020;Anglès;total;dones;població;;2837
2020;Anglès;total;total;població;;5654
2020;Anglesola;total;homes;població;;689
2020;Anglesola;total;dones;població;;676
2020;Anglesola;total;total;població;;1365
2020;Arbeca;total;homes;població;;1101
2020;Arbeca;total;dones;població;;1025
2020;Arbeca;total;total;població;;2126
2020;Arboç, l';total;homes;població;;2881
2020;Arboç, l';total;dones;població;;2728
2020;Arboç, l';total;total;població;;5609
2020;Arbolí;total;homes;població;;74
2020;Arbolí;total;dones;població;;53
2020;Arbolí;total;total;població;;127
2020;Arbúcies;total;homes;població;;3416
2020;Arbúcies;total;dones;població;;3192
2020;Arbúcies;total;total;població;;6608
2020;Arenys de Mar;total;homes;població;;7761
2020;Arenys de Mar;total;dones;població;;8180
2020;Arenys de Mar;total;total;població;;15941
2020;Arenys de Munt;total;homes;població;;4591
2020;Arenys de Munt;total;dones;població;;4530
2020;Arenys de Munt;total;total;població;;9121
2020;Argelaguer;total;homes;població;;207
2020;Argelaguer;total;dones;població;;189
2020;Argelaguer;total;total;població;;396
2020;Argençola;total;homes;població;;113
2020;Argençola;total;dones;població;;106
2020;Argençola;total;total;població;;219
2020;Argentera, l';total;homes;població;;66
2020;Argentera, l';total;dones;població;;51
2020;Argentera, l';total;total;població;;117
2020;Argentona;total;homes;població;;6197
2020;Argentona;total;dones;població;;6339
2020;Argentona;total;total;població;;12536
2020;Armentera, l';total;homes;població;;478
2020;Armentera, l';total;dones;població;;473
2020;Armentera, l';total;total;població;;951
2020;Arnes;total;homes;població;;219
2020;Arnes;total;dones;població;;225
2020;Arnes;total;total;població;;444
2020;Arres;total;homes;població;;39
2020;Arres;total;dones;població;;21
2020;Arres;total;total;població;;60
2020;Arsèguel;total;homes;població;;46
2020;Arsèguel;total;dones;població;;35
2020;Arsèguel;total;total;població;;81
2020;Artés;total;homes;població;;2911
2020;Artés;total;dones;població;;2851
2020;Artés;total;total;població;;5762
2020;Artesa de Lleida;total;homes;població;;816
2020;Artesa de Lleida;total;dones;població;;719
2020;Artesa de Lleida;total;total;població;;1535
2020;Artesa de Segre;total;homes;població;;1756
2020;Artesa de Segre;total;dones;població;;1644
2020;Artesa de Segre;total;total;població;;3400
2020;Ascó;total;homes;població;;844
2020;Ascó;total;dones;població;;800
2020;Ascó;total;total;població;;1644
2020;Aspa;total;homes;població;;115
2020;Aspa;total;dones;població;;105
2020;Aspa;total;total;població;;220
2020;Avellanes i Santa Linya, les;total;homes;població;;249
2020;Avellanes i Santa Linya, les;total;dones;població;;184
2020;Avellanes i Santa Linya, les;total;total;població;;433
2020;Avià;total;homes;població;;1113
2020;Avià;total;dones;població;;1107
2020;Avià;total;total;població;;2220
2020;Avinyó;total;homes;població;;1137
2020;Avinyó;total;dones;població;;1152
2020;Avinyó;total;total;població;;2289
2020;Avinyonet de Puigventós;total;homes;població;;818
2020;Avinyonet de Puigventós;total;dones;població;;823
2020;Avinyonet de Puigventós;total;total;població;;1641
2020;Avinyonet del Penedès;total;homes;població;;899
2020;Avinyonet del Penedès;total;dones;població;;798
2020;Avinyonet del Penedès;total;total;població;;1697
2020;Badalona;total;homes;població;;110018
2020;Badalona;total;dones;població;;113148
2020;Badalona;total;total;població;;223166
2020;Badia del Vallès;total;homes;població;;6568
2020;Badia del Vallès;total;dones;població;;6847
2020;Badia del Vallès;total;total;població;;13415
2020;Bagà;total;homes;població;;1061
2020;Bagà;total;dones;població;;1079
2020;Bagà;total;total;població;;2140
2020;Baix Pallars;total;homes;població;;180
2020;Baix Pallars;total;dones;població;;151
2020;Baix Pallars;total;total;població;;331
2020;Balaguer;total;homes;població;;8953
2020;Balaguer;total;dones;població;;8519
2020;Balaguer;total;total;població;;17472
2020;Balenyà;total;homes;població;;1921
2020;Balenyà;total;dones;població;;1919
2020;Balenyà;total;total;població;;3840
2020;Balsareny;total;homes;població;;1576
2020;Balsareny;total;dones;població;;1616
2020;Balsareny;total;total;població;;3192
2020;Banyeres del Penedès;total;homes;població;;1625
2020;Banyeres del Penedès;total;dones;població;;1582
2020;Banyeres del Penedès;total;total;població;;3207
2020;Banyoles;total;homes;població;;9986
2020;Banyoles;total;dones;població;;10067
2020;Banyoles;total;total;població;;20053
2020;Barbens;total;homes;població;;468
2020;Barbens;total;dones;població;;410
2020;Barbens;total;total;població;;878
2020;Barberà de la Conca;total;homes;població;;260
2020;Barberà de la Conca;total;dones;població;;211
2020;Barberà de la Conca;total;total;població;;471
2020;Barberà del Vallès;total;homes;població;;16395
2020;Barberà del Vallès;total;dones;població;;16939
2020;Barberà del Vallès;total;total;població;;33334
2020;Barcelona;total;homes;població;;790708
2020;Barcelona;total;dones;població;;873474
2020;Barcelona;total;total;població;;1664182
2020;Baronia de Rialb, la;total;homes;població;;116
2020;Baronia de Rialb, la;total;dones;població;;113
2020;Baronia de Rialb, la;total;total;població;;229
2020;Bàscara;total;homes;població;;521
2020;Bàscara;total;dones;població;;480
2020;Bàscara;total;total;població;;1001
2020;Bassella;total;homes;població;;112
2020;Bassella;total;dones;població;;105
2020;Bassella;total;total;població;;217
2020;Batea;total;homes;població;;949
2020;Batea;total;dones;població;;952
2020;Batea;total;total;població;;1901
2020;Bausen;total;homes;població;;30
2020;Bausen;total;dones;població;;30
2020;Bausen;total;total;població;;60
2020;Begues;total;homes;població;;3650
2020;Begues;total;dones;població;;3650
2020;Begues;total;total;població;;7300
2020;Begur;total;homes;població;;1955
2020;Begur;total;dones;població;;1936
2020;Begur;total;total;població;;3891
2020;Belianes;total;homes;població;;261
2020;Belianes;total;dones;població;;259
2020;Belianes;total;total;població;;520
2020;Bellaguarda;total;homes;població;;150
2020;Bellaguarda;total;dones;població;;137
2020;Bellaguarda;total;total;població;;287
2020;Bellcaire d'Empordà;total;homes;població;;325
2020;Bellcaire d'Empordà;total;dones;població;;353
2020;Bellcaire d'Empordà;total;total;població;;678
2020;Bellcaire d'Urgell;total;homes;població;;607
2020;Bellcaire d'Urgell;total;dones;població;;592
2020;Bellcaire d'Urgell;total;total;població;;1199
2020;Bell-lloc d'Urgell;total;homes;població;;1159
2020;Bell-lloc d'Urgell;total;dones;població;;1176
2020;Bell-lloc d'Urgell;total;total;població;;2335
2020;Bellmunt d'Urgell;total;homes;població;;90
2020;Bellmunt d'Urgell;total;dones;població;;95
2020;Bellmunt d'Urgell;total;total;població;;185
2020;Bellmunt del Priorat;total;homes;població;;142
2020;Bellmunt del Priorat;total;dones;població;;131
2020;Bellmunt del Priorat;total;total;població;;273
2020;Bellprat;total;homes;població;;41
2020;Bellprat;total;dones;població;;23
2020;Bellprat;total;total;població;;64
2020;Bellpuig;total;homes;població;;2774
2020;Bellpuig;total;dones;població;;2444
2020;Bellpuig;total;total;població;;5218
2020;Bellvei;total;homes;població;;1162
2020;Bellvei;total;dones;població;;1075
2020;Bellvei;total;total;població;;2237
2020;Bellver de Cerdanya;total;homes;població;;1035
2020;Bellver de Cerdanya;total;dones;població;;970
2020;Bellver de Cerdanya;total;total;població;;2005
2020;Bellvís;total;homes;població;;1159
2020;Bellvís;total;dones;població;;1101
2020;Bellvís;total;total;població;;2260
2020;Benavent de Segrià;total;homes;població;;806
2020;Benavent de Segrià;total;dones;població;;712
2020;Benavent de Segrià;total;total;població;;1518
2020;Benifallet;total;homes;població;;336
2020;Benifallet;total;dones;població;;387
2020;Benifallet;total;total;població;;723
2020;Benissanet;total;homes;població;;630
2020;Benissanet;total;dones;població;;510
2020;Benissanet;total;total;població;;1140
2020;Berga;total;homes;població;;8315
2020;Berga;total;dones;població;;8445
2020;Berga;total;total;població;;16760
2020;Besalú;total;homes;població;;1181
2020;Besalú;total;dones;població;;1306
2020;Besalú;total;total;població;;2487
2020;Bescanó;total;homes;població;;2522
2020;Bescanó;total;dones;població;;2469
2020;Bescanó;total;total;població;;4991
2020;Beuda;total;homes;població;;99
2020;Beuda;total;dones;població;;87
2020;Beuda;total;total;població;;186
2020;Bigues i Riells del Fai;total;homes;població;;4779
2020;Bigues i Riells del Fai;total;dones;població;;4579
2020;Bigues i Riells del Fai;total;total;població;;9358
2020;Biosca;total;homes;població;;94
2020;Biosca;total;dones;població;;83
2020;Biosca;total;total;població;;177
2020;Bisbal d'Empordà, la;total;homes;població;;5565
2020;Bisbal d'Empordà, la;total;dones;població;;5594
2020;Bisbal d'Empordà, la;total;total;població;;11159
2020;Bisbal de Montsant, la;total;homes;població;;116
2020;Bisbal de Montsant, la;total;dones;població;;95
2020;Bisbal de Montsant, la;total;total;població;;211
2020;Bisbal del Penedès, la;total;homes;població;;1918
2020;Bisbal del Penedès, la;total;dones;població;;1713
2020;Bisbal del Penedès, la;total;total;població;;3631
2020;Biure;total;homes;població;;125
2020;Biure;total;dones;població;;116
2020;Biure;total;total;població;;241
2020;Blancafort;total;homes;població;;200
2020;Blancafort;total;dones;població;;182
2020;Blancafort;total;total;població;;382
2020;Blanes;total;homes;població;;19846
2020;Blanes;total;dones;població;;20068
2020;Blanes;total;total;població;;39914
2020;Boadella i les Escaules;total;homes;població;;137
2020;Boadella i les Escaules;total;dones;població;;135
2020;Boadella i les Escaules;total;total;població;;272
2020;Bolvir;total;homes;població;;197
2020;Bolvir;total;dones;població;;178
2020;Bolvir;total;total;població;;375
2020;Bonastre;total;homes;població;;359
2020;Bonastre;total;dones;població;;326
2020;Bonastre;total;total;població;;685
2020;Bòrdes, Es;total;homes;població;;142
2020;Bòrdes, Es;total;dones;població;;113
2020;Bòrdes, Es;total;total;població;;255
2020;Bordils;total;homes;població;;885
2020;Bordils;total;dones;població;;876
2020;Bordils;total;total;població;;1761
2020;Borges Blanques, les;total;homes;població;;3152
2020;Borges Blanques, les;total;dones;població;;3021
2020;Borges Blanques, les;total;total;població;;6173
2020;Borges del Camp, les;total;homes;població;;1053
2020;Borges del Camp, les;total;dones;població;;1003
2020;Borges del Camp, les;total;total;població;;2056
2020;Borrassà;total;homes;població;;380
2020;Borrassà;total;dones;població;;353
2020;Borrassà;total;total;població;;733
2020;Borredà;total;homes;població;;257
2020;Borredà;total;dones;població;;207
2020;Borredà;total;total;població;;464
2020;Bossòst;total;homes;població;;544
2020;Bossòst;total;dones;població;;571
2020;Bossòst;total;total;població;;1115
2020;Bot;total;homes;població;;284
2020;Bot;total;dones;població;;270
2020;Bot;total;total;població;;554
2020;Botarell;total;homes;població;;552
2020;Botarell;total;dones;població;;525
2020;Botarell;total;total;població;;1077
2020;Bovera;total;homes;població;;138
2020;Bovera;total;dones;població;;110
2020;Bovera;total;total;població;;248
2020;Bràfim;total;homes;població;;355
2020;Bràfim;total;dones;població;;340
2020;Bràfim;total;total;població;;695
2020;Breda;total;homes;població;;1842
2020;Breda;total;dones;població;;1920
2020;Breda;total;total;població;;3762
2020;Bruc, el;total;homes;població;;1128
2020;Bruc, el;total;dones;població;;982
2020;Bruc, el;total;total;població;;2110
2020;Brull, el;total;homes;població;;142
2020;Brull, el;total;dones;població;;116
2020;Brull, el;total;total;població;;258
2020;Brunyola i Sant Martí Sapresa;total;homes;població;;203
2020;Brunyola i Sant Martí Sapresa;total;dones;població;;186
2020;Brunyola i Sant Martí Sapresa;total;total;població;;389
2020;Cabacés;total;homes;població;;162
2020;Cabacés;total;dones;població;;140
2020;Cabacés;total;total;població;;302
2020;Cabanabona;total;homes;població;;34
2020;Cabanabona;total;dones;població;;37
2020;Cabanabona;total;total;població;;71
2020;Cabanelles;total;homes;població;;150
2020;Cabanelles;total;dones;població;;117
2020;Cabanelles;total;total;població;;267
2020;Cabanes;total;homes;població;;520
2020;Cabanes;total;dones;població;;448
2020;Cabanes;total;total;població;;968
2020;Cabanyes, les;total;homes;població;;499
2020;Cabanyes, les;total;dones;població;;480
2020;Cabanyes, les;total;total;població;;979
2020;Cabó;total;homes;població;;50
2020;Cabó;total;dones;població;;43
2020;Cabó;total;total;població;;93
2020;Cabra del Camp;total;homes;població;;613
2020;Cabra del Camp;total;dones;població;;562
2020;Cabra del Camp;total;total;població;;1175
2020;Cabrera d'Anoia;total;homes;població;;795
2020;Cabrera d'Anoia;total;dones;població;;687
2020;Cabrera d'Anoia;total;total;població;;1482
2020;Cabrera de Mar;total;homes;població;;2381
2020;Cabrera de Mar;total;dones;població;;2366
2020;Cabrera de Mar;total;total;població;;4747
2020;Cabrils;total;homes;població;;3667
2020;Cabrils;total;dones;població;;3765
2020;Cabrils;total;total;població;;7432
2020;Cadaqués;total;homes;població;;1300
2020;Cadaqués;total;dones;població;;1395
2020;Cadaqués;total;total;població;;2695
2020;Calaf;total;homes;població;;1843
2020;Calaf;total;dones;població;;1813
2020;Calaf;total;total;població;;3656
2020;Calafell;total;homes;població;;13887
2020;Calafell;total;dones;població;;13714
2020;Calafell;total;total;població;;27601
2020;Calders;total;homes;població;;530
2020;Calders;total;dones;població;;515
2020;Calders;total;total;població;;1045
2020;Caldes d'Estrac;total;homes;població;;1442
2020;Caldes d'Estrac;total;dones;població;;1579
2020;Caldes d'Estrac;total;total;població;;3021
2020;Caldes de Malavella;total;homes;població;;3935
2020;Caldes de Malavella;total;dones;població;;3937
2020;Caldes de Malavella;total;total;població;;7872
2020;Caldes de Montbui;total;homes;població;;8873
2020;Caldes de Montbui;total;dones;població;;8939
2020;Caldes de Montbui;total;total;població;;17812
2020;Calella;total;homes;població;;9399
2020;Calella;total;dones;població;;9878
2020;Calella;total;total;població;;19277
2020;Calldetenes;total;homes;població;;1281
2020;Calldetenes;total;dones;població;;1232
2020;Calldetenes;total;total;població;;2513
2020;Callús;total;homes;població;;1053
2020;Callús;total;dones;població;;1076
2020;Callús;total;total;població;;2129
2020;Calonge de Segarra;total;homes;població;;92
2020;Calonge de Segarra;total;dones;població;;96
2020;Calonge de Segarra;total;total;població;;188
2020;Calonge i Sant Antoni;total;homes;població;;5681
2020;Calonge i Sant Antoni;total;dones;població;;5650
2020;Calonge i Sant Antoni;total;total;població;;11331
2020;Camarasa;total;homes;població;;406
2020;Camarasa;total;dones;població;;404
2020;Camarasa;total;total;població;;810
2020;Camarles;total;homes;població;;1617
2020;Camarles;total;dones;població;;1577
2020;Camarles;total;total;població;;3194
2020;Cambrils;total;homes;població;;16990
2020;Cambrils;total;dones;població;;17744
2020;Cambrils;total;total;població;;34734
2020;Camós;total;homes;població;;340
2020;Camós;total;dones;població;;337
2020;Camós;total;total;població;;677
2020;Campdevànol;total;homes;població;;1560
2020;Campdevànol;total;dones;població;;1672
2020;Campdevànol;total;total;població;;3232
2020;Campelles;total;homes;població;;73
2020;Campelles;total;dones;població;;67
2020;Campelles;total;total;població;;140
2020;Campins;total;homes;població;;283
2020;Campins;total;dones;població;;258
2020;Campins;total;total;població;;541
2020;Campllong;total;homes;població;;264
2020;Campllong;total;dones;població;;273
2020;Campllong;total;total;població;;537
2020;Camprodon;total;homes;població;;1124
2020;Camprodon;total;dones;població;;1174
2020;Camprodon;total;total;població;;2298
2020;Canejan;total;homes;població;;45
2020;Canejan;total;dones;població;;44
2020;Canejan;total;total;població;;89
2020;Canet d'Adri;total;homes;població;;382
2020;Canet d'Adri;total;dones;població;;347
2020;Canet d'Adri;total;total;població;;729
2020;Canet de Mar;total;homes;població;;7294
2020;Canet de Mar;total;dones;població;;7571
2020;Canet de Mar;total;total;població;;14865
2020;Canonja, la;total;homes;població;;2912
2020;Canonja, la;total;dones;població;;3044
2020;Canonja, la;total;total;població;;5956
2020;Canovelles;total;homes;població;;8693
2020;Canovelles;total;dones;població;;8136
2020;Canovelles;total;total;població;;16829
2020;Cànoves i Samalús;total;homes;població;;1611
2020;Cànoves i Samalús;total;dones;població;;1545
2020;Cànoves i Samalús;total;total;població;;3156
2020;Cantallops;total;homes;població;;153
2020;Cantallops;total;dones;població;;156
2020;Cantallops;total;total;població;;309
2020;Canyelles;total;homes;població;;2430
2020;Canyelles;total;dones;població;;2269
2020;Canyelles;total;total;població;;4699
2020;Capafonts;total;homes;població;;58
2020;Capafonts;total;dones;població;;53
2020;Capafonts;total;total;població;;111
2020;Capçanes;total;homes;població;;197
2020;Capçanes;total;dones;població;;195
2020;Capçanes;total;total;població;;392
2020;Capellades;total;homes;població;;2665
2020;Capellades;total;dones;població;;2677
2020;Capellades;total;total;població;;5342
2020;Capmany;total;homes;població;;305
2020;Capmany;total;dones;població;;306
2020;Capmany;total;total;població;;611
2020;Capolat;total;homes;població;;39
2020;Capolat;total;dones;població;;45
2020;Capolat;total;total;població;;84
2020;Cardedeu;total;homes;població;;8975
2020;Cardedeu;total;dones;població;;9449
2020;Cardedeu;total;total;població;;18424
2020;Cardona;total;homes;població;;2266
2020;Cardona;total;dones;població;;2373
2020;Cardona;total;total;població;;4639
2020;Carme;total;homes;població;;411
2020;Carme;total;dones;població;;374
2020;Carme;total;total;població;;785
2020;Caseres;total;homes;població;;117
2020;Caseres;total;dones;població;;120
2020;Caseres;total;total;població;;237
2020;Cassà de la Selva;total;homes;població;;5293
2020;Cassà de la Selva;total;dones;població;;5117
2020;Cassà de la Selva;total;total;població;;10410
2020;Casserres;total;homes;població;;803
2020;Casserres;total;dones;població;;785
2020;Casserres;total;total;població;;1588
2020;Castell d'Aro, Platja d'Aro i s'Agaró;total;homes;població;;5426
2020;Castell d'Aro, Platja d'Aro i s'Agaró;total;dones;població;;5604
2020;Castell d'Aro, Platja d'Aro i s'Agaró;total;total;població;;11030
2020;Castell de l'Areny;total;homes;població;;37
2020;Castell de l'Areny;total;dones;població;;30
2020;Castell de l'Areny;total;total;població;;67
2020;Castell de Mur;total;homes;població;;96
2020;Castell de Mur;total;dones;població;;77
2020;Castell de Mur;total;total;població;;173
2020;Castellar de la Ribera;total;homes;població;;66
2020;Castellar de la Ribera;total;dones;població;;65
2020;Castellar de la Ribera;total;total;població;;131
2020;Castellar de n'Hug;total;homes;població;;84
2020;Castellar de n'Hug;total;dones;població;;72
2020;Castellar de n'Hug;total;total;població;;156
2020;Castellar del Riu;total;homes;població;;99
2020;Castellar del Riu;total;dones;població;;77
2020;Castellar del Riu;total;total;població;;176
2020;Castellar del Vallès;total;homes;població;;12089
2020;Castellar del Vallès;total;dones;població;;12399
2020;Castellar del Vallès;total;total;població;;24488
2020;Castellbell i el Vilar;total;homes;població;;1901
2020;Castellbell i el Vilar;total;dones;població;;1818
2020;Castellbell i el Vilar;total;total;població;;3719
2020;Castellbisbal;total;homes;població;;6307
2020;Castellbisbal;total;dones;població;;6232
2020;Castellbisbal;total;total;població;;12539
2020;Castellcir;total;homes;població;;397
2020;Castellcir;total;dones;població;;345
2020;Castellcir;total;total;població;;742
2020;Castelldans;total;homes;població;;497
2020;Castelldans;total;dones;població;;433
2020;Castelldans;total;total;població;;930
2020;Castelldefels;total;homes;població;;33162
2020;Castelldefels;total;dones;població;;34298
2020;Castelldefels;total;total;població;;67460
2020;Castellet i la Gornal;total;homes;població;;1239
2020;Castellet i la Gornal;total;dones;població;;1143
2020;Castellet i la Gornal;total;total;població;;2382
2020;Castellfollit de la Roca;total;homes;població;;488
2020;Castellfollit de la Roca;total;dones;població;;459
2020;Castellfollit de la Roca;total;total;població;;947
2020;Castellfollit de Riubregós;total;homes;població;;91
2020;Castellfollit de Riubregós;total;dones;població;;71
2020;Castellfollit de Riubregós;total;total;població;;162
2020;Castellfollit del Boix;total;homes;població;;228
2020;Castellfollit del Boix;total;dones;població;;219
2020;Castellfollit del Boix;total;total;població;;447
2020;Castellgalí;total;homes;població;;1102
2020;Castellgalí;total;dones;població;;1017
2020;Castellgalí;total;total;població;;2119
2020;Castellnou de Bages;total;homes;població;;770
2020;Castellnou de Bages;total;dones;població;;667
2020;Castellnou de Bages;total;total;població;;1437
2020;Castellnou de Seana;total;homes;població;;354
2020;Castellnou de Seana;total;dones;població;;311
2020;Castellnou de Seana;total;total;població;;665
2020;Castelló d'Empúries;total;homes;població;;5604
2020;Castelló d'Empúries;total;dones;població;;5496
2020;Castelló d'Empúries;total;total;població;;11100
2020;Castelló de Farfanya;total;homes;població;;291
2020;Castelló de Farfanya;total;dones;població;;248
2020;Castelló de Farfanya;total;total;població;;539
2020;Castellolí;total;homes;població;;302
2020;Castellolí;total;dones;població;;324
2020;Castellolí;total;total;població;;626
2020;Castellserà;total;homes;població;;505
2020;Castellserà;total;dones;població;;491
2020;Castellserà;total;total;població;;996
2020;Castellterçol;total;homes;població;;1275
2020;Castellterçol;total;dones;població;;1273
2020;Castellterçol;total;total;població;;2548
2020;Castellvell del Camp;total;homes;població;;1417
2020;Castellvell del Camp;total;dones;població;;1411
2020;Castellvell del Camp;total;total;població;;2828
2020;Castellví de la Marca;total;homes;població;;795
2020;Castellví de la Marca;total;dones;població;;780
2020;Castellví de la Marca;total;total;població;;1575
2020;Castellví de Rosanes;total;homes;població;;949
2020;Castellví de Rosanes;total;dones;població;;984
2020;Castellví de Rosanes;total;total;població;;1933
2020;Catllar, el;total;homes;població;;2366
2020;Catllar, el;total;dones;població;;2191
2020;Catllar, el;total;total;població;;4557
2020;Cava;total;homes;població;;29
2020;Cava;total;dones;població;;16
2020;Cava;total;total;població;;45
2020;Cellera de Ter, la;total;homes;població;;959
2020;Cellera de Ter, la;total;dones;població;;991
2020;Cellera de Ter, la;total;total;població;;1950
2020;Celrà;total;homes;població;;2796
2020;Celrà;total;dones;població;;2765
2020;Celrà;total;total;població;;5561
2020;Centelles;total;homes;població;;3696
2020;Centelles;total;dones;població;;3817
2020;Centelles;total;total;població;;7513
2020;Cercs;total;homes;població;;568
2020;Cercs;total;dones;població;;582
2020;Cercs;total;total;població;;1150
2020;Cerdanyola del Vallès;total;homes;població;;28284
2020;Cerdanyola del Vallès;total;dones;població;;29571
2020;Cerdanyola del Vallès;total;total;població;;57855
2020;Cervelló;total;homes;població;;4571
2020;Cervelló;total;dones;població;;4506
2020;Cervelló;total;total;població;;9077
2020;Cervera;total;homes;població;;4778
2020;Cervera;total;dones;població;;4572
2020;Cervera;total;total;població;;9350
2020;Cervià de les Garrigues;total;homes;població;;350
2020;Cervià de les Garrigues;total;dones;població;;312
2020;Cervià de les Garrigues;total;total;població;;662
2020;Cervià de Ter;total;homes;població;;494
2020;Cervià de Ter;total;dones;població;;472
2020;Cervià de Ter;total;total;població;;966
2020;Cistella;total;homes;població;;137
2020;Cistella;total;dones;població;;145
2020;Cistella;total;total;població;;282
2020;Ciutadilla;total;homes;població;;111
2020;Ciutadilla;total;dones;població;;97
2020;Ciutadilla;total;total;població;;208
2020;Clariana de Cardener;total;homes;població;;86
2020;Clariana de Cardener;total;dones;població;;75
2020;Clariana de Cardener;total;total;població;;161
2020;Cogul, el;total;homes;població;;83
2020;Cogul, el;total;dones;població;;68
2020;Cogul, el;total;total;població;;151
2020;Colera;total;homes;població;;217
2020;Colera;total;dones;població;;228
2020;Colera;total;total;població;;445
2020;Coll de Nargó;total;homes;població;;277
2020;Coll de Nargó;total;dones;població;;263
2020;Coll de Nargó;total;total;població;;540
2020;Collbató;total;homes;població;;2359
2020;Collbató;total;dones;població;;2185
2020;Collbató;total;total;població;;4544
2020;Colldejou;total;homes;població;;93
2020;Colldejou;total;dones;població;;75
2020;Colldejou;total;total;població;;168
2020;Collsuspina;total;homes;població;;183
2020;Collsuspina;total;dones;població;;176
2020;Collsuspina;total;total;població;;359
2020;Colomers;total;homes;població;;84
2020;Colomers;total;dones;població;;90
2020;Colomers;total;total;població;;174
2020;Coma i la Pedra, la;total;homes;població;;151
2020;Coma i la Pedra, la;total;dones;població;;104
2020;Coma i la Pedra, la;total;total;població;;255
2020;Conca de Dalt;total;homes;població;;209
2020;Conca de Dalt;total;dones;població;;201
2020;Conca de Dalt;total;total;població;;410
2020;Conesa;total;homes;població;;50
2020;Conesa;total;dones;població;;50
2020;Conesa;total;total;població;;100
2020;Constantí;total;homes;població;;3445
2020;Constantí;total;dones;població;;3220
2020;Constantí;total;total;població;;6665
2020;Copons;total;homes;població;;157
2020;Copons;total;dones;població;;164
2020;Copons;total;total;població;;321
2020;Corbera d'Ebre;total;homes;població;;529
2020;Corbera d'Ebre;total;dones;població;;474
2020;Corbera d'Ebre;total;total;població;;1003
2020;Corbera de Llobregat;total;homes;població;;7454
2020;Corbera de Llobregat;total;dones;població;;7428
2020;Corbera de Llobregat;total;total;població;;14882
2020;Corbins;total;homes;població;;811
2020;Corbins;total;dones;població;;651
2020;Corbins;total;total;població;;1462
2020;Corçà;total;homes;població;;642
2020;Corçà;total;dones;població;;626
2020;Corçà;total;total;població;;1268
2020;Cornellà de Llobregat;total;homes;població;;43622
2020;Cornellà de Llobregat;total;dones;població;;46314
2020;Cornellà de Llobregat;total;total;població;;89936
2020;Cornellà del Terri;total;homes;població;;1215
2020;Cornellà del Terri;total;dones;població;;1184
2020;Cornellà del Terri;total;total;població;;2399
2020;Cornudella de Montsant;total;homes;població;;501
2020;Cornudella de Montsant;total;dones;població;;443
2020;Cornudella de Montsant;total;total;població;;944
2020;Creixell;total;homes;població;;1895
2020;Creixell;total;dones;població;;1863
2020;Creixell;total;total;població;;3758
2020;Crespià;total;homes;població;;127
2020;Crespià;total;dones;població;;127
2020;Crespià;total;total;població;;254
2020;Cruïlles, Monells i Sant Sadurní de l'Heura;total;homes;població;;632
2020;Cruïlles, Monells i Sant Sadurní de l'Heura;total;dones;població;;638
2020;Cruïlles, Monells i Sant Sadurní de l'Heura;total;total;població;;1270
2020;Cubelles;total;homes;població;;7944
2020;Cubelles;total;dones;població;;7826
2020;Cubelles;total;total;població;;15770
2020;Cubells;total;homes;població;;179
2020;Cubells;total;dones;població;;159
2020;Cubells;total;total;població;;338
2020;Cunit;total;homes;població;;6650
2020;Cunit;total;dones;població;;6883
2020;Cunit;total;total;població;;13533
2020;Darnius;total;homes;població;;272
2020;Darnius;total;dones;població;;265
2020;Darnius;total;total;població;;537
2020;Das;total;homes;població;;121
2020;Das;total;dones;població;;113
2020;Das;total;total;població;;234
2020;Deltebre;total;homes;població;;5849
2020;Deltebre;total;dones;població;;5729
2020;Deltebre;total;total;població;;11578
2020;Dosrius;total;homes;població;;2881
2020;Dosrius;total;dones;població;;2771
2020;Dosrius;total;total;població;;5652
2020;Duesaigües;total;homes;població;;138
2020;Duesaigües;total;dones;població;;106
2020;Duesaigües;total;total;població;;244
2020;Escala, l';total;homes;població;;5187
2020;Escala, l';total;dones;població;;5057
2020;Escala, l';total;total;població;;10244
2020;Esparreguera;total;homes;població;;11273
2020;Esparreguera;total;dones;població;;11029
2020;Esparreguera;total;total;població;;22302
2020;Espinelves;total;homes;població;;112
2020;Espinelves;total;dones;població;;109
2020;Espinelves;total;total;població;;221
2020;Espluga Calba, l';total;homes;població;;168
2020;Espluga Calba, l';total;dones;població;;161
2020;Espluga Calba, l';total;total;població;;329
2020;Espluga de Francolí, l';total;homes;població;;1830
2020;Espluga de Francolí, l';total;dones;població;;1906
2020;Espluga de Francolí, l';total;total;població;;3736
2020;Esplugues de Llobregat;total;homes;població;;22461
2020;Esplugues de Llobregat;total;dones;població;;24689
2020;Esplugues de Llobregat;total;total;població;;47150
2020;Espolla;total;homes;població;;204
2020;Espolla;total;dones;població;;208
2020;Espolla;total;total;població;;412
2020;Esponellà;total;homes;població;;234
2020;Esponellà;total;dones;població;;229
2020;Esponellà;total;total;població;;463
2020;Espot;total;homes;població;;197
2020;Espot;total;dones;població;;169
2020;Espot;total;total;població;;366
2020;Espunyola, l';total;homes;població;;120
2020;Espunyola, l';total;dones;població;;122
2020;Espunyola, l';total;total;població;;242
2020;Esquirol, l';total;homes;població;;1098
2020;Esquirol, l';total;dones;població;;1088
2020;Esquirol, l';total;total;població;;2186
2020;Estamariu;total;homes;població;;72
2020;Estamariu;total;dones;població;;53
2020;Estamariu;total;total;població;;125
2020;Estany, l';total;homes;població;;215
2020;Estany, l';total;dones;població;;193
2020;Estany, l';total;total;població;;408
2020;Estaràs;total;homes;població;;79
2020;Estaràs;total;dones;població;;77
2020;Estaràs;total;total;població;;156
2020;Esterri d'Àneu;total;homes;població;;382
2020;Esterri d'Àneu;total;dones;població;;422
2020;Esterri d'Àneu;total;total;població;;804
2020;Esterri de Cardós;total;homes;població;;34
2020;Esterri de Cardós;total;dones;població;;30
2020;Esterri de Cardós;total;total;població;;64
2020;Falset;total;homes;població;;1359
2020;Falset;total;dones;població;;1376
2020;Falset;total;total;població;;2735
2020;Far d'Empordà, el;total;homes;població;;311
2020;Far d'Empordà, el;total;dones;població;;291
2020;Far d'Empordà, el;total;total;població;;602
2020;Farrera;total;homes;població;;63
2020;Farrera;total;dones;població;;45
2020;Farrera;total;total;població;;108
2020;Fatarella, la;total;homes;població;;451
2020;Fatarella, la;total;dones;població;;475
2020;Fatarella, la;total;total;població;;926
2020;Febró, la;total;homes;població;;25
2020;Febró, la;total;dones;població;;15
2020;Febró, la;total;total;població;;40
2020;Figaró-Montmany;total;homes;població;;559
2020;Figaró-Montmany;total;dones;població;;583
2020;Figaró-Montmany;total;total;població;;1142
2020;Fígols;total;homes;població;;26
2020;Fígols;total;dones;població;;17
2020;Fígols;total;total;població;;43
2020;Fígols i Alinyà;total;homes;població;;140
2020;Fígols i Alinyà;total;dones;població;;104
2020;Fígols i Alinyà;total;total;població;;244
2020;Figuera, la;total;homes;població;;62
2020;Figuera, la;total;dones;població;;52
2020;Figuera, la;total;total;població;;114
2020;Figueres;total;homes;població;;23363
2020;Figueres;total;dones;població;;23872
2020;Figueres;total;total;població;;47235
2020;Figuerola del Camp;total;homes;població;;164
2020;Figuerola del Camp;total;dones;població;;165
2020;Figuerola del Camp;total;total;població;;329
2020;Flaçà;total;homes;població;;551
2020;Flaçà;total;dones;població;;579
2020;Flaçà;total;total;població;;1130
2020;Flix;total;homes;població;;1723
2020;Flix;total;dones;població;;1687
2020;Flix;total;total;població;;3410
2020;Floresta, la;total;homes;població;;76
2020;Floresta, la;total;dones;població;;64
2020;Floresta, la;total;total;població;;140
2020;Fogars de la Selva;total;homes;població;;757
2020;Fogars de la Selva;total;dones;població;;712
2020;Fogars de la Selva;total;total;població;;1469
2020;Fogars de Montclús;total;homes;població;;249
2020;Fogars de Montclús;total;dones;població;;226
2020;Fogars de Montclús;total;total;població;;475
2020;Foixà;total;homes;població;;151
2020;Foixà;total;dones;població;;152
2020;Foixà;total;total;població;;303
2020;Folgueroles;total;homes;població;;1150
2020;Folgueroles;total;dones;població;;1115
2020;Folgueroles;total;total;població;;2265
2020;Fondarella;total;homes;població;;388
2020;Fondarella;total;dones;població;;388
2020;Fondarella;total;total;població;;776
2020;Fonollosa;total;homes;població;;752
2020;Fonollosa;total;dones;població;;707
2020;Fonollosa;total;total;població;;1459
2020;Fontanals de Cerdanya;total;homes;població;;212
2020;Fontanals de Cerdanya;total;dones;població;;225
2020;Fontanals de Cerdanya;total;total;població;;437
2020;Fontanilles;total;homes;població;;81
2020;Fontanilles;total;dones;població;;65
2020;Fontanilles;total;total;població;;146
2020;Fontcoberta;total;homes;població;;732
2020;Fontcoberta;total;dones;població;;737
2020;Fontcoberta;total;total;població;;1469
2020;Font-rubí;total;homes;població;;744
2020;Font-rubí;total;dones;població;;670
2020;Font-rubí;total;total;població;;1414
2020;Foradada;total;homes;població;;132
2020;Foradada;total;dones;població;;71
2020;Foradada;total;total;població;;203
2020;Forallac;total;homes;població;;827
2020;Forallac;total;dones;població;;868
2020;Forallac;total;total;població;;1695
2020;Forès;total;homes;població;;26
2020;Forès;total;dones;població;;17
2020;Forès;total;total;població;;43
2020;Fornells de la Selva;total;homes;població;;1333
2020;Fornells de la Selva;total;dones;població;;1337
2020;Fornells de la Selva;total;total;població;;2670
2020;Fortià;total;homes;població;;395
2020;Fortià;total;dones;població;;392
2020;Fortià;total;total;població;;787
2020;Franqueses del Vallès, les;total;homes;població;;10331
2020;Franqueses del Vallès, les;total;dones;població;;10033
2020;Franqueses del Vallès, les;total;total;població;;20364
2020;Freginals;total;homes;població;;206
2020;Freginals;total;dones;població;;179
2020;Freginals;total;total;població;;385
2020;Fuliola, la;total;homes;població;;620
2020;Fuliola, la;total;dones;població;;630
2020;Fuliola, la;total;total;població;;1250
2020;Fulleda;total;homes;població;;53
2020;Fulleda;total;dones;població;;49
2020;Fulleda;total;total;població;;102
2020;Gaià;total;homes;població;;98
2020;Gaià;total;dones;població;;85
2020;Gaià;total;total;població;;183
2020;Galera, la;total;homes;població;;382
2020;Galera, la;total;dones;població;;354
2020;Galera, la;total;total;població;;736
2020;Gallifa;total;homes;població;;89
2020;Gallifa;total;dones;població;;78
2020;Gallifa;total;total;població;;167
2020;Gandesa;total;homes;població;;1589
2020;Gandesa;total;dones;població;;1507
2020;Gandesa;total;total;població;;3096
2020;Garcia;total;homes;població;;259
2020;Garcia;total;dones;població;;268
2020;Garcia;total;total;població;;527
2020;Garidells, els;total;homes;població;;96
2020;Garidells, els;total;dones;població;;94
2020;Garidells, els;total;total;població;;190
2020;Garriga, la;total;homes;població;;8056
2020;Garriga, la;total;dones;població;;8612
2020;Garriga, la;total;total;població;;16668
2020;Garrigàs;total;homes;població;;234
2020;Garrigàs;total;dones;població;;217
2020;Garrigàs;total;total;població;;451
2020;Garrigoles;total;homes;població;;88
2020;Garrigoles;total;dones;població;;79
2020;Garrigoles;total;total;població;;167
2020;Garriguella;total;homes;població;;425
2020;Garriguella;total;dones;població;;428
2020;Garriguella;total;total;població;;853
2020;Gavà;total;homes;població;;23022
2020;Gavà;total;dones;població;;24035
2020;Gavà;total;total;població;;47057
2020;Gavet de la Conca;total;homes;població;;131
2020;Gavet de la Conca;total;dones;població;;130
2020;Gavet de la Conca;total;total;població;;261
2020;Gelida;total;homes;població;;3842
2020;Gelida;total;dones;població;;3828
2020;Gelida;total;total;població;;7670
2020;Ger;total;homes;població;;222
2020;Ger;total;dones;població;;227
2020;Ger;total;total;població;;449
2020;Gimenells i el Pla de la Font;total;homes;població;;600
2020;Gimenells i el Pla de la Font;total;dones;població;;520
2020;Gimenells i el Pla de la Font;total;total;població;;1120
2020;Ginestar;total;homes;població;;407
2020;Ginestar;total;dones;població;;357
2020;Ginestar;total;total;població;;764
2020;Girona;total;homes;població;;49809
2020;Girona;total;dones;població;;53560
2020;Girona;total;total;població;;103369
2020;Gironella;total;homes;població;;2461
2020;Gironella;total;dones;població;;2485
2020;Gironella;total;total;població;;4946
2020;Gisclareny;total;homes;població;;16
2020;Gisclareny;total;dones;població;;10
2020;Gisclareny;total;total;població;;26
2020;Godall;total;homes;població;;296
2020;Godall;total;dones;població;;302
2020;Godall;total;total;població;;598
2020;Golmés;total;homes;població;;940
2020;Golmés;total;dones;població;;915
2020;Golmés;total;total;població;;1855
2020;Gombrèn;total;homes;població;;95
2020;Gombrèn;total;dones;població;;97
2020;Gombrèn;total;total;població;;192
2020;Gósol;total;homes;població;;118
2020;Gósol;total;dones;població;;88
2020;Gósol;total;total;població;;206
2020;Granada, la;total;homes;població;;1097
2020;Granada, la;total;dones;població;;1111
2020;Granada, la;total;total;població;;2208
2020;Granadella, la;total;homes;població;;392
2020;Granadella, la;total;dones;població;;324
2020;Granadella, la;total;total;població;;716
2020;Granera;total;homes;població;;52
2020;Granera;total;dones;població;;25
2020;Granera;total;total;població;;77
2020;Granja d'Escarp, la;total;homes;població;;509
2020;Granja d'Escarp, la;total;dones;població;;413
2020;Granja d'Escarp, la;total;total;població;;922
2020;Granollers;total;homes;població;;30891
2020;Granollers;total;dones;població;;31528
2020;Granollers;total;total;població;;62419
2020;Granyanella;total;homes;població;;80
2020;Granyanella;total;dones;població;;63
2020;Granyanella;total;total;població;;143
2020;Granyena de les Garrigues;total;homes;població;;85
2020;Granyena de les Garrigues;total;dones;població;;55
2020;Granyena de les Garrigues;total;total;població;;140
2020;Granyena de Segarra;total;homes;població;;82
2020;Granyena de Segarra;total;dones;població;;69
2020;Granyena de Segarra;total;total;població;;151
2020;Gratallops;total;homes;població;;128
2020;Gratallops;total;dones;població;;109
2020;Gratallops;total;total;població;;237
2020;Gualba;total;homes;població;;794
2020;Gualba;total;dones;població;;754
2020;Gualba;total;total;població;;1548
2020;Gualta;total;homes;població;;234
2020;Gualta;total;dones;població;;168
2020;Gualta;total;total;població;;402
2020;Guardiola de Berguedà;total;homes;població;;492
2020;Guardiola de Berguedà;total;dones;població;;449
2020;Guardiola de Berguedà;total;total;població;;941
2020;Guiamets, els;total;homes;població;;133
2020;Guiamets, els;total;dones;població;;145
2020;Guiamets, els;total;total;població;;278
2020;Guils de Cerdanya;total;homes;població;;294
2020;Guils de Cerdanya;total;dones;població;;255
2020;Guils de Cerdanya;total;total;població;;549
2020;Guimerà;total;homes;població;;141
2020;Guimerà;total;dones;població;;130
2020;Guimerà;total;total;població;;271
2020;Guingueta d'Àneu, la;total;homes;població;;156
2020;Guingueta d'Àneu, la;total;dones;població;;133
2020;Guingueta d'Àneu, la;total;total;població;;289
2020;Guissona;total;homes;població;;3893
2020;Guissona;total;dones;població;;3355
2020;Guissona;total;total;població;;7248
2020;Guixers;total;homes;població;;80
2020;Guixers;total;dones;població;;52
2020;Guixers;total;total;població;;132
2020;Gurb;total;homes;població;;1399
2020;Gurb;total;dones;població;;1314
2020;Gurb;total;total;població;;2713
2020;Horta de Sant Joan;total;homes;població;;599
2020;Horta de Sant Joan;total;dones;població;;547
2020;Horta de Sant Joan;total;total;població;;1146
2020;Hospitalet de Llobregat, l';total;homes;població;;130289
2020;Hospitalet de Llobregat, l';total;dones;població;;139093
2020;Hospitalet de Llobregat, l';total;total;població;;269382
2020;Hostalets de Pierola, els;total;homes;població;;1518
2020;Hostalets de Pierola, els;total;dones;població;;1462
2020;Hostalets de Pierola, els;total;total;població;;2980
2020;Hostalric;total;homes;població;;2158
2020;Hostalric;total;dones;població;;2133
2020;Hostalric;total;total;població;;4291
2020;Igualada;total;homes;població;;20073
2020;Igualada;total;dones;població;;20669
2020;Igualada;total;total;població;;40742
2020;Isona i Conca Dellà;total;homes;població;;562
2020;Isona i Conca Dellà;total;dones;població;;480
2020;Isona i Conca Dellà;total;total;població;;1042
2020;Isòvol;total;homes;població;;163
2020;Isòvol;total;dones;població;;118
2020;Isòvol;total;total;població;;281
2020;Ivars d'Urgell;total;homes;població;;806
2020;Ivars d'Urgell;total;dones;població;;731
2020;Ivars d'Urgell;total;total;població;;1537
2020;Ivars de Noguera;total;homes;població;;173
2020;Ivars de Noguera;total;dones;població;;159
2020;Ivars de Noguera;total;total;població;;332
2020;Ivorra;total;homes;població;;59
2020;Ivorra;total;dones;població;;49
2020;Ivorra;total;total;població;;108
2020;Jafre;total;homes;població;;209
2020;Jafre;total;dones;població;;178
2020;Jafre;total;total;població;;387
2020;Jonquera, la;total;homes;població;;1661
2020;Jonquera, la;total;dones;població;;1659
2020;Jonquera, la;total;total;població;;3320
2020;Jorba;total;homes;població;;429
2020;Jorba;total;dones;població;;404
2020;Jorba;total;total;població;;833
2020;Josa i Tuixén;total;homes;població;;59
2020;Josa i Tuixén;total;dones;població;;44
2020;Josa i Tuixén;total;total;població;;103
2020;Juià;total;homes;població;;163
2020;Juià;total;dones;població;;156
2020;Juià;total;total;població;;319
2020;Juncosa;total;homes;població;;206
2020;Juncosa;total;dones;població;;189
2020;Juncosa;total;total;població;;395
2020;Juneda;total;homes;població;;1877
2020;Juneda;total;dones;població;;1624
2020;Juneda;total;total;població;;3501
2020;Les;total;homes;població;;464
2020;Les;total;dones;població;;507
2020;Les;total;total;població;;971
2020;Linyola;total;homes;població;;1367
2020;Linyola;total;dones;població;;1350
2020;Linyola;total;total;població;;2717
2020;Llacuna, la;total;homes;població;;493
2020;Llacuna, la;total;dones;població;;410
2020;Llacuna, la;total;total;població;;903
2020;Lladó;total;homes;població;;411
2020;Lladó;total;dones;població;;433
2020;Lladó;total;total;població;;844
2020;Lladorre;total;homes;població;;119
2020;Lladorre;total;dones;població;;118
2020;Lladorre;total;total;població;;237
2020;Lladurs;total;homes;població;;95
2020;Lladurs;total;dones;població;;85
2020;Lladurs;total;total;població;;180
2020;Llagosta, la;total;homes;població;;6691
2020;Llagosta, la;total;dones;població;;6896
2020;Llagosta, la;total;total;població;;13587
2020;Llagostera;total;homes;població;;4373
2020;Llagostera;total;dones;població;;4274
2020;Llagostera;total;total;població;;8647
2020;Llambilles;total;homes;població;;366
2020;Llambilles;total;dones;població;;347
2020;Llambilles;total;total;població;;713
2020;Llanars;total;homes;població;;274
2020;Llanars;total;dones;població;;261
2020;Llanars;total;total;població;;535
2020;Llançà;total;homes;població;;2353
2020;Llançà;total;dones;població;;2422
2020;Llançà;total;total;població;;4775
2020;Llardecans;total;homes;població;;237
2020;Llardecans;total;dones;població;;207
2020;Llardecans;total;total;població;;444
2020;Llavorsí;total;homes;població;;176
2020;Llavorsí;total;dones;població;;170
2020;Llavorsí;total;total;població;;346
2020;Lleida;total;homes;població;;69541
2020;Lleida;total;dones;població;;70862
2020;Lleida;total;total;població;;140403
2020;Llers;total;homes;població;;609
2020;Llers;total;dones;població;;628
2020;Llers;total;total;població;;1237
2020;Lles de Cerdanya;total;homes;població;;157
2020;Lles de Cerdanya;total;dones;població;;113
2020;Lles de Cerdanya;total;total;població;;270
2020;Lliçà d'Amunt;total;homes;població;;7906
2020;Lliçà d'Amunt;total;dones;població;;7563
2020;Lliçà d'Amunt;total;total;població;;15469
2020;Lliçà de Vall;total;homes;població;;3319
2020;Lliçà de Vall;total;dones;població;;3178
2020;Lliçà de Vall;total;total;població;;6497
2020;Llimiana;total;homes;població;;86
2020;Llimiana;total;dones;població;;60
2020;Llimiana;total;total;població;;146
2020;Llinars del Vallès;total;homes;població;;4991
2020;Llinars del Vallès;total;dones;població;;5027
2020;Llinars del Vallès;total;total;població;;10018
2020;Llívia;total;homes;població;;745
2020;Llívia;total;dones;població;;686
2020;Llívia;total;total;població;;1431
2020;Lloar, el;total;homes;població;;56
2020;Lloar, el;total;dones;població;;49
2020;Lloar, el;total;total;població;;105
2020;Llobera;total;homes;població;;107
2020;Llobera;total;dones;població;;81
2020;Llobera;total;total;població;;188
2020;Llorac;total;homes;població;;48
2020;Llorac;total;dones;població;;43
2020;Llorac;total;total;població;;91
2020;Llorenç del Penedès;total;homes;població;;1180
2020;Llorenç del Penedès;total;dones;població;;1215
2020;Llorenç del Penedès;total;total;població;;2395
2020;Lloret de Mar;total;homes;població;;19926
2020;Lloret de Mar;total;dones;població;;19163
2020;Lloret de Mar;total;total;població;;39089
2020;Llosses, les;total;homes;població;;121
2020;Llosses, les;total;dones;població;;91
2020;Llosses, les;total;total;població;;212
2020;Lluçà;total;homes;població;;135
2020;Lluçà;total;dones;població;;141
2020;Lluçà;total;total;població;;276
2020;Maçanet de Cabrenys;total;homes;població;;352
2020;Maçanet de Cabrenys;total;dones;població;;346
2020;Maçanet de Cabrenys;total;total;població;;698
2020;Maçanet de la Selva;total;homes;població;;3636
2020;Maçanet de la Selva;total;dones;població;;3430
2020;Maçanet de la Selva;total;total;població;;7066
2020;Madremanya;total;homes;població;;137
2020;Madremanya;total;dones;població;;151
2020;Madremanya;total;total;població;;288
2020;Maià de Montcal;total;homes;població;;260
2020;Maià de Montcal;total;dones;població;;203
2020;Maià de Montcal;total;total;població;;463
2020;Maials;total;homes;població;;500
2020;Maials;total;dones;població;;409
2020;Maials;total;total;població;;909
2020;Maldà;total;homes;població;;109
2020;Maldà;total;dones;població;;118
2020;Maldà;total;total;població;;227
2020;Malgrat de Mar;total;homes;població;;9329
2020;Malgrat de Mar;total;dones;població;;9443
2020;Malgrat de Mar;total;total;població;;18772
2020;Malla;total;homes;població;;138
2020;Malla;total;dones;població;;134
2020;Malla;total;total;població;;272
2020;Manlleu;total;homes;població;;10512
2020;Manlleu;total;dones;població;;10400
2020;Manlleu;total;total;població;;20912
2020;Manresa;total;homes;població;;38335
2020;Manresa;total;dones;població;;39910
2020;Manresa;total;total;població;;78245
2020;Marçà;total;homes;població;;312
2020;Marçà;total;dones;població;;288
2020;Marçà;total;total;població;;600
2020;Margalef;total;homes;població;;63
2020;Margalef;total;dones;població;;43
2020;Margalef;total;total;població;;106
2020;Marganell;total;homes;població;;127
2020;Marganell;total;dones;població;;139
2020;Marganell;total;total;població;;266
2020;Martorell;total;homes;població;;14655
2020;Martorell;total;dones;població;;14117
2020;Martorell;total;total;població;;28772
2020;Martorelles;total;homes;població;;2435
2020;Martorelles;total;dones;població;;2385
2020;Martorelles;total;total;població;;4820
2020;Mas de Barberans;total;homes;població;;281
2020;Mas de Barberans;total;dones;població;;283
2020;Mas de Barberans;total;total;població;;564
2020;Masarac i Vilarnadal;total;homes;població;;150
2020;Masarac i Vilarnadal;total;dones;població;;138
2020;Masarac i Vilarnadal;total;total;població;;288
2020;Masdenverge;total;homes;població;;546
2020;Masdenverge;total;dones;població;;525
2020;Masdenverge;total;total;població;;1071
2020;Masies de Roda, les;total;homes;població;;368
2020;Masies de Roda, les;total;dones;població;;351
2020;Masies de Roda, les;total;total;població;;719
2020;Masies de Voltregà, les;total;homes;població;;1549
2020;Masies de Voltregà, les;total;dones;població;;1583
2020;Masies de Voltregà, les;total;total;població;;3132
2020;Masllorenç;total;homes;població;;274
2020;Masllorenç;total;dones;població;;231
2020;Masllorenç;total;total;població;;505
2020;Masnou, el;total;homes;població;;11524
2020;Masnou, el;total;dones;població;;12307
2020;Masnou, el;total;total;població;;23831
2020;Masó, la;total;homes;població;;148
2020;Masó, la;total;dones;població;;132
2020;Masó, la;total;total;població;;280
2020;Maspujols;total;homes;població;;421
2020;Maspujols;total;dones;població;;402
2020;Maspujols;total;total;població;;823
2020;Masquefa;total;homes;població;;4758
2020;Masquefa;total;dones;població;;4644
2020;Masquefa;total;total;població;;9402
2020;Masroig, el;total;homes;població;;273
2020;Masroig, el;total;dones;població;;219
2020;Masroig, el;total;total;població;;492
2020;Massalcoreig;total;homes;població;;354
2020;Massalcoreig;total;dones;població;;256
2020;Massalcoreig;total;total;població;;610
2020;Massanes;total;homes;població;;420
2020;Massanes;total;dones;població;;376
2020;Massanes;total;total;població;;796
2020;Massoteres;total;homes;població;;117
2020;Massoteres;total;dones;població;;95
2020;Massoteres;total;total;població;;212
2020;Matadepera;total;homes;població;;4756
2020;Matadepera;total;dones;població;;4740
2020;Matadepera;total;total;població;;9496
2020;Mataró;total;homes;població;;64476
2020;Mataró;total;dones;població;;65185
2020;Mataró;total;total;població;;129661
2020;Mediona;total;homes;població;;1192
2020;Mediona;total;dones;població;;1177
2020;Mediona;total;total;població;;2369
2020;Menàrguens;total;homes;població;;445
2020;Menàrguens;total;dones;població;;368
2020;Menàrguens;total;total;població;;813
2020;Meranges;total;homes;població;;55
2020;Meranges;total;dones;població;;45
2020;Meranges;total;total;població;;100
2020;Mieres;total;homes;població;;176
2020;Mieres;total;dones;població;;169
2020;Mieres;total;total;població;;345
2020;Milà, el;total;homes;població;;91
2020;Milà, el;total;dones;població;;99
2020;Milà, el;total;total;població;;190
2020;Miralcamp;total;homes;població;;717
2020;Miralcamp;total;dones;població;;668
2020;Miralcamp;total;total;població;;1385
2020;Miravet;total;homes;població;;375
2020;Miravet;total;dones;població;;331
2020;Miravet;total;total;població;;706
2020;Moià;total;homes;població;;3281
2020;Moià;total;dones;població;;3102
2020;Moià;total;total;població;;6383
2020;Molar, el;total;homes;població;;155
2020;Molar, el;total;dones;població;;136
2020;Molar, el;total;total;població;;291
2020;Molins de Rei;total;homes;població;;12639
2020;Molins de Rei;total;dones;població;;13301
2020;Molins de Rei;total;total;població;;25940
2020;Mollerussa;total;homes;població;;7524
2020;Mollerussa;total;dones;població;;7125
2020;Mollerussa;total;total;població;;14649
2020;Mollet de Peralada;total;homes;població;;104
2020;Mollet de Peralada;total;dones;població;;94
2020;Mollet de Peralada;total;total;població;;198
2020;Mollet del Vallès;total;homes;població;;25410
2020;Mollet del Vallès;total;dones;població;;26190
2020;Mollet del Vallès;total;total;població;;51600
2020;Molló;total;homes;població;;166
2020;Molló;total;dones;població;;170
2020;Molló;total;total;població;;336
2020;Molsosa, la;total;homes;població;;51
2020;Molsosa, la;total;dones;població;;53
2020;Molsosa, la;total;total;població;;104
2020;Monistrol de Calders;total;homes;població;;366
2020;Monistrol de Calders;total;dones;població;;336
2020;Monistrol de Calders;total;total;població;;702
2020;Monistrol de Montserrat;total;homes;població;;1603
2020;Monistrol de Montserrat;total;dones;població;;1536
2020;Monistrol de Montserrat;total;total;població;;3139
2020;Montagut i Oix;total;homes;població;;481
2020;Montagut i Oix;total;dones;població;;449
2020;Montagut i Oix;total;total;població;;930
2020;Montblanc;total;homes;població;;3742
2020;Montblanc;total;dones;població;;3637
2020;Montblanc;total;total;població;;7379
2020;Montbrió del Camp;total;homes;població;;1499
2020;Montbrió del Camp;total;dones;població;;1410
2020;Montbrió del Camp;total;total;població;;2909
2020;Montcada i Reixac;total;homes;població;;18148
2020;Montcada i Reixac;total;dones;població;;18655
2020;Montcada i Reixac;total;total;població;;36803
2020;Montclar;total;homes;població;;72
2020;Montclar;total;dones;població;;67
2020;Montclar;total;total;població;;139
2020;Montellà i Martinet;total;homes;població;;318
2020;Montellà i Martinet;total;dones;població;;260
2020;Montellà i Martinet;total;total;població;;578
2020;Montesquiu;total;homes;població;;513
2020;Montesquiu;total;dones;població;;517
2020;Montesquiu;total;total;població;;1030
2020;Montferrer i Castellbò;total;homes;població;;559
2020;Montferrer i Castellbò;total;dones;població;;475
2020;Montferrer i Castellbò;total;total;població;;1034
2020;Montferri;total;homes;població;;210
2020;Montferri;total;dones;població;;193
2020;Montferri;total;total;població;;403
2020;Montgai;total;homes;població;;342
2020;Montgai;total;dones;població;;301
2020;Montgai;total;total;població;;643
2020;Montgat;total;homes;població;;6029
2020;Montgat;total;dones;població;;6171
2020;Montgat;total;total;població;;12200
2020;Montmajor;total;homes;població;;232
2020;Montmajor;total;dones;població;;237
2020;Montmajor;total;total;població;;469
2020;Montmaneu;total;homes;població;;81
2020;Montmaneu;total;dones;població;;70
2020;Montmaneu;total;total;població;;151
2020;Montmell, el;total;homes;població;;842
2020;Montmell, el;total;dones;població;;740
2020;Montmell, el;total;total;població;;1582
2020;Montmeló;total;homes;població;;4320
2020;Montmeló;total;dones;població;;4511
2020;Montmeló;total;total;població;;8831
2020;Montoliu de Lleida;total;homes;població;;253
2020;Montoliu de Lleida;total;dones;població;;230
2020;Montoliu de Lleida;total;total;població;;483
2020;Montoliu de Segarra;total;homes;població;;102
2020;Montoliu de Segarra;total;dones;població;;85
2020;Montoliu de Segarra;total;total;població;;187
2020;Montornès de Segarra;total;homes;població;;46
2020;Montornès de Segarra;total;dones;població;;50
2020;Montornès de Segarra;total;total;població;;96
2020;Montornès del Vallès;total;homes;població;;8390
2020;Montornès del Vallès;total;dones;població;;8254
2020;Montornès del Vallès;total;total;població;;16644
2020;Mont-ral;total;homes;població;;99
2020;Mont-ral;total;dones;població;;69
2020;Mont-ral;total;total;població;;168
2020;Mont-ras;total;homes;població;;851
2020;Mont-ras;total;dones;població;;829
2020;Mont-ras;total;total;població;;1680
2020;Mont-roig del Camp;total;homes;població;;6423
2020;Mont-roig del Camp;total;dones;població;;6037
2020;Mont-roig del Camp;total;total;població;;12460
2020;Montseny;total;homes;població;;187
2020;Montseny;total;dones;població;;164
2020;Montseny;total;total;població;;351
2020;Móra d'Ebre;total;homes;població;;2874
2020;Móra d'Ebre;total;dones;població;;2821
2020;Móra d'Ebre;total;total;població;;5695
2020;Móra la Nova;total;homes;població;;1567
2020;Móra la Nova;total;dones;població;;1541
2020;Móra la Nova;total;total;població;;3108
2020;Morell, el;total;homes;població;;1917
2020;Morell, el;total;dones;població;;1825
2020;Morell, el;total;total;població;;3742
2020;Morera de Montsant, la;total;homes;població;;87
2020;Morera de Montsant, la;total;dones;població;;72
2020;Morera de Montsant, la;total;total;població;;159
2020;Muntanyola;total;homes;població;;328
2020;Muntanyola;total;dones;població;;304
2020;Muntanyola;total;total;població;;632
2020;Mura;total;homes;població;;117
2020;Mura;total;dones;població;;103
2020;Mura;total;total;població;;220
2020;Nalec;total;homes;població;;46
2020;Nalec;total;dones;població;;44
2020;Nalec;total;total;població;;90
2020;Naut Aran;total;homes;població;;953
2020;Naut Aran;total;dones;població;;883
2020;Naut Aran;total;total;població;;1836
2020;Navarcles;total;homes;població;;2958
2020;Navarcles;total;dones;població;;3099
2020;Navarcles;total;total;població;;6057
2020;Navàs;total;homes;població;;2987
2020;Navàs;total;dones;població;;3031
2020;Navàs;total;total;població;;6018
2020;Navata;total;homes;població;;692
2020;Navata;total;dones;població;;735
2020;Navata;total;total;població;;1427
2020;Navès;total;homes;població;;146
2020;Navès;total;dones;població;;138
2020;Navès;total;total;població;;284
2020;Nou de Berguedà, la;total;homes;població;;84
2020;Nou de Berguedà, la;total;dones;població;;78
2020;Nou de Berguedà, la;total;total;població;;162
2020;Nou de Gaià, la;total;homes;població;;294
2020;Nou de Gaià, la;total;dones;població;;306
2020;Nou de Gaià, la;total;total;població;;600
2020;Nulles;total;homes;població;;274
2020;Nulles;total;dones;població;;235
2020;Nulles;total;total;població;;509
2020;Odèn;total;homes;població;;152
2020;Odèn;total;dones;població;;106
2020;Odèn;total;total;població;;258
2020;Òdena;total;homes;població;;1881
2020;Òdena;total;dones;població;;1787
2020;Òdena;total;total;població;;3668
2020;Ogassa;total;homes;població;;132
2020;Ogassa;total;dones;població;;108
2020;Ogassa;total;total;població;;240
2020;Olèrdola;total;homes;població;;1955
2020;Olèrdola;total;dones;població;;1813
2020;Olèrdola;total;total;població;;3768
2020;Olesa de Bonesvalls;total;homes;població;;968
2020;Olesa de Bonesvalls;total;dones;població;;872
2020;Olesa de Bonesvalls;total;total;població;;1840
2020;Olesa de Montserrat;total;homes;població;;12058
2020;Olesa de Montserrat;total;dones;població;;12086
2020;Olesa de Montserrat;total;total;població;;24144
2020;Oliana;total;homes;població;;918
2020;Oliana;total;dones;població;;925
2020;Oliana;total;total;població;;1843
2020;Oliola;total;homes;població;;109
2020;Oliola;total;dones;població;;94
2020;Oliola;total;total;població;;203
2020;Olius;total;homes;població;;527
2020;Olius;total;dones;població;;454
2020;Olius;total;total;població;;981
2020;Olivella;total;homes;població;;2054
2020;Olivella;total;dones;població;;1881
2020;Olivella;total;total;població;;3935
2020;Olost;total;homes;població;;586
2020;Olost;total;dones;població;;616
2020;Olost;total;total;població;;1202
2020;Olot;total;homes;població;;17989
2020;Olot;total;dones;població;;17937
2020;Olot;total;total;població;;35926
2020;Oluges, les;total;homes;població;;90
2020;Oluges, les;total;dones;població;;81
2020;Oluges, les;total;total;població;;171
2020;Olvan;total;homes;població;;419
2020;Olvan;total;dones;població;;439
2020;Olvan;total;total;població;;858
2020;Omellons, els;total;homes;població;;110
2020;Omellons, els;total;dones;població;;96
2020;Omellons, els;total;total;població;;206
2020;Omells de na Gaia, els;total;homes;població;;74
2020;Omells de na Gaia, els;total;dones;població;;56
2020;Omells de na Gaia, els;total;total;població;;130
2020;Ordis;total;homes;població;;193
2020;Ordis;total;dones;població;;168
2020;Ordis;total;total;població;;361
2020;Organyà;total;homes;població;;387
2020;Organyà;total;dones;població;;384
2020;Organyà;total;total;població;;771
2020;Orís;total;homes;població;;164
2020;Orís;total;dones;població;;158
2020;Orís;total;total;població;;322
2020;Oristà;total;homes;població;;282
2020;Oristà;total;dones;població;;267
2020;Oristà;total;total;població;;549
2020;Orpí;total;homes;població;;79
2020;Orpí;total;dones;població;;72
2020;Orpí;total;total;població;;151
2020;Òrrius;total;homes;població;;387
2020;Òrrius;total;dones;població;;371
2020;Òrrius;total;total;població;;758
2020;Os de Balaguer;total;homes;població;;501
2020;Os de Balaguer;total;dones;població;;479
2020;Os de Balaguer;total;total;població;;980
2020;Osor;total;homes;població;;232
2020;Osor;total;dones;població;;196
2020;Osor;total;total;població;;428
2020;Ossó de Sió;total;homes;població;;97
2020;Ossó de Sió;total;dones;població;;106
2020;Ossó de Sió;total;total;població;;203
2020;Pacs del Penedès;total;homes;població;;463
2020;Pacs del Penedès;total;dones;població;;455
2020;Pacs del Penedès;total;total;població;;918
2020;Palafolls;total;homes;població;;4814
2020;Palafolls;total;dones;població;;4799
2020;Palafolls;total;total;població;;9613
2020;Palafrugell;total;homes;població;;11531
2020;Palafrugell;total;dones;població;;11713
2020;Palafrugell;total;total;població;;23244
2020;Palamós;total;homes;població;;8873
2020;Palamós;total;dones;població;;9262
2020;Palamós;total;total;població;;18135
2020;Palau d'Anglesola, el;total;homes;població;;1071
2020;Palau d'Anglesola, el;total;dones;població;;1095
2020;Palau d'Anglesola, el;total;total;població;;2166
2020;Palau de Santa Eulàlia;total;homes;població;;51
2020;Palau de Santa Eulàlia;total;dones;població;;39
2020;Palau de Santa Eulàlia;total;total;població;;90
2020;Palau-sator;total;homes;població;;169
2020;Palau-sator;total;dones;població;;141
2020;Palau-sator;total;total;població;;310
2020;Palau-saverdera;total;homes;població;;738
2020;Palau-saverdera;total;dones;població;;718
2020;Palau-saverdera;total;total;població;;1456
2020;Palau-solità i Plegamans;total;homes;població;;7289
2020;Palau-solità i Plegamans;total;dones;població;;7603
2020;Palau-solità i Plegamans;total;total;població;;14892
2020;Pallaresos, els;total;homes;població;;2423
2020;Pallaresos, els;total;dones;població;;2427
2020;Pallaresos, els;total;total;població;;4850
2020;Pallejà;total;homes;població;;5794
2020;Pallejà;total;dones;població;;5828
2020;Pallejà;total;total;població;;11622
2020;Palma d'Ebre, la;total;homes;població;;165
2020;Palma d'Ebre, la;total;dones;població;;173
2020;Palma d'Ebre, la;total;total;població;;338
2020;Palma de Cervelló, la;total;homes;població;;1475
2020;Palma de Cervelló, la;total;dones;població;;1517
2020;Palma de Cervelló, la;total;total;població;;2992
2020;Palol de Revardit;total;homes;població;;223
2020;Palol de Revardit;total;dones;població;;225
2020;Palol de Revardit;total;total;població;;448
2020;Pals;total;homes;població;;1232
2020;Pals;total;dones;població;;1163
2020;Pals;total;total;població;;2395
2020;Papiol, el;total;homes;població;;2063
2020;Papiol, el;total;dones;població;;2109
2020;Papiol, el;total;total;població;;4172
2020;Pardines;total;homes;població;;90
2020;Pardines;total;dones;població;;79
2020;Pardines;total;total;població;;169
2020;Parets del Vallès;total;homes;població;;9518
2020;Parets del Vallès;total;dones;població;;9553
2020;Parets del Vallès;total;total;població;;19071
2020;Parlavà;total;homes;població;;196
2020;Parlavà;total;dones;població;;195
2020;Parlavà;total;total;població;;391
2020;Passanant i Belltall;total;homes;població;;94
2020;Passanant i Belltall;total;dones;població;;61
2020;Passanant i Belltall;total;total;població;;155
2020;Pau;total;homes;població;;280
2020;Pau;total;dones;població;;277
2020;Pau;total;total;població;;557
2020;Paüls;total;homes;població;;273
2020;Paüls;total;dones;població;;272
2020;Paüls;total;total;població;;545
2020;Pedret i Marzà;total;homes;població;;97
2020;Pedret i Marzà;total;dones;població;;94
2020;Pedret i Marzà;total;total;població;;191
2020;Penelles;total;homes;població;;255
2020;Penelles;total;dones;població;;181
2020;Penelles;total;total;població;;436
2020;Pera, la;total;homes;població;;217
2020;Pera, la;total;dones;població;;218
2020;Pera, la;total;total;població;;435
2020;Perafita;total;homes;població;;208
2020;Perafita;total;dones;població;;197
2020;Perafita;total;total;població;;405
2020;Perafort;total;homes;població;;659
2020;Perafort;total;dones;població;;605
2020;Perafort;total;total;població;;1264
2020;Peralada;total;homes;població;;937
2020;Peralada;total;dones;població;;961
2020;Peralada;total;total;població;;1898
2020;Peramola;total;homes;població;;173
2020;Peramola;total;dones;població;;174
2020;Peramola;total;total;població;;347
2020;Perelló, el;total;homes;població;;1442
2020;Perelló, el;total;dones;població;;1384
2020;Perelló, el;total;total;població;;2826
2020;Piera;total;homes;població;;8253
2020;Piera;total;dones;població;;7881
2020;Piera;total;total;població;;16134
2020;Piles, les;total;homes;població;;114
2020;Piles, les;total;dones;població;;96
2020;Piles, les;total;total;població;;210
2020;Pineda de Mar;total;homes;població;;13940
2020;Pineda de Mar;total;dones;població;;14044
2020;Pineda de Mar;total;total;població;;27984
2020;Pinell de Brai, el;total;homes;població;;513
2020;Pinell de Brai, el;total;dones;població;;495
2020;Pinell de Brai, el;total;total;població;;1008
2020;Pinell de Solsonès;total;homes;població;;113
2020;Pinell de Solsonès;total;dones;població;;80
2020;Pinell de Solsonès;total;total;població;;193
2020;Pinós;total;homes;població;;152
2020;Pinós;total;dones;població;;134
2020;Pinós;total;total;població;;286
2020;Pira;total;homes;població;;270
2020;Pira;total;dones;població;;233
2020;Pira;total;total;població;;503
2020;Pla de Santa Maria, el;total;homes;població;;1229
2020;Pla de Santa Maria, el;total;dones;població;;1119
2020;Pla de Santa Maria, el;total;total;població;;2348
2020;Pla del Penedès, el;total;homes;població;;638
2020;Pla del Penedès, el;total;dones;població;;637
2020;Pla del Penedès, el;total;total;població;;1275
2020;Planes d'Hostoles, les;total;homes;població;;866
2020;Planes d'Hostoles, les;total;dones;població;;846
2020;Planes d'Hostoles, les;total;total;població;;1712
2020;Planoles;total;homes;població;;165
2020;Planoles;total;dones;població;;139
2020;Planoles;total;total;població;;304
2020;Plans de Sió, els;total;homes;població;;266
2020;Plans de Sió, els;total;dones;població;;225
2020;Plans de Sió, els;total;total;població;;491
2020;Poal, el;total;homes;població;;350
2020;Poal, el;total;dones;població;;320
2020;Poal, el;total;total;població;;670
2020;Pobla de Cérvoles, la;total;homes;població;;104
2020;Pobla de Cérvoles, la;total;dones;població;;85
2020;Pobla de Cérvoles, la;total;total;població;;189
2020;Pobla de Claramunt, la;total;homes;població;;1110
2020;Pobla de Claramunt, la;total;dones;població;;1075
2020;Pobla de Claramunt, la;total;total;població;;2185
2020;Pobla de Lillet, la;total;homes;població;;531
2020;Pobla de Lillet, la;total;dones;població;;562
2020;Pobla de Lillet, la;total;total;població;;1093
2020;Pobla de Mafumet, la;total;homes;població;;2017
2020;Pobla de Mafumet, la;total;dones;població;;1954
2020;Pobla de Mafumet, la;total;total;població;;3971
2020;Pobla de Massaluca, la;total;homes;població;;180
2020;Pobla de Massaluca, la;total;dones;població;;137
2020;Pobla de Massaluca, la;total;total;població;;317
2020;Pobla de Montornès, la;total;homes;població;;1503
2020;Pobla de Montornès, la;total;dones;població;;1381
2020;Pobla de Montornès, la;total;total;població;;2884
2020;Pobla de Segur, la;total;homes;població;;1515
2020;Pobla de Segur, la;total;dones;població;;1528
2020;Pobla de Segur, la;total;total;població;;3043
2020;Poboleda;total;homes;població;;166
2020;Poboleda;total;dones;població;;155
2020;Poboleda;total;total;població;;321
2020;Polinyà;total;homes;població;;4320
2020;Polinyà;total;dones;població;;4184
2020;Polinyà;total;total;població;;8504
2020;Pont d'Armentera, el;total;homes;població;;249
2020;Pont d'Armentera, el;total;dones;població;;239
2020;Pont d'Armentera, el;total;total;població;;488
2020;Pont de Bar, el;total;homes;població;;91
2020;Pont de Bar, el;total;dones;població;;61
2020;Pont de Bar, el;total;total;població;;152
2020;Pont de Molins;total;homes;població;;261
2020;Pont de Molins;total;dones;població;;255
2020;Pont de Molins;total;total;població;;516
2020;Pont de Suert, el;total;homes;població;;1128
2020;Pont de Suert, el;total;dones;població;;1129
2020;Pont de Suert, el;total;total;població;;2257
2020;Pont de Vilomara i Rocafort, el;total;homes;població;;2007
2020;Pont de Vilomara i Rocafort, el;total;dones;població;;1900
2020;Pont de Vilomara i Rocafort, el;total;total;població;;3907
2020;Pontils;total;homes;població;;66
2020;Pontils;total;dones;població;;56
2020;Pontils;total;total;població;;122
2020;Pontons;total;homes;població;;283
2020;Pontons;total;dones;població;;245
2020;Pontons;total;total;població;;528
2020;Pontós;total;homes;població;;141
2020;Pontós;total;dones;població;;119
2020;Pontós;total;total;població;;260
2020;Ponts;total;homes;població;;1337
2020;Ponts;total;dones;població;;1307
2020;Ponts;total;total;població;;2644
2020;Porqueres;total;homes;població;;2304
2020;Porqueres;total;dones;població;;2373
2020;Porqueres;total;total;població;;4677
2020;Porrera;total;homes;població;;223
2020;Porrera;total;dones;població;;201
2020;Porrera;total;total;població;;424
2020;Port de la Selva, el;total;homes;població;;497
2020;Port de la Selva, el;total;dones;població;;461
2020;Port de la Selva, el;total;total;població;;958
2020;Portbou;total;homes;població;;521
2020;Portbou;total;dones;població;;542
2020;Portbou;total;total;població;;1063
2020;Portella, la;total;homes;població;;423
2020;Portella, la;total;dones;població;;320
2020;Portella, la;total;total;població;;743
2020;Pradell de la Teixeta;total;homes;població;;74
2020;Pradell de la Teixeta;total;dones;població;;84
2020;Pradell de la Teixeta;total;total;població;;158
2020;Prades;total;homes;població;;311
2020;Prades;total;dones;població;;277
2020;Prades;total;total;població;;588
2020;Prat de Comte;total;homes;població;;97
2020;Prat de Comte;total;dones;població;;80
2020;Prat de Comte;total;total;població;;177
2020;Prat de Llobregat, el;total;homes;població;;31951
2020;Prat de Llobregat, el;total;dones;població;;33434
2020;Prat de Llobregat, el;total;total;població;;65385
2020;Pratdip;total;homes;població;;388
2020;Pratdip;total;dones;població;;338
2020;Pratdip;total;total;població;;726
2020;Prats de Lluçanès;total;homes;població;;1305
2020;Prats de Lluçanès;total;dones;població;;1299
2020;Prats de Lluçanès;total;total;població;;2604
2020;Prats de Rei, els;total;homes;població;;286
2020;Prats de Rei, els;total;dones;població;;251
2020;Prats de Rei, els;total;total;població;;537
2020;Prats i Sansor;total;homes;població;;116
2020;Prats i Sansor;total;dones;població;;106
2020;Prats i Sansor;total;total;població;;222
2020;Preixana;total;homes;població;;200
2020;Preixana;total;dones;població;;187
2020;Preixana;total;total;població;;387
2020;Preixens;total;homes;població;;211
2020;Preixens;total;dones;població;;207
2020;Preixens;total;total;població;;418
2020;Premià de Dalt;total;homes;població;;5201
2020;Premià de Dalt;total;dones;població;;5240
2020;Premià de Dalt;total;total;població;;10441
2020;Premià de Mar;total;homes;població;;13913
2020;Premià de Mar;total;dones;població;;14618
2020;Premià de Mar;total;total;població;;28531
2020;Preses, les;total;homes;població;;921
2020;Preses, les;total;dones;població;;934
2020;Preses, les;total;total;població;;1855
2020;Prullans;total;homes;població;;104
2020;Prullans;total;dones;població;;122
2020;Prullans;total;total;població;;226
2020;Puigcerdà;total;homes;població;;4712
2020;Puigcerdà;total;dones;població;;4774
2020;Puigcerdà;total;total;població;;9486
2020;Puigdàlber;total;homes;població;;249
2020;Puigdàlber;total;dones;població;;275
2020;Puigdàlber;total;total;població;;524
2020;Puiggròs;total;homes;població;;142
2020;Puiggròs;total;dones;població;;136
2020;Puiggròs;total;total;població;;278
2020;Puigpelat;total;homes;població;;604
2020;Puigpelat;total;dones;població;;559
2020;Puigpelat;total;total;població;;1163
2020;Puig-reig;total;homes;població;;2135
2020;Puig-reig;total;dones;població;;2160
2020;Puig-reig;total;total;població;;4295
2020;Puigverd d'Agramunt;total;homes;població;;131
2020;Puigverd d'Agramunt;total;dones;població;;98
2020;Puigverd d'Agramunt;total;total;població;;229
2020;Puigverd de Lleida;total;homes;població;;694
2020;Puigverd de Lleida;total;dones;població;;655
2020;Puigverd de Lleida;total;total;població;;1349
2020;Pujalt;total;homes;població;;118
2020;Pujalt;total;dones;població;;92
2020;Pujalt;total;total;població;;210
2020;Quar, la;total;homes;població;;26
2020;Quar, la;total;dones;població;;23
2020;Quar, la;total;total;població;;49
2020;Quart;total;homes;població;;1910
2020;Quart;total;dones;població;;1888
2020;Quart;total;total;població;;3798
2020;Queralbs;total;homes;població;;98
2020;Queralbs;total;dones;població;;90
2020;Queralbs;total;total;població;;188
2020;Querol;total;homes;població;;285
2020;Querol;total;dones;població;;233
2020;Querol;total;total;població;;518
2020;Rabós;total;homes;població;;92
2020;Rabós;total;dones;població;;92
2020;Rabós;total;total;població;;184
2020;Rajadell;total;homes;població;;273
2020;Rajadell;total;dones;població;;261
2020;Rajadell;total;total;població;;534
2020;Ràpita, la;total;homes;població;;7316
2020;Ràpita, la;total;dones;població;;7637
2020;Ràpita, la;total;total;població;;14953
2020;Rasquera;total;homes;població;;388
2020;Rasquera;total;dones;població;;395
2020;Rasquera;total;total;població;;783
2020;Regencós;total;homes;població;;150
2020;Regencós;total;dones;població;;126
2020;Regencós;total;total;població;;276
2020;Rellinars;total;homes;població;;417
2020;Rellinars;total;dones;població;;392
2020;Rellinars;total;total;població;;809
2020;Renau;total;homes;població;;85
2020;Renau;total;dones;població;;77
2020;Renau;total;total;població;;162
2020;Reus;total;homes;població;;51335
2020;Reus;total;dones;població;;54833
2020;Reus;total;total;població;;106168
2020;Rialp;total;homes;població;;319
2020;Rialp;total;dones;població;;322
2020;Rialp;total;total;població;;641
2020;Riba, la;total;homes;població;;319
2020;Riba, la;total;dones;població;;266
2020;Riba, la;total;total;població;;585
2020;Riba-roja d'Ebre;total;homes;població;;583
2020;Riba-roja d'Ebre;total;dones;població;;527
2020;Riba-roja d'Ebre;total;total;població;;1110
2020;Ribera d'Ondara;total;homes;població;;215
2020;Ribera d'Ondara;total;dones;població;;218
2020;Ribera d'Ondara;total;total;població;;433
2020;Ribera d'Urgellet;total;homes;població;;480
2020;Ribera d'Urgellet;total;dones;població;;452
2020;Ribera d'Urgellet;total;total;població;;932
2020;Ribes de Freser;total;homes;població;;883
2020;Ribes de Freser;total;dones;població;;877
2020;Ribes de Freser;total;total;població;;1760
2020;Riells i Viabrea;total;homes;població;;2110
2020;Riells i Viabrea;total;dones;població;;2043
2020;Riells i Viabrea;total;total;població;;4153
2020;Riera de Gaià, la;total;homes;població;;874
2020;Riera de Gaià, la;total;dones;població;;868
2020;Riera de Gaià, la;total;total;població;;1742
2020;Riner;total;homes;població;;133
2020;Riner;total;dones;població;;130
2020;Riner;total;total;població;;263
2020;Ripoll;total;homes;població;;5369
2020;Ripoll;total;dones;població;;5434
2020;Ripoll;total;total;població;;10803
2020;Ripollet;total;homes;població;;19396
2020;Ripollet;total;dones;població;;19783
2020;Ripollet;total;total;població;;39179
2020;Riu de Cerdanya;total;homes;població;;55
2020;Riu de Cerdanya;total;dones;població;;38
2020;Riu de Cerdanya;total;total;població;;93
2020;Riudarenes;total;homes;població;;1134
2020;Riudarenes;total;dones;població;;1070
2020;Riudarenes;total;total;població;;2204
2020;Riudaura;total;homes;població;;230
2020;Riudaura;total;dones;població;;251
2020;Riudaura;total;total;població;;481
2020;Riudecanyes;total;homes;població;;611
2020;Riudecanyes;total;dones;població;;535
2020;Riudecanyes;total;total;població;;1146
2020;Riudecols;total;homes;població;;617
2020;Riudecols;total;dones;població;;572
2020;Riudecols;total;total;població;;1189
2020;Riudellots de la Selva;total;homes;població;;1055
2020;Riudellots de la Selva;total;dones;població;;1016
2020;Riudellots de la Selva;total;total;població;;2071
2020;Riudoms;total;homes;població;;3352
2020;Riudoms;total;dones;població;;3217
2020;Riudoms;total;total;població;;6569
2020;Riumors;total;homes;població;;121
2020;Riumors;total;dones;població;;125
2020;Riumors;total;total;població;;246
2020;Roca del Vallès, la;total;homes;població;;5356
2020;Roca del Vallès, la;total;dones;població;;5398
2020;Roca del Vallès, la;total;total;població;;10754
2020;Rocafort de Queralt;total;homes;població;;114
2020;Rocafort de Queralt;total;dones;població;;97
2020;Rocafort de Queralt;total;total;població;;211
2020;Roda de Berà;total;homes;població;;3463
2020;Roda de Berà;total;dones;població;;3322
2020;Roda de Berà;total;total;població;;6785
2020;Roda de Ter;total;homes;població;;3235
2020;Roda de Ter;total;dones;població;;3255
2020;Roda de Ter;total;total;població;;6490
2020;Rodonyà;total;homes;població;;265
2020;Rodonyà;total;dones;població;;229
2020;Rodonyà;total;total;població;;494
2020;Roquetes;total;homes;població;;4170
2020;Roquetes;total;dones;població;;3909
2020;Roquetes;total;total;població;;8079
2020;Roses;total;homes;població;;10016
2020;Roses;total;dones;població;;9791
2020;Roses;total;total;població;;19807
2020;Rosselló;total;homes;població;;1663
2020;Rosselló;total;dones;població;;1574
2020;Rosselló;total;total;població;;3237
2020;Rourell, el;total;homes;població;;193
2020;Rourell, el;total;dones;població;;179
2020;Rourell, el;total;total;població;;372
2020;Rubí;total;homes;població;;38889
2020;Rubí;total;dones;població;;39702
2020;Rubí;total;total;població;;78591
2020;Rubió;total;homes;població;;134
2020;Rubió;total;dones;població;;105
2020;Rubió;total;total;població;;239
2020;Rupià;total;homes;població;;140
2020;Rupià;total;dones;població;;133
2020;Rupià;total;total;població;;273
2020;Rupit i Pruit;total;homes;població;;132
2020;Rupit i Pruit;total;dones;població;;139
2020;Rupit i Pruit;total;total;població;;271
2020;Sabadell;total;homes;població;;105388
2020;Sabadell;total;dones;població;;111132
2020;Sabadell;total;total;població;;216520
2020;Sagàs;total;homes;població;;77
2020;Sagàs;total;dones;població;;68
2020;Sagàs;total;total;població;;145
2020;Salàs de Pallars;total;homes;població;;174
2020;Salàs de Pallars;total;dones;població;;153
2020;Salàs de Pallars;total;total;població;;327
2020;Saldes;total;homes;població;;159
2020;Saldes;total;dones;població;;119
2020;Saldes;total;total;població;;278
2020;Sales de Llierca;total;homes;població;;82
2020;Sales de Llierca;total;dones;població;;77
2020;Sales de Llierca;total;total;població;;159
2020;Sallent;total;homes;població;;3260
2020;Sallent;total;dones;població;;3475
2020;Sallent;total;total;població;;6735
2020;Salomó;total;homes;població;;286
2020;Salomó;total;dones;població;;263
2020;Salomó;total;total;població;;549
2020;Salou;total;homes;població;;14736
2020;Salou;total;dones;població;;13790
2020;Salou;total;total;població;;28526
2020;Salt;total;homes;població;;16920
2020;Salt;total;dones;població;;15218
2020;Salt;total;total;població;;32138
2020;Sanaüja;total;homes;població;;198
2020;Sanaüja;total;dones;població;;181
2020;Sanaüja;total;total;població;;379
2020;Sant Adrià de Besòs;total;homes;població;;18369
2020;Sant Adrià de Besòs;total;dones;població;;19078
2020;Sant Adrià de Besòs;total;total;població;;37447
2020;Sant Agustí de Lluçanès;total;homes;població;;44
2020;Sant Agustí de Lluçanès;total;dones;població;;45
2020;Sant Agustí de Lluçanès;total;total;població;;89
2020;Sant Andreu de la Barca;total;homes;població;;13644
2020;Sant Andreu de la Barca;total;dones;població;;13925
2020;Sant Andreu de la Barca;total;total;població;;27569
2020;Sant Andreu de Llavaneres;total;homes;població;;5513
2020;Sant Andreu de Llavaneres;total;dones;població;;5620
2020;Sant Andreu de Llavaneres;total;total;població;;11133
2020;Sant Andreu Salou;total;homes;població;;78
2020;Sant Andreu Salou;total;dones;població;;82
2020;Sant Andreu Salou;total;total;població;;160
2020;Sant Aniol de Finestres;total;homes;població;;180
2020;Sant Aniol de Finestres;total;dones;població;;165
2020;Sant Aniol de Finestres;total;total;població;;345
2020;Sant Antoni de Vilamajor;total;homes;població;;3066
2020;Sant Antoni de Vilamajor;total;dones;població;;3142
2020;Sant Antoni de Vilamajor;total;total;població;;6208
2020;Sant Bartomeu del Grau;total;homes;població;;475
2020;Sant Bartomeu del Grau;total;dones;població;;409
2020;Sant Bartomeu del Grau;total;total;població;;884
2020;Sant Boi de Llobregat;total;homes;població;;41235
2020;Sant Boi de Llobregat;total;dones;població;;43265
2020;Sant Boi de Llobregat;total;total;població;;84500
2020;Sant Boi de Lluçanès;total;homes;població;;293
2020;Sant Boi de Lluçanès;total;dones;població;;287
2020;Sant Boi de Lluçanès;total;total;població;;580
2020;Sant Cebrià de Vallalta;total;homes;població;;1791
2020;Sant Cebrià de Vallalta;total;dones;població;;1647
2020;Sant Cebrià de Vallalta;total;total;població;;3438
2020;Sant Celoni;total;homes;població;;9032
2020;Sant Celoni;total;dones;població;;9104
2020;Sant Celoni;total;total;població;;18136
2020;Sant Climent de Llobregat;total;homes;població;;2097
2020;Sant Climent de Llobregat;total;dones;població;;2063
2020;Sant Climent de Llobregat;total;total;població;;4160
2020;Sant Climent Sescebes;total;homes;població;;439
2020;Sant Climent Sescebes;total;dones;població;;268
2020;Sant Climent Sescebes;total;total;població;;707
2020;Sant Cugat del Vallès;total;homes;població;;45216
2020;Sant Cugat del Vallès;total;dones;població;;47761
2020;Sant Cugat del Vallès;total;total;població;;92977
2020;Sant Cugat Sesgarrigues;total;homes;població;;491
2020;Sant Cugat Sesgarrigues;total;dones;població;;518
2020;Sant Cugat Sesgarrigues;total;total;població;;1009
2020;Sant Esteve de la Sarga;total;homes;població;;74
2020;Sant Esteve de la Sarga;total;dones;població;;48
2020;Sant Esteve de la Sarga;total;total;població;;122
2020;Sant Esteve de Palautordera;total;homes;població;;1412
2020;Sant Esteve de Palautordera;total;dones;població;;1452
2020;Sant Esteve de Palautordera;total;total;població;;2864
2020;Sant Esteve Sesrovires;total;homes;població;;3862
2020;Sant Esteve Sesrovires;total;dones;població;;3834
2020;Sant Esteve Sesrovires;total;total;població;;7696
2020;Sant Feliu de Buixalleu;total;homes;població;;414
2020;Sant Feliu de Buixalleu;total;dones;població;;383
2020;Sant Feliu de Buixalleu;total;total;població;;797
2020;Sant Feliu de Codines;total;homes;població;;3232
2020;Sant Feliu de Codines;total;dones;població;;3131
2020;Sant Feliu de Codines;total;total;població;;6363
2020;Sant Feliu de Guíxols;total;homes;població;;10871
2020;Sant Feliu de Guíxols;total;dones;població;;11226
2020;Sant Feliu de Guíxols;total;total;població;;22097
2020;Sant Feliu de Llobregat;total;homes;població;;22104
2020;Sant Feliu de Llobregat;total;dones;població;;23363
2020;Sant Feliu de Llobregat;total;total;població;;45467
2020;Sant Feliu de Pallerols;total;homes;població;;724
2020;Sant Feliu de Pallerols;total;dones;població;;713
2020;Sant Feliu de Pallerols;total;total;població;;1437
2020;Sant Feliu Sasserra;total;homes;població;;319
2020;Sant Feliu Sasserra;total;dones;població;;286
2020;Sant Feliu Sasserra;total;total;població;;605
2020;Sant Ferriol;total;homes;població;;125
2020;Sant Ferriol;total;dones;població;;111
2020;Sant Ferriol;total;total;població;;236
2020;Sant Fost de Campsentelles;total;homes;població;;4408
2020;Sant Fost de Campsentelles;total;dones;població;;4445
2020;Sant Fost de Campsentelles;total;total;població;;8853
2020;Sant Fruitós de Bages;total;homes;població;;4348
2020;Sant Fruitós de Bages;total;dones;població;;4489
2020;Sant Fruitós de Bages;total;total;població;;8837
2020;Sant Gregori;total;homes;població;;2017
2020;Sant Gregori;total;dones;població;;1911
2020;Sant Gregori;total;total;població;;3928
2020;Sant Guim de Freixenet;total;homes;població;;539
2020;Sant Guim de Freixenet;total;dones;població;;498
2020;Sant Guim de Freixenet;total;total;població;;1037
2020;Sant Guim de la Plana;total;homes;població;;99
2020;Sant Guim de la Plana;total;dones;població;;82
2020;Sant Guim de la Plana;total;total;població;;181
2020;Sant Hilari Sacalm;total;homes;població;;2884
2020;Sant Hilari Sacalm;total;dones;població;;2819
2020;Sant Hilari Sacalm;total;total;població;;5703
2020;Sant Hipòlit de Voltregà;total;homes;població;;1765
2020;Sant Hipòlit de Voltregà;total;dones;població;;1775
2020;Sant Hipòlit de Voltregà;total;total;població;;3540
2020;Sant Iscle de Vallalta;total;homes;població;;712
2020;Sant Iscle de Vallalta;total;dones;població;;630
2020;Sant Iscle de Vallalta;total;total;població;;1342
2020;Sant Jaume d'Enveja;total;homes;població;;1781
2020;Sant Jaume d'Enveja;total;dones;població;;1746
2020;Sant Jaume d'Enveja;total;total;població;;3527
2020;Sant Jaume de Frontanyà;total;homes;població;;18
2020;Sant Jaume de Frontanyà;total;dones;població;;12
2020;Sant Jaume de Frontanyà;total;total;població;;30
2020;Sant Jaume de Llierca;total;homes;població;;420
2020;Sant Jaume de Llierca;total;dones;població;;451
2020;Sant Jaume de Llierca;total;total;població;;871
2020;Sant Jaume dels Domenys;total;homes;població;;1348
2020;Sant Jaume dels Domenys;total;dones;població;;1276
2020;Sant Jaume dels Domenys;total;total;població;;2624
2020;Sant Joan de les Abadesses;total;homes;població;;1595
2020;Sant Joan de les Abadesses;total;dones;població;;1629
2020;Sant Joan de les Abadesses;total;total;població;;3224
2020;Sant Joan de Mollet;total;homes;població;;241
2020;Sant Joan de Mollet;total;dones;població;;257
2020;Sant Joan de Mollet;total;total;població;;498
2020;Sant Joan de Vilatorrada;total;homes;població;;5521
2020;Sant Joan de Vilatorrada;total;dones;població;;5477
2020;Sant Joan de Vilatorrada;total;total;població;;10998
2020;Sant Joan Despí;total;homes;població;;16692
2020;Sant Joan Despí;total;dones;població;;17575
2020;Sant Joan Despí;total;total;població;;34267
2020;Sant Joan les Fonts;total;homes;població;;1553
2020;Sant Joan les Fonts;total;dones;població;;1491
2020;Sant Joan les Fonts;total;total;població;;3044
2020;Sant Jordi Desvalls;total;homes;població;;377
2020;Sant Jordi Desvalls;total;dones;població;;383
2020;Sant Jordi Desvalls;total;total;població;;760
2020;Sant Julià de Cerdanyola;total;homes;població;;127
2020;Sant Julià de Cerdanyola;total;dones;població;;102
2020;Sant Julià de Cerdanyola;total;total;població;;229
2020;Sant Julià de Ramis;total;homes;població;;1814
2020;Sant Julià de Ramis;total;dones;població;;1762
2020;Sant Julià de Ramis;total;total;població;;3576
2020;Sant Julià de Vilatorta;total;homes;població;;1559
2020;Sant Julià de Vilatorta;total;dones;població;;1581
2020;Sant Julià de Vilatorta;total;total;població;;3140
2020;Sant Julià del Llor i Bonmatí;total;homes;població;;660
2020;Sant Julià del Llor i Bonmatí;total;dones;població;;653
2020;Sant Julià del Llor i Bonmatí;total;total;població;;1313
2020;Sant Just Desvern;total;homes;població;;8951
2020;Sant Just Desvern;total;dones;població;;9719
2020;Sant Just Desvern;total;total;població;;18670
2020;Sant Llorenç d'Hortons;total;homes;població;;1234
2020;Sant Llorenç d'Hortons;total;dones;població;;1194
2020;Sant Llorenç d'Hortons;total;total;població;;2428
2020;Sant Llorenç de la Muga;total;homes;població;;134
2020;Sant Llorenç de la Muga;total;dones;població;;131
2020;Sant Llorenç de la Muga;total;total;població;;265
2020;Sant Llorenç de Morunys;total;homes;població;;467
2020;Sant Llorenç de Morunys;total;dones;població;;493
2020;Sant Llorenç de Morunys;total;total;població;;960
2020;Sant Llorenç Savall;total;homes;població;;1216
2020;Sant Llorenç Savall;total;dones;població;;1201
2020;Sant Llorenç Savall;total;total;població;;2417
2020;Sant Martí d'Albars;total;homes;població;;57
2020;Sant Martí d'Albars;total;dones;població;;57
2020;Sant Martí d'Albars;total;total;població;;114
2020;Sant Martí de Centelles;total;homes;població;;609
2020;Sant Martí de Centelles;total;dones;població;;575
2020;Sant Martí de Centelles;total;total;població;;1184
2020;Sant Martí de Llémena;total;homes;població;;334
2020;Sant Martí de Llémena;total;dones;població;;307
2020;Sant Martí de Llémena;total;total;població;;641
2020;Sant Martí de Riucorb;total;homes;població;;328
2020;Sant Martí de Riucorb;total;dones;població;;311
2020;Sant Martí de Riucorb;total;total;població;;639
2020;Sant Martí de Tous;total;homes;població;;634
2020;Sant Martí de Tous;total;dones;població;;594
2020;Sant Martí de Tous;total;total;població;;1228
2020;Sant Martí Sarroca;total;homes;població;;1605
2020;Sant Martí Sarroca;total;dones;població;;1656
2020;Sant Martí Sarroca;total;total;població;;3261
2020;Sant Martí Sesgueioles;total;homes;població;;178
2020;Sant Martí Sesgueioles;total;dones;població;;164
2020;Sant Martí Sesgueioles;total;total;població;;342
2020;Sant Martí Vell;total;homes;població;;136
2020;Sant Martí Vell;total;dones;població;;115
2020;Sant Martí Vell;total;total;població;;251
2020;Sant Mateu de Bages;total;homes;població;;313
2020;Sant Mateu de Bages;total;dones;població;;295
2020;Sant Mateu de Bages;total;total;població;;608
2020;Sant Miquel de Campmajor;total;homes;població;;127
2020;Sant Miquel de Campmajor;total;dones;població;;102
2020;Sant Miquel de Campmajor;total;total;població;;229
2020;Sant Miquel de Fluvià;total;homes;població;;396
2020;Sant Miquel de Fluvià;total;dones;població;;365
2020;Sant Miquel de Fluvià;total;total;població;;761
2020;Sant Mori;total;homes;població;;84
2020;Sant Mori;total;dones;població;;82
2020;Sant Mori;total;total;població;;166
2020;Sant Pau de Segúries;total;homes;població;;344
2020;Sant Pau de Segúries;total;dones;població;;344
2020;Sant Pau de Segúries;total;total;població;;688
2020;Sant Pere de Ribes;total;homes;població;;15456
2020;Sant Pere de Ribes;total;dones;població;;15655
2020;Sant Pere de Ribes;total;total;població;;31111
2020;Sant Pere de Riudebitlles;total;homes;població;;1191
2020;Sant Pere de Riudebitlles;total;dones;població;;1189
2020;Sant Pere de Riudebitlles;total;total;població;;2380
2020;Sant Pere de Torelló;total;homes;població;;1276
2020;Sant Pere de Torelló;total;dones;població;;1194
2020;Sant Pere de Torelló;total;total;població;;2470
2020;Sant Pere de Vilamajor;total;homes;població;;2279
2020;Sant Pere de Vilamajor;total;dones;població;;2265
2020;Sant Pere de Vilamajor;total;total;població;;4544
2020;Sant Pere Pescador;total;homes;població;;1112
2020;Sant Pere Pescador;total;dones;població;;978
2020;Sant Pere Pescador;total;total;població;;2090
2020;Sant Pere Sallavinera;total;homes;població;;83
2020;Sant Pere Sallavinera;total;dones;població;;68
2020;Sant Pere Sallavinera;total;total;població;;151
2020;Sant Pol de Mar;total;homes;població;;2690
2020;Sant Pol de Mar;total;dones;població;;2738
2020;Sant Pol de Mar;total;total;població;;5428
2020;Sant Quintí de Mediona;total;homes;població;;1192
2020;Sant Quintí de Mediona;total;dones;població;;1125
2020;Sant Quintí de Mediona;total;total;població;;2317
2020;Sant Quirze de Besora;total;homes;població;;1041
2020;Sant Quirze de Besora;total;dones;població;;1113
2020;Sant Quirze de Besora;total;total;població;;2154
2020;Sant Quirze del Vallès;total;homes;població;;9901
2020;Sant Quirze del Vallès;total;dones;població;;10294
2020;Sant Quirze del Vallès;total;total;població;;20195
2020;Sant Quirze Safaja;total;homes;població;;346
2020;Sant Quirze Safaja;total;dones;població;;285
2020;Sant Quirze Safaja;total;total;població;;631
2020;Sant Ramon;total;homes;població;;259
2020;Sant Ramon;total;dones;població;;228
2020;Sant Ramon;total;total;població;;487
2020;Sant Sadurní d'Anoia;total;homes;població;;6328
2020;Sant Sadurní d'Anoia;total;dones;població;;6513
2020;Sant Sadurní d'Anoia;total;total;població;;12841
2020;Sant Sadurní d'Osormort;total;homes;població;;46
2020;Sant Sadurní d'Osormort;total;dones;població;;30
2020;Sant Sadurní d'Osormort;total;total;població;;76
2020;Sant Salvador de Guardiola;total;homes;població;;1659
2020;Sant Salvador de Guardiola;total;dones;població;;1562
2020;Sant Salvador de Guardiola;total;total;població;;3221
2020;Sant Vicenç de Castellet;total;homes;població;;4892
2020;Sant Vicenç de Castellet;total;dones;població;;4875
2020;Sant Vicenç de Castellet;total;total;població;;9767
2020;Sant Vicenç de Montalt;total;homes;població;;3245
2020;Sant Vicenç de Montalt;total;dones;població;;3207
2020;Sant Vicenç de Montalt;total;total;població;;6452
2020;Sant Vicenç de Torelló;total;homes;població;;1023
2020;Sant Vicenç de Torelló;total;dones;població;;1035
2020;Sant Vicenç de Torelló;total;total;població;;2058
2020;Sant Vicenç dels Horts;total;homes;població;;14044
2020;Sant Vicenç dels Horts;total;dones;població;;14224
2020;Sant Vicenç dels Horts;total;total;població;;28268
2020;Santa Bàrbara;total;homes;població;;1886
2020;Santa Bàrbara;total;dones;població;;1829
2020;Santa Bàrbara;total;total;població;;3715
2020;Santa Cecília de Voltregà;total;homes;població;;100
2020;Santa Cecília de Voltregà;total;dones;població;;82
2020;Santa Cecília de Voltregà;total;total;població;;182
2020;Santa Coloma de Cervelló;total;homes;població;;4037
2020;Santa Coloma de Cervelló;total;dones;població;;4231
2020;Santa Coloma de Cervelló;total;total;població;;8268
2020;Santa Coloma de Farners;total;homes;població;;6762
2020;Santa Coloma de Farners;total;dones;població;;6601
2020;Santa Coloma de Farners;total;total;població;;13363
2020;Santa Coloma de Gramenet;total;homes;població;;59527
2020;Santa Coloma de Gramenet;total;dones;població;;60916
2020;Santa Coloma de Gramenet;total;total;població;;120443
2020;Santa Coloma de Queralt;total;homes;població;;1341
2020;Santa Coloma de Queralt;total;dones;població;;1331
2020;Santa Coloma de Queralt;total;total;població;;2672
2020;Santa Cristina d'Aro;total;homes;població;;2661
2020;Santa Cristina d'Aro;total;dones;població;;2626
2020;Santa Cristina d'Aro;total;total;població;;5287
2020;Santa Eugènia de Berga;total;homes;població;;1161
2020;Santa Eugènia de Berga;total;dones;població;;1117
2020;Santa Eugènia de Berga;total;total;població;;2278
2020;Santa Eulàlia de Riuprimer;total;homes;població;;700
2020;Santa Eulàlia de Riuprimer;total;dones;població;;683
2020;Santa Eulàlia de Riuprimer;total;total;població;;1383
2020;Santa Eulàlia de Ronçana;total;homes;població;;3729
2020;Santa Eulàlia de Ronçana;total;dones;població;;3697
2020;Santa Eulàlia de Ronçana;total;total;població;;7426
2020;Santa Fe del Penedès;total;homes;població;;180
2020;Santa Fe del Penedès;total;dones;població;;187
2020;Santa Fe del Penedès;total;total;població;;367
2020;Santa Llogaia d'Àlguema;total;homes;població;;189
2020;Santa Llogaia d'Àlguema;total;dones;població;;179
2020;Santa Llogaia d'Àlguema;total;total;població;;368
2020;Santa Margarida de Montbui;total;homes;població;;5148
2020;Santa Margarida de Montbui;total;dones;població;;5077
2020;Santa Margarida de Montbui;total;total;població;;10225
2020;Santa Margarida i els Monjos;total;homes;població;;3919
2020;Santa Margarida i els Monjos;total;dones;població;;3757
2020;Santa Margarida i els Monjos;total;total;població;;7676
2020;Santa Maria d'Oló;total;homes;població;;518
2020;Santa Maria d'Oló;total;dones;població;;506
2020;Santa Maria d'Oló;total;total;població;;1024
2020;Santa Maria de Besora;total;homes;població;;84
2020;Santa Maria de Besora;total;dones;població;;77
2020;Santa Maria de Besora;total;total;població;;161
2020;Santa Maria de Martorelles;total;homes;població;;446
2020;Santa Maria de Martorelles;total;dones;població;;444
2020;Santa Maria de Martorelles;total;total;població;;890
2020;Santa Maria de Merlès;total;homes;població;;89
2020;Santa Maria de Merlès;total;dones;població;;95
2020;Santa Maria de Merlès;total;total;població;;184
2020;Santa Maria de Miralles;total;homes;població;;64
2020;Santa Maria de Miralles;total;dones;població;;55
2020;Santa Maria de Miralles;total;total;població;;119
2020;Santa Maria de Palautordera;total;homes;població;;4870
2020;Santa Maria de Palautordera;total;dones;població;;4760
2020;Santa Maria de Palautordera;total;total;població;;9630
2020;Santa Oliva;total;homes;població;;1714
2020;Santa Oliva;total;dones;població;;1639
2020;Santa Oliva;total;total;població;;3353
2020;Santa Pau;total;homes;població;;837
2020;Santa Pau;total;dones;població;;777
2020;Santa Pau;total;total;població;;1614
2020;Santa Perpètua de Mogoda;total;homes;població;;13083
2020;Santa Perpètua de Mogoda;total;dones;població;;12916
2020;Santa Perpètua de Mogoda;total;total;població;;25999
2020;Santa Susanna;total;homes;població;;1775
2020;Santa Susanna;total;dones;població;;1773
2020;Santa Susanna;total;total;població;;3548
2020;Santpedor;total;homes;població;;3789
2020;Santpedor;total;dones;població;;3815
2020;Santpedor;total;total;població;;7604
2020;Sarral;total;homes;població;;798
2020;Sarral;total;dones;població;;740
2020;Sarral;total;total;població;;1538
2020;Sarrià de Ter;total;homes;població;;2567
2020;Sarrià de Ter;total;dones;població;;2662
2020;Sarrià de Ter;total;total;població;;5229
2020;Sarroca de Bellera;total;homes;població;;68
2020;Sarroca de Bellera;total;dones;població;;48
2020;Sarroca de Bellera;total;total;població;;116
2020;Sarroca de Lleida;total;homes;població;;203
2020;Sarroca de Lleida;total;dones;població;;155
2020;Sarroca de Lleida;total;total;població;;358
2020;Saus, Camallera i Llampaies;total;homes;població;;426
2020;Saus, Camallera i Llampaies;total;dones;població;;430
2020;Saus, Camallera i Llampaies;total;total;població;;856
2020;Savallà del Comtat;total;homes;població;;26
2020;Savallà del Comtat;total;dones;població;;27
2020;Savallà del Comtat;total;total;població;;53
2020;Secuita, la;total;homes;població;;859
2020;Secuita, la;total;dones;població;;849
2020;Secuita, la;total;total;població;;1708
2020;Selva de Mar, la;total;homes;població;;105
2020;Selva de Mar, la;total;dones;població;;90
2020;Selva de Mar, la;total;total;població;;195
2020;Selva del Camp, la;total;homes;població;;2867
2020;Selva del Camp, la;total;dones;població;;2816
2020;Selva del Camp, la;total;total;població;;5683
2020;Senan;total;homes;població;;30
2020;Senan;total;dones;població;;14
2020;Senan;total;total;població;;44
2020;Sénia, la;total;homes;població;;2839
2020;Sénia, la;total;dones;població;;2801
2020;Sénia, la;total;total;població;;5640
2020;Senterada;total;homes;població;;82
2020;Senterada;total;dones;població;;57
2020;Senterada;total;total;població;;139
2020;Sentiu de Sió, la;total;homes;població;;217
2020;Sentiu de Sió, la;total;dones;població;;197
2020;Sentiu de Sió, la;total;total;població;;414
2020;Sentmenat;total;homes;població;;4681
2020;Sentmenat;total;dones;població;;4554
2020;Sentmenat;total;total;població;;9235
2020;Serinyà;total;homes;població;;574
2020;Serinyà;total;dones;població;;559
2020;Serinyà;total;total;població;;1133
2020;Seròs;total;homes;població;;1048
2020;Seròs;total;dones;població;;898
2020;Seròs;total;total;població;;1946
2020;Serra de Daró;total;homes;població;;121
2020;Serra de Daró;total;dones;població;;101
2020;Serra de Daró;total;total;població;;222
2020;Setcases;total;homes;població;;96
2020;Setcases;total;dones;població;;74
2020;Setcases;total;total;població;;170
2020;Seu d'Urgell, la;total;homes;població;;5919
2020;Seu d'Urgell, la;total;dones;població;;6287
2020;Seu d'Urgell, la;total;total;població;;12206
2020;Seva;total;homes;població;;1806
2020;Seva;total;dones;població;;1738
2020;Seva;total;total;població;;3544
2020;Sidamon;total;homes;població;;397
2020;Sidamon;total;dones;població;;351
2020;Sidamon;total;total;població;;748
2020;Sils;total;homes;població;;3187
2020;Sils;total;dones;població;;3032
2020;Sils;total;total;població;;6219
2020;Sitges;total;homes;població;;14811
2020;Sitges;total;dones;població;;14742
2020;Sitges;total;total;població;;29553
2020;Siurana;total;homes;població;;82
2020;Siurana;total;dones;població;;89
2020;Siurana;total;total;població;;171
2020;Sobremunt;total;homes;població;;34
2020;Sobremunt;total;dones;població;;44
2020;Sobremunt;total;total;població;;78
2020;Soleràs, el;total;homes;població;;175
2020;Soleràs, el;total;dones;població;;157
2020;Soleràs, el;total;total;població;;332
2020;Solivella;total;homes;població;;333
2020;Solivella;total;dones;població;;299
2020;Solivella;total;total;població;;632
2020;Solsona;total;homes;població;;4511
2020;Solsona;total;dones;població;;4626
2020;Solsona;total;total;població;;9137
2020;Sora;total;homes;població;;121
2020;Sora;total;dones;població;;91
2020;Sora;total;total;població;;212
2020;Soriguera;total;homes;població;;225
2020;Soriguera;total;dones;població;;195
2020;Soriguera;total;total;població;;420
2020;Sort;total;homes;població;;1066
2020;Sort;total;dones;població;;1088
2020;Sort;total;total;població;;2154
2020;Soses;total;homes;població;;913
2020;Soses;total;dones;població;;848
2020;Soses;total;total;població;;1761
2020;Subirats;total;homes;població;;1619
2020;Subirats;total;dones;població;;1485
2020;Subirats;total;total;població;;3104
2020;Sudanell;total;homes;població;;457
2020;Sudanell;total;dones;població;;383
2020;Sudanell;total;total;població;;840
2020;Sunyer;total;homes;població;;200
2020;Sunyer;total;dones;població;;143
2020;Sunyer;total;total;població;;343
2020;Súria;total;homes;població;;2894
2020;Súria;total;dones;població;;3054
2020;Súria;total;total;població;;5948
2020;Susqueda;total;homes;població;;55
2020;Susqueda;total;dones;població;;38
2020;Susqueda;total;total;població;;93
2020;Tagamanent;total;homes;població;;161
2020;Tagamanent;total;dones;població;;157
2020;Tagamanent;total;total;població;;318
2020;Talamanca;total;homes;població;;118
2020;Talamanca;total;dones;població;;91
2020;Talamanca;total;total;població;;209
2020;Talarn;total;homes;població;;402
2020;Talarn;total;dones;població;;193
2020;Talarn;total;total;població;;595
2020;Talavera;total;homes;població;;156
2020;Talavera;total;dones;població;;123
2020;Talavera;total;total;població;;279
2020;Tallada d'Empordà, la;total;homes;població;;237
2020;Tallada d'Empordà, la;total;dones;població;;217
2020;Tallada d'Empordà, la;total;total;població;;454
2020;Taradell;total;homes;població;;3326
2020;Taradell;total;dones;població;;3314
2020;Taradell;total;total;població;;6640
2020;Tarragona;total;homes;població;;66666
2020;Tarragona;total;dones;població;;69830
2020;Tarragona;total;total;població;;136496
2020;Tàrrega;total;homes;població;;8658
2020;Tàrrega;total;dones;població;;8787
2020;Tàrrega;total;total;població;;17445
2020;Tarrés;total;homes;població;;54
2020;Tarrés;total;dones;població;;48
2020;Tarrés;total;total;població;;102
2020;Tarroja de Segarra;total;homes;població;;99
2020;Tarroja de Segarra;total;dones;població;;89
2020;Tarroja de Segarra;total;total;població;;188
2020;Tavèrnoles;total;homes;població;;166
2020;Tavèrnoles;total;dones;població;;156
2020;Tavèrnoles;total;total;població;;322
2020;Tavertet;total;homes;població;;52
2020;Tavertet;total;dones;població;;53
2020;Tavertet;total;total;població;;105
2020;Teià;total;homes;població;;3153
2020;Teià;total;dones;població;;3274
2020;Teià;total;total;població;;6427
2020;Térmens;total;homes;població;;688
2020;Térmens;total;dones;població;;672
2020;Térmens;total;total;població;;1360
2020;Terrades;total;homes;població;;166
2020;Terrades;total;dones;població;;172
2020;Terrades;total;total;població;;338
2020;Terrassa;total;homes;població;;109948
2020;Terrassa;total;dones;població;;113679
2020;Terrassa;total;total;població;;223627
2020;Tiana;total;homes;població;;4305
2020;Tiana;total;dones;població;;4640
2020;Tiana;total;total;població;;8945
2020;Tírvia;total;homes;població;;63
2020;Tírvia;total;dones;població;;71
2020;Tírvia;total;total;població;;134
2020;Tiurana;total;homes;població;;34
2020;Tiurana;total;dones;població;;43
2020;Tiurana;total;total;població;;77
2020;Tivenys;total;homes;població;;457
2020;Tivenys;total;dones;població;;445
2020;Tivenys;total;total;població;;902
2020;Tivissa;total;homes;població;;812
2020;Tivissa;total;dones;població;;807
2020;Tivissa;total;total;població;;1619
2020;Tona;total;homes;població;;4156
2020;Tona;total;dones;població;;4200
2020;Tona;total;total;població;;8356
2020;Torà;total;homes;població;;627
2020;Torà;total;dones;població;;610
2020;Torà;total;total;població;;1237
2020;Tordera;total;homes;població;;8870
2020;Tordera;total;dones;població;;8649
2020;Tordera;total;total;població;;17519
2020;Torelló;total;homes;població;;7171
2020;Torelló;total;dones;població;;7229
2020;Torelló;total;total;població;;14400
2020;Torms, els;total;homes;població;;74
2020;Torms, els;total;dones;població;;64
2020;Torms, els;total;total;població;;138
2020;Tornabous;total;homes;població;;440
2020;Tornabous;total;dones;població;;382
2020;Tornabous;total;total;població;;822
2020;Torre de Cabdella, la;total;homes;població;;381
2020;Torre de Cabdella, la;total;dones;població;;378
2020;Torre de Cabdella, la;total;total;població;;759
2020;Torre de Claramunt, la;total;homes;població;;1935
2020;Torre de Claramunt, la;total;dones;població;;1806
2020;Torre de Claramunt, la;total;total;població;;3741
2020;Torre de Fontaubella, la;total;homes;població;;69
2020;Torre de Fontaubella, la;total;dones;població;;62
2020;Torre de Fontaubella, la;total;total;població;;131
2020;Torre de l'Espanyol, la;total;homes;població;;308
2020;Torre de l'Espanyol, la;total;dones;població;;293
2020;Torre de l'Espanyol, la;total;total;població;;601
2020;Torrebesses;total;homes;població;;143
2020;Torrebesses;total;dones;població;;124
2020;Torrebesses;total;total;població;;267
2020;Torredembarra;total;homes;població;;8134
2020;Torredembarra;total;dones;població;;8433
2020;Torredembarra;total;total;població;;16567
2020;Torrefarrera;total;homes;població;;2381
2020;Torrefarrera;total;dones;població;;2313
2020;Torrefarrera;total;total;població;;4694
2020;Torrefeta i Florejacs;total;homes;població;;326
2020;Torrefeta i Florejacs;total;dones;població;;281
2020;Torrefeta i Florejacs;total;total;població;;607
2020;Torregrossa;total;homes;població;;1143
2020;Torregrossa;total;dones;població;;1036
2020;Torregrossa;total;total;població;;2179
2020;Torrelameu;total;homes;població;;443
2020;Torrelameu;total;dones;població;;292
2020;Torrelameu;total;total;població;;735
2020;Torrelavit;total;homes;població;;721
2020;Torrelavit;total;dones;població;;701
2020;Torrelavit;total;total;població;;1422
2020;Torrelles de Foix;total;homes;població;;1281
2020;Torrelles de Foix;total;dones;població;;1117
2020;Torrelles de Foix;total;total;població;;2398
2020;Torrelles de Llobregat;total;homes;població;;3021
2020;Torrelles de Llobregat;total;dones;població;;3052
2020;Torrelles de Llobregat;total;total;població;;6073
2020;Torrent;total;homes;població;;87
2020;Torrent;total;dones;població;;77
2020;Torrent;total;total;població;;164
2020;Torres de Segre;total;homes;població;;1228
2020;Torres de Segre;total;dones;població;;1138
2020;Torres de Segre;total;total;població;;2366
2020;Torre-serona;total;homes;població;;208
2020;Torre-serona;total;dones;població;;190
2020;Torre-serona;total;total;població;;398
2020;Torroella de Fluvià;total;homes;població;;367
2020;Torroella de Fluvià;total;dones;població;;336
2020;Torroella de Fluvià;total;total;població;;703
2020;Torroella de Montgrí;total;homes;població;;5983
2020;Torroella de Montgrí;total;dones;població;;5853
2020;Torroella de Montgrí;total;total;població;;11836
2020;Torroja del Priorat;total;homes;població;;85
2020;Torroja del Priorat;total;dones;població;;67
2020;Torroja del Priorat;total;total;població;;152
2020;Tortellà;total;homes;població;;391
2020;Tortellà;total;dones;població;;427
2020;Tortellà;total;total;població;;818
2020;Tortosa;total;homes;població;;16594
2020;Tortosa;total;dones;població;;16845
2020;Tortosa;total;total;població;;33439
2020;Toses;total;homes;població;;98
2020;Toses;total;dones;població;;70
2020;Toses;total;total;població;;168
2020;Tossa de Mar;total;homes;població;;2927
2020;Tossa de Mar;total;dones;població;;2891
2020;Tossa de Mar;total;total;població;;5818
2020;Tremp;total;homes;població;;2895
2020;Tremp;total;dones;població;;3016
2020;Tremp;total;total;població;;5911
2020;Ullà;total;homes;població;;648
2020;Ullà;total;dones;població;;529
2020;Ullà;total;total;població;;1177
2020;Ullastrell;total;homes;població;;1053
2020;Ullastrell;total;dones;població;;1036
2020;Ullastrell;total;total;població;;2089
2020;Ullastret;total;homes;població;;138
2020;Ullastret;total;dones;població;;136
2020;Ullastret;total;total;població;;274
2020;Ulldecona;total;homes;població;;3494
2020;Ulldecona;total;dones;població;;3031
2020;Ulldecona;total;total;població;;6525
2020;Ulldemolins;total;homes;població;;226
2020;Ulldemolins;total;dones;població;;172
2020;Ulldemolins;total;total;població;;398
2020;Ultramort;total;homes;població;;117
2020;Ultramort;total;dones;població;;108
2020;Ultramort;total;total;població;;225
2020;Urús;total;homes;població;;96
2020;Urús;total;dones;població;;100
2020;Urús;total;total;població;;196
2020;Vacarisses;total;homes;població;;3500
2020;Vacarisses;total;dones;població;;3332
2020;Vacarisses;total;total;població;;6832
2020;Vajol, la;total;homes;població;;51
2020;Vajol, la;total;dones;població;;38
2020;Vajol, la;total;total;població;;89
2020;Vall d'en Bas, la;total;homes;població;;1568
2020;Vall d'en Bas, la;total;dones;població;;1525
2020;Vall d'en Bas, la;total;total;població;;3093
2020;Vall de Bianya, la;total;homes;població;;641
2020;Vall de Bianya, la;total;dones;població;;634
2020;Vall de Bianya, la;total;total;població;;1275
2020;Vall de Boí, la;total;homes;població;;543
2020;Vall de Boí, la;total;dones;població;;476
2020;Vall de Boí, la;total;total;població;;1019
2020;Vall de Cardós;total;homes;població;;189
2020;Vall de Cardós;total;dones;població;;161
2020;Vall de Cardós;total;total;població;;350
2020;Vallbona d'Anoia;total;homes;població;;703
2020;Vallbona d'Anoia;total;dones;població;;654
2020;Vallbona d'Anoia;total;total;població;;1357
2020;Vallbona de les Monges;total;homes;població;;127
2020;Vallbona de les Monges;total;dones;població;;116
2020;Vallbona de les Monges;total;total;població;;243
2020;Vallcebre;total;homes;població;;140
2020;Vallcebre;total;dones;població;;109
2020;Vallcebre;total;total;població;;249
2020;Vallclara;total;homes;població;;52
2020;Vallclara;total;dones;població;;36
2020;Vallclara;total;total;població;;88
2020;Vallfogona de Balaguer;total;homes;població;;951
2020;Vallfogona de Balaguer;total;dones;població;;955
2020;Vallfogona de Balaguer;total;total;població;;1906
2020;Vallfogona de Ripollès;total;homes;població;;107
2020;Vallfogona de Ripollès;total;dones;població;;89
2020;Vallfogona de Ripollès;total;total;població;;196
2020;Vallfogona de Riucorb;total;homes;població;;47
2020;Vallfogona de Riucorb;total;dones;població;;30
2020;Vallfogona de Riucorb;total;total;població;;77
2020;Vallgorguina;total;homes;població;;1513
2020;Vallgorguina;total;dones;població;;1475
2020;Vallgorguina;total;total;població;;2988
2020;Vallirana;total;homes;població;;7691
2020;Vallirana;total;dones;població;;7621
2020;Vallirana;total;total;població;;15312
2020;Vall-llobrega;total;homes;població;;451
2020;Vall-llobrega;total;dones;població;;446
2020;Vall-llobrega;total;total;població;;897
2020;Vallmoll;total;homes;població;;890
2020;Vallmoll;total;dones;població;;884
2020;Vallmoll;total;total;població;;1774
2020;Vallromanes;total;homes;població;;1322
2020;Vallromanes;total;dones;població;;1236
2020;Vallromanes;total;total;població;;2558
2020;Valls;total;homes;població;;12286
2020;Valls;total;dones;població;;12191
2020;Valls;total;total;població;;24477
2020;Valls d'Aguilar, les;total;homes;població;;140
2020;Valls d'Aguilar, les;total;dones;població;;105
2020;Valls d'Aguilar, les;total;total;població;;245
2020;Valls de Valira, les;total;homes;població;;404
2020;Valls de Valira, les;total;dones;població;;380
2020;Valls de Valira, les;total;total;població;;784
2020;Vandellòs i l'Hospitalet de l'Infant;total;homes;població;;3304
2020;Vandellòs i l'Hospitalet de l'Infant;total;dones;població;;3299
2020;Vandellòs i l'Hospitalet de l'Infant;total;total;població;;6603
2020;Vansa i Fórnols, la;total;homes;població;;78
2020;Vansa i Fórnols, la;total;dones;població;;71
2020;Vansa i Fórnols, la;total;total;població;;149
2020;Veciana;total;homes;població;;95
2020;Veciana;total;dones;població;;80
2020;Veciana;total;total;població;;175
2020;Vendrell, el;total;homes;població;;19052
2020;Vendrell, el;total;dones;població;;19321
2020;Vendrell, el;total;total;població;;38373
2020;Ventalló;total;homes;població;;428
2020;Ventalló;total;dones;població;;418
2020;Ventalló;total;total;població;;846
2020;Verdú;total;homes;població;;421
2020;Verdú;total;dones;població;;481
2020;Verdú;total;total;població;;902
2020;Verges;total;homes;població;;575
2020;Verges;total;dones;població;;594
2020;Verges;total;total;població;;1169
2020;Vespella de Gaià;total;homes;població;;230
2020;Vespella de Gaià;total;dones;població;;187
2020;Vespella de Gaià;total;total;població;;417
2020;Vic;total;homes;població;;24098
2020;Vic;total;dones;població;;23532
2020;Vic;total;total;població;;47630
2020;Vidrà;total;homes;població;;88
2020;Vidrà;total;dones;població;;89
2020;Vidrà;total;total;població;;177
2020;Vidreres;total;homes;població;;4130
2020;Vidreres;total;dones;població;;3821
2020;Vidreres;total;total;població;;7951
2020;Vielha e Mijaran;total;homes;població;;2858
2020;Vielha e Mijaran;total;dones;població;;2753
2020;Vielha e Mijaran;total;total;població;;5611
2020;Vilabella;total;homes;població;;373
2020;Vilabella;total;dones;població;;356
2020;Vilabella;total;total;població;;729
2020;Vilabertran;total;homes;població;;493
2020;Vilabertran;total;dones;població;;500
2020;Vilabertran;total;total;població;;993
2020;Vilablareix;total;homes;població;;1517
2020;Vilablareix;total;dones;població;;1546
2020;Vilablareix;total;total;població;;3063
2020;Vilada;total;homes;població;;221
2020;Vilada;total;dones;població;;198
2020;Vilada;total;total;població;;419
2020;Viladamat;total;homes;població;;232
2020;Viladamat;total;dones;població;;226
2020;Viladamat;total;total;població;;458
2020;Viladasens;total;homes;població;;110
2020;Viladasens;total;dones;població;;96
2020;Viladasens;total;total;població;;206
2020;Viladecans;total;homes;població;;33231
2020;Viladecans;total;dones;població;;33966
2020;Viladecans;total;total;població;;67197
2020;Viladecavalls;total;homes;població;;3760
2020;Viladecavalls;total;dones;població;;3785
2020;Viladecavalls;total;total;població;;7545
2020;Vilademuls;total;homes;població;;431
2020;Vilademuls;total;dones;població;;404
2020;Vilademuls;total;total;població;;835
2020;Viladrau;total;homes;població;;508
2020;Viladrau;total;dones;població;;539
2020;Viladrau;total;total;població;;1047
2020;Vilafant;total;homes;població;;2660
2020;Vilafant;total;dones;població;;2761
2020;Vilafant;total;total;població;;5421
2020;Vilafranca del Penedès;total;homes;població;;19516
2020;Vilafranca del Penedès;total;dones;població;;20638
2020;Vilafranca del Penedès;total;total;població;;40154
2020;Vilagrassa;total;homes;població;;294
2020;Vilagrassa;total;dones;població;;266
2020;Vilagrassa;total;total;població;;560
2020;Vilajuïga;total;homes;població;;558
2020;Vilajuïga;total;dones;població;;558
2020;Vilajuïga;total;total;població;;1116
2020;Vilalba dels Arcs;total;homes;població;;313
2020;Vilalba dels Arcs;total;dones;població;;308
2020;Vilalba dels Arcs;total;total;població;;621
2020;Vilalba Sasserra;total;homes;població;;384
2020;Vilalba Sasserra;total;dones;població;;369
2020;Vilalba Sasserra;total;total;població;;753
2020;Vilaller;total;homes;població;;291
2020;Vilaller;total;dones;població;;258
2020;Vilaller;total;total;població;;549
2020;Vilallonga de Ter;total;homes;població;;213
2020;Vilallonga de Ter;total;dones;població;;185
2020;Vilallonga de Ter;total;total;població;;398
2020;Vilallonga del Camp;total;homes;població;;1223
2020;Vilallonga del Camp;total;dones;població;;1182
2020;Vilallonga del Camp;total;total;població;;2405
2020;Vilamacolum;total;homes;població;;211
2020;Vilamacolum;total;dones;població;;166
2020;Vilamacolum;total;total;població;;377
2020;Vilamalla;total;homes;població;;586
2020;Vilamalla;total;dones;població;;575
2020;Vilamalla;total;total;població;;1161
2020;Vilamaniscle;total;homes;població;;121
2020;Vilamaniscle;total;dones;població;;91
2020;Vilamaniscle;total;total;població;;212
2020;Vilamòs;total;homes;població;;95
2020;Vilamòs;total;dones;població;;83
2020;Vilamòs;total;total;població;;178
2020;Vilanant;total;homes;població;;194
2020;Vilanant;total;dones;població;;192
2020;Vilanant;total;total;població;;386
2020;Vilanova d'Escornalbou;total;homes;població;;296
2020;Vilanova d'Escornalbou;total;dones;població;;269
2020;Vilanova d'Escornalbou;total;total;població;;565
2020;Vilanova de Bellpuig;total;homes;població;;600
2020;Vilanova de Bellpuig;total;dones;població;;583
2020;Vilanova de Bellpuig;total;total;població;;1183
2020;Vilanova de l'Aguda;total;homes;població;;98
2020;Vilanova de l'Aguda;total;dones;població;;102
2020;Vilanova de l'Aguda;total;total;població;;200
2020;Vilanova de la Barca;total;homes;població;;592
2020;Vilanova de la Barca;total;dones;població;;496
2020;Vilanova de la Barca;total;total;població;;1088
2020;Vilanova de Meià;total;homes;població;;249
2020;Vilanova de Meià;total;dones;població;;166
2020;Vilanova de Meià;total;total;població;;415
2020;Vilanova de Prades;total;homes;població;;56
2020;Vilanova de Prades;total;dones;població;;51
2020;Vilanova de Prades;total;total;població;;107
2020;Vilanova de Sau;total;homes;població;;148
2020;Vilanova de Sau;total;dones;població;;164
2020;Vilanova de Sau;total;total;població;;312
2020;Vilanova de Segrià;total;homes;població;;529
2020;Vilanova de Segrià;total;dones;població;;456
2020;Vilanova de Segrià;total;total;població;;985
2020;Vilanova del Camí;total;homes;població;;6292
2020;Vilanova del Camí;total;dones;població;;6304
2020;Vilanova del Camí;total;total;població;;12596
2020;Vilanova del Vallès;total;homes;població;;2781
2020;Vilanova del Vallès;total;dones;població;;2722
2020;Vilanova del Vallès;total;total;població;;5503
2020;Vilanova i la Geltrú;total;homes;població;;32752
2020;Vilanova i la Geltrú;total;dones;població;;34981
2020;Vilanova i la Geltrú;total;total;població;;67733
2020;Vilaplana;total;homes;població;;297
2020;Vilaplana;total;dones;població;;258
2020;Vilaplana;total;total;població;;555
2020;Vila-rodona;total;homes;població;;677
2020;Vila-rodona;total;dones;població;;599
2020;Vila-rodona;total;total;població;;1276
2020;Vila-sacra;total;homes;població;;377
2020;Vila-sacra;total;dones;població;;381
2020;Vila-sacra;total;total;població;;758
2020;Vila-sana;total;homes;població;;373
2020;Vila-sana;total;dones;població;;361
2020;Vila-sana;total;total;població;;734
2020;Vila-seca;total;homes;població;;11317
2020;Vila-seca;total;dones;població;;11238
2020;Vila-seca;total;total;població;;22555
2020;Vilassar de Dalt;total;homes;població;;4464
2020;Vilassar de Dalt;total;dones;població;;4608
2020;Vilassar de Dalt;total;total;població;;9072
2020;Vilassar de Mar;total;homes;població;;10186
2020;Vilassar de Mar;total;dones;població;;10849
2020;Vilassar de Mar;total;total;població;;21035
2020;Vilaür;total;homes;població;;80
2020;Vilaür;total;dones;població;;78
2020;Vilaür;total;total;població;;158
2020;Vilaverd;total;homes;població;;237
2020;Vilaverd;total;dones;població;;206
2020;Vilaverd;total;total;població;;443
2020;Vilella Alta, la;total;homes;població;;72
2020;Vilella Alta, la;total;dones;població;;61
2020;Vilella Alta, la;total;total;població;;133
2020;Vilella Baixa, la;total;homes;població;;110
2020;Vilella Baixa, la;total;dones;població;;94
2020;Vilella Baixa, la;total;total;població;;204
2020;Vilobí d'Onyar;total;homes;població;;1732
2020;Vilobí d'Onyar;total;dones;població;;1601
2020;Vilobí d'Onyar;total;total;població;;3333
2020;Vilobí del Penedès;total;homes;població;;570
2020;Vilobí del Penedès;total;dones;població;;532
2020;Vilobí del Penedès;total;total;població;;1102
2020;Vilopriu;total;homes;població;;109
2020;Vilopriu;total;dones;població;;95
2020;Vilopriu;total;total;població;;204
2020;Vilosell, el;total;homes;població;;89
2020;Vilosell, el;total;dones;població;;84
2020;Vilosell, el;total;total;població;;173
2020;Vimbodí i Poblet;total;homes;població;;478
2020;Vimbodí i Poblet;total;dones;població;;412
2020;Vimbodí i Poblet;total;total;població;;890
2020;Vinaixa;total;homes;població;;235
2020;Vinaixa;total;dones;població;;215
2020;Vinaixa;total;total;població;;450
2020;Vinebre;total;homes;població;;215
2020;Vinebre;total;dones;població;;210
2020;Vinebre;total;total;població;;425
2020;Vinyols i els Arcs;total;homes;població;;1113
2020;Vinyols i els Arcs;total;dones;població;;1011
2020;Vinyols i els Arcs;total;total;població;;2124
2020;Viver i Serrateix;total;homes;població;;88
2020;Viver i Serrateix;total;dones;població;;84
2020;Viver i Serrateix;total;total;població;;172
2020;Xerta;total;homes;població;;569
2020;Xerta;total;dones;població;;585
2020;Xerta;total;total;població;;1154
2020;Catalunya;total;homes;població;;3826964
2020;Catalunya;total;dones;població;;3953515
2020;Catalunya;total;total;població;;7780479
