any;municipi;edat any a any;sexe;concepte;estat;valor
2018;Abella de la Conca;total;homes;població;;99
2018;Abella de la Conca;total;dones;població;;82
2018;Abella de la Conca;total;total;població;;181
2018;Abrera;total;homes;població;;6248
2018;Abrera;total;dones;població;;6086
2018;Abrera;total;total;població;;12334
2018;Àger;total;homes;població;;324
2018;Àger;total;dones;població;;287
2018;Àger;total;total;població;;611
2018;Agramunt;total;homes;població;;2700
2018;Agramunt;total;dones;població;;2693
2018;Agramunt;total;total;població;;5393
2018;Aguilar de Segarra;total;homes;població;;148
2018;Aguilar de Segarra;total;dones;població;;129
2018;Aguilar de Segarra;total;total;població;;277
2018;Agullana;total;homes;població;;418
2018;Agullana;total;dones;població;;423
2018;Agullana;total;total;població;;841
2018;Aiguafreda;total;homes;població;;1204
2018;Aiguafreda;total;dones;població;;1297
2018;Aiguafreda;total;total;població;;2501
2018;Aiguamúrcia;total;homes;població;;457
2018;Aiguamúrcia;total;dones;població;;436
2018;Aiguamúrcia;total;total;població;;893
2018;Aiguaviva;total;homes;població;;388
2018;Aiguaviva;total;dones;població;;379
2018;Aiguaviva;total;total;població;;767
2018;Aitona;total;homes;població;;1328
2018;Aitona;total;dones;població;;1217
2018;Aitona;total;total;població;;2545
2018;Alamús, els;total;homes;població;;421
2018;Alamús, els;total;dones;població;;375
2018;Alamús, els;total;total;població;;796
2018;Alàs i Cerc;total;homes;població;;174
2018;Alàs i Cerc;total;dones;població;;168
2018;Alàs i Cerc;total;total;població;;342
2018;Albagés, l';total;homes;població;;199
2018;Albagés, l';total;dones;població;;176
2018;Albagés, l';total;total;població;;375
2018;Albanyà;total;homes;població;;72
2018;Albanyà;total;dones;població;;67
2018;Albanyà;total;total;població;;139
2018;Albatàrrec;total;homes;població;;1205
2018;Albatàrrec;total;dones;població;;1130
2018;Albatàrrec;total;total;població;;2335
2018;Albesa;total;homes;població;;862
2018;Albesa;total;dones;població;;714
2018;Albesa;total;total;població;;1576
2018;Albi, l';total;homes;població;;393
2018;Albi, l';total;dones;població;;369
2018;Albi, l';total;total;població;;762
2018;Albinyana;total;homes;població;;1202
2018;Albinyana;total;dones;població;;1169
2018;Albinyana;total;total;població;;2371
2018;Albiol, l';total;homes;població;;238
2018;Albiol, l';total;dones;població;;226
2018;Albiol, l';total;total;població;;464
2018;Albons;total;homes;població;;396
2018;Albons;total;dones;població;;369
2018;Albons;total;total;població;;765
2018;Alcanar;total;homes;població;;4754
2018;Alcanar;total;dones;població;;4648
2018;Alcanar;total;total;població;;9402
2018;Alcanó;total;homes;població;;118
2018;Alcanó;total;dones;població;;114
2018;Alcanó;total;total;població;;232
2018;Alcarràs;total;homes;població;;4876
2018;Alcarràs;total;dones;població;;4546
2018;Alcarràs;total;total;població;;9422
2018;Alcoletge;total;homes;població;;1772
2018;Alcoletge;total;dones;població;;1647
2018;Alcoletge;total;total;població;;3419
2018;Alcover;total;homes;població;;2533
2018;Alcover;total;dones;població;;2575
2018;Alcover;total;total;població;;5108
2018;Aldea, l';total;homes;població;;2186
2018;Aldea, l';total;dones;població;;1951
2018;Aldea, l';total;total;població;;4137
2018;Aldover;total;homes;població;;420
2018;Aldover;total;dones;població;;418
2018;Aldover;total;total;població;;838
2018;Aleixar, l';total;homes;població;;442
2018;Aleixar, l';total;dones;població;;422
2018;Aleixar, l';total;total;població;;864
2018;Alella;total;homes;població;;4751
2018;Alella;total;dones;població;;5013
2018;Alella;total;total;població;;9764
2018;Alfara de Carles;total;homes;població;;195
2018;Alfara de Carles;total;dones;població;;173
2018;Alfara de Carles;total;total;població;;368
2018;Alfarràs;total;homes;població;;1480
2018;Alfarràs;total;dones;població;;1342
2018;Alfarràs;total;total;població;;2822
2018;Alfés;total;homes;població;;163
2018;Alfés;total;dones;població;;150
2018;Alfés;total;total;població;;313
2018;Alforja;total;homes;població;;916
2018;Alforja;total;dones;població;;872
2018;Alforja;total;total;població;;1788
2018;Algerri;total;homes;població;;216
2018;Algerri;total;dones;població;;183
2018;Algerri;total;total;població;;399
2018;Alguaire;total;homes;població;;1552
2018;Alguaire;total;dones;població;;1385
2018;Alguaire;total;total;població;;2937
2018;Alins;total;homes;població;;153
2018;Alins;total;dones;població;;137
2018;Alins;total;total;població;;290
2018;Alió;total;homes;població;;200
2018;Alió;total;dones;població;;226
2018;Alió;total;total;població;;426
2018;Almacelles;total;homes;població;;3554
2018;Almacelles;total;dones;població;;3235
2018;Almacelles;total;total;població;;6789
2018;Almatret;total;homes;població;;174
2018;Almatret;total;dones;població;;140
2018;Almatret;total;total;població;;314
2018;Almenar;total;homes;població;;1824
2018;Almenar;total;dones;població;;1629
2018;Almenar;total;total;població;;3453
2018;Almoster;total;homes;població;;671
2018;Almoster;total;dones;població;;671
2018;Almoster;total;total;població;;1342
2018;Alòs de Balaguer;total;homes;població;;77
2018;Alòs de Balaguer;total;dones;població;;54
2018;Alòs de Balaguer;total;total;població;;131
2018;Alp;total;homes;població;;809
2018;Alp;total;dones;població;;750
2018;Alp;total;total;població;;1559
2018;Alpens;total;homes;població;;146
2018;Alpens;total;dones;població;;127
2018;Alpens;total;total;població;;273
2018;Alpicat;total;homes;població;;3129
2018;Alpicat;total;dones;població;;3101
2018;Alpicat;total;total;població;;6230
2018;Alt Àneu;total;homes;població;;228
2018;Alt Àneu;total;dones;població;;178
2018;Alt Àneu;total;total;població;;406
2018;Altafulla;total;homes;població;;2491
2018;Altafulla;total;dones;població;;2629
2018;Altafulla;total;total;població;;5120
2018;Amer;total;homes;població;;1106
2018;Amer;total;dones;població;;1150
2018;Amer;total;total;població;;2256
2018;Ametlla de Mar, l';total;homes;població;;3398
2018;Ametlla de Mar, l';total;dones;població;;3403
2018;Ametlla de Mar, l';total;total;població;;6801
2018;Ametlla del Vallès, l';total;homes;població;;4285
2018;Ametlla del Vallès, l';total;dones;població;;4211
2018;Ametlla del Vallès, l';total;total;població;;8496
2018;Ampolla, l';total;homes;població;;1670
2018;Ampolla, l';total;dones;població;;1610
2018;Ampolla, l';total;total;població;;3280
2018;Amposta;total;homes;població;;10351
2018;Amposta;total;dones;població;;10255
2018;Amposta;total;total;població;;20606
2018;Anglès;total;homes;població;;2735
2018;Anglès;total;dones;població;;2784
2018;Anglès;total;total;població;;5519
2018;Anglesola;total;homes;població;;670
2018;Anglesola;total;dones;població;;658
2018;Anglesola;total;total;població;;1328
2018;Arbeca;total;homes;població;;1101
2018;Arbeca;total;dones;població;;1061
2018;Arbeca;total;total;població;;2162
2018;Arboç, l';total;homes;població;;2836
2018;Arboç, l';total;dones;població;;2669
2018;Arboç, l';total;total;població;;5505
2018;Arbolí;total;homes;població;;68
2018;Arbolí;total;dones;població;;48
2018;Arbolí;total;total;població;;116
2018;Arbúcies;total;homes;població;;3378
2018;Arbúcies;total;dones;població;;3137
2018;Arbúcies;total;total;població;;6515
2018;Arenys de Mar;total;homes;població;;7536
2018;Arenys de Mar;total;dones;població;;7997
2018;Arenys de Mar;total;total;població;;15533
2018;Arenys de Munt;total;homes;població;;4439
2018;Arenys de Munt;total;dones;població;;4399
2018;Arenys de Munt;total;total;població;;8838
2018;Argelaguer;total;homes;població;;219
2018;Argelaguer;total;dones;població;;204
2018;Argelaguer;total;total;població;;423
2018;Argençola;total;homes;població;;110
2018;Argençola;total;dones;població;;109
2018;Argençola;total;total;població;;219
2018;Argentera, l';total;homes;població;;74
2018;Argentera, l';total;dones;població;;55
2018;Argentera, l';total;total;població;;129
2018;Argentona;total;homes;població;;6053
2018;Argentona;total;dones;població;;6242
2018;Argentona;total;total;població;;12295
2018;Armentera, l';total;homes;població;;468
2018;Armentera, l';total;dones;població;;469
2018;Armentera, l';total;total;població;;937
2018;Arnes;total;homes;població;;232
2018;Arnes;total;dones;població;;234
2018;Arnes;total;total;població;;466
2018;Arres;total;homes;població;;40
2018;Arres;total;dones;població;;23
2018;Arres;total;total;població;;63
2018;Arsèguel;total;homes;població;;48
2018;Arsèguel;total;dones;població;;37
2018;Arsèguel;total;total;població;;85
2018;Artés;total;homes;població;;2851
2018;Artés;total;dones;població;;2797
2018;Artés;total;total;població;;5648
2018;Artesa de Lleida;total;homes;població;;804
2018;Artesa de Lleida;total;dones;població;;734
2018;Artesa de Lleida;total;total;població;;1538
2018;Artesa de Segre;total;homes;població;;1770
2018;Artesa de Segre;total;dones;població;;1677
2018;Artesa de Segre;total;total;població;;3447
2018;Ascó;total;homes;població;;871
2018;Ascó;total;dones;població;;803
2018;Ascó;total;total;població;;1674
2018;Aspa;total;homes;població;;109
2018;Aspa;total;dones;població;;108
2018;Aspa;total;total;població;;217
2018;Avellanes i Santa Linya, les;total;homes;població;;261
2018;Avellanes i Santa Linya, les;total;dones;població;;194
2018;Avellanes i Santa Linya, les;total;total;població;;455
2018;Avià;total;homes;població;;1120
2018;Avià;total;dones;població;;1130
2018;Avià;total;total;població;;2250
2018;Avinyó;total;homes;població;;1120
2018;Avinyó;total;dones;població;;1130
2018;Avinyó;total;total;població;;2250
2018;Avinyonet de Puigventós;total;homes;població;;803
2018;Avinyonet de Puigventós;total;dones;població;;801
2018;Avinyonet de Puigventós;total;total;població;;1604
2018;Avinyonet del Penedès;total;homes;població;;887
2018;Avinyonet del Penedès;total;dones;població;;782
2018;Avinyonet del Penedès;total;total;població;;1669
2018;Badalona;total;homes;població;;107092
2018;Badalona;total;dones;població;;110649
2018;Badalona;total;total;població;;217741
2018;Badia del Vallès;total;homes;població;;6565
2018;Badia del Vallès;total;dones;població;;6852
2018;Badia del Vallès;total;total;població;;13417
2018;Bagà;total;homes;població;;1075
2018;Bagà;total;dones;població;;1077
2018;Bagà;total;total;població;;2152
2018;Baix Pallars;total;homes;població;;175
2018;Baix Pallars;total;dones;població;;155
2018;Baix Pallars;total;total;població;;330
2018;Balaguer;total;homes;població;;8519
2018;Balaguer;total;dones;població;;8322
2018;Balaguer;total;total;població;;16841
2018;Balenyà;total;homes;població;;1907
2018;Balenyà;total;dones;població;;1876
2018;Balenyà;total;total;població;;3783
2018;Balsareny;total;homes;població;;1586
2018;Balsareny;total;dones;població;;1619
2018;Balsareny;total;total;població;;3205
2018;Banyeres del Penedès;total;homes;població;;1583
2018;Banyeres del Penedès;total;dones;població;;1545
2018;Banyeres del Penedès;total;total;població;;3128
2018;Banyoles;total;homes;població;;9741
2018;Banyoles;total;dones;població;;9874
2018;Banyoles;total;total;població;;19615
2018;Barbens;total;homes;població;;505
2018;Barbens;total;dones;població;;434
2018;Barbens;total;total;població;;939
2018;Barberà de la Conca;total;homes;població;;258
2018;Barberà de la Conca;total;dones;població;;218
2018;Barberà de la Conca;total;total;població;;476
2018;Barberà del Vallès;total;homes;població;;16167
2018;Barberà del Vallès;total;dones;població;;16672
2018;Barberà del Vallès;total;total;població;;32839
2018;Barcelona;total;homes;població;;765962
2018;Barcelona;total;dones;població;;854381
2018;Barcelona;total;total;població;;1620343
2018;Baronia de Rialb, la;total;homes;població;;121
2018;Baronia de Rialb, la;total;dones;població;;110
2018;Baronia de Rialb, la;total;total;població;;231
2018;Bàscara;total;homes;població;;521
2018;Bàscara;total;dones;població;;479
2018;Bàscara;total;total;població;;1000
2018;Bassella;total;homes;població;;113
2018;Bassella;total;dones;població;;118
2018;Bassella;total;total;població;;231
2018;Batea;total;homes;població;;944
2018;Batea;total;dones;població;;954
2018;Batea;total;total;població;;1898
2018;Bausen;total;homes;població;;34
2018;Bausen;total;dones;població;;30
2018;Bausen;total;total;població;;64
2018;Begues;total;homes;població;;3440
2018;Begues;total;dones;població;;3521
2018;Begues;total;total;població;;6961
2018;Begur;total;homes;població;;1972
2018;Begur;total;dones;població;;1962
2018;Begur;total;total;població;;3934
2018;Belianes;total;homes;població;;265
2018;Belianes;total;dones;població;;260
2018;Belianes;total;total;població;;525
2018;Bellaguarda;total;homes;població;;160
2018;Bellaguarda;total;dones;població;;141
2018;Bellaguarda;total;total;població;;301
2018;Bellcaire d'Empordà;total;homes;població;;328
2018;Bellcaire d'Empordà;total;dones;població;;343
2018;Bellcaire d'Empordà;total;total;població;;671
2018;Bellcaire d'Urgell;total;homes;població;;634
2018;Bellcaire d'Urgell;total;dones;població;;618
2018;Bellcaire d'Urgell;total;total;població;;1252
2018;Bell-lloc d'Urgell;total;homes;població;;1129
2018;Bell-lloc d'Urgell;total;dones;població;;1160
2018;Bell-lloc d'Urgell;total;total;població;;2289
2018;Bellmunt d'Urgell;total;homes;població;;94
2018;Bellmunt d'Urgell;total;dones;població;;99
2018;Bellmunt d'Urgell;total;total;població;;193
2018;Bellmunt del Priorat;total;homes;població;;156
2018;Bellmunt del Priorat;total;dones;població;;144
2018;Bellmunt del Priorat;total;total;població;;300
2018;Bellprat;total;homes;població;;46
2018;Bellprat;total;dones;població;;28
2018;Bellprat;total;total;població;;74
2018;Bellpuig;total;homes;població;;2635
2018;Bellpuig;total;dones;població;;2425
2018;Bellpuig;total;total;població;;5060
2018;Bellvei;total;homes;població;;1120
2018;Bellvei;total;dones;població;;1070
2018;Bellvei;total;total;població;;2190
2018;Bellver de Cerdanya;total;homes;població;;1021
2018;Bellver de Cerdanya;total;dones;població;;958
2018;Bellver de Cerdanya;total;total;població;;1979
2018;Bellvís;total;homes;població;;1149
2018;Bellvís;total;dones;població;;1117
2018;Bellvís;total;total;població;;2266
2018;Benavent de Segrià;total;homes;població;;768
2018;Benavent de Segrià;total;dones;població;;700
2018;Benavent de Segrià;total;total;població;;1468
2018;Benifallet;total;homes;població;;342
2018;Benifallet;total;dones;població;;372
2018;Benifallet;total;total;població;;714
2018;Benissanet;total;homes;població;;620
2018;Benissanet;total;dones;població;;522
2018;Benissanet;total;total;població;;1142
2018;Berga;total;homes;població;;7979
2018;Berga;total;dones;població;;8220
2018;Berga;total;total;població;;16199
2018;Besalú;total;homes;població;;1161
2018;Besalú;total;dones;població;;1306
2018;Besalú;total;total;població;;2467
2018;Bescanó;total;homes;població;;2493
2018;Bescanó;total;dones;població;;2448
2018;Bescanó;total;total;població;;4941
2018;Beuda;total;homes;població;;101
2018;Beuda;total;dones;població;;86
2018;Beuda;total;total;població;;187
2018;Bigues i Riells del Fai;total;homes;població;;4587
2018;Bigues i Riells del Fai;total;dones;població;;4416
2018;Bigues i Riells del Fai;total;total;població;;9003
2018;Biosca;total;homes;població;;97
2018;Biosca;total;dones;població;;84
2018;Biosca;total;total;població;;181
2018;Bisbal d'Empordà, la;total;homes;població;;5407
2018;Bisbal d'Empordà, la;total;dones;població;;5452
2018;Bisbal d'Empordà, la;total;total;població;;10859
2018;Bisbal de Montsant, la;total;homes;població;;119
2018;Bisbal de Montsant, la;total;dones;població;;100
2018;Bisbal de Montsant, la;total;total;població;;219
2018;Bisbal del Penedès, la;total;homes;població;;1836
2018;Bisbal del Penedès, la;total;dones;població;;1628
2018;Bisbal del Penedès, la;total;total;població;;3464
2018;Biure;total;homes;població;;120
2018;Biure;total;dones;població;;118
2018;Biure;total;total;població;;238
2018;Blancafort;total;homes;població;;198
2018;Blancafort;total;dones;població;;181
2018;Blancafort;total;total;població;;379
2018;Blanes;total;homes;població;;19272
2018;Blanes;total;dones;població;;19518
2018;Blanes;total;total;població;;38790
2018;Boadella i les Escaules;total;homes;població;;139
2018;Boadella i les Escaules;total;dones;població;;130
2018;Boadella i les Escaules;total;total;població;;269
2018;Bolvir;total;homes;població;;200
2018;Bolvir;total;dones;població;;183
2018;Bolvir;total;total;població;;383
2018;Bonastre;total;homes;població;;350
2018;Bonastre;total;dones;població;;337
2018;Bonastre;total;total;població;;687
2018;Bòrdes, Es;total;homes;població;;145
2018;Bòrdes, Es;total;dones;població;;121
2018;Bòrdes, Es;total;total;població;;266
2018;Bordils;total;homes;població;;851
2018;Bordils;total;dones;població;;850
2018;Bordils;total;total;població;;1701
2018;Borges Blanques, les;total;homes;població;;3054
2018;Borges Blanques, les;total;dones;població;;2948
2018;Borges Blanques, les;total;total;població;;6002
2018;Borges del Camp, les;total;homes;població;;1060
2018;Borges del Camp, les;total;dones;població;;1020
2018;Borges del Camp, les;total;total;població;;2080
2018;Borrassà;total;homes;població;;369
2018;Borrassà;total;dones;població;;333
2018;Borrassà;total;total;població;;702
2018;Borredà;total;homes;població;;257
2018;Borredà;total;dones;població;;199
2018;Borredà;total;total;població;;456
2018;Bossòst;total;homes;població;;544
2018;Bossòst;total;dones;població;;566
2018;Bossòst;total;total;població;;1110
2018;Bot;total;homes;població;;305
2018;Bot;total;dones;població;;296
2018;Bot;total;total;població;;601
2018;Botarell;total;homes;població;;554
2018;Botarell;total;dones;població;;516
2018;Botarell;total;total;població;;1070
2018;Bovera;total;homes;població;;139
2018;Bovera;total;dones;població;;118
2018;Bovera;total;total;població;;257
2018;Bràfim;total;homes;població;;333
2018;Bràfim;total;dones;població;;340
2018;Bràfim;total;total;població;;673
2018;Breda;total;homes;població;;1855
2018;Breda;total;dones;població;;1878
2018;Breda;total;total;població;;3733
2018;Bruc, el;total;homes;població;;1095
2018;Bruc, el;total;dones;població;;932
2018;Bruc, el;total;total;població;;2027
2018;Brull, el;total;homes;població;;142
2018;Brull, el;total;dones;població;;115
2018;Brull, el;total;total;població;;257
2018;Brunyola i Sant Martí Sapresa;total;homes;població;;185
2018;Brunyola i Sant Martí Sapresa;total;dones;població;;184
2018;Brunyola i Sant Martí Sapresa;total;total;població;;369
2018;Cabacés;total;homes;població;;159
2018;Cabacés;total;dones;població;;146
2018;Cabacés;total;total;població;;305
2018;Cabanabona;total;homes;població;;33
2018;Cabanabona;total;dones;població;;43
2018;Cabanabona;total;total;població;;76
2018;Cabanelles;total;homes;població;;153
2018;Cabanelles;total;dones;població;;120
2018;Cabanelles;total;total;població;;273
2018;Cabanes;total;homes;població;;502
2018;Cabanes;total;dones;població;;442
2018;Cabanes;total;total;població;;944
2018;Cabanyes, les;total;homes;població;;492
2018;Cabanyes, les;total;dones;població;;473
2018;Cabanyes, les;total;total;població;;965
2018;Cabó;total;homes;població;;52
2018;Cabó;total;dones;població;;45
2018;Cabó;total;total;població;;97
2018;Cabra del Camp;total;homes;població;;597
2018;Cabra del Camp;total;dones;població;;544
2018;Cabra del Camp;total;total;població;;1141
2018;Cabrera d'Anoia;total;homes;població;;726
2018;Cabrera d'Anoia;total;dones;població;;650
2018;Cabrera d'Anoia;total;total;població;;1376
2018;Cabrera de Mar;total;homes;població;;2346
2018;Cabrera de Mar;total;dones;població;;2318
2018;Cabrera de Mar;total;total;població;;4664
2018;Cabrils;total;homes;població;;3626
2018;Cabrils;total;dones;població;;3722
2018;Cabrils;total;total;població;;7348
2018;Cadaqués;total;homes;població;;1344
2018;Cadaqués;total;dones;població;;1408
2018;Cadaqués;total;total;població;;2752
2018;Calaf;total;homes;població;;1790
2018;Calaf;total;dones;població;;1757
2018;Calaf;total;total;població;;3547
2018;Calafell;total;homes;població;;12767
2018;Calafell;total;dones;població;;12677
2018;Calafell;total;total;població;;25444
2018;Calders;total;homes;població;;488
2018;Calders;total;dones;població;;458
2018;Calders;total;total;població;;946
2018;Caldes d'Estrac;total;homes;població;;1380
2018;Caldes d'Estrac;total;dones;població;;1479
2018;Caldes d'Estrac;total;total;població;;2859
2018;Caldes de Malavella;total;homes;població;;3716
2018;Caldes de Malavella;total;dones;població;;3742
2018;Caldes de Malavella;total;total;població;;7458
2018;Caldes de Montbui;total;homes;població;;8669
2018;Caldes de Montbui;total;dones;població;;8780
2018;Caldes de Montbui;total;total;població;;17449
2018;Calella;total;homes;població;;9152
2018;Calella;total;dones;població;;9576
2018;Calella;total;total;població;;18728
2018;Calldetenes;total;homes;població;;1265
2018;Calldetenes;total;dones;població;;1232
2018;Calldetenes;total;total;població;;2497
2018;Callús;total;homes;població;;1025
2018;Callús;total;dones;població;;1070
2018;Callús;total;total;població;;2095
2018;Calonge de Segarra;total;homes;població;;95
2018;Calonge de Segarra;total;dones;població;;96
2018;Calonge de Segarra;total;total;població;;191
2018;Calonge i Sant Antoni;total;homes;població;;5457
2018;Calonge i Sant Antoni;total;dones;població;;5440
2018;Calonge i Sant Antoni;total;total;població;;10897
2018;Camarasa;total;homes;població;;432
2018;Camarasa;total;dones;població;;410
2018;Camarasa;total;total;població;;842
2018;Camarles;total;homes;població;;1666
2018;Camarles;total;dones;població;;1612
2018;Camarles;total;total;població;;3278
2018;Cambrils;total;homes;població;;16307
2018;Cambrils;total;dones;població;;17055
2018;Cambrils;total;total;població;;33362
2018;Camós;total;homes;població;;347
2018;Camós;total;dones;població;;343
2018;Camós;total;total;població;;690
2018;Campdevànol;total;homes;població;;1556
2018;Campdevànol;total;dones;població;;1648
2018;Campdevànol;total;total;població;;3204
2018;Campelles;total;homes;població;;70
2018;Campelles;total;dones;població;;63
2018;Campelles;total;total;població;;133
2018;Campins;total;homes;població;;272
2018;Campins;total;dones;població;;243
2018;Campins;total;total;població;;515
2018;Campllong;total;homes;població;;263
2018;Campllong;total;dones;població;;272
2018;Campllong;total;total;població;;535
2018;Camprodon;total;homes;població;;1111
2018;Camprodon;total;dones;població;;1150
2018;Camprodon;total;total;població;;2261
2018;Canejan;total;homes;població;;48
2018;Canejan;total;dones;població;;36
2018;Canejan;total;total;població;;84
2018;Canet d'Adri;total;homes;població;;364
2018;Canet d'Adri;total;dones;població;;344
2018;Canet d'Adri;total;total;població;;708
2018;Canet de Mar;total;homes;població;;7075
2018;Canet de Mar;total;dones;població;;7508
2018;Canet de Mar;total;total;població;;14583
2018;Canonja, la;total;homes;població;;2858
2018;Canonja, la;total;dones;població;;2984
2018;Canonja, la;total;total;població;;5842
2018;Canovelles;total;homes;població;;8458
2018;Canovelles;total;dones;població;;7859
2018;Canovelles;total;total;població;;16317
2018;Cànoves i Samalús;total;homes;població;;1521
2018;Cànoves i Samalús;total;dones;població;;1474
2018;Cànoves i Samalús;total;total;població;;2995
2018;Cantallops;total;homes;població;;155
2018;Cantallops;total;dones;població;;158
2018;Cantallops;total;total;població;;313
2018;Canyelles;total;homes;població;;2310
2018;Canyelles;total;dones;població;;2171
2018;Canyelles;total;total;població;;4481
2018;Capafonts;total;homes;població;;51
2018;Capafonts;total;dones;població;;45
2018;Capafonts;total;total;població;;96
2018;Capçanes;total;homes;població;;200
2018;Capçanes;total;dones;població;;198
2018;Capçanes;total;total;població;;398
2018;Capellades;total;homes;població;;2572
2018;Capellades;total;dones;població;;2639
2018;Capellades;total;total;població;;5211
2018;Capmany;total;homes;població;;308
2018;Capmany;total;dones;població;;305
2018;Capmany;total;total;població;;613
2018;Capolat;total;homes;població;;45
2018;Capolat;total;dones;població;;51
2018;Capolat;total;total;població;;96
2018;Cardedeu;total;homes;població;;8892
2018;Cardedeu;total;dones;població;;9273
2018;Cardedeu;total;total;població;;18165
2018;Cardona;total;homes;població;;2271
2018;Cardona;total;dones;població;;2381
2018;Cardona;total;total;població;;4652
2018;Carme;total;homes;població;;398
2018;Carme;total;dones;població;;385
2018;Carme;total;total;població;;783
2018;Caseres;total;homes;població;;116
2018;Caseres;total;dones;població;;119
2018;Caseres;total;total;població;;235
2018;Cassà de la Selva;total;homes;població;;5285
2018;Cassà de la Selva;total;dones;població;;5074
2018;Cassà de la Selva;total;total;població;;10359
2018;Casserres;total;homes;població;;780
2018;Casserres;total;dones;població;;792
2018;Casserres;total;total;població;;1572
2018;Castell d'Aro, Platja d'Aro i s'Agaró;total;homes;població;;5215
2018;Castell d'Aro, Platja d'Aro i s'Agaró;total;dones;població;;5370
2018;Castell d'Aro, Platja d'Aro i s'Agaró;total;total;població;;10585
2018;Castell de l'Areny;total;homes;població;;41
2018;Castell de l'Areny;total;dones;població;;31
2018;Castell de l'Areny;total;total;població;;72
2018;Castell de Mur;total;homes;població;;91
2018;Castell de Mur;total;dones;població;;74
2018;Castell de Mur;total;total;població;;165
2018;Castellar de la Ribera;total;homes;població;;70
2018;Castellar de la Ribera;total;dones;població;;67
2018;Castellar de la Ribera;total;total;població;;137
2018;Castellar de n'Hug;total;homes;població;;86
2018;Castellar de n'Hug;total;dones;població;;79
2018;Castellar de n'Hug;total;total;població;;165
2018;Castellar del Riu;total;homes;població;;92
2018;Castellar del Riu;total;dones;població;;73
2018;Castellar del Riu;total;total;població;;165
2018;Castellar del Vallès;total;homes;població;;11855
2018;Castellar del Vallès;total;dones;població;;12181
2018;Castellar del Vallès;total;total;població;;24036
2018;Castellbell i el Vilar;total;homes;població;;1841
2018;Castellbell i el Vilar;total;dones;població;;1758
2018;Castellbell i el Vilar;total;total;població;;3599
2018;Castellbisbal;total;homes;població;;6244
2018;Castellbisbal;total;dones;població;;6088
2018;Castellbisbal;total;total;població;;12332
2018;Castellcir;total;homes;població;;377
2018;Castellcir;total;dones;població;;351
2018;Castellcir;total;total;població;;728
2018;Castelldans;total;homes;població;;502
2018;Castelldans;total;dones;població;;429
2018;Castelldans;total;total;població;;931
2018;Castelldefels;total;homes;població;;32747
2018;Castelldefels;total;dones;població;;33628
2018;Castelldefels;total;total;població;;66375
2018;Castellet i la Gornal;total;homes;població;;1147
2018;Castellet i la Gornal;total;dones;població;;1100
2018;Castellet i la Gornal;total;total;població;;2247
2018;Castellfollit de la Roca;total;homes;població;;486
2018;Castellfollit de la Roca;total;dones;població;;470
2018;Castellfollit de la Roca;total;total;població;;956
2018;Castellfollit de Riubregós;total;homes;població;;90
2018;Castellfollit de Riubregós;total;dones;població;;66
2018;Castellfollit de Riubregós;total;total;població;;156
2018;Castellfollit del Boix;total;homes;població;;228
2018;Castellfollit del Boix;total;dones;població;;218
2018;Castellfollit del Boix;total;total;població;;446
2018;Castellgalí;total;homes;població;;1065
2018;Castellgalí;total;dones;població;;988
2018;Castellgalí;total;total;població;;2053
2018;Castellnou de Bages;total;homes;població;;666
2018;Castellnou de Bages;total;dones;població;;653
2018;Castellnou de Bages;total;total;població;;1319
2018;Castellnou de Seana;total;homes;població;;361
2018;Castellnou de Seana;total;dones;població;;326
2018;Castellnou de Seana;total;total;població;;687
2018;Castelló d'Empúries;total;homes;població;;5495
2018;Castelló d'Empúries;total;dones;població;;5325
2018;Castelló d'Empúries;total;total;població;;10820
2018;Castelló de Farfanya;total;homes;població;;290
2018;Castelló de Farfanya;total;dones;població;;248
2018;Castelló de Farfanya;total;total;població;;538
2018;Castellolí;total;homes;població;;295
2018;Castellolí;total;dones;població;;315
2018;Castellolí;total;total;població;;610
2018;Castellserà;total;homes;població;;496
2018;Castellserà;total;dones;població;;504
2018;Castellserà;total;total;població;;1000
2018;Castellterçol;total;homes;població;;1208
2018;Castellterçol;total;dones;població;;1210
2018;Castellterçol;total;total;població;;2418
2018;Castellvell del Camp;total;homes;població;;1438
2018;Castellvell del Camp;total;dones;població;;1430
2018;Castellvell del Camp;total;total;població;;2868
2018;Castellví de la Marca;total;homes;població;;772
2018;Castellví de la Marca;total;dones;població;;762
2018;Castellví de la Marca;total;total;població;;1534
2018;Castellví de Rosanes;total;homes;població;;917
2018;Castellví de Rosanes;total;dones;població;;948
2018;Castellví de Rosanes;total;total;població;;1865
2018;Catllar, el;total;homes;població;;2253
2018;Catllar, el;total;dones;població;;2091
2018;Catllar, el;total;total;població;;4344
2018;Cava;total;homes;població;;28
2018;Cava;total;dones;població;;18
2018;Cava;total;total;població;;46
2018;Cellera de Ter, la;total;homes;població;;981
2018;Cellera de Ter, la;total;dones;població;;995
2018;Cellera de Ter, la;total;total;població;;1976
2018;Celrà;total;homes;població;;2708
2018;Celrà;total;dones;població;;2682
2018;Celrà;total;total;població;;5390
2018;Centelles;total;homes;població;;3643
2018;Centelles;total;dones;població;;3780
2018;Centelles;total;total;població;;7423
2018;Cercs;total;homes;població;;567
2018;Cercs;total;dones;població;;585
2018;Cercs;total;total;població;;1152
2018;Cerdanyola del Vallès;total;homes;població;;28259
2018;Cerdanyola del Vallès;total;dones;població;;29481
2018;Cerdanyola del Vallès;total;total;població;;57740
2018;Cervelló;total;homes;població;;4495
2018;Cervelló;total;dones;població;;4475
2018;Cervelló;total;total;població;;8970
2018;Cervera;total;homes;població;;4594
2018;Cervera;total;dones;població;;4472
2018;Cervera;total;total;població;;9066
2018;Cervià de les Garrigues;total;homes;població;;345
2018;Cervià de les Garrigues;total;dones;població;;303
2018;Cervià de les Garrigues;total;total;població;;648
2018;Cervià de Ter;total;homes;població;;487
2018;Cervià de Ter;total;dones;població;;461
2018;Cervià de Ter;total;total;població;;948
2018;Cistella;total;homes;població;;148
2018;Cistella;total;dones;població;;152
2018;Cistella;total;total;població;;300
2018;Ciutadilla;total;homes;població;;109
2018;Ciutadilla;total;dones;població;;97
2018;Ciutadilla;total;total;població;;206
2018;Clariana de Cardener;total;homes;població;;74
2018;Clariana de Cardener;total;dones;població;;73
2018;Clariana de Cardener;total;total;població;;147
2018;Cogul, el;total;homes;població;;88
2018;Cogul, el;total;dones;població;;73
2018;Cogul, el;total;total;població;;161
2018;Colera;total;homes;població;;235
2018;Colera;total;dones;població;;230
2018;Colera;total;total;població;;465
2018;Coll de Nargó;total;homes;població;;284
2018;Coll de Nargó;total;dones;població;;265
2018;Coll de Nargó;total;total;població;;549
2018;Collbató;total;homes;població;;2304
2018;Collbató;total;dones;població;;2154
2018;Collbató;total;total;població;;4458
2018;Colldejou;total;homes;població;;90
2018;Colldejou;total;dones;població;;80
2018;Colldejou;total;total;població;;170
2018;Collsuspina;total;homes;població;;173
2018;Collsuspina;total;dones;població;;166
2018;Collsuspina;total;total;població;;339
2018;Colomers;total;homes;població;;88
2018;Colomers;total;dones;població;;88
2018;Colomers;total;total;població;;176
2018;Coma i la Pedra, la;total;homes;població;;160
2018;Coma i la Pedra, la;total;dones;població;;105
2018;Coma i la Pedra, la;total;total;població;;265
2018;Conca de Dalt;total;homes;població;;220
2018;Conca de Dalt;total;dones;població;;208
2018;Conca de Dalt;total;total;població;;428
2018;Conesa;total;homes;població;;54
2018;Conesa;total;dones;població;;49
2018;Conesa;total;total;població;;103
2018;Constantí;total;homes;població;;3411
2018;Constantí;total;dones;població;;3105
2018;Constantí;total;total;població;;6516
2018;Copons;total;homes;població;;151
2018;Copons;total;dones;població;;155
2018;Copons;total;total;població;;306
2018;Corbera d'Ebre;total;homes;població;;531
2018;Corbera d'Ebre;total;dones;població;;492
2018;Corbera d'Ebre;total;total;població;;1023
2018;Corbera de Llobregat;total;homes;població;;7357
2018;Corbera de Llobregat;total;dones;població;;7286
2018;Corbera de Llobregat;total;total;població;;14643
2018;Corbins;total;homes;població;;777
2018;Corbins;total;dones;població;;654
2018;Corbins;total;total;població;;1431
2018;Corçà;total;homes;població;;642
2018;Corçà;total;dones;població;;611
2018;Corçà;total;total;població;;1253
2018;Cornellà de Llobregat;total;homes;població;;42226
2018;Cornellà de Llobregat;total;dones;població;;44947
2018;Cornellà de Llobregat;total;total;població;;87173
2018;Cornellà del Terri;total;homes;població;;1182
2018;Cornellà del Terri;total;dones;població;;1140
2018;Cornellà del Terri;total;total;població;;2322
2018;Cornudella de Montsant;total;homes;població;;510
2018;Cornudella de Montsant;total;dones;població;;454
2018;Cornudella de Montsant;total;total;població;;964
2018;Creixell;total;homes;població;;1788
2018;Creixell;total;dones;població;;1738
2018;Creixell;total;total;població;;3526
2018;Crespià;total;homes;població;;130
2018;Crespià;total;dones;població;;121
2018;Crespià;total;total;població;;251
2018;Cruïlles, Monells i Sant Sadurní de l'Heura;total;homes;població;;639
2018;Cruïlles, Monells i Sant Sadurní de l'Heura;total;dones;població;;635
2018;Cruïlles, Monells i Sant Sadurní de l'Heura;total;total;població;;1274
2018;Cubelles;total;homes;població;;7554
2018;Cubelles;total;dones;població;;7438
2018;Cubelles;total;total;població;;14992
2018;Cubells;total;homes;població;;184
2018;Cubells;total;dones;població;;174
2018;Cubells;total;total;població;;358
2018;Cunit;total;homes;població;;6016
2018;Cunit;total;dones;població;;6310
2018;Cunit;total;total;població;;12326
2018;Darnius;total;homes;població;;276
2018;Darnius;total;dones;població;;281
2018;Darnius;total;total;població;;557
2018;Das;total;homes;població;;122
2018;Das;total;dones;població;;105
2018;Das;total;total;població;;227
2018;Deltebre;total;homes;població;;5792
2018;Deltebre;total;dones;població;;5713
2018;Deltebre;total;total;població;;11505
2018;Dosrius;total;homes;població;;2681
2018;Dosrius;total;dones;població;;2600
2018;Dosrius;total;total;població;;5281
2018;Duesaigües;total;homes;població;;137
2018;Duesaigües;total;dones;població;;100
2018;Duesaigües;total;total;població;;237
2018;Escala, l';total;homes;població;;5308
2018;Escala, l';total;dones;població;;5109
2018;Escala, l';total;total;població;;10417
2018;Esparreguera;total;homes;població;;11153
2018;Esparreguera;total;dones;població;;10892
2018;Esparreguera;total;total;població;;22045
2018;Espinelves;total;homes;població;;106
2018;Espinelves;total;dones;població;;100
2018;Espinelves;total;total;població;;206
2018;Espluga Calba, l';total;homes;població;;181
2018;Espluga Calba, l';total;dones;població;;176
2018;Espluga Calba, l';total;total;població;;357
2018;Espluga de Francolí, l';total;homes;població;;1810
2018;Espluga de Francolí, l';total;dones;població;;1932
2018;Espluga de Francolí, l';total;total;població;;3742
2018;Esplugues de Llobregat;total;homes;població;;22144
2018;Esplugues de Llobregat;total;dones;població;;24211
2018;Esplugues de Llobregat;total;total;població;;46355
2018;Espolla;total;homes;població;;210
2018;Espolla;total;dones;població;;215
2018;Espolla;total;total;població;;425
2018;Esponellà;total;homes;població;;222
2018;Esponellà;total;dones;població;;211
2018;Esponellà;total;total;població;;433
2018;Espot;total;homes;població;;190
2018;Espot;total;dones;població;;162
2018;Espot;total;total;població;;352
2018;Espunyola, l';total;homes;població;;130
2018;Espunyola, l';total;dones;població;;128
2018;Espunyola, l';total;total;població;;258
2018;Esquirol, l';total;homes;població;;1083
2018;Esquirol, l';total;dones;població;;1058
2018;Esquirol, l';total;total;població;;2141
2018;Estamariu;total;homes;població;;69
2018;Estamariu;total;dones;població;;50
2018;Estamariu;total;total;població;;119
2018;Estany, l';total;homes;població;;193
2018;Estany, l';total;dones;població;;200
2018;Estany, l';total;total;població;;393
2018;Estaràs;total;homes;població;;85
2018;Estaràs;total;dones;població;;75
2018;Estaràs;total;total;població;;160
2018;Esterri d'Àneu;total;homes;població;;363
2018;Esterri d'Àneu;total;dones;població;;393
2018;Esterri d'Àneu;total;total;població;;756
2018;Esterri de Cardós;total;homes;població;;36
2018;Esterri de Cardós;total;dones;població;;33
2018;Esterri de Cardós;total;total;població;;69
2018;Falset;total;homes;població;;1405
2018;Falset;total;dones;població;;1402
2018;Falset;total;total;població;;2807
2018;Far d'Empordà, el;total;homes;població;;287
2018;Far d'Empordà, el;total;dones;població;;289
2018;Far d'Empordà, el;total;total;població;;576
2018;Farrera;total;homes;població;;69
2018;Farrera;total;dones;població;;53
2018;Farrera;total;total;població;;122
2018;Fatarella, la;total;homes;població;;475
2018;Fatarella, la;total;dones;població;;490
2018;Fatarella, la;total;total;població;;965
2018;Febró, la;total;homes;població;;27
2018;Febró, la;total;dones;població;;15
2018;Febró, la;total;total;població;;42
2018;Figaró-Montmany;total;homes;població;;551
2018;Figaró-Montmany;total;dones;població;;558
2018;Figaró-Montmany;total;total;població;;1109
2018;Fígols;total;homes;població;;25
2018;Fígols;total;dones;població;;17
2018;Fígols;total;total;població;;42
2018;Fígols i Alinyà;total;homes;població;;141
2018;Fígols i Alinyà;total;dones;població;;112
2018;Fígols i Alinyà;total;total;població;;253
2018;Figuera, la;total;homes;població;;59
2018;Figuera, la;total;dones;població;;45
2018;Figuera, la;total;total;població;;104
2018;Figueres;total;homes;població;;22917
2018;Figueres;total;dones;població;;23464
2018;Figueres;total;total;població;;46381
2018;Figuerola del Camp;total;homes;població;;156
2018;Figuerola del Camp;total;dones;població;;159
2018;Figuerola del Camp;total;total;població;;315
2018;Flaçà;total;homes;població;;525
2018;Flaçà;total;dones;població;;556
2018;Flaçà;total;total;població;;1081
2018;Flix;total;homes;població;;1751
2018;Flix;total;dones;població;;1740
2018;Flix;total;total;població;;3491
2018;Floresta, la;total;homes;població;;83
2018;Floresta, la;total;dones;població;;71
2018;Floresta, la;total;total;població;;154
2018;Fogars de la Selva;total;homes;població;;753
2018;Fogars de la Selva;total;dones;població;;714
2018;Fogars de la Selva;total;total;població;;1467
2018;Fogars de Montclús;total;homes;població;;245
2018;Fogars de Montclús;total;dones;població;;221
2018;Fogars de Montclús;total;total;població;;466
2018;Foixà;total;homes;població;;159
2018;Foixà;total;dones;població;;146
2018;Foixà;total;total;població;;305
2018;Folgueroles;total;homes;població;;1156
2018;Folgueroles;total;dones;població;;1120
2018;Folgueroles;total;total;població;;2276
2018;Fondarella;total;homes;població;;388
2018;Fondarella;total;dones;població;;404
2018;Fondarella;total;total;població;;792
2018;Fonollosa;total;homes;població;;743
2018;Fonollosa;total;dones;població;;696
2018;Fonollosa;total;total;població;;1439
2018;Fontanals de Cerdanya;total;homes;població;;231
2018;Fontanals de Cerdanya;total;dones;població;;224
2018;Fontanals de Cerdanya;total;total;població;;455
2018;Fontanilles;total;homes;població;;76
2018;Fontanilles;total;dones;població;;62
2018;Fontanilles;total;total;població;;138
2018;Fontcoberta;total;homes;població;;733
2018;Fontcoberta;total;dones;població;;741
2018;Fontcoberta;total;total;població;;1474
2018;Font-rubí;total;homes;població;;702
2018;Font-rubí;total;dones;població;;652
2018;Font-rubí;total;total;població;;1354
2018;Foradada;total;homes;població;;103
2018;Foradada;total;dones;població;;70
2018;Foradada;total;total;població;;173
2018;Forallac;total;homes;població;;843
2018;Forallac;total;dones;població;;870
2018;Forallac;total;total;població;;1713
2018;Forès;total;homes;població;;25
2018;Forès;total;dones;població;;17
2018;Forès;total;total;població;;42
2018;Fornells de la Selva;total;homes;població;;1316
2018;Fornells de la Selva;total;dones;població;;1333
2018;Fornells de la Selva;total;total;població;;2649
2018;Fortià;total;homes;població;;362
2018;Fortià;total;dones;població;;370
2018;Fortià;total;total;població;;732
2018;Franqueses del Vallès, les;total;homes;població;;10003
2018;Franqueses del Vallès, les;total;dones;població;;9765
2018;Franqueses del Vallès, les;total;total;població;;19768
2018;Freginals;total;homes;població;;188
2018;Freginals;total;dones;població;;181
2018;Freginals;total;total;població;;369
2018;Fuliola, la;total;homes;població;;606
2018;Fuliola, la;total;dones;població;;611
2018;Fuliola, la;total;total;població;;1217
2018;Fulleda;total;homes;població;;43
2018;Fulleda;total;dones;població;;41
2018;Fulleda;total;total;població;;84
2018;Gaià;total;homes;població;;93
2018;Gaià;total;dones;població;;74
2018;Gaià;total;total;població;;167
2018;Galera, la;total;homes;població;;372
2018;Galera, la;total;dones;població;;347
2018;Galera, la;total;total;població;;719
2018;Gallifa;total;homes;població;;90
2018;Gallifa;total;dones;població;;79
2018;Gallifa;total;total;població;;169
2018;Gandesa;total;homes;població;;1534
2018;Gandesa;total;dones;població;;1475
2018;Gandesa;total;total;població;;3009
2018;Garcia;total;homes;població;;269
2018;Garcia;total;dones;població;;256
2018;Garcia;total;total;població;;525
2018;Garidells, els;total;homes;població;;97
2018;Garidells, els;total;dones;població;;104
2018;Garidells, els;total;total;població;;201
2018;Garriga, la;total;homes;població;;7861
2018;Garriga, la;total;dones;població;;8366
2018;Garriga, la;total;total;població;;16227
2018;Garrigàs;total;homes;població;;226
2018;Garrigàs;total;dones;població;;213
2018;Garrigàs;total;total;població;;439
2018;Garrigoles;total;homes;població;;94
2018;Garrigoles;total;dones;població;;81
2018;Garrigoles;total;total;població;;175
2018;Garriguella;total;homes;població;;416
2018;Garriguella;total;dones;població;;424
2018;Garriguella;total;total;població;;840
2018;Gavà;total;homes;població;;22916
2018;Gavà;total;dones;població;;23789
2018;Gavà;total;total;població;;46705
2018;Gavet de la Conca;total;homes;població;;133
2018;Gavet de la Conca;total;dones;població;;141
2018;Gavet de la Conca;total;total;població;;274
2018;Gelida;total;homes;població;;3700
2018;Gelida;total;dones;població;;3671
2018;Gelida;total;total;població;;7371
2018;Ger;total;homes;població;;213
2018;Ger;total;dones;població;;216
2018;Ger;total;total;població;;429
2018;Gimenells i el Pla de la Font;total;homes;població;;587
2018;Gimenells i el Pla de la Font;total;dones;població;;521
2018;Gimenells i el Pla de la Font;total;total;població;;1108
2018;Ginestar;total;homes;població;;403
2018;Ginestar;total;dones;població;;359
2018;Ginestar;total;total;població;;762
2018;Girona;total;homes;població;;48030
2018;Girona;total;dones;població;;52236
2018;Girona;total;total;població;;100266
2018;Gironella;total;homes;població;;2396
2018;Gironella;total;dones;població;;2438
2018;Gironella;total;total;població;;4834
2018;Gisclareny;total;homes;població;;15
2018;Gisclareny;total;dones;població;;11
2018;Gisclareny;total;total;població;;26
2018;Godall;total;homes;població;;291
2018;Godall;total;dones;població;;300
2018;Godall;total;total;població;;591
2018;Golmés;total;homes;població;;937
2018;Golmés;total;dones;població;;927
2018;Golmés;total;total;població;;1864
2018;Gombrèn;total;homes;població;;94
2018;Gombrèn;total;dones;població;;92
2018;Gombrèn;total;total;població;;186
2018;Gósol;total;homes;població;;120
2018;Gósol;total;dones;població;;89
2018;Gósol;total;total;població;;209
2018;Granada, la;total;homes;població;;1077
2018;Granada, la;total;dones;població;;1053
2018;Granada, la;total;total;població;;2130
2018;Granadella, la;total;homes;població;;388
2018;Granadella, la;total;dones;població;;340
2018;Granadella, la;total;total;població;;728
2018;Granera;total;homes;població;;56
2018;Granera;total;dones;població;;24
2018;Granera;total;total;població;;80
2018;Granja d'Escarp, la;total;homes;població;;519
2018;Granja d'Escarp, la;total;dones;població;;437
2018;Granja d'Escarp, la;total;total;població;;956
2018;Granollers;total;homes;població;;30023
2018;Granollers;total;dones;població;;30958
2018;Granollers;total;total;població;;60981
2018;Granyanella;total;homes;població;;79
2018;Granyanella;total;dones;població;;61
2018;Granyanella;total;total;població;;140
2018;Granyena de les Garrigues;total;homes;població;;87
2018;Granyena de les Garrigues;total;dones;població;;57
2018;Granyena de les Garrigues;total;total;població;;144
2018;Granyena de Segarra;total;homes;població;;76
2018;Granyena de Segarra;total;dones;població;;71
2018;Granyena de Segarra;total;total;població;;147
2018;Gratallops;total;homes;població;;126
2018;Gratallops;total;dones;població;;100
2018;Gratallops;total;total;població;;226
2018;Gualba;total;homes;població;;750
2018;Gualba;total;dones;població;;731
2018;Gualba;total;total;població;;1481
2018;Gualta;total;homes;població;;220
2018;Gualta;total;dones;població;;172
2018;Gualta;total;total;població;;392
2018;Guardiola de Berguedà;total;homes;població;;458
2018;Guardiola de Berguedà;total;dones;població;;429
2018;Guardiola de Berguedà;total;total;població;;887
2018;Guiamets, els;total;homes;població;;125
2018;Guiamets, els;total;dones;població;;145
2018;Guiamets, els;total;total;població;;270
2018;Guils de Cerdanya;total;homes;població;;278
2018;Guils de Cerdanya;total;dones;població;;251
2018;Guils de Cerdanya;total;total;població;;529
2018;Guimerà;total;homes;població;;146
2018;Guimerà;total;dones;població;;124
2018;Guimerà;total;total;població;;270
2018;Guingueta d'Àneu, la;total;homes;població;;160
2018;Guingueta d'Àneu, la;total;dones;població;;138
2018;Guingueta d'Àneu, la;total;total;població;;298
2018;Guissona;total;homes;població;;3746
2018;Guissona;total;dones;població;;3288
2018;Guissona;total;total;població;;7034
2018;Guixers;total;homes;població;;88
2018;Guixers;total;dones;població;;50
2018;Guixers;total;total;població;;138
2018;Gurb;total;homes;població;;1360
2018;Gurb;total;dones;població;;1294
2018;Gurb;total;total;població;;2654
2018;Horta de Sant Joan;total;homes;població;;598
2018;Horta de Sant Joan;total;dones;població;;548
2018;Horta de Sant Joan;total;total;població;;1146
2018;Hospitalet de Llobregat, l';total;homes;població;;126066
2018;Hospitalet de Llobregat, l';total;dones;població;;135002
2018;Hospitalet de Llobregat, l';total;total;població;;261068
2018;Hostalets de Pierola, els;total;homes;població;;1502
2018;Hostalets de Pierola, els;total;dones;població;;1428
2018;Hostalets de Pierola, els;total;total;població;;2930
2018;Hostalric;total;homes;població;;2096
2018;Hostalric;total;dones;població;;2043
2018;Hostalric;total;total;població;;4139
2018;Igualada;total;homes;població;;19393
2018;Igualada;total;dones;població;;20147
2018;Igualada;total;total;població;;39540
2018;Isona i Conca Dellà;total;homes;població;;546
2018;Isona i Conca Dellà;total;dones;població;;482
2018;Isona i Conca Dellà;total;total;població;;1028
2018;Isòvol;total;homes;població;;159
2018;Isòvol;total;dones;població;;119
2018;Isòvol;total;total;població;;278
2018;Ivars d'Urgell;total;homes;població;;817
2018;Ivars d'Urgell;total;dones;població;;740
2018;Ivars d'Urgell;total;total;població;;1557
2018;Ivars de Noguera;total;homes;població;;174
2018;Ivars de Noguera;total;dones;població;;163
2018;Ivars de Noguera;total;total;població;;337
2018;Ivorra;total;homes;població;;57
2018;Ivorra;total;dones;població;;47
2018;Ivorra;total;total;població;;104
2018;Jafre;total;homes;població;;206
2018;Jafre;total;dones;població;;184
2018;Jafre;total;total;població;;390
2018;Jonquera, la;total;homes;població;;1620
2018;Jonquera, la;total;dones;població;;1613
2018;Jonquera, la;total;total;població;;3233
2018;Jorba;total;homes;població;;431
2018;Jorba;total;dones;població;;410
2018;Jorba;total;total;població;;841
2018;Josa i Tuixén;total;homes;població;;66
2018;Josa i Tuixén;total;dones;població;;52
2018;Josa i Tuixén;total;total;població;;118
2018;Juià;total;homes;població;;180
2018;Juià;total;dones;població;;155
2018;Juià;total;total;població;;335
2018;Juncosa;total;homes;població;;211
2018;Juncosa;total;dones;població;;182
2018;Juncosa;total;total;població;;393
2018;Juneda;total;homes;població;;1785
2018;Juneda;total;dones;població;;1624
2018;Juneda;total;total;població;;3409
2018;Les;total;homes;població;;480
2018;Les;total;dones;població;;474
2018;Les;total;total;població;;954
2018;Linyola;total;homes;població;;1340
2018;Linyola;total;dones;població;;1320
2018;Linyola;total;total;població;;2660
2018;Llacuna, la;total;homes;població;;469
2018;Llacuna, la;total;dones;població;;394
2018;Llacuna, la;total;total;població;;863
2018;Lladó;total;homes;població;;386
2018;Lladó;total;dones;població;;401
2018;Lladó;total;total;població;;787
2018;Lladorre;total;homes;població;;111
2018;Lladorre;total;dones;població;;116
2018;Lladorre;total;total;població;;227
2018;Lladurs;total;homes;població;;95
2018;Lladurs;total;dones;població;;84
2018;Lladurs;total;total;població;;179
2018;Llagosta, la;total;homes;població;;6595
2018;Llagosta, la;total;dones;població;;6772
2018;Llagosta, la;total;total;població;;13367
2018;Llagostera;total;homes;població;;4240
2018;Llagostera;total;dones;població;;4057
2018;Llagostera;total;total;població;;8297
2018;Llambilles;total;homes;població;;353
2018;Llambilles;total;dones;població;;340
2018;Llambilles;total;total;població;;693
2018;Llanars;total;homes;població;;267
2018;Llanars;total;dones;població;;247
2018;Llanars;total;total;població;;514
2018;Llançà;total;homes;població;;2412
2018;Llançà;total;dones;població;;2456
2018;Llançà;total;total;població;;4868
2018;Llardecans;total;homes;població;;239
2018;Llardecans;total;dones;població;;221
2018;Llardecans;total;total;població;;460
2018;Llavorsí;total;homes;població;;171
2018;Llavorsí;total;dones;població;;181
2018;Llavorsí;total;total;població;;352
2018;Lleida;total;homes;població;;68070
2018;Lleida;total;dones;població;;69786
2018;Lleida;total;total;població;;137856
2018;Llers;total;homes;població;;617
2018;Llers;total;dones;població;;622
2018;Llers;total;total;població;;1239
2018;Lles de Cerdanya;total;homes;població;;146
2018;Lles de Cerdanya;total;dones;població;;109
2018;Lles de Cerdanya;total;total;població;;255
2018;Lliçà d'Amunt;total;homes;població;;7738
2018;Lliçà d'Amunt;total;dones;població;;7373
2018;Lliçà d'Amunt;total;total;població;;15111
2018;Lliçà de Vall;total;homes;població;;3299
2018;Lliçà de Vall;total;dones;població;;3181
2018;Lliçà de Vall;total;total;població;;6480
2018;Llimiana;total;homes;població;;86
2018;Llimiana;total;dones;població;;56
2018;Llimiana;total;total;població;;142
2018;Llinars del Vallès;total;homes;població;;4907
2018;Llinars del Vallès;total;dones;població;;4931
2018;Llinars del Vallès;total;total;població;;9838
2018;Llívia;total;homes;població;;764
2018;Llívia;total;dones;població;;664
2018;Llívia;total;total;població;;1428
2018;Lloar, el;total;homes;població;;62
2018;Lloar, el;total;dones;població;;56
2018;Lloar, el;total;total;població;;118
2018;Llobera;total;homes;població;;107
2018;Llobera;total;dones;població;;88
2018;Llobera;total;total;població;;195
2018;Llorac;total;homes;població;;56
2018;Llorac;total;dones;població;;44
2018;Llorac;total;total;població;;100
2018;Llorenç del Penedès;total;homes;població;;1146
2018;Llorenç del Penedès;total;dones;població;;1181
2018;Llorenç del Penedès;total;total;població;;2327
2018;Lloret de Mar;total;homes;població;;19099
2018;Lloret de Mar;total;dones;població;;18251
2018;Lloret de Mar;total;total;població;;37350
2018;Llosses, les;total;homes;població;;122
2018;Llosses, les;total;dones;població;;97
2018;Llosses, les;total;total;població;;219
2018;Lluçà;total;homes;població;;135
2018;Lluçà;total;dones;població;;141
2018;Lluçà;total;total;població;;276
2018;Maçanet de Cabrenys;total;homes;població;;336
2018;Maçanet de Cabrenys;total;dones;població;;345
2018;Maçanet de Cabrenys;total;total;població;;681
2018;Maçanet de la Selva;total;homes;població;;3561
2018;Maçanet de la Selva;total;dones;població;;3358
2018;Maçanet de la Selva;total;total;població;;6919
2018;Madremanya;total;homes;població;;136
2018;Madremanya;total;dones;població;;146
2018;Madremanya;total;total;població;;282
2018;Maià de Montcal;total;homes;població;;217
2018;Maià de Montcal;total;dones;població;;196
2018;Maià de Montcal;total;total;població;;413
2018;Maials;total;homes;població;;511
2018;Maials;total;dones;població;;420
2018;Maials;total;total;població;;931
2018;Maldà;total;homes;població;;115
2018;Maldà;total;dones;població;;110
2018;Maldà;total;total;població;;225
2018;Malgrat de Mar;total;homes;població;;9217
2018;Malgrat de Mar;total;dones;població;;9222
2018;Malgrat de Mar;total;total;població;;18439
2018;Malla;total;homes;població;;140
2018;Malla;total;dones;població;;131
2018;Malla;total;total;població;;271
2018;Manlleu;total;homes;població;;10068
2018;Manlleu;total;dones;població;;10126
2018;Manlleu;total;total;població;;20194
2018;Manresa;total;homes;població;;37311
2018;Manresa;total;dones;població;;38939
2018;Manresa;total;total;població;;76250
2018;Marçà;total;homes;població;;320
2018;Marçà;total;dones;població;;279
2018;Marçà;total;total;població;;599
2018;Margalef;total;homes;població;;57
2018;Margalef;total;dones;població;;37
2018;Margalef;total;total;població;;94
2018;Marganell;total;homes;població;;127
2018;Marganell;total;dones;població;;131
2018;Marganell;total;total;població;;258
2018;Martorell;total;homes;població;;14179
2018;Martorell;total;dones;població;;13671
2018;Martorell;total;total;població;;27850
2018;Martorelles;total;homes;població;;2410
2018;Martorelles;total;dones;població;;2384
2018;Martorelles;total;total;població;;4794
2018;Mas de Barberans;total;homes;població;;285
2018;Mas de Barberans;total;dones;població;;292
2018;Mas de Barberans;total;total;població;;577
2018;Masarac i Vilarnadal;total;homes;població;;140
2018;Masarac i Vilarnadal;total;dones;població;;132
2018;Masarac i Vilarnadal;total;total;població;;272
2018;Masdenverge;total;homes;població;;544
2018;Masdenverge;total;dones;població;;522
2018;Masdenverge;total;total;població;;1066
2018;Masies de Roda, les;total;homes;població;;354
2018;Masies de Roda, les;total;dones;població;;350
2018;Masies de Roda, les;total;total;població;;704
2018;Masies de Voltregà, les;total;homes;població;;1543
2018;Masies de Voltregà, les;total;dones;població;;1581
2018;Masies de Voltregà, les;total;total;població;;3124
2018;Masllorenç;total;homes;població;;275
2018;Masllorenç;total;dones;població;;223
2018;Masllorenç;total;total;població;;498
2018;Masnou, el;total;homes;població;;11266
2018;Masnou, el;total;dones;població;;12074
2018;Masnou, el;total;total;població;;23340
2018;Masó, la;total;homes;població;;150
2018;Masó, la;total;dones;població;;126
2018;Masó, la;total;total;població;;276
2018;Maspujols;total;homes;població;;410
2018;Maspujols;total;dones;població;;389
2018;Maspujols;total;total;població;;799
2018;Masquefa;total;homes;població;;4338
2018;Masquefa;total;dones;població;;4303
2018;Masquefa;total;total;població;;8641
2018;Masroig, el;total;homes;població;;275
2018;Masroig, el;total;dones;població;;223
2018;Masroig, el;total;total;població;;498
2018;Massalcoreig;total;homes;població;;334
2018;Massalcoreig;total;dones;població;;251
2018;Massalcoreig;total;total;població;;585
2018;Massanes;total;homes;població;;394
2018;Massanes;total;dones;població;;336
2018;Massanes;total;total;població;;730
2018;Massoteres;total;homes;població;;122
2018;Massoteres;total;dones;població;;110
2018;Massoteres;total;total;població;;232
2018;Matadepera;total;homes;població;;4666
2018;Matadepera;total;dones;població;;4625
2018;Matadepera;total;total;població;;9291
2018;Mataró;total;homes;població;;62945
2018;Mataró;total;dones;població;;64043
2018;Mataró;total;total;població;;126988
2018;Mediona;total;homes;població;;1170
2018;Mediona;total;dones;població;;1161
2018;Mediona;total;total;població;;2331
2018;Menàrguens;total;homes;població;;450
2018;Menàrguens;total;dones;població;;351
2018;Menàrguens;total;total;població;;801
2018;Meranges;total;homes;població;;58
2018;Meranges;total;dones;població;;40
2018;Meranges;total;total;població;;98
2018;Mieres;total;homes;població;;159
2018;Mieres;total;dones;població;;153
2018;Mieres;total;total;població;;312
2018;Milà, el;total;homes;població;;90
2018;Milà, el;total;dones;població;;93
2018;Milà, el;total;total;població;;183
2018;Miralcamp;total;homes;població;;676
2018;Miralcamp;total;dones;població;;671
2018;Miralcamp;total;total;població;;1347
2018;Miravet;total;homes;població;;380
2018;Miravet;total;dones;població;;326
2018;Miravet;total;total;població;;706
2018;Moià;total;homes;població;;3147
2018;Moià;total;dones;població;;3043
2018;Moià;total;total;població;;6190
2018;Molar, el;total;homes;població;;147
2018;Molar, el;total;dones;població;;134
2018;Molar, el;total;total;població;;281
2018;Molins de Rei;total;homes;població;;12499
2018;Molins de Rei;total;dones;població;;13188
2018;Molins de Rei;total;total;població;;25687
2018;Mollerussa;total;homes;població;;7543
2018;Mollerussa;total;dones;població;;7197
2018;Mollerussa;total;total;població;;14740
2018;Mollet de Peralada;total;homes;població;;98
2018;Mollet de Peralada;total;dones;població;;92
2018;Mollet de Peralada;total;total;població;;190
2018;Mollet del Vallès;total;homes;població;;25152
2018;Mollet del Vallès;total;dones;població;;25981
2018;Mollet del Vallès;total;total;població;;51133
2018;Molló;total;homes;població;;159
2018;Molló;total;dones;població;;169
2018;Molló;total;total;població;;328
2018;Molsosa, la;total;homes;població;;54
2018;Molsosa, la;total;dones;població;;55
2018;Molsosa, la;total;total;població;;109
2018;Monistrol de Calders;total;homes;població;;357
2018;Monistrol de Calders;total;dones;població;;320
2018;Monistrol de Calders;total;total;població;;677
2018;Monistrol de Montserrat;total;homes;població;;1501
2018;Monistrol de Montserrat;total;dones;població;;1454
2018;Monistrol de Montserrat;total;total;població;;2955
2018;Montagut i Oix;total;homes;població;;475
2018;Montagut i Oix;total;dones;població;;424
2018;Montagut i Oix;total;total;població;;899
2018;Montblanc;total;homes;població;;3738
2018;Montblanc;total;dones;població;;3646
2018;Montblanc;total;total;població;;7384
2018;Montbrió del Camp;total;homes;població;;1456
2018;Montbrió del Camp;total;dones;població;;1372
2018;Montbrió del Camp;total;total;població;;2828
2018;Montcada i Reixac;total;homes;població;;17522
2018;Montcada i Reixac;total;dones;població;;18077
2018;Montcada i Reixac;total;total;població;;35599
2018;Montclar;total;homes;població;;66
2018;Montclar;total;dones;població;;63
2018;Montclar;total;total;població;;129
2018;Montellà i Martinet;total;homes;població;;307
2018;Montellà i Martinet;total;dones;població;;247
2018;Montellà i Martinet;total;total;població;;554
2018;Montesquiu;total;homes;població;;492
2018;Montesquiu;total;dones;població;;476
2018;Montesquiu;total;total;població;;968
2018;Montferrer i Castellbò;total;homes;població;;578
2018;Montferrer i Castellbò;total;dones;població;;496
2018;Montferrer i Castellbò;total;total;població;;1074
2018;Montferri;total;homes;població;;206
2018;Montferri;total;dones;població;;177
2018;Montferri;total;total;població;;383
2018;Montgai;total;homes;població;;327
2018;Montgai;total;dones;població;;308
2018;Montgai;total;total;població;;635
2018;Montgat;total;homes;població;;5832
2018;Montgat;total;dones;població;;5987
2018;Montgat;total;total;població;;11819
2018;Montmajor;total;homes;població;;237
2018;Montmajor;total;dones;població;;228
2018;Montmajor;total;total;població;;465
2018;Montmaneu;total;homes;població;;88
2018;Montmaneu;total;dones;població;;66
2018;Montmaneu;total;total;població;;154
2018;Montmell, el;total;homes;població;;764
2018;Montmell, el;total;dones;població;;673
2018;Montmell, el;total;total;població;;1437
2018;Montmeló;total;homes;població;;4298
2018;Montmeló;total;dones;població;;4486
2018;Montmeló;total;total;població;;8784
2018;Montoliu de Lleida;total;homes;població;;236
2018;Montoliu de Lleida;total;dones;població;;233
2018;Montoliu de Lleida;total;total;població;;469
2018;Montoliu de Segarra;total;homes;població;;105
2018;Montoliu de Segarra;total;dones;població;;85
2018;Montoliu de Segarra;total;total;població;;190
2018;Montornès de Segarra;total;homes;població;;46
2018;Montornès de Segarra;total;dones;població;;52
2018;Montornès de Segarra;total;total;població;;98
2018;Montornès del Vallès;total;homes;població;;8167
2018;Montornès del Vallès;total;dones;població;;8096
2018;Montornès del Vallès;total;total;població;;16263
2018;Mont-ral;total;homes;població;;98
2018;Mont-ral;total;dones;població;;69
2018;Mont-ral;total;total;població;;167
2018;Mont-ras;total;homes;població;;858
2018;Mont-ras;total;dones;població;;833
2018;Mont-ras;total;total;població;;1691
2018;Mont-roig del Camp;total;homes;població;;6140
2018;Mont-roig del Camp;total;dones;població;;5669
2018;Mont-roig del Camp;total;total;població;;11809
2018;Montseny;total;homes;població;;166
2018;Montseny;total;dones;població;;155
2018;Montseny;total;total;població;;321
2018;Móra d'Ebre;total;homes;població;;2798
2018;Móra d'Ebre;total;dones;població;;2844
2018;Móra d'Ebre;total;total;població;;5642
2018;Móra la Nova;total;homes;població;;1525
2018;Móra la Nova;total;dones;població;;1546
2018;Móra la Nova;total;total;població;;3071
2018;Morell, el;total;homes;població;;1848
2018;Morell, el;total;dones;població;;1801
2018;Morell, el;total;total;població;;3649
2018;Morera de Montsant, la;total;homes;població;;87
2018;Morera de Montsant, la;total;dones;població;;70
2018;Morera de Montsant, la;total;total;població;;157
2018;Muntanyola;total;homes;població;;316
2018;Muntanyola;total;dones;població;;304
2018;Muntanyola;total;total;població;;620
2018;Mura;total;homes;població;;121
2018;Mura;total;dones;població;;102
2018;Mura;total;total;població;;223
2018;Nalec;total;homes;població;;52
2018;Nalec;total;dones;població;;41
2018;Nalec;total;total;població;;93
2018;Naut Aran;total;homes;població;;928
2018;Naut Aran;total;dones;població;;862
2018;Naut Aran;total;total;població;;1790
2018;Navarcles;total;homes;població;;2917
2018;Navarcles;total;dones;població;;3049
2018;Navarcles;total;total;població;;5966
2018;Navàs;total;homes;població;;2988
2018;Navàs;total;dones;població;;3035
2018;Navàs;total;total;població;;6023
2018;Navata;total;homes;població;;647
2018;Navata;total;dones;població;;666
2018;Navata;total;total;població;;1313
2018;Navès;total;homes;població;;147
2018;Navès;total;dones;població;;144
2018;Navès;total;total;població;;291
2018;Nou de Berguedà, la;total;homes;població;;81
2018;Nou de Berguedà, la;total;dones;població;;79
2018;Nou de Berguedà, la;total;total;població;;160
2018;Nou de Gaià, la;total;homes;població;;282
2018;Nou de Gaià, la;total;dones;població;;288
2018;Nou de Gaià, la;total;total;població;;570
2018;Nulles;total;homes;població;;256
2018;Nulles;total;dones;població;;221
2018;Nulles;total;total;població;;477
2018;Odèn;total;homes;població;;153
2018;Odèn;total;dones;població;;107
2018;Odèn;total;total;població;;260
2018;Òdena;total;homes;població;;1847
2018;Òdena;total;dones;població;;1761
2018;Òdena;total;total;població;;3608
2018;Ogassa;total;homes;població;;129
2018;Ogassa;total;dones;població;;97
2018;Ogassa;total;total;població;;226
2018;Olèrdola;total;homes;població;;1855
2018;Olèrdola;total;dones;població;;1756
2018;Olèrdola;total;total;població;;3611
2018;Olesa de Bonesvalls;total;homes;població;;941
2018;Olesa de Bonesvalls;total;dones;població;;846
2018;Olesa de Bonesvalls;total;total;població;;1787
2018;Olesa de Montserrat;total;homes;població;;11860
2018;Olesa de Montserrat;total;dones;població;;11919
2018;Olesa de Montserrat;total;total;població;;23779
2018;Oliana;total;homes;població;;900
2018;Oliana;total;dones;població;;887
2018;Oliana;total;total;població;;1787
2018;Oliola;total;homes;població;;108
2018;Oliola;total;dones;població;;94
2018;Oliola;total;total;població;;202
2018;Olius;total;homes;població;;508
2018;Olius;total;dones;població;;453
2018;Olius;total;total;població;;961
2018;Olivella;total;homes;població;;1962
2018;Olivella;total;dones;població;;1767
2018;Olivella;total;total;població;;3729
2018;Olost;total;homes;població;;587
2018;Olost;total;dones;població;;601
2018;Olost;total;total;població;;1188
2018;Olot;total;homes;població;;17139
2018;Olot;total;dones;població;;17347
2018;Olot;total;total;població;;34486
2018;Oluges, les;total;homes;població;;90
2018;Oluges, les;total;dones;població;;82
2018;Oluges, les;total;total;població;;172
2018;Olvan;total;homes;població;;405
2018;Olvan;total;dones;població;;432
2018;Olvan;total;total;població;;837
2018;Omellons, els;total;homes;població;;114
2018;Omellons, els;total;dones;població;;98
2018;Omellons, els;total;total;població;;212
2018;Omells de na Gaia, els;total;homes;població;;73
2018;Omells de na Gaia, els;total;dones;població;;61
2018;Omells de na Gaia, els;total;total;població;;134
2018;Ordis;total;homes;població;;202
2018;Ordis;total;dones;població;;180
2018;Ordis;total;total;població;;382
2018;Organyà;total;homes;població;;396
2018;Organyà;total;dones;població;;396
2018;Organyà;total;total;població;;792
2018;Orís;total;homes;població;;156
2018;Orís;total;dones;població;;154
2018;Orís;total;total;població;;310
2018;Oristà;total;homes;població;;268
2018;Oristà;total;dones;població;;269
2018;Oristà;total;total;població;;537
2018;Orpí;total;homes;població;;75
2018;Orpí;total;dones;població;;61
2018;Orpí;total;total;població;;136
2018;Òrrius;total;homes;població;;375
2018;Òrrius;total;dones;població;;355
2018;Òrrius;total;total;població;;730
2018;Os de Balaguer;total;homes;població;;512
2018;Os de Balaguer;total;dones;població;;497
2018;Os de Balaguer;total;total;població;;1009
2018;Osor;total;homes;població;;217
2018;Osor;total;dones;població;;199
2018;Osor;total;total;població;;416
2018;Ossó de Sió;total;homes;població;;104
2018;Ossó de Sió;total;dones;població;;101
2018;Ossó de Sió;total;total;població;;205
2018;Pacs del Penedès;total;homes;població;;455
2018;Pacs del Penedès;total;dones;població;;453
2018;Pacs del Penedès;total;total;població;;908
2018;Palafolls;total;homes;població;;4652
2018;Palafolls;total;dones;població;;4604
2018;Palafolls;total;total;població;;9256
2018;Palafrugell;total;homes;població;;11322
2018;Palafrugell;total;dones;població;;11538
2018;Palafrugell;total;total;població;;22860
2018;Palamós;total;homes;població;;8742
2018;Palamós;total;dones;població;;9156
2018;Palamós;total;total;població;;17898
2018;Palau d'Anglesola, el;total;homes;població;;1070
2018;Palau d'Anglesola, el;total;dones;població;;1093
2018;Palau d'Anglesola, el;total;total;població;;2163
2018;Palau de Santa Eulàlia;total;homes;població;;56
2018;Palau de Santa Eulàlia;total;dones;població;;39
2018;Palau de Santa Eulàlia;total;total;població;;95
2018;Palau-sator;total;homes;població;;160
2018;Palau-sator;total;dones;població;;135
2018;Palau-sator;total;total;població;;295
2018;Palau-saverdera;total;homes;població;;718
2018;Palau-saverdera;total;dones;població;;721
2018;Palau-saverdera;total;total;població;;1439
2018;Palau-solità i Plegamans;total;homes;població;;7160
2018;Palau-solità i Plegamans;total;dones;població;;7476
2018;Palau-solità i Plegamans;total;total;població;;14636
2018;Pallaresos, els;total;homes;població;;2384
2018;Pallaresos, els;total;dones;població;;2355
2018;Pallaresos, els;total;total;població;;4739
2018;Pallejà;total;homes;població;;5725
2018;Pallejà;total;dones;població;;5761
2018;Pallejà;total;total;població;;11486
2018;Palma d'Ebre, la;total;homes;població;;168
2018;Palma d'Ebre, la;total;dones;població;;185
2018;Palma d'Ebre, la;total;total;població;;353
2018;Palma de Cervelló, la;total;homes;població;;1458
2018;Palma de Cervelló, la;total;dones;població;;1524
2018;Palma de Cervelló, la;total;total;població;;2982
2018;Palol de Revardit;total;homes;població;;229
2018;Palol de Revardit;total;dones;població;;238
2018;Palol de Revardit;total;total;població;;467
2018;Pals;total;homes;població;;1246
2018;Pals;total;dones;població;;1215
2018;Pals;total;total;població;;2461
2018;Papiol, el;total;homes;població;;2031
2018;Papiol, el;total;dones;població;;2072
2018;Papiol, el;total;total;població;;4103
2018;Pardines;total;homes;població;;90
2018;Pardines;total;dones;població;;72
2018;Pardines;total;total;població;;162
2018;Parets del Vallès;total;homes;població;;9551
2018;Parets del Vallès;total;dones;població;;9490
2018;Parets del Vallès;total;total;població;;19041
2018;Parlavà;total;homes;població;;200
2018;Parlavà;total;dones;població;;194
2018;Parlavà;total;total;població;;394
2018;Passanant i Belltall;total;homes;població;;87
2018;Passanant i Belltall;total;dones;població;;63
2018;Passanant i Belltall;total;total;població;;150
2018;Pau;total;homes;població;;278
2018;Pau;total;dones;població;;269
2018;Pau;total;total;població;;547
2018;Paüls;total;homes;població;;274
2018;Paüls;total;dones;població;;287
2018;Paüls;total;total;població;;561
2018;Pedret i Marzà;total;homes;població;;101
2018;Pedret i Marzà;total;dones;població;;94
2018;Pedret i Marzà;total;total;població;;195
2018;Penelles;total;homes;població;;266
2018;Penelles;total;dones;població;;196
2018;Penelles;total;total;població;;462
2018;Pera, la;total;homes;població;;216
2018;Pera, la;total;dones;població;;231
2018;Pera, la;total;total;població;;447
2018;Perafita;total;homes;població;;210
2018;Perafita;total;dones;població;;202
2018;Perafita;total;total;població;;412
2018;Perafort;total;homes;població;;657
2018;Perafort;total;dones;població;;608
2018;Perafort;total;total;població;;1265
2018;Peralada;total;homes;població;;916
2018;Peralada;total;dones;població;;952
2018;Peralada;total;total;població;;1868
2018;Peramola;total;homes;població;;175
2018;Peramola;total;dones;població;;178
2018;Peramola;total;total;població;;353
2018;Perelló, el;total;homes;població;;1478
2018;Perelló, el;total;dones;població;;1385
2018;Perelló, el;total;total;població;;2863
2018;Piera;total;homes;població;;7848
2018;Piera;total;dones;població;;7514
2018;Piera;total;total;població;;15362
2018;Piles, les;total;homes;població;;115
2018;Piles, les;total;dones;població;;95
2018;Piles, les;total;total;població;;210
2018;Pineda de Mar;total;homes;població;;13254
2018;Pineda de Mar;total;dones;població;;13405
2018;Pineda de Mar;total;total;població;;26659
2018;Pinell de Brai, el;total;homes;població;;501
2018;Pinell de Brai, el;total;dones;població;;497
2018;Pinell de Brai, el;total;total;població;;998
2018;Pinell de Solsonès;total;homes;població;;119
2018;Pinell de Solsonès;total;dones;població;;84
2018;Pinell de Solsonès;total;total;població;;203
2018;Pinós;total;homes;població;;155
2018;Pinós;total;dones;població;;143
2018;Pinós;total;total;població;;298
2018;Pira;total;homes;població;;268
2018;Pira;total;dones;població;;235
2018;Pira;total;total;població;;503
2018;Pla de Santa Maria, el;total;homes;població;;1195
2018;Pla de Santa Maria, el;total;dones;població;;1110
2018;Pla de Santa Maria, el;total;total;població;;2305
2018;Pla del Penedès, el;total;homes;població;;634
2018;Pla del Penedès, el;total;dones;població;;625
2018;Pla del Penedès, el;total;total;població;;1259
2018;Planes d'Hostoles, les;total;homes;població;;843
2018;Planes d'Hostoles, les;total;dones;població;;817
2018;Planes d'Hostoles, les;total;total;població;;1660
2018;Planoles;total;homes;població;;170
2018;Planoles;total;dones;població;;133
2018;Planoles;total;total;població;;303
2018;Plans de Sió, els;total;homes;població;;269
2018;Plans de Sió, els;total;dones;població;;238
2018;Plans de Sió, els;total;total;població;;507
2018;Poal, el;total;homes;població;;325
2018;Poal, el;total;dones;població;;301
2018;Poal, el;total;total;població;;626
2018;Pobla de Cérvoles, la;total;homes;població;;107
2018;Pobla de Cérvoles, la;total;dones;població;;84
2018;Pobla de Cérvoles, la;total;total;població;;191
2018;Pobla de Claramunt, la;total;homes;població;;1109
2018;Pobla de Claramunt, la;total;dones;població;;1068
2018;Pobla de Claramunt, la;total;total;població;;2177
2018;Pobla de Lillet, la;total;homes;població;;535
2018;Pobla de Lillet, la;total;dones;població;;566
2018;Pobla de Lillet, la;total;total;població;;1101
2018;Pobla de Mafumet, la;total;homes;població;;1981
2018;Pobla de Mafumet, la;total;dones;població;;1912
2018;Pobla de Mafumet, la;total;total;població;;3893
2018;Pobla de Massaluca, la;total;homes;població;;180
2018;Pobla de Massaluca, la;total;dones;població;;148
2018;Pobla de Massaluca, la;total;total;població;;328
2018;Pobla de Montornès, la;total;homes;població;;1485
2018;Pobla de Montornès, la;total;dones;població;;1343
2018;Pobla de Montornès, la;total;total;població;;2828
2018;Pobla de Segur, la;total;homes;població;;1448
2018;Pobla de Segur, la;total;dones;població;;1491
2018;Pobla de Segur, la;total;total;població;;2939
2018;Poboleda;total;homes;població;;182
2018;Poboleda;total;dones;població;;153
2018;Poboleda;total;total;població;;335
2018;Polinyà;total;homes;població;;4230
2018;Polinyà;total;dones;població;;4159
2018;Polinyà;total;total;població;;8389
2018;Pont d'Armentera, el;total;homes;població;;259
2018;Pont d'Armentera, el;total;dones;població;;253
2018;Pont d'Armentera, el;total;total;població;;512
2018;Pont de Bar, el;total;homes;població;;97
2018;Pont de Bar, el;total;dones;població;;74
2018;Pont de Bar, el;total;total;població;;171
2018;Pont de Molins;total;homes;població;;265
2018;Pont de Molins;total;dones;població;;265
2018;Pont de Molins;total;total;població;;530
2018;Pont de Suert, el;total;homes;població;;1107
2018;Pont de Suert, el;total;dones;població;;1109
2018;Pont de Suert, el;total;total;població;;2216
2018;Pont de Vilomara i Rocafort, el;total;homes;població;;1959
2018;Pont de Vilomara i Rocafort, el;total;dones;població;;1842
2018;Pont de Vilomara i Rocafort, el;total;total;població;;3801
2018;Pontils;total;homes;població;;63
2018;Pontils;total;dones;població;;51
2018;Pontils;total;total;població;;114
2018;Pontons;total;homes;població;;258
2018;Pontons;total;dones;població;;200
2018;Pontons;total;total;població;;458
2018;Pontós;total;homes;població;;135
2018;Pontós;total;dones;població;;112
2018;Pontós;total;total;població;;247
2018;Ponts;total;homes;població;;1299
2018;Ponts;total;dones;població;;1305
2018;Ponts;total;total;població;;2604
2018;Porqueres;total;homes;població;;2281
2018;Porqueres;total;dones;població;;2314
2018;Porqueres;total;total;població;;4595
2018;Porrera;total;homes;població;;232
2018;Porrera;total;dones;població;;209
2018;Porrera;total;total;població;;441
2018;Port de la Selva, el;total;homes;població;;502
2018;Port de la Selva, el;total;dones;població;;478
2018;Port de la Selva, el;total;total;població;;980
2018;Portbou;total;homes;població;;525
2018;Portbou;total;dones;població;;552
2018;Portbou;total;total;població;;1077
2018;Portella, la;total;homes;població;;399
2018;Portella, la;total;dones;població;;304
2018;Portella, la;total;total;població;;703
2018;Pradell de la Teixeta;total;homes;població;;71
2018;Pradell de la Teixeta;total;dones;població;;88
2018;Pradell de la Teixeta;total;total;població;;159
2018;Prades;total;homes;població;;307
2018;Prades;total;dones;població;;282
2018;Prades;total;total;població;;589
2018;Prat de Comte;total;homes;població;;96
2018;Prat de Comte;total;dones;població;;83
2018;Prat de Comte;total;total;població;;179
2018;Prat de Llobregat, el;total;homes;població;;31413
2018;Prat de Llobregat, el;total;dones;població;;32719
2018;Prat de Llobregat, el;total;total;població;;64132
2018;Pratdip;total;homes;població;;374
2018;Pratdip;total;dones;població;;335
2018;Pratdip;total;total;població;;709
2018;Prats de Lluçanès;total;homes;població;;1273
2018;Prats de Lluçanès;total;dones;població;;1264
2018;Prats de Lluçanès;total;total;població;;2537
2018;Prats de Rei, els;total;homes;població;;288
2018;Prats de Rei, els;total;dones;població;;257
2018;Prats de Rei, els;total;total;població;;545
2018;Prats i Sansor;total;homes;població;;121
2018;Prats i Sansor;total;dones;població;;110
2018;Prats i Sansor;total;total;població;;231
2018;Preixana;total;homes;població;;198
2018;Preixana;total;dones;població;;187
2018;Preixana;total;total;població;;385
2018;Preixens;total;homes;població;;217
2018;Preixens;total;dones;població;;211
2018;Preixens;total;total;població;;428
2018;Premià de Dalt;total;homes;població;;5206
2018;Premià de Dalt;total;dones;població;;5223
2018;Premià de Dalt;total;total;població;;10429
2018;Premià de Mar;total;homes;població;;13720
2018;Premià de Mar;total;dones;població;;14351
2018;Premià de Mar;total;total;població;;28071
2018;Preses, les;total;homes;població;;873
2018;Preses, les;total;dones;població;;890
2018;Preses, les;total;total;població;;1763
2018;Prullans;total;homes;població;;109
2018;Prullans;total;dones;població;;115
2018;Prullans;total;total;població;;224
2018;Puigcerdà;total;homes;població;;4475
2018;Puigcerdà;total;dones;població;;4506
2018;Puigcerdà;total;total;població;;8981
2018;Puigdàlber;total;homes;població;;257
2018;Puigdàlber;total;dones;població;;261
2018;Puigdàlber;total;total;població;;518
2018;Puiggròs;total;homes;població;;136
2018;Puiggròs;total;dones;població;;136
2018;Puiggròs;total;total;població;;272
2018;Puigpelat;total;homes;població;;586
2018;Puigpelat;total;dones;població;;565
2018;Puigpelat;total;total;població;;1151
2018;Puig-reig;total;homes;població;;2024
2018;Puig-reig;total;dones;població;;2070
2018;Puig-reig;total;total;població;;4094
2018;Puigverd d'Agramunt;total;homes;població;;131
2018;Puigverd d'Agramunt;total;dones;població;;100
2018;Puigverd d'Agramunt;total;total;població;;231
2018;Puigverd de Lleida;total;homes;població;;700
2018;Puigverd de Lleida;total;dones;població;;663
2018;Puigverd de Lleida;total;total;població;;1363
2018;Pujalt;total;homes;població;;113
2018;Pujalt;total;dones;població;;94
2018;Pujalt;total;total;població;;207
2018;Quar, la;total;homes;població;;32
2018;Quar, la;total;dones;població;;28
2018;Quar, la;total;total;població;;60
2018;Quart;total;homes;població;;1825
2018;Quart;total;dones;població;;1815
2018;Quart;total;total;població;;3640
2018;Queralbs;total;homes;població;;103
2018;Queralbs;total;dones;població;;83
2018;Queralbs;total;total;població;;186
2018;Querol;total;homes;població;;296
2018;Querol;total;dones;població;;225
2018;Querol;total;total;població;;521
2018;Rabós;total;homes;població;;90
2018;Rabós;total;dones;població;;89
2018;Rabós;total;total;població;;179
2018;Rajadell;total;homes;població;;274
2018;Rajadell;total;dones;població;;265
2018;Rajadell;total;total;població;;539
2018;Ràpita, la;total;homes;població;;7123
2018;Ràpita, la;total;dones;població;;7488
2018;Ràpita, la;total;total;població;;14611
2018;Rasquera;total;homes;població;;387
2018;Rasquera;total;dones;població;;400
2018;Rasquera;total;total;població;;787
2018;Regencós;total;homes;població;;142
2018;Regencós;total;dones;població;;134
2018;Regencós;total;total;població;;276
2018;Rellinars;total;homes;població;;386
2018;Rellinars;total;dones;població;;361
2018;Rellinars;total;total;població;;747
2018;Renau;total;homes;població;;80
2018;Renau;total;dones;població;;73
2018;Renau;total;total;població;;153
2018;Reus;total;homes;població;;50030
2018;Reus;total;dones;població;;53447
2018;Reus;total;total;població;;103477
2018;Rialp;total;homes;població;;338
2018;Rialp;total;dones;població;;325
2018;Rialp;total;total;població;;663
2018;Riba, la;total;homes;població;;318
2018;Riba, la;total;dones;població;;258
2018;Riba, la;total;total;població;;576
2018;Riba-roja d'Ebre;total;homes;població;;589
2018;Riba-roja d'Ebre;total;dones;població;;523
2018;Riba-roja d'Ebre;total;total;població;;1112
2018;Ribera d'Ondara;total;homes;població;;215
2018;Ribera d'Ondara;total;dones;població;;207
2018;Ribera d'Ondara;total;total;població;;422
2018;Ribera d'Urgellet;total;homes;població;;478
2018;Ribera d'Urgellet;total;dones;població;;445
2018;Ribera d'Urgellet;total;total;població;;923
2018;Ribes de Freser;total;homes;població;;879
2018;Ribes de Freser;total;dones;població;;887
2018;Ribes de Freser;total;total;població;;1766
2018;Riells i Viabrea;total;homes;població;;2060
2018;Riells i Viabrea;total;dones;població;;1942
2018;Riells i Viabrea;total;total;població;;4002
2018;Riera de Gaià, la;total;homes;població;;845
2018;Riera de Gaià, la;total;dones;població;;856
2018;Riera de Gaià, la;total;total;població;;1701
2018;Riner;total;homes;població;;130
2018;Riner;total;dones;població;;131
2018;Riner;total;total;població;;261
2018;Ripoll;total;homes;població;;5251
2018;Ripoll;total;dones;població;;5381
2018;Ripoll;total;total;població;;10632
2018;Ripollet;total;homes;població;;18980
2018;Ripollet;total;dones;població;;19367
2018;Ripollet;total;total;població;;38347
2018;Riu de Cerdanya;total;homes;població;;55
2018;Riu de Cerdanya;total;dones;població;;39
2018;Riu de Cerdanya;total;total;població;;94
2018;Riudarenes;total;homes;població;;1125
2018;Riudarenes;total;dones;població;;1056
2018;Riudarenes;total;total;població;;2181
2018;Riudaura;total;homes;població;;224
2018;Riudaura;total;dones;població;;238
2018;Riudaura;total;total;població;;462
2018;Riudecanyes;total;homes;població;;591
2018;Riudecanyes;total;dones;població;;540
2018;Riudecanyes;total;total;població;;1131
2018;Riudecols;total;homes;població;;622
2018;Riudecols;total;dones;població;;564
2018;Riudecols;total;total;població;;1186
2018;Riudellots de la Selva;total;homes;població;;1053
2018;Riudellots de la Selva;total;dones;població;;1006
2018;Riudellots de la Selva;total;total;població;;2059
2018;Riudoms;total;homes;població;;3375
2018;Riudoms;total;dones;població;;3190
2018;Riudoms;total;total;població;;6565
2018;Riumors;total;homes;població;;132
2018;Riumors;total;dones;població;;131
2018;Riumors;total;total;població;;263
2018;Roca del Vallès, la;total;homes;població;;5314
2018;Roca del Vallès, la;total;dones;població;;5352
2018;Roca del Vallès, la;total;total;població;;10666
2018;Rocafort de Queralt;total;homes;població;;140
2018;Rocafort de Queralt;total;dones;població;;120
2018;Rocafort de Queralt;total;total;població;;260
2018;Roda de Berà;total;homes;població;;3305
2018;Roda de Berà;total;dones;població;;3156
2018;Roda de Berà;total;total;població;;6461
2018;Roda de Ter;total;homes;població;;3039
2018;Roda de Ter;total;dones;població;;3158
2018;Roda de Ter;total;total;població;;6197
2018;Rodonyà;total;homes;població;;258
2018;Rodonyà;total;dones;població;;222
2018;Rodonyà;total;total;població;;480
2018;Roquetes;total;homes;població;;4111
2018;Roquetes;total;dones;població;;3850
2018;Roquetes;total;total;població;;7961
2018;Roses;total;homes;població;;9713
2018;Roses;total;dones;població;;9606
2018;Roses;total;total;població;;19319
2018;Rosselló;total;homes;població;;1571
2018;Rosselló;total;dones;població;;1559
2018;Rosselló;total;total;població;;3130
2018;Rourell, el;total;homes;població;;197
2018;Rourell, el;total;dones;població;;187
2018;Rourell, el;total;total;població;;384
2018;Rubí;total;homes;població;;37840
2018;Rubí;total;dones;població;;38583
2018;Rubí;total;total;població;;76423
2018;Rubió;total;homes;població;;129
2018;Rubió;total;dones;població;;103
2018;Rubió;total;total;població;;232
2018;Rupià;total;homes;població;;135
2018;Rupià;total;dones;població;;134
2018;Rupià;total;total;població;;269
2018;Rupit i Pruit;total;homes;població;;139
2018;Rupit i Pruit;total;dones;població;;140
2018;Rupit i Pruit;total;total;població;;279
2018;Sabadell;total;homes;població;;102927
2018;Sabadell;total;dones;població;;108807
2018;Sabadell;total;total;població;;211734
2018;Sagàs;total;homes;població;;90
2018;Sagàs;total;dones;població;;71
2018;Sagàs;total;total;població;;161
2018;Salàs de Pallars;total;homes;població;;174
2018;Salàs de Pallars;total;dones;població;;150
2018;Salàs de Pallars;total;total;població;;324
2018;Saldes;total;homes;població;;154
2018;Saldes;total;dones;població;;111
2018;Saldes;total;total;població;;265
2018;Sales de Llierca;total;homes;població;;76
2018;Sales de Llierca;total;dones;població;;75
2018;Sales de Llierca;total;total;població;;151
2018;Sallent;total;homes;població;;3194
2018;Sallent;total;dones;població;;3442
2018;Sallent;total;total;població;;6636
2018;Salomó;total;homes;població;;298
2018;Salomó;total;dones;població;;266
2018;Salomó;total;total;població;;564
2018;Salou;total;homes;població;;13856
2018;Salou;total;dones;població;;12919
2018;Salou;total;total;població;;26775
2018;Salt;total;homes;població;;16048
2018;Salt;total;dones;població;;14574
2018;Salt;total;total;població;;30622
2018;Sanaüja;total;homes;població;;206
2018;Sanaüja;total;dones;població;;187
2018;Sanaüja;total;total;població;;393
2018;Sant Adrià de Besòs;total;homes;població;;18028
2018;Sant Adrià de Besòs;total;dones;població;;18641
2018;Sant Adrià de Besòs;total;total;població;;36669
2018;Sant Agustí de Lluçanès;total;homes;població;;44
2018;Sant Agustí de Lluçanès;total;dones;població;;43
2018;Sant Agustí de Lluçanès;total;total;població;;87
2018;Sant Andreu de la Barca;total;homes;població;;13552
2018;Sant Andreu de la Barca;total;dones;població;;13780
2018;Sant Andreu de la Barca;total;total;població;;27332
2018;Sant Andreu de Llavaneres;total;homes;població;;5370
2018;Sant Andreu de Llavaneres;total;dones;població;;5507
2018;Sant Andreu de Llavaneres;total;total;població;;10877
2018;Sant Andreu Salou;total;homes;població;;82
2018;Sant Andreu Salou;total;dones;població;;74
2018;Sant Andreu Salou;total;total;població;;156
2018;Sant Aniol de Finestres;total;homes;població;;186
2018;Sant Aniol de Finestres;total;dones;població;;165
2018;Sant Aniol de Finestres;total;total;població;;351
2018;Sant Antoni de Vilamajor;total;homes;població;;3032
2018;Sant Antoni de Vilamajor;total;dones;població;;3063
2018;Sant Antoni de Vilamajor;total;total;població;;6095
2018;Sant Bartomeu del Grau;total;homes;població;;446
2018;Sant Bartomeu del Grau;total;dones;població;;394
2018;Sant Bartomeu del Grau;total;total;població;;840
2018;Sant Boi de Llobregat;total;homes;població;;40601
2018;Sant Boi de Llobregat;total;dones;població;;42303
2018;Sant Boi de Llobregat;total;total;població;;82904
2018;Sant Boi de Lluçanès;total;homes;població;;260
2018;Sant Boi de Lluçanès;total;dones;població;;272
2018;Sant Boi de Lluçanès;total;total;població;;532
2018;Sant Cebrià de Vallalta;total;homes;població;;1743
2018;Sant Cebrià de Vallalta;total;dones;població;;1601
2018;Sant Cebrià de Vallalta;total;total;població;;3344
2018;Sant Celoni;total;homes;població;;8833
2018;Sant Celoni;total;dones;població;;8921
2018;Sant Celoni;total;total;població;;17754
2018;Sant Climent de Llobregat;total;homes;població;;2074
2018;Sant Climent de Llobregat;total;dones;població;;2033
2018;Sant Climent de Llobregat;total;total;població;;4107
2018;Sant Climent Sescebes;total;homes;població;;368
2018;Sant Climent Sescebes;total;dones;població;;267
2018;Sant Climent Sescebes;total;total;població;;635
2018;Sant Cugat del Vallès;total;homes;població;;44106
2018;Sant Cugat del Vallès;total;dones;població;;46558
2018;Sant Cugat del Vallès;total;total;població;;90664
2018;Sant Cugat Sesgarrigues;total;homes;població;;474
2018;Sant Cugat Sesgarrigues;total;dones;població;;515
2018;Sant Cugat Sesgarrigues;total;total;població;;989
2018;Sant Esteve de la Sarga;total;homes;població;;78
2018;Sant Esteve de la Sarga;total;dones;població;;51
2018;Sant Esteve de la Sarga;total;total;població;;129
2018;Sant Esteve de Palautordera;total;homes;població;;1359
2018;Sant Esteve de Palautordera;total;dones;població;;1390
2018;Sant Esteve de Palautordera;total;total;població;;2749
2018;Sant Esteve Sesrovires;total;homes;població;;3920
2018;Sant Esteve Sesrovires;total;dones;població;;3880
2018;Sant Esteve Sesrovires;total;total;població;;7800
2018;Sant Feliu de Buixalleu;total;homes;població;;419
2018;Sant Feliu de Buixalleu;total;dones;població;;385
2018;Sant Feliu de Buixalleu;total;total;població;;804
2018;Sant Feliu de Codines;total;homes;població;;3132
2018;Sant Feliu de Codines;total;dones;població;;3052
2018;Sant Feliu de Codines;total;total;població;;6184
2018;Sant Feliu de Guíxols;total;homes;població;;10761
2018;Sant Feliu de Guíxols;total;dones;població;;11063
2018;Sant Feliu de Guíxols;total;total;població;;21824
2018;Sant Feliu de Llobregat;total;homes;població;;21536
2018;Sant Feliu de Llobregat;total;dones;població;;22938
2018;Sant Feliu de Llobregat;total;total;població;;44474
2018;Sant Feliu de Pallerols;total;homes;població;;648
2018;Sant Feliu de Pallerols;total;dones;població;;695
2018;Sant Feliu de Pallerols;total;total;població;;1343
2018;Sant Feliu Sasserra;total;homes;població;;316
2018;Sant Feliu Sasserra;total;dones;població;;284
2018;Sant Feliu Sasserra;total;total;població;;600
2018;Sant Ferriol;total;homes;població;;125
2018;Sant Ferriol;total;dones;població;;120
2018;Sant Ferriol;total;total;població;;245
2018;Sant Fost de Campsentelles;total;homes;població;;4330
2018;Sant Fost de Campsentelles;total;dones;població;;4392
2018;Sant Fost de Campsentelles;total;total;població;;8722
2018;Sant Fruitós de Bages;total;homes;població;;4256
2018;Sant Fruitós de Bages;total;dones;població;;4337
2018;Sant Fruitós de Bages;total;total;població;;8593
2018;Sant Gregori;total;homes;població;;1916
2018;Sant Gregori;total;dones;població;;1824
2018;Sant Gregori;total;total;població;;3740
2018;Sant Guim de Freixenet;total;homes;població;;546
2018;Sant Guim de Freixenet;total;dones;població;;494
2018;Sant Guim de Freixenet;total;total;població;;1040
2018;Sant Guim de la Plana;total;homes;població;;101
2018;Sant Guim de la Plana;total;dones;població;;76
2018;Sant Guim de la Plana;total;total;població;;177
2018;Sant Hilari Sacalm;total;homes;població;;2818
2018;Sant Hilari Sacalm;total;dones;població;;2773
2018;Sant Hilari Sacalm;total;total;població;;5591
2018;Sant Hipòlit de Voltregà;total;homes;població;;1721
2018;Sant Hipòlit de Voltregà;total;dones;població;;1754
2018;Sant Hipòlit de Voltregà;total;total;població;;3475
2018;Sant Iscle de Vallalta;total;homes;població;;677
2018;Sant Iscle de Vallalta;total;dones;població;;636
2018;Sant Iscle de Vallalta;total;total;població;;1313
2018;Sant Jaume d'Enveja;total;homes;població;;1734
2018;Sant Jaume d'Enveja;total;dones;població;;1747
2018;Sant Jaume d'Enveja;total;total;població;;3481
2018;Sant Jaume de Frontanyà;total;homes;població;;18
2018;Sant Jaume de Frontanyà;total;dones;població;;12
2018;Sant Jaume de Frontanyà;total;total;població;;30
2018;Sant Jaume de Llierca;total;homes;població;;406
2018;Sant Jaume de Llierca;total;dones;població;;434
2018;Sant Jaume de Llierca;total;total;població;;840
2018;Sant Jaume dels Domenys;total;homes;població;;1314
2018;Sant Jaume dels Domenys;total;dones;població;;1237
2018;Sant Jaume dels Domenys;total;total;població;;2551
2018;Sant Joan de les Abadesses;total;homes;població;;1606
2018;Sant Joan de les Abadesses;total;dones;població;;1618
2018;Sant Joan de les Abadesses;total;total;població;;3224
2018;Sant Joan de Mollet;total;homes;població;;241
2018;Sant Joan de Mollet;total;dones;població;;261
2018;Sant Joan de Mollet;total;total;població;;502
2018;Sant Joan de Vilatorrada;total;homes;població;;5422
2018;Sant Joan de Vilatorrada;total;dones;població;;5398
2018;Sant Joan de Vilatorrada;total;total;població;;10820
2018;Sant Joan Despí;total;homes;població;;16569
2018;Sant Joan Despí;total;dones;població;;17515
2018;Sant Joan Despí;total;total;població;;34084
2018;Sant Joan les Fonts;total;homes;població;;1506
2018;Sant Joan les Fonts;total;dones;població;;1460
2018;Sant Joan les Fonts;total;total;població;;2966
2018;Sant Jordi Desvalls;total;homes;població;;359
2018;Sant Jordi Desvalls;total;dones;població;;372
2018;Sant Jordi Desvalls;total;total;població;;731
2018;Sant Julià de Cerdanyola;total;homes;població;;133
2018;Sant Julià de Cerdanyola;total;dones;població;;111
2018;Sant Julià de Cerdanyola;total;total;població;;244
2018;Sant Julià de Ramis;total;homes;població;;1749
2018;Sant Julià de Ramis;total;dones;població;;1712
2018;Sant Julià de Ramis;total;total;població;;3461
2018;Sant Julià de Vilatorta;total;homes;població;;1529
2018;Sant Julià de Vilatorta;total;dones;població;;1567
2018;Sant Julià de Vilatorta;total;total;població;;3096
2018;Sant Julià del Llor i Bonmatí;total;homes;població;;656
2018;Sant Julià del Llor i Bonmatí;total;dones;població;;619
2018;Sant Julià del Llor i Bonmatí;total;total;població;;1275
2018;Sant Just Desvern;total;homes;població;;8361
2018;Sant Just Desvern;total;dones;població;;9133
2018;Sant Just Desvern;total;total;població;;17494
2018;Sant Llorenç d'Hortons;total;homes;població;;1323
2018;Sant Llorenç d'Hortons;total;dones;població;;1275
2018;Sant Llorenç d'Hortons;total;total;població;;2598
2018;Sant Llorenç de la Muga;total;homes;població;;131
2018;Sant Llorenç de la Muga;total;dones;població;;120
2018;Sant Llorenç de la Muga;total;total;població;;251
2018;Sant Llorenç de Morunys;total;homes;població;;457
2018;Sant Llorenç de Morunys;total;dones;població;;477
2018;Sant Llorenç de Morunys;total;total;població;;934
2018;Sant Llorenç Savall;total;homes;població;;1190
2018;Sant Llorenç Savall;total;dones;població;;1181
2018;Sant Llorenç Savall;total;total;població;;2371
2018;Sant Martí d'Albars;total;homes;població;;56
2018;Sant Martí d'Albars;total;dones;població;;57
2018;Sant Martí d'Albars;total;total;població;;113
2018;Sant Martí de Centelles;total;homes;població;;590
2018;Sant Martí de Centelles;total;dones;població;;541
2018;Sant Martí de Centelles;total;total;població;;1131
2018;Sant Martí de Llémena;total;homes;població;;324
2018;Sant Martí de Llémena;total;dones;població;;302
2018;Sant Martí de Llémena;total;total;població;;626
2018;Sant Martí de Riucorb;total;homes;població;;337
2018;Sant Martí de Riucorb;total;dones;població;;311
2018;Sant Martí de Riucorb;total;total;població;;648
2018;Sant Martí de Tous;total;homes;població;;616
2018;Sant Martí de Tous;total;dones;població;;590
2018;Sant Martí de Tous;total;total;població;;1206
2018;Sant Martí Sarroca;total;homes;població;;1591
2018;Sant Martí Sarroca;total;dones;població;;1640
2018;Sant Martí Sarroca;total;total;població;;3231
2018;Sant Martí Sesgueioles;total;homes;població;;179
2018;Sant Martí Sesgueioles;total;dones;població;;165
2018;Sant Martí Sesgueioles;total;total;població;;344
2018;Sant Martí Vell;total;homes;població;;127
2018;Sant Martí Vell;total;dones;població;;122
2018;Sant Martí Vell;total;total;població;;249
2018;Sant Mateu de Bages;total;homes;població;;300
2018;Sant Mateu de Bages;total;dones;població;;300
2018;Sant Mateu de Bages;total;total;població;;600
2018;Sant Miquel de Campmajor;total;homes;població;;120
2018;Sant Miquel de Campmajor;total;dones;població;;108
2018;Sant Miquel de Campmajor;total;total;població;;228
2018;Sant Miquel de Fluvià;total;homes;població;;395
2018;Sant Miquel de Fluvià;total;dones;població;;351
2018;Sant Miquel de Fluvià;total;total;població;;746
2018;Sant Mori;total;homes;població;;93
2018;Sant Mori;total;dones;població;;84
2018;Sant Mori;total;total;població;;177
2018;Sant Pau de Segúries;total;homes;població;;349
2018;Sant Pau de Segúries;total;dones;població;;358
2018;Sant Pau de Segúries;total;total;població;;707
2018;Sant Pere de Ribes;total;homes;població;;15311
2018;Sant Pere de Ribes;total;dones;població;;15347
2018;Sant Pere de Ribes;total;total;població;;30658
2018;Sant Pere de Riudebitlles;total;homes;població;;1161
2018;Sant Pere de Riudebitlles;total;dones;població;;1177
2018;Sant Pere de Riudebitlles;total;total;població;;2338
2018;Sant Pere de Torelló;total;homes;població;;1251
2018;Sant Pere de Torelló;total;dones;població;;1168
2018;Sant Pere de Torelló;total;total;població;;2419
2018;Sant Pere de Vilamajor;total;homes;població;;2168
2018;Sant Pere de Vilamajor;total;dones;població;;2203
2018;Sant Pere de Vilamajor;total;total;població;;4371
2018;Sant Pere Pescador;total;homes;població;;1088
2018;Sant Pere Pescador;total;dones;població;;951
2018;Sant Pere Pescador;total;total;població;;2039
2018;Sant Pere Sallavinera;total;homes;població;;84
2018;Sant Pere Sallavinera;total;dones;població;;71
2018;Sant Pere Sallavinera;total;total;població;;155
2018;Sant Pol de Mar;total;homes;població;;2563
2018;Sant Pol de Mar;total;dones;població;;2615
2018;Sant Pol de Mar;total;total;població;;5178
2018;Sant Quintí de Mediona;total;homes;població;;1119
2018;Sant Quintí de Mediona;total;dones;població;;1060
2018;Sant Quintí de Mediona;total;total;població;;2179
2018;Sant Quirze de Besora;total;homes;població;;1027
2018;Sant Quirze de Besora;total;dones;població;;1080
2018;Sant Quirze de Besora;total;total;població;;2107
2018;Sant Quirze del Vallès;total;homes;població;;9754
2018;Sant Quirze del Vallès;total;dones;població;;10185
2018;Sant Quirze del Vallès;total;total;població;;19939
2018;Sant Quirze Safaja;total;homes;població;;332
2018;Sant Quirze Safaja;total;dones;població;;305
2018;Sant Quirze Safaja;total;total;població;;637
2018;Sant Ramon;total;homes;població;;262
2018;Sant Ramon;total;dones;població;;233
2018;Sant Ramon;total;total;població;;495
2018;Sant Sadurní d'Anoia;total;homes;població;;6322
2018;Sant Sadurní d'Anoia;total;dones;població;;6544
2018;Sant Sadurní d'Anoia;total;total;població;;12866
2018;Sant Sadurní d'Osormort;total;homes;població;;46
2018;Sant Sadurní d'Osormort;total;dones;població;;33
2018;Sant Sadurní d'Osormort;total;total;població;;79
2018;Sant Salvador de Guardiola;total;homes;població;;1624
2018;Sant Salvador de Guardiola;total;dones;població;;1544
2018;Sant Salvador de Guardiola;total;total;població;;3168
2018;Sant Vicenç de Castellet;total;homes;població;;4620
2018;Sant Vicenç de Castellet;total;dones;població;;4654
2018;Sant Vicenç de Castellet;total;total;població;;9274
2018;Sant Vicenç de Montalt;total;homes;població;;3194
2018;Sant Vicenç de Montalt;total;dones;població;;3178
2018;Sant Vicenç de Montalt;total;total;població;;6372
2018;Sant Vicenç de Torelló;total;homes;població;;993
2018;Sant Vicenç de Torelló;total;dones;població;;1021
2018;Sant Vicenç de Torelló;total;total;població;;2014
2018;Sant Vicenç dels Horts;total;homes;població;;13846
2018;Sant Vicenç dels Horts;total;dones;població;;14055
2018;Sant Vicenç dels Horts;total;total;població;;27901
2018;Santa Bàrbara;total;homes;població;;1916
2018;Santa Bàrbara;total;dones;població;;1861
2018;Santa Bàrbara;total;total;població;;3777
2018;Santa Cecília de Voltregà;total;homes;població;;96
2018;Santa Cecília de Voltregà;total;dones;població;;91
2018;Santa Cecília de Voltregà;total;total;població;;187
2018;Santa Coloma de Cervelló;total;homes;població;;4018
2018;Santa Coloma de Cervelló;total;dones;població;;4161
2018;Santa Coloma de Cervelló;total;total;població;;8179
2018;Santa Coloma de Farners;total;homes;població;;6490
2018;Santa Coloma de Farners;total;dones;població;;6404
2018;Santa Coloma de Farners;total;total;població;;12894
2018;Santa Coloma de Gramenet;total;homes;població;;58849
2018;Santa Coloma de Gramenet;total;dones;població;;59972
2018;Santa Coloma de Gramenet;total;total;població;;118821
2018;Santa Coloma de Queralt;total;homes;població;;1336
2018;Santa Coloma de Queralt;total;dones;població;;1361
2018;Santa Coloma de Queralt;total;total;població;;2697
2018;Santa Cristina d'Aro;total;homes;població;;2608
2018;Santa Cristina d'Aro;total;dones;població;;2595
2018;Santa Cristina d'Aro;total;total;població;;5203
2018;Santa Eugènia de Berga;total;homes;població;;1130
2018;Santa Eugènia de Berga;total;dones;població;;1096
2018;Santa Eugènia de Berga;total;total;població;;2226
2018;Santa Eulàlia de Riuprimer;total;homes;població;;670
2018;Santa Eulàlia de Riuprimer;total;dones;població;;639
2018;Santa Eulàlia de Riuprimer;total;total;població;;1309
2018;Santa Eulàlia de Ronçana;total;homes;població;;3601
2018;Santa Eulàlia de Ronçana;total;dones;població;;3591
2018;Santa Eulàlia de Ronçana;total;total;població;;7192
2018;Santa Fe del Penedès;total;homes;població;;191
2018;Santa Fe del Penedès;total;dones;població;;188
2018;Santa Fe del Penedès;total;total;població;;379
2018;Santa Llogaia d'Àlguema;total;homes;població;;191
2018;Santa Llogaia d'Àlguema;total;dones;població;;172
2018;Santa Llogaia d'Àlguema;total;total;població;;363
2018;Santa Margarida de Montbui;total;homes;població;;4940
2018;Santa Margarida de Montbui;total;dones;població;;4934
2018;Santa Margarida de Montbui;total;total;població;;9874
2018;Santa Margarida i els Monjos;total;homes;població;;3802
2018;Santa Margarida i els Monjos;total;dones;població;;3701
2018;Santa Margarida i els Monjos;total;total;població;;7503
2018;Santa Maria d'Oló;total;homes;població;;516
2018;Santa Maria d'Oló;total;dones;població;;508
2018;Santa Maria d'Oló;total;total;població;;1024
2018;Santa Maria de Besora;total;homes;població;;72
2018;Santa Maria de Besora;total;dones;població;;71
2018;Santa Maria de Besora;total;total;població;;143
2018;Santa Maria de Martorelles;total;homes;població;;439
2018;Santa Maria de Martorelles;total;dones;població;;443
2018;Santa Maria de Martorelles;total;total;població;;882
2018;Santa Maria de Merlès;total;homes;població;;90
2018;Santa Maria de Merlès;total;dones;població;;93
2018;Santa Maria de Merlès;total;total;població;;183
2018;Santa Maria de Miralles;total;homes;població;;69
2018;Santa Maria de Miralles;total;dones;població;;59
2018;Santa Maria de Miralles;total;total;població;;128
2018;Santa Maria de Palautordera;total;homes;població;;4673
2018;Santa Maria de Palautordera;total;dones;població;;4652
2018;Santa Maria de Palautordera;total;total;població;;9325
2018;Santa Oliva;total;homes;població;;1681
2018;Santa Oliva;total;dones;població;;1647
2018;Santa Oliva;total;total;població;;3328
2018;Santa Pau;total;homes;població;;794
2018;Santa Pau;total;dones;població;;779
2018;Santa Pau;total;total;població;;1573
2018;Santa Perpètua de Mogoda;total;homes;població;;12933
2018;Santa Perpètua de Mogoda;total;dones;població;;12772
2018;Santa Perpètua de Mogoda;total;total;població;;25705
2018;Santa Susanna;total;homes;població;;1700
2018;Santa Susanna;total;dones;població;;1681
2018;Santa Susanna;total;total;població;;3381
2018;Santpedor;total;homes;població;;3739
2018;Santpedor;total;dones;població;;3793
2018;Santpedor;total;total;població;;7532
2018;Sarral;total;homes;població;;779
2018;Sarral;total;dones;població;;765
2018;Sarral;total;total;població;;1544
2018;Sarrià de Ter;total;homes;població;;2513
2018;Sarrià de Ter;total;dones;població;;2601
2018;Sarrià de Ter;total;total;població;;5114
2018;Sarroca de Bellera;total;homes;població;;69
2018;Sarroca de Bellera;total;dones;població;;51
2018;Sarroca de Bellera;total;total;població;;120
2018;Sarroca de Lleida;total;homes;població;;198
2018;Sarroca de Lleida;total;dones;població;;163
2018;Sarroca de Lleida;total;total;població;;361
2018;Saus, Camallera i Llampaies;total;homes;població;;419
2018;Saus, Camallera i Llampaies;total;dones;població;;429
2018;Saus, Camallera i Llampaies;total;total;població;;848
2018;Savallà del Comtat;total;homes;població;;32
2018;Savallà del Comtat;total;dones;població;;28
2018;Savallà del Comtat;total;total;població;;60
2018;Secuita, la;total;homes;població;;846
2018;Secuita, la;total;dones;població;;851
2018;Secuita, la;total;total;població;;1697
2018;Selva de Mar, la;total;homes;població;;106
2018;Selva de Mar, la;total;dones;població;;81
2018;Selva de Mar, la;total;total;població;;187
2018;Selva del Camp, la;total;homes;població;;2824
2018;Selva del Camp, la;total;dones;població;;2808
2018;Selva del Camp, la;total;total;població;;5632
2018;Senan;total;homes;població;;32
2018;Senan;total;dones;població;;15
2018;Senan;total;total;població;;47
2018;Sénia, la;total;homes;població;;2840
2018;Sénia, la;total;dones;població;;2804
2018;Sénia, la;total;total;població;;5644
2018;Senterada;total;homes;població;;80
2018;Senterada;total;dones;població;;59
2018;Senterada;total;total;població;;139
2018;Sentiu de Sió, la;total;homes;població;;223
2018;Sentiu de Sió, la;total;dones;població;;204
2018;Sentiu de Sió, la;total;total;població;;427
2018;Sentmenat;total;homes;població;;4532
2018;Sentmenat;total;dones;població;;4425
2018;Sentmenat;total;total;població;;8957
2018;Serinyà;total;homes;població;;570
2018;Serinyà;total;dones;població;;538
2018;Serinyà;total;total;població;;1108
2018;Seròs;total;homes;població;;1012
2018;Seròs;total;dones;població;;877
2018;Seròs;total;total;població;;1889
2018;Serra de Daró;total;homes;població;;117
2018;Serra de Daró;total;dones;població;;93
2018;Serra de Daró;total;total;població;;210
2018;Setcases;total;homes;població;;89
2018;Setcases;total;dones;població;;79
2018;Setcases;total;total;població;;168
2018;Seu d'Urgell, la;total;homes;població;;5834
2018;Seu d'Urgell, la;total;dones;població;;6207
2018;Seu d'Urgell, la;total;total;població;;12041
2018;Seva;total;homes;població;;1746
2018;Seva;total;dones;població;;1726
2018;Seva;total;total;població;;3472
2018;Sidamon;total;homes;població;;385
2018;Sidamon;total;dones;població;;348
2018;Sidamon;total;total;població;;733
2018;Sils;total;homes;població;;3023
2018;Sils;total;dones;població;;2946
2018;Sils;total;total;població;;5969
2018;Sitges;total;homes;població;;14476
2018;Sitges;total;dones;població;;14493
2018;Sitges;total;total;població;;28969
2018;Siurana;total;homes;població;;77
2018;Siurana;total;dones;població;;85
2018;Siurana;total;total;població;;162
2018;Sobremunt;total;homes;població;;34
2018;Sobremunt;total;dones;població;;45
2018;Sobremunt;total;total;població;;79
2018;Soleràs, el;total;homes;població;;175
2018;Soleràs, el;total;dones;població;;153
2018;Soleràs, el;total;total;població;;328
2018;Solivella;total;homes;població;;318
2018;Solivella;total;dones;població;;301
2018;Solivella;total;total;població;;619
2018;Solsona;total;homes;població;;4465
2018;Solsona;total;dones;població;;4549
2018;Solsona;total;total;població;;9014
2018;Sora;total;homes;població;;115
2018;Sora;total;dones;població;;90
2018;Sora;total;total;població;;205
2018;Soriguera;total;homes;població;;215
2018;Soriguera;total;dones;població;;184
2018;Soriguera;total;total;població;;399
2018;Sort;total;homes;població;;1076
2018;Sort;total;dones;població;;1088
2018;Sort;total;total;població;;2164
2018;Soses;total;homes;població;;926
2018;Soses;total;dones;població;;838
2018;Soses;total;total;població;;1764
2018;Subirats;total;homes;població;;1556
2018;Subirats;total;dones;població;;1469
2018;Subirats;total;total;població;;3025
2018;Sudanell;total;homes;població;;470
2018;Sudanell;total;dones;població;;381
2018;Sudanell;total;total;població;;851
2018;Sunyer;total;homes;població;;208
2018;Sunyer;total;dones;població;;147
2018;Sunyer;total;total;població;;355
2018;Súria;total;homes;població;;2874
2018;Súria;total;dones;població;;3021
2018;Súria;total;total;població;;5895
2018;Susqueda;total;homes;població;;56
2018;Susqueda;total;dones;població;;41
2018;Susqueda;total;total;població;;97
2018;Tagamanent;total;homes;població;;174
2018;Tagamanent;total;dones;població;;159
2018;Tagamanent;total;total;població;;333
2018;Talamanca;total;homes;població;;115
2018;Talamanca;total;dones;població;;87
2018;Talamanca;total;total;població;;202
2018;Talarn;total;homes;població;;456
2018;Talarn;total;dones;població;;195
2018;Talarn;total;total;població;;651
2018;Talavera;total;homes;població;;142
2018;Talavera;total;dones;població;;105
2018;Talavera;total;total;població;;247
2018;Tallada d'Empordà, la;total;homes;població;;234
2018;Tallada d'Empordà, la;total;dones;població;;225
2018;Tallada d'Empordà, la;total;total;població;;459
2018;Taradell;total;homes;població;;3188
2018;Taradell;total;dones;població;;3224
2018;Taradell;total;total;població;;6412
2018;Tarragona;total;homes;població;;64282
2018;Tarragona;total;dones;població;;68017
2018;Tarragona;total;total;població;;132299
2018;Tàrrega;total;homes;població;;8323
2018;Tàrrega;total;dones;població;;8472
2018;Tàrrega;total;total;població;;16795
2018;Tarrés;total;homes;població;;53
2018;Tarrés;total;dones;població;;46
2018;Tarrés;total;total;població;;99
2018;Tarroja de Segarra;total;homes;població;;100
2018;Tarroja de Segarra;total;dones;població;;83
2018;Tarroja de Segarra;total;total;població;;183
2018;Tavèrnoles;total;homes;població;;159
2018;Tavèrnoles;total;dones;població;;161
2018;Tavèrnoles;total;total;població;;320
2018;Tavertet;total;homes;població;;58
2018;Tavertet;total;dones;població;;53
2018;Tavertet;total;total;població;;111
2018;Teià;total;homes;població;;3093
2018;Teià;total;dones;població;;3219
2018;Teià;total;total;població;;6312
2018;Térmens;total;homes;població;;705
2018;Térmens;total;dones;població;;678
2018;Térmens;total;total;població;;1383
2018;Terrades;total;homes;població;;149
2018;Terrades;total;dones;població;;165
2018;Terrades;total;total;població;;314
2018;Terrassa;total;homes;població;;107540
2018;Terrassa;total;dones;població;;110995
2018;Terrassa;total;total;població;;218535
2018;Tiana;total;homes;població;;4170
2018;Tiana;total;dones;població;;4539
2018;Tiana;total;total;població;;8709
2018;Tírvia;total;homes;població;;66
2018;Tírvia;total;dones;població;;68
2018;Tírvia;total;total;població;;134
2018;Tiurana;total;homes;població;;38
2018;Tiurana;total;dones;població;;36
2018;Tiurana;total;total;població;;74
2018;Tivenys;total;homes;població;;451
2018;Tivenys;total;dones;població;;431
2018;Tivenys;total;total;població;;882
2018;Tivissa;total;homes;població;;816
2018;Tivissa;total;dones;població;;823
2018;Tivissa;total;total;població;;1639
2018;Tona;total;homes;població;;4024
2018;Tona;total;dones;població;;4107
2018;Tona;total;total;població;;8131
2018;Torà;total;homes;població;;624
2018;Torà;total;dones;població;;620
2018;Torà;total;total;població;;1244
2018;Tordera;total;homes;població;;8576
2018;Tordera;total;dones;població;;8361
2018;Tordera;total;total;població;;16937
2018;Torelló;total;homes;població;;7021
2018;Torelló;total;dones;població;;7151
2018;Torelló;total;total;població;;14172
2018;Torms, els;total;homes;població;;83
2018;Torms, els;total;dones;població;;68
2018;Torms, els;total;total;població;;151
2018;Tornabous;total;homes;població;;473
2018;Tornabous;total;dones;població;;406
2018;Tornabous;total;total;població;;879
2018;Torre de Cabdella, la;total;homes;població;;379
2018;Torre de Cabdella, la;total;dones;població;;368
2018;Torre de Cabdella, la;total;total;població;;747
2018;Torre de Claramunt, la;total;homes;població;;1911
2018;Torre de Claramunt, la;total;dones;població;;1805
2018;Torre de Claramunt, la;total;total;població;;3716
2018;Torre de Fontaubella, la;total;homes;població;;71
2018;Torre de Fontaubella, la;total;dones;població;;66
2018;Torre de Fontaubella, la;total;total;població;;137
2018;Torre de l'Espanyol, la;total;homes;població;;325
2018;Torre de l'Espanyol, la;total;dones;població;;303
2018;Torre de l'Espanyol, la;total;total;població;;628
2018;Torrebesses;total;homes;població;;153
2018;Torrebesses;total;dones;població;;136
2018;Torrebesses;total;total;població;;289
2018;Torredembarra;total;homes;població;;7821
2018;Torredembarra;total;dones;població;;8171
2018;Torredembarra;total;total;població;;15992
2018;Torrefarrera;total;homes;població;;2353
2018;Torrefarrera;total;dones;població;;2277
2018;Torrefarrera;total;total;població;;4630
2018;Torrefeta i Florejacs;total;homes;població;;316
2018;Torrefeta i Florejacs;total;dones;població;;274
2018;Torrefeta i Florejacs;total;total;població;;590
2018;Torregrossa;total;homes;població;;1124
2018;Torregrossa;total;dones;població;;1066
2018;Torregrossa;total;total;població;;2190
2018;Torrelameu;total;homes;població;;426
2018;Torrelameu;total;dones;població;;316
2018;Torrelameu;total;total;població;;742
2018;Torrelavit;total;homes;població;;736
2018;Torrelavit;total;dones;població;;694
2018;Torrelavit;total;total;població;;1430
2018;Torrelles de Foix;total;homes;població;;1219
2018;Torrelles de Foix;total;dones;població;;1062
2018;Torrelles de Foix;total;total;població;;2281
2018;Torrelles de Llobregat;total;homes;població;;2941
2018;Torrelles de Llobregat;total;dones;població;;3004
2018;Torrelles de Llobregat;total;total;població;;5945
2018;Torrent;total;homes;població;;90
2018;Torrent;total;dones;població;;75
2018;Torrent;total;total;població;;165
2018;Torres de Segre;total;homes;població;;1195
2018;Torres de Segre;total;dones;població;;1112
2018;Torres de Segre;total;total;població;;2307
2018;Torre-serona;total;homes;població;;202
2018;Torre-serona;total;dones;població;;184
2018;Torre-serona;total;total;població;;386
2018;Torroella de Fluvià;total;homes;població;;365
2018;Torroella de Fluvià;total;dones;població;;358
2018;Torroella de Fluvià;total;total;població;;723
2018;Torroella de Montgrí;total;homes;població;;5842
2018;Torroella de Montgrí;total;dones;població;;5695
2018;Torroella de Montgrí;total;total;població;;11537
2018;Torroja del Priorat;total;homes;població;;82
2018;Torroja del Priorat;total;dones;població;;66
2018;Torroja del Priorat;total;total;població;;148
2018;Tortellà;total;homes;població;;390
2018;Tortellà;total;dones;població;;411
2018;Tortellà;total;total;població;;801
2018;Tortosa;total;homes;població;;16607
2018;Tortosa;total;dones;població;;16903
2018;Tortosa;total;total;població;;33510
2018;Toses;total;homes;població;;100
2018;Toses;total;dones;població;;65
2018;Toses;total;total;població;;165
2018;Tossa de Mar;total;homes;població;;2816
2018;Tossa de Mar;total;dones;població;;2768
2018;Tossa de Mar;total;total;població;;5584
2018;Tremp;total;homes;població;;2847
2018;Tremp;total;dones;població;;2977
2018;Tremp;total;total;població;;5824
2018;Ullà;total;homes;població;;625
2018;Ullà;total;dones;població;;514
2018;Ullà;total;total;població;;1139
2018;Ullastrell;total;homes;població;;1038
2018;Ullastrell;total;dones;població;;1031
2018;Ullastrell;total;total;població;;2069
2018;Ullastret;total;homes;població;;141
2018;Ullastret;total;dones;població;;145
2018;Ullastret;total;total;població;;286
2018;Ulldecona;total;homes;població;;3209
2018;Ulldecona;total;dones;població;;3031
2018;Ulldecona;total;total;població;;6240
2018;Ulldemolins;total;homes;població;;229
2018;Ulldemolins;total;dones;població;;173
2018;Ulldemolins;total;total;població;;402
2018;Ultramort;total;homes;població;;117
2018;Ultramort;total;dones;població;;97
2018;Ultramort;total;total;població;;214
2018;Urús;total;homes;població;;84
2018;Urús;total;dones;població;;94
2018;Urús;total;total;població;;178
2018;Vacarisses;total;homes;població;;3340
2018;Vacarisses;total;dones;població;;3146
2018;Vacarisses;total;total;població;;6486
2018;Vajol, la;total;homes;població;;46
2018;Vajol, la;total;dones;població;;39
2018;Vajol, la;total;total;població;;85
2018;Vall d'en Bas, la;total;homes;població;;1528
2018;Vall d'en Bas, la;total;dones;població;;1501
2018;Vall d'en Bas, la;total;total;població;;3029
2018;Vall de Bianya, la;total;homes;població;;651
2018;Vall de Bianya, la;total;dones;població;;635
2018;Vall de Bianya, la;total;total;població;;1286
2018;Vall de Boí, la;total;homes;població;;546
2018;Vall de Boí, la;total;dones;població;;476
2018;Vall de Boí, la;total;total;població;;1022
2018;Vall de Cardós;total;homes;població;;195
2018;Vall de Cardós;total;dones;població;;177
2018;Vall de Cardós;total;total;població;;372
2018;Vallbona d'Anoia;total;homes;població;;729
2018;Vallbona d'Anoia;total;dones;població;;670
2018;Vallbona d'Anoia;total;total;població;;1399
2018;Vallbona de les Monges;total;homes;població;;123
2018;Vallbona de les Monges;total;dones;població;;111
2018;Vallbona de les Monges;total;total;població;;234
2018;Vallcebre;total;homes;població;;139
2018;Vallcebre;total;dones;població;;107
2018;Vallcebre;total;total;població;;246
2018;Vallclara;total;homes;població;;59
2018;Vallclara;total;dones;població;;39
2018;Vallclara;total;total;població;;98
2018;Vallfogona de Balaguer;total;homes;població;;942
2018;Vallfogona de Balaguer;total;dones;població;;942
2018;Vallfogona de Balaguer;total;total;població;;1884
2018;Vallfogona de Ripollès;total;homes;població;;115
2018;Vallfogona de Ripollès;total;dones;població;;97
2018;Vallfogona de Ripollès;total;total;població;;212
2018;Vallfogona de Riucorb;total;homes;població;;51
2018;Vallfogona de Riucorb;total;dones;població;;34
2018;Vallfogona de Riucorb;total;total;població;;85
2018;Vallgorguina;total;homes;població;;1427
2018;Vallgorguina;total;dones;població;;1427
2018;Vallgorguina;total;total;població;;2854
2018;Vallirana;total;homes;població;;7441
2018;Vallirana;total;dones;població;;7436
2018;Vallirana;total;total;població;;14877
2018;Vall-llobrega;total;homes;població;;454
2018;Vall-llobrega;total;dones;població;;458
2018;Vall-llobrega;total;total;població;;912
2018;Vallmoll;total;homes;població;;879
2018;Vallmoll;total;dones;població;;859
2018;Vallmoll;total;total;població;;1738
2018;Vallromanes;total;homes;població;;1297
2018;Vallromanes;total;dones;població;;1233
2018;Vallromanes;total;total;població;;2530
2018;Valls;total;homes;població;;12031
2018;Valls;total;dones;població;;12125
2018;Valls;total;total;població;;24156
2018;Valls d'Aguilar, les;total;homes;població;;151
2018;Valls d'Aguilar, les;total;dones;població;;121
2018;Valls d'Aguilar, les;total;total;població;;272
2018;Valls de Valira, les;total;homes;població;;418
2018;Valls de Valira, les;total;dones;població;;385
2018;Valls de Valira, les;total;total;població;;803
2018;Vandellòs i l'Hospitalet de l'Infant;total;homes;població;;3195
2018;Vandellòs i l'Hospitalet de l'Infant;total;dones;població;;3191
2018;Vandellòs i l'Hospitalet de l'Infant;total;total;població;;6386
2018;Vansa i Fórnols, la;total;homes;població;;87
2018;Vansa i Fórnols, la;total;dones;població;;81
2018;Vansa i Fórnols, la;total;total;població;;168
2018;Veciana;total;homes;població;;95
2018;Veciana;total;dones;població;;75
2018;Veciana;total;total;població;;170
2018;Vendrell, el;total;homes;població;;18452
2018;Vendrell, el;total;dones;població;;18701
2018;Vendrell, el;total;total;població;;37153
2018;Ventalló;total;homes;població;;432
2018;Ventalló;total;dones;població;;422
2018;Ventalló;total;total;població;;854
2018;Verdú;total;homes;població;;434
2018;Verdú;total;dones;població;;471
2018;Verdú;total;total;població;;905
2018;Verges;total;homes;població;;582
2018;Verges;total;dones;població;;607
2018;Verges;total;total;població;;1189
2018;Vespella de Gaià;total;homes;població;;229
2018;Vespella de Gaià;total;dones;població;;181
2018;Vespella de Gaià;total;total;població;;410
2018;Vic;total;homes;població;;22626
2018;Vic;total;dones;població;;22414
2018;Vic;total;total;població;;45040
2018;Vidrà;total;homes;població;;88
2018;Vidrà;total;dones;població;;85
2018;Vidrà;total;total;població;;173
2018;Vidreres;total;homes;població;;3995
2018;Vidreres;total;dones;població;;3745
2018;Vidreres;total;total;població;;7740
2018;Vielha e Mijaran;total;homes;població;;2787
2018;Vielha e Mijaran;total;dones;població;;2706
2018;Vielha e Mijaran;total;total;població;;5493
2018;Vilabella;total;homes;població;;386
2018;Vilabella;total;dones;població;;360
2018;Vilabella;total;total;població;;746
2018;Vilabertran;total;homes;població;;486
2018;Vilabertran;total;dones;població;;465
2018;Vilabertran;total;total;població;;951
2018;Vilablareix;total;homes;població;;1383
2018;Vilablareix;total;dones;població;;1406
2018;Vilablareix;total;total;població;;2789
2018;Vilada;total;homes;població;;226
2018;Vilada;total;dones;població;;204
2018;Vilada;total;total;població;;430
2018;Viladamat;total;homes;població;;246
2018;Viladamat;total;dones;població;;220
2018;Viladamat;total;total;població;;466
2018;Viladasens;total;homes;població;;108
2018;Viladasens;total;dones;població;;96
2018;Viladasens;total;total;població;;204
2018;Viladecans;total;homes;població;;32785
2018;Viladecans;total;dones;població;;33383
2018;Viladecans;total;total;població;;66168
2018;Viladecavalls;total;homes;població;;3707
2018;Viladecavalls;total;dones;població;;3773
2018;Viladecavalls;total;total;població;;7480
2018;Vilademuls;total;homes;població;;432
2018;Vilademuls;total;dones;població;;391
2018;Vilademuls;total;total;població;;823
2018;Viladrau;total;homes;població;;505
2018;Viladrau;total;dones;població;;521
2018;Viladrau;total;total;població;;1026
2018;Vilafant;total;homes;població;;2658
2018;Vilafant;total;dones;població;;2785
2018;Vilafant;total;total;població;;5443
2018;Vilafranca del Penedès;total;homes;població;;19552
2018;Vilafranca del Penedès;total;dones;població;;20503
2018;Vilafranca del Penedès;total;total;població;;40055
2018;Vilagrassa;total;homes;població;;261
2018;Vilagrassa;total;dones;població;;249
2018;Vilagrassa;total;total;població;;510
2018;Vilajuïga;total;homes;població;;552
2018;Vilajuïga;total;dones;població;;560
2018;Vilajuïga;total;total;població;;1112
2018;Vilalba dels Arcs;total;homes;població;;321
2018;Vilalba dels Arcs;total;dones;població;;314
2018;Vilalba dels Arcs;total;total;població;;635
2018;Vilalba Sasserra;total;homes;població;;343
2018;Vilalba Sasserra;total;dones;població;;345
2018;Vilalba Sasserra;total;total;població;;688
2018;Vilaller;total;homes;població;;281
2018;Vilaller;total;dones;població;;255
2018;Vilaller;total;total;població;;536
2018;Vilallonga de Ter;total;homes;població;;211
2018;Vilallonga de Ter;total;dones;població;;193
2018;Vilallonga de Ter;total;total;població;;404
2018;Vilallonga del Camp;total;homes;població;;1185
2018;Vilallonga del Camp;total;dones;població;;1154
2018;Vilallonga del Camp;total;total;població;;2339
2018;Vilamacolum;total;homes;població;;167
2018;Vilamacolum;total;dones;població;;145
2018;Vilamacolum;total;total;població;;312
2018;Vilamalla;total;homes;població;;581
2018;Vilamalla;total;dones;població;;576
2018;Vilamalla;total;total;població;;1157
2018;Vilamaniscle;total;homes;població;;116
2018;Vilamaniscle;total;dones;població;;92
2018;Vilamaniscle;total;total;població;;208
2018;Vilamòs;total;homes;població;;90
2018;Vilamòs;total;dones;població;;69
2018;Vilamòs;total;total;població;;159
2018;Vilanant;total;homes;població;;198
2018;Vilanant;total;dones;població;;201
2018;Vilanant;total;total;població;;399
2018;Vilanova d'Escornalbou;total;homes;població;;285
2018;Vilanova d'Escornalbou;total;dones;població;;264
2018;Vilanova d'Escornalbou;total;total;població;;549
2018;Vilanova de Bellpuig;total;homes;població;;582
2018;Vilanova de Bellpuig;total;dones;població;;588
2018;Vilanova de Bellpuig;total;total;població;;1170
2018;Vilanova de l'Aguda;total;homes;població;;101
2018;Vilanova de l'Aguda;total;dones;població;;101
2018;Vilanova de l'Aguda;total;total;població;;202
2018;Vilanova de la Barca;total;homes;població;;531
2018;Vilanova de la Barca;total;dones;població;;508
2018;Vilanova de la Barca;total;total;població;;1039
2018;Vilanova de Meià;total;homes;població;;225
2018;Vilanova de Meià;total;dones;població;;170
2018;Vilanova de Meià;total;total;població;;395
2018;Vilanova de Prades;total;homes;població;;63
2018;Vilanova de Prades;total;dones;població;;54
2018;Vilanova de Prades;total;total;població;;117
2018;Vilanova de Sau;total;homes;població;;143
2018;Vilanova de Sau;total;dones;població;;165
2018;Vilanova de Sau;total;total;població;;308
2018;Vilanova de Segrià;total;homes;població;;494
2018;Vilanova de Segrià;total;dones;població;;451
2018;Vilanova de Segrià;total;total;població;;945
2018;Vilanova del Camí;total;homes;població;;6178
2018;Vilanova del Camí;total;dones;població;;6183
2018;Vilanova del Camí;total;total;població;;12361
2018;Vilanova del Vallès;total;homes;població;;2701
2018;Vilanova del Vallès;total;dones;població;;2638
2018;Vilanova del Vallès;total;total;població;;5339
2018;Vilanova i la Geltrú;total;homes;població;;32079
2018;Vilanova i la Geltrú;total;dones;població;;34195
2018;Vilanova i la Geltrú;total;total;població;;66274
2018;Vilaplana;total;homes;població;;299
2018;Vilaplana;total;dones;població;;280
2018;Vilaplana;total;total;població;;579
2018;Vila-rodona;total;homes;població;;655
2018;Vila-rodona;total;dones;població;;598
2018;Vila-rodona;total;total;població;;1253
2018;Vila-sacra;total;homes;població;;348
2018;Vila-sacra;total;dones;població;;361
2018;Vila-sacra;total;total;població;;709
2018;Vila-sana;total;homes;població;;358
2018;Vila-sana;total;dones;població;;359
2018;Vila-sana;total;total;població;;717
2018;Vila-seca;total;homes;població;;11083
2018;Vila-seca;total;dones;població;;11024
2018;Vila-seca;total;total;població;;22107
2018;Vilassar de Dalt;total;homes;població;;4435
2018;Vilassar de Dalt;total;dones;població;;4578
2018;Vilassar de Dalt;total;total;població;;9013
2018;Vilassar de Mar;total;homes;població;;10018
2018;Vilassar de Mar;total;dones;població;;10746
2018;Vilassar de Mar;total;total;població;;20764
2018;Vilaür;total;homes;població;;77
2018;Vilaür;total;dones;població;;70
2018;Vilaür;total;total;població;;147
2018;Vilaverd;total;homes;població;;237
2018;Vilaverd;total;dones;població;;219
2018;Vilaverd;total;total;població;;456
2018;Vilella Alta, la;total;homes;població;;74
2018;Vilella Alta, la;total;dones;població;;58
2018;Vilella Alta, la;total;total;població;;132
2018;Vilella Baixa, la;total;homes;població;;111
2018;Vilella Baixa, la;total;dones;població;;91
2018;Vilella Baixa, la;total;total;població;;202
2018;Vilobí d'Onyar;total;homes;població;;1660
2018;Vilobí d'Onyar;total;dones;població;;1536
2018;Vilobí d'Onyar;total;total;població;;3196
2018;Vilobí del Penedès;total;homes;població;;582
2018;Vilobí del Penedès;total;dones;població;;524
2018;Vilobí del Penedès;total;total;població;;1106
2018;Vilopriu;total;homes;població;;109
2018;Vilopriu;total;dones;població;;96
2018;Vilopriu;total;total;població;;205
2018;Vilosell, el;total;homes;població;;85
2018;Vilosell, el;total;dones;població;;83
2018;Vilosell, el;total;total;població;;168
2018;Vimbodí i Poblet;total;homes;població;;505
2018;Vimbodí i Poblet;total;dones;població;;412
2018;Vimbodí i Poblet;total;total;població;;917
2018;Vinaixa;total;homes;població;;252
2018;Vinaixa;total;dones;població;;230
2018;Vinaixa;total;total;població;;482
2018;Vinebre;total;homes;població;;222
2018;Vinebre;total;dones;població;;210
2018;Vinebre;total;total;població;;432
2018;Vinyols i els Arcs;total;homes;població;;1030
2018;Vinyols i els Arcs;total;dones;població;;944
2018;Vinyols i els Arcs;total;total;població;;1974
2018;Viver i Serrateix;total;homes;població;;86
2018;Viver i Serrateix;total;dones;població;;78
2018;Viver i Serrateix;total;total;població;;164
2018;Xerta;total;homes;població;;570
2018;Xerta;total;dones;població;;600
2018;Xerta;total;total;població;;1170
2018;Catalunya;total;homes;població;;3730326
2018;Catalunya;total;dones;població;;3869739
2018;Catalunya;total;total;població;;7600065
