any;municipi;edat any a any;sexe;concepte;estat;valor
2024;Abella de la Conca;total;homes;població;;82
2024;Abella de la Conca;total;dones;població;;79
2024;Abella de la Conca;total;total;població;;161
2024;Abrera;total;homes;població;;6517
2024;Abrera;total;dones;població;;6464
2024;Abrera;total;total;població;;12981
2024;Àger;total;homes;població;;330
2024;Àger;total;dones;població;;278
2024;Àger;total;total;població;;608
2024;Agramunt;total;homes;població;;2845
2024;Agramunt;total;dones;població;;2747
2024;Agramunt;total;total;població;;5592
2024;Aguilar de Segarra;total;homes;població;;156
2024;Aguilar de Segarra;total;dones;població;;135
2024;Aguilar de Segarra;total;total;població;;291
2024;Agullana;total;homes;població;;446
2024;Agullana;total;dones;població;;464
2024;Agullana;total;total;població;;910
2024;Aiguafreda;total;homes;població;;1258
2024;Aiguafreda;total;dones;població;;1324
2024;Aiguafreda;total;total;població;;2582
2024;Aiguamúrcia;total;homes;població;;508
2024;Aiguamúrcia;total;dones;població;;457
2024;Aiguamúrcia;total;total;població;;965
2024;Aiguaviva;total;homes;població;;402
2024;Aiguaviva;total;dones;població;;398
2024;Aiguaviva;total;total;població;;800
2024;Aitona;total;homes;població;;1369
2024;Aitona;total;dones;població;;1206
2024;Aitona;total;total;població;;2575
2024;Alamús, els;total;homes;població;;408
2024;Alamús, els;total;dones;població;;391
2024;Alamús, els;total;total;població;;799
2024;Alàs i Cerc;total;homes;població;;164
2024;Alàs i Cerc;total;dones;població;;161
2024;Alàs i Cerc;total;total;població;;325
2024;Albagés, l';total;homes;població;;186
2024;Albagés, l';total;dones;població;;157
2024;Albagés, l';total;total;població;;343
2024;Albanyà;total;homes;població;;85
2024;Albanyà;total;dones;població;;82
2024;Albanyà;total;total;població;;167
2024;Albatàrrec;total;homes;població;;1144
2024;Albatàrrec;total;dones;població;;1103
2024;Albatàrrec;total;total;població;;2247
2024;Albesa;total;homes;població;;849
2024;Albesa;total;dones;població;;722
2024;Albesa;total;total;població;;1571
2024;Albi, l';total;homes;població;;392
2024;Albi, l';total;dones;població;;372
2024;Albi, l';total;total;població;;764
2024;Albinyana;total;homes;població;;1381
2024;Albinyana;total;dones;població;;1297
2024;Albinyana;total;total;població;;2678
2024;Albiol, l';total;homes;població;;284
2024;Albiol, l';total;dones;població;;254
2024;Albiol, l';total;total;població;;538
2024;Albons;total;homes;població;;424
2024;Albons;total;dones;població;;404
2024;Albons;total;total;població;;828
2024;Alcanar;total;homes;població;;4983
2024;Alcanar;total;dones;població;;4888
2024;Alcanar;total;total;població;;9871
2024;Alcanó;total;homes;població;;118
2024;Alcanó;total;dones;població;;122
2024;Alcanó;total;total;població;;240
2024;Alcarràs;total;homes;població;;5305
2024;Alcarràs;total;dones;població;;4912
2024;Alcarràs;total;total;població;;10217
2024;Alcoletge;total;homes;població;;1936
2024;Alcoletge;total;dones;població;;1685
2024;Alcoletge;total;total;població;;3621
2024;Alcover;total;homes;població;;2652
2024;Alcover;total;dones;població;;2682
2024;Alcover;total;total;població;;5334
2024;Aldea, l';total;homes;població;;2470
2024;Aldea, l';total;dones;població;;2084
2024;Aldea, l';total;total;població;;4554
2024;Aldover;total;homes;població;;459
2024;Aldover;total;dones;població;;438
2024;Aldover;total;total;població;;897
2024;Aleixar, l';total;homes;població;;502
2024;Aleixar, l';total;dones;població;;478
2024;Aleixar, l';total;total;població;;980
2024;Alella;total;homes;població;;4979
2024;Alella;total;dones;població;;5221
2024;Alella;total;total;població;;10200
2024;Alfara de Carles;total;homes;població;;187
2024;Alfara de Carles;total;dones;població;;176
2024;Alfara de Carles;total;total;població;;363
2024;Alfarràs;total;homes;població;;1421
2024;Alfarràs;total;dones;població;;1338
2024;Alfarràs;total;total;població;;2759
2024;Alfés;total;homes;població;;158
2024;Alfés;total;dones;població;;126
2024;Alfés;total;total;població;;284
2024;Alforja;total;homes;població;;1027
2024;Alforja;total;dones;població;;1000
2024;Alforja;total;total;població;;2027
2024;Algerri;total;homes;població;;235
2024;Algerri;total;dones;població;;191
2024;Algerri;total;total;població;;426
2024;Alguaire;total;homes;població;;1570
2024;Alguaire;total;dones;població;;1422
2024;Alguaire;total;total;població;;2992
2024;Alins;total;homes;població;;145
2024;Alins;total;dones;població;;130
2024;Alins;total;total;població;;275
2024;Alió;total;homes;població;;246
2024;Alió;total;dones;població;;260
2024;Alió;total;total;població;;506
2024;Almacelles;total;homes;població;;3800
2024;Almacelles;total;dones;població;;3231
2024;Almacelles;total;total;població;;7031
2024;Almatret;total;homes;població;;167
2024;Almatret;total;dones;població;;136
2024;Almatret;total;total;població;;303
2024;Almenar;total;homes;població;;1758
2024;Almenar;total;dones;població;;1563
2024;Almenar;total;total;població;;3321
2024;Almoster;total;homes;població;;673
2024;Almoster;total;dones;població;;665
2024;Almoster;total;total;població;;1338
2024;Alòs de Balaguer;total;homes;població;;69
2024;Alòs de Balaguer;total;dones;població;;49
2024;Alòs de Balaguer;total;total;població;;118
2024;Alp;total;homes;població;;889
2024;Alp;total;dones;població;;838
2024;Alp;total;total;població;;1727
2024;Alpens;total;homes;població;;146
2024;Alpens;total;dones;població;;124
2024;Alpens;total;total;població;;270
2024;Alpicat;total;homes;població;;3235
2024;Alpicat;total;dones;població;;3231
2024;Alpicat;total;total;població;;6466
2024;Alt Àneu;total;homes;població;;258
2024;Alt Àneu;total;dones;població;;199
2024;Alt Àneu;total;total;població;;457
2024;Altafulla;total;homes;població;;2797
2024;Altafulla;total;dones;població;;3012
2024;Altafulla;total;total;població;;5809
2024;Amer;total;homes;població;;1207
2024;Amer;total;dones;població;;1214
2024;Amer;total;total;població;;2421
2024;Ametlla de Mar, l';total;homes;població;;3745
2024;Ametlla de Mar, l';total;dones;població;;3602
2024;Ametlla de Mar, l';total;total;població;;7347
2024;Ametlla del Vallès, l';total;homes;població;;4759
2024;Ametlla del Vallès, l';total;dones;població;;4689
2024;Ametlla del Vallès, l';total;total;població;;9448
2024;Ampolla, l';total;homes;població;;1870
2024;Ampolla, l';total;dones;població;;1822
2024;Ampolla, l';total;total;població;;3692
2024;Amposta;total;homes;població;;11528
2024;Amposta;total;dones;població;;11095
2024;Amposta;total;total;població;;22623
2024;Anglès;total;homes;població;;2953
2024;Anglès;total;dones;població;;2962
2024;Anglès;total;total;població;;5915
2024;Anglesola;total;homes;població;;691
2024;Anglesola;total;dones;població;;679
2024;Anglesola;total;total;població;;1370
2024;Arbeca;total;homes;població;;1061
2024;Arbeca;total;dones;població;;1024
2024;Arbeca;total;total;població;;2085
2024;Arboç, l';total;homes;població;;2922
2024;Arboç, l';total;dones;població;;2823
2024;Arboç, l';total;total;població;;5745
2024;Arbolí;total;homes;població;;76
2024;Arbolí;total;dones;població;;53
2024;Arbolí;total;total;població;;129
2024;Arbúcies;total;homes;població;;3370
2024;Arbúcies;total;dones;població;;3185
2024;Arbúcies;total;total;població;;6555
2024;Arenys de Mar;total;homes;població;;7990
2024;Arenys de Mar;total;dones;població;;8523
2024;Arenys de Mar;total;total;població;;16513
2024;Arenys de Munt;total;homes;població;;4750
2024;Arenys de Munt;total;dones;població;;4694
2024;Arenys de Munt;total;total;població;;9444
2024;Argelaguer;total;homes;població;;234
2024;Argelaguer;total;dones;població;;217
2024;Argelaguer;total;total;població;;451
2024;Argençola;total;homes;població;;123
2024;Argençola;total;dones;població;;118
2024;Argençola;total;total;població;;241
2024;Argentera, l';total;homes;població;;75
2024;Argentera, l';total;dones;població;;54
2024;Argentera, l';total;total;població;;129
2024;Argentona;total;homes;població;;6344
2024;Argentona;total;dones;població;;6506
2024;Argentona;total;total;població;;12850
2024;Armentera, l';total;homes;població;;540
2024;Armentera, l';total;dones;població;;530
2024;Armentera, l';total;total;població;;1070
2024;Arnes;total;homes;població;;232
2024;Arnes;total;dones;població;;231
2024;Arnes;total;total;població;;463
2024;Arres;total;homes;població;;44
2024;Arres;total;dones;població;;19
2024;Arres;total;total;població;;63
2024;Arsèguel;total;homes;població;;41
2024;Arsèguel;total;dones;població;;37
2024;Arsèguel;total;total;població;;78
2024;Artés;total;homes;població;;3033
2024;Artés;total;dones;població;;3018
2024;Artés;total;total;població;;6051
2024;Artesa de Lleida;total;homes;població;;818
2024;Artesa de Lleida;total;dones;població;;718
2024;Artesa de Lleida;total;total;població;;1536
2024;Artesa de Segre;total;homes;població;;1814
2024;Artesa de Segre;total;dones;població;;1705
2024;Artesa de Segre;total;total;població;;3519
2024;Ascó;total;homes;població;;828
2024;Ascó;total;dones;població;;781
2024;Ascó;total;total;població;;1609
2024;Aspa;total;homes;població;;114
2024;Aspa;total;dones;població;;105
2024;Aspa;total;total;població;;219
2024;Avellanes i Santa Linya, les;total;homes;població;;234
2024;Avellanes i Santa Linya, les;total;dones;població;;196
2024;Avellanes i Santa Linya, les;total;total;població;;430
2024;Avià;total;homes;població;;1116
2024;Avià;total;dones;població;;1126
2024;Avià;total;total;població;;2242
2024;Avinyó;total;homes;població;;1167
2024;Avinyó;total;dones;població;;1144
2024;Avinyó;total;total;població;;2311
2024;Avinyonet de Puigventós;total;homes;població;;844
2024;Avinyonet de Puigventós;total;dones;població;;845
2024;Avinyonet de Puigventós;total;total;població;;1689
2024;Avinyonet del Penedès;total;homes;població;;925
2024;Avinyonet del Penedès;total;dones;població;;820
2024;Avinyonet del Penedès;total;total;població;;1745
2024;Badalona;total;homes;població;;111220
2024;Badalona;total;dones;població;;114999
2024;Badalona;total;total;població;;226219
2024;Badia del Vallès;total;homes;població;;6389
2024;Badia del Vallès;total;dones;població;;6720
2024;Badia del Vallès;total;total;població;;13109
2024;Bagà;total;homes;població;;1076
2024;Bagà;total;dones;població;;1105
2024;Bagà;total;total;població;;2181
2024;Baix Pallars;total;homes;població;;192
2024;Baix Pallars;total;dones;població;;152
2024;Baix Pallars;total;total;població;;344
2024;Balaguer;total;homes;població;;9005
2024;Balaguer;total;dones;població;;8592
2024;Balaguer;total;total;població;;17597
2024;Balenyà;total;homes;població;;2042
2024;Balenyà;total;dones;població;;1957
2024;Balenyà;total;total;població;;3999
2024;Balsareny;total;homes;població;;1676
2024;Balsareny;total;dones;població;;1649
2024;Balsareny;total;total;població;;3325
2024;Banyeres del Penedès;total;homes;població;;1666
2024;Banyeres del Penedès;total;dones;població;;1674
2024;Banyeres del Penedès;total;total;població;;3340
2024;Banyoles;total;homes;població;;10252
2024;Banyoles;total;dones;població;;10455
2024;Banyoles;total;total;població;;20707
2024;Barbens;total;homes;població;;516
2024;Barbens;total;dones;població;;392
2024;Barbens;total;total;població;;908
2024;Barberà de la Conca;total;homes;població;;262
2024;Barberà de la Conca;total;dones;població;;218
2024;Barberà de la Conca;total;total;població;;480
2024;Barberà del Vallès;total;homes;població;;16479
2024;Barberà del Vallès;total;dones;població;;17165
2024;Barberà del Vallès;total;total;població;;33644
2024;Barcelona;total;homes;població;;804018
2024;Barcelona;total;dones;població;;882190
2024;Barcelona;total;total;població;;1686208
2024;Baronia de Rialb, la;total;homes;població;;123
2024;Baronia de Rialb, la;total;dones;població;;107
2024;Baronia de Rialb, la;total;total;població;;230
2024;Bàscara;total;homes;població;;538
2024;Bàscara;total;dones;població;;517
2024;Bàscara;total;total;població;;1055
2024;Bassella;total;homes;població;;115
2024;Bassella;total;dones;població;;95
2024;Bassella;total;total;població;;210
2024;Batea;total;homes;població;;935
2024;Batea;total;dones;població;;946
2024;Batea;total;total;població;;1881
2024;Bausen;total;homes;població;;31
2024;Bausen;total;dones;població;;29
2024;Bausen;total;total;població;;60
2024;Begues;total;homes;població;;3689
2024;Begues;total;dones;població;;3750
2024;Begues;total;total;població;;7439
2024;Begur;total;homes;població;;2117
2024;Begur;total;dones;població;;2110
2024;Begur;total;total;població;;4227
2024;Belianes;total;homes;població;;249
2024;Belianes;total;dones;població;;269
2024;Belianes;total;total;població;;518
2024;Bellaguarda;total;homes;població;;153
2024;Bellaguarda;total;dones;població;;142
2024;Bellaguarda;total;total;població;;295
2024;Bellcaire d'Empordà;total;homes;població;;360
2024;Bellcaire d'Empordà;total;dones;població;;377
2024;Bellcaire d'Empordà;total;total;població;;737
2024;Bellcaire d'Urgell;total;homes;població;;616
2024;Bellcaire d'Urgell;total;dones;població;;610
2024;Bellcaire d'Urgell;total;total;població;;1226
2024;Bell-lloc d'Urgell;total;homes;població;;1174
2024;Bell-lloc d'Urgell;total;dones;població;;1173
2024;Bell-lloc d'Urgell;total;total;població;;2347
2024;Bellmunt d'Urgell;total;homes;població;;97
2024;Bellmunt d'Urgell;total;dones;població;;86
2024;Bellmunt d'Urgell;total;total;població;;183
2024;Bellmunt del Priorat;total;homes;població;;155
2024;Bellmunt del Priorat;total;dones;població;;139
2024;Bellmunt del Priorat;total;total;població;;294
2024;Bellprat;total;homes;població;;42
2024;Bellprat;total;dones;població;;27
2024;Bellprat;total;total;població;;69
2024;Bellpuig;total;homes;població;;2798
2024;Bellpuig;total;dones;població;;2448
2024;Bellpuig;total;total;població;;5246
2024;Bellvei;total;homes;població;;1243
2024;Bellvei;total;dones;població;;1166
2024;Bellvei;total;total;població;;2409
2024;Bellver de Cerdanya;total;homes;població;;1166
2024;Bellver de Cerdanya;total;dones;població;;1100
2024;Bellver de Cerdanya;total;total;població;;2266
2024;Bellvís;total;homes;població;;1165
2024;Bellvís;total;dones;població;;1086
2024;Bellvís;total;total;població;;2251
2024;Benavent de Segrià;total;homes;població;;822
2024;Benavent de Segrià;total;dones;població;;749
2024;Benavent de Segrià;total;total;població;;1571
2024;Benifallet;total;homes;població;;352
2024;Benifallet;total;dones;població;;372
2024;Benifallet;total;total;població;;724
2024;Benissanet;total;homes;població;;663
2024;Benissanet;total;dones;població;;529
2024;Benissanet;total;total;població;;1192
2024;Berga;total;homes;població;;8465
2024;Berga;total;dones;població;;8730
2024;Berga;total;total;població;;17195
2024;Besalú;total;homes;població;;1230
2024;Besalú;total;dones;població;;1347
2024;Besalú;total;total;població;;2577
2024;Bescanó;total;homes;població;;2582
2024;Bescanó;total;dones;població;;2540
2024;Bescanó;total;total;població;;5122
2024;Beuda;total;homes;població;;103
2024;Beuda;total;dones;població;;102
2024;Beuda;total;total;població;;205
2024;Bigues i Riells del Fai;total;homes;població;;5101
2024;Bigues i Riells del Fai;total;dones;població;;4934
2024;Bigues i Riells del Fai;total;total;població;;10035
2024;Biosca;total;homes;població;;97
2024;Biosca;total;dones;població;;80
2024;Biosca;total;total;població;;177
2024;Bisbal d'Empordà, la;total;homes;població;;5842
2024;Bisbal d'Empordà, la;total;dones;població;;5795
2024;Bisbal d'Empordà, la;total;total;població;;11637
2024;Bisbal de Montsant, la;total;homes;població;;118
2024;Bisbal de Montsant, la;total;dones;població;;89
2024;Bisbal de Montsant, la;total;total;població;;207
2024;Bisbal del Penedès, la;total;homes;població;;2175
2024;Bisbal del Penedès, la;total;dones;població;;2008
2024;Bisbal del Penedès, la;total;total;població;;4183
2024;Biure;total;homes;població;;122
2024;Biure;total;dones;població;;103
2024;Biure;total;total;població;;225
2024;Blancafort;total;homes;població;;199
2024;Blancafort;total;dones;població;;194
2024;Blancafort;total;total;població;;393
2024;Blanes;total;homes;població;;20805
2024;Blanes;total;dones;població;;21130
2024;Blanes;total;total;població;;41935
2024;Boadella i les Escaules;total;homes;població;;130
2024;Boadella i les Escaules;total;dones;població;;130
2024;Boadella i les Escaules;total;total;població;;260
2024;Bolvir;total;homes;població;;255
2024;Bolvir;total;dones;població;;242
2024;Bolvir;total;total;població;;497
2024;Bonastre;total;homes;població;;408
2024;Bonastre;total;dones;població;;354
2024;Bonastre;total;total;població;;762
2024;Bòrdes, Es;total;homes;població;;154
2024;Bòrdes, Es;total;dones;població;;127
2024;Bòrdes, Es;total;total;població;;281
2024;Bordils;total;homes;població;;904
2024;Bordils;total;dones;població;;897
2024;Bordils;total;total;població;;1801
2024;Borges Blanques, les;total;homes;població;;3237
2024;Borges Blanques, les;total;dones;població;;3103
2024;Borges Blanques, les;total;total;població;;6340
2024;Borges del Camp, les;total;homes;població;;1159
2024;Borges del Camp, les;total;dones;població;;1097
2024;Borges del Camp, les;total;total;població;;2256
2024;Borrassà;total;homes;població;;400
2024;Borrassà;total;dones;població;;374
2024;Borrassà;total;total;població;;774
2024;Borredà;total;homes;població;;240
2024;Borredà;total;dones;població;;186
2024;Borredà;total;total;població;;426
2024;Bossòst;total;homes;població;;568
2024;Bossòst;total;dones;població;;576
2024;Bossòst;total;total;població;;1144
2024;Bot;total;homes;població;;274
2024;Bot;total;dones;població;;278
2024;Bot;total;total;població;;552
2024;Botarell;total;homes;població;;606
2024;Botarell;total;dones;població;;564
2024;Botarell;total;total;població;;1170
2024;Bovera;total;homes;població;;136
2024;Bovera;total;dones;població;;117
2024;Bovera;total;total;població;;253
2024;Bràfim;total;homes;població;;344
2024;Bràfim;total;dones;població;;353
2024;Bràfim;total;total;població;;697
2024;Breda;total;homes;població;;1913
2024;Breda;total;dones;població;;2004
2024;Breda;total;total;població;;3917
2024;Bruc, el;total;homes;població;;1205
2024;Bruc, el;total;dones;població;;1088
2024;Bruc, el;total;total;població;;2293
2024;Brull, el;total;homes;població;;159
2024;Brull, el;total;dones;població;;134
2024;Brull, el;total;total;població;;293
2024;Brunyola i Sant Martí Sapresa;total;homes;població;;204
2024;Brunyola i Sant Martí Sapresa;total;dones;població;;189
2024;Brunyola i Sant Martí Sapresa;total;total;població;;393
2024;Cabacés;total;homes;població;;167
2024;Cabacés;total;dones;població;;134
2024;Cabacés;total;total;població;;301
2024;Cabanabona;total;homes;població;;29
2024;Cabanabona;total;dones;població;;36
2024;Cabanabona;total;total;població;;65
2024;Cabanelles;total;homes;població;;153
2024;Cabanelles;total;dones;població;;127
2024;Cabanelles;total;total;població;;280
2024;Cabanes;total;homes;població;;509
2024;Cabanes;total;dones;població;;466
2024;Cabanes;total;total;població;;975
2024;Cabanyes, les;total;homes;població;;510
2024;Cabanyes, les;total;dones;població;;501
2024;Cabanyes, les;total;total;població;;1011
2024;Cabó;total;homes;població;;51
2024;Cabó;total;dones;població;;40
2024;Cabó;total;total;població;;91
2024;Cabra del Camp;total;homes;població;;701
2024;Cabra del Camp;total;dones;població;;624
2024;Cabra del Camp;total;total;població;;1325
2024;Cabrera d'Anoia;total;homes;població;;908
2024;Cabrera d'Anoia;total;dones;població;;804
2024;Cabrera d'Anoia;total;total;població;;1712
2024;Cabrera de Mar;total;homes;població;;2527
2024;Cabrera de Mar;total;dones;població;;2487
2024;Cabrera de Mar;total;total;població;;5014
2024;Cabrils;total;homes;població;;3852
2024;Cabrils;total;dones;població;;3912
2024;Cabrils;total;total;població;;7764
2024;Cadaqués;total;homes;població;;1419
2024;Cadaqués;total;dones;població;;1475
2024;Cadaqués;total;total;població;;2894
2024;Calaf;total;homes;població;;1818
2024;Calaf;total;dones;població;;1777
2024;Calaf;total;total;població;;3595
2024;Calafell;total;homes;població;;15728
2024;Calafell;total;dones;població;;15839
2024;Calafell;total;total;població;;31567
2024;Calders;total;homes;població;;572
2024;Calders;total;dones;població;;542
2024;Calders;total;total;població;;1114
2024;Caldes d'Estrac;total;homes;població;;1554
2024;Caldes d'Estrac;total;dones;població;;1687
2024;Caldes d'Estrac;total;total;població;;3241
2024;Caldes de Malavella;total;homes;població;;4195
2024;Caldes de Malavella;total;dones;població;;4250
2024;Caldes de Malavella;total;total;població;;8445
2024;Caldes de Montbui;total;homes;població;;9133
2024;Caldes de Montbui;total;dones;població;;9201
2024;Caldes de Montbui;total;total;població;;18334
2024;Calella;total;homes;població;;9725
2024;Calella;total;dones;població;;10482
2024;Calella;total;total;població;;20207
2024;Calldetenes;total;homes;població;;1374
2024;Calldetenes;total;dones;població;;1316
2024;Calldetenes;total;total;població;;2690
2024;Callús;total;homes;població;;1040
2024;Callús;total;dones;població;;1111
2024;Callús;total;total;població;;2151
2024;Calonge de Segarra;total;homes;població;;91
2024;Calonge de Segarra;total;dones;població;;83
2024;Calonge de Segarra;total;total;població;;174
2024;Calonge i Sant Antoni;total;homes;població;;6088
2024;Calonge i Sant Antoni;total;dones;població;;6115
2024;Calonge i Sant Antoni;total;total;població;;12203
2024;Camarasa;total;homes;població;;418
2024;Camarasa;total;dones;població;;400
2024;Camarasa;total;total;població;;818
2024;Camarles;total;homes;població;;1752
2024;Camarles;total;dones;població;;1676
2024;Camarles;total;total;població;;3428
2024;Cambrils;total;homes;població;;17858
2024;Cambrils;total;dones;població;;18828
2024;Cambrils;total;total;població;;36686
2024;Camós;total;homes;població;;348
2024;Camós;total;dones;població;;365
2024;Camós;total;total;població;;713
2024;Campdevànol;total;homes;població;;1596
2024;Campdevànol;total;dones;població;;1654
2024;Campdevànol;total;total;població;;3250
2024;Campelles;total;homes;població;;86
2024;Campelles;total;dones;població;;79
2024;Campelles;total;total;població;;165
2024;Campins;total;homes;població;;302
2024;Campins;total;dones;població;;307
2024;Campins;total;total;població;;609
2024;Campllong;total;homes;població;;271
2024;Campllong;total;dones;població;;273
2024;Campllong;total;total;població;;544
2024;Camprodon;total;homes;població;;1224
2024;Camprodon;total;dones;població;;1297
2024;Camprodon;total;total;població;;2521
2024;Canejan;total;homes;població;;48
2024;Canejan;total;dones;població;;53
2024;Canejan;total;total;població;;101
2024;Canet d'Adri;total;homes;població;;373
2024;Canet d'Adri;total;dones;població;;371
2024;Canet d'Adri;total;total;població;;744
2024;Canet de Mar;total;homes;població;;7357
2024;Canet de Mar;total;dones;població;;7778
2024;Canet de Mar;total;total;població;;15135
2024;Canonja, la;total;homes;població;;2897
2024;Canonja, la;total;dones;població;;3039
2024;Canonja, la;total;total;població;;5936
2024;Canovelles;total;homes;població;;8925
2024;Canovelles;total;dones;població;;8339
2024;Canovelles;total;total;població;;17264
2024;Cànoves i Samalús;total;homes;població;;1688
2024;Cànoves i Samalús;total;dones;població;;1621
2024;Cànoves i Samalús;total;total;població;;3309
2024;Cantallops;total;homes;població;;169
2024;Cantallops;total;dones;població;;177
2024;Cantallops;total;total;població;;346
2024;Canyelles;total;homes;població;;2802
2024;Canyelles;total;dones;població;;2558
2024;Canyelles;total;total;població;;5360
2024;Capafonts;total;homes;població;;59
2024;Capafonts;total;dones;població;;47
2024;Capafonts;total;total;població;;106
2024;Capçanes;total;homes;població;;213
2024;Capçanes;total;dones;població;;213
2024;Capçanes;total;total;població;;426
2024;Capellades;total;homes;població;;2779
2024;Capellades;total;dones;població;;2779
2024;Capellades;total;total;població;;5558
2024;Capmany;total;homes;població;;355
2024;Capmany;total;dones;població;;336
2024;Capmany;total;total;població;;691
2024;Capolat;total;homes;població;;43
2024;Capolat;total;dones;població;;49
2024;Capolat;total;total;població;;92
2024;Cardedeu;total;homes;població;;9193
2024;Cardedeu;total;dones;població;;9898
2024;Cardedeu;total;total;població;;19091
2024;Cardona;total;homes;població;;2255
2024;Cardona;total;dones;població;;2311
2024;Cardona;total;total;població;;4566
2024;Carme;total;homes;població;;425
2024;Carme;total;dones;població;;394
2024;Carme;total;total;població;;819
2024;Caseres;total;homes;població;;117
2024;Caseres;total;dones;població;;123
2024;Caseres;total;total;població;;240
2024;Cassà de la Selva;total;homes;població;;5560
2024;Cassà de la Selva;total;dones;població;;5381
2024;Cassà de la Selva;total;total;població;;10941
2024;Casserres;total;homes;població;;832
2024;Casserres;total;dones;població;;843
2024;Casserres;total;total;població;;1675
2024;Castell d'Aro, Platja d'Aro i s'Agaró;total;homes;població;;6255
2024;Castell d'Aro, Platja d'Aro i s'Agaró;total;dones;població;;6518
2024;Castell d'Aro, Platja d'Aro i s'Agaró;total;total;població;;12773
2024;Castell de l'Areny;total;homes;població;;39
2024;Castell de l'Areny;total;dones;població;;30
2024;Castell de l'Areny;total;total;població;;69
2024;Castell de Mur;total;homes;població;;98
2024;Castell de Mur;total;dones;població;;77
2024;Castell de Mur;total;total;població;;175
2024;Castellar de la Ribera;total;homes;població;;75
2024;Castellar de la Ribera;total;dones;població;;69
2024;Castellar de la Ribera;total;total;població;;144
2024;Castellar de n'Hug;total;homes;població;;85
2024;Castellar de n'Hug;total;dones;població;;79
2024;Castellar de n'Hug;total;total;població;;164
2024;Castellar del Riu;total;homes;població;;90
2024;Castellar del Riu;total;dones;població;;73
2024;Castellar del Riu;total;total;població;;163
2024;Castellar del Vallès;total;homes;població;;12475
2024;Castellar del Vallès;total;dones;població;;12826
2024;Castellar del Vallès;total;total;població;;25301
2024;Castellbell i el Vilar;total;homes;població;;2127
2024;Castellbell i el Vilar;total;dones;població;;2003
2024;Castellbell i el Vilar;total;total;població;;4130
2024;Castellbisbal;total;homes;població;;6495
2024;Castellbisbal;total;dones;població;;6470
2024;Castellbisbal;total;total;població;;12965
2024;Castellcir;total;homes;població;;397
2024;Castellcir;total;dones;població;;381
2024;Castellcir;total;total;població;;778
2024;Castelldans;total;homes;població;;460
2024;Castelldans;total;dones;població;;431
2024;Castelldans;total;total;població;;891
2024;Castelldefels;total;homes;població;;33781
2024;Castelldefels;total;dones;població;;35415
2024;Castelldefels;total;total;població;;69196
2024;Castellet i la Gornal;total;homes;població;;1379
2024;Castellet i la Gornal;total;dones;població;;1286
2024;Castellet i la Gornal;total;total;població;;2665
2024;Castellfollit de la Roca;total;homes;població;;483
2024;Castellfollit de la Roca;total;dones;població;;464
2024;Castellfollit de la Roca;total;total;població;;947
2024;Castellfollit de Riubregós;total;homes;població;;84
2024;Castellfollit de Riubregós;total;dones;població;;67
2024;Castellfollit de Riubregós;total;total;població;;151
2024;Castellfollit del Boix;total;homes;població;;236
2024;Castellfollit del Boix;total;dones;població;;224
2024;Castellfollit del Boix;total;total;població;;460
2024;Castellgalí;total;homes;població;;1211
2024;Castellgalí;total;dones;població;;1128
2024;Castellgalí;total;total;població;;2339
2024;Castellnou de Bages;total;homes;població;;744
2024;Castellnou de Bages;total;dones;població;;686
2024;Castellnou de Bages;total;total;població;;1430
2024;Castellnou de Seana;total;homes;població;;384
2024;Castellnou de Seana;total;dones;població;;344
2024;Castellnou de Seana;total;total;població;;728
2024;Castelló d'Empúries;total;homes;població;;6230
2024;Castelló d'Empúries;total;dones;població;;5902
2024;Castelló d'Empúries;total;total;població;;12132
2024;Castelló de Farfanya;total;homes;població;;287
2024;Castelló de Farfanya;total;dones;població;;256
2024;Castelló de Farfanya;total;total;població;;543
2024;Castellolí;total;homes;població;;309
2024;Castellolí;total;dones;població;;350
2024;Castellolí;total;total;població;;659
2024;Castellserà;total;homes;població;;511
2024;Castellserà;total;dones;població;;481
2024;Castellserà;total;total;població;;992
2024;Castellterçol;total;homes;població;;1431
2024;Castellterçol;total;dones;població;;1335
2024;Castellterçol;total;total;població;;2766
2024;Castellvell del Camp;total;homes;població;;1499
2024;Castellvell del Camp;total;dones;població;;1492
2024;Castellvell del Camp;total;total;població;;2991
2024;Castellví de la Marca;total;homes;població;;888
2024;Castellví de la Marca;total;dones;població;;826
2024;Castellví de la Marca;total;total;població;;1714
2024;Castellví de Rosanes;total;homes;població;;1032
2024;Castellví de Rosanes;total;dones;població;;1066
2024;Castellví de Rosanes;total;total;població;;2098
2024;Catllar, el;total;homes;població;;2720
2024;Catllar, el;total;dones;població;;2495
2024;Catllar, el;total;total;població;;5215
2024;Cava;total;homes;població;;27
2024;Cava;total;dones;població;;13
2024;Cava;total;total;població;;40
2024;Cellera de Ter, la;total;homes;població;;1000
2024;Cellera de Ter, la;total;dones;població;;1013
2024;Cellera de Ter, la;total;total;població;;2013
2024;Celrà;total;homes;població;;2779
2024;Celrà;total;dones;població;;2774
2024;Celrà;total;total;població;;5553
2024;Centelles;total;homes;població;;3803
2024;Centelles;total;dones;població;;3968
2024;Centelles;total;total;població;;7771
2024;Cercs;total;homes;població;;607
2024;Cercs;total;dones;població;;586
2024;Cercs;total;total;població;;1193
2024;Cerdanyola del Vallès;total;homes;població;;28051
2024;Cerdanyola del Vallès;total;dones;població;;29780
2024;Cerdanyola del Vallès;total;total;població;;57831
2024;Cervelló;total;homes;població;;4857
2024;Cervelló;total;dones;població;;4776
2024;Cervelló;total;total;població;;9633
2024;Cervera;total;homes;població;;4885
2024;Cervera;total;dones;població;;4668
2024;Cervera;total;total;població;;9553
2024;Cervià de les Garrigues;total;homes;població;;347
2024;Cervià de les Garrigues;total;dones;població;;293
2024;Cervià de les Garrigues;total;total;població;;640
2024;Cervià de Ter;total;homes;població;;509
2024;Cervià de Ter;total;dones;població;;488
2024;Cervià de Ter;total;total;població;;997
2024;Cistella;total;homes;població;;147
2024;Cistella;total;dones;població;;147
2024;Cistella;total;total;població;;294
2024;Ciutadilla;total;homes;població;;104
2024;Ciutadilla;total;dones;població;;90
2024;Ciutadilla;total;total;població;;194
2024;Clariana de Cardener;total;homes;població;;84
2024;Clariana de Cardener;total;dones;població;;76
2024;Clariana de Cardener;total;total;població;;160
2024;Cogul, el;total;homes;població;;89
2024;Cogul, el;total;dones;població;;73
2024;Cogul, el;total;total;població;;162
2024;Colera;total;homes;població;;252
2024;Colera;total;dones;població;;238
2024;Colera;total;total;població;;490
2024;Coll de Nargó;total;homes;població;;315
2024;Coll de Nargó;total;dones;població;;268
2024;Coll de Nargó;total;total;població;;583
2024;Collbató;total;homes;població;;2491
2024;Collbató;total;dones;població;;2356
2024;Collbató;total;total;població;;4847
2024;Colldejou;total;homes;població;;92
2024;Colldejou;total;dones;població;;69
2024;Colldejou;total;total;població;;161
2024;Collsuspina;total;homes;població;;196
2024;Collsuspina;total;dones;població;;194
2024;Collsuspina;total;total;població;;390
2024;Colomers;total;homes;població;;107
2024;Colomers;total;dones;població;;98
2024;Colomers;total;total;població;;205
2024;Coma i la Pedra, la;total;homes;població;;160
2024;Coma i la Pedra, la;total;dones;població;;123
2024;Coma i la Pedra, la;total;total;població;;283
2024;Conca de Dalt;total;homes;població;;233
2024;Conca de Dalt;total;dones;població;;202
2024;Conca de Dalt;total;total;població;;435
2024;Conesa;total;homes;població;;59
2024;Conesa;total;dones;població;;54
2024;Conesa;total;total;població;;113
2024;Constantí;total;homes;població;;3532
2024;Constantí;total;dones;població;;3389
2024;Constantí;total;total;població;;6921
2024;Copons;total;homes;població;;180
2024;Copons;total;dones;població;;172
2024;Copons;total;total;població;;352
2024;Corbera d'Ebre;total;homes;població;;537
2024;Corbera d'Ebre;total;dones;població;;479
2024;Corbera d'Ebre;total;total;població;;1016
2024;Corbera de Llobregat;total;homes;població;;8029
2024;Corbera de Llobregat;total;dones;població;;7754
2024;Corbera de Llobregat;total;total;població;;15783
2024;Corbins;total;homes;població;;803
2024;Corbins;total;dones;població;;680
2024;Corbins;total;total;població;;1483
2024;Corçà;total;homes;població;;658
2024;Corçà;total;dones;població;;624
2024;Corçà;total;total;població;;1282
2024;Cornellà de Llobregat;total;homes;població;;44132
2024;Cornellà de Llobregat;total;dones;població;;47064
2024;Cornellà de Llobregat;total;total;població;;91196
2024;Cornellà del Terri;total;homes;població;;1194
2024;Cornellà del Terri;total;dones;població;;1200
2024;Cornellà del Terri;total;total;població;;2394
2024;Cornudella de Montsant;total;homes;població;;545
2024;Cornudella de Montsant;total;dones;població;;488
2024;Cornudella de Montsant;total;total;població;;1033
2024;Creixell;total;homes;població;;2077
2024;Creixell;total;dones;població;;2092
2024;Creixell;total;total;població;;4169
2024;Crespià;total;homes;població;;133
2024;Crespià;total;dones;població;;118
2024;Crespià;total;total;població;;251
2024;Cruïlles, Monells i Sant Sadurní de l'Heura;total;homes;població;;675
2024;Cruïlles, Monells i Sant Sadurní de l'Heura;total;dones;població;;648
2024;Cruïlles, Monells i Sant Sadurní de l'Heura;total;total;població;;1323
2024;Cubelles;total;homes;població;;8704
2024;Cubelles;total;dones;població;;8596
2024;Cubelles;total;total;població;;17300
2024;Cubells;total;homes;població;;179
2024;Cubells;total;dones;població;;163
2024;Cubells;total;total;població;;342
2024;Cunit;total;homes;població;;7763
2024;Cunit;total;dones;població;;7987
2024;Cunit;total;total;població;;15750
2024;Darnius;total;homes;població;;293
2024;Darnius;total;dones;població;;256
2024;Darnius;total;total;població;;549
2024;Das;total;homes;població;;144
2024;Das;total;dones;població;;126
2024;Das;total;total;població;;270
2024;Deltebre;total;homes;població;;6020
2024;Deltebre;total;dones;població;;5921
2024;Deltebre;total;total;població;;11941
2024;Dosrius;total;homes;població;;3087
2024;Dosrius;total;dones;població;;3065
2024;Dosrius;total;total;població;;6152
2024;Duesaigües;total;homes;població;;121
2024;Duesaigües;total;dones;població;;102
2024;Duesaigües;total;total;població;;223
2024;Escala, l';total;homes;població;;5299
2024;Escala, l';total;dones;població;;5331
2024;Escala, l';total;total;població;;10630
2024;Esparreguera;total;homes;població;;11368
2024;Esparreguera;total;dones;població;;11131
2024;Esparreguera;total;total;població;;22499
2024;Espinelves;total;homes;població;;119
2024;Espinelves;total;dones;població;;135
2024;Espinelves;total;total;població;;254
2024;Espluga Calba, l';total;homes;població;;170
2024;Espluga Calba, l';total;dones;població;;162
2024;Espluga Calba, l';total;total;població;;332
2024;Espluga de Francolí, l';total;homes;població;;1899
2024;Espluga de Francolí, l';total;dones;població;;1951
2024;Espluga de Francolí, l';total;total;població;;3850
2024;Esplugues de Llobregat;total;homes;població;;22657
2024;Esplugues de Llobregat;total;dones;població;;25043
2024;Esplugues de Llobregat;total;total;població;;47700
2024;Espolla;total;homes;població;;206
2024;Espolla;total;dones;població;;206
2024;Espolla;total;total;població;;412
2024;Esponellà;total;homes;població;;226
2024;Esponellà;total;dones;població;;212
2024;Esponellà;total;total;població;;438
2024;Espot;total;homes;població;;211
2024;Espot;total;dones;població;;168
2024;Espot;total;total;població;;379
2024;Espunyola, l';total;homes;població;;131
2024;Espunyola, l';total;dones;població;;132
2024;Espunyola, l';total;total;població;;263
2024;Esquirol, l';total;homes;població;;1133
2024;Esquirol, l';total;dones;població;;1142
2024;Esquirol, l';total;total;població;;2275
2024;Estamariu;total;homes;població;;77
2024;Estamariu;total;dones;població;;56
2024;Estamariu;total;total;població;;133
2024;Estany, l';total;homes;població;;218
2024;Estany, l';total;dones;població;;183
2024;Estany, l';total;total;població;;401
2024;Estaràs;total;homes;població;;81
2024;Estaràs;total;dones;població;;81
2024;Estaràs;total;total;població;;162
2024;Esterri d'Àneu;total;homes;població;;472
2024;Esterri d'Àneu;total;dones;població;;448
2024;Esterri d'Àneu;total;total;població;;920
2024;Esterri de Cardós;total;homes;població;;31
2024;Esterri de Cardós;total;dones;població;;32
2024;Esterri de Cardós;total;total;població;;63
2024;Falset;total;homes;població;;1486
2024;Falset;total;dones;població;;1389
2024;Falset;total;total;població;;2875
2024;Far d'Empordà, el;total;homes;població;;313
2024;Far d'Empordà, el;total;dones;població;;313
2024;Far d'Empordà, el;total;total;població;;626
2024;Farrera;total;homes;població;;73
2024;Farrera;total;dones;població;;55
2024;Farrera;total;total;població;;128
2024;Fatarella, la;total;homes;població;;427
2024;Fatarella, la;total;dones;població;;429
2024;Fatarella, la;total;total;població;;856
2024;Febró, la;total;homes;població;;22
2024;Febró, la;total;dones;població;;14
2024;Febró, la;total;total;població;;36
2024;Figaró-Montmany;total;homes;població;;573
2024;Figaró-Montmany;total;dones;població;;617
2024;Figaró-Montmany;total;total;població;;1190
2024;Fígols;total;homes;població;;21
2024;Fígols;total;dones;població;;21
2024;Fígols;total;total;població;;42
2024;Fígols i Alinyà;total;homes;població;;143
2024;Fígols i Alinyà;total;dones;població;;101
2024;Fígols i Alinyà;total;total;població;;244
2024;Figuera, la;total;homes;població;;68
2024;Figuera, la;total;dones;població;;55
2024;Figuera, la;total;total;població;;123
2024;Figueres;total;homes;població;;24122
2024;Figueres;total;dones;població;;24548
2024;Figueres;total;total;població;;48670
2024;Figuerola del Camp;total;homes;població;;170
2024;Figuerola del Camp;total;dones;població;;176
2024;Figuerola del Camp;total;total;població;;346
2024;Flaçà;total;homes;població;;547
2024;Flaçà;total;dones;població;;598
2024;Flaçà;total;total;població;;1145
2024;Flix;total;homes;població;;1687
2024;Flix;total;dones;població;;1636
2024;Flix;total;total;població;;3323
2024;Floresta, la;total;homes;població;;88
2024;Floresta, la;total;dones;població;;76
2024;Floresta, la;total;total;població;;164
2024;Fogars de la Selva;total;homes;població;;879
2024;Fogars de la Selva;total;dones;població;;799
2024;Fogars de la Selva;total;total;població;;1678
2024;Fogars de Montclús;total;homes;població;;276
2024;Fogars de Montclús;total;dones;població;;227
2024;Fogars de Montclús;total;total;població;;503
2024;Foixà;total;homes;població;;150
2024;Foixà;total;dones;població;;141
2024;Foixà;total;total;població;;291
2024;Folgueroles;total;homes;població;;1141
2024;Folgueroles;total;dones;població;;1121
2024;Folgueroles;total;total;població;;2262
2024;Fondarella;total;homes;població;;402
2024;Fondarella;total;dones;població;;405
2024;Fondarella;total;total;població;;807
2024;Fonollosa;total;homes;població;;801
2024;Fonollosa;total;dones;població;;783
2024;Fonollosa;total;total;població;;1584
2024;Fontanals de Cerdanya;total;homes;població;;277
2024;Fontanals de Cerdanya;total;dones;població;;254
2024;Fontanals de Cerdanya;total;total;població;;531
2024;Fontanilles;total;homes;població;;91
2024;Fontanilles;total;dones;població;;77
2024;Fontanilles;total;total;població;;168
2024;Fontcoberta;total;homes;població;;770
2024;Fontcoberta;total;dones;població;;731
2024;Fontcoberta;total;total;població;;1501
2024;Font-rubí;total;homes;població;;772
2024;Font-rubí;total;dones;població;;660
2024;Font-rubí;total;total;població;;1432
2024;Foradada;total;homes;població;;110
2024;Foradada;total;dones;població;;90
2024;Foradada;total;total;població;;200
2024;Forallac;total;homes;població;;853
2024;Forallac;total;dones;població;;908
2024;Forallac;total;total;població;;1761
2024;Forès;total;homes;població;;25
2024;Forès;total;dones;població;;15
2024;Forès;total;total;població;;40
2024;Fornells de la Selva;total;homes;població;;1387
2024;Fornells de la Selva;total;dones;població;;1393
2024;Fornells de la Selva;total;total;població;;2780
2024;Fortià;total;homes;població;;386
2024;Fortià;total;dones;població;;415
2024;Fortià;total;total;població;;801
2024;Franqueses del Vallès, les;total;homes;població;;10418
2024;Franqueses del Vallès, les;total;dones;població;;10249
2024;Franqueses del Vallès, les;total;total;població;;20667
2024;Freginals;total;homes;població;;235
2024;Freginals;total;dones;població;;190
2024;Freginals;total;total;població;;425
2024;Fuliola, la;total;homes;població;;622
2024;Fuliola, la;total;dones;població;;627
2024;Fuliola, la;total;total;població;;1249
2024;Fulleda;total;homes;població;;49
2024;Fulleda;total;dones;població;;43
2024;Fulleda;total;total;població;;92
2024;Gaià;total;homes;població;;89
2024;Gaià;total;dones;població;;89
2024;Gaià;total;total;població;;178
2024;Galera, la;total;homes;població;;368
2024;Galera, la;total;dones;població;;349
2024;Galera, la;total;total;població;;717
2024;Gallifa;total;homes;població;;94
2024;Gallifa;total;dones;població;;80
2024;Gallifa;total;total;població;;174
2024;Gandesa;total;homes;població;;1591
2024;Gandesa;total;dones;població;;1569
2024;Gandesa;total;total;població;;3160
2024;Garcia;total;homes;població;;271
2024;Garcia;total;dones;població;;269
2024;Garcia;total;total;població;;540
2024;Garidells, els;total;homes;població;;99
2024;Garidells, els;total;dones;població;;105
2024;Garidells, els;total;total;població;;204
2024;Garriga, la;total;homes;població;;8299
2024;Garriga, la;total;dones;població;;8978
2024;Garriga, la;total;total;població;;17277
2024;Garrigàs;total;homes;població;;246
2024;Garrigàs;total;dones;població;;224
2024;Garrigàs;total;total;població;;470
2024;Garrigoles;total;homes;població;;102
2024;Garrigoles;total;dones;població;;84
2024;Garrigoles;total;total;població;;186
2024;Garriguella;total;homes;població;;489
2024;Garriguella;total;dones;població;;478
2024;Garriguella;total;total;població;;967
2024;Gavà;total;homes;població;;23287
2024;Gavà;total;dones;població;;24674
2024;Gavà;total;total;població;;47961
2024;Gavet de la Conca;total;homes;població;;134
2024;Gavet de la Conca;total;dones;població;;128
2024;Gavet de la Conca;total;total;població;;262
2024;Gelida;total;homes;població;;4047
2024;Gelida;total;dones;població;;4031
2024;Gelida;total;total;població;;8078
2024;Ger;total;homes;població;;270
2024;Ger;total;dones;població;;224
2024;Ger;total;total;població;;494
2024;Gimenells i el Pla de la Font;total;homes;població;;581
2024;Gimenells i el Pla de la Font;total;dones;població;;514
2024;Gimenells i el Pla de la Font;total;total;població;;1095
2024;Ginestar;total;homes;població;;416
2024;Ginestar;total;dones;població;;384
2024;Ginestar;total;total;població;;800
2024;Girona;total;homes;població;;51319
2024;Girona;total;dones;població;;55157
2024;Girona;total;total;població;;106476
2024;Gironella;total;homes;població;;2503
2024;Gironella;total;dones;població;;2569
2024;Gironella;total;total;població;;5072
2024;Gisclareny;total;homes;població;;17
2024;Gisclareny;total;dones;població;;13
2024;Gisclareny;total;total;població;;30
2024;Godall;total;homes;població;;308
2024;Godall;total;dones;població;;313
2024;Godall;total;total;població;;621
2024;Golmés;total;homes;població;;971
2024;Golmés;total;dones;població;;942
2024;Golmés;total;total;població;;1913
2024;Gombrèn;total;homes;població;;95
2024;Gombrèn;total;dones;població;;102
2024;Gombrèn;total;total;població;;197
2024;Gósol;total;homes;població;;117
2024;Gósol;total;dones;població;;97
2024;Gósol;total;total;població;;214
2024;Granada, la;total;homes;població;;1122
2024;Granada, la;total;dones;població;;1141
2024;Granada, la;total;total;població;;2263
2024;Granadella, la;total;homes;població;;443
2024;Granadella, la;total;dones;població;;319
2024;Granadella, la;total;total;població;;762
2024;Granera;total;homes;població;;50
2024;Granera;total;dones;població;;33
2024;Granera;total;total;població;;83
2024;Granja d'Escarp, la;total;homes;població;;538
2024;Granja d'Escarp, la;total;dones;població;;403
2024;Granja d'Escarp, la;total;total;població;;941
2024;Granollers;total;homes;població;;31625
2024;Granollers;total;dones;població;;32272
2024;Granollers;total;total;població;;63897
2024;Granyanella;total;homes;població;;80
2024;Granyanella;total;dones;població;;60
2024;Granyanella;total;total;població;;140
2024;Granyena de les Garrigues;total;homes;població;;96
2024;Granyena de les Garrigues;total;dones;població;;68
2024;Granyena de les Garrigues;total;total;població;;164
2024;Granyena de Segarra;total;homes;població;;79
2024;Granyena de Segarra;total;dones;població;;68
2024;Granyena de Segarra;total;total;població;;147
2024;Gratallops;total;homes;població;;129
2024;Gratallops;total;dones;població;;103
2024;Gratallops;total;total;població;;232
2024;Gualba;total;homes;població;;890
2024;Gualba;total;dones;població;;853
2024;Gualba;total;total;població;;1743
2024;Gualta;total;homes;població;;258
2024;Gualta;total;dones;població;;170
2024;Gualta;total;total;població;;428
2024;Guardiola de Berguedà;total;homes;població;;480
2024;Guardiola de Berguedà;total;dones;població;;471
2024;Guardiola de Berguedà;total;total;població;;951
2024;Guiamets, els;total;homes;població;;130
2024;Guiamets, els;total;dones;població;;126
2024;Guiamets, els;total;total;població;;256
2024;Guils de Cerdanya;total;homes;població;;303
2024;Guils de Cerdanya;total;dones;població;;265
2024;Guils de Cerdanya;total;total;població;;568
2024;Guimerà;total;homes;població;;134
2024;Guimerà;total;dones;població;;115
2024;Guimerà;total;total;població;;249
2024;Guingueta d'Àneu, la;total;homes;població;;157
2024;Guingueta d'Àneu, la;total;dones;població;;126
2024;Guingueta d'Àneu, la;total;total;població;;283
2024;Guissona;total;homes;població;;4024
2024;Guissona;total;dones;població;;3562
2024;Guissona;total;total;població;;7586
2024;Guixers;total;homes;població;;78
2024;Guixers;total;dones;població;;57
2024;Guixers;total;total;població;;135
2024;Gurb;total;homes;població;;1397
2024;Gurb;total;dones;població;;1314
2024;Gurb;total;total;població;;2711
2024;Horta de Sant Joan;total;homes;població;;600
2024;Horta de Sant Joan;total;dones;població;;557
2024;Horta de Sant Joan;total;total;població;;1157
2024;Hospitalet de Llobregat, l';total;homes;població;;137382
2024;Hospitalet de Llobregat, l';total;dones;població;;144917
2024;Hospitalet de Llobregat, l';total;total;població;;282299
2024;Hostalets de Pierola, els;total;homes;població;;1654
2024;Hostalets de Pierola, els;total;dones;població;;1578
2024;Hostalets de Pierola, els;total;total;població;;3232
2024;Hostalric;total;homes;població;;2251
2024;Hostalric;total;dones;població;;2192
2024;Hostalric;total;total;població;;4443
2024;Igualada;total;homes;població;;20618
2024;Igualada;total;dones;població;;21137
2024;Igualada;total;total;població;;41755
2024;Isona i Conca Dellà;total;homes;població;;573
2024;Isona i Conca Dellà;total;dones;població;;469
2024;Isona i Conca Dellà;total;total;població;;1042
2024;Isòvol;total;homes;població;;179
2024;Isòvol;total;dones;població;;151
2024;Isòvol;total;total;població;;330
2024;Ivars d'Urgell;total;homes;població;;865
2024;Ivars d'Urgell;total;dones;població;;726
2024;Ivars d'Urgell;total;total;població;;1591
2024;Ivars de Noguera;total;homes;població;;173
2024;Ivars de Noguera;total;dones;població;;146
2024;Ivars de Noguera;total;total;població;;319
2024;Ivorra;total;homes;població;;60
2024;Ivorra;total;dones;població;;42
2024;Ivorra;total;total;població;;102
2024;Jafre;total;homes;població;;200
2024;Jafre;total;dones;població;;187
2024;Jafre;total;total;població;;387
2024;Jonquera, la;total;homes;població;;1681
2024;Jonquera, la;total;dones;població;;1680
2024;Jonquera, la;total;total;població;;3361
2024;Jorba;total;homes;població;;424
2024;Jorba;total;dones;població;;403
2024;Jorba;total;total;població;;827
2024;Josa i Tuixén;total;homes;població;;74
2024;Josa i Tuixén;total;dones;població;;49
2024;Josa i Tuixén;total;total;població;;123
2024;Juià;total;homes;població;;183
2024;Juià;total;dones;població;;162
2024;Juià;total;total;població;;345
2024;Juncosa;total;homes;població;;205
2024;Juncosa;total;dones;població;;184
2024;Juncosa;total;total;població;;389
2024;Juneda;total;homes;població;;1878
2024;Juneda;total;dones;població;;1645
2024;Juneda;total;total;població;;3523
2024;Les;total;homes;població;;535
2024;Les;total;dones;població;;496
2024;Les;total;total;població;;1031
2024;Linyola;total;homes;població;;1388
2024;Linyola;total;dones;població;;1349
2024;Linyola;total;total;població;;2737
2024;Llacuna, la;total;homes;població;;513
2024;Llacuna, la;total;dones;població;;471
2024;Llacuna, la;total;total;població;;984
2024;Lladó;total;homes;població;;419
2024;Lladó;total;dones;població;;409
2024;Lladó;total;total;població;;828
2024;Lladorre;total;homes;població;;138
2024;Lladorre;total;dones;població;;116
2024;Lladorre;total;total;població;;254
2024;Lladurs;total;homes;població;;98
2024;Lladurs;total;dones;població;;87
2024;Lladurs;total;total;població;;185
2024;Llagosta, la;total;homes;població;;6450
2024;Llagosta, la;total;dones;població;;6620
2024;Llagosta, la;total;total;població;;13070
2024;Llagostera;total;homes;població;;4794
2024;Llagostera;total;dones;població;;4692
2024;Llagostera;total;total;població;;9486
2024;Llambilles;total;homes;població;;375
2024;Llambilles;total;dones;població;;353
2024;Llambilles;total;total;població;;728
2024;Llanars;total;homes;població;;258
2024;Llanars;total;dones;població;;257
2024;Llanars;total;total;població;;515
2024;Llançà;total;homes;població;;2480
2024;Llançà;total;dones;població;;2568
2024;Llançà;total;total;població;;5048
2024;Llardecans;total;homes;població;;226
2024;Llardecans;total;dones;població;;201
2024;Llardecans;total;total;població;;427
2024;Llavorsí;total;homes;població;;168
2024;Llavorsí;total;dones;població;;168
2024;Llavorsí;total;total;població;;336
2024;Lleida;total;homes;població;;72346
2024;Lleida;total;dones;població;;72532
2024;Lleida;total;total;població;;144878
2024;Llers;total;homes;població;;635
2024;Llers;total;dones;població;;627
2024;Llers;total;total;població;;1262
2024;Lles de Cerdanya;total;homes;població;;166
2024;Lles de Cerdanya;total;dones;població;;122
2024;Lles de Cerdanya;total;total;població;;288
2024;Lliçà d'Amunt;total;homes;població;;8239
2024;Lliçà d'Amunt;total;dones;població;;7986
2024;Lliçà d'Amunt;total;total;població;;16225
2024;Lliçà de Vall;total;homes;població;;3480
2024;Lliçà de Vall;total;dones;població;;3378
2024;Lliçà de Vall;total;total;població;;6858
2024;Llimiana;total;homes;població;;74
2024;Llimiana;total;dones;població;;58
2024;Llimiana;total;total;població;;132
2024;Llinars del Vallès;total;homes;població;;5299
2024;Llinars del Vallès;total;dones;població;;5400
2024;Llinars del Vallès;total;total;població;;10699
2024;Llívia;total;homes;població;;812
2024;Llívia;total;dones;població;;749
2024;Llívia;total;total;població;;1561
2024;Lloar, el;total;homes;població;;51
2024;Lloar, el;total;dones;població;;49
2024;Lloar, el;total;total;població;;100
2024;Llobera;total;homes;població;;118
2024;Llobera;total;dones;població;;90
2024;Llobera;total;total;població;;208
2024;Llorac;total;homes;població;;56
2024;Llorac;total;dones;població;;46
2024;Llorac;total;total;població;;102
2024;Llorenç del Penedès;total;homes;població;;1200
2024;Llorenç del Penedès;total;dones;població;;1222
2024;Llorenç del Penedès;total;total;població;;2422
2024;Lloret de Mar;total;homes;població;;21150
2024;Lloret de Mar;total;dones;població;;20984
2024;Lloret de Mar;total;total;població;;42134
2024;Llosses, les;total;homes;població;;115
2024;Llosses, les;total;dones;població;;84
2024;Llosses, les;total;total;població;;199
2024;Lluçà;total;homes;població;;145
2024;Lluçà;total;dones;població;;144
2024;Lluçà;total;total;població;;289
2024;Maçanet de Cabrenys;total;homes;població;;392
2024;Maçanet de Cabrenys;total;dones;població;;383
2024;Maçanet de Cabrenys;total;total;població;;775
2024;Maçanet de la Selva;total;homes;població;;4119
2024;Maçanet de la Selva;total;dones;població;;3853
2024;Maçanet de la Selva;total;total;població;;7972
2024;Madremanya;total;homes;població;;144
2024;Madremanya;total;dones;població;;144
2024;Madremanya;total;total;població;;288
2024;Maià de Montcal;total;homes;població;;267
2024;Maià de Montcal;total;dones;població;;221
2024;Maià de Montcal;total;total;població;;488
2024;Maials;total;homes;població;;502
2024;Maials;total;dones;població;;414
2024;Maials;total;total;població;;916
2024;Maldà;total;homes;població;;120
2024;Maldà;total;dones;població;;119
2024;Maldà;total;total;població;;239
2024;Malgrat de Mar;total;homes;població;;9473
2024;Malgrat de Mar;total;dones;població;;9797
2024;Malgrat de Mar;total;total;població;;19270
2024;Malla;total;homes;població;;137
2024;Malla;total;dones;població;;137
2024;Malla;total;total;població;;274
2024;Manlleu;total;homes;població;;10676
2024;Manlleu;total;dones;població;;10615
2024;Manlleu;total;total;població;;21291
2024;Manresa;total;homes;població;;39227
2024;Manresa;total;dones;població;;40510
2024;Manresa;total;total;població;;79737
2024;Marçà;total;homes;població;;319
2024;Marçà;total;dones;població;;280
2024;Marçà;total;total;població;;599
2024;Margalef;total;homes;població;;65
2024;Margalef;total;dones;població;;43
2024;Margalef;total;total;població;;108
2024;Marganell;total;homes;població;;155
2024;Marganell;total;dones;població;;155
2024;Marganell;total;total;població;;310
2024;Martorell;total;homes;població;;14382
2024;Martorell;total;dones;població;;14101
2024;Martorell;total;total;població;;28483
2024;Martorelles;total;homes;població;;2496
2024;Martorelles;total;dones;població;;2488
2024;Martorelles;total;total;població;;4984
2024;Mas de Barberans;total;homes;població;;274
2024;Mas de Barberans;total;dones;població;;272
2024;Mas de Barberans;total;total;població;;546
2024;Masarac i Vilarnadal;total;homes;població;;160
2024;Masarac i Vilarnadal;total;dones;població;;136
2024;Masarac i Vilarnadal;total;total;població;;296
2024;Masdenverge;total;homes;població;;612
2024;Masdenverge;total;dones;població;;537
2024;Masdenverge;total;total;població;;1149
2024;Masies de Roda, les;total;homes;població;;385
2024;Masies de Roda, les;total;dones;població;;364
2024;Masies de Roda, les;total;total;població;;749
2024;Masies de Voltregà, les;total;homes;població;;1629
2024;Masies de Voltregà, les;total;dones;població;;1663
2024;Masies de Voltregà, les;total;total;població;;3292
2024;Masllorenç;total;homes;població;;316
2024;Masllorenç;total;dones;població;;251
2024;Masllorenç;total;total;població;;567
2024;Masnou, el;total;homes;població;;11737
2024;Masnou, el;total;dones;població;;12707
2024;Masnou, el;total;total;població;;24444
2024;Masó, la;total;homes;població;;149
2024;Masó, la;total;dones;població;;139
2024;Masó, la;total;total;població;;288
2024;Maspujols;total;homes;població;;465
2024;Maspujols;total;dones;població;;428
2024;Maspujols;total;total;població;;893
2024;Masquefa;total;homes;població;;5083
2024;Masquefa;total;dones;població;;4937
2024;Masquefa;total;total;població;;10020
2024;Masroig, el;total;homes;població;;264
2024;Masroig, el;total;dones;població;;216
2024;Masroig, el;total;total;població;;480
2024;Massalcoreig;total;homes;població;;324
2024;Massalcoreig;total;dones;població;;252
2024;Massalcoreig;total;total;població;;576
2024;Massanes;total;homes;població;;442
2024;Massanes;total;dones;població;;401
2024;Massanes;total;total;població;;843
2024;Massoteres;total;homes;població;;108
2024;Massoteres;total;dones;població;;104
2024;Massoteres;total;total;població;;212
2024;Matadepera;total;homes;població;;4962
2024;Matadepera;total;dones;població;;4901
2024;Matadepera;total;total;població;;9863
2024;Mataró;total;homes;població;;64876
2024;Mataró;total;dones;població;;66011
2024;Mataró;total;total;població;;130887
2024;Mediona;total;homes;població;;1357
2024;Mediona;total;dones;població;;1275
2024;Mediona;total;total;població;;2632
2024;Menàrguens;total;homes;població;;414
2024;Menàrguens;total;dones;població;;379
2024;Menàrguens;total;total;població;;793
2024;Meranges;total;homes;població;;62
2024;Meranges;total;dones;població;;49
2024;Meranges;total;total;població;;111
2024;Mieres;total;homes;població;;176
2024;Mieres;total;dones;població;;172
2024;Mieres;total;total;població;;348
2024;Milà, el;total;homes;població;;99
2024;Milà, el;total;dones;població;;98
2024;Milà, el;total;total;població;;197
2024;Miralcamp;total;homes;població;;719
2024;Miralcamp;total;dones;població;;670
2024;Miralcamp;total;total;població;;1389
2024;Miravet;total;homes;població;;361
2024;Miravet;total;dones;població;;322
2024;Miravet;total;total;població;;683
2024;Moià;total;homes;població;;3465
2024;Moià;total;dones;població;;3250
2024;Moià;total;total;població;;6715
2024;Molar, el;total;homes;població;;150
2024;Molar, el;total;dones;població;;158
2024;Molar, el;total;total;població;;308
2024;Molins de Rei;total;homes;població;;13099
2024;Molins de Rei;total;dones;població;;13831
2024;Molins de Rei;total;total;població;;26930
2024;Mollerussa;total;homes;població;;8102
2024;Mollerussa;total;dones;població;;7578
2024;Mollerussa;total;total;població;;15680
2024;Mollet de Peralada;total;homes;població;;112
2024;Mollet de Peralada;total;dones;població;;103
2024;Mollet de Peralada;total;total;població;;215
2024;Mollet del Vallès;total;homes;població;;25565
2024;Mollet del Vallès;total;dones;població;;26480
2024;Mollet del Vallès;total;total;població;;52045
2024;Molló;total;homes;població;;175
2024;Molló;total;dones;població;;198
2024;Molló;total;total;població;;373
2024;Molsosa, la;total;homes;població;;51
2024;Molsosa, la;total;dones;població;;54
2024;Molsosa, la;total;total;població;;105
2024;Monistrol de Calders;total;homes;població;;406
2024;Monistrol de Calders;total;dones;població;;356
2024;Monistrol de Calders;total;total;població;;762
2024;Monistrol de Montserrat;total;homes;població;;1651
2024;Monistrol de Montserrat;total;dones;població;;1537
2024;Monistrol de Montserrat;total;total;població;;3188
2024;Montagut i Oix;total;homes;població;;519
2024;Montagut i Oix;total;dones;població;;483
2024;Montagut i Oix;total;total;població;;1002
2024;Montblanc;total;homes;població;;3862
2024;Montblanc;total;dones;població;;3677
2024;Montblanc;total;total;població;;7539
2024;Montbrió del Camp;total;homes;població;;1612
2024;Montbrió del Camp;total;dones;població;;1525
2024;Montbrió del Camp;total;total;població;;3137
2024;Montcada i Reixac;total;homes;població;;18223
2024;Montcada i Reixac;total;dones;població;;18873
2024;Montcada i Reixac;total;total;població;;37096
2024;Montclar;total;homes;població;;67
2024;Montclar;total;dones;població;;65
2024;Montclar;total;total;població;;132
2024;Montellà i Martinet;total;homes;població;;328
2024;Montellà i Martinet;total;dones;població;;291
2024;Montellà i Martinet;total;total;població;;619
2024;Montesquiu;total;homes;població;;547
2024;Montesquiu;total;dones;població;;548
2024;Montesquiu;total;total;població;;1095
2024;Montferrer i Castellbò;total;homes;població;;621
2024;Montferrer i Castellbò;total;dones;població;;542
2024;Montferrer i Castellbò;total;total;població;;1163
2024;Montferri;total;homes;població;;253
2024;Montferri;total;dones;població;;220
2024;Montferri;total;total;població;;473
2024;Montgai;total;homes;població;;330
2024;Montgai;total;dones;població;;310
2024;Montgai;total;total;població;;640
2024;Montgat;total;homes;població;;6232
2024;Montgat;total;dones;població;;6414
2024;Montgat;total;total;població;;12646
2024;Montmajor;total;homes;població;;243
2024;Montmajor;total;dones;població;;231
2024;Montmajor;total;total;població;;474
2024;Montmaneu;total;homes;població;;111
2024;Montmaneu;total;dones;població;;89
2024;Montmaneu;total;total;població;;200
2024;Montmell, el;total;homes;població;;1030
2024;Montmell, el;total;dones;població;;886
2024;Montmell, el;total;total;població;;1916
2024;Montmeló;total;homes;població;;4374
2024;Montmeló;total;dones;població;;4513
2024;Montmeló;total;total;població;;8887
2024;Montoliu de Lleida;total;homes;població;;249
2024;Montoliu de Lleida;total;dones;població;;228
2024;Montoliu de Lleida;total;total;població;;477
2024;Montoliu de Segarra;total;homes;població;;103
2024;Montoliu de Segarra;total;dones;població;;78
2024;Montoliu de Segarra;total;total;població;;181
2024;Montornès de Segarra;total;homes;població;;40
2024;Montornès de Segarra;total;dones;població;;48
2024;Montornès de Segarra;total;total;població;;88
2024;Montornès del Vallès;total;homes;població;;8582
2024;Montornès del Vallès;total;dones;població;;8457
2024;Montornès del Vallès;total;total;població;;17039
2024;Mont-ral;total;homes;població;;99
2024;Mont-ral;total;dones;població;;86
2024;Mont-ral;total;total;població;;185
2024;Mont-ras;total;homes;població;;861
2024;Mont-ras;total;dones;població;;830
2024;Mont-ras;total;total;població;;1691
2024;Mont-roig del Camp;total;homes;població;;7295
2024;Mont-roig del Camp;total;dones;població;;6890
2024;Mont-roig del Camp;total;total;població;;14185
2024;Montseny;total;homes;població;;197
2024;Montseny;total;dones;població;;182
2024;Montseny;total;total;població;;379
2024;Móra d'Ebre;total;homes;població;;2906
2024;Móra d'Ebre;total;dones;població;;2833
2024;Móra d'Ebre;total;total;població;;5739
2024;Móra la Nova;total;homes;població;;1651
2024;Móra la Nova;total;dones;població;;1658
2024;Móra la Nova;total;total;població;;3309
2024;Morell, el;total;homes;població;;1975
2024;Morell, el;total;dones;població;;1876
2024;Morell, el;total;total;població;;3851
2024;Morera de Montsant, la;total;homes;població;;85
2024;Morera de Montsant, la;total;dones;població;;59
2024;Morera de Montsant, la;total;total;població;;144
2024;Muntanyola;total;homes;població;;375
2024;Muntanyola;total;dones;població;;337
2024;Muntanyola;total;total;població;;712
2024;Mura;total;homes;població;;121
2024;Mura;total;dones;població;;111
2024;Mura;total;total;població;;232
2024;Nalec;total;homes;població;;49
2024;Nalec;total;dones;població;;40
2024;Nalec;total;total;població;;89
2024;Naut Aran;total;homes;població;;986
2024;Naut Aran;total;dones;població;;910
2024;Naut Aran;total;total;població;;1896
2024;Navarcles;total;homes;població;;3029
2024;Navarcles;total;dones;població;;3129
2024;Navarcles;total;total;població;;6158
2024;Navàs;total;homes;població;;3044
2024;Navàs;total;dones;població;;3139
2024;Navàs;total;total;població;;6183
2024;Navata;total;homes;població;;728
2024;Navata;total;dones;població;;738
2024;Navata;total;total;població;;1466
2024;Navès;total;homes;població;;154
2024;Navès;total;dones;població;;148
2024;Navès;total;total;població;;302
2024;Nou de Berguedà, la;total;homes;població;;84
2024;Nou de Berguedà, la;total;dones;població;;79
2024;Nou de Berguedà, la;total;total;població;;163
2024;Nou de Gaià, la;total;homes;població;;302
2024;Nou de Gaià, la;total;dones;població;;309
2024;Nou de Gaià, la;total;total;població;;611
2024;Nulles;total;homes;població;;292
2024;Nulles;total;dones;població;;265
2024;Nulles;total;total;població;;557
2024;Odèn;total;homes;població;;130
2024;Odèn;total;dones;població;;101
2024;Odèn;total;total;població;;231
2024;Òdena;total;homes;població;;1886
2024;Òdena;total;dones;població;;1809
2024;Òdena;total;total;població;;3695
2024;Ogassa;total;homes;població;;124
2024;Ogassa;total;dones;població;;94
2024;Ogassa;total;total;població;;218
2024;Olèrdola;total;homes;població;;2057
2024;Olèrdola;total;dones;població;;1881
2024;Olèrdola;total;total;població;;3938
2024;Olesa de Bonesvalls;total;homes;població;;1086
2024;Olesa de Bonesvalls;total;dones;població;;1006
2024;Olesa de Bonesvalls;total;total;població;;2092
2024;Olesa de Montserrat;total;homes;població;;12317
2024;Olesa de Montserrat;total;dones;població;;12386
2024;Olesa de Montserrat;total;total;població;;24703
2024;Oliana;total;homes;població;;909
2024;Oliana;total;dones;població;;919
2024;Oliana;total;total;població;;1828
2024;Oliola;total;homes;població;;102
2024;Oliola;total;dones;població;;93
2024;Oliola;total;total;població;;195
2024;Olius;total;homes;població;;523
2024;Olius;total;dones;població;;480
2024;Olius;total;total;població;;1003
2024;Olivella;total;homes;població;;2316
2024;Olivella;total;dones;població;;2136
2024;Olivella;total;total;població;;4452
2024;Olost;total;homes;població;;602
2024;Olost;total;dones;població;;611
2024;Olost;total;total;població;;1213
2024;Olot;total;homes;població;;19812
2024;Olot;total;dones;població;;19024
2024;Olot;total;total;població;;38836
2024;Oluges, les;total;homes;població;;89
2024;Oluges, les;total;dones;població;;76
2024;Oluges, les;total;total;població;;165
2024;Olvan;total;homes;població;;456
2024;Olvan;total;dones;població;;454
2024;Olvan;total;total;població;;910
2024;Omellons, els;total;homes;població;;97
2024;Omellons, els;total;dones;població;;92
2024;Omellons, els;total;total;població;;189
2024;Omells de na Gaia, els;total;homes;població;;65
2024;Omells de na Gaia, els;total;dones;població;;56
2024;Omells de na Gaia, els;total;total;població;;121
2024;Ordis;total;homes;població;;214
2024;Ordis;total;dones;població;;182
2024;Ordis;total;total;població;;396
2024;Organyà;total;homes;població;;414
2024;Organyà;total;dones;població;;395
2024;Organyà;total;total;població;;809
2024;Orís;total;homes;població;;181
2024;Orís;total;dones;població;;168
2024;Orís;total;total;població;;349
2024;Oristà;total;homes;població;;298
2024;Oristà;total;dones;població;;273
2024;Oristà;total;total;població;;571
2024;Orpí;total;homes;població;;95
2024;Orpí;total;dones;població;;84
2024;Orpí;total;total;població;;179
2024;Òrrius;total;homes;població;;406
2024;Òrrius;total;dones;població;;400
2024;Òrrius;total;total;població;;806
2024;Os de Balaguer;total;homes;població;;546
2024;Os de Balaguer;total;dones;població;;526
2024;Os de Balaguer;total;total;població;;1072
2024;Osor;total;homes;població;;227
2024;Osor;total;dones;població;;195
2024;Osor;total;total;població;;422
2024;Ossó de Sió;total;homes;població;;101
2024;Ossó de Sió;total;dones;població;;94
2024;Ossó de Sió;total;total;població;;195
2024;Pacs del Penedès;total;homes;població;;479
2024;Pacs del Penedès;total;dones;població;;464
2024;Pacs del Penedès;total;total;població;;943
2024;Palafolls;total;homes;població;;5000
2024;Palafolls;total;dones;població;;4933
2024;Palafolls;total;total;població;;9933
2024;Palafrugell;total;homes;població;;12074
2024;Palafrugell;total;dones;població;;12171
2024;Palafrugell;total;total;població;;24245
2024;Palamós;total;homes;població;;9132
2024;Palamós;total;dones;població;;9487
2024;Palamós;total;total;població;;18619
2024;Palau d'Anglesola, el;total;homes;població;;1098
2024;Palau d'Anglesola, el;total;dones;població;;1102
2024;Palau d'Anglesola, el;total;total;població;;2200
2024;Palau de Santa Eulàlia;total;homes;població;;78
2024;Palau de Santa Eulàlia;total;dones;població;;58
2024;Palau de Santa Eulàlia;total;total;població;;136
2024;Palau-sator;total;homes;població;;173
2024;Palau-sator;total;dones;població;;132
2024;Palau-sator;total;total;població;;305
2024;Palau-saverdera;total;homes;població;;752
2024;Palau-saverdera;total;dones;població;;746
2024;Palau-saverdera;total;total;població;;1498
2024;Palau-solità i Plegamans;total;homes;població;;7549
2024;Palau-solità i Plegamans;total;dones;població;;7895
2024;Palau-solità i Plegamans;total;total;població;;15444
2024;Pallaresos, els;total;homes;població;;2535
2024;Pallaresos, els;total;dones;població;;2483
2024;Pallaresos, els;total;total;població;;5018
2024;Pallejà;total;homes;població;;5869
2024;Pallejà;total;dones;població;;5942
2024;Pallejà;total;total;població;;11811
2024;Palma d'Ebre, la;total;homes;població;;163
2024;Palma d'Ebre, la;total;dones;població;;172
2024;Palma d'Ebre, la;total;total;població;;335
2024;Palma de Cervelló, la;total;homes;població;;1489
2024;Palma de Cervelló, la;total;dones;població;;1559
2024;Palma de Cervelló, la;total;total;població;;3048
2024;Palol de Revardit;total;homes;població;;233
2024;Palol de Revardit;total;dones;població;;234
2024;Palol de Revardit;total;total;població;;467
2024;Pals;total;homes;població;;1329
2024;Pals;total;dones;població;;1254
2024;Pals;total;total;població;;2583
2024;Papiol, el;total;homes;població;;2183
2024;Papiol, el;total;dones;població;;2175
2024;Papiol, el;total;total;població;;4358
2024;Pardines;total;homes;població;;91
2024;Pardines;total;dones;població;;70
2024;Pardines;total;total;població;;161
2024;Parets del Vallès;total;homes;població;;9466
2024;Parets del Vallès;total;dones;població;;9413
2024;Parets del Vallès;total;total;població;;18879
2024;Parlavà;total;homes;població;;214
2024;Parlavà;total;dones;població;;215
2024;Parlavà;total;total;població;;429
2024;Passanant i Belltall;total;homes;població;;99
2024;Passanant i Belltall;total;dones;població;;63
2024;Passanant i Belltall;total;total;població;;162
2024;Pau;total;homes;població;;289
2024;Pau;total;dones;població;;301
2024;Pau;total;total;població;;590
2024;Paüls;total;homes;població;;273
2024;Paüls;total;dones;població;;270
2024;Paüls;total;total;població;;543
2024;Pedret i Marzà;total;homes;població;;90
2024;Pedret i Marzà;total;dones;població;;98
2024;Pedret i Marzà;total;total;població;;188
2024;Penelles;total;homes;població;;252
2024;Penelles;total;dones;població;;183
2024;Penelles;total;total;població;;435
2024;Pera, la;total;homes;població;;225
2024;Pera, la;total;dones;població;;227
2024;Pera, la;total;total;població;;452
2024;Perafita;total;homes;població;;226
2024;Perafita;total;dones;població;;212
2024;Perafita;total;total;població;;438
2024;Perafort;total;homes;població;;679
2024;Perafort;total;dones;població;;640
2024;Perafort;total;total;població;;1319
2024;Peralada;total;homes;població;;1012
2024;Peralada;total;dones;població;;1035
2024;Peralada;total;total;població;;2047
2024;Peramola;total;homes;població;;176
2024;Peramola;total;dones;població;;173
2024;Peramola;total;total;població;;349
2024;Perelló, el;total;homes;població;;1517
2024;Perelló, el;total;dones;població;;1416
2024;Perelló, el;total;total;població;;2933
2024;Piera;total;homes;població;;9062
2024;Piera;total;dones;població;;8498
2024;Piera;total;total;població;;17560
2024;Piles, les;total;homes;població;;128
2024;Piles, les;total;dones;població;;102
2024;Piles, les;total;total;població;;230
2024;Pineda de Mar;total;homes;població;;14563
2024;Pineda de Mar;total;dones;població;;14852
2024;Pineda de Mar;total;total;població;;29415
2024;Pinell de Brai, el;total;homes;població;;483
2024;Pinell de Brai, el;total;dones;població;;492
2024;Pinell de Brai, el;total;total;població;;975
2024;Pinell de Solsonès;total;homes;població;;114
2024;Pinell de Solsonès;total;dones;població;;89
2024;Pinell de Solsonès;total;total;població;;203
2024;Pinós;total;homes;població;;152
2024;Pinós;total;dones;població;;125
2024;Pinós;total;total;població;;277
2024;Pira;total;homes;població;;267
2024;Pira;total;dones;població;;232
2024;Pira;total;total;població;;499
2024;Pla de Santa Maria, el;total;homes;població;;1242
2024;Pla de Santa Maria, el;total;dones;població;;1149
2024;Pla de Santa Maria, el;total;total;població;;2391
2024;Pla del Penedès, el;total;homes;població;;682
2024;Pla del Penedès, el;total;dones;població;;670
2024;Pla del Penedès, el;total;total;població;;1352
2024;Planes d'Hostoles, les;total;homes;població;;890
2024;Planes d'Hostoles, les;total;dones;població;;858
2024;Planes d'Hostoles, les;total;total;població;;1748
2024;Planoles;total;homes;població;;174
2024;Planoles;total;dones;població;;132
2024;Planoles;total;total;població;;306
2024;Plans de Sió, els;total;homes;població;;283
2024;Plans de Sió, els;total;dones;població;;238
2024;Plans de Sió, els;total;total;població;;521
2024;Poal, el;total;homes;població;;332
2024;Poal, el;total;dones;població;;320
2024;Poal, el;total;total;població;;652
2024;Pobla de Cérvoles, la;total;homes;població;;116
2024;Pobla de Cérvoles, la;total;dones;població;;93
2024;Pobla de Cérvoles, la;total;total;població;;209
2024;Pobla de Claramunt, la;total;homes;població;;1203
2024;Pobla de Claramunt, la;total;dones;població;;1153
2024;Pobla de Claramunt, la;total;total;població;;2356
2024;Pobla de Lillet, la;total;homes;població;;532
2024;Pobla de Lillet, la;total;dones;població;;575
2024;Pobla de Lillet, la;total;total;població;;1107
2024;Pobla de Mafumet, la;total;homes;població;;2090
2024;Pobla de Mafumet, la;total;dones;població;;2037
2024;Pobla de Mafumet, la;total;total;població;;4127
2024;Pobla de Massaluca, la;total;homes;població;;191
2024;Pobla de Massaluca, la;total;dones;població;;153
2024;Pobla de Massaluca, la;total;total;població;;344
2024;Pobla de Montornès, la;total;homes;població;;1731
2024;Pobla de Montornès, la;total;dones;població;;1626
2024;Pobla de Montornès, la;total;total;població;;3357
2024;Pobla de Segur, la;total;homes;població;;1560
2024;Pobla de Segur, la;total;dones;població;;1483
2024;Pobla de Segur, la;total;total;població;;3043
2024;Poboleda;total;homes;població;;170
2024;Poboleda;total;dones;població;;163
2024;Poboleda;total;total;població;;333
2024;Polinyà;total;homes;població;;4297
2024;Polinyà;total;dones;població;;4262
2024;Polinyà;total;total;població;;8559
2024;Pont d'Armentera, el;total;homes;població;;247
2024;Pont d'Armentera, el;total;dones;població;;251
2024;Pont d'Armentera, el;total;total;població;;498
2024;Pont de Bar, el;total;homes;població;;94
2024;Pont de Bar, el;total;dones;població;;71
2024;Pont de Bar, el;total;total;població;;165
2024;Pont de Molins;total;homes;població;;284
2024;Pont de Molins;total;dones;població;;288
2024;Pont de Molins;total;total;població;;572
2024;Pont de Suert, el;total;homes;població;;1228
2024;Pont de Suert, el;total;dones;població;;1187
2024;Pont de Suert, el;total;total;població;;2415
2024;Pont de Vilomara i Rocafort, el;total;homes;població;;2135
2024;Pont de Vilomara i Rocafort, el;total;dones;població;;2004
2024;Pont de Vilomara i Rocafort, el;total;total;població;;4139
2024;Pontils;total;homes;població;;68
2024;Pontils;total;dones;població;;55
2024;Pontils;total;total;població;;123
2024;Pontons;total;homes;població;;289
2024;Pontons;total;dones;població;;229
2024;Pontons;total;total;població;;518
2024;Pontós;total;homes;població;;151
2024;Pontós;total;dones;població;;138
2024;Pontós;total;total;població;;289
2024;Ponts;total;homes;població;;1378
2024;Ponts;total;dones;població;;1292
2024;Ponts;total;total;població;;2670
2024;Porqueres;total;homes;població;;2368
2024;Porqueres;total;dones;població;;2414
2024;Porqueres;total;total;població;;4782
2024;Porrera;total;homes;població;;215
2024;Porrera;total;dones;població;;202
2024;Porrera;total;total;població;;417
2024;Port de la Selva, el;total;homes;població;;530
2024;Port de la Selva, el;total;dones;població;;528
2024;Port de la Selva, el;total;total;població;;1058
2024;Portbou;total;homes;població;;536
2024;Portbou;total;dones;població;;546
2024;Portbou;total;total;població;;1082
2024;Portella, la;total;homes;població;;407
2024;Portella, la;total;dones;població;;316
2024;Portella, la;total;total;població;;723
2024;Pradell de la Teixeta;total;homes;població;;93
2024;Pradell de la Teixeta;total;dones;població;;85
2024;Pradell de la Teixeta;total;total;població;;178
2024;Prades;total;homes;població;;358
2024;Prades;total;dones;població;;313
2024;Prades;total;total;població;;671
2024;Prat de Comte;total;homes;població;;99
2024;Prat de Comte;total;dones;població;;89
2024;Prat de Comte;total;total;població;;188
2024;Prat de Llobregat, el;total;homes;població;;32239
2024;Prat de Llobregat, el;total;dones;població;;33671
2024;Prat de Llobregat, el;total;total;població;;65910
2024;Pratdip;total;homes;població;;398
2024;Pratdip;total;dones;població;;365
2024;Pratdip;total;total;població;;763
2024;Prats de Lluçanès;total;homes;població;;1346
2024;Prats de Lluçanès;total;dones;població;;1350
2024;Prats de Lluçanès;total;total;població;;2696
2024;Prats de Rei, els;total;homes;població;;298
2024;Prats de Rei, els;total;dones;població;;256
2024;Prats de Rei, els;total;total;població;;554
2024;Prats i Sansor;total;homes;població;;138
2024;Prats i Sansor;total;dones;població;;116
2024;Prats i Sansor;total;total;població;;254
2024;Preixana;total;homes;població;;209
2024;Preixana;total;dones;població;;195
2024;Preixana;total;total;població;;404
2024;Preixens;total;homes;població;;207
2024;Preixens;total;dones;població;;183
2024;Preixens;total;total;població;;390
2024;Premià de Dalt;total;homes;població;;5267
2024;Premià de Dalt;total;dones;població;;5307
2024;Premià de Dalt;total;total;població;;10574
2024;Premià de Mar;total;homes;població;;14116
2024;Premià de Mar;total;dones;població;;14812
2024;Premià de Mar;total;total;població;;28928
2024;Preses, les;total;homes;població;;946
2024;Preses, les;total;dones;població;;978
2024;Preses, les;total;total;població;;1924
2024;Prullans;total;homes;població;;117
2024;Prullans;total;dones;població;;135
2024;Prullans;total;total;població;;252
2024;Puigcerdà;total;homes;població;;5034
2024;Puigcerdà;total;dones;població;;5007
2024;Puigcerdà;total;total;població;;10041
2024;Puigdàlber;total;homes;població;;310
2024;Puigdàlber;total;dones;població;;319
2024;Puigdàlber;total;total;població;;629
2024;Puiggròs;total;homes;població;;128
2024;Puiggròs;total;dones;població;;129
2024;Puiggròs;total;total;població;;257
2024;Puigpelat;total;homes;població;;630
2024;Puigpelat;total;dones;població;;578
2024;Puigpelat;total;total;població;;1208
2024;Puig-reig;total;homes;població;;2266
2024;Puig-reig;total;dones;població;;2216
2024;Puig-reig;total;total;població;;4482
2024;Puigverd d'Agramunt;total;homes;població;;137
2024;Puigverd d'Agramunt;total;dones;població;;110
2024;Puigverd d'Agramunt;total;total;població;;247
2024;Puigverd de Lleida;total;homes;població;;736
2024;Puigverd de Lleida;total;dones;població;;681
2024;Puigverd de Lleida;total;total;població;;1417
2024;Pujalt;total;homes;població;;117
2024;Pujalt;total;dones;població;;95
2024;Pujalt;total;total;població;;212
2024;Quar, la;total;homes;població;;29
2024;Quar, la;total;dones;població;;15
2024;Quar, la;total;total;població;;44
2024;Quart;total;homes;població;;2087
2024;Quart;total;dones;població;;2012
2024;Quart;total;total;població;;4099
2024;Queralbs;total;homes;població;;113
2024;Queralbs;total;dones;població;;93
2024;Queralbs;total;total;població;;206
2024;Querol;total;homes;població;;337
2024;Querol;total;dones;població;;258
2024;Querol;total;total;població;;595
2024;Rabós;total;homes;població;;116
2024;Rabós;total;dones;població;;123
2024;Rabós;total;total;població;;239
2024;Rajadell;total;homes;població;;309
2024;Rajadell;total;dones;població;;285
2024;Rajadell;total;total;població;;594
2024;Ràpita, la;total;homes;població;;7754
2024;Ràpita, la;total;dones;població;;8048
2024;Ràpita, la;total;total;població;;15802
2024;Rasquera;total;homes;població;;399
2024;Rasquera;total;dones;població;;397
2024;Rasquera;total;total;població;;796
2024;Regencós;total;homes;població;;147
2024;Regencós;total;dones;població;;132
2024;Regencós;total;total;població;;279
2024;Rellinars;total;homes;població;;495
2024;Rellinars;total;dones;població;;425
2024;Rellinars;total;total;població;;920
2024;Renau;total;homes;població;;80
2024;Renau;total;dones;població;;78
2024;Renau;total;total;població;;158
2024;Reus;total;homes;població;;53496
2024;Reus;total;dones;població;;56465
2024;Reus;total;total;població;;109961
2024;Rialp;total;homes;població;;335
2024;Rialp;total;dones;població;;328
2024;Rialp;total;total;població;;663
2024;Riba, la;total;homes;població;;315
2024;Riba, la;total;dones;població;;253
2024;Riba, la;total;total;població;;568
2024;Riba-roja d'Ebre;total;homes;població;;602
2024;Riba-roja d'Ebre;total;dones;població;;524
2024;Riba-roja d'Ebre;total;total;població;;1126
2024;Ribera d'Ondara;total;homes;població;;241
2024;Ribera d'Ondara;total;dones;població;;213
2024;Ribera d'Ondara;total;total;població;;454
2024;Ribera d'Urgellet;total;homes;població;;497
2024;Ribera d'Urgellet;total;dones;població;;463
2024;Ribera d'Urgellet;total;total;població;;960
2024;Ribes de Freser;total;homes;població;;942
2024;Ribes de Freser;total;dones;població;;904
2024;Ribes de Freser;total;total;població;;1846
2024;Riells i Viabrea;total;homes;població;;2291
2024;Riells i Viabrea;total;dones;població;;2206
2024;Riells i Viabrea;total;total;població;;4497
2024;Riera de Gaià, la;total;homes;població;;893
2024;Riera de Gaià, la;total;dones;població;;913
2024;Riera de Gaià, la;total;total;població;;1806
2024;Riner;total;homes;població;;127
2024;Riner;total;dones;població;;137
2024;Riner;total;total;població;;264
2024;Ripoll;total;homes;població;;5369
2024;Ripoll;total;dones;població;;5404
2024;Ripoll;total;total;població;;10773
2024;Ripollet;total;homes;població;;19513
2024;Ripollet;total;dones;població;;19917
2024;Ripollet;total;total;població;;39430
2024;Riu de Cerdanya;total;homes;població;;56
2024;Riu de Cerdanya;total;dones;població;;43
2024;Riu de Cerdanya;total;total;població;;99
2024;Riudarenes;total;homes;població;;1241
2024;Riudarenes;total;dones;població;;1203
2024;Riudarenes;total;total;població;;2444
2024;Riudaura;total;homes;població;;262
2024;Riudaura;total;dones;població;;266
2024;Riudaura;total;total;població;;528
2024;Riudecanyes;total;homes;població;;724
2024;Riudecanyes;total;dones;població;;635
2024;Riudecanyes;total;total;població;;1359
2024;Riudecols;total;homes;població;;638
2024;Riudecols;total;dones;població;;610
2024;Riudecols;total;total;població;;1248
2024;Riudellots de la Selva;total;homes;població;;1078
2024;Riudellots de la Selva;total;dones;població;;1050
2024;Riudellots de la Selva;total;total;població;;2128
2024;Riudoms;total;homes;població;;3538
2024;Riudoms;total;dones;població;;3416
2024;Riudoms;total;total;població;;6954
2024;Riumors;total;homes;població;;142
2024;Riumors;total;dones;població;;122
2024;Riumors;total;total;població;;264
2024;Roca del Vallès, la;total;homes;població;;5500
2024;Roca del Vallès, la;total;dones;població;;5456
2024;Roca del Vallès, la;total;total;població;;10956
2024;Rocafort de Queralt;total;homes;població;;132
2024;Rocafort de Queralt;total;dones;població;;114
2024;Rocafort de Queralt;total;total;població;;246
2024;Roda de Berà;total;homes;població;;4067
2024;Roda de Berà;total;dones;població;;3960
2024;Roda de Berà;total;total;població;;8027
2024;Roda de Ter;total;homes;població;;3500
2024;Roda de Ter;total;dones;població;;3383
2024;Roda de Ter;total;total;població;;6883
2024;Rodonyà;total;homes;població;;283
2024;Rodonyà;total;dones;població;;239
2024;Rodonyà;total;total;població;;522
2024;Roquetes;total;homes;població;;4321
2024;Roquetes;total;dones;població;;4053
2024;Roquetes;total;total;població;;8374
2024;Roses;total;homes;població;;10235
2024;Roses;total;dones;població;;10020
2024;Roses;total;total;població;;20255
2024;Rosselló;total;homes;població;;1724
2024;Rosselló;total;dones;població;;1629
2024;Rosselló;total;total;població;;3353
2024;Rourell, el;total;homes;població;;205
2024;Rourell, el;total;dones;població;;198
2024;Rourell, el;total;total;població;;403
2024;Rubí;total;homes;població;;40260
2024;Rubí;total;dones;població;;41263
2024;Rubí;total;total;població;;81523
2024;Rubió;total;homes;població;;136
2024;Rubió;total;dones;població;;104
2024;Rubió;total;total;població;;240
2024;Rupià;total;homes;població;;160
2024;Rupià;total;dones;població;;169
2024;Rupià;total;total;població;;329
2024;Rupit i Pruit;total;homes;població;;138
2024;Rupit i Pruit;total;dones;població;;143
2024;Rupit i Pruit;total;total;població;;281
2024;Sabadell;total;homes;població;;107625
2024;Sabadell;total;dones;població;;113939
2024;Sabadell;total;total;població;;221564
2024;Sagàs;total;homes;població;;85
2024;Sagàs;total;dones;població;;69
2024;Sagàs;total;total;població;;154
2024;Salàs de Pallars;total;homes;població;;190
2024;Salàs de Pallars;total;dones;població;;164
2024;Salàs de Pallars;total;total;població;;354
2024;Saldes;total;homes;població;;167
2024;Saldes;total;dones;població;;133
2024;Saldes;total;total;població;;300
2024;Sales de Llierca;total;homes;població;;83
2024;Sales de Llierca;total;dones;població;;74
2024;Sales de Llierca;total;total;població;;157
2024;Sallent;total;homes;població;;3395
2024;Sallent;total;dones;població;;3537
2024;Sallent;total;total;població;;6932
2024;Salomó;total;homes;població;;280
2024;Salomó;total;dones;població;;250
2024;Salomó;total;total;població;;530
2024;Salou;total;homes;població;;15472
2024;Salou;total;dones;població;;14970
2024;Salou;total;total;població;;30442
2024;Salt;total;homes;població;;17955
2024;Salt;total;dones;població;;15991
2024;Salt;total;total;població;;33946
2024;Sanaüja;total;homes;població;;201
2024;Sanaüja;total;dones;població;;186
2024;Sanaüja;total;total;població;;387
2024;Sant Adrià de Besòs;total;homes;població;;19022
2024;Sant Adrià de Besòs;total;dones;població;;19650
2024;Sant Adrià de Besòs;total;total;població;;38672
2024;Sant Agustí de Lluçanès;total;homes;població;;55
2024;Sant Agustí de Lluçanès;total;dones;població;;53
2024;Sant Agustí de Lluçanès;total;total;població;;108
2024;Sant Andreu de la Barca;total;homes;població;;13287
2024;Sant Andreu de la Barca;total;dones;població;;13752
2024;Sant Andreu de la Barca;total;total;població;;27039
2024;Sant Andreu de Llavaneres;total;homes;població;;5855
2024;Sant Andreu de Llavaneres;total;dones;població;;6087
2024;Sant Andreu de Llavaneres;total;total;població;;11942
2024;Sant Andreu Salou;total;homes;població;;84
2024;Sant Andreu Salou;total;dones;població;;89
2024;Sant Andreu Salou;total;total;població;;173
2024;Sant Aniol de Finestres;total;homes;població;;197
2024;Sant Aniol de Finestres;total;dones;població;;175
2024;Sant Aniol de Finestres;total;total;població;;372
2024;Sant Antoni de Vilamajor;total;homes;població;;3275
2024;Sant Antoni de Vilamajor;total;dones;població;;3379
2024;Sant Antoni de Vilamajor;total;total;població;;6654
2024;Sant Bartomeu del Grau;total;homes;població;;495
2024;Sant Bartomeu del Grau;total;dones;població;;444
2024;Sant Bartomeu del Grau;total;total;població;;939
2024;Sant Boi de Llobregat;total;homes;població;;41089
2024;Sant Boi de Llobregat;total;dones;població;;43499
2024;Sant Boi de Llobregat;total;total;població;;84588
2024;Sant Boi de Lluçanès;total;homes;població;;298
2024;Sant Boi de Lluçanès;total;dones;població;;276
2024;Sant Boi de Lluçanès;total;total;població;;574
2024;Sant Cebrià de Vallalta;total;homes;població;;1963
2024;Sant Cebrià de Vallalta;total;dones;població;;1849
2024;Sant Cebrià de Vallalta;total;total;població;;3812
2024;Sant Celoni;total;homes;població;;9313
2024;Sant Celoni;total;dones;població;;9395
2024;Sant Celoni;total;total;població;;18708
2024;Sant Climent de Llobregat;total;homes;població;;2098
2024;Sant Climent de Llobregat;total;dones;població;;2083
2024;Sant Climent de Llobregat;total;total;població;;4181
2024;Sant Climent Sescebes;total;homes;població;;399
2024;Sant Climent Sescebes;total;dones;població;;276
2024;Sant Climent Sescebes;total;total;població;;675
2024;Sant Cugat del Vallès;total;homes;població;;48056
2024;Sant Cugat del Vallès;total;dones;població;;50593
2024;Sant Cugat del Vallès;total;total;població;;98649
2024;Sant Cugat Sesgarrigues;total;homes;població;;515
2024;Sant Cugat Sesgarrigues;total;dones;població;;513
2024;Sant Cugat Sesgarrigues;total;total;població;;1028
2024;Sant Esteve de la Sarga;total;homes;població;;77
2024;Sant Esteve de la Sarga;total;dones;població;;47
2024;Sant Esteve de la Sarga;total;total;població;;124
2024;Sant Esteve de Palautordera;total;homes;població;;1530
2024;Sant Esteve de Palautordera;total;dones;població;;1551
2024;Sant Esteve de Palautordera;total;total;població;;3081
2024;Sant Esteve Sesrovires;total;homes;població;;4003
2024;Sant Esteve Sesrovires;total;dones;població;;4036
2024;Sant Esteve Sesrovires;total;total;població;;8039
2024;Sant Feliu de Buixalleu;total;homes;població;;447
2024;Sant Feliu de Buixalleu;total;dones;població;;431
2024;Sant Feliu de Buixalleu;total;total;població;;878
2024;Sant Feliu de Codines;total;homes;població;;3329
2024;Sant Feliu de Codines;total;dones;població;;3295
2024;Sant Feliu de Codines;total;total;població;;6624
2024;Sant Feliu de Guíxols;total;homes;població;;11261
2024;Sant Feliu de Guíxols;total;dones;població;;11673
2024;Sant Feliu de Guíxols;total;total;població;;22934
2024;Sant Feliu de Llobregat;total;homes;població;;22483
2024;Sant Feliu de Llobregat;total;dones;població;;23898
2024;Sant Feliu de Llobregat;total;total;població;;46381
2024;Sant Feliu de Pallerols;total;homes;població;;884
2024;Sant Feliu de Pallerols;total;dones;població;;786
2024;Sant Feliu de Pallerols;total;total;població;;1670
2024;Sant Feliu Sasserra;total;homes;població;;335
2024;Sant Feliu Sasserra;total;dones;població;;294
2024;Sant Feliu Sasserra;total;total;població;;629
2024;Sant Ferriol;total;homes;població;;130
2024;Sant Ferriol;total;dones;població;;106
2024;Sant Ferriol;total;total;població;;236
2024;Sant Fost de Campsentelles;total;homes;població;;4578
2024;Sant Fost de Campsentelles;total;dones;població;;4618
2024;Sant Fost de Campsentelles;total;total;població;;9196
2024;Sant Fruitós de Bages;total;homes;població;;4582
2024;Sant Fruitós de Bages;total;dones;població;;4643
2024;Sant Fruitós de Bages;total;total;població;;9225
2024;Sant Gregori;total;homes;població;;2136
2024;Sant Gregori;total;dones;població;;2108
2024;Sant Gregori;total;total;població;;4244
2024;Sant Guim de Freixenet;total;homes;població;;631
2024;Sant Guim de Freixenet;total;dones;població;;583
2024;Sant Guim de Freixenet;total;total;població;;1214
2024;Sant Guim de la Plana;total;homes;població;;101
2024;Sant Guim de la Plana;total;dones;població;;94
2024;Sant Guim de la Plana;total;total;població;;195
2024;Sant Hilari Sacalm;total;homes;població;;3019
2024;Sant Hilari Sacalm;total;dones;població;;2950
2024;Sant Hilari Sacalm;total;total;població;;5969
2024;Sant Hipòlit de Voltregà;total;homes;població;;1864
2024;Sant Hipòlit de Voltregà;total;dones;població;;1820
2024;Sant Hipòlit de Voltregà;total;total;població;;3684
2024;Sant Iscle de Vallalta;total;homes;població;;752
2024;Sant Iscle de Vallalta;total;dones;població;;711
2024;Sant Iscle de Vallalta;total;total;població;;1463
2024;Sant Jaume d'Enveja;total;homes;població;;1846
2024;Sant Jaume d'Enveja;total;dones;població;;1825
2024;Sant Jaume d'Enveja;total;total;població;;3671
2024;Sant Jaume de Frontanyà;total;homes;població;;13
2024;Sant Jaume de Frontanyà;total;dones;població;;13
2024;Sant Jaume de Frontanyà;total;total;població;;26
2024;Sant Jaume de Llierca;total;homes;població;;419
2024;Sant Jaume de Llierca;total;dones;població;;432
2024;Sant Jaume de Llierca;total;total;població;;851
2024;Sant Jaume dels Domenys;total;homes;població;;1436
2024;Sant Jaume dels Domenys;total;dones;població;;1370
2024;Sant Jaume dels Domenys;total;total;població;;2806
2024;Sant Joan de les Abadesses;total;homes;població;;1679
2024;Sant Joan de les Abadesses;total;dones;població;;1694
2024;Sant Joan de les Abadesses;total;total;població;;3373
2024;Sant Joan de Mollet;total;homes;població;;258
2024;Sant Joan de Mollet;total;dones;població;;268
2024;Sant Joan de Mollet;total;total;població;;526
2024;Sant Joan de Vilatorrada;total;homes;població;;5432
2024;Sant Joan de Vilatorrada;total;dones;població;;5540
2024;Sant Joan de Vilatorrada;total;total;població;;10972
2024;Sant Joan Despí;total;homes;població;;16921
2024;Sant Joan Despí;total;dones;població;;18091
2024;Sant Joan Despí;total;total;població;;35012
2024;Sant Joan les Fonts;total;homes;població;;1568
2024;Sant Joan les Fonts;total;dones;població;;1535
2024;Sant Joan les Fonts;total;total;població;;3103
2024;Sant Jordi Desvalls;total;homes;població;;413
2024;Sant Jordi Desvalls;total;dones;població;;454
2024;Sant Jordi Desvalls;total;total;població;;867
2024;Sant Julià de Cerdanyola;total;homes;població;;130
2024;Sant Julià de Cerdanyola;total;dones;població;;101
2024;Sant Julià de Cerdanyola;total;total;població;;231
2024;Sant Julià de Ramis;total;homes;població;;1831
2024;Sant Julià de Ramis;total;dones;població;;1808
2024;Sant Julià de Ramis;total;total;població;;3639
2024;Sant Julià de Vilatorta;total;homes;població;;1641
2024;Sant Julià de Vilatorta;total;dones;població;;1659
2024;Sant Julià de Vilatorta;total;total;població;;3300
2024;Sant Julià del Llor i Bonmatí;total;homes;població;;715
2024;Sant Julià del Llor i Bonmatí;total;dones;població;;672
2024;Sant Julià del Llor i Bonmatí;total;total;població;;1387
2024;Sant Just Desvern;total;homes;població;;10020
2024;Sant Just Desvern;total;dones;població;;10795
2024;Sant Just Desvern;total;total;població;;20815
2024;Sant Llorenç d'Hortons;total;homes;població;;1327
2024;Sant Llorenç d'Hortons;total;dones;població;;1290
2024;Sant Llorenç d'Hortons;total;total;població;;2617
2024;Sant Llorenç de la Muga;total;homes;població;;136
2024;Sant Llorenç de la Muga;total;dones;població;;122
2024;Sant Llorenç de la Muga;total;total;població;;258
2024;Sant Llorenç de Morunys;total;homes;població;;483
2024;Sant Llorenç de Morunys;total;dones;població;;517
2024;Sant Llorenç de Morunys;total;total;població;;1000
2024;Sant Llorenç Savall;total;homes;població;;1287
2024;Sant Llorenç Savall;total;dones;població;;1293
2024;Sant Llorenç Savall;total;total;població;;2580
2024;Sant Martí d'Albars;total;homes;població;;73
2024;Sant Martí d'Albars;total;dones;població;;67
2024;Sant Martí d'Albars;total;total;població;;140
2024;Sant Martí de Centelles;total;homes;població;;644
2024;Sant Martí de Centelles;total;dones;població;;616
2024;Sant Martí de Centelles;total;total;població;;1260
2024;Sant Martí de Llémena;total;homes;població;;356
2024;Sant Martí de Llémena;total;dones;població;;349
2024;Sant Martí de Llémena;total;total;població;;705
2024;Sant Martí de Riucorb;total;homes;població;;354
2024;Sant Martí de Riucorb;total;dones;població;;321
2024;Sant Martí de Riucorb;total;total;població;;675
2024;Sant Martí de Tous;total;homes;població;;638
2024;Sant Martí de Tous;total;dones;població;;635
2024;Sant Martí de Tous;total;total;població;;1273
2024;Sant Martí Sarroca;total;homes;població;;1684
2024;Sant Martí Sarroca;total;dones;població;;1701
2024;Sant Martí Sarroca;total;total;població;;3385
2024;Sant Martí Sesgueioles;total;homes;població;;182
2024;Sant Martí Sesgueioles;total;dones;població;;178
2024;Sant Martí Sesgueioles;total;total;població;;360
2024;Sant Martí Vell;total;homes;població;;142
2024;Sant Martí Vell;total;dones;població;;120
2024;Sant Martí Vell;total;total;població;;262
2024;Sant Mateu de Bages;total;homes;població;;332
2024;Sant Mateu de Bages;total;dones;població;;305
2024;Sant Mateu de Bages;total;total;població;;637
2024;Sant Miquel de Campmajor;total;homes;població;;133
2024;Sant Miquel de Campmajor;total;dones;població;;117
2024;Sant Miquel de Campmajor;total;total;població;;250
2024;Sant Miquel de Fluvià;total;homes;població;;442
2024;Sant Miquel de Fluvià;total;dones;població;;398
2024;Sant Miquel de Fluvià;total;total;població;;840
2024;Sant Mori;total;homes;població;;81
2024;Sant Mori;total;dones;població;;83
2024;Sant Mori;total;total;població;;164
2024;Sant Pau de Segúries;total;homes;població;;357
2024;Sant Pau de Segúries;total;dones;població;;365
2024;Sant Pau de Segúries;total;total;població;;722
2024;Sant Pere de Ribes;total;homes;població;;15800
2024;Sant Pere de Ribes;total;dones;població;;16206
2024;Sant Pere de Ribes;total;total;població;;32006
2024;Sant Pere de Riudebitlles;total;homes;població;;1271
2024;Sant Pere de Riudebitlles;total;dones;població;;1224
2024;Sant Pere de Riudebitlles;total;total;població;;2495
2024;Sant Pere de Torelló;total;homes;població;;1344
2024;Sant Pere de Torelló;total;dones;població;;1252
2024;Sant Pere de Torelló;total;total;població;;2596
2024;Sant Pere de Vilamajor;total;homes;població;;2503
2024;Sant Pere de Vilamajor;total;dones;població;;2420
2024;Sant Pere de Vilamajor;total;total;població;;4923
2024;Sant Pere Pescador;total;homes;població;;1175
2024;Sant Pere Pescador;total;dones;població;;1032
2024;Sant Pere Pescador;total;total;població;;2207
2024;Sant Pere Sallavinera;total;homes;població;;82
2024;Sant Pere Sallavinera;total;dones;població;;76
2024;Sant Pere Sallavinera;total;total;població;;158
2024;Sant Pol de Mar;total;homes;població;;2813
2024;Sant Pol de Mar;total;dones;població;;2997
2024;Sant Pol de Mar;total;total;població;;5810
2024;Sant Quintí de Mediona;total;homes;població;;1270
2024;Sant Quintí de Mediona;total;dones;població;;1241
2024;Sant Quintí de Mediona;total;total;població;;2511
2024;Sant Quirze de Besora;total;homes;població;;1025
2024;Sant Quirze de Besora;total;dones;població;;1102
2024;Sant Quirze de Besora;total;total;població;;2127
2024;Sant Quirze del Vallès;total;homes;població;;9818
2024;Sant Quirze del Vallès;total;dones;població;;10292
2024;Sant Quirze del Vallès;total;total;població;;20110
2024;Sant Quirze Safaja;total;homes;població;;363
2024;Sant Quirze Safaja;total;dones;població;;308
2024;Sant Quirze Safaja;total;total;població;;671
2024;Sant Ramon;total;homes;població;;263
2024;Sant Ramon;total;dones;població;;232
2024;Sant Ramon;total;total;població;;495
2024;Sant Sadurní d'Anoia;total;homes;població;;6356
2024;Sant Sadurní d'Anoia;total;dones;població;;6559
2024;Sant Sadurní d'Anoia;total;total;població;;12915
2024;Sant Sadurní d'Osormort;total;homes;població;;51
2024;Sant Sadurní d'Osormort;total;dones;població;;34
2024;Sant Sadurní d'Osormort;total;total;població;;85
2024;Sant Salvador de Guardiola;total;homes;població;;1782
2024;Sant Salvador de Guardiola;total;dones;població;;1696
2024;Sant Salvador de Guardiola;total;total;població;;3478
2024;Sant Vicenç de Castellet;total;homes;població;;5095
2024;Sant Vicenç de Castellet;total;dones;població;;5036
2024;Sant Vicenç de Castellet;total;total;població;;10131
2024;Sant Vicenç de Montalt;total;homes;població;;3347
2024;Sant Vicenç de Montalt;total;dones;població;;3378
2024;Sant Vicenç de Montalt;total;total;població;;6725
2024;Sant Vicenç de Torelló;total;homes;població;;1040
2024;Sant Vicenç de Torelló;total;dones;població;;1050
2024;Sant Vicenç de Torelló;total;total;població;;2090
2024;Sant Vicenç dels Horts;total;homes;població;;14220
2024;Sant Vicenç dels Horts;total;dones;població;;14375
2024;Sant Vicenç dels Horts;total;total;població;;28595
2024;Santa Bàrbara;total;homes;població;;1937
2024;Santa Bàrbara;total;dones;població;;1882
2024;Santa Bàrbara;total;total;població;;3819
2024;Santa Cecília de Voltregà;total;homes;població;;103
2024;Santa Cecília de Voltregà;total;dones;població;;89
2024;Santa Cecília de Voltregà;total;total;població;;192
2024;Santa Coloma de Cervelló;total;homes;població;;4026
2024;Santa Coloma de Cervelló;total;dones;població;;4308
2024;Santa Coloma de Cervelló;total;total;població;;8334
2024;Santa Coloma de Farners;total;homes;població;;7026
2024;Santa Coloma de Farners;total;dones;població;;6848
2024;Santa Coloma de Farners;total;total;població;;13874
2024;Santa Coloma de Gramenet;total;homes;població;;59746
2024;Santa Coloma de Gramenet;total;dones;població;;61157
2024;Santa Coloma de Gramenet;total;total;població;;120903
2024;Santa Coloma de Queralt;total;homes;població;;1425
2024;Santa Coloma de Queralt;total;dones;població;;1398
2024;Santa Coloma de Queralt;total;total;població;;2823
2024;Santa Cristina d'Aro;total;homes;població;;2962
2024;Santa Cristina d'Aro;total;dones;població;;2871
2024;Santa Cristina d'Aro;total;total;població;;5833
2024;Santa Eugènia de Berga;total;homes;població;;1171
2024;Santa Eugènia de Berga;total;dones;població;;1129
2024;Santa Eugènia de Berga;total;total;població;;2300
2024;Santa Eulàlia de Riuprimer;total;homes;població;;747
2024;Santa Eulàlia de Riuprimer;total;dones;població;;739
2024;Santa Eulàlia de Riuprimer;total;total;població;;1486
2024;Santa Eulàlia de Ronçana;total;homes;població;;3963
2024;Santa Eulàlia de Ronçana;total;dones;població;;3953
2024;Santa Eulàlia de Ronçana;total;total;població;;7916
2024;Santa Fe del Penedès;total;homes;població;;176
2024;Santa Fe del Penedès;total;dones;població;;184
2024;Santa Fe del Penedès;total;total;població;;360
2024;Santa Llogaia d'Àlguema;total;homes;població;;199
2024;Santa Llogaia d'Àlguema;total;dones;població;;201
2024;Santa Llogaia d'Àlguema;total;total;població;;400
2024;Santa Margarida de Montbui;total;homes;població;;5296
2024;Santa Margarida de Montbui;total;dones;població;;5223
2024;Santa Margarida de Montbui;total;total;població;;10519
2024;Santa Margarida i els Monjos;total;homes;població;;3926
2024;Santa Margarida i els Monjos;total;dones;població;;3792
2024;Santa Margarida i els Monjos;total;total;població;;7718
2024;Santa Maria d'Oló;total;homes;població;;546
2024;Santa Maria d'Oló;total;dones;població;;532
2024;Santa Maria d'Oló;total;total;població;;1078
2024;Santa Maria de Besora;total;homes;població;;89
2024;Santa Maria de Besora;total;dones;població;;75
2024;Santa Maria de Besora;total;total;població;;164
2024;Santa Maria de Martorelles;total;homes;població;;444
2024;Santa Maria de Martorelles;total;dones;població;;428
2024;Santa Maria de Martorelles;total;total;població;;872
2024;Santa Maria de Merlès;total;homes;població;;91
2024;Santa Maria de Merlès;total;dones;població;;84
2024;Santa Maria de Merlès;total;total;població;;175
2024;Santa Maria de Miralles;total;homes;població;;71
2024;Santa Maria de Miralles;total;dones;població;;66
2024;Santa Maria de Miralles;total;total;població;;137
2024;Santa Maria de Palautordera;total;homes;població;;4999
2024;Santa Maria de Palautordera;total;dones;població;;4995
2024;Santa Maria de Palautordera;total;total;població;;9994
2024;Santa Oliva;total;homes;població;;1878
2024;Santa Oliva;total;dones;població;;1801
2024;Santa Oliva;total;total;població;;3679
2024;Santa Pau;total;homes;població;;808
2024;Santa Pau;total;dones;població;;802
2024;Santa Pau;total;total;població;;1610
2024;Santa Perpètua de Mogoda;total;homes;població;;12971
2024;Santa Perpètua de Mogoda;total;dones;població;;12965
2024;Santa Perpètua de Mogoda;total;total;població;;25936
2024;Santa Susanna;total;homes;població;;1990
2024;Santa Susanna;total;dones;població;;2009
2024;Santa Susanna;total;total;població;;3999
2024;Santpedor;total;homes;població;;3845
2024;Santpedor;total;dones;població;;3862
2024;Santpedor;total;total;població;;7707
2024;Sarral;total;homes;població;;810
2024;Sarral;total;dones;població;;778
2024;Sarral;total;total;població;;1588
2024;Sarrià de Ter;total;homes;població;;2680
2024;Sarrià de Ter;total;dones;població;;2698
2024;Sarrià de Ter;total;total;població;;5378
2024;Sarroca de Bellera;total;homes;població;;63
2024;Sarroca de Bellera;total;dones;població;;51
2024;Sarroca de Bellera;total;total;població;;114
2024;Sarroca de Lleida;total;homes;població;;210
2024;Sarroca de Lleida;total;dones;població;;171
2024;Sarroca de Lleida;total;total;població;;381
2024;Saus, Camallera i Llampaies;total;homes;població;;448
2024;Saus, Camallera i Llampaies;total;dones;població;;460
2024;Saus, Camallera i Llampaies;total;total;població;;908
2024;Savallà del Comtat;total;homes;població;;26
2024;Savallà del Comtat;total;dones;població;;22
2024;Savallà del Comtat;total;total;població;;48
2024;Secuita, la;total;homes;població;;929
2024;Secuita, la;total;dones;població;;899
2024;Secuita, la;total;total;població;;1828
2024;Selva de Mar, la;total;homes;població;;111
2024;Selva de Mar, la;total;dones;població;;109
2024;Selva de Mar, la;total;total;població;;220
2024;Selva del Camp, la;total;homes;població;;2901
2024;Selva del Camp, la;total;dones;població;;2938
2024;Selva del Camp, la;total;total;població;;5839
2024;Senan;total;homes;població;;29
2024;Senan;total;dones;població;;17
2024;Senan;total;total;població;;46
2024;Sénia, la;total;homes;població;;2835
2024;Sénia, la;total;dones;població;;2783
2024;Sénia, la;total;total;població;;5618
2024;Senterada;total;homes;població;;92
2024;Senterada;total;dones;població;;65
2024;Senterada;total;total;població;;157
2024;Sentiu de Sió, la;total;homes;població;;237
2024;Sentiu de Sió, la;total;dones;població;;217
2024;Sentiu de Sió, la;total;total;població;;454
2024;Sentmenat;total;homes;població;;4795
2024;Sentmenat;total;dones;població;;4728
2024;Sentmenat;total;total;població;;9523
2024;Serinyà;total;homes;població;;613
2024;Serinyà;total;dones;població;;583
2024;Serinyà;total;total;població;;1196
2024;Seròs;total;homes;població;;1031
2024;Seròs;total;dones;població;;859
2024;Seròs;total;total;població;;1890
2024;Serra de Daró;total;homes;població;;123
2024;Serra de Daró;total;dones;població;;108
2024;Serra de Daró;total;total;població;;231
2024;Setcases;total;homes;població;;108
2024;Setcases;total;dones;població;;84
2024;Setcases;total;total;població;;192
2024;Seu d'Urgell, la;total;homes;població;;6239
2024;Seu d'Urgell, la;total;dones;població;;6520
2024;Seu d'Urgell, la;total;total;població;;12759
2024;Seva;total;homes;població;;1961
2024;Seva;total;dones;població;;1840
2024;Seva;total;total;població;;3801
2024;Sidamon;total;homes;població;;403
2024;Sidamon;total;dones;població;;366
2024;Sidamon;total;total;població;;769
2024;Sils;total;homes;població;;3435
2024;Sils;total;dones;població;;3271
2024;Sils;total;total;població;;6706
2024;Sitges;total;homes;població;;16317
2024;Sitges;total;dones;població;;16179
2024;Sitges;total;total;població;;32496
2024;Siurana;total;homes;població;;83
2024;Siurana;total;dones;població;;94
2024;Siurana;total;total;població;;177
2024;Sobremunt;total;homes;població;;41
2024;Sobremunt;total;dones;població;;60
2024;Sobremunt;total;total;població;;101
2024;Soleràs, el;total;homes;població;;170
2024;Soleràs, el;total;dones;població;;147
2024;Soleràs, el;total;total;població;;317
2024;Solivella;total;homes;població;;334
2024;Solivella;total;dones;població;;293
2024;Solivella;total;total;població;;627
2024;Solsona;total;homes;població;;4663
2024;Solsona;total;dones;població;;4730
2024;Solsona;total;total;població;;9393
2024;Sora;total;homes;població;;117
2024;Sora;total;dones;població;;102
2024;Sora;total;total;població;;219
2024;Soriguera;total;homes;població;;231
2024;Soriguera;total;dones;població;;216
2024;Soriguera;total;total;població;;447
2024;Sort;total;homes;població;;1122
2024;Sort;total;dones;població;;1136
2024;Sort;total;total;població;;2258
2024;Soses;total;homes;població;;994
2024;Soses;total;dones;població;;876
2024;Soses;total;total;població;;1870
2024;Subirats;total;homes;població;;1687
2024;Subirats;total;dones;població;;1600
2024;Subirats;total;total;població;;3287
2024;Sudanell;total;homes;població;;505
2024;Sudanell;total;dones;població;;392
2024;Sudanell;total;total;població;;897
2024;Sunyer;total;homes;població;;163
2024;Sunyer;total;dones;població;;143
2024;Sunyer;total;total;població;;306
2024;Súria;total;homes;població;;2950
2024;Súria;total;dones;població;;3122
2024;Súria;total;total;població;;6072
2024;Susqueda;total;homes;població;;57
2024;Susqueda;total;dones;població;;38
2024;Susqueda;total;total;població;;95
2024;Tagamanent;total;homes;població;;185
2024;Tagamanent;total;dones;població;;154
2024;Tagamanent;total;total;població;;339
2024;Talamanca;total;homes;població;;119
2024;Talamanca;total;dones;població;;93
2024;Talamanca;total;total;població;;212
2024;Talarn;total;homes;població;;324
2024;Talarn;total;dones;població;;217
2024;Talarn;total;total;població;;541
2024;Talavera;total;homes;població;;155
2024;Talavera;total;dones;població;;130
2024;Talavera;total;total;població;;285
2024;Tallada d'Empordà, la;total;homes;població;;252
2024;Tallada d'Empordà, la;total;dones;població;;224
2024;Tallada d'Empordà, la;total;total;població;;476
2024;Taradell;total;homes;població;;3434
2024;Taradell;total;dones;població;;3394
2024;Taradell;total;total;població;;6828
2024;Tarragona;total;homes;població;;68691
2024;Tarragona;total;dones;població;;72327
2024;Tarragona;total;total;població;;141018
2024;Tàrrega;total;homes;població;;9247
2024;Tàrrega;total;dones;població;;9323
2024;Tàrrega;total;total;població;;18570
2024;Tarrés;total;homes;població;;62
2024;Tarrés;total;dones;població;;63
2024;Tarrés;total;total;població;;125
2024;Tarroja de Segarra;total;homes;població;;93
2024;Tarroja de Segarra;total;dones;població;;79
2024;Tarroja de Segarra;total;total;població;;172
2024;Tavèrnoles;total;homes;població;;178
2024;Tavèrnoles;total;dones;població;;163
2024;Tavèrnoles;total;total;població;;341
2024;Tavertet;total;homes;població;;72
2024;Tavertet;total;dones;població;;59
2024;Tavertet;total;total;població;;131
2024;Teià;total;homes;població;;3372
2024;Teià;total;dones;població;;3440
2024;Teià;total;total;població;;6812
2024;Térmens;total;homes;població;;687
2024;Térmens;total;dones;població;;657
2024;Térmens;total;total;població;;1344
2024;Terrades;total;homes;població;;164
2024;Terrades;total;dones;població;;178
2024;Terrades;total;total;població;;342
2024;Terrassa;total;homes;població;;112166
2024;Terrassa;total;dones;població;;116128
2024;Terrassa;total;total;població;;228294
2024;Tiana;total;homes;població;;4537
2024;Tiana;total;dones;població;;4786
2024;Tiana;total;total;població;;9323
2024;Tírvia;total;homes;població;;70
2024;Tírvia;total;dones;població;;74
2024;Tírvia;total;total;població;;144
2024;Tiurana;total;homes;població;;32
2024;Tiurana;total;dones;població;;35
2024;Tiurana;total;total;població;;67
2024;Tivenys;total;homes;població;;488
2024;Tivenys;total;dones;població;;449
2024;Tivenys;total;total;població;;937
2024;Tivissa;total;homes;població;;818
2024;Tivissa;total;dones;població;;806
2024;Tivissa;total;total;població;;1624
2024;Tona;total;homes;població;;4214
2024;Tona;total;dones;població;;4285
2024;Tona;total;total;població;;8499
2024;Torà;total;homes;població;;632
2024;Torà;total;dones;població;;621
2024;Torà;total;total;població;;1253
2024;Tordera;total;homes;població;;9507
2024;Tordera;total;dones;població;;9288
2024;Tordera;total;total;població;;18795
2024;Torelló;total;homes;població;;7581
2024;Torelló;total;dones;població;;7526
2024;Torelló;total;total;població;;15107
2024;Torms, els;total;homes;població;;70
2024;Torms, els;total;dones;població;;68
2024;Torms, els;total;total;població;;138
2024;Tornabous;total;homes;població;;467
2024;Tornabous;total;dones;població;;375
2024;Tornabous;total;total;població;;842
2024;Torre de Cabdella, la;total;homes;població;;391
2024;Torre de Cabdella, la;total;dones;població;;396
2024;Torre de Cabdella, la;total;total;població;;787
2024;Torre de Claramunt, la;total;homes;població;;2133
2024;Torre de Claramunt, la;total;dones;població;;1982
2024;Torre de Claramunt, la;total;total;població;;4115
2024;Torre de Fontaubella, la;total;homes;població;;64
2024;Torre de Fontaubella, la;total;dones;població;;55
2024;Torre de Fontaubella, la;total;total;població;;119
2024;Torre de l'Espanyol, la;total;homes;població;;329
2024;Torre de l'Espanyol, la;total;dones;població;;301
2024;Torre de l'Espanyol, la;total;total;població;;630
2024;Torrebesses;total;homes;població;;142
2024;Torrebesses;total;dones;població;;131
2024;Torrebesses;total;total;població;;273
2024;Torredembarra;total;homes;població;;8742
2024;Torredembarra;total;dones;població;;9211
2024;Torredembarra;total;total;població;;17953
2024;Torrefarrera;total;homes;població;;2493
2024;Torrefarrera;total;dones;població;;2411
2024;Torrefarrera;total;total;població;;4904
2024;Torrefeta i Florejacs;total;homes;població;;323
2024;Torrefeta i Florejacs;total;dones;població;;285
2024;Torrefeta i Florejacs;total;total;població;;608
2024;Torregrossa;total;homes;població;;1184
2024;Torregrossa;total;dones;població;;1043
2024;Torregrossa;total;total;població;;2227
2024;Torrelameu;total;homes;població;;485
2024;Torrelameu;total;dones;població;;314
2024;Torrelameu;total;total;població;;799
2024;Torrelavit;total;homes;població;;792
2024;Torrelavit;total;dones;població;;717
2024;Torrelavit;total;total;població;;1509
2024;Torrelles de Foix;total;homes;població;;1401
2024;Torrelles de Foix;total;dones;població;;1261
2024;Torrelles de Foix;total;total;població;;2662
2024;Torrelles de Llobregat;total;homes;població;;3062
2024;Torrelles de Llobregat;total;dones;població;;3074
2024;Torrelles de Llobregat;total;total;població;;6136
2024;Torrent;total;homes;població;;93
2024;Torrent;total;dones;població;;81
2024;Torrent;total;total;població;;174
2024;Torres de Segre;total;homes;població;;1178
2024;Torres de Segre;total;dones;població;;1090
2024;Torres de Segre;total;total;població;;2268
2024;Torre-serona;total;homes;població;;225
2024;Torre-serona;total;dones;població;;215
2024;Torre-serona;total;total;població;;440
2024;Torroella de Fluvià;total;homes;població;;388
2024;Torroella de Fluvià;total;dones;població;;382
2024;Torroella de Fluvià;total;total;població;;770
2024;Torroella de Montgrí;total;homes;població;;6404
2024;Torroella de Montgrí;total;dones;població;;6017
2024;Torroella de Montgrí;total;total;població;;12421
2024;Torroja del Priorat;total;homes;població;;70
2024;Torroja del Priorat;total;dones;població;;67
2024;Torroja del Priorat;total;total;població;;137
2024;Tortellà;total;homes;població;;388
2024;Tortellà;total;dones;població;;440
2024;Tortellà;total;total;població;;828
2024;Tortosa;total;homes;població;;17861
2024;Tortosa;total;dones;població;;17652
2024;Tortosa;total;total;població;;35513
2024;Toses;total;homes;població;;108
2024;Toses;total;dones;població;;84
2024;Toses;total;total;població;;192
2024;Tossa de Mar;total;homes;població;;3154
2024;Tossa de Mar;total;dones;població;;3087
2024;Tossa de Mar;total;total;població;;6241
2024;Tremp;total;homes;població;;2984
2024;Tremp;total;dones;població;;3072
2024;Tremp;total;total;població;;6056
2024;Ullà;total;homes;població;;652
2024;Ullà;total;dones;població;;569
2024;Ullà;total;total;població;;1221
2024;Ullastrell;total;homes;població;;1091
2024;Ullastrell;total;dones;població;;1088
2024;Ullastrell;total;total;població;;2179
2024;Ullastret;total;homes;població;;138
2024;Ullastret;total;dones;població;;128
2024;Ullastret;total;total;població;;266
2024;Ulldecona;total;homes;població;;3500
2024;Ulldecona;total;dones;població;;3098
2024;Ulldecona;total;total;població;;6598
2024;Ulldemolins;total;homes;població;;233
2024;Ulldemolins;total;dones;població;;181
2024;Ulldemolins;total;total;població;;414
2024;Ultramort;total;homes;població;;112
2024;Ultramort;total;dones;població;;102
2024;Ultramort;total;total;població;;214
2024;Urús;total;homes;població;;107
2024;Urús;total;dones;població;;100
2024;Urús;total;total;població;;207
2024;Vacarisses;total;homes;població;;3863
2024;Vacarisses;total;dones;població;;3686
2024;Vacarisses;total;total;població;;7549
2024;Vajol, la;total;homes;població;;56
2024;Vajol, la;total;dones;població;;42
2024;Vajol, la;total;total;població;;98
2024;Vall d'en Bas, la;total;homes;població;;1630
2024;Vall d'en Bas, la;total;dones;població;;1591
2024;Vall d'en Bas, la;total;total;població;;3221
2024;Vall de Bianya, la;total;homes;població;;667
2024;Vall de Bianya, la;total;dones;població;;680
2024;Vall de Bianya, la;total;total;població;;1347
2024;Vall de Boí, la;total;homes;població;;599
2024;Vall de Boí, la;total;dones;població;;520
2024;Vall de Boí, la;total;total;població;;1119
2024;Vall de Cardós;total;homes;població;;210
2024;Vall de Cardós;total;dones;població;;171
2024;Vall de Cardós;total;total;població;;381
2024;Vallbona d'Anoia;total;homes;població;;722
2024;Vallbona d'Anoia;total;dones;població;;683
2024;Vallbona d'Anoia;total;total;població;;1405
2024;Vallbona de les Monges;total;homes;població;;119
2024;Vallbona de les Monges;total;dones;població;;102
2024;Vallbona de les Monges;total;total;població;;221
2024;Vallcebre;total;homes;població;;142
2024;Vallcebre;total;dones;població;;130
2024;Vallcebre;total;total;població;;272
2024;Vallclara;total;homes;població;;55
2024;Vallclara;total;dones;població;;34
2024;Vallclara;total;total;població;;89
2024;Vallfogona de Balaguer;total;homes;població;;1017
2024;Vallfogona de Balaguer;total;dones;població;;999
2024;Vallfogona de Balaguer;total;total;població;;2016
2024;Vallfogona de Ripollès;total;homes;població;;115
2024;Vallfogona de Ripollès;total;dones;població;;107
2024;Vallfogona de Ripollès;total;total;població;;222
2024;Vallfogona de Riucorb;total;homes;població;;56
2024;Vallfogona de Riucorb;total;dones;població;;42
2024;Vallfogona de Riucorb;total;total;població;;98
2024;Vallgorguina;total;homes;població;;1638
2024;Vallgorguina;total;dones;població;;1565
2024;Vallgorguina;total;total;població;;3203
2024;Vallirana;total;homes;població;;7967
2024;Vallirana;total;dones;població;;7985
2024;Vallirana;total;total;població;;15952
2024;Vall-llobrega;total;homes;població;;470
2024;Vall-llobrega;total;dones;població;;442
2024;Vall-llobrega;total;total;població;;912
2024;Vallmoll;total;homes;població;;978
2024;Vallmoll;total;dones;població;;959
2024;Vallmoll;total;total;població;;1937
2024;Vallromanes;total;homes;població;;1399
2024;Vallromanes;total;dones;població;;1350
2024;Vallromanes;total;total;població;;2749
2024;Valls;total;homes;població;;12688
2024;Valls;total;dones;població;;12397
2024;Valls;total;total;població;;25085
2024;Valls d'Aguilar, les;total;homes;població;;150
2024;Valls d'Aguilar, les;total;dones;població;;119
2024;Valls d'Aguilar, les;total;total;població;;269
2024;Valls de Valira, les;total;homes;població;;428
2024;Valls de Valira, les;total;dones;població;;382
2024;Valls de Valira, les;total;total;població;;810
2024;Vandellòs i l'Hospitalet de l'Infant;total;homes;població;;3529
2024;Vandellòs i l'Hospitalet de l'Infant;total;dones;població;;3553
2024;Vandellòs i l'Hospitalet de l'Infant;total;total;població;;7082
2024;Vansa i Fórnols, la;total;homes;població;;97
2024;Vansa i Fórnols, la;total;dones;població;;92
2024;Vansa i Fórnols, la;total;total;població;;189
2024;Veciana;total;homes;població;;97
2024;Veciana;total;dones;població;;78
2024;Veciana;total;total;població;;175
2024;Vendrell, el;total;homes;població;;20095
2024;Vendrell, el;total;dones;població;;20431
2024;Vendrell, el;total;total;població;;40526
2024;Ventalló;total;homes;població;;451
2024;Ventalló;total;dones;població;;440
2024;Ventalló;total;total;població;;891
2024;Verdú;total;homes;població;;425
2024;Verdú;total;dones;població;;460
2024;Verdú;total;total;població;;885
2024;Verges;total;homes;població;;584
2024;Verges;total;dones;població;;596
2024;Verges;total;total;població;;1180
2024;Vespella de Gaià;total;homes;població;;266
2024;Vespella de Gaià;total;dones;població;;238
2024;Vespella de Gaià;total;total;població;;504
2024;Vic;total;homes;població;;24952
2024;Vic;total;dones;població;;24381
2024;Vic;total;total;població;;49333
2024;Vidrà;total;homes;població;;83
2024;Vidrà;total;dones;població;;86
2024;Vidrà;total;total;població;;169
2024;Vidreres;total;homes;població;;4502
2024;Vidreres;total;dones;població;;4153
2024;Vidreres;total;total;població;;8655
2024;Vielha e Mijaran;total;homes;població;;2931
2024;Vielha e Mijaran;total;dones;població;;2862
2024;Vielha e Mijaran;total;total;població;;5793
2024;Vilabella;total;homes;població;;374
2024;Vilabella;total;dones;població;;351
2024;Vilabella;total;total;població;;725
2024;Vilabertran;total;homes;població;;498
2024;Vilabertran;total;dones;població;;489
2024;Vilabertran;total;total;població;;987
2024;Vilablareix;total;homes;població;;1875
2024;Vilablareix;total;dones;població;;1897
2024;Vilablareix;total;total;població;;3772
2024;Vilada;total;homes;població;;241
2024;Vilada;total;dones;població;;202
2024;Vilada;total;total;població;;443
2024;Viladamat;total;homes;població;;259
2024;Viladamat;total;dones;població;;233
2024;Viladamat;total;total;població;;492
2024;Viladasens;total;homes;població;;116
2024;Viladasens;total;dones;població;;96
2024;Viladasens;total;total;població;;212
2024;Viladecans;total;homes;població;;33116
2024;Viladecans;total;dones;població;;34063
2024;Viladecans;total;total;població;;67179
2024;Viladecavalls;total;homes;població;;3858
2024;Viladecavalls;total;dones;població;;3932
2024;Viladecavalls;total;total;població;;7790
2024;Vilademuls;total;homes;població;;446
2024;Vilademuls;total;dones;població;;419
2024;Vilademuls;total;total;població;;865
2024;Viladrau;total;homes;població;;588
2024;Viladrau;total;dones;població;;587
2024;Viladrau;total;total;població;;1175
2024;Vilafant;total;homes;població;;2813
2024;Vilafant;total;dones;població;;2883
2024;Vilafant;total;total;població;;5696
2024;Vilafranca del Penedès;total;homes;població;;20266
2024;Vilafranca del Penedès;total;dones;població;;21275
2024;Vilafranca del Penedès;total;total;població;;41541
2024;Vilagrassa;total;homes;població;;333
2024;Vilagrassa;total;dones;població;;300
2024;Vilagrassa;total;total;població;;633
2024;Vilajuïga;total;homes;població;;587
2024;Vilajuïga;total;dones;població;;596
2024;Vilajuïga;total;total;població;;1183
2024;Vilalba dels Arcs;total;homes;població;;310
2024;Vilalba dels Arcs;total;dones;població;;304
2024;Vilalba dels Arcs;total;total;població;;614
2024;Vilalba Sasserra;total;homes;població;;393
2024;Vilalba Sasserra;total;dones;població;;387
2024;Vilalba Sasserra;total;total;població;;780
2024;Vilaller;total;homes;població;;280
2024;Vilaller;total;dones;població;;226
2024;Vilaller;total;total;població;;506
2024;Vilallonga de Ter;total;homes;població;;216
2024;Vilallonga de Ter;total;dones;població;;179
2024;Vilallonga de Ter;total;total;població;;395
2024;Vilallonga del Camp;total;homes;població;;1242
2024;Vilallonga del Camp;total;dones;població;;1220
2024;Vilallonga del Camp;total;total;població;;2462
2024;Vilamacolum;total;homes;població;;208
2024;Vilamacolum;total;dones;població;;165
2024;Vilamacolum;total;total;població;;373
2024;Vilamalla;total;homes;població;;619
2024;Vilamalla;total;dones;població;;601
2024;Vilamalla;total;total;població;;1220
2024;Vilamaniscle;total;homes;població;;120
2024;Vilamaniscle;total;dones;població;;82
2024;Vilamaniscle;total;total;població;;202
2024;Vilamòs;total;homes;població;;100
2024;Vilamòs;total;dones;població;;76
2024;Vilamòs;total;total;població;;176
2024;Vilanant;total;homes;població;;194
2024;Vilanant;total;dones;població;;208
2024;Vilanant;total;total;població;;402
2024;Vilanova d'Escornalbou;total;homes;població;;319
2024;Vilanova d'Escornalbou;total;dones;població;;292
2024;Vilanova d'Escornalbou;total;total;població;;611
2024;Vilanova de Bellpuig;total;homes;població;;592
2024;Vilanova de Bellpuig;total;dones;població;;576
2024;Vilanova de Bellpuig;total;total;població;;1168
2024;Vilanova de l'Aguda;total;homes;població;;101
2024;Vilanova de l'Aguda;total;dones;població;;94
2024;Vilanova de l'Aguda;total;total;població;;195
2024;Vilanova de la Barca;total;homes;població;;595
2024;Vilanova de la Barca;total;dones;població;;505
2024;Vilanova de la Barca;total;total;població;;1100
2024;Vilanova de Meià;total;homes;població;;302
2024;Vilanova de Meià;total;dones;població;;160
2024;Vilanova de Meià;total;total;població;;462
2024;Vilanova de Prades;total;homes;població;;60
2024;Vilanova de Prades;total;dones;població;;50
2024;Vilanova de Prades;total;total;població;;110
2024;Vilanova de Sau;total;homes;població;;157
2024;Vilanova de Sau;total;dones;població;;160
2024;Vilanova de Sau;total;total;població;;317
2024;Vilanova de Segrià;total;homes;població;;567
2024;Vilanova de Segrià;total;dones;població;;490
2024;Vilanova de Segrià;total;total;població;;1057
2024;Vilanova del Camí;total;homes;població;;6444
2024;Vilanova del Camí;total;dones;població;;6409
2024;Vilanova del Camí;total;total;població;;12853
2024;Vilanova del Vallès;total;homes;població;;2877
2024;Vilanova del Vallès;total;dones;població;;2767
2024;Vilanova del Vallès;total;total;població;;5644
2024;Vilanova i la Geltrú;total;homes;població;;33992
2024;Vilanova i la Geltrú;total;dones;població;;36301
2024;Vilanova i la Geltrú;total;total;població;;70293
2024;Vilaplana;total;homes;població;;296
2024;Vilaplana;total;dones;població;;264
2024;Vilaplana;total;total;població;;560
2024;Vila-rodona;total;homes;població;;728
2024;Vila-rodona;total;dones;població;;651
2024;Vila-rodona;total;total;població;;1379
2024;Vila-sacra;total;homes;població;;394
2024;Vila-sacra;total;dones;població;;421
2024;Vila-sacra;total;total;població;;815
2024;Vila-sana;total;homes;població;;378
2024;Vila-sana;total;dones;població;;366
2024;Vila-sana;total;total;població;;744
2024;Vila-seca;total;homes;població;;12090
2024;Vila-seca;total;dones;població;;11971
2024;Vila-seca;total;total;població;;24061
2024;Vilassar de Dalt;total;homes;població;;4583
2024;Vilassar de Dalt;total;dones;població;;4716
2024;Vilassar de Dalt;total;total;població;;9299
2024;Vilassar de Mar;total;homes;població;;10112
2024;Vilassar de Mar;total;dones;població;;11057
2024;Vilassar de Mar;total;total;població;;21169
2024;Vilaür;total;homes;població;;90
2024;Vilaür;total;dones;població;;80
2024;Vilaür;total;total;població;;170
2024;Vilaverd;total;homes;població;;250
2024;Vilaverd;total;dones;població;;220
2024;Vilaverd;total;total;població;;470
2024;Vilella Alta, la;total;homes;població;;71
2024;Vilella Alta, la;total;dones;població;;59
2024;Vilella Alta, la;total;total;població;;130
2024;Vilella Baixa, la;total;homes;població;;114
2024;Vilella Baixa, la;total;dones;població;;92
2024;Vilella Baixa, la;total;total;població;;206
2024;Vilobí d'Onyar;total;homes;població;;1701
2024;Vilobí d'Onyar;total;dones;població;;1603
2024;Vilobí d'Onyar;total;total;població;;3304
2024;Vilobí del Penedès;total;homes;població;;594
2024;Vilobí del Penedès;total;dones;població;;555
2024;Vilobí del Penedès;total;total;població;;1149
2024;Vilopriu;total;homes;població;;114
2024;Vilopriu;total;dones;població;;99
2024;Vilopriu;total;total;població;;213
2024;Vilosell, el;total;homes;població;;98
2024;Vilosell, el;total;dones;població;;94
2024;Vilosell, el;total;total;població;;192
2024;Vimbodí i Poblet;total;homes;població;;483
2024;Vimbodí i Poblet;total;dones;població;;410
2024;Vimbodí i Poblet;total;total;població;;893
2024;Vinaixa;total;homes;població;;238
2024;Vinaixa;total;dones;població;;211
2024;Vinaixa;total;total;població;;449
2024;Vinebre;total;homes;població;;226
2024;Vinebre;total;dones;població;;200
2024;Vinebre;total;total;població;;426
2024;Vinyols i els Arcs;total;homes;població;;1249
2024;Vinyols i els Arcs;total;dones;població;;1176
2024;Vinyols i els Arcs;total;total;població;;2425
2024;Viver i Serrateix;total;homes;població;;89
2024;Viver i Serrateix;total;dones;població;;84
2024;Viver i Serrateix;total;total;població;;173
2024;Xerta;total;homes;població;;569
2024;Xerta;total;dones;població;;584
2024;Xerta;total;total;població;;1153
2024;Catalunya;total;homes;població;;3943698
2024;Catalunya;total;dones;població;;4068533
2024;Catalunya;total;total;població;;8012231
