any;municipi;edat any a any;sexe;concepte;estat;valor
2012;Abella de la Conca;total;homes;població;;98
2012;Abella de la Conca;total;dones;població;;76
2012;Abella de la Conca;total;total;població;;174
2012;Abrera;total;homes;població;;6072
2012;Abrera;total;dones;població;;5798
2012;Abrera;total;total;població;;11870
2012;Àger;total;homes;població;;322
2012;Àger;total;dones;població;;271
2012;Àger;total;total;població;;593
2012;Agramunt;total;homes;població;;2873
2012;Agramunt;total;dones;població;;2760
2012;Agramunt;total;total;població;;5633
2012;Aguilar de Segarra;total;homes;població;;132
2012;Aguilar de Segarra;total;dones;població;;118
2012;Aguilar de Segarra;total;total;població;;250
2012;Agullana;total;homes;població;;439
2012;Agullana;total;dones;població;;419
2012;Agullana;total;total;població;;858
2012;Aiguafreda;total;homes;població;;1198
2012;Aiguafreda;total;dones;població;;1280
2012;Aiguafreda;total;total;població;;2478
2012;Aiguamúrcia;total;homes;població;;473
2012;Aiguamúrcia;total;dones;població;;433
2012;Aiguamúrcia;total;total;població;;906
2012;Aiguaviva;total;homes;població;;383
2012;Aiguaviva;total;dones;població;;391
2012;Aiguaviva;total;total;població;;774
2012;Aitona;total;homes;població;;1246
2012;Aitona;total;dones;població;;1173
2012;Aitona;total;total;població;;2419
2012;Alamús, els;total;homes;població;;408
2012;Alamús, els;total;dones;població;;343
2012;Alamús, els;total;total;població;;751
2012;Alàs i Cerc;total;homes;població;;200
2012;Alàs i Cerc;total;dones;població;;176
2012;Alàs i Cerc;total;total;població;;376
2012;Albagés, l';total;homes;població;;224
2012;Albagés, l';total;dones;població;;201
2012;Albagés, l';total;total;població;;425
2012;Albanyà;total;homes;població;;85
2012;Albanyà;total;dones;població;;68
2012;Albanyà;total;total;població;;153
2012;Albatàrrec;total;homes;població;;1101
2012;Albatàrrec;total;dones;població;;1012
2012;Albatàrrec;total;total;població;;2113
2012;Albesa;total;homes;població;;889
2012;Albesa;total;dones;població;;763
2012;Albesa;total;total;població;;1652
2012;Albi, l';total;homes;població;;448
2012;Albi, l';total;dones;població;;412
2012;Albi, l';total;total;població;;860
2012;Albinyana;total;homes;població;;1186
2012;Albinyana;total;dones;població;;1181
2012;Albinyana;total;total;població;;2367
2012;Albiol, l';total;homes;població;;232
2012;Albiol, l';total;dones;població;;227
2012;Albiol, l';total;total;població;;459
2012;Albons;total;homes;població;;370
2012;Albons;total;dones;població;;344
2012;Albons;total;total;població;;714
2012;Alcanar;total;homes;població;;5520
2012;Alcanar;total;dones;població;;5138
2012;Alcanar;total;total;població;;10658
2012;Alcanó;total;homes;població;;115
2012;Alcanó;total;dones;població;;122
2012;Alcanó;total;total;població;;237
2012;Alcarràs;total;homes;població;;4520
2012;Alcarràs;total;dones;població;;4235
2012;Alcarràs;total;total;població;;8755
2012;Alcoletge;total;homes;població;;1677
2012;Alcoletge;total;dones;població;;1514
2012;Alcoletge;total;total;població;;3191
2012;Alcover;total;homes;població;;2593
2012;Alcover;total;dones;població;;2550
2012;Alcover;total;total;població;;5143
2012;Aldea, l';total;homes;població;;2421
2012;Aldea, l';total;dones;població;;2109
2012;Aldea, l';total;total;població;;4530
2012;Aldover;total;homes;població;;486
2012;Aldover;total;dones;població;;482
2012;Aldover;total;total;població;;968
2012;Aleixar, l';total;homes;població;;465
2012;Aleixar, l';total;dones;població;;461
2012;Aleixar, l';total;total;població;;926
2012;Alella;total;homes;població;;4716
2012;Alella;total;dones;població;;4894
2012;Alella;total;total;població;;9610
2012;Alfara de Carles;total;homes;població;;213
2012;Alfara de Carles;total;dones;població;;186
2012;Alfara de Carles;total;total;població;;399
2012;Alfarràs;total;homes;població;;1578
2012;Alfarràs;total;dones;població;;1499
2012;Alfarràs;total;total;població;;3077
2012;Alfés;total;homes;població;;179
2012;Alfés;total;dones;població;;163
2012;Alfés;total;total;població;;342
2012;Alforja;total;homes;població;;964
2012;Alforja;total;dones;població;;901
2012;Alforja;total;total;població;;1865
2012;Algerri;total;homes;població;;229
2012;Algerri;total;dones;població;;209
2012;Algerri;total;total;població;;438
2012;Alguaire;total;homes;població;;1635
2012;Alguaire;total;dones;població;;1470
2012;Alguaire;total;total;població;;3105
2012;Alins;total;homes;població;;159
2012;Alins;total;dones;població;;147
2012;Alins;total;total;població;;306
2012;Alió;total;homes;població;;196
2012;Alió;total;dones;població;;198
2012;Alió;total;total;població;;394
2012;Almacelles;total;homes;població;;3534
2012;Almacelles;total;dones;població;;3194
2012;Almacelles;total;total;població;;6728
2012;Almatret;total;homes;població;;187
2012;Almatret;total;dones;població;;167
2012;Almatret;total;total;població;;354
2012;Almenar;total;homes;població;;1941
2012;Almenar;total;dones;població;;1712
2012;Almenar;total;total;població;;3653
2012;Almoster;total;homes;població;;689
2012;Almoster;total;dones;població;;692
2012;Almoster;total;total;població;;1381
2012;Alòs de Balaguer;total;homes;població;;78
2012;Alòs de Balaguer;total;dones;població;;56
2012;Alòs de Balaguer;total;total;població;;134
2012;Alp;total;homes;població;;927
2012;Alp;total;dones;població;;818
2012;Alp;total;total;població;;1745
2012;Alpens;total;homes;població;;164
2012;Alpens;total;dones;població;;140
2012;Alpens;total;total;població;;304
2012;Alpicat;total;homes;població;;3107
2012;Alpicat;total;dones;població;;3096
2012;Alpicat;total;total;població;;6203
2012;Alt Àneu;total;homes;població;;246
2012;Alt Àneu;total;dones;població;;193
2012;Alt Àneu;total;total;població;;439
2012;Altafulla;total;homes;població;;2382
2012;Altafulla;total;dones;població;;2453
2012;Altafulla;total;total;població;;4835
2012;Amer;total;homes;població;;1105
2012;Amer;total;dones;població;;1172
2012;Amer;total;total;població;;2277
2012;Ametlla de Mar, l';total;homes;població;;3914
2012;Ametlla de Mar, l';total;dones;població;;3774
2012;Ametlla de Mar, l';total;total;població;;7688
2012;Ametlla del Vallès, l';total;homes;població;;4119
2012;Ametlla del Vallès, l';total;dones;població;;4071
2012;Ametlla del Vallès, l';total;total;població;;8190
2012;Ampolla, l';total;homes;població;;1844
2012;Ampolla, l';total;dones;població;;1762
2012;Ampolla, l';total;total;població;;3606
2012;Amposta;total;homes;població;;10867
2012;Amposta;total;dones;població;;10567
2012;Amposta;total;total;població;;21434
2012;Anglès;total;homes;població;;2850
2012;Anglès;total;dones;població;;2869
2012;Anglès;total;total;població;;5719
2012;Anglesola;total;homes;població;;692
2012;Anglesola;total;dones;població;;693
2012;Anglesola;total;total;població;;1385
2012;Arbeca;total;homes;població;;1287
2012;Arbeca;total;dones;població;;1206
2012;Arbeca;total;total;població;;2493
2012;Arboç, l';total;homes;població;;2845
2012;Arboç, l';total;dones;població;;2641
2012;Arboç, l';total;total;població;;5486
2012;Arbolí;total;homes;població;;61
2012;Arbolí;total;dones;població;;52
2012;Arbolí;total;total;població;;113
2012;Arbúcies;total;homes;població;;3538
2012;Arbúcies;total;dones;població;;3203
2012;Arbúcies;total;total;població;;6741
2012;Arenys de Mar;total;homes;població;;7400
2012;Arenys de Mar;total;dones;població;;7630
2012;Arenys de Mar;total;total;població;;15030
2012;Arenys de Munt;total;homes;població;;4305
2012;Arenys de Munt;total;dones;població;;4225
2012;Arenys de Munt;total;total;població;;8530
2012;Argelaguer;total;homes;població;;223
2012;Argelaguer;total;dones;població;;202
2012;Argelaguer;total;total;població;;425
2012;Argençola;total;homes;població;;141
2012;Argençola;total;dones;població;;104
2012;Argençola;total;total;població;;245
2012;Argentera, l';total;homes;població;;88
2012;Argentera, l';total;dones;població;;65
2012;Argentera, l';total;total;població;;153
2012;Argentona;total;homes;població;;5888
2012;Argentona;total;dones;població;;6026
2012;Argentona;total;total;població;;11914
2012;Armentera, l';total;homes;població;;426
2012;Armentera, l';total;dones;població;;434
2012;Armentera, l';total;total;població;;860
2012;Arnes;total;homes;població;;254
2012;Arnes;total;dones;població;;238
2012;Arnes;total;total;població;;492
2012;Arres;total;homes;població;;42
2012;Arres;total;dones;població;;23
2012;Arres;total;total;població;;65
2012;Arsèguel;total;homes;població;;51
2012;Arsèguel;total;dones;població;;40
2012;Arsèguel;total;total;població;;91
2012;Artés;total;homes;població;;2802
2012;Artés;total;dones;població;;2764
2012;Artés;total;total;població;;5566
2012;Artesa de Lleida;total;homes;població;;796
2012;Artesa de Lleida;total;dones;població;;711
2012;Artesa de Lleida;total;total;població;;1507
2012;Artesa de Segre;total;homes;població;;1908
2012;Artesa de Segre;total;dones;població;;1851
2012;Artesa de Segre;total;total;població;;3759
2012;Ascó;total;homes;població;;875
2012;Ascó;total;dones;població;;805
2012;Ascó;total;total;població;;1680
2012;Aspa;total;homes;població;;110
2012;Aspa;total;dones;població;;106
2012;Aspa;total;total;població;;216
2012;Avellanes i Santa Linya, les;total;homes;població;;262
2012;Avellanes i Santa Linya, les;total;dones;població;;196
2012;Avellanes i Santa Linya, les;total;total;població;;458
2012;Avià;total;homes;població;;1120
2012;Avià;total;dones;població;;1139
2012;Avià;total;total;població;;2259
2012;Avinyó;total;homes;població;;1162
2012;Avinyó;total;dones;població;;1166
2012;Avinyó;total;total;població;;2328
2012;Avinyonet de Puigventós;total;homes;població;;764
2012;Avinyonet de Puigventós;total;dones;població;;759
2012;Avinyonet de Puigventós;total;total;població;;1523
2012;Avinyonet del Penedès;total;homes;població;;923
2012;Avinyonet del Penedès;total;dones;població;;793
2012;Avinyonet del Penedès;total;total;població;;1716
2012;Badalona;total;homes;població;;110309
2012;Badalona;total;dones;població;;110668
2012;Badalona;total;total;població;;220977
2012;Badia del Vallès;total;homes;població;;6648
2012;Badia del Vallès;total;dones;població;;6915
2012;Badia del Vallès;total;total;població;;13563
2012;Bagà;total;homes;població;;1204
2012;Bagà;total;dones;població;;1192
2012;Bagà;total;total;població;;2396
2012;Baix Pallars;total;homes;població;;187
2012;Baix Pallars;total;dones;població;;175
2012;Baix Pallars;total;total;població;;362
2012;Balaguer;total;homes;població;;8659
2012;Balaguer;total;dones;població;;8293
2012;Balaguer;total;total;població;;16952
2012;Balenyà;total;homes;població;;1865
2012;Balenyà;total;dones;població;;1849
2012;Balenyà;total;total;població;;3714
2012;Balsareny;total;homes;població;;1760
2012;Balsareny;total;dones;població;;1732
2012;Balsareny;total;total;població;;3492
2012;Banyeres del Penedès;total;homes;població;;1558
2012;Banyeres del Penedès;total;dones;població;;1461
2012;Banyeres del Penedès;total;total;població;;3019
2012;Banyoles;total;homes;població;;9697
2012;Banyoles;total;dones;població;;9644
2012;Banyoles;total;total;població;;19341
2012;Barbens;total;homes;població;;492
2012;Barbens;total;dones;població;;436
2012;Barbens;total;total;població;;928
2012;Barberà de la Conca;total;homes;població;;288
2012;Barberà de la Conca;total;dones;població;;238
2012;Barberà de la Conca;total;total;població;;526
2012;Barberà del Vallès;total;homes;població;;16117
2012;Barberà del Vallès;total;dones;població;;16319
2012;Barberà del Vallès;total;total;població;;32436
2012;Barcelona;total;homes;població;;769819
2012;Barcelona;total;dones;població;;851124
2012;Barcelona;total;total;població;;1620943
2012;Baronia de Rialb, la;total;homes;població;;136
2012;Baronia de Rialb, la;total;dones;població;;119
2012;Baronia de Rialb, la;total;total;població;;255
2012;Bàscara;total;homes;població;;498
2012;Bàscara;total;dones;població;;470
2012;Bàscara;total;total;població;;968
2012;Bassella;total;homes;població;;129
2012;Bassella;total;dones;població;;117
2012;Bassella;total;total;població;;246
2012;Batea;total;homes;població;;1097
2012;Batea;total;dones;població;;1039
2012;Batea;total;total;població;;2136
2012;Bausen;total;homes;població;;36
2012;Bausen;total;dones;població;;25
2012;Bausen;total;total;població;;61
2012;Begues;total;homes;població;;3241
2012;Begues;total;dones;població;;3279
2012;Begues;total;total;població;;6520
2012;Begur;total;homes;població;;2156
2012;Begur;total;dones;població;;2065
2012;Begur;total;total;població;;4221
2012;Belianes;total;homes;població;;291
2012;Belianes;total;dones;població;;273
2012;Belianes;total;total;població;;564
2012;Bellaguarda;total;homes;població;;180
2012;Bellaguarda;total;dones;població;;155
2012;Bellaguarda;total;total;població;;335
2012;Bellcaire d'Empordà;total;homes;població;;328
2012;Bellcaire d'Empordà;total;dones;població;;333
2012;Bellcaire d'Empordà;total;total;població;;661
2012;Bellcaire d'Urgell;total;homes;població;;684
2012;Bellcaire d'Urgell;total;dones;població;;666
2012;Bellcaire d'Urgell;total;total;població;;1350
2012;Bell-lloc d'Urgell;total;homes;població;;1194
2012;Bell-lloc d'Urgell;total;dones;població;;1226
2012;Bell-lloc d'Urgell;total;total;població;;2420
2012;Bellmunt d'Urgell;total;homes;població;;93
2012;Bellmunt d'Urgell;total;dones;població;;103
2012;Bellmunt d'Urgell;total;total;població;;196
2012;Bellmunt del Priorat;total;homes;població;;173
2012;Bellmunt del Priorat;total;dones;població;;163
2012;Bellmunt del Priorat;total;total;població;;336
2012;Bellprat;total;homes;població;;53
2012;Bellprat;total;dones;població;;38
2012;Bellprat;total;total;població;;91
2012;Bellpuig;total;homes;població;;2582
2012;Bellpuig;total;dones;població;;2393
2012;Bellpuig;total;total;població;;4975
2012;Bellvei;total;homes;població;;1087
2012;Bellvei;total;dones;població;;1023
2012;Bellvei;total;total;població;;2110
2012;Bellver de Cerdanya;total;homes;població;;1207
2012;Bellver de Cerdanya;total;dones;població;;1093
2012;Bellver de Cerdanya;total;total;població;;2300
2012;Bellvís;total;homes;població;;1213
2012;Bellvís;total;dones;població;;1178
2012;Bellvís;total;total;població;;2391
2012;Benavent de Segrià;total;homes;població;;798
2012;Benavent de Segrià;total;dones;població;;742
2012;Benavent de Segrià;total;total;població;;1540
2012;Benifallet;total;homes;població;;390
2012;Benifallet;total;dones;població;;381
2012;Benifallet;total;total;població;;771
2012;Benissanet;total;homes;població;;700
2012;Benissanet;total;dones;població;;580
2012;Benissanet;total;total;població;;1280
2012;Berga;total;homes;població;;8313
2012;Berga;total;dones;població;;8532
2012;Berga;total;total;població;;16845
2012;Besalú;total;homes;població;;1163
2012;Besalú;total;dones;població;;1264
2012;Besalú;total;total;població;;2427
2012;Bescanó;total;homes;població;;2335
2012;Bescanó;total;dones;població;;2370
2012;Bescanó;total;total;població;;4705
2012;Beuda;total;homes;població;;92
2012;Beuda;total;dones;població;;78
2012;Beuda;total;total;població;;170
2012;Bigues i Riells del Fai;total;homes;població;;4489
2012;Bigues i Riells del Fai;total;dones;població;;4292
2012;Bigues i Riells del Fai;total;total;població;;8781
2012;Biosca;total;homes;població;;115
2012;Biosca;total;dones;població;;98
2012;Biosca;total;total;població;;213
2012;Bisbal d'Empordà, la;total;homes;població;;5419
2012;Bisbal d'Empordà, la;total;dones;població;;5260
2012;Bisbal d'Empordà, la;total;total;població;;10679
2012;Bisbal de Montsant, la;total;homes;població;;127
2012;Bisbal de Montsant, la;total;dones;població;;100
2012;Bisbal de Montsant, la;total;total;població;;227
2012;Bisbal del Penedès, la;total;homes;població;;1782
2012;Bisbal del Penedès, la;total;dones;població;;1646
2012;Bisbal del Penedès, la;total;total;població;;3428
2012;Biure;total;homes;població;;128
2012;Biure;total;dones;població;;121
2012;Biure;total;total;població;;249
2012;Blancafort;total;homes;població;;214
2012;Blancafort;total;dones;població;;204
2012;Blancafort;total;total;població;;418
2012;Blanes;total;homes;població;;20036
2012;Blanes;total;dones;població;;19749
2012;Blanes;total;total;població;;39785
2012;Boadella i les Escaules;total;homes;població;;123
2012;Boadella i les Escaules;total;dones;població;;133
2012;Boadella i les Escaules;total;total;població;;256
2012;Bolvir;total;homes;població;;214
2012;Bolvir;total;dones;població;;186
2012;Bolvir;total;total;població;;400
2012;Bonastre;total;homes;població;;346
2012;Bonastre;total;dones;població;;305
2012;Bonastre;total;total;població;;651
2012;Bòrdes, Es;total;homes;població;;130
2012;Bòrdes, Es;total;dones;població;;108
2012;Bòrdes, Es;total;total;població;;238
2012;Bordils;total;homes;població;;877
2012;Bordils;total;dones;població;;860
2012;Bordils;total;total;població;;1737
2012;Borges Blanques, les;total;homes;població;;3095
2012;Borges Blanques, les;total;dones;població;;2965
2012;Borges Blanques, les;total;total;població;;6060
2012;Borges del Camp, les;total;homes;població;;1065
2012;Borges del Camp, les;total;dones;població;;1062
2012;Borges del Camp, les;total;total;població;;2127
2012;Borrassà;total;homes;població;;364
2012;Borrassà;total;dones;població;;350
2012;Borrassà;total;total;població;;714
2012;Borredà;total;homes;població;;321
2012;Borredà;total;dones;població;;273
2012;Borredà;total;total;població;;594
2012;Bossòst;total;homes;població;;591
2012;Bossòst;total;dones;població;;588
2012;Bossòst;total;total;població;;1179
2012;Bot;total;homes;població;;353
2012;Bot;total;dones;població;;325
2012;Bot;total;total;població;;678
2012;Botarell;total;homes;població;;595
2012;Botarell;total;dones;població;;531
2012;Botarell;total;total;població;;1126
2012;Bovera;total;homes;població;;166
2012;Bovera;total;dones;població;;149
2012;Bovera;total;total;població;;315
2012;Bràfim;total;homes;població;;342
2012;Bràfim;total;dones;població;;328
2012;Bràfim;total;total;població;;670
2012;Breda;total;homes;població;;1900
2012;Breda;total;dones;població;;1867
2012;Breda;total;total;població;;3767
2012;Bruc, el;total;homes;població;;1090
2012;Bruc, el;total;dones;població;;939
2012;Bruc, el;total;total;població;;2029
2012;Brull, el;total;homes;població;;143
2012;Brull, el;total;dones;població;;118
2012;Brull, el;total;total;població;;261
2012;Brunyola i Sant Martí Sapresa;total;homes;població;;195
2012;Brunyola i Sant Martí Sapresa;total;dones;població;;202
2012;Brunyola i Sant Martí Sapresa;total;total;població;;397
2012;Cabacés;total;homes;població;;177
2012;Cabacés;total;dones;població;;165
2012;Cabacés;total;total;població;;342
2012;Cabanabona;total;homes;població;;42
2012;Cabanabona;total;dones;població;;58
2012;Cabanabona;total;total;població;;100
2012;Cabanelles;total;homes;població;;137
2012;Cabanelles;total;dones;població;;107
2012;Cabanelles;total;total;població;;244
2012;Cabanes;total;homes;població;;496
2012;Cabanes;total;dones;població;;435
2012;Cabanes;total;total;població;;931
2012;Cabanyes, les;total;homes;població;;483
2012;Cabanyes, les;total;dones;població;;464
2012;Cabanyes, les;total;total;població;;947
2012;Cabó;total;homes;població;;47
2012;Cabó;total;dones;població;;47
2012;Cabó;total;total;població;;94
2012;Cabra del Camp;total;homes;població;;607
2012;Cabra del Camp;total;dones;població;;558
2012;Cabra del Camp;total;total;població;;1165
2012;Cabrera d'Anoia;total;homes;població;;730
2012;Cabrera d'Anoia;total;dones;població;;646
2012;Cabrera d'Anoia;total;total;població;;1376
2012;Cabrera de Mar;total;homes;població;;2287
2012;Cabrera de Mar;total;dones;població;;2245
2012;Cabrera de Mar;total;total;població;;4532
2012;Cabrils;total;homes;població;;3496
2012;Cabrils;total;dones;població;;3644
2012;Cabrils;total;total;població;;7140
2012;Cadaqués;total;homes;població;;1440
2012;Cadaqués;total;dones;població;;1495
2012;Cadaqués;total;total;població;;2935
2012;Calaf;total;homes;població;;1848
2012;Calaf;total;dones;població;;1690
2012;Calaf;total;total;població;;3538
2012;Calafell;total;homes;població;;12471
2012;Calafell;total;dones;població;;12201
2012;Calafell;total;total;població;;24672
2012;Calders;total;homes;població;;488
2012;Calders;total;dones;població;;467
2012;Calders;total;total;població;;955
2012;Caldes d'Estrac;total;homes;població;;1318
2012;Caldes d'Estrac;total;dones;població;;1455
2012;Caldes d'Estrac;total;total;població;;2773
2012;Caldes de Malavella;total;homes;població;;3515
2012;Caldes de Malavella;total;dones;població;;3556
2012;Caldes de Malavella;total;total;població;;7071
2012;Caldes de Montbui;total;homes;població;;8635
2012;Caldes de Montbui;total;dones;població;;8636
2012;Caldes de Montbui;total;total;població;;17271
2012;Calella;total;homes;població;;9153
2012;Calella;total;dones;població;;9376
2012;Calella;total;total;població;;18529
2012;Calldetenes;total;homes;població;;1250
2012;Calldetenes;total;dones;població;;1191
2012;Calldetenes;total;total;població;;2441
2012;Callús;total;homes;població;;942
2012;Callús;total;dones;població;;967
2012;Callús;total;total;població;;1909
2012;Calonge de Segarra;total;homes;població;;101
2012;Calonge de Segarra;total;dones;població;;100
2012;Calonge de Segarra;total;total;població;;201
2012;Calonge i Sant Antoni;total;homes;població;;5431
2012;Calonge i Sant Antoni;total;dones;població;;5420
2012;Calonge i Sant Antoni;total;total;població;;10851
2012;Camarasa;total;homes;població;;483
2012;Camarasa;total;dones;població;;462
2012;Camarasa;total;total;població;;945
2012;Camarles;total;homes;població;;1844
2012;Camarles;total;dones;població;;1765
2012;Camarles;total;total;població;;3609
2012;Cambrils;total;homes;població;;16680
2012;Cambrils;total;dones;població;;16855
2012;Cambrils;total;total;població;;33535
2012;Camós;total;homes;població;;343
2012;Camós;total;dones;població;;334
2012;Camós;total;total;població;;677
2012;Campdevànol;total;homes;població;;1710
2012;Campdevànol;total;dones;població;;1759
2012;Campdevànol;total;total;població;;3469
2012;Campelles;total;homes;població;;66
2012;Campelles;total;dones;població;;70
2012;Campelles;total;total;població;;136
2012;Campins;total;homes;població;;251
2012;Campins;total;dones;població;;245
2012;Campins;total;total;població;;496
2012;Campllong;total;homes;població;;266
2012;Campllong;total;dones;població;;259
2012;Campllong;total;total;població;;525
2012;Camprodon;total;homes;població;;1207
2012;Camprodon;total;dones;població;;1259
2012;Camprodon;total;total;població;;2466
2012;Canejan;total;homes;població;;57
2012;Canejan;total;dones;població;;52
2012;Canejan;total;total;població;;109
2012;Canet d'Adri;total;homes;població;;317
2012;Canet d'Adri;total;dones;població;;307
2012;Canet d'Adri;total;total;població;;624
2012;Canet de Mar;total;homes;població;;6967
2012;Canet de Mar;total;dones;població;;7216
2012;Canet de Mar;total;total;població;;14183
2012;Canonja, la;total;homes;població;;2871
2012;Canonja, la;total;dones;població;;2852
2012;Canonja, la;total;total;població;;5723
2012;Canovelles;total;homes;població;;8381
2012;Canovelles;total;dones;població;;7709
2012;Canovelles;total;total;població;;16090
2012;Cànoves i Samalús;total;homes;població;;1471
2012;Cànoves i Samalús;total;dones;població;;1394
2012;Cànoves i Samalús;total;total;població;;2865
2012;Cantallops;total;homes;població;;171
2012;Cantallops;total;dones;població;;162
2012;Cantallops;total;total;població;;333
2012;Canyelles;total;homes;població;;2175
2012;Canyelles;total;dones;població;;2100
2012;Canyelles;total;total;població;;4275
2012;Capafonts;total;homes;població;;64
2012;Capafonts;total;dones;població;;57
2012;Capafonts;total;total;població;;121
2012;Capçanes;total;homes;població;;210
2012;Capçanes;total;dones;població;;211
2012;Capçanes;total;total;població;;421
2012;Capellades;total;homes;població;;2701
2012;Capellades;total;dones;població;;2738
2012;Capellades;total;total;població;;5439
2012;Capmany;total;homes;població;;341
2012;Capmany;total;dones;població;;292
2012;Capmany;total;total;població;;633
2012;Capolat;total;homes;població;;38
2012;Capolat;total;dones;població;;52
2012;Capolat;total;total;població;;90
2012;Cardedeu;total;homes;població;;8567
2012;Cardedeu;total;dones;població;;8860
2012;Cardedeu;total;total;població;;17427
2012;Cardona;total;homes;població;;2492
2012;Cardona;total;dones;població;;2572
2012;Cardona;total;total;població;;5064
2012;Carme;total;homes;població;;457
2012;Carme;total;dones;població;;409
2012;Carme;total;total;població;;866
2012;Caseres;total;homes;població;;139
2012;Caseres;total;dones;població;;145
2012;Caseres;total;total;població;;284
2012;Cassà de la Selva;total;homes;població;;5112
2012;Cassà de la Selva;total;dones;població;;4813
2012;Cassà de la Selva;total;total;població;;9925
2012;Casserres;total;homes;població;;796
2012;Casserres;total;dones;població;;782
2012;Casserres;total;total;població;;1578
2012;Castell d'Aro, Platja d'Aro i s'Agaró;total;homes;població;;5236
2012;Castell d'Aro, Platja d'Aro i s'Agaró;total;dones;població;;5291
2012;Castell d'Aro, Platja d'Aro i s'Agaró;total;total;població;;10527
2012;Castell de l'Areny;total;homes;població;;43
2012;Castell de l'Areny;total;dones;població;;30
2012;Castell de l'Areny;total;total;població;;73
2012;Castell de Mur;total;homes;població;;93
2012;Castell de Mur;total;dones;població;;80
2012;Castell de Mur;total;total;població;;173
2012;Castellar de la Ribera;total;homes;població;;83
2012;Castellar de la Ribera;total;dones;població;;76
2012;Castellar de la Ribera;total;total;població;;159
2012;Castellar de n'Hug;total;homes;població;;96
2012;Castellar de n'Hug;total;dones;població;;79
2012;Castellar de n'Hug;total;total;població;;175
2012;Castellar del Riu;total;homes;població;;95
2012;Castellar del Riu;total;dones;població;;79
2012;Castellar del Riu;total;total;població;;174
2012;Castellar del Vallès;total;homes;població;;11539
2012;Castellar del Vallès;total;dones;població;;11824
2012;Castellar del Vallès;total;total;població;;23363
2012;Castellbell i el Vilar;total;homes;població;;1870
2012;Castellbell i el Vilar;total;dones;població;;1771
2012;Castellbell i el Vilar;total;total;població;;3641
2012;Castellbisbal;total;homes;població;;6338
2012;Castellbisbal;total;dones;població;;6069
2012;Castellbisbal;total;total;població;;12407
2012;Castellcir;total;homes;població;;342
2012;Castellcir;total;dones;població;;326
2012;Castellcir;total;total;població;;668
2012;Castelldans;total;homes;població;;549
2012;Castelldans;total;dones;població;;479
2012;Castelldans;total;total;població;;1028
2012;Castelldefels;total;homes;població;;31213
2012;Castelldefels;total;dones;població;;31776
2012;Castelldefels;total;total;població;;62989
2012;Castellet i la Gornal;total;homes;població;;1132
2012;Castellet i la Gornal;total;dones;població;;1120
2012;Castellet i la Gornal;total;total;població;;2252
2012;Castellfollit de la Roca;total;homes;població;;509
2012;Castellfollit de la Roca;total;dones;població;;490
2012;Castellfollit de la Roca;total;total;població;;999
2012;Castellfollit de Riubregós;total;homes;població;;100
2012;Castellfollit de Riubregós;total;dones;població;;84
2012;Castellfollit de Riubregós;total;total;població;;184
2012;Castellfollit del Boix;total;homes;població;;212
2012;Castellfollit del Boix;total;dones;població;;204
2012;Castellfollit del Boix;total;total;població;;416
2012;Castellgalí;total;homes;població;;1044
2012;Castellgalí;total;dones;població;;957
2012;Castellgalí;total;total;població;;2001
2012;Castellnou de Bages;total;homes;població;;602
2012;Castellnou de Bages;total;dones;població;;582
2012;Castellnou de Bages;total;total;població;;1184
2012;Castellnou de Seana;total;homes;població;;394
2012;Castellnou de Seana;total;dones;població;;372
2012;Castellnou de Seana;total;total;població;;766
2012;Castelló d'Empúries;total;homes;població;;6037
2012;Castelló d'Empúries;total;dones;població;;5757
2012;Castelló d'Empúries;total;total;població;;11794
2012;Castelló de Farfanya;total;homes;població;;297
2012;Castelló de Farfanya;total;dones;població;;252
2012;Castelló de Farfanya;total;total;població;;549
2012;Castellolí;total;homes;població;;271
2012;Castellolí;total;dones;població;;292
2012;Castellolí;total;total;població;;563
2012;Castellserà;total;homes;població;;561
2012;Castellserà;total;dones;població;;528
2012;Castellserà;total;total;població;;1089
2012;Castellterçol;total;homes;població;;1185
2012;Castellterçol;total;dones;població;;1222
2012;Castellterçol;total;total;població;;2407
2012;Castellvell del Camp;total;homes;població;;1419
2012;Castellvell del Camp;total;dones;població;;1426
2012;Castellvell del Camp;total;total;població;;2845
2012;Castellví de la Marca;total;homes;població;;831
2012;Castellví de la Marca;total;dones;població;;819
2012;Castellví de la Marca;total;total;població;;1650
2012;Castellví de Rosanes;total;homes;població;;868
2012;Castellví de Rosanes;total;dones;població;;889
2012;Castellví de Rosanes;total;total;població;;1757
2012;Catllar, el;total;homes;població;;2141
2012;Catllar, el;total;dones;població;;2023
2012;Catllar, el;total;total;població;;4164
2012;Cava;total;homes;població;;33
2012;Cava;total;dones;població;;27
2012;Cava;total;total;població;;60
2012;Cellera de Ter, la;total;homes;població;;1029
2012;Cellera de Ter, la;total;dones;població;;1037
2012;Cellera de Ter, la;total;total;població;;2066
2012;Celrà;total;homes;població;;2443
2012;Celrà;total;dones;població;;2471
2012;Celrà;total;total;població;;4914
2012;Centelles;total;homes;població;;3553
2012;Centelles;total;dones;població;;3729
2012;Centelles;total;total;població;;7282
2012;Cercs;total;homes;població;;660
2012;Cercs;total;dones;població;;646
2012;Cercs;total;total;població;;1306
2012;Cerdanyola del Vallès;total;homes;població;;28512
2012;Cerdanyola del Vallès;total;dones;població;;29380
2012;Cerdanyola del Vallès;total;total;població;;57892
2012;Cervelló;total;homes;població;;4346
2012;Cervelló;total;dones;població;;4314
2012;Cervelló;total;total;població;;8660
2012;Cervera;total;homes;població;;4786
2012;Cervera;total;dones;població;;4654
2012;Cervera;total;total;població;;9440
2012;Cervià de les Garrigues;total;homes;població;;391
2012;Cervià de les Garrigues;total;dones;població;;355
2012;Cervià de les Garrigues;total;total;població;;746
2012;Cervià de Ter;total;homes;població;;459
2012;Cervià de Ter;total;dones;població;;447
2012;Cervià de Ter;total;total;població;;906
2012;Cistella;total;homes;població;;143
2012;Cistella;total;dones;població;;138
2012;Cistella;total;total;població;;281
2012;Ciutadilla;total;homes;població;;115
2012;Ciutadilla;total;dones;població;;92
2012;Ciutadilla;total;total;població;;207
2012;Clariana de Cardener;total;homes;població;;74
2012;Clariana de Cardener;total;dones;població;;68
2012;Clariana de Cardener;total;total;població;;142
2012;Cogul, el;total;homes;població;;108
2012;Cogul, el;total;dones;població;;89
2012;Cogul, el;total;total;població;;197
2012;Colera;total;homes;població;;298
2012;Colera;total;dones;població;;276
2012;Colera;total;total;població;;574
2012;Coll de Nargó;total;homes;població;;303
2012;Coll de Nargó;total;dones;població;;292
2012;Coll de Nargó;total;total;població;;595
2012;Collbató;total;homes;població;;2216
2012;Collbató;total;dones;població;;2071
2012;Collbató;total;total;població;;4287
2012;Colldejou;total;homes;població;;96
2012;Colldejou;total;dones;població;;81
2012;Colldejou;total;total;població;;177
2012;Collsuspina;total;homes;població;;184
2012;Collsuspina;total;dones;població;;163
2012;Collsuspina;total;total;població;;347
2012;Colomers;total;homes;població;;99
2012;Colomers;total;dones;població;;106
2012;Colomers;total;total;població;;205
2012;Coma i la Pedra, la;total;homes;població;;166
2012;Coma i la Pedra, la;total;dones;població;;108
2012;Coma i la Pedra, la;total;total;població;;274
2012;Conca de Dalt;total;homes;població;;225
2012;Conca de Dalt;total;dones;població;;208
2012;Conca de Dalt;total;total;població;;433
2012;Conesa;total;homes;població;;65
2012;Conesa;total;dones;població;;65
2012;Conesa;total;total;població;;130
2012;Constantí;total;homes;població;;3575
2012;Constantí;total;dones;població;;3199
2012;Constantí;total;total;població;;6774
2012;Copons;total;homes;població;;158
2012;Copons;total;dones;població;;166
2012;Copons;total;total;població;;324
2012;Corbera d'Ebre;total;homes;població;;649
2012;Corbera d'Ebre;total;dones;població;;555
2012;Corbera d'Ebre;total;total;població;;1204
2012;Corbera de Llobregat;total;homes;població;;7106
2012;Corbera de Llobregat;total;dones;població;;7125
2012;Corbera de Llobregat;total;total;població;;14231
2012;Corbins;total;homes;població;;746
2012;Corbins;total;dones;població;;657
2012;Corbins;total;total;població;;1403
2012;Corçà;total;homes;població;;623
2012;Corçà;total;dones;població;;656
2012;Corçà;total;total;població;;1279
2012;Cornellà de Llobregat;total;homes;població;;43108
2012;Cornellà de Llobregat;total;dones;població;;44350
2012;Cornellà de Llobregat;total;total;població;;87458
2012;Cornellà del Terri;total;homes;població;;1147
2012;Cornellà del Terri;total;dones;població;;1110
2012;Cornellà del Terri;total;total;població;;2257
2012;Cornudella de Montsant;total;homes;població;;541
2012;Cornudella de Montsant;total;dones;població;;484
2012;Cornudella de Montsant;total;total;població;;1025
2012;Creixell;total;homes;població;;1758
2012;Creixell;total;dones;població;;1673
2012;Creixell;total;total;població;;3431
2012;Crespià;total;homes;població;;134
2012;Crespià;total;dones;població;;132
2012;Crespià;total;total;població;;266
2012;Cruïlles, Monells i Sant Sadurní de l'Heura;total;homes;població;;637
2012;Cruïlles, Monells i Sant Sadurní de l'Heura;total;dones;població;;616
2012;Cruïlles, Monells i Sant Sadurní de l'Heura;total;total;població;;1253
2012;Cubelles;total;homes;població;;7294
2012;Cubelles;total;dones;població;;7081
2012;Cubelles;total;total;població;;14375
2012;Cubells;total;homes;població;;216
2012;Cubells;total;dones;població;;193
2012;Cubells;total;total;població;;409
2012;Cunit;total;homes;població;;6349
2012;Cunit;total;dones;població;;6277
2012;Cunit;total;total;població;;12626
2012;Darnius;total;homes;població;;267
2012;Darnius;total;dones;població;;265
2012;Darnius;total;total;població;;532
2012;Das;total;homes;població;;126
2012;Das;total;dones;població;;96
2012;Das;total;total;població;;222
2012;Deltebre;total;homes;població;;6247
2012;Deltebre;total;dones;població;;6069
2012;Deltebre;total;total;població;;12316
2012;Dosrius;total;homes;població;;2637
2012;Dosrius;total;dones;població;;2539
2012;Dosrius;total;total;població;;5176
2012;Duesaigües;total;homes;població;;138
2012;Duesaigües;total;dones;població;;103
2012;Duesaigües;total;total;població;;241
2012;Escala, l';total;homes;població;;5370
2012;Escala, l';total;dones;població;;5138
2012;Escala, l';total;total;població;;10508
2012;Esparreguera;total;homes;població;;11160
2012;Esparreguera;total;dones;població;;10696
2012;Esparreguera;total;total;població;;21856
2012;Espinelves;total;homes;població;;98
2012;Espinelves;total;dones;població;;103
2012;Espinelves;total;total;població;;201
2012;Espluga Calba, l';total;homes;població;;210
2012;Espluga Calba, l';total;dones;població;;189
2012;Espluga Calba, l';total;total;població;;399
2012;Espluga de Francolí, l';total;homes;població;;1911
2012;Espluga de Francolí, l';total;dones;població;;2002
2012;Espluga de Francolí, l';total;total;població;;3913
2012;Esplugues de Llobregat;total;homes;població;;22645
2012;Esplugues de Llobregat;total;dones;població;;24081
2012;Esplugues de Llobregat;total;total;població;;46726
2012;Espolla;total;homes;població;;210
2012;Espolla;total;dones;població;;211
2012;Espolla;total;total;població;;421
2012;Esponellà;total;homes;població;;222
2012;Esponellà;total;dones;població;;224
2012;Esponellà;total;total;població;;446
2012;Espot;total;homes;població;;192
2012;Espot;total;dones;població;;163
2012;Espot;total;total;població;;355
2012;Espunyola, l';total;homes;població;;131
2012;Espunyola, l';total;dones;població;;124
2012;Espunyola, l';total;total;població;;255
2012;Esquirol, l';total;homes;població;;1107
2012;Esquirol, l';total;dones;població;;1086
2012;Esquirol, l';total;total;població;;2193
2012;Estamariu;total;homes;població;;71
2012;Estamariu;total;dones;població;;51
2012;Estamariu;total;total;població;;122
2012;Estany, l';total;homes;població;;198
2012;Estany, l';total;dones;població;;200
2012;Estany, l';total;total;població;;398
2012;Estaràs;total;homes;població;;91
2012;Estaràs;total;dones;població;;77
2012;Estaràs;total;total;població;;168
2012;Esterri d'Àneu;total;homes;població;;471
2012;Esterri d'Àneu;total;dones;població;;429
2012;Esterri d'Àneu;total;total;població;;900
2012;Esterri de Cardós;total;homes;població;;36
2012;Esterri de Cardós;total;dones;població;;39
2012;Esterri de Cardós;total;total;població;;75
2012;Falset;total;homes;població;;1461
2012;Falset;total;dones;població;;1433
2012;Falset;total;total;població;;2894
2012;Far d'Empordà, el;total;homes;població;;280
2012;Far d'Empordà, el;total;dones;població;;275
2012;Far d'Empordà, el;total;total;població;;555
2012;Farrera;total;homes;població;;81
2012;Farrera;total;dones;població;;59
2012;Farrera;total;total;població;;140
2012;Fatarella, la;total;homes;població;;548
2012;Fatarella, la;total;dones;població;;541
2012;Fatarella, la;total;total;població;;1089
2012;Febró, la;total;homes;població;;33
2012;Febró, la;total;dones;població;;16
2012;Febró, la;total;total;població;;49
2012;Figaró-Montmany;total;homes;població;;558
2012;Figaró-Montmany;total;dones;població;;545
2012;Figaró-Montmany;total;total;població;;1103
2012;Fígols;total;homes;població;;25
2012;Fígols;total;dones;població;;21
2012;Fígols;total;total;població;;46
2012;Fígols i Alinyà;total;homes;població;;156
2012;Fígols i Alinyà;total;dones;població;;122
2012;Fígols i Alinyà;total;total;població;;278
2012;Figuera, la;total;homes;població;;71
2012;Figuera, la;total;dones;població;;57
2012;Figuera, la;total;total;població;;128
2012;Figueres;total;homes;població;;22529
2012;Figueres;total;dones;població;;22733
2012;Figueres;total;total;població;;45262
2012;Figuerola del Camp;total;homes;població;;170
2012;Figuerola del Camp;total;dones;població;;178
2012;Figuerola del Camp;total;total;població;;348
2012;Flaçà;total;homes;població;;514
2012;Flaçà;total;dones;població;;551
2012;Flaçà;total;total;població;;1065
2012;Flix;total;homes;població;;1983
2012;Flix;total;dones;població;;1978
2012;Flix;total;total;població;;3961
2012;Floresta, la;total;homes;població;;92
2012;Floresta, la;total;dones;població;;72
2012;Floresta, la;total;total;població;;164
2012;Fogars de la Selva;total;homes;població;;806
2012;Fogars de la Selva;total;dones;població;;723
2012;Fogars de la Selva;total;total;població;;1529
2012;Fogars de Montclús;total;homes;població;;237
2012;Fogars de Montclús;total;dones;població;;205
2012;Fogars de Montclús;total;total;població;;442
2012;Foixà;total;homes;població;;162
2012;Foixà;total;dones;població;;149
2012;Foixà;total;total;població;;311
2012;Folgueroles;total;homes;població;;1122
2012;Folgueroles;total;dones;població;;1108
2012;Folgueroles;total;total;població;;2230
2012;Fondarella;total;homes;població;;418
2012;Fondarella;total;dones;població;;407
2012;Fondarella;total;total;població;;825
2012;Fonollosa;total;homes;població;;739
2012;Fonollosa;total;dones;població;;699
2012;Fonollosa;total;total;població;;1438
2012;Fontanals de Cerdanya;total;homes;població;;236
2012;Fontanals de Cerdanya;total;dones;població;;236
2012;Fontanals de Cerdanya;total;total;població;;472
2012;Fontanilles;total;homes;població;;89
2012;Fontanilles;total;dones;població;;67
2012;Fontanilles;total;total;població;;156
2012;Fontcoberta;total;homes;població;;660
2012;Fontcoberta;total;dones;població;;715
2012;Fontcoberta;total;total;població;;1375
2012;Font-rubí;total;homes;població;;741
2012;Font-rubí;total;dones;població;;696
2012;Font-rubí;total;total;població;;1437
2012;Foradada;total;homes;població;;103
2012;Foradada;total;dones;població;;81
2012;Foradada;total;total;població;;184
2012;Forallac;total;homes;població;;834
2012;Forallac;total;dones;població;;887
2012;Forallac;total;total;població;;1721
2012;Forès;total;homes;població;;28
2012;Forès;total;dones;població;;22
2012;Forès;total;total;població;;50
2012;Fornells de la Selva;total;homes;població;;1197
2012;Fornells de la Selva;total;dones;població;;1252
2012;Fornells de la Selva;total;total;població;;2449
2012;Fortià;total;homes;població;;337
2012;Fortià;total;dones;població;;342
2012;Fortià;total;total;població;;679
2012;Franqueses del Vallès, les;total;homes;població;;9773
2012;Franqueses del Vallès, les;total;dones;població;;9250
2012;Franqueses del Vallès, les;total;total;població;;19023
2012;Freginals;total;homes;població;;256
2012;Freginals;total;dones;població;;226
2012;Freginals;total;total;població;;482
2012;Fuliola, la;total;homes;població;;673
2012;Fuliola, la;total;dones;població;;647
2012;Fuliola, la;total;total;població;;1320
2012;Fulleda;total;homes;població;;51
2012;Fulleda;total;dones;població;;52
2012;Fulleda;total;total;població;;103
2012;Gaià;total;homes;població;;90
2012;Gaià;total;dones;població;;77
2012;Gaià;total;total;població;;167
2012;Galera, la;total;homes;població;;434
2012;Galera, la;total;dones;població;;409
2012;Galera, la;total;total;població;;843
2012;Gallifa;total;homes;població;;104
2012;Gallifa;total;dones;població;;96
2012;Gallifa;total;total;població;;200
2012;Gandesa;total;homes;població;;1636
2012;Gandesa;total;dones;població;;1526
2012;Gandesa;total;total;població;;3162
2012;Garcia;total;homes;població;;300
2012;Garcia;total;dones;població;;292
2012;Garcia;total;total;població;;592
2012;Garidells, els;total;homes;població;;102
2012;Garidells, els;total;dones;població;;91
2012;Garidells, els;total;total;població;;193
2012;Garriga, la;total;homes;població;;7482
2012;Garriga, la;total;dones;població;;7990
2012;Garriga, la;total;total;població;;15472
2012;Garrigàs;total;homes;població;;202
2012;Garrigàs;total;dones;població;;180
2012;Garrigàs;total;total;població;;382
2012;Garrigoles;total;homes;població;;93
2012;Garrigoles;total;dones;població;;74
2012;Garrigoles;total;total;població;;167
2012;Garriguella;total;homes;població;;432
2012;Garriguella;total;dones;població;;442
2012;Garriguella;total;total;població;;874
2012;Gavà;total;homes;població;;23022
2012;Gavà;total;dones;població;;23466
2012;Gavà;total;total;població;;46488
2012;Gavet de la Conca;total;homes;població;;153
2012;Gavet de la Conca;total;dones;població;;153
2012;Gavet de la Conca;total;total;població;;306
2012;Gelida;total;homes;població;;3553
2012;Gelida;total;dones;població;;3549
2012;Gelida;total;total;població;;7102
2012;Ger;total;homes;població;;258
2012;Ger;total;dones;població;;223
2012;Ger;total;total;població;;481
2012;Gimenells i el Pla de la Font;total;homes;població;;596
2012;Gimenells i el Pla de la Font;total;dones;població;;574
2012;Gimenells i el Pla de la Font;total;total;població;;1170
2012;Ginestar;total;homes;població;;486
2012;Ginestar;total;dones;població;;451
2012;Ginestar;total;total;població;;937
2012;Girona;total;homes;població;;46865
2012;Girona;total;dones;població;;50333
2012;Girona;total;total;població;;97198
2012;Gironella;total;homes;població;;2500
2012;Gironella;total;dones;població;;2563
2012;Gironella;total;total;població;;5063
2012;Gisclareny;total;homes;població;;16
2012;Gisclareny;total;dones;població;;15
2012;Gisclareny;total;total;població;;31
2012;Godall;total;homes;població;;418
2012;Godall;total;dones;població;;394
2012;Godall;total;total;població;;812
2012;Golmés;total;homes;població;;863
2012;Golmés;total;dones;població;;878
2012;Golmés;total;total;població;;1741
2012;Gombrèn;total;homes;població;;101
2012;Gombrèn;total;dones;població;;108
2012;Gombrèn;total;total;població;;209
2012;Gósol;total;homes;població;;126
2012;Gósol;total;dones;població;;95
2012;Gósol;total;total;població;;221
2012;Granada, la;total;homes;població;;1027
2012;Granada, la;total;dones;població;;1020
2012;Granada, la;total;total;població;;2047
2012;Granadella, la;total;homes;població;;401
2012;Granadella, la;total;dones;població;;349
2012;Granadella, la;total;total;població;;750
2012;Granera;total;homes;població;;53
2012;Granera;total;dones;població;;30
2012;Granera;total;total;població;;83
2012;Granja d'Escarp, la;total;homes;població;;534
2012;Granja d'Escarp, la;total;dones;població;;452
2012;Granja d'Escarp, la;total;total;població;;986
2012;Granollers;total;homes;població;;29804
2012;Granollers;total;dones;població;;30150
2012;Granollers;total;total;població;;59954
2012;Granyanella;total;homes;població;;76
2012;Granyanella;total;dones;població;;67
2012;Granyanella;total;total;població;;143
2012;Granyena de les Garrigues;total;homes;població;;102
2012;Granyena de les Garrigues;total;dones;població;;73
2012;Granyena de les Garrigues;total;total;població;;175
2012;Granyena de Segarra;total;homes;població;;67
2012;Granyena de Segarra;total;dones;població;;69
2012;Granyena de Segarra;total;total;població;;136
2012;Gratallops;total;homes;població;;136
2012;Gratallops;total;dones;població;;123
2012;Gratallops;total;total;població;;259
2012;Gualba;total;homes;població;;689
2012;Gualba;total;dones;població;;670
2012;Gualba;total;total;població;;1359
2012;Gualta;total;homes;població;;195
2012;Gualta;total;dones;població;;167
2012;Gualta;total;total;població;;362
2012;Guardiola de Berguedà;total;homes;població;;524
2012;Guardiola de Berguedà;total;dones;població;;474
2012;Guardiola de Berguedà;total;total;població;;998
2012;Guiamets, els;total;homes;població;;145
2012;Guiamets, els;total;dones;població;;166
2012;Guiamets, els;total;total;població;;311
2012;Guils de Cerdanya;total;homes;població;;295
2012;Guils de Cerdanya;total;dones;població;;263
2012;Guils de Cerdanya;total;total;població;;558
2012;Guimerà;total;homes;població;;168
2012;Guimerà;total;dones;població;;137
2012;Guimerà;total;total;població;;305
2012;Guingueta d'Àneu, la;total;homes;població;;176
2012;Guingueta d'Àneu, la;total;dones;població;;165
2012;Guingueta d'Àneu, la;total;total;població;;341
2012;Guissona;total;homes;població;;3602
2012;Guissona;total;dones;població;;3161
2012;Guissona;total;total;població;;6763
2012;Guixers;total;homes;població;;80
2012;Guixers;total;dones;població;;52
2012;Guixers;total;total;població;;132
2012;Gurb;total;homes;població;;1334
2012;Gurb;total;dones;població;;1246
2012;Gurb;total;total;població;;2580
2012;Horta de Sant Joan;total;homes;població;;690
2012;Horta de Sant Joan;total;dones;població;;590
2012;Horta de Sant Joan;total;total;població;;1280
2012;Hospitalet de Llobregat, l';total;homes;població;;125365
2012;Hospitalet de Llobregat, l';total;dones;població;;131692
2012;Hospitalet de Llobregat, l';total;total;població;;257057
2012;Hostalets de Pierola, els;total;homes;població;;1498
2012;Hostalets de Pierola, els;total;dones;població;;1399
2012;Hostalets de Pierola, els;total;total;població;;2897
2012;Hostalric;total;homes;població;;2042
2012;Hostalric;total;dones;població;;1976
2012;Hostalric;total;total;població;;4018
2012;Igualada;total;homes;població;;19266
2012;Igualada;total;dones;població;;19932
2012;Igualada;total;total;població;;39198
2012;Isona i Conca Dellà;total;homes;població;;576
2012;Isona i Conca Dellà;total;dones;població;;507
2012;Isona i Conca Dellà;total;total;població;;1083
2012;Isòvol;total;homes;població;;185
2012;Isòvol;total;dones;població;;142
2012;Isòvol;total;total;població;;327
2012;Ivars d'Urgell;total;homes;població;;873
2012;Ivars d'Urgell;total;dones;població;;774
2012;Ivars d'Urgell;total;total;població;;1647
2012;Ivars de Noguera;total;homes;població;;192
2012;Ivars de Noguera;total;dones;població;;169
2012;Ivars de Noguera;total;total;població;;361
2012;Ivorra;total;homes;població;;61
2012;Ivorra;total;dones;població;;57
2012;Ivorra;total;total;població;;118
2012;Jafre;total;homes;població;;227
2012;Jafre;total;dones;població;;198
2012;Jafre;total;total;població;;425
2012;Jonquera, la;total;homes;població;;1637
2012;Jonquera, la;total;dones;població;;1566
2012;Jonquera, la;total;total;població;;3203
2012;Jorba;total;homes;població;;414
2012;Jorba;total;dones;població;;412
2012;Jorba;total;total;població;;826
2012;Josa i Tuixén;total;homes;població;;79
2012;Josa i Tuixén;total;dones;població;;61
2012;Josa i Tuixén;total;total;població;;140
2012;Juià;total;homes;població;;194
2012;Juià;total;dones;població;;153
2012;Juià;total;total;població;;347
2012;Juncosa;total;homes;població;;243
2012;Juncosa;total;dones;població;;215
2012;Juncosa;total;total;població;;458
2012;Juneda;total;homes;població;;1834
2012;Juneda;total;dones;població;;1656
2012;Juneda;total;total;població;;3490
2012;Les;total;homes;població;;514
2012;Les;total;dones;població;;498
2012;Les;total;total;població;;1012
2012;Linyola;total;homes;població;;1372
2012;Linyola;total;dones;població;;1289
2012;Linyola;total;total;població;;2661
2012;Llacuna, la;total;homes;població;;506
2012;Llacuna, la;total;dones;població;;422
2012;Llacuna, la;total;total;població;;928
2012;Lladó;total;homes;població;;366
2012;Lladó;total;dones;població;;370
2012;Lladó;total;total;població;;736
2012;Lladorre;total;homes;població;;118
2012;Lladorre;total;dones;població;;121
2012;Lladorre;total;total;població;;239
2012;Lladurs;total;homes;població;;98
2012;Lladurs;total;dones;població;;82
2012;Lladurs;total;total;població;;180
2012;Llagosta, la;total;homes;població;;6765
2012;Llagosta, la;total;dones;població;;6847
2012;Llagosta, la;total;total;població;;13612
2012;Llagostera;total;homes;població;;4212
2012;Llagostera;total;dones;població;;3945
2012;Llagostera;total;total;població;;8157
2012;Llambilles;total;homes;població;;369
2012;Llambilles;total;dones;població;;344
2012;Llambilles;total;total;població;;713
2012;Llanars;total;homes;població;;272
2012;Llanars;total;dones;població;;262
2012;Llanars;total;total;població;;534
2012;Llançà;total;homes;població;;2545
2012;Llançà;total;dones;població;;2560
2012;Llançà;total;total;població;;5105
2012;Llardecans;total;homes;població;;261
2012;Llardecans;total;dones;població;;244
2012;Llardecans;total;total;població;;505
2012;Llavorsí;total;homes;població;;192
2012;Llavorsí;total;dones;població;;174
2012;Llavorsí;total;total;població;;366
2012;Lleida;total;homes;població;;69302
2012;Lleida;total;dones;població;;70532
2012;Lleida;total;total;població;;139834
2012;Llers;total;homes;població;;606
2012;Llers;total;dones;població;;588
2012;Llers;total;total;població;;1194
2012;Lles de Cerdanya;total;homes;població;;165
2012;Lles de Cerdanya;total;dones;població;;104
2012;Lles de Cerdanya;total;total;població;;269
2012;Lliçà d'Amunt;total;homes;població;;7418
2012;Lliçà d'Amunt;total;dones;població;;7166
2012;Lliçà d'Amunt;total;total;població;;14584
2012;Lliçà de Vall;total;homes;població;;3257
2012;Lliçà de Vall;total;dones;població;;3137
2012;Lliçà de Vall;total;total;població;;6394
2012;Llimiana;total;homes;població;;105
2012;Llimiana;total;dones;població;;78
2012;Llimiana;total;total;població;;183
2012;Llinars del Vallès;total;homes;població;;4688
2012;Llinars del Vallès;total;dones;població;;4789
2012;Llinars del Vallès;total;total;població;;9477
2012;Llívia;total;homes;població;;923
2012;Llívia;total;dones;població;;766
2012;Llívia;total;total;població;;1689
2012;Lloar, el;total;homes;població;;64
2012;Lloar, el;total;dones;població;;52
2012;Lloar, el;total;total;població;;116
2012;Llobera;total;homes;població;;109
2012;Llobera;total;dones;població;;97
2012;Llobera;total;total;població;;206
2012;Llorac;total;homes;població;;63
2012;Llorac;total;dones;població;;55
2012;Llorac;total;total;població;;118
2012;Llorenç del Penedès;total;homes;població;;1124
2012;Llorenç del Penedès;total;dones;població;;1156
2012;Llorenç del Penedès;total;total;població;;2280
2012;Lloret de Mar;total;homes;població;;21355
2012;Lloret de Mar;total;dones;població;;19482
2012;Lloret de Mar;total;total;població;;40837
2012;Llosses, les;total;homes;població;;131
2012;Llosses, les;total;dones;població;;93
2012;Llosses, les;total;total;població;;224
2012;Lluçà;total;homes;població;;133
2012;Lluçà;total;dones;població;;126
2012;Lluçà;total;total;població;;259
2012;Maçanet de Cabrenys;total;homes;població;;378
2012;Maçanet de Cabrenys;total;dones;població;;361
2012;Maçanet de Cabrenys;total;total;població;;739
2012;Maçanet de la Selva;total;homes;població;;3693
2012;Maçanet de la Selva;total;dones;població;;3482
2012;Maçanet de la Selva;total;total;població;;7175
2012;Madremanya;total;homes;població;;130
2012;Madremanya;total;dones;població;;136
2012;Madremanya;total;total;població;;266
2012;Maià de Montcal;total;homes;població;;226
2012;Maià de Montcal;total;dones;població;;217
2012;Maià de Montcal;total;total;població;;443
2012;Maials;total;homes;població;;520
2012;Maials;total;dones;població;;460
2012;Maials;total;total;població;;980
2012;Maldà;total;homes;població;;123
2012;Maldà;total;dones;població;;116
2012;Maldà;total;total;població;;239
2012;Malgrat de Mar;total;homes;població;;9257
2012;Malgrat de Mar;total;dones;població;;9247
2012;Malgrat de Mar;total;total;població;;18504
2012;Malla;total;homes;població;;135
2012;Malla;total;dones;població;;134
2012;Malla;total;total;població;;269
2012;Manlleu;total;homes;població;;10180
2012;Manlleu;total;dones;població;;10236
2012;Manlleu;total;total;població;;20416
2012;Manresa;total;homes;població;;37560
2012;Manresa;total;dones;població;;39010
2012;Manresa;total;total;població;;76570
2012;Marçà;total;homes;població;;333
2012;Marçà;total;dones;població;;305
2012;Marçà;total;total;població;;638
2012;Margalef;total;homes;població;;62
2012;Margalef;total;dones;població;;48
2012;Margalef;total;total;població;;110
2012;Marganell;total;homes;població;;145
2012;Marganell;total;dones;població;;163
2012;Marganell;total;total;població;;308
2012;Martorell;total;homes;població;;14543
2012;Martorell;total;dones;població;;13527
2012;Martorell;total;total;població;;28070
2012;Martorelles;total;homes;població;;2466
2012;Martorelles;total;dones;població;;2461
2012;Martorelles;total;total;població;;4927
2012;Mas de Barberans;total;homes;població;;313
2012;Mas de Barberans;total;dones;població;;323
2012;Mas de Barberans;total;total;població;;636
2012;Masarac i Vilarnadal;total;homes;població;;160
2012;Masarac i Vilarnadal;total;dones;població;;133
2012;Masarac i Vilarnadal;total;total;població;;293
2012;Masdenverge;total;homes;població;;578
2012;Masdenverge;total;dones;població;;544
2012;Masdenverge;total;total;població;;1122
2012;Masies de Roda, les;total;homes;població;;369
2012;Masies de Roda, les;total;dones;població;;391
2012;Masies de Roda, les;total;total;població;;760
2012;Masies de Voltregà, les;total;homes;població;;1558
2012;Masies de Voltregà, les;total;dones;població;;1586
2012;Masies de Voltregà, les;total;total;població;;3144
2012;Masllorenç;total;homes;població;;287
2012;Masllorenç;total;dones;població;;241
2012;Masllorenç;total;total;població;;528
2012;Masnou, el;total;homes;població;;10836
2012;Masnou, el;total;dones;població;;11714
2012;Masnou, el;total;total;població;;22550
2012;Masó, la;total;homes;població;;157
2012;Masó, la;total;dones;població;;139
2012;Masó, la;total;total;població;;296
2012;Maspujols;total;homes;població;;394
2012;Maspujols;total;dones;població;;356
2012;Maspujols;total;total;població;;750
2012;Masquefa;total;homes;població;;4238
2012;Masquefa;total;dones;població;;4135
2012;Masquefa;total;total;població;;8373
2012;Masroig, el;total;homes;població;;296
2012;Masroig, el;total;dones;població;;269
2012;Masroig, el;total;total;població;;565
2012;Massalcoreig;total;homes;població;;305
2012;Massalcoreig;total;dones;població;;270
2012;Massalcoreig;total;total;població;;575
2012;Massanes;total;homes;població;;374
2012;Massanes;total;dones;població;;337
2012;Massanes;total;total;població;;711
2012;Massoteres;total;homes;població;;111
2012;Massoteres;total;dones;població;;96
2012;Massoteres;total;total;població;;207
2012;Matadepera;total;homes;població;;4342
2012;Matadepera;total;dones;població;;4327
2012;Matadepera;total;total;població;;8669
2012;Mataró;total;homes;població;;61859
2012;Mataró;total;dones;població;;62225
2012;Mataró;total;total;població;;124084
2012;Mediona;total;homes;població;;1180
2012;Mediona;total;dones;població;;1168
2012;Mediona;total;total;població;;2348
2012;Menàrguens;total;homes;població;;482
2012;Menàrguens;total;dones;població;;400
2012;Menàrguens;total;total;població;;882
2012;Meranges;total;homes;població;;51
2012;Meranges;total;dones;població;;40
2012;Meranges;total;total;població;;91
2012;Mieres;total;homes;població;;174
2012;Mieres;total;dones;població;;159
2012;Mieres;total;total;població;;333
2012;Milà, el;total;homes;població;;87
2012;Milà, el;total;dones;població;;87
2012;Milà, el;total;total;població;;174
2012;Miralcamp;total;homes;població;;735
2012;Miralcamp;total;dones;població;;697
2012;Miralcamp;total;total;població;;1432
2012;Miravet;total;homes;població;;418
2012;Miravet;total;dones;població;;371
2012;Miravet;total;total;població;;789
2012;Moià;total;homes;població;;2931
2012;Moià;total;dones;població;;2862
2012;Moià;total;total;població;;5793
2012;Molar, el;total;homes;població;;163
2012;Molar, el;total;dones;població;;133
2012;Molar, el;total;total;població;;296
2012;Molins de Rei;total;homes;població;;12067
2012;Molins de Rei;total;dones;població;;12738
2012;Molins de Rei;total;total;població;;24805
2012;Mollerussa;total;homes;població;;7533
2012;Mollerussa;total;dones;població;;7196
2012;Mollerussa;total;total;població;;14729
2012;Mollet de Peralada;total;homes;població;;91
2012;Mollet de Peralada;total;dones;població;;89
2012;Mollet de Peralada;total;total;població;;180
2012;Mollet del Vallès;total;homes;població;;26069
2012;Mollet del Vallès;total;dones;població;;26173
2012;Mollet del Vallès;total;total;població;;52242
2012;Molló;total;homes;població;;171
2012;Molló;total;dones;població;;179
2012;Molló;total;total;població;;350
2012;Molsosa, la;total;homes;població;;56
2012;Molsosa, la;total;dones;població;;59
2012;Molsosa, la;total;total;població;;115
2012;Monistrol de Calders;total;homes;població;;357
2012;Monistrol de Calders;total;dones;població;;343
2012;Monistrol de Calders;total;total;població;;700
2012;Monistrol de Montserrat;total;homes;població;;1533
2012;Monistrol de Montserrat;total;dones;població;;1460
2012;Monistrol de Montserrat;total;total;població;;2993
2012;Montagut i Oix;total;homes;població;;516
2012;Montagut i Oix;total;dones;població;;462
2012;Montagut i Oix;total;total;població;;978
2012;Montblanc;total;homes;població;;3712
2012;Montblanc;total;dones;població;;3644
2012;Montblanc;total;total;població;;7356
2012;Montbrió del Camp;total;homes;població;;1276
2012;Montbrió del Camp;total;dones;població;;1239
2012;Montbrió del Camp;total;total;població;;2515
2012;Montcada i Reixac;total;homes;població;;17270
2012;Montcada i Reixac;total;dones;població;;17419
2012;Montcada i Reixac;total;total;població;;34689
2012;Montclar;total;homes;població;;55
2012;Montclar;total;dones;població;;60
2012;Montclar;total;total;població;;115
2012;Montellà i Martinet;total;homes;població;;364
2012;Montellà i Martinet;total;dones;població;;319
2012;Montellà i Martinet;total;total;població;;683
2012;Montesquiu;total;homes;població;;463
2012;Montesquiu;total;dones;població;;458
2012;Montesquiu;total;total;població;;921
2012;Montferrer i Castellbò;total;homes;població;;566
2012;Montferrer i Castellbò;total;dones;població;;470
2012;Montferrer i Castellbò;total;total;població;;1036
2012;Montferri;total;homes;població;;206
2012;Montferri;total;dones;població;;190
2012;Montferri;total;total;població;;396
2012;Montgai;total;homes;població;;364
2012;Montgai;total;dones;població;;337
2012;Montgai;total;total;població;;701
2012;Montgat;total;homes;població;;5354
2012;Montgat;total;dones;població;;5505
2012;Montgat;total;total;població;;10859
2012;Montmajor;total;homes;població;;243
2012;Montmajor;total;dones;població;;230
2012;Montmajor;total;total;població;;473
2012;Montmaneu;total;homes;població;;103
2012;Montmaneu;total;dones;població;;84
2012;Montmaneu;total;total;població;;187
2012;Montmell, el;total;homes;població;;829
2012;Montmell, el;total;dones;població;;682
2012;Montmell, el;total;total;població;;1511
2012;Montmeló;total;homes;població;;4364
2012;Montmeló;total;dones;població;;4466
2012;Montmeló;total;total;població;;8830
2012;Montoliu de Lleida;total;homes;població;;258
2012;Montoliu de Lleida;total;dones;població;;253
2012;Montoliu de Lleida;total;total;població;;511
2012;Montoliu de Segarra;total;homes;població;;116
2012;Montoliu de Segarra;total;dones;població;;81
2012;Montoliu de Segarra;total;total;població;;197
2012;Montornès de Segarra;total;homes;població;;45
2012;Montornès de Segarra;total;dones;població;;47
2012;Montornès de Segarra;total;total;població;;92
2012;Montornès del Vallès;total;homes;població;;8259
2012;Montornès del Vallès;total;dones;població;;7933
2012;Montornès del Vallès;total;total;població;;16192
2012;Mont-ral;total;homes;població;;97
2012;Mont-ral;total;dones;població;;70
2012;Mont-ral;total;total;població;;167
2012;Mont-ras;total;homes;població;;911
2012;Mont-ras;total;dones;població;;907
2012;Mont-ras;total;total;població;;1818
2012;Mont-roig del Camp;total;homes;població;;6614
2012;Mont-roig del Camp;total;dones;població;;6088
2012;Mont-roig del Camp;total;total;població;;12702
2012;Montseny;total;homes;població;;153
2012;Montseny;total;dones;població;;150
2012;Montseny;total;total;població;;303
2012;Móra d'Ebre;total;homes;població;;2816
2012;Móra d'Ebre;total;dones;població;;2888
2012;Móra d'Ebre;total;total;població;;5704
2012;Móra la Nova;total;homes;població;;1682
2012;Móra la Nova;total;dones;població;;1603
2012;Móra la Nova;total;total;població;;3285
2012;Morell, el;total;homes;població;;1811
2012;Morell, el;total;dones;població;;1703
2012;Morell, el;total;total;població;;3514
2012;Morera de Montsant, la;total;homes;població;;100
2012;Morera de Montsant, la;total;dones;població;;67
2012;Morera de Montsant, la;total;total;població;;167
2012;Muntanyola;total;homes;població;;307
2012;Muntanyola;total;dones;població;;293
2012;Muntanyola;total;total;població;;600
2012;Mura;total;homes;població;;120
2012;Mura;total;dones;població;;107
2012;Mura;total;total;població;;227
2012;Nalec;total;homes;població;;50
2012;Nalec;total;dones;població;;47
2012;Nalec;total;total;població;;97
2012;Naut Aran;total;homes;població;;899
2012;Naut Aran;total;dones;població;;859
2012;Naut Aran;total;total;població;;1758
2012;Navarcles;total;homes;població;;2926
2012;Navarcles;total;dones;població;;3047
2012;Navarcles;total;total;població;;5973
2012;Navàs;total;homes;població;;3050
2012;Navàs;total;dones;població;;3095
2012;Navàs;total;total;població;;6145
2012;Navata;total;homes;població;;625
2012;Navata;total;dones;població;;629
2012;Navata;total;total;població;;1254
2012;Navès;total;homes;població;;134
2012;Navès;total;dones;població;;140
2012;Navès;total;total;població;;274
2012;Nou de Berguedà, la;total;homes;població;;79
2012;Nou de Berguedà, la;total;dones;població;;74
2012;Nou de Berguedà, la;total;total;població;;153
2012;Nou de Gaià, la;total;homes;població;;272
2012;Nou de Gaià, la;total;dones;població;;283
2012;Nou de Gaià, la;total;total;població;;555
2012;Nulles;total;homes;població;;229
2012;Nulles;total;dones;població;;217
2012;Nulles;total;total;població;;446
2012;Odèn;total;homes;població;;162
2012;Odèn;total;dones;població;;106
2012;Odèn;total;total;població;;268
2012;Òdena;total;homes;població;;1844
2012;Òdena;total;dones;població;;1736
2012;Òdena;total;total;població;;3580
2012;Ogassa;total;homes;població;;147
2012;Ogassa;total;dones;població;;100
2012;Ogassa;total;total;població;;247
2012;Olèrdola;total;homes;població;;1877
2012;Olèrdola;total;dones;població;;1744
2012;Olèrdola;total;total;població;;3621
2012;Olesa de Bonesvalls;total;homes;població;;911
2012;Olesa de Bonesvalls;total;dones;població;;844
2012;Olesa de Bonesvalls;total;total;població;;1755
2012;Olesa de Montserrat;total;homes;població;;12069
2012;Olesa de Montserrat;total;dones;població;;11911
2012;Olesa de Montserrat;total;total;població;;23980
2012;Oliana;total;homes;població;;947
2012;Oliana;total;dones;població;;973
2012;Oliana;total;total;població;;1920
2012;Oliola;total;homes;població;;124
2012;Oliola;total;dones;població;;95
2012;Oliola;total;total;població;;219
2012;Olius;total;homes;població;;450
2012;Olius;total;dones;població;;431
2012;Olius;total;total;població;;881
2012;Olivella;total;homes;població;;1941
2012;Olivella;total;dones;població;;1737
2012;Olivella;total;total;població;;3678
2012;Olost;total;homes;població;;588
2012;Olost;total;dones;població;;600
2012;Olost;total;total;població;;1188
2012;Olot;total;homes;població;;16868
2012;Olot;total;dones;població;;16945
2012;Olot;total;total;població;;33813
2012;Oluges, les;total;homes;població;;92
2012;Oluges, les;total;dones;població;;75
2012;Oluges, les;total;total;població;;167
2012;Olvan;total;homes;població;;449
2012;Olvan;total;dones;població;;443
2012;Olvan;total;total;població;;892
2012;Omellons, els;total;homes;població;;130
2012;Omellons, els;total;dones;població;;113
2012;Omellons, els;total;total;població;;243
2012;Omells de na Gaia, els;total;homes;població;;82
2012;Omells de na Gaia, els;total;dones;població;;69
2012;Omells de na Gaia, els;total;total;població;;151
2012;Ordis;total;homes;població;;209
2012;Ordis;total;dones;població;;182
2012;Ordis;total;total;població;;391
2012;Organyà;total;homes;població;;443
2012;Organyà;total;dones;població;;452
2012;Organyà;total;total;població;;895
2012;Orís;total;homes;població;;147
2012;Orís;total;dones;població;;147
2012;Orís;total;total;població;;294
2012;Oristà;total;homes;població;;279
2012;Oristà;total;dones;població;;287
2012;Oristà;total;total;població;;566
2012;Orpí;total;homes;població;;88
2012;Orpí;total;dones;població;;72
2012;Orpí;total;total;població;;160
2012;Òrrius;total;homes;població;;330
2012;Òrrius;total;dones;població;;321
2012;Òrrius;total;total;població;;651
2012;Os de Balaguer;total;homes;població;;514
2012;Os de Balaguer;total;dones;població;;477
2012;Os de Balaguer;total;total;població;;991
2012;Osor;total;homes;població;;224
2012;Osor;total;dones;població;;227
2012;Osor;total;total;població;;451
2012;Ossó de Sió;total;homes;població;;109
2012;Ossó de Sió;total;dones;població;;109
2012;Ossó de Sió;total;total;població;;218
2012;Pacs del Penedès;total;homes;població;;444
2012;Pacs del Penedès;total;dones;població;;435
2012;Pacs del Penedès;total;total;població;;879
2012;Palafolls;total;homes;població;;4516
2012;Palafolls;total;dones;població;;4511
2012;Palafolls;total;total;població;;9027
2012;Palafrugell;total;homes;població;;11476
2012;Palafrugell;total;dones;població;;11404
2012;Palafrugell;total;total;població;;22880
2012;Palamós;total;homes;població;;8755
2012;Palamós;total;dones;població;;9058
2012;Palamós;total;total;població;;17813
2012;Palau d'Anglesola, el;total;homes;població;;1084
2012;Palau d'Anglesola, el;total;dones;població;;1101
2012;Palau d'Anglesola, el;total;total;població;;2185
2012;Palau de Santa Eulàlia;total;homes;població;;60
2012;Palau de Santa Eulàlia;total;dones;població;;40
2012;Palau de Santa Eulàlia;total;total;població;;100
2012;Palau-sator;total;homes;població;;158
2012;Palau-sator;total;dones;població;;136
2012;Palau-sator;total;total;població;;294
2012;Palau-saverdera;total;homes;població;;738
2012;Palau-saverdera;total;dones;població;;743
2012;Palau-saverdera;total;total;població;;1481
2012;Palau-solità i Plegamans;total;homes;població;;7208
2012;Palau-solità i Plegamans;total;dones;població;;7276
2012;Palau-solità i Plegamans;total;total;població;;14484
2012;Pallaresos, els;total;homes;població;;2231
2012;Pallaresos, els;total;dones;població;;2156
2012;Pallaresos, els;total;total;població;;4387
2012;Pallejà;total;homes;població;;5683
2012;Pallejà;total;dones;població;;5572
2012;Pallejà;total;total;població;;11255
2012;Palma d'Ebre, la;total;homes;població;;189
2012;Palma d'Ebre, la;total;dones;població;;207
2012;Palma d'Ebre, la;total;total;població;;396
2012;Palma de Cervelló, la;total;homes;població;;1525
2012;Palma de Cervelló, la;total;dones;població;;1498
2012;Palma de Cervelló, la;total;total;població;;3023
2012;Palol de Revardit;total;homes;població;;246
2012;Palol de Revardit;total;dones;població;;232
2012;Palol de Revardit;total;total;població;;478
2012;Pals;total;homes;població;;1414
2012;Pals;total;dones;població;;1379
2012;Pals;total;total;població;;2793
2012;Papiol, el;total;homes;població;;1979
2012;Papiol, el;total;dones;població;;2035
2012;Papiol, el;total;total;població;;4014
2012;Pardines;total;homes;població;;89
2012;Pardines;total;dones;població;;65
2012;Pardines;total;total;població;;154
2012;Parets del Vallès;total;homes;població;;9348
2012;Parets del Vallès;total;dones;població;;9144
2012;Parets del Vallès;total;total;població;;18492
2012;Parlavà;total;homes;població;;203
2012;Parlavà;total;dones;població;;183
2012;Parlavà;total;total;població;;386
2012;Passanant i Belltall;total;homes;població;;86
2012;Passanant i Belltall;total;dones;població;;75
2012;Passanant i Belltall;total;total;població;;161
2012;Pau;total;homes;població;;299
2012;Pau;total;dones;població;;298
2012;Pau;total;total;població;;597
2012;Paüls;total;homes;població;;299
2012;Paüls;total;dones;població;;303
2012;Paüls;total;total;població;;602
2012;Pedret i Marzà;total;homes;població;;97
2012;Pedret i Marzà;total;dones;població;;87
2012;Pedret i Marzà;total;total;població;;184
2012;Penelles;total;homes;població;;309
2012;Penelles;total;dones;població;;215
2012;Penelles;total;total;població;;524
2012;Pera, la;total;homes;població;;208
2012;Pera, la;total;dones;població;;220
2012;Pera, la;total;total;població;;428
2012;Perafita;total;homes;població;;207
2012;Perafita;total;dones;població;;200
2012;Perafita;total;total;població;;407
2012;Perafort;total;homes;població;;665
2012;Perafort;total;dones;població;;599
2012;Perafort;total;total;població;;1264
2012;Peralada;total;homes;població;;949
2012;Peralada;total;dones;població;;939
2012;Peralada;total;total;població;;1888
2012;Peramola;total;homes;població;;187
2012;Peramola;total;dones;població;;182
2012;Peramola;total;total;població;;369
2012;Perelló, el;total;homes;població;;1794
2012;Perelló, el;total;dones;població;;1584
2012;Perelló, el;total;total;població;;3378
2012;Piera;total;homes;població;;7652
2012;Piera;total;dones;població;;7357
2012;Piera;total;total;població;;15009
2012;Piles, les;total;homes;població;;114
2012;Piles, les;total;dones;població;;100
2012;Piles, les;total;total;població;;214
2012;Pineda de Mar;total;homes;població;;13087
2012;Pineda de Mar;total;dones;població;;12979
2012;Pineda de Mar;total;total;població;;26066
2012;Pinell de Brai, el;total;homes;població;;568
2012;Pinell de Brai, el;total;dones;població;;556
2012;Pinell de Brai, el;total;total;població;;1124
2012;Pinell de Solsonès;total;homes;població;;115
2012;Pinell de Solsonès;total;dones;població;;95
2012;Pinell de Solsonès;total;total;població;;210
2012;Pinós;total;homes;població;;165
2012;Pinós;total;dones;població;;137
2012;Pinós;total;total;població;;302
2012;Pira;total;homes;població;;259
2012;Pira;total;dones;població;;242
2012;Pira;total;total;població;;501
2012;Pla de Santa Maria, el;total;homes;població;;1251
2012;Pla de Santa Maria, el;total;dones;població;;1124
2012;Pla de Santa Maria, el;total;total;població;;2375
2012;Pla del Penedès, el;total;homes;població;;608
2012;Pla del Penedès, el;total;dones;població;;590
2012;Pla del Penedès, el;total;total;població;;1198
2012;Planes d'Hostoles, les;total;homes;població;;861
2012;Planes d'Hostoles, les;total;dones;població;;840
2012;Planes d'Hostoles, les;total;total;població;;1701
2012;Planoles;total;homes;població;;167
2012;Planoles;total;dones;població;;141
2012;Planoles;total;total;població;;308
2012;Plans de Sió, els;total;homes;població;;305
2012;Plans de Sió, els;total;dones;població;;264
2012;Plans de Sió, els;total;total;població;;569
2012;Poal, el;total;homes;població;;338
2012;Poal, el;total;dones;població;;311
2012;Poal, el;total;total;població;;649
2012;Pobla de Cérvoles, la;total;homes;població;;135
2012;Pobla de Cérvoles, la;total;dones;població;;110
2012;Pobla de Cérvoles, la;total;total;població;;245
2012;Pobla de Claramunt, la;total;homes;població;;1137
2012;Pobla de Claramunt, la;total;dones;població;;1121
2012;Pobla de Claramunt, la;total;total;població;;2258
2012;Pobla de Lillet, la;total;homes;població;;619
2012;Pobla de Lillet, la;total;dones;població;;630
2012;Pobla de Lillet, la;total;total;població;;1249
2012;Pobla de Mafumet, la;total;homes;població;;1526
2012;Pobla de Mafumet, la;total;dones;població;;1422
2012;Pobla de Mafumet, la;total;total;població;;2948
2012;Pobla de Massaluca, la;total;homes;població;;192
2012;Pobla de Massaluca, la;total;dones;població;;172
2012;Pobla de Massaluca, la;total;total;població;;364
2012;Pobla de Montornès, la;total;homes;població;;1523
2012;Pobla de Montornès, la;total;dones;població;;1374
2012;Pobla de Montornès, la;total;total;població;;2897
2012;Pobla de Segur, la;total;homes;població;;1572
2012;Pobla de Segur, la;total;dones;població;;1584
2012;Pobla de Segur, la;total;total;població;;3156
2012;Poboleda;total;homes;població;;202
2012;Poboleda;total;dones;població;;168
2012;Poboleda;total;total;població;;370
2012;Polinyà;total;homes;població;;4128
2012;Polinyà;total;dones;població;;3978
2012;Polinyà;total;total;població;;8106
2012;Pont d'Armentera, el;total;homes;població;;316
2012;Pont d'Armentera, el;total;dones;població;;289
2012;Pont d'Armentera, el;total;total;població;;605
2012;Pont de Bar, el;total;homes;població;;106
2012;Pont de Bar, el;total;dones;població;;78
2012;Pont de Bar, el;total;total;població;;184
2012;Pont de Molins;total;homes;població;;274
2012;Pont de Molins;total;dones;població;;264
2012;Pont de Molins;total;total;població;;538
2012;Pont de Suert, el;total;homes;població;;1289
2012;Pont de Suert, el;total;dones;població;;1227
2012;Pont de Suert, el;total;total;població;;2516
2012;Pont de Vilomara i Rocafort, el;total;homes;població;;1961
2012;Pont de Vilomara i Rocafort, el;total;dones;població;;1814
2012;Pont de Vilomara i Rocafort, el;total;total;població;;3775
2012;Pontils;total;homes;població;;72
2012;Pontils;total;dones;població;;62
2012;Pontils;total;total;població;;134
2012;Pontons;total;homes;població;;289
2012;Pontons;total;dones;població;;242
2012;Pontons;total;total;població;;531
2012;Pontós;total;homes;població;;128
2012;Pontós;total;dones;població;;104
2012;Pontós;total;total;població;;232
2012;Ponts;total;homes;població;;1361
2012;Ponts;total;dones;població;;1337
2012;Ponts;total;total;població;;2698
2012;Porqueres;total;homes;població;;2230
2012;Porqueres;total;dones;població;;2261
2012;Porqueres;total;total;població;;4491
2012;Porrera;total;homes;població;;256
2012;Porrera;total;dones;població;;209
2012;Porrera;total;total;població;;465
2012;Port de la Selva, el;total;homes;població;;542
2012;Port de la Selva, el;total;dones;població;;469
2012;Port de la Selva, el;total;total;població;;1011
2012;Portbou;total;homes;població;;650
2012;Portbou;total;dones;població;;646
2012;Portbou;total;total;població;;1296
2012;Portella, la;total;homes;població;;416
2012;Portella, la;total;dones;població;;356
2012;Portella, la;total;total;població;;772
2012;Pradell de la Teixeta;total;homes;població;;87
2012;Pradell de la Teixeta;total;dones;població;;112
2012;Pradell de la Teixeta;total;total;població;;199
2012;Prades;total;homes;població;;333
2012;Prades;total;dones;població;;318
2012;Prades;total;total;població;;651
2012;Prat de Comte;total;homes;població;;101
2012;Prat de Comte;total;dones;població;;82
2012;Prat de Comte;total;total;població;;183
2012;Prat de Llobregat, el;total;homes;població;;31233
2012;Prat de Llobregat, el;total;dones;població;;31929
2012;Prat de Llobregat, el;total;total;població;;63162
2012;Pratdip;total;homes;població;;450
2012;Pratdip;total;dones;població;;398
2012;Pratdip;total;total;població;;848
2012;Prats de Lluçanès;total;homes;població;;1319
2012;Prats de Lluçanès;total;dones;població;;1340
2012;Prats de Lluçanès;total;total;població;;2659
2012;Prats de Rei, els;total;homes;població;;286
2012;Prats de Rei, els;total;dones;població;;248
2012;Prats de Rei, els;total;total;població;;534
2012;Prats i Sansor;total;homes;població;;156
2012;Prats i Sansor;total;dones;població;;140
2012;Prats i Sansor;total;total;població;;296
2012;Preixana;total;homes;població;;211
2012;Preixana;total;dones;població;;199
2012;Preixana;total;total;població;;410
2012;Preixens;total;homes;població;;232
2012;Preixens;total;dones;població;;239
2012;Preixens;total;total;població;;471
2012;Premià de Dalt;total;homes;població;;5151
2012;Premià de Dalt;total;dones;població;;5138
2012;Premià de Dalt;total;total;població;;10289
2012;Premià de Mar;total;homes;població;;13819
2012;Premià de Mar;total;dones;població;;14326
2012;Premià de Mar;total;total;població;;28145
2012;Preses, les;total;homes;població;;859
2012;Preses, les;total;dones;població;;893
2012;Preses, les;total;total;població;;1752
2012;Prullans;total;homes;població;;113
2012;Prullans;total;dones;població;;127
2012;Prullans;total;total;població;;240
2012;Puigcerdà;total;homes;població;;4505
2012;Puigcerdà;total;dones;població;;4452
2012;Puigcerdà;total;total;població;;8957
2012;Puigdàlber;total;homes;població;;266
2012;Puigdàlber;total;dones;població;;269
2012;Puigdàlber;total;total;població;;535
2012;Puiggròs;total;homes;població;;166
2012;Puiggròs;total;dones;població;;147
2012;Puiggròs;total;total;població;;313
2012;Puigpelat;total;homes;població;;529
2012;Puigpelat;total;dones;població;;495
2012;Puigpelat;total;total;població;;1024
2012;Puig-reig;total;homes;població;;2107
2012;Puig-reig;total;dones;població;;2194
2012;Puig-reig;total;total;població;;4301
2012;Puigverd d'Agramunt;total;homes;població;;158
2012;Puigverd d'Agramunt;total;dones;població;;115
2012;Puigverd d'Agramunt;total;total;població;;273
2012;Puigverd de Lleida;total;homes;població;;742
2012;Puigverd de Lleida;total;dones;població;;700
2012;Puigverd de Lleida;total;total;població;;1442
2012;Pujalt;total;homes;població;;110
2012;Pujalt;total;dones;població;;95
2012;Pujalt;total;total;població;;205
2012;Quar, la;total;homes;població;;39
2012;Quar, la;total;dones;població;;23
2012;Quar, la;total;total;població;;62
2012;Quart;total;homes;població;;1660
2012;Quart;total;dones;població;;1595
2012;Quart;total;total;població;;3255
2012;Queralbs;total;homes;població;;99
2012;Queralbs;total;dones;població;;79
2012;Queralbs;total;total;població;;178
2012;Querol;total;homes;població;;310
2012;Querol;total;dones;població;;249
2012;Querol;total;total;població;;559
2012;Rabós;total;homes;població;;106
2012;Rabós;total;dones;població;;100
2012;Rabós;total;total;població;;206
2012;Rajadell;total;homes;població;;281
2012;Rajadell;total;dones;població;;262
2012;Rajadell;total;total;població;;543
2012;Ràpita, la;total;homes;població;;7548
2012;Ràpita, la;total;dones;població;;7684
2012;Ràpita, la;total;total;població;;15232
2012;Rasquera;total;homes;població;;474
2012;Rasquera;total;dones;població;;459
2012;Rasquera;total;total;població;;933
2012;Regencós;total;homes;població;;162
2012;Regencós;total;dones;població;;133
2012;Regencós;total;total;població;;295
2012;Rellinars;total;homes;població;;383
2012;Rellinars;total;dones;població;;352
2012;Rellinars;total;total;població;;735
2012;Renau;total;homes;població;;71
2012;Renau;total;dones;població;;66
2012;Renau;total;total;població;;137
2012;Reus;total;homes;població;;52593
2012;Reus;total;dones;població;;54618
2012;Reus;total;total;població;;107211
2012;Rialp;total;homes;població;;354
2012;Rialp;total;dones;població;;326
2012;Rialp;total;total;població;;680
2012;Riba, la;total;homes;població;;346
2012;Riba, la;total;dones;població;;313
2012;Riba, la;total;total;població;;659
2012;Riba-roja d'Ebre;total;homes;població;;698
2012;Riba-roja d'Ebre;total;dones;població;;618
2012;Riba-roja d'Ebre;total;total;població;;1316
2012;Ribera d'Ondara;total;homes;població;;229
2012;Ribera d'Ondara;total;dones;població;;218
2012;Ribera d'Ondara;total;total;població;;447
2012;Ribera d'Urgellet;total;homes;població;;514
2012;Ribera d'Urgellet;total;dones;població;;483
2012;Ribera d'Urgellet;total;total;població;;997
2012;Ribes de Freser;total;homes;població;;937
2012;Ribes de Freser;total;dones;població;;977
2012;Ribes de Freser;total;total;població;;1914
2012;Riells i Viabrea;total;homes;població;;2056
2012;Riells i Viabrea;total;dones;població;;1924
2012;Riells i Viabrea;total;total;població;;3980
2012;Riera de Gaià, la;total;homes;població;;860
2012;Riera de Gaià, la;total;dones;població;;831
2012;Riera de Gaià, la;total;total;població;;1691
2012;Riner;total;homes;població;;144
2012;Riner;total;dones;població;;150
2012;Riner;total;total;població;;294
2012;Ripoll;total;homes;població;;5379
2012;Ripoll;total;dones;població;;5525
2012;Ripoll;total;total;població;;10904
2012;Ripollet;total;homes;població;;18671
2012;Ripollet;total;dones;població;;18751
2012;Ripollet;total;total;població;;37422
2012;Riu de Cerdanya;total;homes;població;;62
2012;Riu de Cerdanya;total;dones;població;;54
2012;Riu de Cerdanya;total;total;població;;116
2012;Riudarenes;total;homes;població;;1115
2012;Riudarenes;total;dones;població;;1065
2012;Riudarenes;total;total;població;;2180
2012;Riudaura;total;homes;població;;213
2012;Riudaura;total;dones;població;;225
2012;Riudaura;total;total;població;;438
2012;Riudecanyes;total;homes;població;;606
2012;Riudecanyes;total;dones;població;;577
2012;Riudecanyes;total;total;població;;1183
2012;Riudecols;total;homes;població;;662
2012;Riudecols;total;dones;població;;627
2012;Riudecols;total;total;població;;1289
2012;Riudellots de la Selva;total;homes;població;;1040
2012;Riudellots de la Selva;total;dones;població;;997
2012;Riudellots de la Selva;total;total;població;;2037
2012;Riudoms;total;homes;població;;3354
2012;Riudoms;total;dones;població;;3176
2012;Riudoms;total;total;població;;6530
2012;Riumors;total;homes;població;;130
2012;Riumors;total;dones;població;;122
2012;Riumors;total;total;població;;252
2012;Roca del Vallès, la;total;homes;població;;5229
2012;Roca del Vallès, la;total;dones;població;;5164
2012;Roca del Vallès, la;total;total;població;;10393
2012;Rocafort de Queralt;total;homes;població;;140
2012;Rocafort de Queralt;total;dones;població;;128
2012;Rocafort de Queralt;total;total;població;;268
2012;Roda de Berà;total;homes;població;;3286
2012;Roda de Berà;total;dones;població;;3013
2012;Roda de Berà;total;total;població;;6299
2012;Roda de Ter;total;homes;població;;3038
2012;Roda de Ter;total;dones;població;;3134
2012;Roda de Ter;total;total;població;;6172
2012;Rodonyà;total;homes;població;;269
2012;Rodonyà;total;dones;població;;239
2012;Rodonyà;total;total;població;;508
2012;Roquetes;total;homes;població;;4347
2012;Roquetes;total;dones;població;;3986
2012;Roquetes;total;total;població;;8333
2012;Roses;total;homes;població;;9976
2012;Roses;total;dones;població;;9920
2012;Roses;total;total;població;;19896
2012;Rosselló;total;homes;població;;1590
2012;Rosselló;total;dones;població;;1513
2012;Rosselló;total;total;població;;3103
2012;Rourell, el;total;homes;població;;204
2012;Rourell, el;total;dones;població;;197
2012;Rourell, el;total;total;població;;401
2012;Rubí;total;homes;població;;37120
2012;Rubí;total;dones;població;;37364
2012;Rubí;total;total;població;;74484
2012;Rubió;total;homes;població;;120
2012;Rubió;total;dones;població;;107
2012;Rubió;total;total;població;;227
2012;Rupià;total;homes;població;;124
2012;Rupià;total;dones;població;;124
2012;Rupià;total;total;població;;248
2012;Rupit i Pruit;total;homes;població;;159
2012;Rupit i Pruit;total;dones;població;;148
2012;Rupit i Pruit;total;total;població;;307
2012;Sabadell;total;homes;població;;101530
2012;Sabadell;total;dones;població;;106408
2012;Sabadell;total;total;població;;207938
2012;Sagàs;total;homes;població;;77
2012;Sagàs;total;dones;població;;67
2012;Sagàs;total;total;població;;144
2012;Salàs de Pallars;total;homes;població;;191
2012;Salàs de Pallars;total;dones;població;;177
2012;Salàs de Pallars;total;total;població;;368
2012;Saldes;total;homes;població;;180
2012;Saldes;total;dones;població;;133
2012;Saldes;total;total;població;;313
2012;Sales de Llierca;total;homes;població;;76
2012;Sales de Llierca;total;dones;població;;68
2012;Sales de Llierca;total;total;població;;144
2012;Sallent;total;homes;població;;3298
2012;Sallent;total;dones;població;;3577
2012;Sallent;total;total;població;;6875
2012;Salomó;total;homes;població;;292
2012;Salomó;total;dones;població;;248
2012;Salomó;total;total;població;;540
2012;Salou;total;homes;població;;14142
2012;Salou;total;dones;població;;12459
2012;Salou;total;total;població;;26601
2012;Salt;total;homes;població;;16030
2012;Salt;total;dones;població;;14116
2012;Salt;total;total;població;;30146
2012;Sanaüja;total;homes;població;;236
2012;Sanaüja;total;dones;població;;222
2012;Sanaüja;total;total;població;;458
2012;Sant Adrià de Besòs;total;homes;població;;16956
2012;Sant Adrià de Besòs;total;dones;població;;17526
2012;Sant Adrià de Besòs;total;total;població;;34482
2012;Sant Agustí de Lluçanès;total;homes;població;;49
2012;Sant Agustí de Lluçanès;total;dones;població;;48
2012;Sant Agustí de Lluçanès;total;total;població;;97
2012;Sant Andreu de la Barca;total;homes;població;;13779
2012;Sant Andreu de la Barca;total;dones;població;;13527
2012;Sant Andreu de la Barca;total;total;població;;27306
2012;Sant Andreu de Llavaneres;total;homes;població;;5225
2012;Sant Andreu de Llavaneres;total;dones;població;;5316
2012;Sant Andreu de Llavaneres;total;total;població;;10541
2012;Sant Andreu Salou;total;homes;població;;81
2012;Sant Andreu Salou;total;dones;població;;78
2012;Sant Andreu Salou;total;total;població;;159
2012;Sant Aniol de Finestres;total;homes;població;;186
2012;Sant Aniol de Finestres;total;dones;població;;165
2012;Sant Aniol de Finestres;total;total;població;;351
2012;Sant Antoni de Vilamajor;total;homes;població;;2849
2012;Sant Antoni de Vilamajor;total;dones;població;;2850
2012;Sant Antoni de Vilamajor;total;total;població;;5699
2012;Sant Bartomeu del Grau;total;homes;població;;471
2012;Sant Bartomeu del Grau;total;dones;població;;437
2012;Sant Bartomeu del Grau;total;total;població;;908
2012;Sant Boi de Llobregat;total;homes;població;;41092
2012;Sant Boi de Llobregat;total;dones;població;;41978
2012;Sant Boi de Llobregat;total;total;població;;83070
2012;Sant Boi de Lluçanès;total;homes;població;;274
2012;Sant Boi de Lluçanès;total;dones;població;;271
2012;Sant Boi de Lluçanès;total;total;població;;545
2012;Sant Cebrià de Vallalta;total;homes;població;;1741
2012;Sant Cebrià de Vallalta;total;dones;població;;1596
2012;Sant Cebrià de Vallalta;total;total;població;;3337
2012;Sant Celoni;total;homes;població;;8497
2012;Sant Celoni;total;dones;població;;8579
2012;Sant Celoni;total;total;població;;17076
2012;Sant Climent de Llobregat;total;homes;població;;1965
2012;Sant Climent de Llobregat;total;dones;població;;1935
2012;Sant Climent de Llobregat;total;total;població;;3900
2012;Sant Climent Sescebes;total;homes;població;;322
2012;Sant Climent Sescebes;total;dones;població;;246
2012;Sant Climent Sescebes;total;total;població;;568
2012;Sant Cugat del Vallès;total;homes;població;;41476
2012;Sant Cugat del Vallès;total;dones;població;;43470
2012;Sant Cugat del Vallès;total;total;població;;84946
2012;Sant Cugat Sesgarrigues;total;homes;població;;499
2012;Sant Cugat Sesgarrigues;total;dones;població;;487
2012;Sant Cugat Sesgarrigues;total;total;població;;986
2012;Sant Esteve de la Sarga;total;homes;població;;83
2012;Sant Esteve de la Sarga;total;dones;població;;58
2012;Sant Esteve de la Sarga;total;total;població;;141
2012;Sant Esteve de Palautordera;total;homes;població;;1247
2012;Sant Esteve de Palautordera;total;dones;població;;1308
2012;Sant Esteve de Palautordera;total;total;població;;2555
2012;Sant Esteve Sesrovires;total;homes;població;;3765
2012;Sant Esteve Sesrovires;total;dones;població;;3745
2012;Sant Esteve Sesrovires;total;total;població;;7510
2012;Sant Feliu de Buixalleu;total;homes;població;;413
2012;Sant Feliu de Buixalleu;total;dones;població;;375
2012;Sant Feliu de Buixalleu;total;total;població;;788
2012;Sant Feliu de Codines;total;homes;població;;3094
2012;Sant Feliu de Codines;total;dones;població;;3011
2012;Sant Feliu de Codines;total;total;població;;6105
2012;Sant Feliu de Guíxols;total;homes;població;;10892
2012;Sant Feliu de Guíxols;total;dones;població;;11069
2012;Sant Feliu de Guíxols;total;total;població;;21961
2012;Sant Feliu de Llobregat;total;homes;població;;21329
2012;Sant Feliu de Llobregat;total;dones;població;;22342
2012;Sant Feliu de Llobregat;total;total;població;;43671
2012;Sant Feliu de Pallerols;total;homes;població;;660
2012;Sant Feliu de Pallerols;total;dones;població;;700
2012;Sant Feliu de Pallerols;total;total;població;;1360
2012;Sant Feliu Sasserra;total;homes;població;;340
2012;Sant Feliu Sasserra;total;dones;població;;320
2012;Sant Feliu Sasserra;total;total;població;;660
2012;Sant Ferriol;total;homes;població;;133
2012;Sant Ferriol;total;dones;població;;89
2012;Sant Ferriol;total;total;població;;222
2012;Sant Fost de Campsentelles;total;homes;població;;4221
2012;Sant Fost de Campsentelles;total;dones;població;;4220
2012;Sant Fost de Campsentelles;total;total;població;;8441
2012;Sant Fruitós de Bages;total;homes;població;;4129
2012;Sant Fruitós de Bages;total;dones;població;;4098
2012;Sant Fruitós de Bages;total;total;població;;8227
2012;Sant Gregori;total;homes;població;;1692
2012;Sant Gregori;total;dones;població;;1651
2012;Sant Gregori;total;total;població;;3343
2012;Sant Guim de Freixenet;total;homes;població;;565
2012;Sant Guim de Freixenet;total;dones;població;;539
2012;Sant Guim de Freixenet;total;total;població;;1104
2012;Sant Guim de la Plana;total;homes;població;;103
2012;Sant Guim de la Plana;total;dones;població;;88
2012;Sant Guim de la Plana;total;total;població;;191
2012;Sant Hilari Sacalm;total;homes;població;;2945
2012;Sant Hilari Sacalm;total;dones;població;;2808
2012;Sant Hilari Sacalm;total;total;població;;5753
2012;Sant Hipòlit de Voltregà;total;homes;població;;1799
2012;Sant Hipòlit de Voltregà;total;dones;població;;1786
2012;Sant Hipòlit de Voltregà;total;total;població;;3585
2012;Sant Iscle de Vallalta;total;homes;població;;686
2012;Sant Iscle de Vallalta;total;dones;població;;636
2012;Sant Iscle de Vallalta;total;total;població;;1322
2012;Sant Jaume d'Enveja;total;homes;població;;1812
2012;Sant Jaume d'Enveja;total;dones;població;;1737
2012;Sant Jaume d'Enveja;total;total;població;;3549
2012;Sant Jaume de Frontanyà;total;homes;població;;17
2012;Sant Jaume de Frontanyà;total;dones;població;;11
2012;Sant Jaume de Frontanyà;total;total;població;;28
2012;Sant Jaume de Llierca;total;homes;població;;374
2012;Sant Jaume de Llierca;total;dones;població;;383
2012;Sant Jaume de Llierca;total;total;població;;757
2012;Sant Jaume dels Domenys;total;homes;població;;1275
2012;Sant Jaume dels Domenys;total;dones;població;;1216
2012;Sant Jaume dels Domenys;total;total;població;;2491
2012;Sant Joan de les Abadesses;total;homes;població;;1723
2012;Sant Joan de les Abadesses;total;dones;població;;1746
2012;Sant Joan de les Abadesses;total;total;població;;3469
2012;Sant Joan de Mollet;total;homes;població;;262
2012;Sant Joan de Mollet;total;dones;població;;260
2012;Sant Joan de Mollet;total;total;població;;522
2012;Sant Joan de Vilatorrada;total;homes;població;;5430
2012;Sant Joan de Vilatorrada;total;dones;població;;5350
2012;Sant Joan de Vilatorrada;total;total;població;;10780
2012;Sant Joan Despí;total;homes;població;;16062
2012;Sant Joan Despí;total;dones;població;;16730
2012;Sant Joan Despí;total;total;població;;32792
2012;Sant Joan les Fonts;total;homes;població;;1445
2012;Sant Joan les Fonts;total;dones;població;;1434
2012;Sant Joan les Fonts;total;total;població;;2879
2012;Sant Jordi Desvalls;total;homes;població;;343
2012;Sant Jordi Desvalls;total;dones;població;;360
2012;Sant Jordi Desvalls;total;total;població;;703
2012;Sant Julià de Cerdanyola;total;homes;població;;142
2012;Sant Julià de Cerdanyola;total;dones;població;;115
2012;Sant Julià de Cerdanyola;total;total;població;;257
2012;Sant Julià de Ramis;total;homes;població;;1734
2012;Sant Julià de Ramis;total;dones;població;;1733
2012;Sant Julià de Ramis;total;total;població;;3467
2012;Sant Julià de Vilatorta;total;homes;població;;1486
2012;Sant Julià de Vilatorta;total;dones;població;;1538
2012;Sant Julià de Vilatorta;total;total;població;;3024
2012;Sant Julià del Llor i Bonmatí;total;homes;població;;637
2012;Sant Julià del Llor i Bonmatí;total;dones;població;;607
2012;Sant Julià del Llor i Bonmatí;total;total;població;;1244
2012;Sant Just Desvern;total;homes;població;;7547
2012;Sant Just Desvern;total;dones;població;;8327
2012;Sant Just Desvern;total;total;població;;15874
2012;Sant Llorenç d'Hortons;total;homes;població;;1276
2012;Sant Llorenç d'Hortons;total;dones;població;;1252
2012;Sant Llorenç d'Hortons;total;total;població;;2528
2012;Sant Llorenç de la Muga;total;homes;població;;126
2012;Sant Llorenç de la Muga;total;dones;població;;122
2012;Sant Llorenç de la Muga;total;total;població;;248
2012;Sant Llorenç de Morunys;total;homes;població;;525
2012;Sant Llorenç de Morunys;total;dones;població;;513
2012;Sant Llorenç de Morunys;total;total;població;;1038
2012;Sant Llorenç Savall;total;homes;població;;1229
2012;Sant Llorenç Savall;total;dones;població;;1188
2012;Sant Llorenç Savall;total;total;població;;2417
2012;Sant Martí d'Albars;total;homes;població;;54
2012;Sant Martí d'Albars;total;dones;població;;52
2012;Sant Martí d'Albars;total;total;població;;106
2012;Sant Martí de Centelles;total;homes;població;;562
2012;Sant Martí de Centelles;total;dones;població;;536
2012;Sant Martí de Centelles;total;total;població;;1098
2012;Sant Martí de Llémena;total;homes;població;;309
2012;Sant Martí de Llémena;total;dones;població;;287
2012;Sant Martí de Llémena;total;total;població;;596
2012;Sant Martí de Riucorb;total;homes;població;;362
2012;Sant Martí de Riucorb;total;dones;població;;333
2012;Sant Martí de Riucorb;total;total;població;;695
2012;Sant Martí de Tous;total;homes;població;;595
2012;Sant Martí de Tous;total;dones;població;;578
2012;Sant Martí de Tous;total;total;població;;1173
2012;Sant Martí Sarroca;total;homes;població;;1590
2012;Sant Martí Sarroca;total;dones;població;;1610
2012;Sant Martí Sarroca;total;total;població;;3200
2012;Sant Martí Sesgueioles;total;homes;població;;188
2012;Sant Martí Sesgueioles;total;dones;població;;185
2012;Sant Martí Sesgueioles;total;total;població;;373
2012;Sant Martí Vell;total;homes;població;;137
2012;Sant Martí Vell;total;dones;població;;129
2012;Sant Martí Vell;total;total;població;;266
2012;Sant Mateu de Bages;total;homes;població;;332
2012;Sant Mateu de Bages;total;dones;població;;311
2012;Sant Mateu de Bages;total;total;població;;643
2012;Sant Miquel de Campmajor;total;homes;població;;121
2012;Sant Miquel de Campmajor;total;dones;població;;109
2012;Sant Miquel de Campmajor;total;total;població;;230
2012;Sant Miquel de Fluvià;total;homes;població;;396
2012;Sant Miquel de Fluvià;total;dones;població;;384
2012;Sant Miquel de Fluvià;total;total;població;;780
2012;Sant Mori;total;homes;població;;101
2012;Sant Mori;total;dones;població;;95
2012;Sant Mori;total;total;població;;196
2012;Sant Pau de Segúries;total;homes;població;;333
2012;Sant Pau de Segúries;total;dones;població;;342
2012;Sant Pau de Segúries;total;total;població;;675
2012;Sant Pere de Ribes;total;homes;població;;14690
2012;Sant Pere de Ribes;total;dones;població;;14459
2012;Sant Pere de Ribes;total;total;població;;29149
2012;Sant Pere de Riudebitlles;total;homes;població;;1191
2012;Sant Pere de Riudebitlles;total;dones;població;;1181
2012;Sant Pere de Riudebitlles;total;total;població;;2372
2012;Sant Pere de Torelló;total;homes;població;;1261
2012;Sant Pere de Torelló;total;dones;població;;1208
2012;Sant Pere de Torelló;total;total;població;;2469
2012;Sant Pere de Vilamajor;total;homes;població;;2156
2012;Sant Pere de Vilamajor;total;dones;població;;2120
2012;Sant Pere de Vilamajor;total;total;població;;4276
2012;Sant Pere Pescador;total;homes;població;;1166
2012;Sant Pere Pescador;total;dones;població;;995
2012;Sant Pere Pescador;total;total;població;;2161
2012;Sant Pere Sallavinera;total;homes;població;;91
2012;Sant Pere Sallavinera;total;dones;població;;72
2012;Sant Pere Sallavinera;total;total;població;;163
2012;Sant Pol de Mar;total;homes;població;;2551
2012;Sant Pol de Mar;total;dones;població;;2522
2012;Sant Pol de Mar;total;total;població;;5073
2012;Sant Quintí de Mediona;total;homes;població;;1098
2012;Sant Quintí de Mediona;total;dones;població;;1048
2012;Sant Quintí de Mediona;total;total;població;;2146
2012;Sant Quirze de Besora;total;homes;població;;1074
2012;Sant Quirze de Besora;total;dones;població;;1113
2012;Sant Quirze de Besora;total;total;població;;2187
2012;Sant Quirze del Vallès;total;homes;població;;9322
2012;Sant Quirze del Vallès;total;dones;població;;9672
2012;Sant Quirze del Vallès;total;total;població;;18994
2012;Sant Quirze Safaja;total;homes;població;;338
2012;Sant Quirze Safaja;total;dones;població;;310
2012;Sant Quirze Safaja;total;total;població;;648
2012;Sant Ramon;total;homes;població;;293
2012;Sant Ramon;total;dones;població;;248
2012;Sant Ramon;total;total;població;;541
2012;Sant Sadurní d'Anoia;total;homes;població;;6126
2012;Sant Sadurní d'Anoia;total;dones;població;;6356
2012;Sant Sadurní d'Anoia;total;total;població;;12482
2012;Sant Sadurní d'Osormort;total;homes;població;;51
2012;Sant Sadurní d'Osormort;total;dones;població;;42
2012;Sant Sadurní d'Osormort;total;total;població;;93
2012;Sant Salvador de Guardiola;total;homes;població;;1610
2012;Sant Salvador de Guardiola;total;dones;població;;1529
2012;Sant Salvador de Guardiola;total;total;població;;3139
2012;Sant Vicenç de Castellet;total;homes;població;;4622
2012;Sant Vicenç de Castellet;total;dones;població;;4692
2012;Sant Vicenç de Castellet;total;total;població;;9314
2012;Sant Vicenç de Montalt;total;homes;població;;2974
2012;Sant Vicenç de Montalt;total;dones;població;;2904
2012;Sant Vicenç de Montalt;total;total;població;;5878
2012;Sant Vicenç de Torelló;total;homes;població;;995
2012;Sant Vicenç de Torelló;total;dones;població;;1034
2012;Sant Vicenç de Torelló;total;total;població;;2029
2012;Sant Vicenç dels Horts;total;homes;població;;14043
2012;Sant Vicenç dels Horts;total;dones;població;;14041
2012;Sant Vicenç dels Horts;total;total;població;;28084
2012;Santa Bàrbara;total;homes;població;;1985
2012;Santa Bàrbara;total;dones;població;;1913
2012;Santa Bàrbara;total;total;població;;3898
2012;Santa Cecília de Voltregà;total;homes;població;;95
2012;Santa Cecília de Voltregà;total;dones;població;;83
2012;Santa Cecília de Voltregà;total;total;població;;178
2012;Santa Coloma de Cervelló;total;homes;població;;3917
2012;Santa Coloma de Cervelló;total;dones;població;;4047
2012;Santa Coloma de Cervelló;total;total;població;;7964
2012;Santa Coloma de Farners;total;homes;població;;6346
2012;Santa Coloma de Farners;total;dones;població;;6102
2012;Santa Coloma de Farners;total;total;població;;12448
2012;Santa Coloma de Gramenet;total;homes;població;;60734
2012;Santa Coloma de Gramenet;total;dones;població;;59859
2012;Santa Coloma de Gramenet;total;total;població;;120593
2012;Santa Coloma de Queralt;total;homes;població;;1523
2012;Santa Coloma de Queralt;total;dones;població;;1517
2012;Santa Coloma de Queralt;total;total;població;;3040
2012;Santa Cristina d'Aro;total;homes;població;;2598
2012;Santa Cristina d'Aro;total;dones;població;;2508
2012;Santa Cristina d'Aro;total;total;població;;5106
2012;Santa Eugènia de Berga;total;homes;població;;1163
2012;Santa Eugènia de Berga;total;dones;població;;1106
2012;Santa Eugènia de Berga;total;total;població;;2269
2012;Santa Eulàlia de Riuprimer;total;homes;població;;610
2012;Santa Eulàlia de Riuprimer;total;dones;població;;589
2012;Santa Eulàlia de Riuprimer;total;total;població;;1199
2012;Santa Eulàlia de Ronçana;total;homes;població;;3501
2012;Santa Eulàlia de Ronçana;total;dones;població;;3508
2012;Santa Eulàlia de Ronçana;total;total;població;;7009
2012;Santa Fe del Penedès;total;homes;població;;197
2012;Santa Fe del Penedès;total;dones;població;;187
2012;Santa Fe del Penedès;total;total;població;;384
2012;Santa Llogaia d'Àlguema;total;homes;població;;183
2012;Santa Llogaia d'Àlguema;total;dones;població;;165
2012;Santa Llogaia d'Àlguema;total;total;població;;348
2012;Santa Margarida de Montbui;total;homes;població;;4849
2012;Santa Margarida de Montbui;total;dones;població;;4840
2012;Santa Margarida de Montbui;total;total;població;;9689
2012;Santa Margarida i els Monjos;total;homes;població;;3613
2012;Santa Margarida i els Monjos;total;dones;població;;3508
2012;Santa Margarida i els Monjos;total;total;població;;7121
2012;Santa Maria d'Oló;total;homes;població;;532
2012;Santa Maria d'Oló;total;dones;població;;516
2012;Santa Maria d'Oló;total;total;població;;1048
2012;Santa Maria de Besora;total;homes;població;;78
2012;Santa Maria de Besora;total;dones;població;;79
2012;Santa Maria de Besora;total;total;població;;157
2012;Santa Maria de Martorelles;total;homes;població;;434
2012;Santa Maria de Martorelles;total;dones;població;;431
2012;Santa Maria de Martorelles;total;total;població;;865
2012;Santa Maria de Merlès;total;homes;població;;84
2012;Santa Maria de Merlès;total;dones;població;;89
2012;Santa Maria de Merlès;total;total;població;;173
2012;Santa Maria de Miralles;total;homes;població;;66
2012;Santa Maria de Miralles;total;dones;població;;66
2012;Santa Maria de Miralles;total;total;població;;132
2012;Santa Maria de Palautordera;total;homes;població;;4714
2012;Santa Maria de Palautordera;total;dones;població;;4482
2012;Santa Maria de Palautordera;total;total;població;;9196
2012;Santa Oliva;total;homes;població;;1710
2012;Santa Oliva;total;dones;població;;1612
2012;Santa Oliva;total;total;població;;3322
2012;Santa Pau;total;homes;població;;803
2012;Santa Pau;total;dones;població;;801
2012;Santa Pau;total;total;població;;1604
2012;Santa Perpètua de Mogoda;total;homes;població;;13127
2012;Santa Perpètua de Mogoda;total;dones;població;;12479
2012;Santa Perpètua de Mogoda;total;total;població;;25606
2012;Santa Susanna;total;homes;població;;1700
2012;Santa Susanna;total;dones;població;;1638
2012;Santa Susanna;total;total;població;;3338
2012;Santpedor;total;homes;població;;3592
2012;Santpedor;total;dones;població;;3595
2012;Santpedor;total;total;població;;7187
2012;Sarral;total;homes;població;;854
2012;Sarral;total;dones;població;;808
2012;Sarral;total;total;població;;1662
2012;Sarrià de Ter;total;homes;població;;2380
2012;Sarrià de Ter;total;dones;població;;2410
2012;Sarrià de Ter;total;total;població;;4790
2012;Sarroca de Bellera;total;homes;població;;77
2012;Sarroca de Bellera;total;dones;població;;52
2012;Sarroca de Bellera;total;total;població;;129
2012;Sarroca de Lleida;total;homes;població;;219
2012;Sarroca de Lleida;total;dones;població;;189
2012;Sarroca de Lleida;total;total;població;;408
2012;Saus, Camallera i Llampaies;total;homes;població;;383
2012;Saus, Camallera i Llampaies;total;dones;població;;424
2012;Saus, Camallera i Llampaies;total;total;població;;807
2012;Savallà del Comtat;total;homes;població;;34
2012;Savallà del Comtat;total;dones;població;;34
2012;Savallà del Comtat;total;total;població;;68
2012;Secuita, la;total;homes;població;;823
2012;Secuita, la;total;dones;població;;784
2012;Secuita, la;total;total;població;;1607
2012;Selva de Mar, la;total;homes;població;;106
2012;Selva de Mar, la;total;dones;població;;97
2012;Selva de Mar, la;total;total;població;;203
2012;Selva del Camp, la;total;homes;població;;2831
2012;Selva del Camp, la;total;dones;població;;2788
2012;Selva del Camp, la;total;total;població;;5619
2012;Senan;total;homes;població;;39
2012;Senan;total;dones;població;;22
2012;Senan;total;total;població;;61
2012;Sénia, la;total;homes;població;;3103
2012;Sénia, la;total;dones;població;;2980
2012;Sénia, la;total;total;població;;6083
2012;Senterada;total;homes;població;;77
2012;Senterada;total;dones;població;;56
2012;Senterada;total;total;població;;133
2012;Sentiu de Sió, la;total;homes;població;;236
2012;Sentiu de Sió, la;total;dones;població;;235
2012;Sentiu de Sió, la;total;total;població;;471
2012;Sentmenat;total;homes;població;;4316
2012;Sentmenat;total;dones;població;;4205
2012;Sentmenat;total;total;població;;8521
2012;Serinyà;total;homes;població;;576
2012;Serinyà;total;dones;població;;546
2012;Serinyà;total;total;població;;1122
2012;Seròs;total;homes;població;;1041
2012;Seròs;total;dones;població;;866
2012;Seròs;total;total;població;;1907
2012;Serra de Daró;total;homes;població;;115
2012;Serra de Daró;total;dones;població;;93
2012;Serra de Daró;total;total;població;;208
2012;Setcases;total;homes;població;;103
2012;Setcases;total;dones;població;;84
2012;Setcases;total;total;població;;187
2012;Seu d'Urgell, la;total;homes;població;;6109
2012;Seu d'Urgell, la;total;dones;població;;6420
2012;Seu d'Urgell, la;total;total;població;;12529
2012;Seva;total;homes;població;;1760
2012;Seva;total;dones;població;;1676
2012;Seva;total;total;població;;3436
2012;Sidamon;total;homes;població;;371
2012;Sidamon;total;dones;població;;365
2012;Sidamon;total;total;població;;736
2012;Sils;total;homes;població;;2898
2012;Sils;total;dones;població;;2804
2012;Sils;total;total;població;;5702
2012;Sitges;total;homes;població;;14479
2012;Sitges;total;dones;població;;14560
2012;Sitges;total;total;població;;29039
2012;Siurana;total;homes;població;;88
2012;Siurana;total;dones;població;;82
2012;Siurana;total;total;població;;170
2012;Sobremunt;total;homes;població;;45
2012;Sobremunt;total;dones;població;;47
2012;Sobremunt;total;total;població;;92
2012;Soleràs, el;total;homes;població;;195
2012;Soleràs, el;total;dones;població;;173
2012;Soleràs, el;total;total;població;;368
2012;Solivella;total;homes;població;;335
2012;Solivella;total;dones;població;;325
2012;Solivella;total;total;població;;660
2012;Solsona;total;homes;població;;4595
2012;Solsona;total;dones;població;;4606
2012;Solsona;total;total;població;;9201
2012;Sora;total;homes;població;;99
2012;Sora;total;dones;població;;81
2012;Sora;total;total;població;;180
2012;Soriguera;total;homes;població;;203
2012;Soriguera;total;dones;població;;167
2012;Soriguera;total;total;població;;370
2012;Sort;total;homes;població;;1174
2012;Sort;total;dones;població;;1148
2012;Sort;total;total;població;;2322
2012;Soses;total;homes;població;;917
2012;Soses;total;dones;població;;857
2012;Soses;total;total;població;;1774
2012;Subirats;total;homes;població;;1553
2012;Subirats;total;dones;població;;1523
2012;Subirats;total;total;població;;3076
2012;Sudanell;total;homes;població;;490
2012;Sudanell;total;dones;població;;397
2012;Sudanell;total;total;població;;887
2012;Sunyer;total;homes;població;;157
2012;Sunyer;total;dones;població;;140
2012;Sunyer;total;total;població;;297
2012;Súria;total;homes;població;;3009
2012;Súria;total;dones;població;;3209
2012;Súria;total;total;població;;6218
2012;Susqueda;total;homes;població;;61
2012;Susqueda;total;dones;població;;44
2012;Susqueda;total;total;població;;105
2012;Tagamanent;total;homes;població;;172
2012;Tagamanent;total;dones;població;;150
2012;Tagamanent;total;total;població;;322
2012;Talamanca;total;homes;població;;89
2012;Talamanca;total;dones;població;;68
2012;Talamanca;total;total;població;;157
2012;Talarn;total;homes;població;;330
2012;Talarn;total;dones;població;;234
2012;Talarn;total;total;població;;564
2012;Talavera;total;homes;població;;161
2012;Talavera;total;dones;població;;127
2012;Talavera;total;total;població;;288
2012;Tallada d'Empordà, la;total;homes;població;;238
2012;Tallada d'Empordà, la;total;dones;població;;221
2012;Tallada d'Empordà, la;total;total;població;;459
2012;Taradell;total;homes;població;;3119
2012;Taradell;total;dones;població;;3093
2012;Taradell;total;total;població;;6212
2012;Tarragona;total;homes;població;;65700
2012;Tarragona;total;dones;població;;68254
2012;Tarragona;total;total;població;;133954
2012;Tàrrega;total;homes;població;;8380
2012;Tàrrega;total;dones;població;;8351
2012;Tàrrega;total;total;població;;16731
2012;Tarrés;total;homes;població;;61
2012;Tarrés;total;dones;població;;46
2012;Tarrés;total;total;població;;107
2012;Tarroja de Segarra;total;homes;població;;90
2012;Tarroja de Segarra;total;dones;població;;83
2012;Tarroja de Segarra;total;total;població;;173
2012;Tavèrnoles;total;homes;població;;156
2012;Tavèrnoles;total;dones;població;;156
2012;Tavèrnoles;total;total;població;;312
2012;Tavertet;total;homes;població;;75
2012;Tavertet;total;dones;població;;62
2012;Tavertet;total;total;població;;137
2012;Teià;total;homes;població;;3055
2012;Teià;total;dones;població;;3099
2012;Teià;total;total;població;;6154
2012;Térmens;total;homes;població;;800
2012;Térmens;total;dones;població;;787
2012;Térmens;total;total;població;;1587
2012;Terrades;total;homes;població;;157
2012;Terrades;total;dones;població;;154
2012;Terrades;total;total;població;;311
2012;Terrassa;total;homes;població;;106776
2012;Terrassa;total;dones;població;;108902
2012;Terrassa;total;total;població;;215678
2012;Tiana;total;homes;població;;3915
2012;Tiana;total;dones;població;;4236
2012;Tiana;total;total;població;;8151
2012;Tírvia;total;homes;població;;81
2012;Tírvia;total;dones;població;;75
2012;Tírvia;total;total;població;;156
2012;Tiurana;total;homes;població;;37
2012;Tiurana;total;dones;població;;43
2012;Tiurana;total;total;població;;80
2012;Tivenys;total;homes;població;;466
2012;Tivenys;total;dones;població;;448
2012;Tivenys;total;total;població;;914
2012;Tivissa;total;homes;població;;918
2012;Tivissa;total;dones;població;;900
2012;Tivissa;total;total;població;;1818
2012;Tona;total;homes;població;;4047
2012;Tona;total;dones;població;;4061
2012;Tona;total;total;població;;8108
2012;Torà;total;homes;població;;673
2012;Torà;total;dones;població;;660
2012;Torà;total;total;població;;1333
2012;Tordera;total;homes;població;;8344
2012;Tordera;total;dones;població;;7974
2012;Tordera;total;total;població;;16318
2012;Torelló;total;homes;població;;6854
2012;Torelló;total;dones;població;;7029
2012;Torelló;total;total;població;;13883
2012;Torms, els;total;homes;població;;92
2012;Torms, els;total;dones;població;;77
2012;Torms, els;total;total;població;;169
2012;Tornabous;total;homes;població;;504
2012;Tornabous;total;dones;població;;421
2012;Tornabous;total;total;població;;925
2012;Torre de Cabdella, la;total;homes;població;;373
2012;Torre de Cabdella, la;total;dones;població;;382
2012;Torre de Cabdella, la;total;total;població;;755
2012;Torre de Claramunt, la;total;homes;població;;2003
2012;Torre de Claramunt, la;total;dones;població;;1860
2012;Torre de Claramunt, la;total;total;població;;3863
2012;Torre de Fontaubella, la;total;homes;població;;74
2012;Torre de Fontaubella, la;total;dones;població;;57
2012;Torre de Fontaubella, la;total;total;població;;131
2012;Torre de l'Espanyol, la;total;homes;població;;351
2012;Torre de l'Espanyol, la;total;dones;població;;330
2012;Torre de l'Espanyol, la;total;total;població;;681
2012;Torrebesses;total;homes;població;;159
2012;Torrebesses;total;dones;població;;143
2012;Torrebesses;total;total;població;;302
2012;Torredembarra;total;homes;població;;7572
2012;Torredembarra;total;dones;població;;7738
2012;Torredembarra;total;total;població;;15310
2012;Torrefarrera;total;homes;població;;2185
2012;Torrefarrera;total;dones;població;;2156
2012;Torrefarrera;total;total;població;;4341
2012;Torrefeta i Florejacs;total;homes;població;;323
2012;Torrefeta i Florejacs;total;dones;població;;294
2012;Torrefeta i Florejacs;total;total;població;;617
2012;Torregrossa;total;homes;població;;1128
2012;Torregrossa;total;dones;població;;1106
2012;Torregrossa;total;total;població;;2234
2012;Torrelameu;total;homes;població;;410
2012;Torrelameu;total;dones;població;;313
2012;Torrelameu;total;total;població;;723
2012;Torrelavit;total;homes;població;;750
2012;Torrelavit;total;dones;població;;642
2012;Torrelavit;total;total;població;;1392
2012;Torrelles de Foix;total;homes;població;;1252
2012;Torrelles de Foix;total;dones;població;;1154
2012;Torrelles de Foix;total;total;població;;2406
2012;Torrelles de Llobregat;total;homes;població;;2854
2012;Torrelles de Llobregat;total;dones;població;;2886
2012;Torrelles de Llobregat;total;total;població;;5740
2012;Torrent;total;homes;població;;101
2012;Torrent;total;dones;població;;92
2012;Torrent;total;total;població;;193
2012;Torres de Segre;total;homes;població;;1112
2012;Torres de Segre;total;dones;població;;1053
2012;Torres de Segre;total;total;població;;2165
2012;Torre-serona;total;homes;població;;183
2012;Torre-serona;total;dones;població;;173
2012;Torre-serona;total;total;població;;356
2012;Torroella de Fluvià;total;homes;població;;355
2012;Torroella de Fluvià;total;dones;població;;349
2012;Torroella de Fluvià;total;total;població;;704
2012;Torroella de Montgrí;total;homes;població;;5821
2012;Torroella de Montgrí;total;dones;població;;5673
2012;Torroella de Montgrí;total;total;població;;11494
2012;Torroja del Priorat;total;homes;població;;95
2012;Torroja del Priorat;total;dones;població;;77
2012;Torroja del Priorat;total;total;població;;172
2012;Tortellà;total;homes;població;;389
2012;Tortellà;total;dones;població;;404
2012;Tortellà;total;total;població;;793
2012;Tortosa;total;homes;població;;17466
2012;Tortosa;total;dones;població;;17268
2012;Tortosa;total;total;població;;34734
2012;Toses;total;homes;població;;90
2012;Toses;total;dones;població;;65
2012;Toses;total;total;població;;155
2012;Tossa de Mar;total;homes;població;;3049
2012;Tossa de Mar;total;dones;població;;2903
2012;Tossa de Mar;total;total;població;;5952
2012;Tremp;total;homes;població;;3317
2012;Tremp;total;dones;població;;3198
2012;Tremp;total;total;població;;6515
2012;Ullà;total;homes;població;;572
2012;Ullà;total;dones;població;;465
2012;Ullà;total;total;població;;1037
2012;Ullastrell;total;homes;població;;1004
2012;Ullastrell;total;dones;població;;977
2012;Ullastrell;total;total;població;;1981
2012;Ullastret;total;homes;població;;144
2012;Ullastret;total;dones;població;;143
2012;Ullastret;total;total;població;;287
2012;Ulldecona;total;homes;població;;3830
2012;Ulldecona;total;dones;població;;3542
2012;Ulldecona;total;total;població;;7372
2012;Ulldemolins;total;homes;població;;250
2012;Ulldemolins;total;dones;població;;184
2012;Ulldemolins;total;total;població;;434
2012;Ultramort;total;homes;població;;113
2012;Ultramort;total;dones;població;;95
2012;Ultramort;total;total;població;;208
2012;Urús;total;homes;població;;97
2012;Urús;total;dones;població;;104
2012;Urús;total;total;població;;201
2012;Vacarisses;total;homes;població;;3239
2012;Vacarisses;total;dones;població;;2992
2012;Vacarisses;total;total;població;;6231
2012;Vajol, la;total;homes;població;;53
2012;Vajol, la;total;dones;població;;40
2012;Vajol, la;total;total;població;;93
2012;Vall d'en Bas, la;total;homes;població;;1466
2012;Vall d'en Bas, la;total;dones;població;;1465
2012;Vall d'en Bas, la;total;total;població;;2931
2012;Vall de Bianya, la;total;homes;població;;680
2012;Vall de Bianya, la;total;dones;població;;655
2012;Vall de Bianya, la;total;total;població;;1335
2012;Vall de Boí, la;total;homes;població;;561
2012;Vall de Boí, la;total;dones;població;;491
2012;Vall de Boí, la;total;total;població;;1052
2012;Vall de Cardós;total;homes;població;;215
2012;Vall de Cardós;total;dones;població;;191
2012;Vall de Cardós;total;total;població;;406
2012;Vallbona d'Anoia;total;homes;població;;742
2012;Vallbona d'Anoia;total;dones;població;;690
2012;Vallbona d'Anoia;total;total;població;;1432
2012;Vallbona de les Monges;total;homes;població;;135
2012;Vallbona de les Monges;total;dones;població;;118
2012;Vallbona de les Monges;total;total;població;;253
2012;Vallcebre;total;homes;població;;159
2012;Vallcebre;total;dones;població;;115
2012;Vallcebre;total;total;població;;274
2012;Vallclara;total;homes;població;;70
2012;Vallclara;total;dones;població;;55
2012;Vallclara;total;total;població;;125
2012;Vallfogona de Balaguer;total;homes;població;;916
2012;Vallfogona de Balaguer;total;dones;població;;937
2012;Vallfogona de Balaguer;total;total;població;;1853
2012;Vallfogona de Ripollès;total;homes;població;;121
2012;Vallfogona de Ripollès;total;dones;població;;102
2012;Vallfogona de Ripollès;total;total;població;;223
2012;Vallfogona de Riucorb;total;homes;població;;66
2012;Vallfogona de Riucorb;total;dones;població;;53
2012;Vallfogona de Riucorb;total;total;població;;119
2012;Vallgorguina;total;homes;població;;1363
2012;Vallgorguina;total;dones;població;;1277
2012;Vallgorguina;total;total;població;;2640
2012;Vallirana;total;homes;població;;7257
2012;Vallirana;total;dones;població;;7292
2012;Vallirana;total;total;població;;14549
2012;Vall-llobrega;total;homes;població;;459
2012;Vall-llobrega;total;dones;població;;445
2012;Vall-llobrega;total;total;població;;904
2012;Vallmoll;total;homes;població;;874
2012;Vallmoll;total;dones;població;;803
2012;Vallmoll;total;total;població;;1677
2012;Vallromanes;total;homes;població;;1264
2012;Vallromanes;total;dones;població;;1216
2012;Vallromanes;total;total;població;;2480
2012;Valls;total;homes;població;;12616
2012;Valls;total;dones;població;;12468
2012;Valls;total;total;població;;25084
2012;Valls d'Aguilar, les;total;homes;població;;162
2012;Valls d'Aguilar, les;total;dones;població;;138
2012;Valls d'Aguilar, les;total;total;població;;300
2012;Valls de Valira, les;total;homes;població;;493
2012;Valls de Valira, les;total;dones;població;;455
2012;Valls de Valira, les;total;total;població;;948
2012;Vandellòs i l'Hospitalet de l'Infant;total;homes;població;;2995
2012;Vandellòs i l'Hospitalet de l'Infant;total;dones;població;;2990
2012;Vandellòs i l'Hospitalet de l'Infant;total;total;població;;5985
2012;Vansa i Fórnols, la;total;homes;població;;112
2012;Vansa i Fórnols, la;total;dones;població;;94
2012;Vansa i Fórnols, la;total;total;població;;206
2012;Veciana;total;homes;població;;96
2012;Veciana;total;dones;població;;73
2012;Veciana;total;total;població;;169
2012;Vendrell, el;total;homes;població;;18368
2012;Vendrell, el;total;dones;població;;18279
2012;Vendrell, el;total;total;població;;36647
2012;Ventalló;total;homes;població;;422
2012;Ventalló;total;dones;població;;394
2012;Ventalló;total;total;població;;816
2012;Verdú;total;homes;població;;482
2012;Verdú;total;dones;població;;526
2012;Verdú;total;total;població;;1008
2012;Verges;total;homes;població;;585
2012;Verges;total;dones;població;;608
2012;Verges;total;total;població;;1193
2012;Vespella de Gaià;total;homes;població;;215
2012;Vespella de Gaià;total;dones;població;;180
2012;Vespella de Gaià;total;total;població;;395
2012;Vic;total;homes;població;;20412
2012;Vic;total;dones;població;;20779
2012;Vic;total;total;població;;41191
2012;Vidrà;total;homes;població;;88
2012;Vidrà;total;dones;població;;75
2012;Vidrà;total;total;població;;163
2012;Vidreres;total;homes;població;;4017
2012;Vidreres;total;dones;població;;3715
2012;Vidreres;total;total;població;;7732
2012;Vielha e Mijaran;total;homes;població;;2796
2012;Vielha e Mijaran;total;dones;població;;2658
2012;Vielha e Mijaran;total;total;població;;5454
2012;Vilabella;total;homes;població;;428
2012;Vilabella;total;dones;població;;401
2012;Vilabella;total;total;població;;829
2012;Vilabertran;total;homes;població;;468
2012;Vilabertran;total;dones;població;;443
2012;Vilabertran;total;total;població;;911
2012;Vilablareix;total;homes;població;;1203
2012;Vilablareix;total;dones;població;;1224
2012;Vilablareix;total;total;població;;2427
2012;Vilada;total;homes;població;;253
2012;Vilada;total;dones;població;;233
2012;Vilada;total;total;població;;486
2012;Viladamat;total;homes;població;;237
2012;Viladamat;total;dones;població;;214
2012;Viladamat;total;total;població;;451
2012;Viladasens;total;homes;població;;108
2012;Viladasens;total;dones;població;;100
2012;Viladasens;total;total;població;;208
2012;Viladecans;total;homes;població;;32420
2012;Viladecans;total;dones;població;;32768
2012;Viladecans;total;total;població;;65188
2012;Viladecavalls;total;homes;població;;3713
2012;Viladecavalls;total;dones;població;;3698
2012;Viladecavalls;total;total;població;;7411
2012;Vilademuls;total;homes;població;;396
2012;Vilademuls;total;dones;població;;384
2012;Vilademuls;total;total;població;;780
2012;Viladrau;total;homes;població;;553
2012;Viladrau;total;dones;població;;534
2012;Viladrau;total;total;població;;1087
2012;Vilafant;total;homes;població;;2733
2012;Vilafant;total;dones;població;;2790
2012;Vilafant;total;total;població;;5523
2012;Vilafranca del Penedès;total;homes;població;;19399
2012;Vilafranca del Penedès;total;dones;població;;19636
2012;Vilafranca del Penedès;total;total;població;;39035
2012;Vilagrassa;total;homes;població;;256
2012;Vilagrassa;total;dones;població;;241
2012;Vilagrassa;total;total;població;;497
2012;Vilajuïga;total;homes;població;;577
2012;Vilajuïga;total;dones;població;;600
2012;Vilajuïga;total;total;població;;1177
2012;Vilalba dels Arcs;total;homes;població;;372
2012;Vilalba dels Arcs;total;dones;població;;345
2012;Vilalba dels Arcs;total;total;població;;717
2012;Vilalba Sasserra;total;homes;població;;350
2012;Vilalba Sasserra;total;dones;població;;353
2012;Vilalba Sasserra;total;total;població;;703
2012;Vilaller;total;homes;població;;382
2012;Vilaller;total;dones;població;;285
2012;Vilaller;total;total;població;;667
2012;Vilallonga de Ter;total;homes;població;;253
2012;Vilallonga de Ter;total;dones;població;;213
2012;Vilallonga de Ter;total;total;població;;466
2012;Vilallonga del Camp;total;homes;població;;1123
2012;Vilallonga del Camp;total;dones;població;;1081
2012;Vilallonga del Camp;total;total;població;;2204
2012;Vilamacolum;total;homes;població;;153
2012;Vilamacolum;total;dones;població;;136
2012;Vilamacolum;total;total;població;;289
2012;Vilamalla;total;homes;població;;586
2012;Vilamalla;total;dones;població;;515
2012;Vilamalla;total;total;població;;1101
2012;Vilamaniscle;total;homes;població;;102
2012;Vilamaniscle;total;dones;població;;74
2012;Vilamaniscle;total;total;població;;176
2012;Vilamòs;total;homes;població;;104
2012;Vilamòs;total;dones;població;;76
2012;Vilamòs;total;total;població;;180
2012;Vilanant;total;homes;població;;183
2012;Vilanant;total;dones;població;;193
2012;Vilanant;total;total;població;;376
2012;Vilanova d'Escornalbou;total;homes;població;;311
2012;Vilanova d'Escornalbou;total;dones;població;;259
2012;Vilanova d'Escornalbou;total;total;població;;570
2012;Vilanova de Bellpuig;total;homes;població;;630
2012;Vilanova de Bellpuig;total;dones;població;;583
2012;Vilanova de Bellpuig;total;total;població;;1213
2012;Vilanova de l'Aguda;total;homes;població;;120
2012;Vilanova de l'Aguda;total;dones;població;;122
2012;Vilanova de l'Aguda;total;total;població;;242
2012;Vilanova de la Barca;total;homes;població;;583
2012;Vilanova de la Barca;total;dones;població;;577
2012;Vilanova de la Barca;total;total;població;;1160
2012;Vilanova de Meià;total;homes;població;;223
2012;Vilanova de Meià;total;dones;població;;200
2012;Vilanova de Meià;total;total;població;;423
2012;Vilanova de Prades;total;homes;població;;67
2012;Vilanova de Prades;total;dones;població;;62
2012;Vilanova de Prades;total;total;població;;129
2012;Vilanova de Sau;total;homes;població;;163
2012;Vilanova de Sau;total;dones;població;;165
2012;Vilanova de Sau;total;total;població;;328
2012;Vilanova de Segrià;total;homes;població;;465
2012;Vilanova de Segrià;total;dones;població;;431
2012;Vilanova de Segrià;total;total;població;;896
2012;Vilanova del Camí;total;homes;població;;6367
2012;Vilanova del Camí;total;dones;població;;6218
2012;Vilanova del Camí;total;total;població;;12585
2012;Vilanova del Vallès;total;homes;població;;2566
2012;Vilanova del Vallès;total;dones;població;;2496
2012;Vilanova del Vallès;total;total;població;;5062
2012;Vilanova i la Geltrú;total;homes;població;;32522
2012;Vilanova i la Geltrú;total;dones;població;;34069
2012;Vilanova i la Geltrú;total;total;població;;66591
2012;Vilaplana;total;homes;població;;321
2012;Vilaplana;total;dones;població;;307
2012;Vilaplana;total;total;població;;628
2012;Vila-rodona;total;homes;població;;662
2012;Vila-rodona;total;dones;població;;618
2012;Vila-rodona;total;total;població;;1280
2012;Vila-sacra;total;homes;població;;323
2012;Vila-sacra;total;dones;població;;348
2012;Vila-sacra;total;total;població;;671
2012;Vila-sana;total;homes;població;;360
2012;Vila-sana;total;dones;població;;350
2012;Vila-sana;total;total;població;;710
2012;Vila-seca;total;homes;població;;11269
2012;Vila-seca;total;dones;població;;10783
2012;Vila-seca;total;total;població;;22052
2012;Vilassar de Dalt;total;homes;població;;4377
2012;Vilassar de Dalt;total;dones;població;;4488
2012;Vilassar de Dalt;total;total;població;;8865
2012;Vilassar de Mar;total;homes;població;;9611
2012;Vilassar de Mar;total;dones;població;;10307
2012;Vilassar de Mar;total;total;població;;19918
2012;Vilaür;total;homes;població;;68
2012;Vilaür;total;dones;població;;74
2012;Vilaür;total;total;població;;142
2012;Vilaverd;total;homes;població;;247
2012;Vilaverd;total;dones;població;;241
2012;Vilaverd;total;total;població;;488
2012;Vilella Alta, la;total;homes;població;;79
2012;Vilella Alta, la;total;dones;població;;64
2012;Vilella Alta, la;total;total;població;;143
2012;Vilella Baixa, la;total;homes;població;;120
2012;Vilella Baixa, la;total;dones;població;;102
2012;Vilella Baixa, la;total;total;població;;222
2012;Vilobí d'Onyar;total;homes;població;;1603
2012;Vilobí d'Onyar;total;dones;població;;1450
2012;Vilobí d'Onyar;total;total;població;;3053
2012;Vilobí del Penedès;total;homes;població;;563
2012;Vilobí del Penedès;total;dones;població;;543
2012;Vilobí del Penedès;total;total;població;;1106
2012;Vilopriu;total;homes;població;;118
2012;Vilopriu;total;dones;població;;99
2012;Vilopriu;total;total;població;;217
2012;Vilosell, el;total;homes;població;;101
2012;Vilosell, el;total;dones;població;;96
2012;Vilosell, el;total;total;població;;197
2012;Vimbodí i Poblet;total;homes;població;;568
2012;Vimbodí i Poblet;total;dones;població;;439
2012;Vimbodí i Poblet;total;total;població;;1007
2012;Vinaixa;total;homes;població;;292
2012;Vinaixa;total;dones;població;;280
2012;Vinaixa;total;total;població;;572
2012;Vinebre;total;homes;població;;250
2012;Vinebre;total;dones;població;;245
2012;Vinebre;total;total;població;;495
2012;Vinyols i els Arcs;total;homes;població;;1005
2012;Vinyols i els Arcs;total;dones;població;;931
2012;Vinyols i els Arcs;total;total;població;;1936
2012;Viver i Serrateix;total;homes;població;;93
2012;Viver i Serrateix;total;dones;població;;85
2012;Viver i Serrateix;total;total;població;;178
2012;Xerta;total;homes;població;;627
2012;Xerta;total;dones;població;;650
2012;Xerta;total;total;població;;1277
2012;Catalunya;total;homes;població;;3741628
2012;Catalunya;total;dones;població;;3829280
2012;Catalunya;total;total;població;;7570908
