any;municipi;edat any a any;sexe;concepte;estat;valor
2001;Abella de la Conca;total;homes;població;;103
2001;Abella de la Conca;total;dones;població;;96
2001;Abella de la Conca;total;total;població;;199
2001;Abrera;total;homes;població;;4363
2001;Abrera;total;dones;població;;4091
2001;Abrera;total;total;població;;8454
2001;Àger;total;homes;població;;285
2001;Àger;total;dones;població;;238
2001;Àger;total;total;població;;523
2001;Agramunt;total;homes;població;;2546
2001;Agramunt;total;dones;població;;2414
2001;Agramunt;total;total;població;;4960
2001;Aguilar de Segarra;total;homes;població;;104
2001;Aguilar de Segarra;total;dones;població;;104
2001;Aguilar de Segarra;total;total;població;;208
2001;Agullana;total;homes;població;;336
2001;Agullana;total;dones;població;;330
2001;Agullana;total;total;població;;666
2001;Aiguafreda;total;homes;població;;1053
2001;Aiguafreda;total;dones;població;;1078
2001;Aiguafreda;total;total;població;;2131
2001;Aiguamúrcia;total;homes;població;;337
2001;Aiguamúrcia;total;dones;població;;314
2001;Aiguamúrcia;total;total;població;;651
2001;Aiguaviva;total;homes;població;;270
2001;Aiguaviva;total;dones;població;;267
2001;Aiguaviva;total;total;població;;537
2001;Aitona;total;homes;població;;1099
2001;Aitona;total;dones;població;;1084
2001;Aitona;total;total;població;;2183
2001;Alamús, els;total;homes;població;;348
2001;Alamús, els;total;dones;població;;348
2001;Alamús, els;total;total;població;;696
2001;Alàs i Cerc;total;homes;població;;209
2001;Alàs i Cerc;total;dones;població;;182
2001;Alàs i Cerc;total;total;població;;391
2001;Albagés, l';total;homes;població;;266
2001;Albagés, l';total;dones;població;;236
2001;Albagés, l';total;total;població;;502
2001;Albanyà;total;homes;població;;66
2001;Albanyà;total;dones;població;;59
2001;Albanyà;total;total;població;;125
2001;Albatàrrec;total;homes;població;;601
2001;Albatàrrec;total;dones;població;;588
2001;Albatàrrec;total;total;població;;1189
2001;Albesa;total;homes;població;;746
2001;Albesa;total;dones;població;;766
2001;Albesa;total;total;població;;1512
2001;Albi, l';total;homes;població;;409
2001;Albi, l';total;dones;població;;380
2001;Albi, l';total;total;població;;789
2001;Albinyana;total;homes;població;;822
2001;Albinyana;total;dones;població;;748
2001;Albinyana;total;total;població;;1570
2001;Albiol, l';total;homes;població;;98
2001;Albiol, l';total;dones;població;;79
2001;Albiol, l';total;total;població;;177
2001;Albons;total;homes;població;;316
2001;Albons;total;dones;població;;280
2001;Albons;total;total;població;;596
2001;Alcanar;total;homes;població;;4123
2001;Alcanar;total;dones;població;;4052
2001;Alcanar;total;total;població;;8175
2001;Alcanó;total;homes;població;;133
2001;Alcanó;total;dones;població;;128
2001;Alcanó;total;total;població;;261
2001;Alcarràs;total;homes;població;;2410
2001;Alcarràs;total;dones;població;;2394
2001;Alcarràs;total;total;població;;4804
2001;Alcoletge;total;homes;població;;972
2001;Alcoletge;total;dones;població;;874
2001;Alcoletge;total;total;població;;1846
2001;Alcover;total;homes;població;;1950
2001;Alcover;total;dones;població;;1891
2001;Alcover;total;total;població;;3841
2001;Aldea, l';total;homes;població;;1818
2001;Aldea, l';total;dones;població;;1721
2001;Aldea, l';total;total;població;;3539
2001;Aldover;total;homes;població;;379
2001;Aldover;total;dones;població;;403
2001;Aldover;total;total;població;;782
2001;Aleixar, l';total;homes;població;;373
2001;Aleixar, l';total;dones;població;;352
2001;Aleixar, l';total;total;població;;725
2001;Alella;total;homes;població;;4295
2001;Alella;total;dones;població;;4319
2001;Alella;total;total;població;;8614
2001;Alfara de Carles;total;homes;població;;191
2001;Alfara de Carles;total;dones;població;;171
2001;Alfara de Carles;total;total;població;;362
2001;Alfarràs;total;homes;població;;1436
2001;Alfarràs;total;dones;població;;1505
2001;Alfarràs;total;total;població;;2941
2001;Alfés;total;homes;població;;176
2001;Alfés;total;dones;població;;156
2001;Alfés;total;total;població;;332
2001;Alforja;total;homes;població;;678
2001;Alforja;total;dones;població;;631
2001;Alforja;total;total;població;;1309
2001;Algerri;total;homes;població;;249
2001;Algerri;total;dones;població;;259
2001;Algerri;total;total;població;;508
2001;Alguaire;total;homes;població;;1429
2001;Alguaire;total;dones;població;;1394
2001;Alguaire;total;total;població;;2823
2001;Alins;total;homes;població;;138
2001;Alins;total;dones;població;;135
2001;Alins;total;total;població;;273
2001;Alió;total;homes;població;;187
2001;Alió;total;dones;població;;185
2001;Alió;total;total;població;;372
2001;Almacelles;total;homes;població;;2890
2001;Almacelles;total;dones;població;;2769
2001;Almacelles;total;total;població;;5659
2001;Almatret;total;homes;població;;246
2001;Almatret;total;dones;població;;227
2001;Almatret;total;total;població;;473
2001;Almenar;total;homes;població;;1784
2001;Almenar;total;dones;població;;1696
2001;Almenar;total;total;població;;3480
2001;Almoster;total;homes;població;;438
2001;Almoster;total;dones;població;;413
2001;Almoster;total;total;població;;851
2001;Alòs de Balaguer;total;homes;població;;104
2001;Alòs de Balaguer;total;dones;població;;74
2001;Alòs de Balaguer;total;total;població;;178
2001;Alp;total;homes;població;;651
2001;Alp;total;dones;població;;580
2001;Alp;total;total;població;;1231
2001;Alpens;total;homes;població;;144
2001;Alpens;total;dones;població;;130
2001;Alpens;total;total;població;;274
2001;Alpicat;total;homes;població;;2110
2001;Alpicat;total;dones;població;;2127
2001;Alpicat;total;total;població;;4237
2001;Alt Àneu;total;homes;població;;231
2001;Alt Àneu;total;dones;població;;187
2001;Alt Àneu;total;total;població;;418
2001;Altafulla;total;homes;població;;1715
2001;Altafulla;total;dones;població;;1614
2001;Altafulla;total;total;població;;3329
2001;Amer;total;homes;població;;1089
2001;Amer;total;dones;població;;1116
2001;Amer;total;total;població;;2205
2001;Ametlla de Mar, l';total;homes;població;;2550
2001;Ametlla de Mar, l';total;dones;població;;2497
2001;Ametlla de Mar, l';total;total;població;;5047
2001;Ametlla del Vallès, l';total;homes;població;;2910
2001;Ametlla del Vallès, l';total;dones;població;;3000
2001;Ametlla del Vallès, l';total;total;població;;5910
2001;Ampolla, l';total;homes;població;;942
2001;Ampolla, l';total;dones;població;;951
2001;Ampolla, l';total;total;població;;1893
2001;Amposta;total;homes;població;;8290
2001;Amposta;total;dones;població;;8470
2001;Amposta;total;total;població;;16760
2001;Anglès;total;homes;població;;2529
2001;Anglès;total;dones;població;;2444
2001;Anglès;total;total;població;;4973
2001;Anglesola;total;homes;població;;640
2001;Anglesola;total;dones;població;;632
2001;Anglesola;total;total;població;;1272
2001;Arbeca;total;homes;població;;1243
2001;Arbeca;total;dones;població;;1184
2001;Arbeca;total;total;població;;2427
2001;Arboç, l';total;homes;població;;1895
2001;Arboç, l';total;dones;població;;1768
2001;Arboç, l';total;total;població;;3663
2001;Arbolí;total;homes;població;;71
2001;Arbolí;total;dones;població;;62
2001;Arbolí;total;total;població;;133
2001;Arbúcies;total;homes;població;;2665
2001;Arbúcies;total;dones;població;;2543
2001;Arbúcies;total;total;població;;5208
2001;Arenys de Mar;total;homes;població;;6184
2001;Arenys de Mar;total;dones;població;;6635
2001;Arenys de Mar;total;total;població;;12819
2001;Arenys de Munt;total;homes;població;;3231
2001;Arenys de Munt;total;dones;població;;3281
2001;Arenys de Munt;total;total;població;;6512
2001;Argelaguer;total;homes;població;;213
2001;Argelaguer;total;dones;població;;188
2001;Argelaguer;total;total;població;;401
2001;Argençola;total;homes;població;;101
2001;Argençola;total;dones;població;;87
2001;Argençola;total;total;població;;188
2001;Argentera, l';total;homes;població;;83
2001;Argentera, l';total;dones;població;;64
2001;Argentera, l';total;total;població;;147
2001;Argentona;total;homes;població;;4856
2001;Argentona;total;dones;població;;4935
2001;Argentona;total;total;població;;9791
2001;Armentera, l';total;homes;població;;377
2001;Armentera, l';total;dones;població;;378
2001;Armentera, l';total;total;població;;755
2001;Arnes;total;homes;població;;260
2001;Arnes;total;dones;població;;246
2001;Arnes;total;total;població;;506
2001;Arres;total;homes;població;;31
2001;Arres;total;dones;població;;27
2001;Arres;total;total;població;;58
2001;Arsèguel;total;homes;població;;56
2001;Arsèguel;total;dones;població;;45
2001;Arsèguel;total;total;població;;101
2001;Artés;total;homes;població;;2214
2001;Artés;total;dones;població;;2229
2001;Artés;total;total;població;;4443
2001;Artesa de Lleida;total;homes;població;;683
2001;Artesa de Lleida;total;dones;població;;641
2001;Artesa de Lleida;total;total;població;;1324
2001;Artesa de Segre;total;homes;població;;1661
2001;Artesa de Segre;total;dones;població;;1564
2001;Artesa de Segre;total;total;població;;3225
2001;Ascó;total;homes;població;;857
2001;Ascó;total;dones;població;;836
2001;Ascó;total;total;població;;1693
2001;Aspa;total;homes;població;;132
2001;Aspa;total;dones;població;;136
2001;Aspa;total;total;població;;268
2001;Avellanes i Santa Linya, les;total;homes;població;;255
2001;Avellanes i Santa Linya, les;total;dones;població;;225
2001;Avellanes i Santa Linya, les;total;total;població;;480
2001;Avià;total;homes;població;;959
2001;Avià;total;dones;població;;933
2001;Avià;total;total;població;;1892
2001;Avinyó;total;homes;població;;997
2001;Avinyó;total;dones;població;;1022
2001;Avinyó;total;total;població;;2019
2001;Avinyonet de Puigventós;total;homes;població;;367
2001;Avinyonet de Puigventós;total;dones;població;;358
2001;Avinyonet de Puigventós;total;total;població;;725
2001;Avinyonet del Penedès;total;homes;població;;667
2001;Avinyonet del Penedès;total;dones;població;;587
2001;Avinyonet del Penedès;total;total;població;;1254
2001;Badalona;total;homes;població;;103377
2001;Badalona;total;dones;població;;105617
2001;Badalona;total;total;població;;208994
2001;Badia del Vallès;total;homes;població;;7552
2001;Badia del Vallès;total;dones;població;;7480
2001;Badia del Vallès;total;total;població;;15032
2001;Bagà;total;homes;població;;1006
2001;Bagà;total;dones;població;;1085
2001;Bagà;total;total;població;;2091
2001;Baix Pallars;total;homes;població;;199
2001;Baix Pallars;total;dones;població;;154
2001;Baix Pallars;total;total;població;;353
2001;Balaguer;total;homes;població;;6610
2001;Balaguer;total;dones;població;;6845
2001;Balaguer;total;total;població;;13455
2001;Balenyà;total;homes;població;;1594
2001;Balenyà;total;dones;població;;1577
2001;Balenyà;total;total;població;;3171
2001;Balsareny;total;homes;població;;1609
2001;Balsareny;total;dones;població;;1637
2001;Balsareny;total;total;població;;3246
2001;Banyeres del Penedès;total;homes;població;;939
2001;Banyeres del Penedès;total;dones;població;;808
2001;Banyeres del Penedès;total;total;població;;1747
2001;Banyoles;total;homes;població;;7583
2001;Banyoles;total;dones;població;;7853
2001;Banyoles;total;total;població;;15436
2001;Barbens;total;homes;població;;389
2001;Barbens;total;dones;població;;377
2001;Barbens;total;total;població;;766
2001;Barberà de la Conca;total;homes;població;;204
2001;Barberà de la Conca;total;dones;població;;210
2001;Barberà de la Conca;total;total;població;;414
2001;Barberà del Vallès;total;homes;població;;13423
2001;Barberà del Vallès;total;dones;població;;13318
2001;Barberà del Vallès;total;total;població;;26741
2001;Barcelona;total;homes;població;;704105
2001;Barcelona;total;dones;població;;801220
2001;Barcelona;total;total;població;;1505325
2001;Baronia de Rialb, la;total;homes;població;;140
2001;Baronia de Rialb, la;total;dones;població;;132
2001;Baronia de Rialb, la;total;total;població;;272
2001;Bàscara;total;homes;població;;435
2001;Bàscara;total;dones;població;;397
2001;Bàscara;total;total;població;;832
2001;Bassella;total;homes;població;;157
2001;Bassella;total;dones;població;;149
2001;Bassella;total;total;població;;306
2001;Batea;total;homes;població;;1019
2001;Batea;total;dones;població;;981
2001;Batea;total;total;població;;2000
2001;Bausen;total;homes;població;;34
2001;Bausen;total;dones;població;;24
2001;Bausen;total;total;població;;58
2001;Begues;total;homes;població;;2294
2001;Begues;total;dones;població;;2259
2001;Begues;total;total;població;;4553
2001;Begur;total;homes;població;;1793
2001;Begur;total;dones;població;;1752
2001;Begur;total;total;població;;3545
2001;Belianes;total;homes;població;;273
2001;Belianes;total;dones;població;;303
2001;Belianes;total;total;població;;576
2001;Bellaguarda;total;homes;població;;171
2001;Bellaguarda;total;dones;població;;180
2001;Bellaguarda;total;total;població;;351
2001;Bellcaire d'Empordà;total;homes;població;;285
2001;Bellcaire d'Empordà;total;dones;població;;274
2001;Bellcaire d'Empordà;total;total;població;;559
2001;Bellcaire d'Urgell;total;homes;població;;625
2001;Bellcaire d'Urgell;total;dones;població;;669
2001;Bellcaire d'Urgell;total;total;població;;1294
2001;Bell-lloc d'Urgell;total;homes;població;;1050
2001;Bell-lloc d'Urgell;total;dones;població;;1075
2001;Bell-lloc d'Urgell;total;total;població;;2125
2001;Bellmunt d'Urgell;total;homes;població;;112
2001;Bellmunt d'Urgell;total;dones;població;;119
2001;Bellmunt d'Urgell;total;total;població;;231
2001;Bellmunt del Priorat;total;homes;població;;151
2001;Bellmunt del Priorat;total;dones;població;;157
2001;Bellmunt del Priorat;total;total;població;;308
2001;Bellprat;total;homes;població;;54
2001;Bellprat;total;dones;població;;40
2001;Bellprat;total;total;població;;94
2001;Bellpuig;total;homes;població;;2060
2001;Bellpuig;total;dones;població;;2050
2001;Bellpuig;total;total;població;;4110
2001;Bellvei;total;homes;població;;741
2001;Bellvei;total;dones;població;;648
2001;Bellvei;total;total;població;;1389
2001;Bellver de Cerdanya;total;homes;població;;868
2001;Bellver de Cerdanya;total;dones;població;;759
2001;Bellver de Cerdanya;total;total;població;;1627
2001;Bellvís;total;homes;població;;1067
2001;Bellvís;total;dones;població;;1079
2001;Bellvís;total;total;població;;2146
2001;Benavent de Segrià;total;homes;població;;489
2001;Benavent de Segrià;total;dones;població;;454
2001;Benavent de Segrià;total;total;població;;943
2001;Benifallet;total;homes;població;;441
2001;Benifallet;total;dones;població;;442
2001;Benifallet;total;total;població;;883
2001;Benissanet;total;homes;població;;543
2001;Benissanet;total;dones;població;;505
2001;Benissanet;total;total;població;;1048
2001;Berga;total;homes;població;;7037
2001;Berga;total;dones;població;;7472
2001;Berga;total;total;població;;14509
2001;Besalú;total;homes;població;;971
2001;Besalú;total;dones;població;;1017
2001;Besalú;total;total;població;;1988
2001;Bescanó;total;homes;població;;1639
2001;Bescanó;total;dones;població;;1620
2001;Bescanó;total;total;població;;3259
2001;Beuda;total;homes;població;;76
2001;Beuda;total;dones;població;;64
2001;Beuda;total;total;població;;140
2001;Bigues i Riells del Fai;total;homes;població;;2996
2001;Bigues i Riells del Fai;total;dones;població;;2707
2001;Bigues i Riells del Fai;total;total;població;;5703
2001;Biosca;total;homes;població;;124
2001;Biosca;total;dones;població;;123
2001;Biosca;total;total;població;;247
2001;Bisbal d'Empordà, la;total;homes;població;;4103
2001;Bisbal d'Empordà, la;total;dones;població;;4215
2001;Bisbal d'Empordà, la;total;total;població;;8318
2001;Bisbal de Montsant, la;total;homes;població;;123
2001;Bisbal de Montsant, la;total;dones;població;;129
2001;Bisbal de Montsant, la;total;total;població;;252
2001;Bisbal del Penedès, la;total;homes;població;;1106
2001;Bisbal del Penedès, la;total;dones;població;;972
2001;Bisbal del Penedès, la;total;total;població;;2078
2001;Biure;total;homes;població;;107
2001;Biure;total;dones;població;;109
2001;Biure;total;total;població;;216
2001;Blancafort;total;homes;població;;198
2001;Blancafort;total;dones;població;;187
2001;Blancafort;total;total;població;;385
2001;Blanes;total;homes;població;;15868
2001;Blanes;total;dones;població;;15664
2001;Blanes;total;total;població;;31532
2001;Boadella i les Escaules;total;homes;població;;115
2001;Boadella i les Escaules;total;dones;població;;119
2001;Boadella i les Escaules;total;total;població;;234
2001;Bolvir;total;homes;població;;140
2001;Bolvir;total;dones;població;;139
2001;Bolvir;total;total;població;;279
2001;Bonastre;total;homes;població;;173
2001;Bonastre;total;dones;població;;157
2001;Bonastre;total;total;població;;330
2001;Bòrdes, Es;total;homes;població;;110
2001;Bòrdes, Es;total;dones;població;;99
2001;Bòrdes, Es;total;total;població;;209
2001;Bordils;total;homes;població;;704
2001;Bordils;total;dones;població;;694
2001;Bordils;total;total;població;;1398
2001;Borges Blanques, les;total;homes;població;;2644
2001;Borges Blanques, les;total;dones;població;;2640
2001;Borges Blanques, les;total;total;població;;5284
2001;Borges del Camp, les;total;homes;població;;802
2001;Borges del Camp, les;total;dones;població;;791
2001;Borges del Camp, les;total;total;població;;1593
2001;Borrassà;total;homes;població;;275
2001;Borrassà;total;dones;població;;274
2001;Borrassà;total;total;població;;549
2001;Borredà;total;homes;població;;244
2001;Borredà;total;dones;població;;238
2001;Borredà;total;total;població;;482
2001;Bossòst;total;homes;població;;475
2001;Bossòst;total;dones;població;;449
2001;Bossòst;total;total;població;;924
2001;Bot;total;homes;població;;411
2001;Bot;total;dones;població;;397
2001;Bot;total;total;població;;808
2001;Botarell;total;homes;població;;359
2001;Botarell;total;dones;població;;336
2001;Botarell;total;total;població;;695
2001;Bovera;total;homes;població;;198
2001;Bovera;total;dones;població;;195
2001;Bovera;total;total;població;;393
2001;Bràfim;total;homes;població;;280
2001;Bràfim;total;dones;població;;287
2001;Bràfim;total;total;població;;567
2001;Breda;total;homes;població;;1743
2001;Breda;total;dones;població;;1665
2001;Breda;total;total;població;;3408
2001;Bruc, el;total;homes;població;;587
2001;Bruc, el;total;dones;població;;532
2001;Bruc, el;total;total;població;;1119
2001;Brull, el;total;homes;població;;105
2001;Brull, el;total;dones;població;;90
2001;Brull, el;total;total;població;;195
2001;Brunyola i Sant Martí Sapresa;total;homes;població;;190
2001;Brunyola i Sant Martí Sapresa;total;dones;població;;186
2001;Brunyola i Sant Martí Sapresa;total;total;població;;376
2001;Cabacés;total;homes;població;;182
2001;Cabacés;total;dones;població;;162
2001;Cabacés;total;total;població;;344
2001;Cabanabona;total;homes;població;;44
2001;Cabanabona;total;dones;població;;49
2001;Cabanabona;total;total;població;;93
2001;Cabanelles;total;homes;població;;127
2001;Cabanelles;total;dones;població;;90
2001;Cabanelles;total;total;població;;217
2001;Cabanes;total;homes;població;;399
2001;Cabanes;total;dones;població;;370
2001;Cabanes;total;total;població;;769
2001;Cabanyes, les;total;homes;població;;298
2001;Cabanyes, les;total;dones;població;;271
2001;Cabanyes, les;total;total;població;;569
2001;Cabó;total;homes;població;;67
2001;Cabó;total;dones;població;;52
2001;Cabó;total;total;població;;119
2001;Cabra del Camp;total;homes;població;;331
2001;Cabra del Camp;total;dones;població;;307
2001;Cabra del Camp;total;total;població;;638
2001;Cabrera d'Anoia;total;homes;població;;333
2001;Cabrera d'Anoia;total;dones;població;;276
2001;Cabrera d'Anoia;total;total;població;;609
2001;Cabrera de Mar;total;homes;població;;1930
2001;Cabrera de Mar;total;dones;població;;1865
2001;Cabrera de Mar;total;total;població;;3795
2001;Cabrils;total;homes;població;;2441
2001;Cabrils;total;dones;població;;2544
2001;Cabrils;total;total;població;;4985
2001;Cadaqués;total;homes;població;;1163
2001;Cadaqués;total;dones;població;;1227
2001;Cadaqués;total;total;població;;2390
2001;Calaf;total;homes;població;;1524
2001;Calaf;total;dones;població;;1515
2001;Calaf;total;total;població;;3039
2001;Calafell;total;homes;població;;6717
2001;Calafell;total;dones;població;;6610
2001;Calafell;total;total;població;;13327
2001;Calders;total;homes;població;;409
2001;Calders;total;dones;població;;369
2001;Calders;total;total;població;;778
2001;Caldes d'Estrac;total;homes;població;;999
2001;Caldes d'Estrac;total;dones;població;;1029
2001;Caldes d'Estrac;total;total;població;;2028
2001;Caldes de Malavella;total;homes;població;;2113
2001;Caldes de Malavella;total;dones;població;;2060
2001;Caldes de Malavella;total;total;població;;4173
2001;Caldes de Montbui;total;homes;població;;6347
2001;Caldes de Montbui;total;dones;població;;6442
2001;Caldes de Montbui;total;total;població;;12789
2001;Calella;total;homes;població;;6738
2001;Calella;total;dones;població;;7076
2001;Calella;total;total;població;;13814
2001;Calldetenes;total;homes;població;;1062
2001;Calldetenes;total;dones;població;;994
2001;Calldetenes;total;total;població;;2056
2001;Callús;total;homes;població;;652
2001;Callús;total;dones;població;;675
2001;Callús;total;total;població;;1327
2001;Calonge de Segarra;total;homes;població;;102
2001;Calonge de Segarra;total;dones;població;;97
2001;Calonge de Segarra;total;total;població;;199
2001;Calonge i Sant Antoni;total;homes;població;;3611
2001;Calonge i Sant Antoni;total;dones;població;;3579
2001;Calonge i Sant Antoni;total;total;població;;7190
2001;Camarasa;total;homes;població;;461
2001;Camarasa;total;dones;població;;445
2001;Camarasa;total;total;població;;906
2001;Camarles;total;homes;població;;1468
2001;Camarles;total;dones;població;;1469
2001;Camarles;total;total;població;;2937
2001;Cambrils;total;homes;població;;10475
2001;Cambrils;total;dones;població;;10501
2001;Cambrils;total;total;població;;20976
2001;Camós;total;homes;població;;322
2001;Camós;total;dones;població;;304
2001;Camós;total;total;població;;626
2001;Campdevànol;total;homes;població;;1676
2001;Campdevànol;total;dones;població;;1757
2001;Campdevànol;total;total;població;;3433
2001;Campelles;total;homes;població;;67
2001;Campelles;total;dones;població;;60
2001;Campelles;total;total;població;;127
2001;Campins;total;homes;població;;154
2001;Campins;total;dones;població;;139
2001;Campins;total;total;població;;293
2001;Campllong;total;homes;població;;166
2001;Campllong;total;dones;població;;144
2001;Campllong;total;total;població;;310
2001;Camprodon;total;homes;població;;1133
2001;Camprodon;total;dones;població;;1156
2001;Camprodon;total;total;població;;2289
2001;Canejan;total;homes;població;;52
2001;Canejan;total;dones;població;;55
2001;Canejan;total;total;població;;107
2001;Canet d'Adri;total;homes;població;;273
2001;Canet d'Adri;total;dones;població;;246
2001;Canet d'Adri;total;total;població;;519
2001;Canet de Mar;total;homes;població;;5222
2001;Canet de Mar;total;dones;població;;5363
2001;Canet de Mar;total;total;població;;10585
2001;Canonja, la;total;homes;població;..; 
2001;Canonja, la;total;dones;població;..; 
2001;Canonja, la;total;total;població;..; 
2001;Canovelles;total;homes;població;;6652
2001;Canovelles;total;dones;població;;6466
2001;Canovelles;total;total;població;;13118
2001;Cànoves i Samalús;total;homes;població;;1014
2001;Cànoves i Samalús;total;dones;població;;931
2001;Cànoves i Samalús;total;total;població;;1945
2001;Cantallops;total;homes;població;;135
2001;Cantallops;total;dones;població;;129
2001;Cantallops;total;total;població;;264
2001;Canyelles;total;homes;població;;1068
2001;Canyelles;total;dones;població;;940
2001;Canyelles;total;total;població;;2008
2001;Capafonts;total;homes;població;;62
2001;Capafonts;total;dones;població;;60
2001;Capafonts;total;total;població;;122
2001;Capçanes;total;homes;població;;188
2001;Capçanes;total;dones;població;;221
2001;Capçanes;total;total;població;;409
2001;Capellades;total;homes;població;;2420
2001;Capellades;total;dones;població;;2530
2001;Capellades;total;total;població;;4950
2001;Capmany;total;homes;població;;236
2001;Capmany;total;dones;població;;224
2001;Capmany;total;total;població;;460
2001;Capolat;total;homes;població;;35
2001;Capolat;total;dones;població;;25
2001;Capolat;total;total;població;;60
2001;Cardedeu;total;homes;població;;6288
2001;Cardedeu;total;dones;població;;6347
2001;Cardedeu;total;total;població;;12635
2001;Cardona;total;homes;població;;2690
2001;Cardona;total;dones;població;;2825
2001;Cardona;total;total;població;;5515
2001;Carme;total;homes;població;;350
2001;Carme;total;dones;població;;334
2001;Carme;total;total;població;;684
2001;Caseres;total;homes;població;;157
2001;Caseres;total;dones;població;;169
2001;Caseres;total;total;població;;326
2001;Cassà de la Selva;total;homes;població;;3947
2001;Cassà de la Selva;total;dones;població;;3927
2001;Cassà de la Selva;total;total;població;;7874
2001;Casserres;total;homes;població;;761
2001;Casserres;total;dones;població;;834
2001;Casserres;total;total;població;;1595
2001;Castell d'Aro, Platja d'Aro i s'Agaró;total;homes;població;;3588
2001;Castell d'Aro, Platja d'Aro i s'Agaró;total;dones;població;;3524
2001;Castell d'Aro, Platja d'Aro i s'Agaró;total;total;població;;7112
2001;Castell de l'Areny;total;homes;població;;30
2001;Castell de l'Areny;total;dones;població;;18
2001;Castell de l'Areny;total;total;població;;48
2001;Castell de Mur;total;homes;població;;78
2001;Castell de Mur;total;dones;població;;71
2001;Castell de Mur;total;total;població;;149
2001;Castellar de la Ribera;total;homes;població;;70
2001;Castellar de la Ribera;total;dones;població;;82
2001;Castellar de la Ribera;total;total;població;;152
2001;Castellar de n'Hug;total;homes;població;;97
2001;Castellar de n'Hug;total;dones;població;;89
2001;Castellar de n'Hug;total;total;població;;186
2001;Castellar del Riu;total;homes;població;;69
2001;Castellar del Riu;total;dones;població;;51
2001;Castellar del Riu;total;total;població;;120
2001;Castellar del Vallès;total;homes;població;;9092
2001;Castellar del Vallès;total;dones;població;;9044
2001;Castellar del Vallès;total;total;població;;18136
2001;Castellbell i el Vilar;total;homes;població;;1465
2001;Castellbell i el Vilar;total;dones;població;;1439
2001;Castellbell i el Vilar;total;total;població;;2904
2001;Castellbisbal;total;homes;població;;4461
2001;Castellbisbal;total;dones;població;;4235
2001;Castellbisbal;total;total;població;;8696
2001;Castellcir;total;homes;població;;211
2001;Castellcir;total;dones;població;;160
2001;Castellcir;total;total;població;;371
2001;Castelldans;total;homes;població;;499
2001;Castelldans;total;dones;població;;474
2001;Castelldans;total;total;població;;973
2001;Castelldefels;total;homes;població;;23396
2001;Castelldefels;total;dones;població;;23390
2001;Castelldefels;total;total;població;;46786
2001;Castellet i la Gornal;total;homes;població;;740
2001;Castellet i la Gornal;total;dones;població;;722
2001;Castellet i la Gornal;total;total;població;;1462
2001;Castellfollit de la Roca;total;homes;població;;498
2001;Castellfollit de la Roca;total;dones;població;;484
2001;Castellfollit de la Roca;total;total;població;;982
2001;Castellfollit de Riubregós;total;homes;població;;113
2001;Castellfollit de Riubregós;total;dones;població;;115
2001;Castellfollit de Riubregós;total;total;població;;228
2001;Castellfollit del Boix;total;homes;població;;186
2001;Castellfollit del Boix;total;dones;població;;198
2001;Castellfollit del Boix;total;total;població;;384
2001;Castellgalí;total;homes;població;;513
2001;Castellgalí;total;dones;població;;471
2001;Castellgalí;total;total;població;;984
2001;Castellnou de Bages;total;homes;població;;286
2001;Castellnou de Bages;total;dones;població;;256
2001;Castellnou de Bages;total;total;població;;542
2001;Castellnou de Seana;total;homes;població;;375
2001;Castellnou de Seana;total;dones;població;;338
2001;Castellnou de Seana;total;total;població;;713
2001;Castelló d'Empúries;total;homes;població;;3540
2001;Castelló d'Empúries;total;dones;població;;3343
2001;Castelló d'Empúries;total;total;població;;6883
2001;Castelló de Farfanya;total;homes;població;;292
2001;Castelló de Farfanya;total;dones;població;;292
2001;Castelló de Farfanya;total;total;població;;584
2001;Castellolí;total;homes;població;;217
2001;Castellolí;total;dones;població;;204
2001;Castellolí;total;total;població;;421
2001;Castellserà;total;homes;població;;545
2001;Castellserà;total;dones;població;;568
2001;Castellserà;total;total;població;;1113
2001;Castellterçol;total;homes;població;;988
2001;Castellterçol;total;dones;població;;1030
2001;Castellterçol;total;total;població;;2018
2001;Castellvell del Camp;total;homes;població;;607
2001;Castellvell del Camp;total;dones;població;;594
2001;Castellvell del Camp;total;total;població;;1201
2001;Castellví de la Marca;total;homes;població;;730
2001;Castellví de la Marca;total;dones;població;;704
2001;Castellví de la Marca;total;total;població;;1434
2001;Castellví de Rosanes;total;homes;població;;597
2001;Castellví de Rosanes;total;dones;població;;561
2001;Castellví de Rosanes;total;total;població;;1158
2001;Catllar, el;total;homes;població;;1327
2001;Catllar, el;total;dones;població;;1217
2001;Catllar, el;total;total;població;;2544
2001;Cava;total;homes;població;;34
2001;Cava;total;dones;població;;25
2001;Cava;total;total;població;;59
2001;Cellera de Ter, la;total;homes;població;;1035
2001;Cellera de Ter, la;total;dones;població;;1020
2001;Cellera de Ter, la;total;total;població;;2055
2001;Celrà;total;homes;població;;1353
2001;Celrà;total;dones;població;;1409
2001;Celrà;total;total;població;;2762
2001;Centelles;total;homes;població;;2877
2001;Centelles;total;dones;població;;2949
2001;Centelles;total;total;població;;5826
2001;Cercs;total;homes;població;;727
2001;Cercs;total;dones;població;;712
2001;Cercs;total;total;població;;1439
2001;Cerdanyola del Vallès;total;homes;població;;26787
2001;Cerdanyola del Vallès;total;dones;població;;26694
2001;Cerdanyola del Vallès;total;total;població;;53481
2001;Cervelló;total;homes;població;;3175
2001;Cervelló;total;dones;població;;3120
2001;Cervelló;total;total;població;;6295
2001;Cervera;total;homes;població;;3823
2001;Cervera;total;dones;població;;3884
2001;Cervera;total;total;població;;7707
2001;Cervià de les Garrigues;total;homes;població;;441
2001;Cervià de les Garrigues;total;dones;població;;416
2001;Cervià de les Garrigues;total;total;població;;857
2001;Cervià de Ter;total;homes;població;;303
2001;Cervià de Ter;total;dones;població;;298
2001;Cervià de Ter;total;total;població;;601
2001;Cistella;total;homes;població;;110
2001;Cistella;total;dones;població;;110
2001;Cistella;total;total;població;;220
2001;Ciutadilla;total;homes;població;;110
2001;Ciutadilla;total;dones;població;;105
2001;Ciutadilla;total;total;població;;215
2001;Clariana de Cardener;total;homes;població;;74
2001;Clariana de Cardener;total;dones;població;;70
2001;Clariana de Cardener;total;total;població;;144
2001;Cogul, el;total;homes;població;;122
2001;Cogul, el;total;dones;població;;103
2001;Cogul, el;total;total;població;;225
2001;Colera;total;homes;població;;291
2001;Colera;total;dones;població;;278
2001;Colera;total;total;població;;569
2001;Coll de Nargó;total;homes;població;;319
2001;Coll de Nargó;total;dones;població;;282
2001;Coll de Nargó;total;total;població;;601
2001;Collbató;total;homes;població;;1225
2001;Collbató;total;dones;població;;1061
2001;Collbató;total;total;població;;2286
2001;Colldejou;total;homes;població;;108
2001;Colldejou;total;dones;població;;86
2001;Colldejou;total;total;població;;194
2001;Collsuspina;total;homes;població;;134
2001;Collsuspina;total;dones;població;;116
2001;Collsuspina;total;total;població;;250
2001;Colomers;total;homes;població;;102
2001;Colomers;total;dones;població;;98
2001;Colomers;total;total;població;;200
2001;Coma i la Pedra, la;total;homes;població;;148
2001;Coma i la Pedra, la;total;dones;població;;98
2001;Coma i la Pedra, la;total;total;població;;246
2001;Conca de Dalt;total;homes;població;;216
2001;Conca de Dalt;total;dones;població;;208
2001;Conca de Dalt;total;total;població;;424
2001;Conesa;total;homes;població;;63
2001;Conesa;total;dones;població;;53
2001;Conesa;total;total;població;;116
2001;Constantí;total;homes;població;;2602
2001;Constantí;total;dones;població;;2405
2001;Constantí;total;total;població;;5007
2001;Copons;total;homes;població;;138
2001;Copons;total;dones;població;;150
2001;Copons;total;total;població;;288
2001;Corbera d'Ebre;total;homes;població;;552
2001;Corbera d'Ebre;total;dones;població;;505
2001;Corbera d'Ebre;total;total;població;;1057
2001;Corbera de Llobregat;total;homes;població;;4904
2001;Corbera de Llobregat;total;dones;població;;4669
2001;Corbera de Llobregat;total;total;població;;9573
2001;Corbins;total;homes;població;;556
2001;Corbins;total;dones;població;;526
2001;Corbins;total;total;població;;1082
2001;Corçà;total;homes;població;;590
2001;Corçà;total;dones;població;;583
2001;Corçà;total;total;població;;1173
2001;Cornellà de Llobregat;total;homes;població;;39926
2001;Cornellà de Llobregat;total;dones;població;;41219
2001;Cornellà de Llobregat;total;total;població;;81145
2001;Cornellà del Terri;total;homes;població;;939
2001;Cornellà del Terri;total;dones;població;;943
2001;Cornellà del Terri;total;total;població;;1882
2001;Cornudella de Montsant;total;homes;població;;437
2001;Cornudella de Montsant;total;dones;població;;423
2001;Cornudella de Montsant;total;total;població;;860
2001;Creixell;total;homes;població;;885
2001;Creixell;total;dones;població;;900
2001;Creixell;total;total;població;;1785
2001;Crespià;total;homes;població;;105
2001;Crespià;total;dones;població;;119
2001;Crespià;total;total;població;;224
2001;Cruïlles, Monells i Sant Sadurní de l'Heura;total;homes;població;;556
2001;Cruïlles, Monells i Sant Sadurní de l'Heura;total;dones;població;;554
2001;Cruïlles, Monells i Sant Sadurní de l'Heura;total;total;població;;1110
2001;Cubelles;total;homes;població;;3580
2001;Cubelles;total;dones;població;;3448
2001;Cubelles;total;total;població;;7028
2001;Cubells;total;homes;població;;187
2001;Cubells;total;dones;població;;186
2001;Cubells;total;total;població;;373
2001;Cunit;total;homes;població;;3279
2001;Cunit;total;dones;població;;3081
2001;Cunit;total;total;població;;6360
2001;Darnius;total;homes;població;;278
2001;Darnius;total;dones;població;;244
2001;Darnius;total;total;població;;522
2001;Das;total;homes;població;;87
2001;Das;total;dones;població;;75
2001;Das;total;total;població;;162
2001;Deltebre;total;homes;població;;5228
2001;Deltebre;total;dones;població;;5153
2001;Deltebre;total;total;població;;10381
2001;Dosrius;total;homes;població;;1539
2001;Dosrius;total;dones;població;;1511
2001;Dosrius;total;total;població;;3050
2001;Duesaigües;total;homes;població;;119
2001;Duesaigües;total;dones;població;;81
2001;Duesaigües;total;total;població;;200
2001;Escala, l';total;homes;població;;3140
2001;Escala, l';total;dones;població;;3100
2001;Escala, l';total;total;població;;6240
2001;Esparreguera;total;homes;població;;9032
2001;Esparreguera;total;dones;població;;8792
2001;Esparreguera;total;total;població;;17824
2001;Espinelves;total;homes;població;;94
2001;Espinelves;total;dones;població;;91
2001;Espinelves;total;total;població;;185
2001;Espluga Calba, l';total;homes;població;;222
2001;Espluga Calba, l';total;dones;població;;197
2001;Espluga Calba, l';total;total;població;;419
2001;Espluga de Francolí, l';total;homes;població;;1798
2001;Espluga de Francolí, l';total;dones;població;;1838
2001;Espluga de Francolí, l';total;total;població;;3636
2001;Esplugues de Llobregat;total;homes;població;;22488
2001;Esplugues de Llobregat;total;dones;població;;23243
2001;Esplugues de Llobregat;total;total;població;;45731
2001;Espolla;total;homes;població;;189
2001;Espolla;total;dones;població;;186
2001;Espolla;total;total;població;;375
2001;Esponellà;total;homes;població;;192
2001;Esponellà;total;dones;població;;200
2001;Esponellà;total;total;població;;392
2001;Espot;total;homes;població;;167
2001;Espot;total;dones;població;;141
2001;Espot;total;total;població;;308
2001;Espunyola, l';total;homes;població;;132
2001;Espunyola, l';total;dones;població;;128
2001;Espunyola, l';total;total;població;;260
2001;Esquirol, l';total;homes;població;;1056
2001;Esquirol, l';total;dones;població;;1070
2001;Esquirol, l';total;total;població;;2126
2001;Estamariu;total;homes;població;;66
2001;Estamariu;total;dones;població;;58
2001;Estamariu;total;total;població;;124
2001;Estany, l';total;homes;població;;187
2001;Estany, l';total;dones;població;;204
2001;Estany, l';total;total;població;;391
2001;Estaràs;total;homes;població;;102
2001;Estaràs;total;dones;població;;88
2001;Estaràs;total;total;població;;190
2001;Esterri d'Àneu;total;homes;població;;321
2001;Esterri d'Àneu;total;dones;població;;337
2001;Esterri d'Àneu;total;total;població;;658
2001;Esterri de Cardós;total;homes;població;;40
2001;Esterri de Cardós;total;dones;població;;37
2001;Esterri de Cardós;total;total;població;;77
2001;Falset;total;homes;població;;1280
2001;Falset;total;dones;població;;1238
2001;Falset;total;total;població;;2518
2001;Far d'Empordà, el;total;homes;població;;200
2001;Far d'Empordà, el;total;dones;població;;187
2001;Far d'Empordà, el;total;total;població;;387
2001;Farrera;total;homes;població;;58
2001;Farrera;total;dones;població;;39
2001;Farrera;total;total;població;;97
2001;Fatarella, la;total;homes;població;;615
2001;Fatarella, la;total;dones;població;;613
2001;Fatarella, la;total;total;població;;1228
2001;Febró, la;total;homes;població;;42
2001;Febró, la;total;dones;població;;23
2001;Febró, la;total;total;població;;65
2001;Figaró-Montmany;total;homes;població;;470
2001;Figaró-Montmany;total;dones;població;;407
2001;Figaró-Montmany;total;total;població;;877
2001;Fígols;total;homes;població;;28
2001;Fígols;total;dones;població;;21
2001;Fígols;total;total;població;;49
2001;Fígols i Alinyà;total;homes;població;;158
2001;Fígols i Alinyà;total;dones;població;;131
2001;Fígols i Alinyà;total;total;població;;289
2001;Figuera, la;total;homes;població;;61
2001;Figuera, la;total;dones;població;;59
2001;Figuera, la;total;total;població;;120
2001;Figueres;total;homes;població;;16757
2001;Figueres;total;dones;població;;17736
2001;Figueres;total;total;població;;34493
2001;Figuerola del Camp;total;homes;població;;136
2001;Figuerola del Camp;total;dones;població;;152
2001;Figuerola del Camp;total;total;població;;288
2001;Flaçà;total;homes;població;;431
2001;Flaçà;total;dones;població;;431
2001;Flaçà;total;total;població;;862
2001;Flix;total;homes;població;;2063
2001;Flix;total;dones;població;;2059
2001;Flix;total;total;població;;4122
2001;Floresta, la;total;homes;població;;101
2001;Floresta, la;total;dones;població;;87
2001;Floresta, la;total;total;població;;188
2001;Fogars de la Selva;total;homes;població;;368
2001;Fogars de la Selva;total;dones;població;;338
2001;Fogars de la Selva;total;total;població;;706
2001;Fogars de Montclús;total;homes;població;;185
2001;Fogars de Montclús;total;dones;població;;159
2001;Fogars de Montclús;total;total;població;;344
2001;Foixà;total;homes;població;;156
2001;Foixà;total;dones;població;;161
2001;Foixà;total;total;població;;317
2001;Folgueroles;total;homes;població;;819
2001;Folgueroles;total;dones;població;;821
2001;Folgueroles;total;total;població;;1640
2001;Fondarella;total;homes;població;;341
2001;Fondarella;total;dones;població;;341
2001;Fondarella;total;total;població;;682
2001;Fonollosa;total;homes;població;;521
2001;Fonollosa;total;dones;població;;497
2001;Fonollosa;total;total;població;;1018
2001;Fontanals de Cerdanya;total;homes;població;;197
2001;Fontanals de Cerdanya;total;dones;població;;209
2001;Fontanals de Cerdanya;total;total;població;;406
2001;Fontanilles;total;homes;població;;79
2001;Fontanilles;total;dones;població;;62
2001;Fontanilles;total;total;població;;141
2001;Fontcoberta;total;homes;població;;550
2001;Fontcoberta;total;dones;població;;576
2001;Fontcoberta;total;total;població;;1126
2001;Font-rubí;total;homes;població;;650
2001;Font-rubí;total;dones;població;;599
2001;Font-rubí;total;total;població;;1249
2001;Foradada;total;homes;població;;117
2001;Foradada;total;dones;població;;82
2001;Foradada;total;total;població;;199
2001;Forallac;total;homes;població;;822
2001;Forallac;total;dones;població;;844
2001;Forallac;total;total;població;;1666
2001;Forès;total;homes;població;;33
2001;Forès;total;dones;població;;33
2001;Forès;total;total;població;;66
2001;Fornells de la Selva;total;homes;població;;751
2001;Fornells de la Selva;total;dones;població;;804
2001;Fornells de la Selva;total;total;població;;1555
2001;Fortià;total;homes;població;;255
2001;Fortià;total;dones;població;;274
2001;Fortià;total;total;població;;529
2001;Franqueses del Vallès, les;total;homes;població;;6483
2001;Franqueses del Vallès, les;total;dones;població;;6458
2001;Franqueses del Vallès, les;total;total;població;;12941
2001;Freginals;total;homes;població;;192
2001;Freginals;total;dones;població;;188
2001;Freginals;total;total;població;;380
2001;Fuliola, la;total;homes;població;;635
2001;Fuliola, la;total;dones;població;;616
2001;Fuliola, la;total;total;població;;1251
2001;Fulleda;total;homes;població;;62
2001;Fulleda;total;dones;població;;54
2001;Fulleda;total;total;població;;116
2001;Gaià;total;homes;població;;89
2001;Gaià;total;dones;població;;77
2001;Gaià;total;total;població;;166
2001;Galera, la;total;homes;població;;357
2001;Galera, la;total;dones;població;;372
2001;Galera, la;total;total;població;;729
2001;Gallifa;total;homes;població;;87
2001;Gallifa;total;dones;població;;75
2001;Gallifa;total;total;població;;162
2001;Gandesa;total;homes;població;;1319
2001;Gandesa;total;dones;població;;1310
2001;Gandesa;total;total;població;;2629
2001;Garcia;total;homes;població;;266
2001;Garcia;total;dones;població;;249
2001;Garcia;total;total;població;;515
2001;Garidells, els;total;homes;població;;82
2001;Garidells, els;total;dones;població;;78
2001;Garidells, els;total;total;població;;160
2001;Garriga, la;total;homes;població;;5782
2001;Garriga, la;total;dones;població;;6171
2001;Garriga, la;total;total;població;;11953
2001;Garrigàs;total;homes;població;;181
2001;Garrigàs;total;dones;població;;151
2001;Garrigàs;total;total;població;;332
2001;Garrigoles;total;homes;població;;80
2001;Garrigoles;total;dones;població;;67
2001;Garrigoles;total;total;població;;147
2001;Garriguella;total;homes;població;;368
2001;Garriguella;total;dones;població;;350
2001;Garriguella;total;total;població;;718
2001;Gavà;total;homes;població;;19751
2001;Gavà;total;dones;població;;19868
2001;Gavà;total;total;població;;39619
2001;Gavet de la Conca;total;homes;població;;158
2001;Gavet de la Conca;total;dones;població;;164
2001;Gavet de la Conca;total;total;població;;322
2001;Gelida;total;homes;població;;2254
2001;Gelida;total;dones;població;;2203
2001;Gelida;total;total;població;;4457
2001;Ger;total;homes;població;;208
2001;Ger;total;dones;població;;187
2001;Ger;total;total;població;;395
2001;Gimenells i el Pla de la Font;total;homes;població;;573
2001;Gimenells i el Pla de la Font;total;dones;població;;530
2001;Gimenells i el Pla de la Font;total;total;població;;1103
2001;Ginestar;total;homes;població;;423
2001;Ginestar;total;dones;població;;422
2001;Ginestar;total;total;població;;845
2001;Girona;total;homes;població;;36230
2001;Girona;total;dones;població;;39026
2001;Girona;total;total;població;;75256
2001;Gironella;total;homes;població;;2358
2001;Gironella;total;dones;població;;2517
2001;Gironella;total;total;població;;4875
2001;Gisclareny;total;homes;població;;13
2001;Gisclareny;total;dones;població;;12
2001;Gisclareny;total;total;població;;25
2001;Godall;total;homes;població;;369
2001;Godall;total;dones;població;;356
2001;Godall;total;total;població;;725
2001;Golmés;total;homes;població;;678
2001;Golmés;total;dones;població;;691
2001;Golmés;total;total;població;;1369
2001;Gombrèn;total;homes;població;;103
2001;Gombrèn;total;dones;població;;119
2001;Gombrèn;total;total;població;;222
2001;Gósol;total;homes;població;;124
2001;Gósol;total;dones;població;;104
2001;Gósol;total;total;població;;228
2001;Granada, la;total;homes;població;;665
2001;Granada, la;total;dones;població;;694
2001;Granada, la;total;total;població;;1359
2001;Granadella, la;total;homes;població;;419
2001;Granadella, la;total;dones;població;;387
2001;Granadella, la;total;total;població;;806
2001;Granera;total;homes;població;;40
2001;Granera;total;dones;població;;21
2001;Granera;total;total;població;;61
2001;Granja d'Escarp, la;total;homes;població;;586
2001;Granja d'Escarp, la;total;dones;població;;523
2001;Granja d'Escarp, la;total;total;població;;1109
2001;Granollers;total;homes;població;;26262
2001;Granollers;total;dones;població;;27419
2001;Granollers;total;total;població;;53681
2001;Granyanella;total;homes;població;;73
2001;Granyanella;total;dones;població;;70
2001;Granyanella;total;total;població;;143
2001;Granyena de les Garrigues;total;homes;població;;83
2001;Granyena de les Garrigues;total;dones;població;;82
2001;Granyena de les Garrigues;total;total;població;;165
2001;Granyena de Segarra;total;homes;població;;80
2001;Granyena de Segarra;total;dones;població;;75
2001;Granyena de Segarra;total;total;població;;155
2001;Gratallops;total;homes;població;;124
2001;Gratallops;total;dones;població;;109
2001;Gratallops;total;total;població;;233
2001;Gualba;total;homes;població;;411
2001;Gualba;total;dones;població;;388
2001;Gualba;total;total;població;;799
2001;Gualta;total;homes;població;;165
2001;Gualta;total;dones;població;;146
2001;Gualta;total;total;població;;311
2001;Guardiola de Berguedà;total;homes;població;;493
2001;Guardiola de Berguedà;total;dones;població;;475
2001;Guardiola de Berguedà;total;total;població;;968
2001;Guiamets, els;total;homes;població;;152
2001;Guiamets, els;total;dones;població;;149
2001;Guiamets, els;total;total;població;;301
2001;Guils de Cerdanya;total;homes;població;;164
2001;Guils de Cerdanya;total;dones;població;;162
2001;Guils de Cerdanya;total;total;població;;326
2001;Guimerà;total;homes;població;;198
2001;Guimerà;total;dones;població;;193
2001;Guimerà;total;total;població;;391
2001;Guingueta d'Àneu, la;total;homes;població;;172
2001;Guingueta d'Àneu, la;total;dones;població;;152
2001;Guingueta d'Àneu, la;total;total;població;;324
2001;Guissona;total;homes;població;;1752
2001;Guissona;total;dones;població;;1703
2001;Guissona;total;total;població;;3455
2001;Guixers;total;homes;població;;96
2001;Guixers;total;dones;població;;59
2001;Guixers;total;total;població;;155
2001;Gurb;total;homes;població;;989
2001;Gurb;total;dones;població;;948
2001;Gurb;total;total;població;;1937
2001;Horta de Sant Joan;total;homes;població;;652
2001;Horta de Sant Joan;total;dones;població;;584
2001;Horta de Sant Joan;total;total;població;;1236
2001;Hospitalet de Llobregat, l';total;homes;població;;118476
2001;Hospitalet de Llobregat, l';total;dones;població;;124004
2001;Hospitalet de Llobregat, l';total;total;població;;242480
2001;Hostalets de Pierola, els;total;homes;població;;696
2001;Hostalets de Pierola, els;total;dones;població;;641
2001;Hostalets de Pierola, els;total;total;població;;1337
2001;Hostalric;total;homes;població;;1425
2001;Hostalric;total;dones;població;;1490
2001;Hostalric;total;total;població;;2915
2001;Igualada;total;homes;població;;16014
2001;Igualada;total;dones;població;;16921
2001;Igualada;total;total;població;;32935
2001;Isona i Conca Dellà;total;homes;població;;644
2001;Isona i Conca Dellà;total;dones;població;;562
2001;Isona i Conca Dellà;total;total;població;;1206
2001;Isòvol;total;homes;població;;106
2001;Isòvol;total;dones;població;;90
2001;Isòvol;total;total;població;;196
2001;Ivars d'Urgell;total;homes;població;;929
2001;Ivars d'Urgell;total;dones;població;;850
2001;Ivars d'Urgell;total;total;població;;1779
2001;Ivars de Noguera;total;homes;població;;174
2001;Ivars de Noguera;total;dones;població;;165
2001;Ivars de Noguera;total;total;població;;339
2001;Ivorra;total;homes;població;;73
2001;Ivorra;total;dones;població;;79
2001;Ivorra;total;total;població;;152
2001;Jafre;total;homes;població;;158
2001;Jafre;total;dones;població;;154
2001;Jafre;total;total;població;;312
2001;Jonquera, la;total;homes;població;;1332
2001;Jonquera, la;total;dones;població;;1294
2001;Jonquera, la;total;total;població;;2626
2001;Jorba;total;homes;població;;284
2001;Jorba;total;dones;població;;309
2001;Jorba;total;total;població;;593
2001;Josa i Tuixén;total;homes;població;;85
2001;Josa i Tuixén;total;dones;població;;72
2001;Josa i Tuixén;total;total;població;;157
2001;Juià;total;homes;població;;124
2001;Juià;total;dones;població;;136
2001;Juià;total;total;població;;260
2001;Juncosa;total;homes;població;;365
2001;Juncosa;total;dones;població;;272
2001;Juncosa;total;total;població;;637
2001;Juneda;total;homes;població;;1484
2001;Juneda;total;dones;població;;1451
2001;Juneda;total;total;població;;2935
2001;Les;total;homes;població;;353
2001;Les;total;dones;població;;347
2001;Les;total;total;població;;700
2001;Linyola;total;homes;població;;1191
2001;Linyola;total;dones;població;;1205
2001;Linyola;total;total;població;;2396
2001;Llacuna, la;total;homes;població;;447
2001;Llacuna, la;total;dones;població;;405
2001;Llacuna, la;total;total;població;;852
2001;Lladó;total;homes;població;;264
2001;Lladó;total;dones;població;;257
2001;Lladó;total;total;població;;521
2001;Lladorre;total;homes;població;;118
2001;Lladorre;total;dones;població;;112
2001;Lladorre;total;total;població;;230
2001;Lladurs;total;homes;població;;124
2001;Lladurs;total;dones;població;;114
2001;Lladurs;total;total;població;;238
2001;Llagosta, la;total;homes;població;;6108
2001;Llagosta, la;total;dones;població;;6016
2001;Llagosta, la;total;total;població;;12124
2001;Llagostera;total;homes;població;;3015
2001;Llagostera;total;dones;població;;2895
2001;Llagostera;total;total;població;;5910
2001;Llambilles;total;homes;població;;222
2001;Llambilles;total;dones;població;;213
2001;Llambilles;total;total;població;;435
2001;Llanars;total;homes;població;;255
2001;Llanars;total;dones;població;;239
2001;Llanars;total;total;població;;494
2001;Llançà;total;homes;població;;2029
2001;Llançà;total;dones;població;;2049
2001;Llançà;total;total;població;;4078
2001;Llardecans;total;homes;població;;318
2001;Llardecans;total;dones;població;;302
2001;Llardecans;total;total;població;;620
2001;Llavorsí;total;homes;població;;139
2001;Llavorsí;total;dones;població;;142
2001;Llavorsí;total;total;població;;281
2001;Lleida;total;homes;població;;55045
2001;Lleida;total;dones;població;;57995
2001;Lleida;total;total;població;;113040
2001;Llers;total;homes;població;;509
2001;Llers;total;dones;població;;500
2001;Llers;total;total;població;;1009
2001;Lles de Cerdanya;total;homes;població;;156
2001;Lles de Cerdanya;total;dones;població;;121
2001;Lles de Cerdanya;total;total;població;;277
2001;Lliçà d'Amunt;total;homes;població;;5279
2001;Lliçà d'Amunt;total;dones;població;;4930
2001;Lliçà d'Amunt;total;total;població;;10209
2001;Lliçà de Vall;total;homes;població;;2681
2001;Lliçà de Vall;total;dones;població;;2555
2001;Lliçà de Vall;total;total;població;;5236
2001;Llimiana;total;homes;població;;77
2001;Llimiana;total;dones;població;;65
2001;Llimiana;total;total;població;;142
2001;Llinars del Vallès;total;homes;població;;3600
2001;Llinars del Vallès;total;dones;població;;3535
2001;Llinars del Vallès;total;total;població;;7135
2001;Llívia;total;homes;població;;568
2001;Llívia;total;dones;població;;498
2001;Llívia;total;total;població;;1066
2001;Lloar, el;total;homes;població;;59
2001;Lloar, el;total;dones;població;;57
2001;Lloar, el;total;total;població;;116
2001;Llobera;total;homes;població;;123
2001;Llobera;total;dones;població;;112
2001;Llobera;total;total;població;;235
2001;Llorac;total;homes;població;;63
2001;Llorac;total;dones;població;;66
2001;Llorac;total;total;població;;129
2001;Llorenç del Penedès;total;homes;població;;791
2001;Llorenç del Penedès;total;dones;població;;856
2001;Llorenç del Penedès;total;total;població;;1647
2001;Lloret de Mar;total;homes;població;;10924
2001;Lloret de Mar;total;dones;població;;10665
2001;Lloret de Mar;total;total;població;;21589
2001;Llosses, les;total;homes;població;;147
2001;Llosses, les;total;dones;població;;124
2001;Llosses, les;total;total;població;;271
2001;Lluçà;total;homes;població;;158
2001;Lluçà;total;dones;població;;125
2001;Lluçà;total;total;població;;283
2001;Maçanet de Cabrenys;total;homes;població;;344
2001;Maçanet de Cabrenys;total;dones;població;;328
2001;Maçanet de Cabrenys;total;total;població;;672
2001;Maçanet de la Selva;total;homes;població;;2034
2001;Maçanet de la Selva;total;dones;població;;1939
2001;Maçanet de la Selva;total;total;població;;3973
2001;Madremanya;total;homes;població;;88
2001;Madremanya;total;dones;població;;106
2001;Madremanya;total;total;població;;194
2001;Maià de Montcal;total;homes;població;;164
2001;Maià de Montcal;total;dones;població;;160
2001;Maià de Montcal;total;total;població;;324
2001;Maials;total;homes;població;;489
2001;Maials;total;dones;població;;489
2001;Maials;total;total;població;;978
2001;Maldà;total;homes;població;;145
2001;Maldà;total;dones;població;;131
2001;Maldà;total;total;població;;276
2001;Malgrat de Mar;total;homes;població;;7114
2001;Malgrat de Mar;total;dones;població;;7132
2001;Malgrat de Mar;total;total;població;;14246
2001;Malla;total;homes;població;;115
2001;Malla;total;dones;població;;137
2001;Malla;total;total;població;;252
2001;Manlleu;total;homes;població;;9018
2001;Manlleu;total;dones;població;;8854
2001;Manlleu;total;total;població;;17872
2001;Manresa;total;homes;població;;30850
2001;Manresa;total;dones;població;;33079
2001;Manresa;total;total;població;;63929
2001;Marçà;total;homes;població;;295
2001;Marçà;total;dones;població;;308
2001;Marçà;total;total;població;;603
2001;Margalef;total;homes;població;;66
2001;Margalef;total;dones;població;;63
2001;Margalef;total;total;població;;129
2001;Marganell;total;homes;població;;102
2001;Marganell;total;dones;població;;141
2001;Marganell;total;total;població;;243
2001;Martorell;total;homes;població;;11429
2001;Martorell;total;dones;població;;11108
2001;Martorell;total;total;població;;22537
2001;Martorelles;total;homes;població;;2476
2001;Martorelles;total;dones;població;;2466
2001;Martorelles;total;total;població;;4942
2001;Mas de Barberans;total;homes;població;;356
2001;Mas de Barberans;total;dones;població;;341
2001;Mas de Barberans;total;total;població;;697
2001;Masarac i Vilarnadal;total;homes;població;;118
2001;Masarac i Vilarnadal;total;dones;població;;122
2001;Masarac i Vilarnadal;total;total;població;;240
2001;Masdenverge;total;homes;població;;520
2001;Masdenverge;total;dones;població;;484
2001;Masdenverge;total;total;població;;1004
2001;Masies de Roda, les;total;homes;població;;336
2001;Masies de Roda, les;total;dones;població;;334
2001;Masies de Roda, les;total;total;població;;670
2001;Masies de Voltregà, les;total;homes;població;;1347
2001;Masies de Voltregà, les;total;dones;població;;1437
2001;Masies de Voltregà, les;total;total;població;;2784
2001;Masllorenç;total;homes;població;;224
2001;Masllorenç;total;dones;població;;219
2001;Masllorenç;total;total;població;;443
2001;Masnou, el;total;homes;població;;10243
2001;Masnou, el;total;dones;població;;10878
2001;Masnou, el;total;total;població;;21121
2001;Masó, la;total;homes;població;;135
2001;Masó, la;total;dones;població;;142
2001;Masó, la;total;total;població;;277
2001;Maspujols;total;homes;població;;253
2001;Maspujols;total;dones;població;;229
2001;Maspujols;total;total;població;;482
2001;Masquefa;total;homes;població;;2671
2001;Masquefa;total;dones;població;;2539
2001;Masquefa;total;total;població;;5210
2001;Masroig, el;total;homes;població;;252
2001;Masroig, el;total;dones;població;;263
2001;Masroig, el;total;total;població;;515
2001;Massalcoreig;total;homes;població;;303
2001;Massalcoreig;total;dones;població;;321
2001;Massalcoreig;total;total;població;;624
2001;Massanes;total;homes;població;;297
2001;Massanes;total;dones;població;;252
2001;Massanes;total;total;població;;549
2001;Massoteres;total;homes;població;;94
2001;Massoteres;total;dones;població;;88
2001;Massoteres;total;total;població;;182
2001;Matadepera;total;homes;població;;3609
2001;Matadepera;total;dones;població;;3588
2001;Matadepera;total;total;població;;7197
2001;Mataró;total;homes;població;;52974
2001;Mataró;total;dones;població;;54217
2001;Mataró;total;total;població;;107191
2001;Mediona;total;homes;població;;762
2001;Mediona;total;dones;població;;703
2001;Mediona;total;total;població;;1465
2001;Menàrguens;total;homes;població;;416
2001;Menàrguens;total;dones;població;;399
2001;Menàrguens;total;total;població;;815
2001;Meranges;total;homes;població;;50
2001;Meranges;total;dones;població;;33
2001;Meranges;total;total;població;;83
2001;Mieres;total;homes;població;;173
2001;Mieres;total;dones;població;;160
2001;Mieres;total;total;població;;333
2001;Milà, el;total;homes;població;;79
2001;Milà, el;total;dones;població;;88
2001;Milà, el;total;total;població;;167
2001;Miralcamp;total;homes;població;;593
2001;Miralcamp;total;dones;població;;637
2001;Miralcamp;total;total;població;;1230
2001;Miravet;total;homes;població;;416
2001;Miravet;total;dones;població;;366
2001;Miravet;total;total;població;;782
2001;Moià;total;homes;població;;2016
2001;Moià;total;dones;població;;2073
2001;Moià;total;total;població;;4089
2001;Molar, el;total;homes;població;;151
2001;Molar, el;total;dones;població;;140
2001;Molar, el;total;total;població;;291
2001;Molins de Rei;total;homes;població;;9926
2001;Molins de Rei;total;dones;població;;10272
2001;Molins de Rei;total;total;població;;20198
2001;Mollerussa;total;homes;població;;4887
2001;Mollerussa;total;dones;població;;4977
2001;Mollerussa;total;total;població;;9864
2001;Mollet de Peralada;total;homes;població;;101
2001;Mollet de Peralada;total;dones;població;;86
2001;Mollet de Peralada;total;total;població;;187
2001;Mollet del Vallès;total;homes;població;;23472
2001;Mollet del Vallès;total;dones;població;;23425
2001;Mollet del Vallès;total;total;població;;46897
2001;Molló;total;homes;població;;172
2001;Molló;total;dones;població;;163
2001;Molló;total;total;població;;335
2001;Molsosa, la;total;homes;població;;65
2001;Molsosa, la;total;dones;població;;64
2001;Molsosa, la;total;total;població;;129
2001;Monistrol de Calders;total;homes;població;;301
2001;Monistrol de Calders;total;dones;població;;306
2001;Monistrol de Calders;total;total;població;;607
2001;Monistrol de Montserrat;total;homes;població;;1309
2001;Monistrol de Montserrat;total;dones;població;;1250
2001;Monistrol de Montserrat;total;total;població;;2559
2001;Montagut i Oix;total;homes;població;;403
2001;Montagut i Oix;total;dones;població;;381
2001;Montagut i Oix;total;total;població;;784
2001;Montblanc;total;homes;població;;3045
2001;Montblanc;total;dones;població;;3087
2001;Montblanc;total;total;població;;6132
2001;Montbrió del Camp;total;homes;població;;772
2001;Montbrió del Camp;total;dones;població;;747
2001;Montbrió del Camp;total;total;població;;1519
2001;Montcada i Reixac;total;homes;població;;14159
2001;Montcada i Reixac;total;dones;població;;14555
2001;Montcada i Reixac;total;total;població;;28714
2001;Montclar;total;homes;població;;62
2001;Montclar;total;dones;població;;58
2001;Montclar;total;total;població;;120
2001;Montellà i Martinet;total;homes;població;;269
2001;Montellà i Martinet;total;dones;població;;235
2001;Montellà i Martinet;total;total;població;;504
2001;Montesquiu;total;homes;població;;413
2001;Montesquiu;total;dones;població;;421
2001;Montesquiu;total;total;població;;834
2001;Montferrer i Castellbò;total;homes;població;;412
2001;Montferrer i Castellbò;total;dones;població;;341
2001;Montferrer i Castellbò;total;total;població;;753
2001;Montferri;total;homes;població;;81
2001;Montferri;total;dones;població;;66
2001;Montferri;total;total;població;;147
2001;Montgai;total;homes;població;;402
2001;Montgai;total;dones;població;;388
2001;Montgai;total;total;població;;790
2001;Montgat;total;homes;població;;4176
2001;Montgat;total;dones;població;;4247
2001;Montgat;total;total;població;;8423
2001;Montmajor;total;homes;població;;241
2001;Montmajor;total;dones;població;;218
2001;Montmajor;total;total;població;;459
2001;Montmaneu;total;homes;població;;100
2001;Montmaneu;total;dones;població;;90
2001;Montmaneu;total;total;població;;190
2001;Montmell, el;total;homes;població;;213
2001;Montmell, el;total;dones;població;;173
2001;Montmell, el;total;total;població;;386
2001;Montmeló;total;homes;població;;4316
2001;Montmeló;total;dones;població;;4297
2001;Montmeló;total;total;població;;8613
2001;Montoliu de Lleida;total;homes;població;;231
2001;Montoliu de Lleida;total;dones;població;;238
2001;Montoliu de Lleida;total;total;població;;469
2001;Montoliu de Segarra;total;homes;població;;109
2001;Montoliu de Segarra;total;dones;població;;84
2001;Montoliu de Segarra;total;total;població;;193
2001;Montornès de Segarra;total;homes;població;;49
2001;Montornès de Segarra;total;dones;població;;57
2001;Montornès de Segarra;total;total;població;;106
2001;Montornès del Vallès;total;homes;població;;6476
2001;Montornès del Vallès;total;dones;població;;6295
2001;Montornès del Vallès;total;total;població;;12771
2001;Mont-ral;total;homes;població;;95
2001;Mont-ral;total;dones;població;;74
2001;Mont-ral;total;total;població;;169
2001;Mont-ras;total;homes;població;;887
2001;Mont-ras;total;dones;població;;788
2001;Mont-ras;total;total;població;;1675
2001;Mont-roig del Camp;total;homes;població;;3562
2001;Mont-roig del Camp;total;dones;població;;3403
2001;Mont-roig del Camp;total;total;població;;6965
2001;Montseny;total;homes;població;;150
2001;Montseny;total;dones;població;;141
2001;Montseny;total;total;població;;291
2001;Móra d'Ebre;total;homes;població;;2365
2001;Móra d'Ebre;total;dones;població;;2423
2001;Móra d'Ebre;total;total;població;;4788
2001;Móra la Nova;total;homes;població;;1355
2001;Móra la Nova;total;dones;població;;1360
2001;Móra la Nova;total;total;població;;2715
2001;Morell, el;total;homes;població;;1176
2001;Morell, el;total;dones;població;;1151
2001;Morell, el;total;total;població;;2327
2001;Morera de Montsant, la;total;homes;població;;95
2001;Morera de Montsant, la;total;dones;població;;75
2001;Morera de Montsant, la;total;total;població;;170
2001;Muntanyola;total;homes;població;;181
2001;Muntanyola;total;dones;població;;148
2001;Muntanyola;total;total;població;;329
2001;Mura;total;homes;població;;122
2001;Mura;total;dones;població;;99
2001;Mura;total;total;població;;221
2001;Nalec;total;homes;població;;48
2001;Nalec;total;dones;població;;54
2001;Nalec;total;total;població;;102
2001;Naut Aran;total;homes;població;;785
2001;Naut Aran;total;dones;població;;713
2001;Naut Aran;total;total;població;;1498
2001;Navarcles;total;homes;població;;2668
2001;Navarcles;total;dones;població;;2695
2001;Navarcles;total;total;població;;5363
2001;Navàs;total;homes;població;;2777
2001;Navàs;total;dones;població;;2803
2001;Navàs;total;total;població;;5580
2001;Navata;total;homes;població;;358
2001;Navata;total;dones;població;;362
2001;Navata;total;total;població;;720
2001;Navès;total;homes;població;;132
2001;Navès;total;dones;població;;135
2001;Navès;total;total;població;;267
2001;Nou de Berguedà, la;total;homes;població;;85
2001;Nou de Berguedà, la;total;dones;població;;75
2001;Nou de Berguedà, la;total;total;població;;160
2001;Nou de Gaià, la;total;homes;població;;198
2001;Nou de Gaià, la;total;dones;població;;193
2001;Nou de Gaià, la;total;total;població;;391
2001;Nulles;total;homes;població;;167
2001;Nulles;total;dones;població;;191
2001;Nulles;total;total;població;;358
2001;Odèn;total;homes;població;;157
2001;Odèn;total;dones;població;;123
2001;Odèn;total;total;població;;280
2001;Òdena;total;homes;població;;1341
2001;Òdena;total;dones;població;;1356
2001;Òdena;total;total;població;;2697
2001;Ogassa;total;homes;població;;142
2001;Ogassa;total;dones;població;;100
2001;Ogassa;total;total;població;;242
2001;Olèrdola;total;homes;població;;1197
2001;Olèrdola;total;dones;població;;1129
2001;Olèrdola;total;total;població;;2326
2001;Olesa de Bonesvalls;total;homes;població;;549
2001;Olesa de Bonesvalls;total;dones;població;;466
2001;Olesa de Bonesvalls;total;total;població;;1015
2001;Olesa de Montserrat;total;homes;població;;8988
2001;Olesa de Montserrat;total;dones;població;;8780
2001;Olesa de Montserrat;total;total;població;;17768
2001;Oliana;total;homes;població;;938
2001;Oliana;total;dones;població;;918
2001;Oliana;total;total;població;;1856
2001;Oliola;total;homes;població;;117
2001;Oliola;total;dones;població;;100
2001;Oliola;total;total;població;;217
2001;Olius;total;homes;població;;284
2001;Olius;total;dones;població;;280
2001;Olius;total;total;població;;564
2001;Olivella;total;homes;població;;768
2001;Olivella;total;dones;població;;675
2001;Olivella;total;total;població;;1443
2001;Olost;total;homes;població;;581
2001;Olost;total;dones;població;;596
2001;Olost;total;total;població;;1177
2001;Olot;total;homes;població;;13757
2001;Olot;total;dones;població;;14582
2001;Olot;total;total;població;;28339
2001;Oluges, les;total;homes;població;;96
2001;Oluges, les;total;dones;població;;93
2001;Oluges, les;total;total;població;;189
2001;Olvan;total;homes;població;;432
2001;Olvan;total;dones;població;;459
2001;Olvan;total;total;població;;891
2001;Omellons, els;total;homes;població;;134
2001;Omellons, els;total;dones;població;;124
2001;Omellons, els;total;total;població;;258
2001;Omells de na Gaia, els;total;homes;població;;80
2001;Omells de na Gaia, els;total;dones;població;;68
2001;Omells de na Gaia, els;total;total;població;;148
2001;Ordis;total;homes;població;;146
2001;Ordis;total;dones;població;;131
2001;Ordis;total;total;població;;277
2001;Organyà;total;homes;població;;505
2001;Organyà;total;dones;població;;484
2001;Organyà;total;total;població;;989
2001;Orís;total;homes;població;;114
2001;Orís;total;dones;població;;116
2001;Orís;total;total;població;;230
2001;Oristà;total;homes;població;;311
2001;Oristà;total;dones;població;;328
2001;Oristà;total;total;població;;639
2001;Orpí;total;homes;població;;80
2001;Orpí;total;dones;població;;66
2001;Orpí;total;total;població;;146
2001;Òrrius;total;homes;població;;208
2001;Òrrius;total;dones;població;;189
2001;Òrrius;total;total;població;;397
2001;Os de Balaguer;total;homes;població;;402
2001;Os de Balaguer;total;dones;població;;369
2001;Os de Balaguer;total;total;població;;771
2001;Osor;total;homes;població;;248
2001;Osor;total;dones;població;;213
2001;Osor;total;total;població;;461
2001;Ossó de Sió;total;homes;població;;118
2001;Ossó de Sió;total;dones;població;;111
2001;Ossó de Sió;total;total;població;;229
2001;Pacs del Penedès;total;homes;població;;347
2001;Pacs del Penedès;total;dones;població;;347
2001;Pacs del Penedès;total;total;població;;694
2001;Palafolls;total;homes;població;;2843
2001;Palafolls;total;dones;població;;2795
2001;Palafolls;total;total;població;;5638
2001;Palafrugell;total;homes;població;;9414
2001;Palafrugell;total;dones;població;;9174
2001;Palafrugell;total;total;població;;18588
2001;Palamós;total;homes;població;;7534
2001;Palamós;total;dones;població;;7669
2001;Palamós;total;total;població;;15203
2001;Palau d'Anglesola, el;total;homes;població;;849
2001;Palau d'Anglesola, el;total;dones;població;;855
2001;Palau d'Anglesola, el;total;total;població;;1704
2001;Palau de Santa Eulàlia;total;homes;població;;53
2001;Palau de Santa Eulàlia;total;dones;població;;36
2001;Palau de Santa Eulàlia;total;total;població;;89
2001;Palau-sator;total;homes;població;;155
2001;Palau-sator;total;dones;població;;144
2001;Palau-sator;total;total;població;;299
2001;Palau-saverdera;total;homes;població;;474
2001;Palau-saverdera;total;dones;població;;471
2001;Palau-saverdera;total;total;població;;945
2001;Palau-solità i Plegamans;total;homes;població;;5827
2001;Palau-solità i Plegamans;total;dones;població;;5592
2001;Palau-solità i Plegamans;total;total;població;;11419
2001;Pallaresos, els;total;homes;població;;1383
2001;Pallaresos, els;total;dones;població;;1281
2001;Pallaresos, els;total;total;població;;2664
2001;Pallejà;total;homes;població;;3915
2001;Pallejà;total;dones;població;;3836
2001;Pallejà;total;total;població;;7751
2001;Palma d'Ebre, la;total;homes;població;;199
2001;Palma d'Ebre, la;total;dones;població;;221
2001;Palma d'Ebre, la;total;total;població;;420
2001;Palma de Cervelló, la;total;homes;població;;1361
2001;Palma de Cervelló, la;total;dones;població;;1318
2001;Palma de Cervelló, la;total;total;població;;2679
2001;Palol de Revardit;total;homes;població;;204
2001;Palol de Revardit;total;dones;població;;185
2001;Palol de Revardit;total;total;població;;389
2001;Pals;total;homes;població;;1008
2001;Pals;total;dones;població;;968
2001;Pals;total;total;població;;1976
2001;Papiol, el;total;homes;població;;1708
2001;Papiol, el;total;dones;població;;1727
2001;Papiol, el;total;total;població;;3435
2001;Pardines;total;homes;població;;73
2001;Pardines;total;dones;població;;70
2001;Pardines;total;total;població;;143
2001;Parets del Vallès;total;homes;població;;7591
2001;Parets del Vallès;total;dones;població;;7326
2001;Parets del Vallès;total;total;població;;14917
2001;Parlavà;total;homes;població;;171
2001;Parlavà;total;dones;població;;166
2001;Parlavà;total;total;població;;337
2001;Passanant i Belltall;total;homes;població;;110
2001;Passanant i Belltall;total;dones;població;;79
2001;Passanant i Belltall;total;total;població;;189
2001;Pau;total;homes;població;;219
2001;Pau;total;dones;població;;221
2001;Pau;total;total;població;;440
2001;Paüls;total;homes;població;;319
2001;Paüls;total;dones;població;;312
2001;Paüls;total;total;població;;631
2001;Pedret i Marzà;total;homes;població;;68
2001;Pedret i Marzà;total;dones;població;;63
2001;Pedret i Marzà;total;total;població;;131
2001;Penelles;total;homes;població;;282
2001;Penelles;total;dones;població;;241
2001;Penelles;total;total;població;;523
2001;Pera, la;total;homes;població;;192
2001;Pera, la;total;dones;població;;184
2001;Pera, la;total;total;població;;376
2001;Perafita;total;homes;població;;178
2001;Perafita;total;dones;població;;184
2001;Perafita;total;total;població;;362
2001;Perafort;total;homes;població;;331
2001;Perafort;total;dones;població;;327
2001;Perafort;total;total;població;;658
2001;Peralada;total;homes;població;;681
2001;Peralada;total;dones;població;;654
2001;Peralada;total;total;població;;1335
2001;Peramola;total;homes;població;;204
2001;Peramola;total;dones;població;;177
2001;Peramola;total;total;població;;381
2001;Perelló, el;total;homes;població;;1119
2001;Perelló, el;total;dones;població;;1035
2001;Perelló, el;total;total;població;;2154
2001;Piera;total;homes;població;;4714
2001;Piera;total;dones;població;;4466
2001;Piera;total;total;població;;9180
2001;Piles, les;total;homes;població;;100
2001;Piles, les;total;dones;població;;85
2001;Piles, les;total;total;població;;185
2001;Pineda de Mar;total;homes;població;;10486
2001;Pineda de Mar;total;dones;població;;10385
2001;Pineda de Mar;total;total;població;;20871
2001;Pinell de Brai, el;total;homes;població;;544
2001;Pinell de Brai, el;total;dones;població;;528
2001;Pinell de Brai, el;total;total;població;;1072
2001;Pinell de Solsonès;total;homes;població;;115
2001;Pinell de Solsonès;total;dones;població;;100
2001;Pinell de Solsonès;total;total;població;;215
2001;Pinós;total;homes;població;;163
2001;Pinós;total;dones;població;;149
2001;Pinós;total;total;població;;312
2001;Pira;total;homes;població;;194
2001;Pira;total;dones;població;;202
2001;Pira;total;total;població;;396
2001;Pla de Santa Maria, el;total;homes;població;;875
2001;Pla de Santa Maria, el;total;dones;població;;810
2001;Pla de Santa Maria, el;total;total;població;;1685
2001;Pla del Penedès, el;total;homes;població;;446
2001;Pla del Penedès, el;total;dones;població;;449
2001;Pla del Penedès, el;total;total;població;;895
2001;Planes d'Hostoles, les;total;homes;població;;879
2001;Planes d'Hostoles, les;total;dones;població;;889
2001;Planes d'Hostoles, les;total;total;població;;1768
2001;Planoles;total;homes;població;;153
2001;Planoles;total;dones;població;;131
2001;Planoles;total;total;població;;284
2001;Plans de Sió, els;total;homes;població;;303
2001;Plans de Sió, els;total;dones;població;;275
2001;Plans de Sió, els;total;total;població;;578
2001;Poal, el;total;homes;població;;339
2001;Poal, el;total;dones;població;;295
2001;Poal, el;total;total;població;;634
2001;Pobla de Cérvoles, la;total;homes;població;;121
2001;Pobla de Cérvoles, la;total;dones;població;;97
2001;Pobla de Cérvoles, la;total;total;població;;218
2001;Pobla de Claramunt, la;total;homes;població;;880
2001;Pobla de Claramunt, la;total;dones;població;;832
2001;Pobla de Claramunt, la;total;total;població;;1712
2001;Pobla de Lillet, la;total;homes;població;;683
2001;Pobla de Lillet, la;total;dones;població;;710
2001;Pobla de Lillet, la;total;total;població;;1393
2001;Pobla de Mafumet, la;total;homes;població;;571
2001;Pobla de Mafumet, la;total;dones;població;;576
2001;Pobla de Mafumet, la;total;total;població;;1147
2001;Pobla de Massaluca, la;total;homes;població;;228
2001;Pobla de Massaluca, la;total;dones;població;;211
2001;Pobla de Massaluca, la;total;total;població;;439
2001;Pobla de Montornès, la;total;homes;població;;826
2001;Pobla de Montornès, la;total;dones;població;;669
2001;Pobla de Montornès, la;total;total;població;;1495
2001;Pobla de Segur, la;total;homes;població;;1364
2001;Pobla de Segur, la;total;dones;població;;1468
2001;Pobla de Segur, la;total;total;població;;2832
2001;Poboleda;total;homes;població;;172
2001;Poboleda;total;dones;població;;167
2001;Poboleda;total;total;població;;339
2001;Polinyà;total;homes;població;;2464
2001;Polinyà;total;dones;població;;2303
2001;Polinyà;total;total;població;;4767
2001;Pont d'Armentera, el;total;homes;població;;293
2001;Pont d'Armentera, el;total;dones;població;;272
2001;Pont d'Armentera, el;total;total;població;;565
2001;Pont de Bar, el;total;homes;població;;91
2001;Pont de Bar, el;total;dones;població;;72
2001;Pont de Bar, el;total;total;població;;163
2001;Pont de Molins;total;homes;població;;242
2001;Pont de Molins;total;dones;població;;214
2001;Pont de Molins;total;total;població;;456
2001;Pont de Suert, el;total;homes;població;;1083
2001;Pont de Suert, el;total;dones;població;;1067
2001;Pont de Suert, el;total;total;població;;2150
2001;Pont de Vilomara i Rocafort, el;total;homes;població;;1364
2001;Pont de Vilomara i Rocafort, el;total;dones;població;;1292
2001;Pont de Vilomara i Rocafort, el;total;total;població;;2656
2001;Pontils;total;homes;població;;73
2001;Pontils;total;dones;població;;74
2001;Pontils;total;total;població;;147
2001;Pontons;total;homes;població;;200
2001;Pontons;total;dones;població;;179
2001;Pontons;total;total;població;;379
2001;Pontós;total;homes;població;;128
2001;Pontós;total;dones;població;;99
2001;Pontós;total;total;població;;227
2001;Ponts;total;homes;població;;1221
2001;Ponts;total;dones;població;;1208
2001;Ponts;total;total;població;;2429
2001;Porqueres;total;homes;població;;1827
2001;Porqueres;total;dones;població;;1900
2001;Porqueres;total;total;població;;3727
2001;Porrera;total;homes;població;;253
2001;Porrera;total;dones;població;;214
2001;Porrera;total;total;població;;467
2001;Port de la Selva, el;total;homes;població;;437
2001;Port de la Selva, el;total;dones;població;;435
2001;Port de la Selva, el;total;total;població;;872
2001;Portbou;total;homes;població;;744
2001;Portbou;total;dones;població;;735
2001;Portbou;total;total;població;;1479
2001;Portella, la;total;homes;població;;311
2001;Portella, la;total;dones;població;;266
2001;Portella, la;total;total;població;;577
2001;Pradell de la Teixeta;total;homes;població;;96
2001;Pradell de la Teixeta;total;dones;població;;95
2001;Pradell de la Teixeta;total;total;població;;191
2001;Prades;total;homes;població;;285
2001;Prades;total;dones;població;;280
2001;Prades;total;total;població;;565
2001;Prat de Comte;total;homes;població;;87
2001;Prat de Comte;total;dones;població;;90
2001;Prat de Comte;total;total;població;;177
2001;Prat de Llobregat, el;total;homes;població;;31619
2001;Prat de Llobregat, el;total;dones;població;;31520
2001;Prat de Llobregat, el;total;total;població;;63139
2001;Pratdip;total;homes;població;;292
2001;Pratdip;total;dones;població;;287
2001;Pratdip;total;total;població;;579
2001;Prats de Lluçanès;total;homes;població;;1342
2001;Prats de Lluçanès;total;dones;població;;1387
2001;Prats de Lluçanès;total;total;població;;2729
2001;Prats de Rei, els;total;homes;població;;272
2001;Prats de Rei, els;total;dones;població;;273
2001;Prats de Rei, els;total;total;població;;545
2001;Prats i Sansor;total;homes;població;;121
2001;Prats i Sansor;total;dones;població;;93
2001;Prats i Sansor;total;total;població;;214
2001;Preixana;total;homes;població;;210
2001;Preixana;total;dones;població;;224
2001;Preixana;total;total;població;;434
2001;Preixens;total;homes;població;;253
2001;Preixens;total;dones;població;;284
2001;Preixens;total;total;població;;537
2001;Premià de Dalt;total;homes;població;;4571
2001;Premià de Dalt;total;dones;població;;4575
2001;Premià de Dalt;total;total;població;;9146
2001;Premià de Mar;total;homes;població;;13244
2001;Premià de Mar;total;dones;població;;13311
2001;Premià de Mar;total;total;població;;26555
2001;Preses, les;total;homes;població;;692
2001;Preses, les;total;dones;població;;727
2001;Preses, les;total;total;població;;1419
2001;Prullans;total;homes;població;;109
2001;Prullans;total;dones;població;;108
2001;Prullans;total;total;població;;217
2001;Puigcerdà;total;homes;població;;3731
2001;Puigcerdà;total;dones;població;;3532
2001;Puigcerdà;total;total;població;;7263
2001;Puigdàlber;total;homes;població;;160
2001;Puigdàlber;total;dones;població;;190
2001;Puigdàlber;total;total;població;;350
2001;Puiggròs;total;homes;població;;139
2001;Puiggròs;total;dones;població;;126
2001;Puiggròs;total;total;població;;265
2001;Puigpelat;total;homes;població;;293
2001;Puigpelat;total;dones;població;;287
2001;Puigpelat;total;total;població;;580
2001;Puig-reig;total;homes;població;;2059
2001;Puig-reig;total;dones;població;;2216
2001;Puig-reig;total;total;població;;4275
2001;Puigverd d'Agramunt;total;homes;població;;135
2001;Puigverd d'Agramunt;total;dones;població;;110
2001;Puigverd d'Agramunt;total;total;població;;245
2001;Puigverd de Lleida;total;homes;població;;531
2001;Puigverd de Lleida;total;dones;població;;544
2001;Puigverd de Lleida;total;total;població;;1075
2001;Pujalt;total;homes;població;;90
2001;Pujalt;total;dones;població;;87
2001;Pujalt;total;total;població;;177
2001;Quar, la;total;homes;població;;42
2001;Quar, la;total;dones;població;;34
2001;Quar, la;total;total;població;;76
2001;Quart;total;homes;població;;1262
2001;Quart;total;dones;població;;1205
2001;Quart;total;total;població;;2467
2001;Queralbs;total;homes;població;;114
2001;Queralbs;total;dones;població;;86
2001;Queralbs;total;total;població;;200
2001;Querol;total;homes;població;;170
2001;Querol;total;dones;població;;128
2001;Querol;total;total;població;;298
2001;Rabós;total;homes;població;;70
2001;Rabós;total;dones;població;;74
2001;Rabós;total;total;població;;144
2001;Rajadell;total;homes;població;;219
2001;Rajadell;total;dones;població;;211
2001;Rajadell;total;total;població;;430
2001;Ràpita, la;total;homes;població;;5731
2001;Ràpita, la;total;dones;població;;5754
2001;Ràpita, la;total;total;població;;11485
2001;Rasquera;total;homes;població;;393
2001;Rasquera;total;dones;població;;382
2001;Rasquera;total;total;població;;775
2001;Regencós;total;homes;població;;169
2001;Regencós;total;dones;població;;122
2001;Regencós;total;total;població;;291
2001;Rellinars;total;homes;població;;217
2001;Rellinars;total;dones;població;;193
2001;Rellinars;total;total;població;;410
2001;Renau;total;homes;població;;31
2001;Renau;total;dones;població;;35
2001;Renau;total;total;població;;66
2001;Reus;total;homes;població;;44036
2001;Reus;total;dones;població;;46020
2001;Reus;total;total;població;;90056
2001;Rialp;total;homes;població;;274
2001;Rialp;total;dones;població;;245
2001;Rialp;total;total;població;;519
2001;Riba, la;total;homes;població;;366
2001;Riba, la;total;dones;població;;338
2001;Riba, la;total;total;població;;704
2001;Riba-roja d'Ebre;total;homes;població;;687
2001;Riba-roja d'Ebre;total;dones;població;;642
2001;Riba-roja d'Ebre;total;total;població;;1329
2001;Ribera d'Ondara;total;homes;població;;256
2001;Ribera d'Ondara;total;dones;població;;241
2001;Ribera d'Ondara;total;total;població;;497
2001;Ribera d'Urgellet;total;homes;població;;432
2001;Ribera d'Urgellet;total;dones;població;;388
2001;Ribera d'Urgellet;total;total;població;;820
2001;Ribes de Freser;total;homes;població;;1023
2001;Ribes de Freser;total;dones;població;;1081
2001;Ribes de Freser;total;total;població;;2104
2001;Riells i Viabrea;total;homes;població;;1131
2001;Riells i Viabrea;total;dones;població;;1029
2001;Riells i Viabrea;total;total;població;;2160
2001;Riera de Gaià, la;total;homes;població;;508
2001;Riera de Gaià, la;total;dones;població;;497
2001;Riera de Gaià, la;total;total;població;;1005
2001;Riner;total;homes;població;;147
2001;Riner;total;dones;població;;133
2001;Riner;total;total;població;;280
2001;Ripoll;total;homes;població;;5213
2001;Ripoll;total;dones;població;;5531
2001;Ripoll;total;total;població;;10744
2001;Ripollet;total;homes;població;;15286
2001;Ripollet;total;dones;població;;15262
2001;Ripollet;total;total;població;;30548
2001;Riu de Cerdanya;total;homes;població;;40
2001;Riu de Cerdanya;total;dones;població;;41
2001;Riu de Cerdanya;total;total;població;;81
2001;Riudarenes;total;homes;població;;699
2001;Riudarenes;total;dones;població;;643
2001;Riudarenes;total;total;població;;1342
2001;Riudaura;total;homes;població;;205
2001;Riudaura;total;dones;població;;208
2001;Riudaura;total;total;població;;413
2001;Riudecanyes;total;homes;població;;368
2001;Riudecanyes;total;dones;població;;352
2001;Riudecanyes;total;total;població;;720
2001;Riudecols;total;homes;població;;517
2001;Riudecols;total;dones;població;;476
2001;Riudecols;total;total;població;;993
2001;Riudellots de la Selva;total;homes;població;;798
2001;Riudellots de la Selva;total;dones;població;;759
2001;Riudellots de la Selva;total;total;població;;1557
2001;Riudoms;total;homes;població;;2687
2001;Riudoms;total;dones;població;;2610
2001;Riudoms;total;total;població;;5297
2001;Riumors;total;homes;població;;92
2001;Riumors;total;dones;població;;92
2001;Riumors;total;total;població;;184
2001;Roca del Vallès, la;total;homes;població;;3816
2001;Roca del Vallès, la;total;dones;població;;3772
2001;Roca del Vallès, la;total;total;població;;7588
2001;Rocafort de Queralt;total;homes;població;;144
2001;Rocafort de Queralt;total;dones;població;;132
2001;Rocafort de Queralt;total;total;població;;276
2001;Roda de Berà;total;homes;població;;1958
2001;Roda de Berà;total;dones;població;;1640
2001;Roda de Berà;total;total;població;;3598
2001;Roda de Ter;total;homes;població;;2523
2001;Roda de Ter;total;dones;població;;2675
2001;Roda de Ter;total;total;població;;5198
2001;Rodonyà;total;homes;població;;216
2001;Rodonyà;total;dones;població;;199
2001;Rodonyà;total;total;població;;415
2001;Roquetes;total;homes;població;;3250
2001;Roquetes;total;dones;població;;3187
2001;Roquetes;total;total;població;;6437
2001;Roses;total;homes;població;;6899
2001;Roses;total;dones;població;;6695
2001;Roses;total;total;població;;13594
2001;Rosselló;total;homes;població;;929
2001;Rosselló;total;dones;població;;962
2001;Rosselló;total;total;població;;1891
2001;Rourell, el;total;homes;població;;139
2001;Rourell, el;total;dones;població;;122
2001;Rourell, el;total;total;població;;261
2001;Rubí;total;homes;població;;30247
2001;Rubí;total;dones;població;;30056
2001;Rubí;total;total;població;;60303
2001;Rubió;total;homes;població;;69
2001;Rubió;total;dones;població;;51
2001;Rubió;total;total;població;;120
2001;Rupià;total;homes;població;;102
2001;Rupià;total;dones;població;;90
2001;Rupià;total;total;població;;192
2001;Rupit i Pruit;total;homes;població;;171
2001;Rupit i Pruit;total;dones;població;;170
2001;Rupit i Pruit;total;total;població;;341
2001;Sabadell;total;homes;població;;89920
2001;Sabadell;total;dones;població;;95250
2001;Sabadell;total;total;població;;185170
2001;Sagàs;total;homes;població;;78
2001;Sagàs;total;dones;població;;78
2001;Sagàs;total;total;població;;156
2001;Salàs de Pallars;total;homes;població;;163
2001;Salàs de Pallars;total;dones;població;;167
2001;Salàs de Pallars;total;total;població;;330
2001;Saldes;total;homes;població;;172
2001;Saldes;total;dones;població;;139
2001;Saldes;total;total;població;;311
2001;Sales de Llierca;total;homes;població;;51
2001;Sales de Llierca;total;dones;població;;40
2001;Sales de Llierca;total;total;població;;91
2001;Sallent;total;homes;població;;3449
2001;Sallent;total;dones;població;;3704
2001;Sallent;total;total;població;;7153
2001;Salomó;total;homes;població;;193
2001;Salomó;total;dones;població;;189
2001;Salomó;total;total;població;;382
2001;Salou;total;homes;població;;7121
2001;Salou;total;dones;població;;6831
2001;Salou;total;total;població;;13952
2001;Salt;total;homes;població;;11301
2001;Salt;total;dones;població;;11171
2001;Salt;total;total;població;;22472
2001;Sanaüja;total;homes;població;;228
2001;Sanaüja;total;dones;població;;237
2001;Sanaüja;total;total;població;;465
2001;Sant Adrià de Besòs;total;homes;població;;16007
2001;Sant Adrià de Besòs;total;dones;població;;16432
2001;Sant Adrià de Besòs;total;total;població;;32439
2001;Sant Agustí de Lluçanès;total;homes;població;;63
2001;Sant Agustí de Lluçanès;total;dones;població;;54
2001;Sant Agustí de Lluçanès;total;total;població;;117
2001;Sant Andreu de la Barca;total;homes;població;;10875
2001;Sant Andreu de la Barca;total;dones;població;;10426
2001;Sant Andreu de la Barca;total;total;població;;21301
2001;Sant Andreu de Llavaneres;total;homes;població;;3737
2001;Sant Andreu de Llavaneres;total;dones;població;;3729
2001;Sant Andreu de Llavaneres;total;total;població;;7466
2001;Sant Andreu Salou;total;homes;població;;64
2001;Sant Andreu Salou;total;dones;població;;76
2001;Sant Andreu Salou;total;total;població;;140
2001;Sant Aniol de Finestres;total;homes;població;;147
2001;Sant Aniol de Finestres;total;dones;població;;128
2001;Sant Aniol de Finestres;total;total;població;;275
2001;Sant Antoni de Vilamajor;total;homes;població;;1871
2001;Sant Antoni de Vilamajor;total;dones;població;;1855
2001;Sant Antoni de Vilamajor;total;total;població;;3726
2001;Sant Bartomeu del Grau;total;homes;població;;620
2001;Sant Bartomeu del Grau;total;dones;població;;535
2001;Sant Bartomeu del Grau;total;total;població;;1155
2001;Sant Boi de Llobregat;total;homes;població;;39535
2001;Sant Boi de Llobregat;total;dones;població;;39928
2001;Sant Boi de Llobregat;total;total;població;;79463
2001;Sant Boi de Lluçanès;total;homes;població;;274
2001;Sant Boi de Lluçanès;total;dones;població;;276
2001;Sant Boi de Lluçanès;total;total;població;;550
2001;Sant Cebrià de Vallalta;total;homes;població;;1024
2001;Sant Cebrià de Vallalta;total;dones;població;;880
2001;Sant Cebrià de Vallalta;total;total;població;;1904
2001;Sant Celoni;total;homes;població;;6389
2001;Sant Celoni;total;dones;població;;6450
2001;Sant Celoni;total;total;població;;12839
2001;Sant Climent de Llobregat;total;homes;població;;1534
2001;Sant Climent de Llobregat;total;dones;població;;1508
2001;Sant Climent de Llobregat;total;total;població;;3042
2001;Sant Climent Sescebes;total;homes;població;;210
2001;Sant Climent Sescebes;total;dones;població;;214
2001;Sant Climent Sescebes;total;total;població;;424
2001;Sant Cugat del Vallès;total;homes;població;;27529
2001;Sant Cugat del Vallès;total;dones;població;;28296
2001;Sant Cugat del Vallès;total;total;població;;55825
2001;Sant Cugat Sesgarrigues;total;homes;població;;381
2001;Sant Cugat Sesgarrigues;total;dones;població;;355
2001;Sant Cugat Sesgarrigues;total;total;població;;736
2001;Sant Esteve de la Sarga;total;homes;població;;67
2001;Sant Esteve de la Sarga;total;dones;població;;45
2001;Sant Esteve de la Sarga;total;total;població;;112
2001;Sant Esteve de Palautordera;total;homes;població;;754
2001;Sant Esteve de Palautordera;total;dones;població;;756
2001;Sant Esteve de Palautordera;total;total;població;;1510
2001;Sant Esteve Sesrovires;total;homes;població;;2767
2001;Sant Esteve Sesrovires;total;dones;població;;2547
2001;Sant Esteve Sesrovires;total;total;població;;5314
2001;Sant Feliu de Buixalleu;total;homes;població;;390
2001;Sant Feliu de Buixalleu;total;dones;població;;337
2001;Sant Feliu de Buixalleu;total;total;població;;727
2001;Sant Feliu de Codines;total;homes;població;;2237
2001;Sant Feliu de Codines;total;dones;població;;2224
2001;Sant Feliu de Codines;total;total;població;;4461
2001;Sant Feliu de Guíxols;total;homes;població;;9175
2001;Sant Feliu de Guíxols;total;dones;població;;9502
2001;Sant Feliu de Guíxols;total;total;població;;18677
2001;Sant Feliu de Llobregat;total;homes;població;;19593
2001;Sant Feliu de Llobregat;total;dones;població;;20010
2001;Sant Feliu de Llobregat;total;total;població;;39603
2001;Sant Feliu de Pallerols;total;homes;població;;551
2001;Sant Feliu de Pallerols;total;dones;població;;577
2001;Sant Feliu de Pallerols;total;total;població;;1128
2001;Sant Feliu Sasserra;total;homes;població;;321
2001;Sant Feliu Sasserra;total;dones;població;;332
2001;Sant Feliu Sasserra;total;total;població;;653
2001;Sant Ferriol;total;homes;població;;113
2001;Sant Ferriol;total;dones;població;;89
2001;Sant Ferriol;total;total;població;;202
2001;Sant Fost de Campsentelles;total;homes;població;;3278
2001;Sant Fost de Campsentelles;total;dones;població;;3201
2001;Sant Fost de Campsentelles;total;total;població;;6479
2001;Sant Fruitós de Bages;total;homes;població;;2859
2001;Sant Fruitós de Bages;total;dones;població;;2860
2001;Sant Fruitós de Bages;total;total;població;;5719
2001;Sant Gregori;total;homes;població;;1242
2001;Sant Gregori;total;dones;població;;1164
2001;Sant Gregori;total;total;població;;2406
2001;Sant Guim de Freixenet;total;homes;població;;494
2001;Sant Guim de Freixenet;total;dones;població;;524
2001;Sant Guim de Freixenet;total;total;població;;1018
2001;Sant Guim de la Plana;total;homes;població;;100
2001;Sant Guim de la Plana;total;dones;població;;88
2001;Sant Guim de la Plana;total;total;població;;188
2001;Sant Hilari Sacalm;total;homes;població;;2607
2001;Sant Hilari Sacalm;total;dones;població;;2474
2001;Sant Hilari Sacalm;total;total;població;;5081
2001;Sant Hipòlit de Voltregà;total;homes;població;;1515
2001;Sant Hipòlit de Voltregà;total;dones;població;;1534
2001;Sant Hipòlit de Voltregà;total;total;població;;3049
2001;Sant Iscle de Vallalta;total;homes;població;;470
2001;Sant Iscle de Vallalta;total;dones;població;;424
2001;Sant Iscle de Vallalta;total;total;població;;894
2001;Sant Jaume d'Enveja;total;homes;població;;1684
2001;Sant Jaume d'Enveja;total;dones;població;;1620
2001;Sant Jaume d'Enveja;total;total;població;;3304
2001;Sant Jaume de Frontanyà;total;homes;població;;14
2001;Sant Jaume de Frontanyà;total;dones;població;;12
2001;Sant Jaume de Frontanyà;total;total;població;;26
2001;Sant Jaume de Llierca;total;homes;població;;380
2001;Sant Jaume de Llierca;total;dones;població;;384
2001;Sant Jaume de Llierca;total;total;població;;764
2001;Sant Jaume dels Domenys;total;homes;població;;780
2001;Sant Jaume dels Domenys;total;dones;població;;700
2001;Sant Jaume dels Domenys;total;total;població;;1480
2001;Sant Joan de les Abadesses;total;homes;població;;1784
2001;Sant Joan de les Abadesses;total;dones;població;;1846
2001;Sant Joan de les Abadesses;total;total;població;;3630
2001;Sant Joan de Mollet;total;homes;població;;171
2001;Sant Joan de Mollet;total;dones;població;;183
2001;Sant Joan de Mollet;total;total;població;;354
2001;Sant Joan de Vilatorrada;total;homes;població;;4681
2001;Sant Joan de Vilatorrada;total;dones;població;;4695
2001;Sant Joan de Vilatorrada;total;total;població;;9376
2001;Sant Joan Despí;total;homes;població;;13924
2001;Sant Joan Despí;total;dones;població;;14322
2001;Sant Joan Despí;total;total;població;;28246
2001;Sant Joan les Fonts;total;homes;població;;1373
2001;Sant Joan les Fonts;total;dones;població;;1376
2001;Sant Joan les Fonts;total;total;població;;2749
2001;Sant Jordi Desvalls;total;homes;població;;312
2001;Sant Jordi Desvalls;total;dones;població;;296
2001;Sant Jordi Desvalls;total;total;població;;608
2001;Sant Julià de Cerdanyola;total;homes;població;;121
2001;Sant Julià de Cerdanyola;total;dones;població;;107
2001;Sant Julià de Cerdanyola;total;total;població;;228
2001;Sant Julià de Ramis;total;homes;població;;1034
2001;Sant Julià de Ramis;total;dones;població;;1039
2001;Sant Julià de Ramis;total;total;població;;2073
2001;Sant Julià de Vilatorta;total;homes;població;;1152
2001;Sant Julià de Vilatorta;total;dones;població;;1187
2001;Sant Julià de Vilatorta;total;total;població;;2339
2001;Sant Julià del Llor i Bonmatí;total;homes;població;;474
2001;Sant Julià del Llor i Bonmatí;total;dones;població;;466
2001;Sant Julià del Llor i Bonmatí;total;total;població;;940
2001;Sant Just Desvern;total;homes;població;;6824
2001;Sant Just Desvern;total;dones;població;;7358
2001;Sant Just Desvern;total;total;població;;14182
2001;Sant Llorenç d'Hortons;total;homes;població;;831
2001;Sant Llorenç d'Hortons;total;dones;població;;807
2001;Sant Llorenç d'Hortons;total;total;població;;1638
2001;Sant Llorenç de la Muga;total;homes;població;;87
2001;Sant Llorenç de la Muga;total;dones;població;;101
2001;Sant Llorenç de la Muga;total;total;població;;188
2001;Sant Llorenç de Morunys;total;homes;població;;464
2001;Sant Llorenç de Morunys;total;dones;població;;439
2001;Sant Llorenç de Morunys;total;total;població;;903
2001;Sant Llorenç Savall;total;homes;població;;1029
2001;Sant Llorenç Savall;total;dones;població;;1024
2001;Sant Llorenç Savall;total;total;població;;2053
2001;Sant Martí d'Albars;total;homes;població;;66
2001;Sant Martí d'Albars;total;dones;població;;65
2001;Sant Martí d'Albars;total;total;població;;131
2001;Sant Martí de Centelles;total;homes;població;;389
2001;Sant Martí de Centelles;total;dones;població;;361
2001;Sant Martí de Centelles;total;total;població;;750
2001;Sant Martí de Llémena;total;homes;població;;253
2001;Sant Martí de Llémena;total;dones;població;;221
2001;Sant Martí de Llémena;total;total;població;;474
2001;Sant Martí de Riucorb;total;homes;població;;356
2001;Sant Martí de Riucorb;total;dones;població;;330
2001;Sant Martí de Riucorb;total;total;població;;686
2001;Sant Martí de Tous;total;homes;població;;504
2001;Sant Martí de Tous;total;dones;població;;496
2001;Sant Martí de Tous;total;total;població;;1000
2001;Sant Martí Sarroca;total;homes;població;;1253
2001;Sant Martí Sarroca;total;dones;població;;1259
2001;Sant Martí Sarroca;total;total;població;;2512
2001;Sant Martí Sesgueioles;total;homes;població;;172
2001;Sant Martí Sesgueioles;total;dones;població;;175
2001;Sant Martí Sesgueioles;total;total;població;;347
2001;Sant Martí Vell;total;homes;població;;81
2001;Sant Martí Vell;total;dones;població;;79
2001;Sant Martí Vell;total;total;població;;160
2001;Sant Mateu de Bages;total;homes;població;;313
2001;Sant Mateu de Bages;total;dones;població;;330
2001;Sant Mateu de Bages;total;total;població;;643
2001;Sant Miquel de Campmajor;total;homes;població;;108
2001;Sant Miquel de Campmajor;total;dones;població;;89
2001;Sant Miquel de Campmajor;total;total;població;;197
2001;Sant Miquel de Fluvià;total;homes;població;;321
2001;Sant Miquel de Fluvià;total;dones;població;;310
2001;Sant Miquel de Fluvià;total;total;població;;631
2001;Sant Mori;total;homes;població;;71
2001;Sant Mori;total;dones;població;;81
2001;Sant Mori;total;total;població;;152
2001;Sant Pau de Segúries;total;homes;població;;331
2001;Sant Pau de Segúries;total;dones;població;;326
2001;Sant Pau de Segúries;total;total;població;;657
2001;Sant Pere de Ribes;total;homes;població;;11598
2001;Sant Pere de Ribes;total;dones;població;;11304
2001;Sant Pere de Ribes;total;total;població;;22902
2001;Sant Pere de Riudebitlles;total;homes;població;;1040
2001;Sant Pere de Riudebitlles;total;dones;població;;1070
2001;Sant Pere de Riudebitlles;total;total;població;;2110
2001;Sant Pere de Torelló;total;homes;població;;1093
2001;Sant Pere de Torelló;total;dones;població;;1120
2001;Sant Pere de Torelló;total;total;població;;2213
2001;Sant Pere de Vilamajor;total;homes;població;;1426
2001;Sant Pere de Vilamajor;total;dones;població;;1294
2001;Sant Pere de Vilamajor;total;total;població;;2720
2001;Sant Pere Pescador;total;homes;població;;855
2001;Sant Pere Pescador;total;dones;població;;669
2001;Sant Pere Pescador;total;total;població;;1524
2001;Sant Pere Sallavinera;total;homes;població;;78
2001;Sant Pere Sallavinera;total;dones;població;;75
2001;Sant Pere Sallavinera;total;total;població;;153
2001;Sant Pol de Mar;total;homes;població;;1964
2001;Sant Pol de Mar;total;dones;població;;1857
2001;Sant Pol de Mar;total;total;població;;3821
2001;Sant Quintí de Mediona;total;homes;població;;896
2001;Sant Quintí de Mediona;total;dones;població;;899
2001;Sant Quintí de Mediona;total;total;població;;1795
2001;Sant Quirze de Besora;total;homes;població;;963
2001;Sant Quirze de Besora;total;dones;població;;1000
2001;Sant Quirze de Besora;total;total;població;;1963
2001;Sant Quirze del Vallès;total;homes;població;;6635
2001;Sant Quirze del Vallès;total;dones;població;;6624
2001;Sant Quirze del Vallès;total;total;població;;13259
2001;Sant Quirze Safaja;total;homes;població;;220
2001;Sant Quirze Safaja;total;dones;població;;182
2001;Sant Quirze Safaja;total;total;població;;402
2001;Sant Ramon;total;homes;població;;289
2001;Sant Ramon;total;dones;població;;281
2001;Sant Ramon;total;total;població;;570
2001;Sant Sadurní d'Anoia;total;homes;població;;4869
2001;Sant Sadurní d'Anoia;total;dones;població;;4936
2001;Sant Sadurní d'Anoia;total;total;població;;9805
2001;Sant Sadurní d'Osormort;total;homes;població;;43
2001;Sant Sadurní d'Osormort;total;dones;població;;36
2001;Sant Sadurní d'Osormort;total;total;població;;79
2001;Sant Salvador de Guardiola;total;homes;població;;1082
2001;Sant Salvador de Guardiola;total;dones;població;;1014
2001;Sant Salvador de Guardiola;total;total;població;;2096
2001;Sant Vicenç de Castellet;total;homes;població;;3450
2001;Sant Vicenç de Castellet;total;dones;població;;3740
2001;Sant Vicenç de Castellet;total;total;població;;7190
2001;Sant Vicenç de Montalt;total;homes;població;;1883
2001;Sant Vicenç de Montalt;total;dones;població;;1826
2001;Sant Vicenç de Montalt;total;total;població;;3709
2001;Sant Vicenç de Torelló;total;homes;població;;870
2001;Sant Vicenç de Torelló;total;dones;població;;944
2001;Sant Vicenç de Torelló;total;total;població;;1814
2001;Sant Vicenç dels Horts;total;homes;població;;12539
2001;Sant Vicenç dels Horts;total;dones;població;;12346
2001;Sant Vicenç dels Horts;total;total;població;;24885
2001;Santa Bàrbara;total;homes;població;;1665
2001;Santa Bàrbara;total;dones;població;;1667
2001;Santa Bàrbara;total;total;població;;3332
2001;Santa Cecília de Voltregà;total;homes;població;;112
2001;Santa Cecília de Voltregà;total;dones;població;;89
2001;Santa Cecília de Voltregà;total;total;població;;201
2001;Santa Coloma de Cervelló;total;homes;població;;2534
2001;Santa Coloma de Cervelló;total;dones;població;;2520
2001;Santa Coloma de Cervelló;total;total;població;;5054
2001;Santa Coloma de Farners;total;homes;població;;4659
2001;Santa Coloma de Farners;total;dones;població;;4468
2001;Santa Coloma de Farners;total;total;població;;9127
2001;Santa Coloma de Gramenet;total;homes;població;;57854
2001;Santa Coloma de Gramenet;total;dones;població;;58210
2001;Santa Coloma de Gramenet;total;total;població;;116064
2001;Santa Coloma de Queralt;total;homes;població;;1322
2001;Santa Coloma de Queralt;total;dones;població;;1387
2001;Santa Coloma de Queralt;total;total;població;;2709
2001;Santa Cristina d'Aro;total;homes;població;;1594
2001;Santa Cristina d'Aro;total;dones;població;;1455
2001;Santa Cristina d'Aro;total;total;població;;3049
2001;Santa Eugènia de Berga;total;homes;població;;1003
2001;Santa Eugènia de Berga;total;dones;població;;976
2001;Santa Eugènia de Berga;total;total;població;;1979
2001;Santa Eulàlia de Riuprimer;total;homes;població;;451
2001;Santa Eulàlia de Riuprimer;total;dones;població;;415
2001;Santa Eulàlia de Riuprimer;total;total;població;;866
2001;Santa Eulàlia de Ronçana;total;homes;població;;2407
2001;Santa Eulàlia de Ronçana;total;dones;població;;2343
2001;Santa Eulàlia de Ronçana;total;total;població;;4750
2001;Santa Fe del Penedès;total;homes;població;;148
2001;Santa Fe del Penedès;total;dones;població;;154
2001;Santa Fe del Penedès;total;total;població;;302
2001;Santa Llogaia d'Àlguema;total;homes;població;;148
2001;Santa Llogaia d'Àlguema;total;dones;població;;138
2001;Santa Llogaia d'Àlguema;total;total;població;;286
2001;Santa Margarida de Montbui;total;homes;població;;4545
2001;Santa Margarida de Montbui;total;dones;població;;4526
2001;Santa Margarida de Montbui;total;total;població;;9071
2001;Santa Margarida i els Monjos;total;homes;població;;2473
2001;Santa Margarida i els Monjos;total;dones;població;;2361
2001;Santa Margarida i els Monjos;total;total;població;;4834
2001;Santa Maria d'Oló;total;homes;població;;510
2001;Santa Maria d'Oló;total;dones;població;;489
2001;Santa Maria d'Oló;total;total;població;;999
2001;Santa Maria de Besora;total;homes;població;;95
2001;Santa Maria de Besora;total;dones;població;;94
2001;Santa Maria de Besora;total;total;població;;189
2001;Santa Maria de Martorelles;total;homes;població;;335
2001;Santa Maria de Martorelles;total;dones;població;;343
2001;Santa Maria de Martorelles;total;total;població;;678
2001;Santa Maria de Merlès;total;homes;població;;88
2001;Santa Maria de Merlès;total;dones;població;;75
2001;Santa Maria de Merlès;total;total;població;;163
2001;Santa Maria de Miralles;total;homes;població;;49
2001;Santa Maria de Miralles;total;dones;població;;47
2001;Santa Maria de Miralles;total;total;població;;96
2001;Santa Maria de Palautordera;total;homes;població;;3336
2001;Santa Maria de Palautordera;total;dones;població;;3225
2001;Santa Maria de Palautordera;total;total;població;;6561
2001;Santa Oliva;total;homes;població;;1104
2001;Santa Oliva;total;dones;població;;1071
2001;Santa Oliva;total;total;població;;2175
2001;Santa Pau;total;homes;població;;750
2001;Santa Pau;total;dones;població;;719
2001;Santa Pau;total;total;població;;1469
2001;Santa Perpètua de Mogoda;total;homes;població;;9717
2001;Santa Perpètua de Mogoda;total;dones;població;;9518
2001;Santa Perpètua de Mogoda;total;total;població;;19235
2001;Santa Susanna;total;homes;població;;1037
2001;Santa Susanna;total;dones;població;;959
2001;Santa Susanna;total;total;població;;1996
2001;Santpedor;total;homes;població;;2672
2001;Santpedor;total;dones;població;;2774
2001;Santpedor;total;total;població;;5446
2001;Sarral;total;homes;població;;762
2001;Sarral;total;dones;població;;697
2001;Sarral;total;total;població;;1459
2001;Sarrià de Ter;total;homes;població;;1788
2001;Sarrià de Ter;total;dones;població;;1822
2001;Sarrià de Ter;total;total;població;;3610
2001;Sarroca de Bellera;total;homes;població;;88
2001;Sarroca de Bellera;total;dones;població;;72
2001;Sarroca de Bellera;total;total;població;;160
2001;Sarroca de Lleida;total;homes;població;;232
2001;Sarroca de Lleida;total;dones;població;;230
2001;Sarroca de Lleida;total;total;població;;462
2001;Saus, Camallera i Llampaies;total;homes;població;;334
2001;Saus, Camallera i Llampaies;total;dones;població;;347
2001;Saus, Camallera i Llampaies;total;total;població;;681
2001;Savallà del Comtat;total;homes;població;;38
2001;Savallà del Comtat;total;dones;població;;35
2001;Savallà del Comtat;total;total;població;;73
2001;Secuita, la;total;homes;població;;580
2001;Secuita, la;total;dones;població;;565
2001;Secuita, la;total;total;població;;1145
2001;Selva de Mar, la;total;homes;població;;101
2001;Selva de Mar, la;total;dones;població;;95
2001;Selva de Mar, la;total;total;població;;196
2001;Selva del Camp, la;total;homes;població;;2132
2001;Selva del Camp, la;total;dones;població;;2124
2001;Selva del Camp, la;total;total;població;;4256
2001;Senan;total;homes;població;;20
2001;Senan;total;dones;població;;11
2001;Senan;total;total;població;;31
2001;Sénia, la;total;homes;població;;2770
2001;Sénia, la;total;dones;població;;2552
2001;Sénia, la;total;total;població;;5322
2001;Senterada;total;homes;població;;53
2001;Senterada;total;dones;població;;50
2001;Senterada;total;total;població;;103
2001;Sentiu de Sió, la;total;homes;població;;228
2001;Sentiu de Sió, la;total;dones;població;;237
2001;Sentiu de Sió, la;total;total;població;;465
2001;Sentmenat;total;homes;població;;2900
2001;Sentmenat;total;dones;població;;2920
2001;Sentmenat;total;total;població;;5820
2001;Serinyà;total;homes;població;;446
2001;Serinyà;total;dones;població;;404
2001;Serinyà;total;total;població;;850
2001;Seròs;total;homes;població;;917
2001;Seròs;total;dones;població;;813
2001;Seròs;total;total;població;;1730
2001;Serra de Daró;total;homes;població;;90
2001;Serra de Daró;total;dones;població;;86
2001;Serra de Daró;total;total;població;;176
2001;Setcases;total;homes;població;;85
2001;Setcases;total;dones;població;;79
2001;Setcases;total;total;població;;164
2001;Seu d'Urgell, la;total;homes;població;;5428
2001;Seu d'Urgell, la;total;dones;població;;5673
2001;Seu d'Urgell, la;total;total;població;;11101
2001;Seva;total;homes;població;;1305
2001;Seva;total;dones;població;;1247
2001;Seva;total;total;població;;2552
2001;Sidamon;total;homes;població;;291
2001;Sidamon;total;dones;població;;292
2001;Sidamon;total;total;població;;583
2001;Sils;total;homes;població;;1595
2001;Sils;total;dones;població;;1583
2001;Sils;total;total;població;;3178
2001;Sitges;total;homes;població;;6432
2001;Sitges;total;dones;població;;13913
2001;Sitges;total;total;població;;20345
2001;Siurana;total;homes;població;;82
2001;Siurana;total;dones;població;;76
2001;Siurana;total;total;població;;158
2001;Sobremunt;total;homes;població;;41
2001;Sobremunt;total;dones;població;;52
2001;Sobremunt;total;total;població;;93
2001;Soleràs, el;total;homes;població;;232
2001;Soleràs, el;total;dones;població;;202
2001;Soleràs, el;total;total;població;;434
2001;Solivella;total;homes;població;;303
2001;Solivella;total;dones;població;;314
2001;Solivella;total;total;població;;617
2001;Solsona;total;homes;població;;3761
2001;Solsona;total;dones;població;;3757
2001;Solsona;total;total;població;;7518
2001;Sora;total;homes;població;;101
2001;Sora;total;dones;població;;86
2001;Sora;total;total;població;;187
2001;Soriguera;total;homes;població;;156
2001;Soriguera;total;dones;població;;158
2001;Soriguera;total;total;població;;314
2001;Sort;total;homes;població;;916
2001;Sort;total;dones;població;;913
2001;Sort;total;total;població;;1829
2001;Soses;total;homes;població;;800
2001;Soses;total;dones;població;;731
2001;Soses;total;total;població;;1531
2001;Subirats;total;homes;població;;1281
2001;Subirats;total;dones;població;;1276
2001;Subirats;total;total;població;;2557
2001;Sudanell;total;homes;població;;386
2001;Sudanell;total;dones;població;;323
2001;Sudanell;total;total;població;;709
2001;Sunyer;total;homes;població;;147
2001;Sunyer;total;dones;població;;148
2001;Sunyer;total;total;població;;295
2001;Súria;total;homes;població;;3022
2001;Súria;total;dones;població;;3117
2001;Súria;total;total;població;;6139
2001;Susqueda;total;homes;població;;50
2001;Susqueda;total;dones;població;;39
2001;Susqueda;total;total;població;;89
2001;Tagamanent;total;homes;població;;116
2001;Tagamanent;total;dones;població;;99
2001;Tagamanent;total;total;població;;215
2001;Talamanca;total;homes;població;;58
2001;Talamanca;total;dones;població;;44
2001;Talamanca;total;total;població;;102
2001;Talarn;total;homes;població;;174
2001;Talarn;total;dones;població;;179
2001;Talarn;total;total;població;;353
2001;Talavera;total;homes;població;;149
2001;Talavera;total;dones;població;;144
2001;Talavera;total;total;població;;293
2001;Tallada d'Empordà, la;total;homes;població;;173
2001;Tallada d'Empordà, la;total;dones;població;;161
2001;Tallada d'Empordà, la;total;total;població;;334
2001;Taradell;total;homes;població;;2578
2001;Taradell;total;dones;població;;2590
2001;Taradell;total;total;població;;5168
2001;Tarragona;total;homes;població;;56259
2001;Tarragona;total;dones;població;;58894
2001;Tarragona;total;total;població;;115153
2001;Tàrrega;total;homes;població;;6256
2001;Tàrrega;total;dones;població;;6479
2001;Tàrrega;total;total;població;;12735
2001;Tarrés;total;homes;població;;56
2001;Tarrés;total;dones;població;;49
2001;Tarrés;total;total;població;;105
2001;Tarroja de Segarra;total;homes;població;;90
2001;Tarroja de Segarra;total;dones;població;;89
2001;Tarroja de Segarra;total;total;població;;179
2001;Tavèrnoles;total;homes;població;;132
2001;Tavèrnoles;total;dones;població;;135
2001;Tavèrnoles;total;total;població;;267
2001;Tavertet;total;homes;població;;74
2001;Tavertet;total;dones;població;;62
2001;Tavertet;total;total;població;;136
2001;Teià;total;homes;població;;2719
2001;Teià;total;dones;població;;2687
2001;Teià;total;total;població;;5406
2001;Térmens;total;homes;població;;708
2001;Térmens;total;dones;població;;692
2001;Térmens;total;total;població;;1400
2001;Terrades;total;homes;població;;90
2001;Terrades;total;dones;població;;100
2001;Terrades;total;total;població;;190
2001;Terrassa;total;homes;població;;85770
2001;Terrassa;total;dones;població;;88986
2001;Terrassa;total;total;població;;174756
2001;Tiana;total;homes;població;;2939
2001;Tiana;total;dones;població;;3033
2001;Tiana;total;total;població;;5972
2001;Tírvia;total;homes;població;;68
2001;Tírvia;total;dones;població;;57
2001;Tírvia;total;total;població;;125
2001;Tiurana;total;homes;població;;20
2001;Tiurana;total;dones;població;;12
2001;Tiurana;total;total;població;;32
2001;Tivenys;total;homes;població;;461
2001;Tivenys;total;dones;població;;461
2001;Tivenys;total;total;població;;922
2001;Tivissa;total;homes;població;;881
2001;Tivissa;total;dones;població;;894
2001;Tivissa;total;total;població;;1775
2001;Tona;total;homes;població;;2968
2001;Tona;total;dones;població;;2999
2001;Tona;total;total;població;;5967
2001;Torà;total;homes;població;;596
2001;Torà;total;dones;població;;593
2001;Torà;total;total;població;;1189
2001;Tordera;total;homes;població;;5132
2001;Tordera;total;dones;població;;4973
2001;Tordera;total;total;població;;10105
2001;Torelló;total;homes;població;;6000
2001;Torelló;total;dones;població;;6268
2001;Torelló;total;total;població;;12268
2001;Torms, els;total;homes;població;;110
2001;Torms, els;total;dones;població;;89
2001;Torms, els;total;total;població;;199
2001;Tornabous;total;homes;població;;407
2001;Tornabous;total;dones;població;;406
2001;Tornabous;total;total;població;;813
2001;Torre de Cabdella, la;total;homes;població;;339
2001;Torre de Cabdella, la;total;dones;població;;331
2001;Torre de Cabdella, la;total;total;població;;670
2001;Torre de Claramunt, la;total;homes;població;;1298
2001;Torre de Claramunt, la;total;dones;població;;1212
2001;Torre de Claramunt, la;total;total;població;;2510
2001;Torre de Fontaubella, la;total;homes;població;;62
2001;Torre de Fontaubella, la;total;dones;població;;67
2001;Torre de Fontaubella, la;total;total;població;;129
2001;Torre de l'Espanyol, la;total;homes;població;;358
2001;Torre de l'Espanyol, la;total;dones;població;;329
2001;Torre de l'Espanyol, la;total;total;població;;687
2001;Torrebesses;total;homes;població;;155
2001;Torrebesses;total;dones;població;;162
2001;Torrebesses;total;total;població;;317
2001;Torredembarra;total;homes;població;;5511
2001;Torredembarra;total;dones;població;;5579
2001;Torredembarra;total;total;població;;11090
2001;Torrefarrera;total;homes;població;;954
2001;Torrefarrera;total;dones;població;;906
2001;Torrefarrera;total;total;població;;1860
2001;Torrefeta i Florejacs;total;homes;població;;331
2001;Torrefeta i Florejacs;total;dones;població;;318
2001;Torrefeta i Florejacs;total;total;població;;649
2001;Torregrossa;total;homes;població;;1102
2001;Torregrossa;total;dones;població;;1115
2001;Torregrossa;total;total;població;;2217
2001;Torrelameu;total;homes;població;;321
2001;Torrelameu;total;dones;població;;265
2001;Torrelameu;total;total;població;;586
2001;Torrelavit;total;homes;població;;576
2001;Torrelavit;total;dones;població;;549
2001;Torrelavit;total;total;població;;1125
2001;Torrelles de Foix;total;homes;població;;913
2001;Torrelles de Foix;total;dones;població;;798
2001;Torrelles de Foix;total;total;població;;1711
2001;Torrelles de Llobregat;total;homes;població;;1905
2001;Torrelles de Llobregat;total;dones;població;;1817
2001;Torrelles de Llobregat;total;total;població;;3722
2001;Torrent;total;homes;població;;86
2001;Torrent;total;dones;població;;90
2001;Torrent;total;total;població;;176
2001;Torres de Segre;total;homes;població;;950
2001;Torres de Segre;total;dones;població;;888
2001;Torres de Segre;total;total;població;;1838
2001;Torre-serona;total;homes;població;;170
2001;Torre-serona;total;dones;població;;166
2001;Torre-serona;total;total;població;;336
2001;Torroella de Fluvià;total;homes;població;;190
2001;Torroella de Fluvià;total;dones;població;;152
2001;Torroella de Fluvià;total;total;població;;342
2001;Torroella de Montgrí;total;homes;població;;4422
2001;Torroella de Montgrí;total;dones;població;;4303
2001;Torroella de Montgrí;total;total;població;;8725
2001;Torroja del Priorat;total;homes;població;;84
2001;Torroja del Priorat;total;dones;població;;56
2001;Torroja del Priorat;total;total;població;;140
2001;Tortellà;total;homes;població;;361
2001;Tortellà;total;dones;població;;349
2001;Tortellà;total;total;població;;710
2001;Tortosa;total;homes;població;;14559
2001;Tortosa;total;dones;població;;15262
2001;Tortosa;total;total;població;;29821
2001;Toses;total;homes;població;;89
2001;Toses;total;dones;població;;59
2001;Toses;total;total;població;;148
2001;Tossa de Mar;total;homes;població;;2168
2001;Tossa de Mar;total;dones;població;;2149
2001;Tossa de Mar;total;total;població;;4317
2001;Tremp;total;homes;població;;2657
2001;Tremp;total;dones;població;;2731
2001;Tremp;total;total;població;;5388
2001;Ullà;total;homes;població;;437
2001;Ullà;total;dones;població;;392
2001;Ullà;total;total;població;;829
2001;Ullastrell;total;homes;població;;594
2001;Ullastrell;total;dones;població;;565
2001;Ullastrell;total;total;població;;1159
2001;Ullastret;total;homes;població;;123
2001;Ullastret;total;dones;població;;116
2001;Ullastret;total;total;població;;239
2001;Ulldecona;total;homes;població;;2885
2001;Ulldecona;total;dones;població;;2786
2001;Ulldecona;total;total;població;;5671
2001;Ulldemolins;total;homes;població;;257
2001;Ulldemolins;total;dones;població;;234
2001;Ulldemolins;total;total;població;;491
2001;Ultramort;total;homes;població;;112
2001;Ultramort;total;dones;població;;85
2001;Ultramort;total;total;població;;197
2001;Urús;total;homes;població;;99
2001;Urús;total;dones;població;;90
2001;Urús;total;total;població;;189
2001;Vacarisses;total;homes;població;;1554
2001;Vacarisses;total;dones;població;;1372
2001;Vacarisses;total;total;població;;2926
2001;Vajol, la;total;homes;població;;66
2001;Vajol, la;total;dones;població;;56
2001;Vajol, la;total;total;població;;122
2001;Vall d'en Bas, la;total;homes;població;;1288
2001;Vall d'en Bas, la;total;dones;població;;1250
2001;Vall d'en Bas, la;total;total;població;;2538
2001;Vall de Bianya, la;total;homes;població;;560
2001;Vall de Bianya, la;total;dones;població;;563
2001;Vall de Bianya, la;total;total;població;;1123
2001;Vall de Boí, la;total;homes;població;;480
2001;Vall de Boí, la;total;dones;població;;398
2001;Vall de Boí, la;total;total;població;;878
2001;Vall de Cardós;total;homes;població;;172
2001;Vall de Cardós;total;dones;població;;162
2001;Vall de Cardós;total;total;població;;334
2001;Vallbona d'Anoia;total;homes;població;;551
2001;Vallbona d'Anoia;total;dones;població;;525
2001;Vallbona d'Anoia;total;total;població;;1076
2001;Vallbona de les Monges;total;homes;població;;128
2001;Vallbona de les Monges;total;dones;població;;129
2001;Vallbona de les Monges;total;total;població;;257
2001;Vallcebre;total;homes;població;;142
2001;Vallcebre;total;dones;població;;127
2001;Vallcebre;total;total;població;;269
2001;Vallclara;total;homes;població;;59
2001;Vallclara;total;dones;població;;52
2001;Vallclara;total;total;població;;111
2001;Vallfogona de Balaguer;total;homes;població;;763
2001;Vallfogona de Balaguer;total;dones;població;;749
2001;Vallfogona de Balaguer;total;total;població;;1512
2001;Vallfogona de Ripollès;total;homes;població;;109
2001;Vallfogona de Ripollès;total;dones;població;;101
2001;Vallfogona de Ripollès;total;total;població;;210
2001;Vallfogona de Riucorb;total;homes;població;;78
2001;Vallfogona de Riucorb;total;dones;població;;68
2001;Vallfogona de Riucorb;total;total;població;;146
2001;Vallgorguina;total;homes;població;;744
2001;Vallgorguina;total;dones;població;;669
2001;Vallgorguina;total;total;població;;1413
2001;Vallirana;total;homes;població;;4787
2001;Vallirana;total;dones;població;;4598
2001;Vallirana;total;total;població;;9385
2001;Vall-llobrega;total;homes;població;;151
2001;Vall-llobrega;total;dones;població;;249
2001;Vall-llobrega;total;total;població;;400
2001;Vallmoll;total;homes;població;;658
2001;Vallmoll;total;dones;població;;596
2001;Vallmoll;total;total;població;;1254
2001;Vallromanes;total;homes;població;;768
2001;Vallromanes;total;dones;població;;714
2001;Vallromanes;total;total;població;;1482
2001;Valls;total;homes;població;;10126
2001;Valls;total;dones;població;;10442
2001;Valls;total;total;població;;20568
2001;Valls d'Aguilar, les;total;homes;població;;171
2001;Valls d'Aguilar, les;total;dones;població;;144
2001;Valls d'Aguilar, les;total;total;població;;315
2001;Valls de Valira, les;total;homes;població;;424
2001;Valls de Valira, les;total;dones;població;;351
2001;Valls de Valira, les;total;total;població;;775
2001;Vandellòs i l'Hospitalet de l'Infant;total;homes;població;;2258
2001;Vandellòs i l'Hospitalet de l'Infant;total;dones;població;;2229
2001;Vandellòs i l'Hospitalet de l'Infant;total;total;població;;4487
2001;Vansa i Fórnols, la;total;homes;població;;86
2001;Vansa i Fórnols, la;total;dones;població;;80
2001;Vansa i Fórnols, la;total;total;població;;166
2001;Veciana;total;homes;població;;82
2001;Veciana;total;dones;població;;71
2001;Veciana;total;total;població;;153
2001;Vendrell, el;total;homes;població;;11953
2001;Vendrell, el;total;dones;població;;11821
2001;Vendrell, el;total;total;població;;23774
2001;Ventalló;total;homes;població;;338
2001;Ventalló;total;dones;població;;299
2001;Ventalló;total;total;població;;637
2001;Verdú;total;homes;població;;505
2001;Verdú;total;dones;població;;562
2001;Verdú;total;total;població;;1067
2001;Verges;total;homes;població;;573
2001;Verges;total;dones;població;;562
2001;Verges;total;total;població;;1135
2001;Vespella de Gaià;total;homes;població;;114
2001;Vespella de Gaià;total;dones;població;;90
2001;Vespella de Gaià;total;total;població;;204
2001;Vic;total;homes;població;;16070
2001;Vic;total;dones;població;;16636
2001;Vic;total;total;població;;32706
2001;Vidrà;total;homes;població;;80
2001;Vidrà;total;dones;població;;80
2001;Vidrà;total;total;població;;160
2001;Vidreres;total;homes;població;;2572
2001;Vidreres;total;dones;població;;2454
2001;Vidreres;total;total;població;;5026
2001;Vielha e Mijaran;total;homes;població;;2154
2001;Vielha e Mijaran;total;dones;població;;2079
2001;Vielha e Mijaran;total;total;població;;4233
2001;Vilabella;total;homes;població;;393
2001;Vilabella;total;dones;població;;386
2001;Vilabella;total;total;població;;779
2001;Vilabertran;total;homes;població;;401
2001;Vilabertran;total;dones;població;;390
2001;Vilabertran;total;total;població;;791
2001;Vilablareix;total;homes;població;;991
2001;Vilablareix;total;dones;població;;991
2001;Vilablareix;total;total;població;;1982
2001;Vilada;total;homes;població;;273
2001;Vilada;total;dones;població;;264
2001;Vilada;total;total;població;;537
2001;Viladamat;total;homes;població;;211
2001;Viladamat;total;dones;població;;194
2001;Viladamat;total;total;població;;405
2001;Viladasens;total;homes;població;;94
2001;Viladasens;total;dones;població;;87
2001;Viladasens;total;total;població;;181
2001;Viladecans;total;homes;població;;28769
2001;Viladecans;total;dones;població;;28363
2001;Viladecans;total;total;població;;57132
2001;Viladecavalls;total;homes;població;;3057
2001;Viladecavalls;total;dones;població;;2978
2001;Viladecavalls;total;total;població;;6035
2001;Vilademuls;total;homes;població;;370
2001;Vilademuls;total;dones;població;;358
2001;Vilademuls;total;total;població;;728
2001;Viladrau;total;homes;població;;430
2001;Viladrau;total;dones;població;;433
2001;Viladrau;total;total;població;;863
2001;Vilafant;total;homes;població;;2118
2001;Vilafant;total;dones;població;;2116
2001;Vilafant;total;total;població;;4234
2001;Vilafranca del Penedès;total;homes;població;;15224
2001;Vilafranca del Penedès;total;dones;població;;15583
2001;Vilafranca del Penedès;total;total;població;;30807
2001;Vilagrassa;total;homes;població;;231
2001;Vilagrassa;total;dones;població;;205
2001;Vilagrassa;total;total;població;;436
2001;Vilajuïga;total;homes;població;;491
2001;Vilajuïga;total;dones;població;;489
2001;Vilajuïga;total;total;població;;980
2001;Vilalba dels Arcs;total;homes;població;;394
2001;Vilalba dels Arcs;total;dones;població;;359
2001;Vilalba dels Arcs;total;total;població;;753
2001;Vilalba Sasserra;total;homes;població;;249
2001;Vilalba Sasserra;total;dones;població;;218
2001;Vilalba Sasserra;total;total;població;;467
2001;Vilaller;total;homes;població;;308
2001;Vilaller;total;dones;població;;281
2001;Vilaller;total;total;població;;589
2001;Vilallonga de Ter;total;homes;població;;227
2001;Vilallonga de Ter;total;dones;població;;189
2001;Vilallonga de Ter;total;total;població;;416
2001;Vilallonga del Camp;total;homes;població;;616
2001;Vilallonga del Camp;total;dones;població;;635
2001;Vilallonga del Camp;total;total;població;;1251
2001;Vilamacolum;total;homes;població;;130
2001;Vilamacolum;total;dones;població;;123
2001;Vilamacolum;total;total;població;;253
2001;Vilamalla;total;homes;població;;423
2001;Vilamalla;total;dones;població;;371
2001;Vilamalla;total;total;població;;794
2001;Vilamaniscle;total;homes;població;;64
2001;Vilamaniscle;total;dones;població;;54
2001;Vilamaniscle;total;total;població;;118
2001;Vilamòs;total;homes;població;;76
2001;Vilamòs;total;dones;població;;75
2001;Vilamòs;total;total;població;;151
2001;Vilanant;total;homes;població;;154
2001;Vilanant;total;dones;població;;147
2001;Vilanant;total;total;població;;301
2001;Vilanova d'Escornalbou;total;homes;població;;223
2001;Vilanova d'Escornalbou;total;dones;població;;209
2001;Vilanova d'Escornalbou;total;total;població;;432
2001;Vilanova de Bellpuig;total;homes;població;;564
2001;Vilanova de Bellpuig;total;dones;població;;572
2001;Vilanova de Bellpuig;total;total;població;;1136
2001;Vilanova de l'Aguda;total;homes;població;;135
2001;Vilanova de l'Aguda;total;dones;població;;131
2001;Vilanova de l'Aguda;total;total;població;;266
2001;Vilanova de la Barca;total;homes;població;;459
2001;Vilanova de la Barca;total;dones;població;;456
2001;Vilanova de la Barca;total;total;població;;915
2001;Vilanova de Meià;total;homes;població;;238
2001;Vilanova de Meià;total;dones;població;;219
2001;Vilanova de Meià;total;total;població;;457
2001;Vilanova de Prades;total;homes;població;;78
2001;Vilanova de Prades;total;dones;població;;77
2001;Vilanova de Prades;total;total;població;;155
2001;Vilanova de Sau;total;homes;població;;152
2001;Vilanova de Sau;total;dones;població;;181
2001;Vilanova de Sau;total;total;població;;333
2001;Vilanova de Segrià;total;homes;població;;417
2001;Vilanova de Segrià;total;dones;població;;389
2001;Vilanova de Segrià;total;total;població;;806
2001;Vilanova del Camí;total;homes;població;;5208
2001;Vilanova del Camí;total;dones;població;;5136
2001;Vilanova del Camí;total;total;població;;10344
2001;Vilanova del Vallès;total;homes;població;;1228
2001;Vilanova del Vallès;total;dones;població;;1211
2001;Vilanova del Vallès;total;total;població;;2439
2001;Vilanova i la Geltrú;total;homes;població;;26318
2001;Vilanova i la Geltrú;total;dones;població;;27103
2001;Vilanova i la Geltrú;total;total;població;;53421
2001;Vilaplana;total;homes;població;;278
2001;Vilaplana;total;dones;població;;269
2001;Vilaplana;total;total;població;;547
2001;Vila-rodona;total;homes;població;;570
2001;Vila-rodona;total;dones;població;;463
2001;Vila-rodona;total;total;població;;1033
2001;Vila-sacra;total;homes;població;;203
2001;Vila-sacra;total;dones;població;;195
2001;Vila-sacra;total;total;població;;398
2001;Vila-sana;total;homes;població;;264
2001;Vila-sana;total;dones;població;;264
2001;Vila-sana;total;total;població;;528
2001;Vila-seca;total;homes;població;;6757
2001;Vila-seca;total;dones;població;;6663
2001;Vila-seca;total;total;població;;13420
2001;Vilassar de Dalt;total;homes;població;;3717
2001;Vilassar de Dalt;total;dones;població;;3769
2001;Vilassar de Dalt;total;total;població;;7486
2001;Vilassar de Mar;total;homes;població;;8498
2001;Vilassar de Mar;total;dones;població;;8876
2001;Vilassar de Mar;total;total;població;;17374
2001;Vilaür;total;homes;població;;72
2001;Vilaür;total;dones;població;;58
2001;Vilaür;total;total;població;;130
2001;Vilaverd;total;homes;població;;187
2001;Vilaverd;total;dones;població;;176
2001;Vilaverd;total;total;població;;363
2001;Vilella Alta, la;total;homes;població;;65
2001;Vilella Alta, la;total;dones;població;;58
2001;Vilella Alta, la;total;total;població;;123
2001;Vilella Baixa, la;total;homes;població;;98
2001;Vilella Baixa, la;total;dones;població;;81
2001;Vilella Baixa, la;total;total;població;;179
2001;Vilobí d'Onyar;total;homes;població;;1187
2001;Vilobí d'Onyar;total;dones;població;;1052
2001;Vilobí d'Onyar;total;total;població;;2239
2001;Vilobí del Penedès;total;homes;població;;453
2001;Vilobí del Penedès;total;dones;població;;419
2001;Vilobí del Penedès;total;total;població;;872
2001;Vilopriu;total;homes;població;;79
2001;Vilopriu;total;dones;població;;76
2001;Vilopriu;total;total;població;;155
2001;Vilosell, el;total;homes;població;;88
2001;Vilosell, el;total;dones;població;;104
2001;Vilosell, el;total;total;població;;192
2001;Vimbodí i Poblet;total;homes;població;;571
2001;Vimbodí i Poblet;total;dones;població;;474
2001;Vimbodí i Poblet;total;total;població;;1045
2001;Vinaixa;total;homes;població;;299
2001;Vinaixa;total;dones;població;;318
2001;Vinaixa;total;total;població;;617
2001;Vinebre;total;homes;població;;231
2001;Vinebre;total;dones;població;;226
2001;Vinebre;total;total;població;;457
2001;Vinyols i els Arcs;total;homes;població;;642
2001;Vinyols i els Arcs;total;dones;població;;594
2001;Vinyols i els Arcs;total;total;població;;1236
2001;Viver i Serrateix;total;homes;població;;102
2001;Viver i Serrateix;total;dones;població;;94
2001;Viver i Serrateix;total;total;població;;196
2001;Xerta;total;homes;població;;623
2001;Xerta;total;dones;població;;619
2001;Xerta;total;total;població;;1242
2001;Catalunya;total;homes;població;;3115336
2001;Catalunya;total;dones;població;;3246029
2001;Catalunya;total;total;població;;6361365
