any;municipi;edat any a any;sexe;concepte;estat;valor
2008;Abella de la Conca;total;homes;població;;100
2008;Abella de la Conca;total;dones;població;;83
2008;Abella de la Conca;total;total;població;;183
2008;Abrera;total;homes;població;;5882
2008;Abrera;total;dones;població;;5396
2008;Abrera;total;total;població;;11278
2008;Àger;total;homes;població;;302
2008;Àger;total;dones;població;;255
2008;Àger;total;total;població;;557
2008;Agramunt;total;homes;població;;2918
2008;Agramunt;total;dones;població;;2659
2008;Agramunt;total;total;població;;5577
2008;Aguilar de Segarra;total;homes;població;;132
2008;Aguilar de Segarra;total;dones;població;;117
2008;Aguilar de Segarra;total;total;població;;249
2008;Agullana;total;homes;població;;421
2008;Agullana;total;dones;població;;385
2008;Agullana;total;total;població;;806
2008;Aiguafreda;total;homes;població;;1178
2008;Aiguafreda;total;dones;població;;1250
2008;Aiguafreda;total;total;població;;2428
2008;Aiguamúrcia;total;homes;població;;472
2008;Aiguamúrcia;total;dones;població;;414
2008;Aiguamúrcia;total;total;població;;886
2008;Aiguaviva;total;homes;població;;346
2008;Aiguaviva;total;dones;població;;332
2008;Aiguaviva;total;total;població;;678
2008;Aitona;total;homes;població;;1211
2008;Aitona;total;dones;població;;1134
2008;Aitona;total;total;població;;2345
2008;Alamús, els;total;homes;població;;373
2008;Alamús, els;total;dones;població;;351
2008;Alamús, els;total;total;població;;724
2008;Alàs i Cerc;total;homes;població;;205
2008;Alàs i Cerc;total;dones;població;;191
2008;Alàs i Cerc;total;total;població;;396
2008;Albagés, l';total;homes;població;;252
2008;Albagés, l';total;dones;població;;224
2008;Albagés, l';total;total;població;;476
2008;Albanyà;total;homes;població;;76
2008;Albanyà;total;dones;població;;67
2008;Albanyà;total;total;població;;143
2008;Albatàrrec;total;homes;població;;941
2008;Albatàrrec;total;dones;població;;808
2008;Albatàrrec;total;total;població;;1749
2008;Albesa;total;homes;població;;799
2008;Albesa;total;dones;població;;747
2008;Albesa;total;total;població;;1546
2008;Albi, l';total;homes;població;;427
2008;Albi, l';total;dones;població;;414
2008;Albi, l';total;total;població;;841
2008;Albinyana;total;homes;població;;1159
2008;Albinyana;total;dones;població;;1133
2008;Albinyana;total;total;població;;2292
2008;Albiol, l';total;homes;població;;216
2008;Albiol, l';total;dones;població;;199
2008;Albiol, l';total;total;població;;415
2008;Albons;total;homes;població;;345
2008;Albons;total;dones;població;;321
2008;Albons;total;total;població;;666
2008;Alcanar;total;homes;població;;5425
2008;Alcanar;total;dones;població;;5085
2008;Alcanar;total;total;població;;10510
2008;Alcanó;total;homes;població;;119
2008;Alcanó;total;dones;població;;125
2008;Alcanó;total;total;població;;244
2008;Alcarràs;total;homes;població;;3780
2008;Alcarràs;total;dones;població;;3501
2008;Alcarràs;total;total;població;;7281
2008;Alcoletge;total;homes;població;;1336
2008;Alcoletge;total;dones;població;;1211
2008;Alcoletge;total;total;població;;2547
2008;Alcover;total;homes;població;;2574
2008;Alcover;total;dones;població;;2388
2008;Alcover;total;total;població;;4962
2008;Aldea, l';total;homes;població;;2123
2008;Aldea, l';total;dones;població;;1843
2008;Aldea, l';total;total;població;;3966
2008;Aldover;total;homes;població;;471
2008;Aldover;total;dones;població;;486
2008;Aldover;total;total;població;;957
2008;Aleixar, l';total;homes;població;;453
2008;Aleixar, l';total;dones;població;;447
2008;Aleixar, l';total;total;població;;900
2008;Alella;total;homes;població;;4545
2008;Alella;total;dones;població;;4715
2008;Alella;total;total;població;;9260
2008;Alfara de Carles;total;homes;població;;211
2008;Alfara de Carles;total;dones;població;;181
2008;Alfara de Carles;total;total;població;;392
2008;Alfarràs;total;homes;població;;1627
2008;Alfarràs;total;dones;població;;1536
2008;Alfarràs;total;total;població;;3163
2008;Alfés;total;homes;població;;172
2008;Alfés;total;dones;població;;151
2008;Alfés;total;total;població;;323
2008;Alforja;total;homes;població;;940
2008;Alforja;total;dones;població;;874
2008;Alforja;total;total;població;;1814
2008;Algerri;total;homes;població;;239
2008;Algerri;total;dones;població;;234
2008;Algerri;total;total;població;;473
2008;Alguaire;total;homes;població;;1632
2008;Alguaire;total;dones;població;;1497
2008;Alguaire;total;total;població;;3129
2008;Alins;total;homes;població;;136
2008;Alins;total;dones;població;;129
2008;Alins;total;total;població;;265
2008;Alió;total;homes;població;;192
2008;Alió;total;dones;població;;187
2008;Alió;total;total;població;;379
2008;Almacelles;total;homes;població;;3326
2008;Almacelles;total;dones;població;;2969
2008;Almacelles;total;total;població;;6295
2008;Almatret;total;homes;població;;221
2008;Almatret;total;dones;població;;194
2008;Almatret;total;total;població;;415
2008;Almenar;total;homes;població;;1915
2008;Almenar;total;dones;població;;1750
2008;Almenar;total;total;població;;3665
2008;Almoster;total;homes;població;;667
2008;Almoster;total;dones;població;;672
2008;Almoster;total;total;població;;1339
2008;Alòs de Balaguer;total;homes;població;;91
2008;Alòs de Balaguer;total;dones;població;;62
2008;Alòs de Balaguer;total;total;població;;153
2008;Alp;total;homes;població;;885
2008;Alp;total;dones;població;;801
2008;Alp;total;total;població;;1686
2008;Alpens;total;homes;població;;173
2008;Alpens;total;dones;població;;139
2008;Alpens;total;total;població;;312
2008;Alpicat;total;homes;població;;2929
2008;Alpicat;total;dones;població;;2971
2008;Alpicat;total;total;població;;5900
2008;Alt Àneu;total;homes;població;;252
2008;Alt Àneu;total;dones;població;;187
2008;Alt Àneu;total;total;població;;439
2008;Altafulla;total;homes;població;;2284
2008;Altafulla;total;dones;població;;2270
2008;Altafulla;total;total;població;;4554
2008;Amer;total;homes;població;;1109
2008;Amer;total;dones;població;;1161
2008;Amer;total;total;població;;2270
2008;Ametlla de Mar, l';total;homes;població;;3798
2008;Ametlla de Mar, l';total;dones;població;;3626
2008;Ametlla de Mar, l';total;total;població;;7424
2008;Ametlla del Vallès, l';total;homes;població;;3893
2008;Ametlla del Vallès, l';total;dones;població;;3903
2008;Ametlla del Vallès, l';total;total;població;;7796
2008;Ampolla, l';total;homes;població;;1514
2008;Ampolla, l';total;dones;població;;1433
2008;Ampolla, l';total;total;població;;2947
2008;Amposta;total;homes;població;;10573
2008;Amposta;total;dones;població;;10079
2008;Amposta;total;total;població;;20652
2008;Anglès;total;homes;població;;2792
2008;Anglès;total;dones;població;;2654
2008;Anglès;total;total;població;;5446
2008;Anglesola;total;homes;població;;675
2008;Anglesola;total;dones;població;;657
2008;Anglesola;total;total;població;;1332
2008;Arbeca;total;homes;població;;1281
2008;Arbeca;total;dones;població;;1191
2008;Arbeca;total;total;població;;2472
2008;Arboç, l';total;homes;població;;2868
2008;Arboç, l';total;dones;població;;2509
2008;Arboç, l';total;total;població;;5377
2008;Arbolí;total;homes;població;;60
2008;Arbolí;total;dones;població;;51
2008;Arbolí;total;total;població;;111
2008;Arbúcies;total;homes;població;;3479
2008;Arbúcies;total;dones;població;;3047
2008;Arbúcies;total;total;població;;6526
2008;Arenys de Mar;total;homes;població;;7053
2008;Arenys de Mar;total;dones;població;;7396
2008;Arenys de Mar;total;total;població;;14449
2008;Arenys de Munt;total;homes;població;;4004
2008;Arenys de Munt;total;dones;població;;4019
2008;Arenys de Munt;total;total;població;;8023
2008;Argelaguer;total;homes;població;;224
2008;Argelaguer;total;dones;població;;206
2008;Argelaguer;total;total;població;;430
2008;Argençola;total;homes;població;;136
2008;Argençola;total;dones;població;;94
2008;Argençola;total;total;població;;230
2008;Argentera, l';total;homes;població;;82
2008;Argentera, l';total;dones;població;;61
2008;Argentera, l';total;total;població;;143
2008;Argentona;total;homes;població;;5741
2008;Argentona;total;dones;població;;5803
2008;Argentona;total;total;població;;11544
2008;Armentera, l';total;homes;població;;402
2008;Armentera, l';total;dones;població;;425
2008;Armentera, l';total;total;població;;827
2008;Arnes;total;homes;població;;255
2008;Arnes;total;dones;població;;242
2008;Arnes;total;total;població;;497
2008;Arres;total;homes;població;;46
2008;Arres;total;dones;població;;20
2008;Arres;total;total;població;;66
2008;Arsèguel;total;homes;població;;50
2008;Arsèguel;total;dones;població;;43
2008;Arsèguel;total;total;població;;93
2008;Artés;total;homes;població;;2669
2008;Artés;total;dones;població;;2636
2008;Artés;total;total;població;;5305
2008;Artesa de Lleida;total;homes;població;;787
2008;Artesa de Lleida;total;dones;població;;716
2008;Artesa de Lleida;total;total;població;;1503
2008;Artesa de Segre;total;homes;població;;2040
2008;Artesa de Segre;total;dones;població;;1832
2008;Artesa de Segre;total;total;població;;3872
2008;Ascó;total;homes;població;;826
2008;Ascó;total;dones;població;;775
2008;Ascó;total;total;població;;1601
2008;Aspa;total;homes;població;;136
2008;Aspa;total;dones;població;;126
2008;Aspa;total;total;població;;262
2008;Avellanes i Santa Linya, les;total;homes;població;;266
2008;Avellanes i Santa Linya, les;total;dones;població;;204
2008;Avellanes i Santa Linya, les;total;total;població;;470
2008;Avià;total;homes;població;;1076
2008;Avià;total;dones;població;;1068
2008;Avià;total;total;població;;2144
2008;Avinyó;total;homes;població;;1112
2008;Avinyó;total;dones;població;;1110
2008;Avinyó;total;total;població;;2222
2008;Avinyonet de Puigventós;total;homes;població;;752
2008;Avinyonet de Puigventós;total;dones;població;;665
2008;Avinyonet de Puigventós;total;total;població;;1417
2008;Avinyonet del Penedès;total;homes;població;;888
2008;Avinyonet del Penedès;total;dones;població;;772
2008;Avinyonet del Penedès;total;total;població;;1660
2008;Badalona;total;homes;població;;107931
2008;Badalona;total;dones;població;;107398
2008;Badalona;total;total;població;;215329
2008;Badia del Vallès;total;homes;població;;6811
2008;Badia del Vallès;total;dones;població;;7018
2008;Badia del Vallès;total;total;població;;13829
2008;Bagà;total;homes;població;;1153
2008;Bagà;total;dones;població;;1168
2008;Bagà;total;total;població;;2321
2008;Baix Pallars;total;homes;població;;223
2008;Baix Pallars;total;dones;població;;184
2008;Baix Pallars;total;total;població;;407
2008;Balaguer;total;homes;població;;8284
2008;Balaguer;total;dones;població;;8057
2008;Balaguer;total;total;població;;16341
2008;Balenyà;total;homes;població;;1838
2008;Balenyà;total;dones;població;;1834
2008;Balenyà;total;total;població;;3672
2008;Balsareny;total;homes;població;;1796
2008;Balsareny;total;dones;població;;1709
2008;Balsareny;total;total;població;;3505
2008;Banyeres del Penedès;total;homes;població;;1470
2008;Banyeres del Penedès;total;dones;població;;1375
2008;Banyeres del Penedès;total;total;població;;2845
2008;Banyoles;total;homes;població;;8975
2008;Banyoles;total;dones;població;;8942
2008;Banyoles;total;total;població;;17917
2008;Barbens;total;homes;població;;478
2008;Barbens;total;dones;població;;412
2008;Barbens;total;total;població;;890
2008;Barberà de la Conca;total;homes;població;;284
2008;Barberà de la Conca;total;dones;població;;237
2008;Barberà de la Conca;total;total;població;;521
2008;Barberà del Vallès;total;homes;població;;15131
2008;Barberà del Vallès;total;dones;població;;15140
2008;Barberà del Vallès;total;total;població;;30271
2008;Barcelona;total;homes;població;;767697
2008;Barcelona;total;dones;població;;848211
2008;Barcelona;total;total;població;;1615908
2008;Baronia de Rialb, la;total;homes;població;;149
2008;Baronia de Rialb, la;total;dones;població;;127
2008;Baronia de Rialb, la;total;total;població;;276
2008;Bàscara;total;homes;població;;489
2008;Bàscara;total;dones;població;;426
2008;Bàscara;total;total;població;;915
2008;Bassella;total;homes;població;;136
2008;Bassella;total;dones;població;;122
2008;Bassella;total;total;població;;258
2008;Batea;total;homes;població;;1123
2008;Batea;total;dones;població;;1046
2008;Batea;total;total;població;;2169
2008;Bausen;total;homes;població;;37
2008;Bausen;total;dones;població;;23
2008;Bausen;total;total;població;;60
2008;Begues;total;homes;població;;3025
2008;Begues;total;dones;població;;3053
2008;Begues;total;total;població;;6078
2008;Begur;total;homes;població;;2226
2008;Begur;total;dones;població;;2078
2008;Begur;total;total;població;;4304
2008;Belianes;total;homes;població;;300
2008;Belianes;total;dones;població;;284
2008;Belianes;total;total;població;;584
2008;Bellaguarda;total;homes;població;;181
2008;Bellaguarda;total;dones;població;;163
2008;Bellaguarda;total;total;població;;344
2008;Bellcaire d'Empordà;total;homes;població;;317
2008;Bellcaire d'Empordà;total;dones;població;;334
2008;Bellcaire d'Empordà;total;total;població;;651
2008;Bellcaire d'Urgell;total;homes;població;;622
2008;Bellcaire d'Urgell;total;dones;població;;647
2008;Bellcaire d'Urgell;total;total;població;;1269
2008;Bell-lloc d'Urgell;total;homes;població;;1201
2008;Bell-lloc d'Urgell;total;dones;població;;1212
2008;Bell-lloc d'Urgell;total;total;població;;2413
2008;Bellmunt d'Urgell;total;homes;població;;103
2008;Bellmunt d'Urgell;total;dones;població;;112
2008;Bellmunt d'Urgell;total;total;població;;215
2008;Bellmunt del Priorat;total;homes;població;;175
2008;Bellmunt del Priorat;total;dones;població;;172
2008;Bellmunt del Priorat;total;total;població;;347
2008;Bellprat;total;homes;població;;52
2008;Bellprat;total;dones;població;;39
2008;Bellprat;total;total;població;;91
2008;Bellpuig;total;homes;població;;2499
2008;Bellpuig;total;dones;població;;2299
2008;Bellpuig;total;total;població;;4798
2008;Bellvei;total;homes;població;;1061
2008;Bellvei;total;dones;població;;924
2008;Bellvei;total;total;població;;1985
2008;Bellver de Cerdanya;total;homes;població;;1129
2008;Bellver de Cerdanya;total;dones;població;;1003
2008;Bellver de Cerdanya;total;total;població;;2132
2008;Bellvís;total;homes;població;;1278
2008;Bellvís;total;dones;població;;1190
2008;Bellvís;total;total;població;;2468
2008;Benavent de Segrià;total;homes;població;;747
2008;Benavent de Segrià;total;dones;població;;698
2008;Benavent de Segrià;total;total;població;;1445
2008;Benifallet;total;homes;població;;401
2008;Benifallet;total;dones;població;;401
2008;Benifallet;total;total;població;;802
2008;Benissanet;total;homes;població;;684
2008;Benissanet;total;dones;població;;584
2008;Benissanet;total;total;població;;1268
2008;Berga;total;homes;població;;8568
2008;Berga;total;dones;població;;8504
2008;Berga;total;total;població;;17072
2008;Besalú;total;homes;població;;1107
2008;Besalú;total;dones;població;;1183
2008;Besalú;total;total;població;;2290
2008;Bescanó;total;homes;població;;2120
2008;Bescanó;total;dones;població;;2122
2008;Bescanó;total;total;població;;4242
2008;Beuda;total;homes;població;;80
2008;Beuda;total;dones;població;;78
2008;Beuda;total;total;població;;158
2008;Bigues i Riells del Fai;total;homes;població;;4218
2008;Bigues i Riells del Fai;total;dones;població;;3973
2008;Bigues i Riells del Fai;total;total;població;;8191
2008;Biosca;total;homes;població;;119
2008;Biosca;total;dones;població;;102
2008;Biosca;total;total;població;;221
2008;Bisbal d'Empordà, la;total;homes;població;;5160
2008;Bisbal d'Empordà, la;total;dones;població;;5013
2008;Bisbal d'Empordà, la;total;total;població;;10173
2008;Bisbal de Montsant, la;total;homes;població;;126
2008;Bisbal de Montsant, la;total;dones;població;;115
2008;Bisbal de Montsant, la;total;total;població;;241
2008;Bisbal del Penedès, la;total;homes;població;;1739
2008;Bisbal del Penedès, la;total;dones;població;;1589
2008;Bisbal del Penedès, la;total;total;població;;3328
2008;Biure;total;homes;població;;125
2008;Biure;total;dones;població;;119
2008;Biure;total;total;població;;244
2008;Blancafort;total;homes;població;;227
2008;Blancafort;total;dones;població;;201
2008;Blancafort;total;total;població;;428
2008;Blanes;total;homes;població;;19719
2008;Blanes;total;dones;població;;19388
2008;Blanes;total;total;població;;39107
2008;Boadella i les Escaules;total;homes;població;;113
2008;Boadella i les Escaules;total;dones;població;;120
2008;Boadella i les Escaules;total;total;població;;233
2008;Bolvir;total;homes;població;;197
2008;Bolvir;total;dones;població;;166
2008;Bolvir;total;total;població;;363
2008;Bonastre;total;homes;població;;346
2008;Bonastre;total;dones;població;;296
2008;Bonastre;total;total;població;;642
2008;Bòrdes, Es;total;homes;població;;128
2008;Bòrdes, Es;total;dones;població;;109
2008;Bòrdes, Es;total;total;població;;237
2008;Bordils;total;homes;població;;873
2008;Bordils;total;dones;població;;830
2008;Bordils;total;total;població;;1703
2008;Borges Blanques, les;total;homes;població;;3025
2008;Borges Blanques, les;total;dones;població;;2917
2008;Borges Blanques, les;total;total;població;;5942
2008;Borges del Camp, les;total;homes;població;;1045
2008;Borges del Camp, les;total;dones;població;;1016
2008;Borges del Camp, les;total;total;població;;2061
2008;Borrassà;total;homes;població;;360
2008;Borrassà;total;dones;població;;322
2008;Borrassà;total;total;població;;682
2008;Borredà;total;homes;població;;325
2008;Borredà;total;dones;població;;284
2008;Borredà;total;total;població;;609
2008;Bossòst;total;homes;població;;624
2008;Bossòst;total;dones;població;;578
2008;Bossòst;total;total;població;;1202
2008;Bot;total;homes;població;;362
2008;Bot;total;dones;població;;346
2008;Bot;total;total;població;;708
2008;Botarell;total;homes;població;;548
2008;Botarell;total;dones;població;;484
2008;Botarell;total;total;població;;1032
2008;Bovera;total;homes;població;;182
2008;Bovera;total;dones;població;;175
2008;Bovera;total;total;població;;357
2008;Bràfim;total;homes;població;;329
2008;Bràfim;total;dones;població;;323
2008;Bràfim;total;total;població;;652
2008;Breda;total;homes;població;;1913
2008;Breda;total;dones;població;;1840
2008;Breda;total;total;població;;3753
2008;Bruc, el;total;homes;població;;990
2008;Bruc, el;total;dones;població;;851
2008;Bruc, el;total;total;població;;1841
2008;Brull, el;total;homes;població;;133
2008;Brull, el;total;dones;població;;113
2008;Brull, el;total;total;població;;246
2008;Brunyola i Sant Martí Sapresa;total;homes;població;;181
2008;Brunyola i Sant Martí Sapresa;total;dones;població;;182
2008;Brunyola i Sant Martí Sapresa;total;total;població;;363
2008;Cabacés;total;homes;població;;185
2008;Cabacés;total;dones;població;;157
2008;Cabacés;total;total;població;;342
2008;Cabanabona;total;homes;població;;45
2008;Cabanabona;total;dones;població;;56
2008;Cabanabona;total;total;població;;101
2008;Cabanelles;total;homes;població;;135
2008;Cabanelles;total;dones;població;;101
2008;Cabanelles;total;total;població;;236
2008;Cabanes;total;homes;població;;478
2008;Cabanes;total;dones;població;;425
2008;Cabanes;total;total;població;;903
2008;Cabanyes, les;total;homes;població;;449
2008;Cabanyes, les;total;dones;població;;441
2008;Cabanyes, les;total;total;població;;890
2008;Cabó;total;homes;població;;57
2008;Cabó;total;dones;població;;42
2008;Cabó;total;total;població;;99
2008;Cabra del Camp;total;homes;població;;571
2008;Cabra del Camp;total;dones;població;;507
2008;Cabra del Camp;total;total;població;;1078
2008;Cabrera d'Anoia;total;homes;població;;678
2008;Cabrera d'Anoia;total;dones;població;;596
2008;Cabrera d'Anoia;total;total;població;;1274
2008;Cabrera de Mar;total;homes;població;;2211
2008;Cabrera de Mar;total;dones;població;;2110
2008;Cabrera de Mar;total;total;població;;4321
2008;Cabrils;total;homes;població;;3370
2008;Cabrils;total;dones;població;;3464
2008;Cabrils;total;total;població;;6834
2008;Cadaqués;total;homes;població;;1431
2008;Cadaqués;total;dones;població;;1442
2008;Cadaqués;total;total;població;;2873
2008;Calaf;total;homes;població;;1890
2008;Calaf;total;dones;població;;1671
2008;Calaf;total;total;població;;3561
2008;Calafell;total;homes;població;;11716
2008;Calafell;total;dones;població;;11223
2008;Calafell;total;total;població;;22939
2008;Calders;total;homes;població;;463
2008;Calders;total;dones;població;;451
2008;Calders;total;total;població;;914
2008;Caldes d'Estrac;total;homes;població;;1324
2008;Caldes d'Estrac;total;dones;població;;1411
2008;Caldes d'Estrac;total;total;població;;2735
2008;Caldes de Malavella;total;homes;població;;3202
2008;Caldes de Malavella;total;dones;població;;3257
2008;Caldes de Malavella;total;total;població;;6459
2008;Caldes de Montbui;total;homes;població;;8295
2008;Caldes de Montbui;total;dones;població;;8223
2008;Caldes de Montbui;total;total;població;;16518
2008;Calella;total;homes;població;;9257
2008;Calella;total;dones;població;;9358
2008;Calella;total;total;població;;18615
2008;Calldetenes;total;homes;població;;1187
2008;Calldetenes;total;dones;població;;1142
2008;Calldetenes;total;total;població;;2329
2008;Callús;total;homes;població;;824
2008;Callús;total;dones;població;;851
2008;Callús;total;total;població;;1675
2008;Calonge de Segarra;total;homes;població;;107
2008;Calonge de Segarra;total;dones;població;;94
2008;Calonge de Segarra;total;total;població;;201
2008;Calonge i Sant Antoni;total;homes;població;;5308
2008;Calonge i Sant Antoni;total;dones;població;;5120
2008;Calonge i Sant Antoni;total;total;població;;10428
2008;Camarasa;total;homes;població;;492
2008;Camarasa;total;dones;població;;456
2008;Camarasa;total;total;població;;948
2008;Camarles;total;homes;població;;1872
2008;Camarles;total;dones;població;;1757
2008;Camarles;total;total;població;;3629
2008;Cambrils;total;homes;població;;15517
2008;Cambrils;total;dones;població;;15439
2008;Cambrils;total;total;població;;30956
2008;Camós;total;homes;població;;352
2008;Camós;total;dones;població;;344
2008;Camós;total;total;població;;696
2008;Campdevànol;total;homes;població;;1766
2008;Campdevànol;total;dones;població;;1735
2008;Campdevànol;total;total;població;;3501
2008;Campelles;total;homes;població;;64
2008;Campelles;total;dones;població;;64
2008;Campelles;total;total;població;;128
2008;Campins;total;homes;població;;195
2008;Campins;total;dones;població;;185
2008;Campins;total;total;població;;380
2008;Campllong;total;homes;població;;212
2008;Campllong;total;dones;població;;211
2008;Campllong;total;total;població;;423
2008;Camprodon;total;homes;població;;1280
2008;Camprodon;total;dones;població;;1298
2008;Camprodon;total;total;població;;2578
2008;Canejan;total;homes;població;;59
2008;Canejan;total;dones;població;;51
2008;Canejan;total;total;població;;110
2008;Canet d'Adri;total;homes;població;;309
2008;Canet d'Adri;total;dones;població;;292
2008;Canet d'Adri;total;total;població;;601
2008;Canet de Mar;total;homes;població;;6648
2008;Canet de Mar;total;dones;població;;6733
2008;Canet de Mar;total;total;població;;13381
2008;Canonja, la;total;homes;població;..; 
2008;Canonja, la;total;dones;població;..; 
2008;Canonja, la;total;total;població;..; 
2008;Canovelles;total;homes;població;;8403
2008;Canovelles;total;dones;població;;7413
2008;Canovelles;total;total;població;;15816
2008;Cànoves i Samalús;total;homes;població;;1378
2008;Cànoves i Samalús;total;dones;població;;1315
2008;Cànoves i Samalús;total;total;població;;2693
2008;Cantallops;total;homes;població;;164
2008;Cantallops;total;dones;població;;156
2008;Cantallops;total;total;població;;320
2008;Canyelles;total;homes;població;;2060
2008;Canyelles;total;dones;població;;1945
2008;Canyelles;total;total;població;;4005
2008;Capafonts;total;homes;població;;62
2008;Capafonts;total;dones;població;;55
2008;Capafonts;total;total;població;;117
2008;Capçanes;total;homes;població;;200
2008;Capçanes;total;dones;població;;208
2008;Capçanes;total;total;població;;408
2008;Capellades;total;homes;població;;2693
2008;Capellades;total;dones;població;;2765
2008;Capellades;total;total;població;;5458
2008;Capmany;total;homes;població;;301
2008;Capmany;total;dones;població;;259
2008;Capmany;total;total;població;;560
2008;Capolat;total;homes;població;;36
2008;Capolat;total;dones;població;;40
2008;Capolat;total;total;població;;76
2008;Cardedeu;total;homes;població;;7964
2008;Cardedeu;total;dones;població;;8138
2008;Cardedeu;total;total;població;;16102
2008;Cardona;total;homes;població;;2537
2008;Cardona;total;dones;població;;2639
2008;Cardona;total;total;població;;5176
2008;Carme;total;homes;població;;426
2008;Carme;total;dones;població;;379
2008;Carme;total;total;població;;805
2008;Caseres;total;homes;població;;145
2008;Caseres;total;dones;població;;149
2008;Caseres;total;total;població;;294
2008;Cassà de la Selva;total;homes;població;;4774
2008;Cassà de la Selva;total;dones;població;;4482
2008;Cassà de la Selva;total;total;població;;9256
2008;Casserres;total;homes;població;;812
2008;Casserres;total;dones;població;;822
2008;Casserres;total;total;població;;1634
2008;Castell d'Aro, Platja d'Aro i s'Agaró;total;homes;població;;5168
2008;Castell d'Aro, Platja d'Aro i s'Agaró;total;dones;població;;4982
2008;Castell d'Aro, Platja d'Aro i s'Agaró;total;total;població;;10150
2008;Castell de l'Areny;total;homes;població;;46
2008;Castell de l'Areny;total;dones;població;;32
2008;Castell de l'Areny;total;total;població;;78
2008;Castell de Mur;total;homes;població;;93
2008;Castell de Mur;total;dones;població;;84
2008;Castell de Mur;total;total;població;;177
2008;Castellar de la Ribera;total;homes;població;;78
2008;Castellar de la Ribera;total;dones;població;;81
2008;Castellar de la Ribera;total;total;població;;159
2008;Castellar de n'Hug;total;homes;població;;110
2008;Castellar de n'Hug;total;dones;població;;98
2008;Castellar de n'Hug;total;total;població;;208
2008;Castellar del Riu;total;homes;població;;77
2008;Castellar del Riu;total;dones;població;;70
2008;Castellar del Riu;total;total;població;;147
2008;Castellar del Vallès;total;homes;població;;11288
2008;Castellar del Vallès;total;dones;població;;11338
2008;Castellar del Vallès;total;total;població;;22626
2008;Castellbell i el Vilar;total;homes;població;;1859
2008;Castellbell i el Vilar;total;dones;població;;1758
2008;Castellbell i el Vilar;total;total;població;;3617
2008;Castellbisbal;total;homes;població;;6058
2008;Castellbisbal;total;dones;població;;5737
2008;Castellbisbal;total;total;població;;11795
2008;Castellcir;total;homes;població;;324
2008;Castellcir;total;dones;població;;307
2008;Castellcir;total;total;població;;631
2008;Castelldans;total;homes;població;;566
2008;Castelldans;total;dones;població;;463
2008;Castelldans;total;total;població;;1029
2008;Castelldefels;total;homes;població;;30415
2008;Castelldefels;total;dones;població;;30157
2008;Castelldefels;total;total;població;;60572
2008;Castellet i la Gornal;total;homes;població;;1131
2008;Castellet i la Gornal;total;dones;població;;1050
2008;Castellet i la Gornal;total;total;població;;2181
2008;Castellfollit de la Roca;total;homes;població;;514
2008;Castellfollit de la Roca;total;dones;població;;500
2008;Castellfollit de la Roca;total;total;població;;1014
2008;Castellfollit de Riubregós;total;homes;població;;101
2008;Castellfollit de Riubregós;total;dones;població;;91
2008;Castellfollit de Riubregós;total;total;població;;192
2008;Castellfollit del Boix;total;homes;població;;206
2008;Castellfollit del Boix;total;dones;població;;219
2008;Castellfollit del Boix;total;total;població;;425
2008;Castellgalí;total;homes;població;;921
2008;Castellgalí;total;dones;població;;839
2008;Castellgalí;total;total;població;;1760
2008;Castellnou de Bages;total;homes;població;;508
2008;Castellnou de Bages;total;dones;població;;458
2008;Castellnou de Bages;total;total;població;;966
2008;Castellnou de Seana;total;homes;població;;381
2008;Castellnou de Seana;total;dones;població;;350
2008;Castellnou de Seana;total;total;població;;731
2008;Castelló d'Empúries;total;homes;població;;6054
2008;Castelló d'Empúries;total;dones;població;;5599
2008;Castelló d'Empúries;total;total;població;;11653
2008;Castelló de Farfanya;total;homes;població;;313
2008;Castelló de Farfanya;total;dones;població;;271
2008;Castelló de Farfanya;total;total;població;;584
2008;Castellolí;total;homes;població;;229
2008;Castellolí;total;dones;població;;245
2008;Castellolí;total;total;població;;474
2008;Castellserà;total;homes;població;;585
2008;Castellserà;total;dones;població;;538
2008;Castellserà;total;total;població;;1123
2008;Castellterçol;total;homes;població;;1164
2008;Castellterçol;total;dones;població;;1161
2008;Castellterçol;total;total;població;;2325
2008;Castellvell del Camp;total;homes;població;;1328
2008;Castellvell del Camp;total;dones;població;;1260
2008;Castellvell del Camp;total;total;població;;2588
2008;Castellví de la Marca;total;homes;població;;813
2008;Castellví de la Marca;total;dones;població;;815
2008;Castellví de la Marca;total;total;població;;1628
2008;Castellví de Rosanes;total;homes;població;;837
2008;Castellví de Rosanes;total;dones;població;;822
2008;Castellví de Rosanes;total;total;població;;1659
2008;Catllar, el;total;homes;població;;2056
2008;Catllar, el;total;dones;població;;1917
2008;Catllar, el;total;total;població;;3973
2008;Cava;total;homes;població;;36
2008;Cava;total;dones;població;;19
2008;Cava;total;total;població;;55
2008;Cellera de Ter, la;total;homes;població;;1095
2008;Cellera de Ter, la;total;dones;població;;1067
2008;Cellera de Ter, la;total;total;població;;2162
2008;Celrà;total;homes;població;;2155
2008;Celrà;total;dones;població;;2174
2008;Celrà;total;total;població;;4329
2008;Centelles;total;homes;població;;3493
2008;Centelles;total;dones;població;;3640
2008;Centelles;total;total;població;;7133
2008;Cercs;total;homes;població;;676
2008;Cercs;total;dones;població;;648
2008;Cercs;total;total;població;;1324
2008;Cerdanyola del Vallès;total;homes;població;;28913
2008;Cerdanyola del Vallès;total;dones;població;;29580
2008;Cerdanyola del Vallès;total;total;població;;58493
2008;Cervelló;total;homes;població;;4167
2008;Cervelló;total;dones;població;;4020
2008;Cervelló;total;total;població;;8187
2008;Cervera;total;homes;població;;4783
2008;Cervera;total;dones;població;;4464
2008;Cervera;total;total;població;;9247
2008;Cervià de les Garrigues;total;homes;població;;447
2008;Cervià de les Garrigues;total;dones;població;;413
2008;Cervià de les Garrigues;total;total;població;;860
2008;Cervià de Ter;total;homes;població;;432
2008;Cervià de Ter;total;dones;població;;431
2008;Cervià de Ter;total;total;població;;863
2008;Cistella;total;homes;població;;132
2008;Cistella;total;dones;població;;121
2008;Cistella;total;total;població;;253
2008;Ciutadilla;total;homes;població;;129
2008;Ciutadilla;total;dones;població;;97
2008;Ciutadilla;total;total;població;;226
2008;Clariana de Cardener;total;homes;població;;78
2008;Clariana de Cardener;total;dones;població;;69
2008;Clariana de Cardener;total;total;població;;147
2008;Cogul, el;total;homes;població;;115
2008;Cogul, el;total;dones;població;;96
2008;Cogul, el;total;total;població;;211
2008;Colera;total;homes;població;;301
2008;Colera;total;dones;població;;277
2008;Colera;total;total;població;;578
2008;Coll de Nargó;total;homes;població;;330
2008;Coll de Nargó;total;dones;població;;298
2008;Coll de Nargó;total;total;població;;628
2008;Collbató;total;homes;població;;2071
2008;Collbató;total;dones;població;;1900
2008;Collbató;total;total;població;;3971
2008;Colldejou;total;homes;població;;101
2008;Colldejou;total;dones;població;;85
2008;Colldejou;total;total;població;;186
2008;Collsuspina;total;homes;població;;179
2008;Collsuspina;total;dones;població;;155
2008;Collsuspina;total;total;població;;334
2008;Colomers;total;homes;població;;98
2008;Colomers;total;dones;població;;105
2008;Colomers;total;total;població;;203
2008;Coma i la Pedra, la;total;homes;població;;163
2008;Coma i la Pedra, la;total;dones;població;;104
2008;Coma i la Pedra, la;total;total;població;;267
2008;Conca de Dalt;total;homes;població;;217
2008;Conca de Dalt;total;dones;població;;201
2008;Conca de Dalt;total;total;població;;418
2008;Conesa;total;homes;població;;68
2008;Conesa;total;dones;població;;66
2008;Conesa;total;total;població;;134
2008;Constantí;total;homes;població;;3464
2008;Constantí;total;dones;població;;2937
2008;Constantí;total;total;població;;6401
2008;Copons;total;homes;població;;147
2008;Copons;total;dones;població;;166
2008;Copons;total;total;població;;313
2008;Corbera d'Ebre;total;homes;població;;626
2008;Corbera d'Ebre;total;dones;població;;543
2008;Corbera d'Ebre;total;total;població;;1169
2008;Corbera de Llobregat;total;homes;població;;6861
2008;Corbera de Llobregat;total;dones;població;;6574
2008;Corbera de Llobregat;total;total;població;;13435
2008;Corbins;total;homes;població;;729
2008;Corbins;total;dones;població;;641
2008;Corbins;total;total;població;;1370
2008;Corçà;total;homes;població;;627
2008;Corçà;total;dones;població;;643
2008;Corçà;total;total;població;;1270
2008;Cornellà de Llobregat;total;homes;població;;42342
2008;Cornellà de Llobregat;total;dones;població;;42838
2008;Cornellà de Llobregat;total;total;població;;85180
2008;Cornellà del Terri;total;homes;població;;1106
2008;Cornellà del Terri;total;dones;població;;1083
2008;Cornellà del Terri;total;total;població;;2189
2008;Cornudella de Montsant;total;homes;població;;525
2008;Cornudella de Montsant;total;dones;població;;481
2008;Cornudella de Montsant;total;total;població;;1006
2008;Creixell;total;homes;població;;1633
2008;Creixell;total;dones;població;;1521
2008;Creixell;total;total;població;;3154
2008;Crespià;total;homes;població;;132
2008;Crespià;total;dones;població;;125
2008;Crespià;total;total;població;;257
2008;Cruïlles, Monells i Sant Sadurní de l'Heura;total;homes;població;;633
2008;Cruïlles, Monells i Sant Sadurní de l'Heura;total;dones;població;;637
2008;Cruïlles, Monells i Sant Sadurní de l'Heura;total;total;població;;1270
2008;Cubelles;total;homes;població;;6715
2008;Cubelles;total;dones;població;;6528
2008;Cubelles;total;total;població;;13243
2008;Cubells;total;homes;població;;202
2008;Cubells;total;dones;població;;195
2008;Cubells;total;total;població;;397
2008;Cunit;total;homes;població;;6048
2008;Cunit;total;dones;població;;5682
2008;Cunit;total;total;població;;11730
2008;Darnius;total;homes;població;;270
2008;Darnius;total;dones;població;;264
2008;Darnius;total;total;població;;534
2008;Das;total;homes;població;;113
2008;Das;total;dones;població;;101
2008;Das;total;total;població;;214
2008;Deltebre;total;homes;població;;5864
2008;Deltebre;total;dones;població;;5581
2008;Deltebre;total;total;població;;11445
2008;Dosrius;total;homes;població;;2459
2008;Dosrius;total;dones;població;;2410
2008;Dosrius;total;total;població;;4869
2008;Duesaigües;total;homes;població;;138
2008;Duesaigües;total;dones;població;;98
2008;Duesaigües;total;total;població;;236
2008;Escala, l';total;homes;població;;5079
2008;Escala, l';total;dones;població;;4750
2008;Escala, l';total;total;població;;9829
2008;Esparreguera;total;homes;població;;11021
2008;Esparreguera;total;dones;població;;10430
2008;Esparreguera;total;total;població;;21451
2008;Espinelves;total;homes;població;;97
2008;Espinelves;total;dones;població;;94
2008;Espinelves;total;total;població;;191
2008;Espluga Calba, l';total;homes;població;;224
2008;Espluga Calba, l';total;dones;població;;200
2008;Espluga Calba, l';total;total;població;;424
2008;Espluga de Francolí, l';total;homes;població;;1956
2008;Espluga de Francolí, l';total;dones;població;;1978
2008;Espluga de Francolí, l';total;total;població;;3934
2008;Esplugues de Llobregat;total;homes;població;;22795
2008;Esplugues de Llobregat;total;dones;població;;23791
2008;Esplugues de Llobregat;total;total;població;;46586
2008;Espolla;total;homes;població;;197
2008;Espolla;total;dones;població;;211
2008;Espolla;total;total;població;;408
2008;Esponellà;total;homes;població;;218
2008;Esponellà;total;dones;població;;233
2008;Esponellà;total;total;població;;451
2008;Espot;total;homes;població;;196
2008;Espot;total;dones;població;;164
2008;Espot;total;total;població;;360
2008;Espunyola, l';total;homes;població;;132
2008;Espunyola, l';total;dones;població;;137
2008;Espunyola, l';total;total;població;;269
2008;Esquirol, l';total;homes;població;;1152
2008;Esquirol, l';total;dones;població;;1137
2008;Esquirol, l';total;total;població;;2289
2008;Estamariu;total;homes;població;;61
2008;Estamariu;total;dones;població;;54
2008;Estamariu;total;total;població;;115
2008;Estany, l';total;homes;població;;180
2008;Estany, l';total;dones;població;;205
2008;Estany, l';total;total;població;;385
2008;Estaràs;total;homes;població;;98
2008;Estaràs;total;dones;població;;80
2008;Estaràs;total;total;població;;178
2008;Esterri d'Àneu;total;homes;població;;469
2008;Esterri d'Àneu;total;dones;població;;422
2008;Esterri d'Àneu;total;total;població;;891
2008;Esterri de Cardós;total;homes;població;;31
2008;Esterri de Cardós;total;dones;població;;41
2008;Esterri de Cardós;total;total;població;;72
2008;Falset;total;homes;població;;1407
2008;Falset;total;dones;població;;1400
2008;Falset;total;total;població;;2807
2008;Far d'Empordà, el;total;homes;població;;265
2008;Far d'Empordà, el;total;dones;població;;259
2008;Far d'Empordà, el;total;total;població;;524
2008;Farrera;total;homes;població;;69
2008;Farrera;total;dones;població;;46
2008;Farrera;total;total;població;;115
2008;Fatarella, la;total;homes;població;;573
2008;Fatarella, la;total;dones;població;;566
2008;Fatarella, la;total;total;població;;1139
2008;Febró, la;total;homes;població;;31
2008;Febró, la;total;dones;població;;18
2008;Febró, la;total;total;població;;49
2008;Figaró-Montmany;total;homes;població;;538
2008;Figaró-Montmany;total;dones;població;;507
2008;Figaró-Montmany;total;total;població;;1045
2008;Fígols;total;homes;població;;26
2008;Fígols;total;dones;població;;21
2008;Fígols;total;total;població;;47
2008;Fígols i Alinyà;total;homes;població;;158
2008;Fígols i Alinyà;total;dones;població;;122
2008;Fígols i Alinyà;total;total;població;;280
2008;Figuera, la;total;homes;població;;86
2008;Figuera, la;total;dones;població;;70
2008;Figuera, la;total;total;població;;156
2008;Figueres;total;homes;població;;21419
2008;Figueres;total;dones;població;;21390
2008;Figueres;total;total;població;;42809
2008;Figuerola del Camp;total;homes;població;;152
2008;Figuerola del Camp;total;dones;població;;178
2008;Figuerola del Camp;total;total;població;;330
2008;Flaçà;total;homes;població;;518
2008;Flaçà;total;dones;població;;532
2008;Flaçà;total;total;població;;1050
2008;Flix;total;homes;població;;2062
2008;Flix;total;dones;població;;1992
2008;Flix;total;total;població;;4054
2008;Floresta, la;total;homes;població;;110
2008;Floresta, la;total;dones;població;;89
2008;Floresta, la;total;total;població;;199
2008;Fogars de la Selva;total;homes;població;;768
2008;Fogars de la Selva;total;dones;població;;712
2008;Fogars de la Selva;total;total;població;;1480
2008;Fogars de Montclús;total;homes;població;;248
2008;Fogars de Montclús;total;dones;població;;211
2008;Fogars de Montclús;total;total;població;;459
2008;Foixà;total;homes;població;;179
2008;Foixà;total;dones;població;;154
2008;Foixà;total;total;població;;333
2008;Folgueroles;total;homes;població;;1083
2008;Folgueroles;total;dones;població;;1071
2008;Folgueroles;total;total;població;;2154
2008;Fondarella;total;homes;població;;408
2008;Fondarella;total;dones;població;;403
2008;Fondarella;total;total;població;;811
2008;Fonollosa;total;homes;població;;697
2008;Fonollosa;total;dones;població;;665
2008;Fonollosa;total;total;població;;1362
2008;Fontanals de Cerdanya;total;homes;població;;227
2008;Fontanals de Cerdanya;total;dones;població;;216
2008;Fontanals de Cerdanya;total;total;població;;443
2008;Fontanilles;total;homes;població;;101
2008;Fontanilles;total;dones;població;;66
2008;Fontanilles;total;total;població;;167
2008;Fontcoberta;total;homes;població;;585
2008;Fontcoberta;total;dones;població;;615
2008;Fontcoberta;total;total;població;;1200
2008;Font-rubí;total;homes;població;;767
2008;Font-rubí;total;dones;població;;694
2008;Font-rubí;total;total;població;;1461
2008;Foradada;total;homes;població;;109
2008;Foradada;total;dones;població;;80
2008;Foradada;total;total;població;;189
2008;Forallac;total;homes;població;;863
2008;Forallac;total;dones;població;;877
2008;Forallac;total;total;població;;1740
2008;Forès;total;homes;població;;29
2008;Forès;total;dones;població;;20
2008;Forès;total;total;població;;49
2008;Fornells de la Selva;total;homes;població;;1010
2008;Fornells de la Selva;total;dones;població;;1100
2008;Fornells de la Selva;total;total;població;;2110
2008;Fortià;total;homes;població;;320
2008;Fortià;total;dones;població;;308
2008;Fortià;total;total;població;;628
2008;Franqueses del Vallès, les;total;homes;població;;8741
2008;Franqueses del Vallès, les;total;dones;població;;8237
2008;Franqueses del Vallès, les;total;total;població;;16978
2008;Freginals;total;homes;població;;238
2008;Freginals;total;dones;població;;211
2008;Freginals;total;total;població;;449
2008;Fuliola, la;total;homes;població;;613
2008;Fuliola, la;total;dones;població;;612
2008;Fuliola, la;total;total;població;;1225
2008;Fulleda;total;homes;població;;65
2008;Fulleda;total;dones;població;;54
2008;Fulleda;total;total;població;;119
2008;Gaià;total;homes;població;;85
2008;Gaià;total;dones;població;;75
2008;Gaià;total;total;població;;160
2008;Galera, la;total;homes;població;;443
2008;Galera, la;total;dones;població;;408
2008;Galera, la;total;total;població;;851
2008;Gallifa;total;homes;població;;112
2008;Gallifa;total;dones;població;;101
2008;Gallifa;total;total;població;;213
2008;Gandesa;total;homes;població;;1635
2008;Gandesa;total;dones;població;;1538
2008;Gandesa;total;total;població;;3173
2008;Garcia;total;homes;població;;307
2008;Garcia;total;dones;població;;299
2008;Garcia;total;total;població;;606
2008;Garidells, els;total;homes;població;;111
2008;Garidells, els;total;dones;població;;111
2008;Garidells, els;total;total;població;;222
2008;Garriga, la;total;homes;població;;7056
2008;Garriga, la;total;dones;població;;7529
2008;Garriga, la;total;total;població;;14585
2008;Garrigàs;total;homes;població;;216
2008;Garrigàs;total;dones;població;;179
2008;Garrigàs;total;total;població;;395
2008;Garrigoles;total;homes;població;;89
2008;Garrigoles;total;dones;població;;78
2008;Garrigoles;total;total;població;;167
2008;Garriguella;total;homes;població;;417
2008;Garriguella;total;dones;població;;404
2008;Garriguella;total;total;població;;821
2008;Gavà;total;homes;població;;22494
2008;Gavà;total;dones;població;;22696
2008;Gavà;total;total;població;;45190
2008;Gavet de la Conca;total;homes;població;;148
2008;Gavet de la Conca;total;dones;població;;156
2008;Gavet de la Conca;total;total;població;;304
2008;Gelida;total;homes;població;;3349
2008;Gelida;total;dones;població;;3252
2008;Gelida;total;total;població;;6601
2008;Ger;total;homes;població;;239
2008;Ger;total;dones;població;;210
2008;Ger;total;total;població;;449
2008;Gimenells i el Pla de la Font;total;homes;població;;602
2008;Gimenells i el Pla de la Font;total;dones;població;;582
2008;Gimenells i el Pla de la Font;total;total;població;;1184
2008;Ginestar;total;homes;població;;592
2008;Ginestar;total;dones;població;;506
2008;Ginestar;total;total;població;;1098
2008;Girona;total;homes;població;;46380
2008;Girona;total;dones;població;;48104
2008;Girona;total;total;població;;94484
2008;Gironella;total;homes;població;;2440
2008;Gironella;total;dones;població;;2576
2008;Gironella;total;total;població;;5016
2008;Gisclareny;total;homes;població;;19
2008;Gisclareny;total;dones;població;;15
2008;Gisclareny;total;total;població;;34
2008;Godall;total;homes;població;;428
2008;Godall;total;dones;població;;408
2008;Godall;total;total;població;;836
2008;Golmés;total;homes;població;;836
2008;Golmés;total;dones;població;;825
2008;Golmés;total;total;població;;1661
2008;Gombrèn;total;homes;població;;115
2008;Gombrèn;total;dones;població;;124
2008;Gombrèn;total;total;població;;239
2008;Gósol;total;homes;població;;132
2008;Gósol;total;dones;població;;101
2008;Gósol;total;total;població;;233
2008;Granada, la;total;homes;població;;996
2008;Granada, la;total;dones;població;;953
2008;Granada, la;total;total;població;;1949
2008;Granadella, la;total;homes;població;;392
2008;Granadella, la;total;dones;població;;366
2008;Granadella, la;total;total;població;;758
2008;Granera;total;homes;població;;49
2008;Granera;total;dones;població;;23
2008;Granera;total;total;població;;72
2008;Granja d'Escarp, la;total;homes;població;;549
2008;Granja d'Escarp, la;total;dones;població;;475
2008;Granja d'Escarp, la;total;total;població;;1024
2008;Granollers;total;homes;població;;30235
2008;Granollers;total;dones;població;;29887
2008;Granollers;total;total;població;;60122
2008;Granyanella;total;homes;població;;90
2008;Granyanella;total;dones;població;;88
2008;Granyanella;total;total;població;;178
2008;Granyena de les Garrigues;total;homes;població;;90
2008;Granyena de les Garrigues;total;dones;població;;71
2008;Granyena de les Garrigues;total;total;població;;161
2008;Granyena de Segarra;total;homes;població;;73
2008;Granyena de Segarra;total;dones;població;;71
2008;Granyena de Segarra;total;total;població;;144
2008;Gratallops;total;homes;població;;135
2008;Gratallops;total;dones;població;;122
2008;Gratallops;total;total;població;;257
2008;Gualba;total;homes;població;;574
2008;Gualba;total;dones;població;;552
2008;Gualba;total;total;població;;1126
2008;Gualta;total;homes;població;;192
2008;Gualta;total;dones;població;;155
2008;Gualta;total;total;població;;347
2008;Guardiola de Berguedà;total;homes;població;;523
2008;Guardiola de Berguedà;total;dones;població;;459
2008;Guardiola de Berguedà;total;total;població;;982
2008;Guiamets, els;total;homes;població;;167
2008;Guiamets, els;total;dones;població;;160
2008;Guiamets, els;total;total;població;;327
2008;Guils de Cerdanya;total;homes;població;;247
2008;Guils de Cerdanya;total;dones;població;;220
2008;Guils de Cerdanya;total;total;població;;467
2008;Guimerà;total;homes;població;;187
2008;Guimerà;total;dones;població;;154
2008;Guimerà;total;total;població;;341
2008;Guingueta d'Àneu, la;total;homes;població;;210
2008;Guingueta d'Àneu, la;total;dones;població;;166
2008;Guingueta d'Àneu, la;total;total;població;;376
2008;Guissona;total;homes;població;;3008
2008;Guissona;total;dones;població;;2675
2008;Guissona;total;total;població;;5683
2008;Guixers;total;homes;població;;81
2008;Guixers;total;dones;població;;59
2008;Guixers;total;total;població;;140
2008;Gurb;total;homes;població;;1228
2008;Gurb;total;dones;població;;1166
2008;Gurb;total;total;població;;2394
2008;Horta de Sant Joan;total;homes;població;;699
2008;Horta de Sant Joan;total;dones;població;;588
2008;Horta de Sant Joan;total;total;població;;1287
2008;Hospitalet de Llobregat, l';total;homes;població;;124667
2008;Hospitalet de Llobregat, l';total;dones;població;;129115
2008;Hospitalet de Llobregat, l';total;total;població;;253782
2008;Hostalets de Pierola, els;total;homes;població;;1275
2008;Hostalets de Pierola, els;total;dones;població;;1151
2008;Hostalets de Pierola, els;total;total;població;;2426
2008;Hostalric;total;homes;població;;1996
2008;Hostalric;total;dones;població;;1886
2008;Hostalric;total;total;població;;3882
2008;Igualada;total;homes;població;;18994
2008;Igualada;total;dones;població;;19170
2008;Igualada;total;total;població;;38164
2008;Isona i Conca Dellà;total;homes;població;;614
2008;Isona i Conca Dellà;total;dones;població;;537
2008;Isona i Conca Dellà;total;total;població;;1151
2008;Isòvol;total;homes;població;;156
2008;Isòvol;total;dones;població;;112
2008;Isòvol;total;total;població;;268
2008;Ivars d'Urgell;total;homes;població;;930
2008;Ivars d'Urgell;total;dones;població;;817
2008;Ivars d'Urgell;total;total;població;;1747
2008;Ivars de Noguera;total;homes;població;;186
2008;Ivars de Noguera;total;dones;població;;162
2008;Ivars de Noguera;total;total;població;;348
2008;Ivorra;total;homes;població;;70
2008;Ivorra;total;dones;població;;68
2008;Ivorra;total;total;població;;138
2008;Jafre;total;homes;població;;225
2008;Jafre;total;dones;població;;177
2008;Jafre;total;total;població;;402
2008;Jonquera, la;total;homes;població;;1592
2008;Jonquera, la;total;dones;població;;1515
2008;Jonquera, la;total;total;població;;3107
2008;Jorba;total;homes;població;;388
2008;Jorba;total;dones;població;;398
2008;Jorba;total;total;població;;786
2008;Josa i Tuixén;total;homes;població;;84
2008;Josa i Tuixén;total;dones;població;;75
2008;Josa i Tuixén;total;total;població;;159
2008;Juià;total;homes;població;;159
2008;Juià;total;dones;població;;142
2008;Juià;total;total;població;;301
2008;Juncosa;total;homes;població;;267
2008;Juncosa;total;dones;població;;241
2008;Juncosa;total;total;població;;508
2008;Juneda;total;homes;població;;1748
2008;Juneda;total;dones;població;;1594
2008;Juneda;total;total;població;;3342
2008;Les;total;homes;població;;479
2008;Les;total;dones;població;;489
2008;Les;total;total;població;;968
2008;Linyola;total;homes;població;;1451
2008;Linyola;total;dones;població;;1330
2008;Linyola;total;total;població;;2781
2008;Llacuna, la;total;homes;població;;488
2008;Llacuna, la;total;dones;població;;422
2008;Llacuna, la;total;total;població;;910
2008;Lladó;total;homes;població;;335
2008;Lladó;total;dones;població;;309
2008;Lladó;total;total;població;;644
2008;Lladorre;total;homes;població;;113
2008;Lladorre;total;dones;població;;117
2008;Lladorre;total;total;població;;230
2008;Lladurs;total;homes;població;;117
2008;Lladurs;total;dones;població;;95
2008;Lladurs;total;total;població;;212
2008;Llagosta, la;total;homes;població;;6890
2008;Llagosta, la;total;dones;població;;6755
2008;Llagosta, la;total;total;població;;13645
2008;Llagostera;total;homes;població;;3948
2008;Llagostera;total;dones;població;;3666
2008;Llagostera;total;total;població;;7614
2008;Llambilles;total;homes;població;;341
2008;Llambilles;total;dones;població;;319
2008;Llambilles;total;total;població;;660
2008;Llanars;total;homes;població;;304
2008;Llanars;total;dones;població;;267
2008;Llanars;total;total;població;;571
2008;Llançà;total;homes;població;;2542
2008;Llançà;total;dones;població;;2540
2008;Llançà;total;total;població;;5082
2008;Llardecans;total;homes;població;;280
2008;Llardecans;total;dones;població;;265
2008;Llardecans;total;total;població;;545
2008;Llavorsí;total;homes;població;;186
2008;Llavorsí;total;dones;població;;179
2008;Llavorsí;total;total;població;;365
2008;Lleida;total;homes;població;;65544
2008;Lleida;total;dones;població;;66187
2008;Lleida;total;total;població;;131731
2008;Llers;total;homes;població;;584
2008;Llers;total;dones;població;;573
2008;Llers;total;total;població;;1157
2008;Lles de Cerdanya;total;homes;població;;156
2008;Lles de Cerdanya;total;dones;població;;107
2008;Lles de Cerdanya;total;total;població;;263
2008;Lliçà d'Amunt;total;homes;població;;7070
2008;Lliçà d'Amunt;total;dones;població;;6739
2008;Lliçà d'Amunt;total;total;població;;13809
2008;Lliçà de Vall;total;homes;població;;3189
2008;Lliçà de Vall;total;dones;població;;2993
2008;Lliçà de Vall;total;total;població;;6182
2008;Llimiana;total;homes;població;;91
2008;Llimiana;total;dones;població;;72
2008;Llimiana;total;total;població;;163
2008;Llinars del Vallès;total;homes;població;;4438
2008;Llinars del Vallès;total;dones;població;;4401
2008;Llinars del Vallès;total;total;població;;8839
2008;Llívia;total;homes;població;;836
2008;Llívia;total;dones;població;;681
2008;Llívia;total;total;població;;1517
2008;Lloar, el;total;homes;població;;68
2008;Lloar, el;total;dones;població;;47
2008;Lloar, el;total;total;població;;115
2008;Llobera;total;homes;població;;115
2008;Llobera;total;dones;població;;97
2008;Llobera;total;total;població;;212
2008;Llorac;total;homes;població;;56
2008;Llorac;total;dones;població;;50
2008;Llorac;total;total;població;;106
2008;Llorenç del Penedès;total;homes;població;;1086
2008;Llorenç del Penedès;total;dones;població;;1071
2008;Llorenç del Penedès;total;total;població;;2157
2008;Lloret de Mar;total;homes;població;;20033
2008;Lloret de Mar;total;dones;població;;17701
2008;Lloret de Mar;total;total;població;;37734
2008;Llosses, les;total;homes;població;;128
2008;Llosses, les;total;dones;població;;106
2008;Llosses, les;total;total;població;;234
2008;Lluçà;total;homes;població;;132
2008;Lluçà;total;dones;població;;123
2008;Lluçà;total;total;població;;255
2008;Maçanet de Cabrenys;total;homes;població;;379
2008;Maçanet de Cabrenys;total;dones;població;;344
2008;Maçanet de Cabrenys;total;total;població;;723
2008;Maçanet de la Selva;total;homes;població;;3446
2008;Maçanet de la Selva;total;dones;població;;3165
2008;Maçanet de la Selva;total;total;població;;6611
2008;Madremanya;total;homes;població;;105
2008;Madremanya;total;dones;població;;127
2008;Madremanya;total;total;població;;232
2008;Maià de Montcal;total;homes;població;;211
2008;Maià de Montcal;total;dones;població;;196
2008;Maià de Montcal;total;total;població;;407
2008;Maials;total;homes;població;;498
2008;Maials;total;dones;població;;479
2008;Maials;total;total;població;;977
2008;Maldà;total;homes;població;;146
2008;Maldà;total;dones;població;;127
2008;Maldà;total;total;població;;273
2008;Malgrat de Mar;total;homes;població;;9162
2008;Malgrat de Mar;total;dones;població;;9099
2008;Malgrat de Mar;total;total;població;;18261
2008;Malla;total;homes;població;;130
2008;Malla;total;dones;població;;131
2008;Malla;total;total;població;;261
2008;Manlleu;total;homes;població;;10435
2008;Manlleu;total;dones;població;;10070
2008;Manlleu;total;total;població;;20505
2008;Manresa;total;homes;població;;37001
2008;Manresa;total;dones;població;;38052
2008;Manresa;total;total;població;;75053
2008;Marçà;total;homes;població;;330
2008;Marçà;total;dones;població;;321
2008;Marçà;total;total;població;;651
2008;Margalef;total;homes;població;;67
2008;Margalef;total;dones;població;;53
2008;Margalef;total;total;població;;120
2008;Marganell;total;homes;població;;145
2008;Marganell;total;dones;població;;156
2008;Marganell;total;total;població;;301
2008;Martorell;total;homes;població;;13553
2008;Martorell;total;dones;població;;12616
2008;Martorell;total;total;població;;26169
2008;Martorelles;total;homes;població;;2475
2008;Martorelles;total;dones;població;;2430
2008;Martorelles;total;total;població;;4905
2008;Mas de Barberans;total;homes;població;;340
2008;Mas de Barberans;total;dones;població;;336
2008;Mas de Barberans;total;total;població;;676
2008;Masarac i Vilarnadal;total;homes;població;;149
2008;Masarac i Vilarnadal;total;dones;població;;129
2008;Masarac i Vilarnadal;total;total;població;;278
2008;Masdenverge;total;homes;població;;589
2008;Masdenverge;total;dones;població;;532
2008;Masdenverge;total;total;població;;1121
2008;Masies de Roda, les;total;homes;població;;370
2008;Masies de Roda, les;total;dones;població;;375
2008;Masies de Roda, les;total;total;població;;745
2008;Masies de Voltregà, les;total;homes;població;;1574
2008;Masies de Voltregà, les;total;dones;població;;1615
2008;Masies de Voltregà, les;total;total;població;;3189
2008;Masllorenç;total;homes;població;;268
2008;Masllorenç;total;dones;població;;249
2008;Masllorenç;total;total;població;;517
2008;Masnou, el;total;homes;població;;10613
2008;Masnou, el;total;dones;població;;11453
2008;Masnou, el;total;total;població;;22066
2008;Masó, la;total;homes;població;;146
2008;Masó, la;total;dones;població;;145
2008;Masó, la;total;total;població;;291
2008;Maspujols;total;homes;població;;295
2008;Maspujols;total;dones;població;;270
2008;Maspujols;total;total;població;;565
2008;Masquefa;total;homes;població;;4075
2008;Masquefa;total;dones;població;;3954
2008;Masquefa;total;total;població;;8029
2008;Masroig, el;total;homes;població;;279
2008;Masroig, el;total;dones;població;;271
2008;Masroig, el;total;total;població;;550
2008;Massalcoreig;total;homes;població;;327
2008;Massalcoreig;total;dones;població;;287
2008;Massalcoreig;total;total;població;;614
2008;Massanes;total;homes;població;;375
2008;Massanes;total;dones;població;;334
2008;Massanes;total;total;població;;709
2008;Massoteres;total;homes;població;;121
2008;Massoteres;total;dones;població;;103
2008;Massoteres;total;total;població;;224
2008;Matadepera;total;homes;població;;4268
2008;Matadepera;total;dones;població;;4192
2008;Matadepera;total;total;població;;8460
2008;Mataró;total;homes;població;;60036
2008;Mataró;total;dones;població;;59744
2008;Mataró;total;total;població;;119780
2008;Mediona;total;homes;població;;1193
2008;Mediona;total;dones;població;;1114
2008;Mediona;total;total;població;;2307
2008;Menàrguens;total;homes;població;;436
2008;Menàrguens;total;dones;població;;407
2008;Menàrguens;total;total;població;;843
2008;Meranges;total;homes;població;;51
2008;Meranges;total;dones;població;;32
2008;Meranges;total;total;població;;83
2008;Mieres;total;homes;població;;181
2008;Mieres;total;dones;població;;165
2008;Mieres;total;total;població;;346
2008;Milà, el;total;homes;població;;85
2008;Milà, el;total;dones;població;;92
2008;Milà, el;total;total;població;;177
2008;Miralcamp;total;homes;població;;697
2008;Miralcamp;total;dones;població;;708
2008;Miralcamp;total;total;població;;1405
2008;Miravet;total;homes;població;;425
2008;Miravet;total;dones;població;;374
2008;Miravet;total;total;població;;799
2008;Moià;total;homes;població;;2865
2008;Moià;total;dones;població;;2796
2008;Moià;total;total;població;;5661
2008;Molar, el;total;homes;població;;163
2008;Molar, el;total;dones;població;;130
2008;Molar, el;total;total;població;;293
2008;Molins de Rei;total;homes;població;;11700
2008;Molins de Rei;total;dones;població;;12128
2008;Molins de Rei;total;total;població;;23828
2008;Mollerussa;total;homes;població;;7157
2008;Mollerussa;total;dones;població;;6518
2008;Mollerussa;total;total;població;;13675
2008;Mollet de Peralada;total;homes;població;;86
2008;Mollet de Peralada;total;dones;població;;85
2008;Mollet de Peralada;total;total;població;;171
2008;Mollet del Vallès;total;homes;població;;26196
2008;Mollet del Vallès;total;dones;població;;25716
2008;Mollet del Vallès;total;total;població;;51912
2008;Molló;total;homes;població;;171
2008;Molló;total;dones;població;;178
2008;Molló;total;total;població;;349
2008;Molsosa, la;total;homes;població;;63
2008;Molsosa, la;total;dones;població;;63
2008;Molsosa, la;total;total;població;;126
2008;Monistrol de Calders;total;homes;població;;357
2008;Monistrol de Calders;total;dones;població;;344
2008;Monistrol de Calders;total;total;població;;701
2008;Monistrol de Montserrat;total;homes;població;;1547
2008;Monistrol de Montserrat;total;dones;població;;1436
2008;Monistrol de Montserrat;total;total;població;;2983
2008;Montagut i Oix;total;homes;població;;500
2008;Montagut i Oix;total;dones;població;;460
2008;Montagut i Oix;total;total;població;;960
2008;Montblanc;total;homes;població;;3635
2008;Montblanc;total;dones;població;;3434
2008;Montblanc;total;total;població;;7069
2008;Montbrió del Camp;total;homes;població;;1051
2008;Montbrió del Camp;total;dones;població;;1010
2008;Montbrió del Camp;total;total;població;;2061
2008;Montcada i Reixac;total;homes;població;;16405
2008;Montcada i Reixac;total;dones;població;;16345
2008;Montcada i Reixac;total;total;població;;32750
2008;Montclar;total;homes;població;;55
2008;Montclar;total;dones;població;;62
2008;Montclar;total;total;població;;117
2008;Montellà i Martinet;total;homes;població;;340
2008;Montellà i Martinet;total;dones;població;;289
2008;Montellà i Martinet;total;total;població;;629
2008;Montesquiu;total;homes;població;;446
2008;Montesquiu;total;dones;població;;434
2008;Montesquiu;total;total;població;;880
2008;Montferrer i Castellbò;total;homes;població;;593
2008;Montferrer i Castellbò;total;dones;població;;477
2008;Montferrer i Castellbò;total;total;població;;1070
2008;Montferri;total;homes;població;;185
2008;Montferri;total;dones;població;;165
2008;Montferri;total;total;població;;350
2008;Montgai;total;homes;població;;374
2008;Montgai;total;dones;població;;357
2008;Montgai;total;total;població;;731
2008;Montgat;total;homes;població;;4955
2008;Montgat;total;dones;població;;5104
2008;Montgat;total;total;població;;10059
2008;Montmajor;total;homes;població;;248
2008;Montmajor;total;dones;població;;224
2008;Montmajor;total;total;població;;472
2008;Montmaneu;total;homes;població;;107
2008;Montmaneu;total;dones;població;;93
2008;Montmaneu;total;total;població;;200
2008;Montmell, el;total;homes;població;;766
2008;Montmell, el;total;dones;població;;654
2008;Montmell, el;total;total;població;;1420
2008;Montmeló;total;homes;població;;4396
2008;Montmeló;total;dones;població;;4474
2008;Montmeló;total;total;població;;8870
2008;Montoliu de Lleida;total;homes;població;;249
2008;Montoliu de Lleida;total;dones;població;;242
2008;Montoliu de Lleida;total;total;població;;491
2008;Montoliu de Segarra;total;homes;població;;109
2008;Montoliu de Segarra;total;dones;població;;79
2008;Montoliu de Segarra;total;total;població;;188
2008;Montornès de Segarra;total;homes;població;;50
2008;Montornès de Segarra;total;dones;població;;57
2008;Montornès de Segarra;total;total;població;;107
2008;Montornès del Vallès;total;homes;població;;7779
2008;Montornès del Vallès;total;dones;població;;7279
2008;Montornès del Vallès;total;total;població;;15058
2008;Mont-ral;total;homes;població;;95
2008;Mont-ral;total;dones;població;;80
2008;Mont-ral;total;total;població;;175
2008;Mont-ras;total;homes;població;;956
2008;Mont-ras;total;dones;població;;882
2008;Mont-ras;total;total;població;;1838
2008;Mont-roig del Camp;total;homes;població;;5843
2008;Mont-roig del Camp;total;dones;població;;5288
2008;Mont-roig del Camp;total;total;població;;11131
2008;Montseny;total;homes;població;;171
2008;Montseny;total;dones;població;;149
2008;Montseny;total;total;població;;320
2008;Móra d'Ebre;total;homes;població;;2715
2008;Móra d'Ebre;total;dones;població;;2785
2008;Móra d'Ebre;total;total;població;;5500
2008;Móra la Nova;total;homes;població;;1650
2008;Móra la Nova;total;dones;població;;1562
2008;Móra la Nova;total;total;població;;3212
2008;Morell, el;total;homes;població;;1611
2008;Morell, el;total;dones;població;;1469
2008;Morell, el;total;total;població;;3080
2008;Morera de Montsant, la;total;homes;població;;90
2008;Morera de Montsant, la;total;dones;població;;63
2008;Morera de Montsant, la;total;total;població;;153
2008;Muntanyola;total;homes;població;;281
2008;Muntanyola;total;dones;població;;267
2008;Muntanyola;total;total;població;;548
2008;Mura;total;homes;població;;128
2008;Mura;total;dones;població;;109
2008;Mura;total;total;població;;237
2008;Nalec;total;homes;població;;47
2008;Nalec;total;dones;població;;46
2008;Nalec;total;total;població;;93
2008;Naut Aran;total;homes;població;;900
2008;Naut Aran;total;dones;població;;831
2008;Naut Aran;total;total;població;;1731
2008;Navarcles;total;homes;població;;2875
2008;Navarcles;total;dones;població;;2943
2008;Navarcles;total;total;població;;5818
2008;Navàs;total;homes;població;;3066
2008;Navàs;total;dones;població;;3067
2008;Navàs;total;total;població;;6133
2008;Navata;total;homes;població;;546
2008;Navata;total;dones;població;;534
2008;Navata;total;total;població;;1080
2008;Navès;total;homes;població;;134
2008;Navès;total;dones;població;;140
2008;Navès;total;total;població;;274
2008;Nou de Berguedà, la;total;homes;població;;78
2008;Nou de Berguedà, la;total;dones;població;;78
2008;Nou de Berguedà, la;total;total;població;;156
2008;Nou de Gaià, la;total;homes;població;;240
2008;Nou de Gaià, la;total;dones;població;;235
2008;Nou de Gaià, la;total;total;població;;475
2008;Nulles;total;homes;població;;211
2008;Nulles;total;dones;població;;204
2008;Nulles;total;total;població;;415
2008;Odèn;total;homes;població;;171
2008;Odèn;total;dones;població;;119
2008;Odèn;total;total;població;;290
2008;Òdena;total;homes;població;;1669
2008;Òdena;total;dones;població;;1603
2008;Òdena;total;total;població;;3272
2008;Ogassa;total;homes;població;;158
2008;Ogassa;total;dones;població;;108
2008;Ogassa;total;total;població;;266
2008;Olèrdola;total;homes;població;;1755
2008;Olèrdola;total;dones;població;;1620
2008;Olèrdola;total;total;població;;3375
2008;Olesa de Bonesvalls;total;homes;població;;880
2008;Olesa de Bonesvalls;total;dones;població;;782
2008;Olesa de Bonesvalls;total;total;població;;1662
2008;Olesa de Montserrat;total;homes;població;;11568
2008;Olesa de Montserrat;total;dones;població;;11346
2008;Olesa de Montserrat;total;total;població;;22914
2008;Oliana;total;homes;població;;970
2008;Oliana;total;dones;població;;979
2008;Oliana;total;total;població;;1949
2008;Oliola;total;homes;població;;149
2008;Oliola;total;dones;població;;113
2008;Oliola;total;total;població;;262
2008;Olius;total;homes;població;;403
2008;Olius;total;dones;població;;386
2008;Olius;total;total;població;;789
2008;Olivella;total;homes;població;;1664
2008;Olivella;total;dones;població;;1459
2008;Olivella;total;total;població;;3123
2008;Olost;total;homes;població;;600
2008;Olost;total;dones;població;;599
2008;Olost;total;total;població;;1199
2008;Olot;total;homes;població;;16593
2008;Olot;total;dones;població;;16310
2008;Olot;total;total;població;;32903
2008;Oluges, les;total;homes;població;;103
2008;Oluges, les;total;dones;població;;83
2008;Oluges, les;total;total;població;;186
2008;Olvan;total;homes;població;;446
2008;Olvan;total;dones;població;;459
2008;Olvan;total;total;població;;905
2008;Omellons, els;total;homes;població;;127
2008;Omellons, els;total;dones;població;;114
2008;Omellons, els;total;total;població;;241
2008;Omells de na Gaia, els;total;homes;població;;78
2008;Omells de na Gaia, els;total;dones;població;;68
2008;Omells de na Gaia, els;total;total;població;;146
2008;Ordis;total;homes;població;;202
2008;Ordis;total;dones;població;;173
2008;Ordis;total;total;població;;375
2008;Organyà;total;homes;població;;475
2008;Organyà;total;dones;població;;471
2008;Organyà;total;total;població;;946
2008;Orís;total;homes;població;;150
2008;Orís;total;dones;població;;151
2008;Orís;total;total;població;;301
2008;Oristà;total;homes;població;;292
2008;Oristà;total;dones;població;;299
2008;Oristà;total;total;població;;591
2008;Orpí;total;homes;població;;101
2008;Orpí;total;dones;població;;92
2008;Orpí;total;total;població;;193
2008;Òrrius;total;homes;població;;328
2008;Òrrius;total;dones;població;;307
2008;Òrrius;total;total;població;;635
2008;Os de Balaguer;total;homes;població;;526
2008;Os de Balaguer;total;dones;població;;472
2008;Os de Balaguer;total;total;població;;998
2008;Osor;total;homes;població;;185
2008;Osor;total;dones;població;;176
2008;Osor;total;total;població;;361
2008;Ossó de Sió;total;homes;població;;117
2008;Ossó de Sió;total;dones;població;;110
2008;Ossó de Sió;total;total;població;;227
2008;Pacs del Penedès;total;homes;població;;438
2008;Pacs del Penedès;total;dones;població;;417
2008;Pacs del Penedès;total;total;població;;855
2008;Palafolls;total;homes;població;;4233
2008;Palafolls;total;dones;població;;4135
2008;Palafolls;total;total;població;;8368
2008;Palafrugell;total;homes;població;;11249
2008;Palafrugell;total;dones;població;;10860
2008;Palafrugell;total;total;població;;22109
2008;Palamós;total;homes;població;;8797
2008;Palamós;total;dones;població;;8969
2008;Palamós;total;total;població;;17766
2008;Palau d'Anglesola, el;total;homes;població;;1025
2008;Palau d'Anglesola, el;total;dones;població;;1025
2008;Palau d'Anglesola, el;total;total;població;;2050
2008;Palau de Santa Eulàlia;total;homes;població;;60
2008;Palau de Santa Eulàlia;total;dones;població;;45
2008;Palau de Santa Eulàlia;total;total;població;;105
2008;Palau-sator;total;homes;població;;151
2008;Palau-sator;total;dones;població;;138
2008;Palau-sator;total;total;població;;289
2008;Palau-saverdera;total;homes;població;;722
2008;Palau-saverdera;total;dones;població;;701
2008;Palau-saverdera;total;total;població;;1423
2008;Palau-solità i Plegamans;total;homes;població;;7027
2008;Palau-solità i Plegamans;total;dones;població;;6889
2008;Palau-solità i Plegamans;total;total;població;;13916
2008;Pallaresos, els;total;homes;població;;1961
2008;Pallaresos, els;total;dones;població;;1867
2008;Pallaresos, els;total;total;població;;3828
2008;Pallejà;total;homes;població;;5546
2008;Pallejà;total;dones;població;;5465
2008;Pallejà;total;total;població;;11011
2008;Palma d'Ebre, la;total;homes;població;;201
2008;Palma d'Ebre, la;total;dones;població;;215
2008;Palma d'Ebre, la;total;total;població;;416
2008;Palma de Cervelló, la;total;homes;població;;1501
2008;Palma de Cervelló, la;total;dones;població;;1526
2008;Palma de Cervelló, la;total;total;població;;3027
2008;Palol de Revardit;total;homes;població;;243
2008;Palol de Revardit;total;dones;població;;235
2008;Palol de Revardit;total;total;població;;478
2008;Pals;total;homes;població;;1368
2008;Pals;total;dones;població;;1330
2008;Pals;total;total;població;;2698
2008;Papiol, el;total;homes;població;;1927
2008;Papiol, el;total;dones;població;;1901
2008;Papiol, el;total;total;població;;3828
2008;Pardines;total;homes;població;;92
2008;Pardines;total;dones;població;;76
2008;Pardines;total;total;població;;168
2008;Parets del Vallès;total;homes;població;;8871
2008;Parets del Vallès;total;dones;població;;8353
2008;Parets del Vallès;total;total;població;;17224
2008;Parlavà;total;homes;població;;195
2008;Parlavà;total;dones;població;;188
2008;Parlavà;total;total;població;;383
2008;Passanant i Belltall;total;homes;població;;96
2008;Passanant i Belltall;total;dones;població;;79
2008;Passanant i Belltall;total;total;població;;175
2008;Pau;total;homes;població;;301
2008;Pau;total;dones;població;;285
2008;Pau;total;total;població;;586
2008;Paüls;total;homes;població;;311
2008;Paüls;total;dones;població;;315
2008;Paüls;total;total;població;;626
2008;Pedret i Marzà;total;homes;població;;85
2008;Pedret i Marzà;total;dones;població;;78
2008;Pedret i Marzà;total;total;població;;163
2008;Penelles;total;homes;població;;298
2008;Penelles;total;dones;població;;253
2008;Penelles;total;total;població;;551
2008;Pera, la;total;homes;població;;225
2008;Pera, la;total;dones;població;;220
2008;Pera, la;total;total;població;;445
2008;Perafita;total;homes;població;;204
2008;Perafita;total;dones;població;;203
2008;Perafita;total;total;població;;407
2008;Perafort;total;homes;població;;581
2008;Perafort;total;dones;població;;518
2008;Perafort;total;total;població;;1099
2008;Peralada;total;homes;població;;892
2008;Peralada;total;dones;població;;870
2008;Peralada;total;total;població;;1762
2008;Peramola;total;homes;població;;199
2008;Peramola;total;dones;població;;175
2008;Peramola;total;total;població;;374
2008;Perelló, el;total;homes;població;;1694
2008;Perelló, el;total;dones;població;;1446
2008;Perelló, el;total;total;població;;3140
2008;Piera;total;homes;població;;7217
2008;Piera;total;dones;població;;6808
2008;Piera;total;total;població;;14025
2008;Piles, les;total;homes;població;;120
2008;Piles, les;total;dones;població;;100
2008;Piles, les;total;total;població;;220
2008;Pineda de Mar;total;homes;població;;13175
2008;Pineda de Mar;total;dones;població;;12756
2008;Pineda de Mar;total;total;població;;25931
2008;Pinell de Brai, el;total;homes;població;;581
2008;Pinell de Brai, el;total;dones;població;;551
2008;Pinell de Brai, el;total;total;població;;1132
2008;Pinell de Solsonès;total;homes;població;;115
2008;Pinell de Solsonès;total;dones;població;;97
2008;Pinell de Solsonès;total;total;població;;212
2008;Pinós;total;homes;població;;176
2008;Pinós;total;dones;població;;144
2008;Pinós;total;total;població;;320
2008;Pira;total;homes;població;;252
2008;Pira;total;dones;població;;252
2008;Pira;total;total;població;;504
2008;Pla de Santa Maria, el;total;homes;població;;1155
2008;Pla de Santa Maria, el;total;dones;població;;1058
2008;Pla de Santa Maria, el;total;total;població;;2213
2008;Pla del Penedès, el;total;homes;població;;514
2008;Pla del Penedès, el;total;dones;població;;490
2008;Pla del Penedès, el;total;total;població;;1004
2008;Planes d'Hostoles, les;total;homes;població;;908
2008;Planes d'Hostoles, les;total;dones;població;;887
2008;Planes d'Hostoles, les;total;total;població;;1795
2008;Planoles;total;homes;població;;149
2008;Planoles;total;dones;població;;133
2008;Planoles;total;total;població;;282
2008;Plans de Sió, els;total;homes;població;;310
2008;Plans de Sió, els;total;dones;població;;285
2008;Plans de Sió, els;total;total;població;;595
2008;Poal, el;total;homes;població;;339
2008;Poal, el;total;dones;població;;310
2008;Poal, el;total;total;població;;649
2008;Pobla de Cérvoles, la;total;homes;població;;131
2008;Pobla de Cérvoles, la;total;dones;població;;114
2008;Pobla de Cérvoles, la;total;total;població;;245
2008;Pobla de Claramunt, la;total;homes;població;;1163
2008;Pobla de Claramunt, la;total;dones;població;;1072
2008;Pobla de Claramunt, la;total;total;població;;2235
2008;Pobla de Lillet, la;total;homes;població;;663
2008;Pobla de Lillet, la;total;dones;població;;675
2008;Pobla de Lillet, la;total;total;població;;1338
2008;Pobla de Mafumet, la;total;homes;població;;1066
2008;Pobla de Mafumet, la;total;dones;població;;1042
2008;Pobla de Mafumet, la;total;total;població;;2108
2008;Pobla de Massaluca, la;total;homes;població;;205
2008;Pobla de Massaluca, la;total;dones;població;;195
2008;Pobla de Massaluca, la;total;total;població;;400
2008;Pobla de Montornès, la;total;homes;població;;1462
2008;Pobla de Montornès, la;total;dones;població;;1279
2008;Pobla de Montornès, la;total;total;població;;2741
2008;Pobla de Segur, la;total;homes;població;;1595
2008;Pobla de Segur, la;total;dones;població;;1556
2008;Pobla de Segur, la;total;total;població;;3151
2008;Poboleda;total;homes;població;;205
2008;Poboleda;total;dones;població;;164
2008;Poboleda;total;total;població;;369
2008;Polinyà;total;homes;població;;3799
2008;Polinyà;total;dones;població;;3604
2008;Polinyà;total;total;població;;7403
2008;Pont d'Armentera, el;total;homes;població;;314
2008;Pont d'Armentera, el;total;dones;població;;292
2008;Pont d'Armentera, el;total;total;població;;606
2008;Pont de Bar, el;total;homes;població;;110
2008;Pont de Bar, el;total;dones;població;;79
2008;Pont de Bar, el;total;total;població;;189
2008;Pont de Molins;total;homes;població;;260
2008;Pont de Molins;total;dones;població;;230
2008;Pont de Molins;total;total;població;;490
2008;Pont de Suert, el;total;homes;població;;1332
2008;Pont de Suert, el;total;dones;població;;1221
2008;Pont de Suert, el;total;total;població;;2553
2008;Pont de Vilomara i Rocafort, el;total;homes;població;;1885
2008;Pont de Vilomara i Rocafort, el;total;dones;població;;1750
2008;Pont de Vilomara i Rocafort, el;total;total;població;;3635
2008;Pontils;total;homes;població;;84
2008;Pontils;total;dones;població;;68
2008;Pontils;total;total;població;;152
2008;Pontons;total;homes;població;;302
2008;Pontons;total;dones;població;;256
2008;Pontons;total;total;població;;558
2008;Pontós;total;homes;població;;133
2008;Pontós;total;dones;població;;111
2008;Pontós;total;total;població;;244
2008;Ponts;total;homes;població;;1397
2008;Ponts;total;dones;població;;1352
2008;Ponts;total;total;població;;2749
2008;Porqueres;total;homes;població;;2163
2008;Porqueres;total;dones;població;;2169
2008;Porqueres;total;total;població;;4332
2008;Porrera;total;homes;població;;248
2008;Porrera;total;dones;població;;216
2008;Porrera;total;total;població;;464
2008;Port de la Selva, el;total;homes;població;;535
2008;Port de la Selva, el;total;dones;població;;494
2008;Port de la Selva, el;total;total;població;;1029
2008;Portbou;total;homes;població;;648
2008;Portbou;total;dones;població;;658
2008;Portbou;total;total;població;;1306
2008;Portella, la;total;homes;població;;444
2008;Portella, la;total;dones;població;;372
2008;Portella, la;total;total;població;;816
2008;Pradell de la Teixeta;total;homes;població;;80
2008;Pradell de la Teixeta;total;dones;població;;84
2008;Pradell de la Teixeta;total;total;població;;164
2008;Prades;total;homes;població;;353
2008;Prades;total;dones;població;;330
2008;Prades;total;total;població;;683
2008;Prat de Comte;total;homes;població;;101
2008;Prat de Comte;total;dones;població;;93
2008;Prat de Comte;total;total;població;;194
2008;Prat de Llobregat, el;total;homes;població;;31425
2008;Prat de Llobregat, el;total;dones;població;;31474
2008;Prat de Llobregat, el;total;total;població;;62899
2008;Pratdip;total;homes;població;;446
2008;Pratdip;total;dones;població;;387
2008;Pratdip;total;total;població;;833
2008;Prats de Lluçanès;total;homes;població;;1344
2008;Prats de Lluçanès;total;dones;població;;1375
2008;Prats de Lluçanès;total;total;població;;2719
2008;Prats de Rei, els;total;homes;població;;273
2008;Prats de Rei, els;total;dones;població;;267
2008;Prats de Rei, els;total;total;població;;540
2008;Prats i Sansor;total;homes;població;;130
2008;Prats i Sansor;total;dones;població;;101
2008;Prats i Sansor;total;total;població;;231
2008;Preixana;total;homes;població;;209
2008;Preixana;total;dones;població;;204
2008;Preixana;total;total;població;;413
2008;Preixens;total;homes;població;;258
2008;Preixens;total;dones;població;;247
2008;Preixens;total;total;població;;505
2008;Premià de Dalt;total;homes;població;;4910
2008;Premià de Dalt;total;dones;població;;4957
2008;Premià de Dalt;total;total;població;;9867
2008;Premià de Mar;total;homes;població;;13694
2008;Premià de Mar;total;dones;població;;13851
2008;Premià de Mar;total;total;població;;27545
2008;Preses, les;total;homes;població;;842
2008;Preses, les;total;dones;població;;866
2008;Preses, les;total;total;població;;1708
2008;Prullans;total;homes;població;;123
2008;Prullans;total;dones;població;;113
2008;Prullans;total;total;població;;236
2008;Puigcerdà;total;homes;població;;4855
2008;Puigcerdà;total;dones;població;;4510
2008;Puigcerdà;total;total;població;;9365
2008;Puigdàlber;total;homes;població;;237
2008;Puigdàlber;total;dones;població;;247
2008;Puigdàlber;total;total;població;;484
2008;Puiggròs;total;homes;població;;164
2008;Puiggròs;total;dones;població;;147
2008;Puiggròs;total;total;població;;311
2008;Puigpelat;total;homes;població;;504
2008;Puigpelat;total;dones;població;;449
2008;Puigpelat;total;total;població;;953
2008;Puig-reig;total;homes;població;;2122
2008;Puig-reig;total;dones;població;;2204
2008;Puig-reig;total;total;població;;4326
2008;Puigverd d'Agramunt;total;homes;població;;163
2008;Puigverd d'Agramunt;total;dones;població;;121
2008;Puigverd d'Agramunt;total;total;població;;284
2008;Puigverd de Lleida;total;homes;població;;693
2008;Puigverd de Lleida;total;dones;població;;663
2008;Puigverd de Lleida;total;total;població;;1356
2008;Pujalt;total;homes;població;;100
2008;Pujalt;total;dones;població;;99
2008;Pujalt;total;total;població;;199
2008;Quar, la;total;homes;població;;35
2008;Quar, la;total;dones;població;;25
2008;Quar, la;total;total;població;;60
2008;Quart;total;homes;població;;1419
2008;Quart;total;dones;població;;1343
2008;Quart;total;total;població;;2762
2008;Queralbs;total;homes;població;;110
2008;Queralbs;total;dones;població;;82
2008;Queralbs;total;total;població;;192
2008;Querol;total;homes;població;;297
2008;Querol;total;dones;població;;252
2008;Querol;total;total;població;;549
2008;Rabós;total;homes;població;;98
2008;Rabós;total;dones;població;;96
2008;Rabós;total;total;població;;194
2008;Rajadell;total;homes;població;;268
2008;Rajadell;total;dones;població;;224
2008;Rajadell;total;total;població;;492
2008;Ràpita, la;total;homes;població;;7706
2008;Ràpita, la;total;dones;població;;7601
2008;Ràpita, la;total;total;població;;15307
2008;Rasquera;total;homes;població;;485
2008;Rasquera;total;dones;població;;467
2008;Rasquera;total;total;població;;952
2008;Regencós;total;homes;població;;176
2008;Regencós;total;dones;població;;137
2008;Regencós;total;total;població;;313
2008;Rellinars;total;homes;població;;353
2008;Rellinars;total;dones;població;;332
2008;Rellinars;total;total;població;;685
2008;Renau;total;homes;població;;44
2008;Renau;total;dones;població;;50
2008;Renau;total;total;població;;94
2008;Reus;total;homes;població;;53845
2008;Reus;total;dones;població;;53925
2008;Reus;total;total;població;;107770
2008;Rialp;total;homes;població;;346
2008;Rialp;total;dones;població;;310
2008;Rialp;total;total;població;;656
2008;Riba, la;total;homes;població;;395
2008;Riba, la;total;dones;població;;325
2008;Riba, la;total;total;població;;720
2008;Riba-roja d'Ebre;total;homes;població;;699
2008;Riba-roja d'Ebre;total;dones;població;;629
2008;Riba-roja d'Ebre;total;total;població;;1328
2008;Ribera d'Ondara;total;homes;població;;246
2008;Ribera d'Ondara;total;dones;població;;220
2008;Ribera d'Ondara;total;total;població;;466
2008;Ribera d'Urgellet;total;homes;població;;533
2008;Ribera d'Urgellet;total;dones;població;;458
2008;Ribera d'Urgellet;total;total;població;;991
2008;Ribes de Freser;total;homes;població;;986
2008;Ribes de Freser;total;dones;població;;1020
2008;Ribes de Freser;total;total;població;;2006
2008;Riells i Viabrea;total;homes;població;;1917
2008;Riells i Viabrea;total;dones;població;;1742
2008;Riells i Viabrea;total;total;població;;3659
2008;Riera de Gaià, la;total;homes;població;;790
2008;Riera de Gaià, la;total;dones;població;;750
2008;Riera de Gaià, la;total;total;població;;1540
2008;Riner;total;homes;població;;152
2008;Riner;total;dones;població;;148
2008;Riner;total;total;població;;300
2008;Ripoll;total;homes;població;;5473
2008;Ripoll;total;dones;població;;5539
2008;Ripoll;total;total;població;;11012
2008;Ripollet;total;homes;població;;18512
2008;Ripollet;total;dones;població;;17743
2008;Ripollet;total;total;població;;36255
2008;Riu de Cerdanya;total;homes;població;;61
2008;Riu de Cerdanya;total;dones;població;;55
2008;Riu de Cerdanya;total;total;població;;116
2008;Riudarenes;total;homes;població;;1043
2008;Riudarenes;total;dones;població;;959
2008;Riudarenes;total;total;població;;2002
2008;Riudaura;total;homes;població;;213
2008;Riudaura;total;dones;població;;213
2008;Riudaura;total;total;població;;426
2008;Riudecanyes;total;homes;població;;532
2008;Riudecanyes;total;dones;població;;509
2008;Riudecanyes;total;total;població;;1041
2008;Riudecols;total;homes;població;;644
2008;Riudecols;total;dones;població;;574
2008;Riudecols;total;total;població;;1218
2008;Riudellots de la Selva;total;homes;població;;1009
2008;Riudellots de la Selva;total;dones;població;;931
2008;Riudellots de la Selva;total;total;població;;1940
2008;Riudoms;total;homes;població;;3266
2008;Riudoms;total;dones;població;;3119
2008;Riudoms;total;total;població;;6385
2008;Riumors;total;homes;població;;113
2008;Riumors;total;dones;població;;103
2008;Riumors;total;total;població;;216
2008;Roca del Vallès, la;total;homes;població;;5071
2008;Roca del Vallès, la;total;dones;població;;4961
2008;Roca del Vallès, la;total;total;població;;10032
2008;Rocafort de Queralt;total;homes;població;;155
2008;Rocafort de Queralt;total;dones;població;;129
2008;Rocafort de Queralt;total;total;població;;284
2008;Roda de Berà;total;homes;població;;3174
2008;Roda de Berà;total;dones;població;;2828
2008;Roda de Berà;total;total;població;;6002
2008;Roda de Ter;total;homes;població;;2874
2008;Roda de Ter;total;dones;població;;2989
2008;Roda de Ter;total;total;població;;5863
2008;Rodonyà;total;homes;població;;282
2008;Rodonyà;total;dones;població;;238
2008;Rodonyà;total;total;població;;520
2008;Roquetes;total;homes;població;;4191
2008;Roquetes;total;dones;població;;3796
2008;Roquetes;total;total;població;;7987
2008;Roses;total;homes;població;;9968
2008;Roses;total;dones;població;;9495
2008;Roses;total;total;població;;19463
2008;Rosselló;total;homes;població;;1426
2008;Rosselló;total;dones;població;;1326
2008;Rosselló;total;total;població;;2752
2008;Rourell, el;total;homes;població;;190
2008;Rourell, el;total;dones;població;;186
2008;Rourell, el;total;total;població;;376
2008;Rubí;total;homes;població;;36174
2008;Rubí;total;dones;població;;35753
2008;Rubí;total;total;població;;71927
2008;Rubió;total;homes;població;;95
2008;Rubió;total;dones;població;;91
2008;Rubió;total;total;població;;186
2008;Rupià;total;homes;població;;124
2008;Rupià;total;dones;població;;116
2008;Rupià;total;total;població;;240
2008;Rupit i Pruit;total;homes;població;;165
2008;Rupit i Pruit;total;dones;població;;164
2008;Rupit i Pruit;total;total;població;;329
2008;Sabadell;total;homes;població;;99947
2008;Sabadell;total;dones;població;;104022
2008;Sabadell;total;total;població;;203969
2008;Sagàs;total;homes;població;;71
2008;Sagàs;total;dones;població;;67
2008;Sagàs;total;total;població;;138
2008;Salàs de Pallars;total;homes;població;;177
2008;Salàs de Pallars;total;dones;població;;164
2008;Salàs de Pallars;total;total;població;;341
2008;Saldes;total;homes;població;;196
2008;Saldes;total;dones;població;;148
2008;Saldes;total;total;població;;344
2008;Sales de Llierca;total;homes;població;;69
2008;Sales de Llierca;total;dones;població;;63
2008;Sales de Llierca;total;total;població;;132
2008;Sallent;total;homes;població;;3428
2008;Sallent;total;dones;població;;3633
2008;Sallent;total;total;població;;7061
2008;Salomó;total;homes;població;;257
2008;Salomó;total;dones;població;;225
2008;Salomó;total;total;població;;482
2008;Salou;total;homes;població;;14019
2008;Salou;total;dones;població;;11735
2008;Salou;total;total;població;;25754
2008;Salt;total;homes;població;;15458
2008;Salt;total;dones;població;;13305
2008;Salt;total;total;població;;28763
2008;Sanaüja;total;homes;població;;237
2008;Sanaüja;total;dones;població;;221
2008;Sanaüja;total;total;població;;458
2008;Sant Adrià de Besòs;total;homes;població;;16335
2008;Sant Adrià de Besòs;total;dones;població;;16888
2008;Sant Adrià de Besòs;total;total;població;;33223
2008;Sant Agustí de Lluçanès;total;homes;població;;55
2008;Sant Agustí de Lluçanès;total;dones;població;;50
2008;Sant Agustí de Lluçanès;total;total;població;;105
2008;Sant Andreu de la Barca;total;homes;població;;13504
2008;Sant Andreu de la Barca;total;dones;població;;12775
2008;Sant Andreu de la Barca;total;total;població;;26279
2008;Sant Andreu de Llavaneres;total;homes;població;;5091
2008;Sant Andreu de Llavaneres;total;dones;població;;4918
2008;Sant Andreu de Llavaneres;total;total;població;;10009
2008;Sant Andreu Salou;total;homes;població;;75
2008;Sant Andreu Salou;total;dones;població;;82
2008;Sant Andreu Salou;total;total;població;;157
2008;Sant Aniol de Finestres;total;homes;població;;170
2008;Sant Aniol de Finestres;total;dones;població;;149
2008;Sant Aniol de Finestres;total;total;població;;319
2008;Sant Antoni de Vilamajor;total;homes;població;;2686
2008;Sant Antoni de Vilamajor;total;dones;població;;2646
2008;Sant Antoni de Vilamajor;total;total;població;;5332
2008;Sant Bartomeu del Grau;total;homes;població;;503
2008;Sant Bartomeu del Grau;total;dones;població;;458
2008;Sant Bartomeu del Grau;total;total;població;;961
2008;Sant Boi de Llobregat;total;homes;població;;40386
2008;Sant Boi de Llobregat;total;dones;població;;40949
2008;Sant Boi de Llobregat;total;total;població;;81335
2008;Sant Boi de Lluçanès;total;homes;població;;294
2008;Sant Boi de Lluçanès;total;dones;població;;279
2008;Sant Boi de Lluçanès;total;total;població;;573
2008;Sant Cebrià de Vallalta;total;homes;població;;1668
2008;Sant Cebrià de Vallalta;total;dones;població;;1540
2008;Sant Cebrià de Vallalta;total;total;població;;3208
2008;Sant Celoni;total;homes;població;;8307
2008;Sant Celoni;total;dones;població;;8279
2008;Sant Celoni;total;total;població;;16586
2008;Sant Climent de Llobregat;total;homes;població;;1853
2008;Sant Climent de Llobregat;total;dones;població;;1823
2008;Sant Climent de Llobregat;total;total;població;;3676
2008;Sant Climent Sescebes;total;homes;població;;265
2008;Sant Climent Sescebes;total;dones;població;;236
2008;Sant Climent Sescebes;total;total;població;;501
2008;Sant Cugat del Vallès;total;homes;població;;37345
2008;Sant Cugat del Vallès;total;dones;població;;38929
2008;Sant Cugat del Vallès;total;total;població;;76274
2008;Sant Cugat Sesgarrigues;total;homes;població;;479
2008;Sant Cugat Sesgarrigues;total;dones;població;;444
2008;Sant Cugat Sesgarrigues;total;total;població;;923
2008;Sant Esteve de la Sarga;total;homes;població;;92
2008;Sant Esteve de la Sarga;total;dones;població;;57
2008;Sant Esteve de la Sarga;total;total;població;;149
2008;Sant Esteve de Palautordera;total;homes;població;;1155
2008;Sant Esteve de Palautordera;total;dones;població;;1209
2008;Sant Esteve de Palautordera;total;total;població;;2364
2008;Sant Esteve Sesrovires;total;homes;població;;3495
2008;Sant Esteve Sesrovires;total;dones;població;;3408
2008;Sant Esteve Sesrovires;total;total;població;;6903
2008;Sant Feliu de Buixalleu;total;homes;població;;429
2008;Sant Feliu de Buixalleu;total;dones;població;;374
2008;Sant Feliu de Buixalleu;total;total;població;;803
2008;Sant Feliu de Codines;total;homes;població;;2853
2008;Sant Feliu de Codines;total;dones;població;;2767
2008;Sant Feliu de Codines;total;total;població;;5620
2008;Sant Feliu de Guíxols;total;homes;població;;10888
2008;Sant Feliu de Guíxols;total;dones;població;;10838
2008;Sant Feliu de Guíxols;total;total;població;;21726
2008;Sant Feliu de Llobregat;total;homes;població;;20821
2008;Sant Feliu de Llobregat;total;dones;població;;21807
2008;Sant Feliu de Llobregat;total;total;població;;42628
2008;Sant Feliu de Pallerols;total;homes;població;;687
2008;Sant Feliu de Pallerols;total;dones;població;;702
2008;Sant Feliu de Pallerols;total;total;població;;1389
2008;Sant Feliu Sasserra;total;homes;població;;322
2008;Sant Feliu Sasserra;total;dones;població;;311
2008;Sant Feliu Sasserra;total;total;població;;633
2008;Sant Ferriol;total;homes;població;;121
2008;Sant Ferriol;total;dones;població;;95
2008;Sant Ferriol;total;total;població;;216
2008;Sant Fost de Campsentelles;total;homes;població;;4029
2008;Sant Fost de Campsentelles;total;dones;població;;3910
2008;Sant Fost de Campsentelles;total;total;població;;7939
2008;Sant Fruitós de Bages;total;homes;població;;3991
2008;Sant Fruitós de Bages;total;dones;població;;3791
2008;Sant Fruitós de Bages;total;total;població;;7782
2008;Sant Gregori;total;homes;població;;1554
2008;Sant Gregori;total;dones;població;;1514
2008;Sant Gregori;total;total;població;;3068
2008;Sant Guim de Freixenet;total;homes;població;;546
2008;Sant Guim de Freixenet;total;dones;població;;558
2008;Sant Guim de Freixenet;total;total;població;;1104
2008;Sant Guim de la Plana;total;homes;població;;99
2008;Sant Guim de la Plana;total;dones;població;;85
2008;Sant Guim de la Plana;total;total;població;;184
2008;Sant Hilari Sacalm;total;homes;població;;2983
2008;Sant Hilari Sacalm;total;dones;població;;2761
2008;Sant Hilari Sacalm;total;total;població;;5744
2008;Sant Hipòlit de Voltregà;total;homes;població;;1728
2008;Sant Hipòlit de Voltregà;total;dones;població;;1703
2008;Sant Hipòlit de Voltregà;total;total;població;;3431
2008;Sant Iscle de Vallalta;total;homes;població;;647
2008;Sant Iscle de Vallalta;total;dones;població;;588
2008;Sant Iscle de Vallalta;total;total;població;;1235
2008;Sant Jaume d'Enveja;total;homes;població;;1778
2008;Sant Jaume d'Enveja;total;dones;població;;1701
2008;Sant Jaume d'Enveja;total;total;població;;3479
2008;Sant Jaume de Frontanyà;total;homes;població;;14
2008;Sant Jaume de Frontanyà;total;dones;població;;15
2008;Sant Jaume de Frontanyà;total;total;població;;29
2008;Sant Jaume de Llierca;total;homes;població;;410
2008;Sant Jaume de Llierca;total;dones;població;;399
2008;Sant Jaume de Llierca;total;total;població;;809
2008;Sant Jaume dels Domenys;total;homes;població;;1233
2008;Sant Jaume dels Domenys;total;dones;població;;1115
2008;Sant Jaume dels Domenys;total;total;població;;2348
2008;Sant Joan de les Abadesses;total;homes;població;;1803
2008;Sant Joan de les Abadesses;total;dones;població;;1786
2008;Sant Joan de les Abadesses;total;total;població;;3589
2008;Sant Joan de Mollet;total;homes;població;;255
2008;Sant Joan de Mollet;total;dones;població;;260
2008;Sant Joan de Mollet;total;total;població;;515
2008;Sant Joan de Vilatorrada;total;homes;població;;5417
2008;Sant Joan de Vilatorrada;total;dones;població;;5244
2008;Sant Joan de Vilatorrada;total;total;població;;10661
2008;Sant Joan Despí;total;homes;població;;15559
2008;Sant Joan Despí;total;dones;població;;16088
2008;Sant Joan Despí;total;total;població;;31647
2008;Sant Joan les Fonts;total;homes;població;;1408
2008;Sant Joan les Fonts;total;dones;població;;1343
2008;Sant Joan les Fonts;total;total;població;;2751
2008;Sant Jordi Desvalls;total;homes;població;;315
2008;Sant Jordi Desvalls;total;dones;població;;311
2008;Sant Jordi Desvalls;total;total;població;;626
2008;Sant Julià de Cerdanyola;total;homes;població;;139
2008;Sant Julià de Cerdanyola;total;dones;població;;118
2008;Sant Julià de Cerdanyola;total;total;població;;257
2008;Sant Julià de Ramis;total;homes;població;;1625
2008;Sant Julià de Ramis;total;dones;població;;1508
2008;Sant Julià de Ramis;total;total;població;;3133
2008;Sant Julià de Vilatorta;total;homes;població;;1421
2008;Sant Julià de Vilatorta;total;dones;població;;1512
2008;Sant Julià de Vilatorta;total;total;població;;2933
2008;Sant Julià del Llor i Bonmatí;total;homes;població;;627
2008;Sant Julià del Llor i Bonmatí;total;dones;població;;598
2008;Sant Julià del Llor i Bonmatí;total;total;població;;1225
2008;Sant Just Desvern;total;homes;població;;7305
2008;Sant Just Desvern;total;dones;població;;8060
2008;Sant Just Desvern;total;total;població;;15365
2008;Sant Llorenç d'Hortons;total;homes;població;;1188
2008;Sant Llorenç d'Hortons;total;dones;població;;1114
2008;Sant Llorenç d'Hortons;total;total;població;;2302
2008;Sant Llorenç de la Muga;total;homes;població;;112
2008;Sant Llorenç de la Muga;total;dones;població;;106
2008;Sant Llorenç de la Muga;total;total;població;;218
2008;Sant Llorenç de Morunys;total;homes;població;;552
2008;Sant Llorenç de Morunys;total;dones;població;;519
2008;Sant Llorenç de Morunys;total;total;població;;1071
2008;Sant Llorenç Savall;total;homes;població;;1184
2008;Sant Llorenç Savall;total;dones;població;;1173
2008;Sant Llorenç Savall;total;total;població;;2357
2008;Sant Martí d'Albars;total;homes;població;;59
2008;Sant Martí d'Albars;total;dones;població;;53
2008;Sant Martí d'Albars;total;total;població;;112
2008;Sant Martí de Centelles;total;homes;població;;530
2008;Sant Martí de Centelles;total;dones;població;;467
2008;Sant Martí de Centelles;total;total;població;;997
2008;Sant Martí de Llémena;total;homes;població;;279
2008;Sant Martí de Llémena;total;dones;població;;253
2008;Sant Martí de Llémena;total;total;població;;532
2008;Sant Martí de Riucorb;total;homes;població;;368
2008;Sant Martí de Riucorb;total;dones;població;;329
2008;Sant Martí de Riucorb;total;total;població;;697
2008;Sant Martí de Tous;total;homes;població;;579
2008;Sant Martí de Tous;total;dones;població;;571
2008;Sant Martí de Tous;total;total;població;;1150
2008;Sant Martí Sarroca;total;homes;població;;1563
2008;Sant Martí Sarroca;total;dones;població;;1514
2008;Sant Martí Sarroca;total;total;població;;3077
2008;Sant Martí Sesgueioles;total;homes;població;;192
2008;Sant Martí Sesgueioles;total;dones;població;;184
2008;Sant Martí Sesgueioles;total;total;població;;376
2008;Sant Martí Vell;total;homes;població;;128
2008;Sant Martí Vell;total;dones;població;;114
2008;Sant Martí Vell;total;total;població;;242
2008;Sant Mateu de Bages;total;homes;població;;351
2008;Sant Mateu de Bages;total;dones;població;;322
2008;Sant Mateu de Bages;total;total;població;;673
2008;Sant Miquel de Campmajor;total;homes;població;;127
2008;Sant Miquel de Campmajor;total;dones;població;;116
2008;Sant Miquel de Campmajor;total;total;població;;243
2008;Sant Miquel de Fluvià;total;homes;població;;363
2008;Sant Miquel de Fluvià;total;dones;població;;355
2008;Sant Miquel de Fluvià;total;total;població;;718
2008;Sant Mori;total;homes;població;;86
2008;Sant Mori;total;dones;població;;93
2008;Sant Mori;total;total;població;;179
2008;Sant Pau de Segúries;total;homes;població;;349
2008;Sant Pau de Segúries;total;dones;població;;350
2008;Sant Pau de Segúries;total;total;població;;699
2008;Sant Pere de Ribes;total;homes;població;;14229
2008;Sant Pere de Ribes;total;dones;població;;13837
2008;Sant Pere de Ribes;total;total;població;;28066
2008;Sant Pere de Riudebitlles;total;homes;població;;1194
2008;Sant Pere de Riudebitlles;total;dones;població;;1165
2008;Sant Pere de Riudebitlles;total;total;població;;2359
2008;Sant Pere de Torelló;total;homes;població;;1167
2008;Sant Pere de Torelló;total;dones;població;;1155
2008;Sant Pere de Torelló;total;total;població;;2322
2008;Sant Pere de Vilamajor;total;homes;població;;1952
2008;Sant Pere de Vilamajor;total;dones;població;;1939
2008;Sant Pere de Vilamajor;total;total;població;;3891
2008;Sant Pere Pescador;total;homes;població;;1065
2008;Sant Pere Pescador;total;dones;població;;905
2008;Sant Pere Pescador;total;total;població;;1970
2008;Sant Pere Sallavinera;total;homes;població;;88
2008;Sant Pere Sallavinera;total;dones;població;;83
2008;Sant Pere Sallavinera;total;total;població;;171
2008;Sant Pol de Mar;total;homes;població;;2520
2008;Sant Pol de Mar;total;dones;població;;2450
2008;Sant Pol de Mar;total;total;població;;4970
2008;Sant Quintí de Mediona;total;homes;població;;1102
2008;Sant Quintí de Mediona;total;dones;població;;1065
2008;Sant Quintí de Mediona;total;total;població;;2167
2008;Sant Quirze de Besora;total;homes;població;;1081
2008;Sant Quirze de Besora;total;dones;població;;1134
2008;Sant Quirze de Besora;total;total;població;;2215
2008;Sant Quirze del Vallès;total;homes;població;;8988
2008;Sant Quirze del Vallès;total;dones;població;;9237
2008;Sant Quirze del Vallès;total;total;població;;18225
2008;Sant Quirze Safaja;total;homes;població;;317
2008;Sant Quirze Safaja;total;dones;població;;300
2008;Sant Quirze Safaja;total;total;població;;617
2008;Sant Ramon;total;homes;població;;299
2008;Sant Ramon;total;dones;població;;250
2008;Sant Ramon;total;total;població;;549
2008;Sant Sadurní d'Anoia;total;homes;població;;5895
2008;Sant Sadurní d'Anoia;total;dones;població;;6014
2008;Sant Sadurní d'Anoia;total;total;població;;11909
2008;Sant Sadurní d'Osormort;total;homes;població;;53
2008;Sant Sadurní d'Osormort;total;dones;població;;38
2008;Sant Sadurní d'Osormort;total;total;població;;91
2008;Sant Salvador de Guardiola;total;homes;població;;1548
2008;Sant Salvador de Guardiola;total;dones;població;;1496
2008;Sant Salvador de Guardiola;total;total;població;;3044
2008;Sant Vicenç de Castellet;total;homes;població;;4115
2008;Sant Vicenç de Castellet;total;dones;població;;4160
2008;Sant Vicenç de Castellet;total;total;població;;8275
2008;Sant Vicenç de Montalt;total;homes;població;;2769
2008;Sant Vicenç de Montalt;total;dones;població;;2665
2008;Sant Vicenç de Montalt;total;total;població;;5434
2008;Sant Vicenç de Torelló;total;homes;població;;949
2008;Sant Vicenç de Torelló;total;dones;població;;1028
2008;Sant Vicenç de Torelló;total;total;població;;1977
2008;Sant Vicenç dels Horts;total;homes;població;;13791
2008;Sant Vicenç dels Horts;total;dones;població;;13670
2008;Sant Vicenç dels Horts;total;total;població;;27461
2008;Santa Bàrbara;total;homes;població;;2034
2008;Santa Bàrbara;total;dones;població;;1931
2008;Santa Bàrbara;total;total;població;;3965
2008;Santa Cecília de Voltregà;total;homes;població;;101
2008;Santa Cecília de Voltregà;total;dones;població;;93
2008;Santa Cecília de Voltregà;total;total;població;;194
2008;Santa Coloma de Cervelló;total;homes;població;;3814
2008;Santa Coloma de Cervelló;total;dones;població;;3845
2008;Santa Coloma de Cervelló;total;total;població;;7659
2008;Santa Coloma de Farners;total;homes;població;;5889
2008;Santa Coloma de Farners;total;dones;població;;5523
2008;Santa Coloma de Farners;total;total;població;;11412
2008;Santa Coloma de Gramenet;total;homes;població;;59829
2008;Santa Coloma de Gramenet;total;dones;població;;57507
2008;Santa Coloma de Gramenet;total;total;població;;117336
2008;Santa Coloma de Queralt;total;homes;població;;1588
2008;Santa Coloma de Queralt;total;dones;població;;1540
2008;Santa Coloma de Queralt;total;total;població;;3128
2008;Santa Cristina d'Aro;total;homes;població;;2405
2008;Santa Cristina d'Aro;total;dones;població;;2308
2008;Santa Cristina d'Aro;total;total;població;;4713
2008;Santa Eugènia de Berga;total;homes;població;;1172
2008;Santa Eugènia de Berga;total;dones;població;;1063
2008;Santa Eugènia de Berga;total;total;població;;2235
2008;Santa Eulàlia de Riuprimer;total;homes;població;;512
2008;Santa Eulàlia de Riuprimer;total;dones;població;;492
2008;Santa Eulàlia de Riuprimer;total;total;població;;1004
2008;Santa Eulàlia de Ronçana;total;homes;població;;3350
2008;Santa Eulàlia de Ronçana;total;dones;població;;3319
2008;Santa Eulàlia de Ronçana;total;total;població;;6669
2008;Santa Fe del Penedès;total;homes;població;;199
2008;Santa Fe del Penedès;total;dones;població;;192
2008;Santa Fe del Penedès;total;total;població;;391
2008;Santa Llogaia d'Àlguema;total;homes;població;;169
2008;Santa Llogaia d'Àlguema;total;dones;població;;148
2008;Santa Llogaia d'Àlguema;total;total;població;;317
2008;Santa Margarida de Montbui;total;homes;població;;4913
2008;Santa Margarida de Montbui;total;dones;població;;4865
2008;Santa Margarida de Montbui;total;total;població;;9778
2008;Santa Margarida i els Monjos;total;homes;població;;3511
2008;Santa Margarida i els Monjos;total;dones;població;;3257
2008;Santa Margarida i els Monjos;total;total;població;;6768
2008;Santa Maria d'Oló;total;homes;població;;551
2008;Santa Maria d'Oló;total;dones;població;;538
2008;Santa Maria d'Oló;total;total;població;;1089
2008;Santa Maria de Besora;total;homes;població;;85
2008;Santa Maria de Besora;total;dones;població;;84
2008;Santa Maria de Besora;total;total;població;;169
2008;Santa Maria de Martorelles;total;homes;població;;416
2008;Santa Maria de Martorelles;total;dones;població;;397
2008;Santa Maria de Martorelles;total;total;població;;813
2008;Santa Maria de Merlès;total;homes;població;;77
2008;Santa Maria de Merlès;total;dones;població;;79
2008;Santa Maria de Merlès;total;total;població;;156
2008;Santa Maria de Miralles;total;homes;població;;63
2008;Santa Maria de Miralles;total;dones;població;;67
2008;Santa Maria de Miralles;total;total;població;;130
2008;Santa Maria de Palautordera;total;homes;població;;4445
2008;Santa Maria de Palautordera;total;dones;població;;4169
2008;Santa Maria de Palautordera;total;total;població;;8614
2008;Santa Oliva;total;homes;població;;1655
2008;Santa Oliva;total;dones;població;;1478
2008;Santa Oliva;total;total;població;;3133
2008;Santa Pau;total;homes;població;;800
2008;Santa Pau;total;dones;població;;784
2008;Santa Pau;total;total;població;;1584
2008;Santa Perpètua de Mogoda;total;homes;població;;12472
2008;Santa Perpètua de Mogoda;total;dones;població;;11853
2008;Santa Perpètua de Mogoda;total;total;població;;24325
2008;Santa Susanna;total;homes;població;;1587
2008;Santa Susanna;total;dones;població;;1532
2008;Santa Susanna;total;total;població;;3119
2008;Santpedor;total;homes;població;;3392
2008;Santpedor;total;dones;població;;3395
2008;Santpedor;total;total;població;;6787
2008;Sarral;total;homes;població;;870
2008;Sarral;total;dones;població;;816
2008;Sarral;total;total;població;;1686
2008;Sarrià de Ter;total;homes;població;;2151
2008;Sarrià de Ter;total;dones;població;;2169
2008;Sarrià de Ter;total;total;població;;4320
2008;Sarroca de Bellera;total;homes;població;;79
2008;Sarroca de Bellera;total;dones;població;;57
2008;Sarroca de Bellera;total;total;població;;136
2008;Sarroca de Lleida;total;homes;població;;232
2008;Sarroca de Lleida;total;dones;població;;206
2008;Sarroca de Lleida;total;total;població;;438
2008;Saus, Camallera i Llampaies;total;homes;població;;369
2008;Saus, Camallera i Llampaies;total;dones;població;;392
2008;Saus, Camallera i Llampaies;total;total;població;;761
2008;Savallà del Comtat;total;homes;població;;39
2008;Savallà del Comtat;total;dones;població;;33
2008;Savallà del Comtat;total;total;població;;72
2008;Secuita, la;total;homes;població;;753
2008;Secuita, la;total;dones;població;;713
2008;Secuita, la;total;total;població;;1466
2008;Selva de Mar, la;total;homes;població;;106
2008;Selva de Mar, la;total;dones;població;;107
2008;Selva de Mar, la;total;total;població;;213
2008;Selva del Camp, la;total;homes;població;;2652
2008;Selva del Camp, la;total;dones;població;;2586
2008;Selva del Camp, la;total;total;població;;5238
2008;Senan;total;homes;població;;39
2008;Senan;total;dones;població;;20
2008;Senan;total;total;població;;59
2008;Sénia, la;total;homes;població;;3218
2008;Sénia, la;total;dones;població;;3007
2008;Sénia, la;total;total;població;;6225
2008;Senterada;total;homes;població;;75
2008;Senterada;total;dones;població;;66
2008;Senterada;total;total;població;;141
2008;Sentiu de Sió, la;total;homes;població;;251
2008;Sentiu de Sió, la;total;dones;població;;261
2008;Sentiu de Sió, la;total;total;població;;512
2008;Sentmenat;total;homes;població;;3837
2008;Sentmenat;total;dones;població;;3796
2008;Sentmenat;total;total;població;;7633
2008;Serinyà;total;homes;població;;570
2008;Serinyà;total;dones;població;;531
2008;Serinyà;total;total;població;;1101
2008;Seròs;total;homes;població;;1062
2008;Seròs;total;dones;població;;814
2008;Seròs;total;total;població;;1876
2008;Serra de Daró;total;homes;població;;114
2008;Serra de Daró;total;dones;població;;83
2008;Serra de Daró;total;total;població;;197
2008;Setcases;total;homes;població;;91
2008;Setcases;total;dones;població;;74
2008;Setcases;total;total;població;;165
2008;Seu d'Urgell, la;total;homes;població;;6431
2008;Seu d'Urgell, la;total;dones;població;;6555
2008;Seu d'Urgell, la;total;total;població;;12986
2008;Seva;total;homes;població;;1679
2008;Seva;total;dones;població;;1600
2008;Seva;total;total;població;;3279
2008;Sidamon;total;homes;població;;369
2008;Sidamon;total;dones;població;;358
2008;Sidamon;total;total;població;;727
2008;Sils;total;homes;població;;2499
2008;Sils;total;dones;població;;2351
2008;Sils;total;total;població;;4850
2008;Sitges;total;homes;població;;13475
2008;Sitges;total;dones;població;;13595
2008;Sitges;total;total;població;;27070
2008;Siurana;total;homes;població;;110
2008;Siurana;total;dones;població;;101
2008;Siurana;total;total;població;;211
2008;Sobremunt;total;homes;població;;51
2008;Sobremunt;total;dones;població;;51
2008;Sobremunt;total;total;població;;102
2008;Soleràs, el;total;homes;població;;226
2008;Soleràs, el;total;dones;població;;193
2008;Soleràs, el;total;total;població;;419
2008;Solivella;total;homes;població;;350
2008;Solivella;total;dones;població;;335
2008;Solivella;total;total;població;;685
2008;Solsona;total;homes;població;;4656
2008;Solsona;total;dones;població;;4510
2008;Solsona;total;total;població;;9166
2008;Sora;total;homes;població;;95
2008;Sora;total;dones;població;;79
2008;Sora;total;total;població;;174
2008;Soriguera;total;homes;població;;190
2008;Soriguera;total;dones;població;;170
2008;Soriguera;total;total;població;;360
2008;Sort;total;homes;població;;1203
2008;Sort;total;dones;població;;1170
2008;Sort;total;total;població;;2373
2008;Soses;total;homes;població;;884
2008;Soses;total;dones;població;;778
2008;Soses;total;total;població;;1662
2008;Subirats;total;homes;població;;1544
2008;Subirats;total;dones;població;;1508
2008;Subirats;total;total;població;;3052
2008;Sudanell;total;homes;població;;479
2008;Sudanell;total;dones;població;;384
2008;Sudanell;total;total;població;;863
2008;Sunyer;total;homes;població;;151
2008;Sunyer;total;dones;població;;145
2008;Sunyer;total;total;població;;296
2008;Súria;total;homes;població;;3168
2008;Súria;total;dones;població;;3286
2008;Súria;total;total;població;;6454
2008;Susqueda;total;homes;població;;69
2008;Susqueda;total;dones;població;;56
2008;Susqueda;total;total;població;;125
2008;Tagamanent;total;homes;població;;158
2008;Tagamanent;total;dones;població;;145
2008;Tagamanent;total;total;població;;303
2008;Talamanca;total;homes;població;;85
2008;Talamanca;total;dones;població;;67
2008;Talamanca;total;total;població;;152
2008;Talarn;total;homes;població;;207
2008;Talarn;total;dones;població;;196
2008;Talarn;total;total;població;;403
2008;Talavera;total;homes;població;;168
2008;Talavera;total;dones;població;;136
2008;Talavera;total;total;població;;304
2008;Tallada d'Empordà, la;total;homes;població;;208
2008;Tallada d'Empordà, la;total;dones;població;;193
2008;Tallada d'Empordà, la;total;total;població;;401
2008;Taradell;total;homes;població;;3065
2008;Taradell;total;dones;població;;2864
2008;Taradell;total;total;població;;5929
2008;Tarragona;total;homes;població;;68213
2008;Tarragona;total;dones;població;;69323
2008;Tarragona;total;total;població;;137536
2008;Tàrrega;total;homes;població;;8169
2008;Tàrrega;total;dones;població;;7980
2008;Tàrrega;total;total;població;;16149
2008;Tarrés;total;homes;població;;52
2008;Tarrés;total;dones;població;;54
2008;Tarrés;total;total;població;;106
2008;Tarroja de Segarra;total;homes;població;;95
2008;Tarroja de Segarra;total;dones;població;;85
2008;Tarroja de Segarra;total;total;població;;180
2008;Tavèrnoles;total;homes;població;;161
2008;Tavèrnoles;total;dones;població;;157
2008;Tavèrnoles;total;total;població;;318
2008;Tavertet;total;homes;població;;80
2008;Tavertet;total;dones;població;;68
2008;Tavertet;total;total;població;;148
2008;Teià;total;homes;població;;3056
2008;Teià;total;dones;població;;2931
2008;Teià;total;total;població;;5987
2008;Térmens;total;homes;població;;786
2008;Térmens;total;dones;població;;735
2008;Térmens;total;total;població;;1521
2008;Terrades;total;homes;població;;129
2008;Terrades;total;dones;població;;125
2008;Terrades;total;total;població;;254
2008;Terrassa;total;homes;població;;102875
2008;Terrassa;total;dones;població;;103370
2008;Terrassa;total;total;població;;206245
2008;Tiana;total;homes;població;;3670
2008;Tiana;total;dones;població;;3835
2008;Tiana;total;total;població;;7505
2008;Tírvia;total;homes;població;;72
2008;Tírvia;total;dones;població;;63
2008;Tírvia;total;total;població;;135
2008;Tiurana;total;homes;població;;40
2008;Tiurana;total;dones;població;;38
2008;Tiurana;total;total;població;;78
2008;Tivenys;total;homes;població;;486
2008;Tivenys;total;dones;població;;462
2008;Tivenys;total;total;població;;948
2008;Tivissa;total;homes;població;;941
2008;Tivissa;total;dones;població;;900
2008;Tivissa;total;total;població;;1841
2008;Tona;total;homes;població;;3909
2008;Tona;total;dones;població;;3896
2008;Tona;total;total;població;;7805
2008;Torà;total;homes;població;;719
2008;Torà;total;dones;població;;651
2008;Torà;total;total;població;;1370
2008;Tordera;total;homes;població;;7585
2008;Tordera;total;dones;població;;7215
2008;Tordera;total;total;població;;14800
2008;Torelló;total;homes;població;;6791
2008;Torelló;total;dones;població;;6889
2008;Torelló;total;total;població;;13680
2008;Torms, els;total;homes;població;;95
2008;Torms, els;total;dones;població;;85
2008;Torms, els;total;total;població;;180
2008;Tornabous;total;homes;població;;449
2008;Tornabous;total;dones;població;;398
2008;Tornabous;total;total;població;;847
2008;Torre de Cabdella, la;total;homes;població;;408
2008;Torre de Cabdella, la;total;dones;població;;400
2008;Torre de Cabdella, la;total;total;població;;808
2008;Torre de Claramunt, la;total;homes;població;;1885
2008;Torre de Claramunt, la;total;dones;població;;1730
2008;Torre de Claramunt, la;total;total;població;;3615
2008;Torre de Fontaubella, la;total;homes;població;;72
2008;Torre de Fontaubella, la;total;dones;població;;68
2008;Torre de Fontaubella, la;total;total;població;;140
2008;Torre de l'Espanyol, la;total;homes;població;;352
2008;Torre de l'Espanyol, la;total;dones;població;;321
2008;Torre de l'Espanyol, la;total;total;població;;673
2008;Torrebesses;total;homes;població;;155
2008;Torrebesses;total;dones;població;;143
2008;Torrebesses;total;total;població;;298
2008;Torredembarra;total;homes;població;;7522
2008;Torredembarra;total;dones;població;;7534
2008;Torredembarra;total;total;població;;15056
2008;Torrefarrera;total;homes;població;;1888
2008;Torrefarrera;total;dones;població;;1809
2008;Torrefarrera;total;total;població;;3697
2008;Torrefeta i Florejacs;total;homes;població;;329
2008;Torrefeta i Florejacs;total;dones;població;;304
2008;Torrefeta i Florejacs;total;total;població;;633
2008;Torregrossa;total;homes;població;;1137
2008;Torregrossa;total;dones;població;;1100
2008;Torregrossa;total;total;població;;2237
2008;Torrelameu;total;homes;població;;360
2008;Torrelameu;total;dones;població;;291
2008;Torrelameu;total;total;població;;651
2008;Torrelavit;total;homes;població;;703
2008;Torrelavit;total;dones;població;;587
2008;Torrelavit;total;total;població;;1290
2008;Torrelles de Foix;total;homes;població;;1293
2008;Torrelles de Foix;total;dones;població;;1139
2008;Torrelles de Foix;total;total;població;;2432
2008;Torrelles de Llobregat;total;homes;població;;2609
2008;Torrelles de Llobregat;total;dones;població;;2599
2008;Torrelles de Llobregat;total;total;població;;5208
2008;Torrent;total;homes;població;;95
2008;Torrent;total;dones;població;;89
2008;Torrent;total;total;població;;184
2008;Torres de Segre;total;homes;població;;1073
2008;Torres de Segre;total;dones;població;;982
2008;Torres de Segre;total;total;població;;2055
2008;Torre-serona;total;homes;població;;183
2008;Torre-serona;total;dones;població;;170
2008;Torre-serona;total;total;població;;353
2008;Torroella de Fluvià;total;homes;població;;351
2008;Torroella de Fluvià;total;dones;població;;307
2008;Torroella de Fluvià;total;total;població;;658
2008;Torroella de Montgrí;total;homes;població;;5832
2008;Torroella de Montgrí;total;dones;població;;5609
2008;Torroella de Montgrí;total;total;població;;11441
2008;Torroja del Priorat;total;homes;població;;94
2008;Torroja del Priorat;total;dones;població;;75
2008;Torroja del Priorat;total;total;població;;169
2008;Tortellà;total;homes;població;;378
2008;Tortellà;total;dones;població;;380
2008;Tortellà;total;total;població;;758
2008;Tortosa;total;homes;població;;18429
2008;Tortosa;total;dones;població;;17305
2008;Tortosa;total;total;població;;35734
2008;Toses;total;homes;població;;90
2008;Toses;total;dones;població;;60
2008;Toses;total;total;població;;150
2008;Tossa de Mar;total;homes;població;;2982
2008;Tossa de Mar;total;dones;població;;2863
2008;Tossa de Mar;total;total;població;;5845
2008;Tremp;total;homes;població;;3088
2008;Tremp;total;dones;població;;3102
2008;Tremp;total;total;població;;6190
2008;Ullà;total;homes;població;;622
2008;Ullà;total;dones;població;;445
2008;Ullà;total;total;població;;1067
2008;Ullastrell;total;homes;població;;900
2008;Ullastrell;total;dones;població;;861
2008;Ullastrell;total;total;població;;1761
2008;Ullastret;total;homes;població;;117
2008;Ullastret;total;dones;població;;110
2008;Ullastret;total;total;població;;227
2008;Ulldecona;total;homes;població;;3621
2008;Ulldecona;total;dones;població;;3366
2008;Ulldecona;total;total;població;;6987
2008;Ulldemolins;total;homes;població;;262
2008;Ulldemolins;total;dones;població;;211
2008;Ulldemolins;total;total;població;;473
2008;Ultramort;total;homes;població;;112
2008;Ultramort;total;dones;població;;81
2008;Ultramort;total;total;població;;193
2008;Urús;total;homes;població;;102
2008;Urús;total;dones;població;;94
2008;Urús;total;total;població;;196
2008;Vacarisses;total;homes;població;;3007
2008;Vacarisses;total;dones;població;;2780
2008;Vacarisses;total;total;població;;5787
2008;Vajol, la;total;homes;població;;61
2008;Vajol, la;total;dones;població;;41
2008;Vajol, la;total;total;població;;102
2008;Vall d'en Bas, la;total;homes;població;;1376
2008;Vall d'en Bas, la;total;dones;població;;1359
2008;Vall d'en Bas, la;total;total;població;;2735
2008;Vall de Bianya, la;total;homes;població;;660
2008;Vall de Bianya, la;total;dones;població;;647
2008;Vall de Bianya, la;total;total;població;;1307
2008;Vall de Boí, la;total;homes;població;;589
2008;Vall de Boí, la;total;dones;població;;491
2008;Vall de Boí, la;total;total;població;;1080
2008;Vall de Cardós;total;homes;població;;214
2008;Vall de Cardós;total;dones;població;;188
2008;Vall de Cardós;total;total;població;;402
2008;Vallbona d'Anoia;total;homes;població;;713
2008;Vallbona d'Anoia;total;dones;població;;674
2008;Vallbona d'Anoia;total;total;població;;1387
2008;Vallbona de les Monges;total;homes;població;;128
2008;Vallbona de les Monges;total;dones;població;;123
2008;Vallbona de les Monges;total;total;població;;251
2008;Vallcebre;total;homes;població;;150
2008;Vallcebre;total;dones;població;;119
2008;Vallcebre;total;total;població;;269
2008;Vallclara;total;homes;població;;70
2008;Vallclara;total;dones;població;;56
2008;Vallclara;total;total;població;;126
2008;Vallfogona de Balaguer;total;homes;població;;883
2008;Vallfogona de Balaguer;total;dones;població;;852
2008;Vallfogona de Balaguer;total;total;població;;1735
2008;Vallfogona de Ripollès;total;homes;població;;118
2008;Vallfogona de Ripollès;total;dones;població;;107
2008;Vallfogona de Ripollès;total;total;població;;225
2008;Vallfogona de Riucorb;total;homes;població;;76
2008;Vallfogona de Riucorb;total;dones;població;;53
2008;Vallfogona de Riucorb;total;total;població;;129
2008;Vallgorguina;total;homes;població;;1242
2008;Vallgorguina;total;dones;població;;1162
2008;Vallgorguina;total;total;població;;2404
2008;Vallirana;total;homes;població;;6889
2008;Vallirana;total;dones;població;;6863
2008;Vallirana;total;total;població;;13752
2008;Vall-llobrega;total;homes;població;;433
2008;Vall-llobrega;total;dones;població;;392
2008;Vall-llobrega;total;total;població;;825
2008;Vallmoll;total;homes;població;;847
2008;Vallmoll;total;dones;població;;752
2008;Vallmoll;total;total;població;;1599
2008;Vallromanes;total;homes;població;;1120
2008;Vallromanes;total;dones;població;;1086
2008;Vallromanes;total;total;població;;2206
2008;Valls;total;homes;població;;12486
2008;Valls;total;dones;població;;12224
2008;Valls;total;total;població;;24710
2008;Valls d'Aguilar, les;total;homes;població;;169
2008;Valls d'Aguilar, les;total;dones;població;;136
2008;Valls d'Aguilar, les;total;total;població;;305
2008;Valls de Valira, les;total;homes;població;;478
2008;Valls de Valira, les;total;dones;població;;383
2008;Valls de Valira, les;total;total;població;;861
2008;Vandellòs i l'Hospitalet de l'Infant;total;homes;població;;2875
2008;Vandellòs i l'Hospitalet de l'Infant;total;dones;població;;2778
2008;Vandellòs i l'Hospitalet de l'Infant;total;total;població;;5653
2008;Vansa i Fórnols, la;total;homes;població;;104
2008;Vansa i Fórnols, la;total;dones;població;;84
2008;Vansa i Fórnols, la;total;total;població;;188
2008;Veciana;total;homes;població;;92
2008;Veciana;total;dones;població;;78
2008;Veciana;total;total;població;;170
2008;Vendrell, el;total;homes;població;;17692
2008;Vendrell, el;total;dones;població;;17239
2008;Vendrell, el;total;total;població;;34931
2008;Ventalló;total;homes;població;;389
2008;Ventalló;total;dones;població;;341
2008;Ventalló;total;total;població;;730
2008;Verdú;total;homes;població;;506
2008;Verdú;total;dones;població;;523
2008;Verdú;total;total;població;;1029
2008;Verges;total;homes;població;;602
2008;Verges;total;dones;població;;593
2008;Verges;total;total;població;;1195
2008;Vespella de Gaià;total;homes;població;;217
2008;Vespella de Gaià;total;dones;població;;178
2008;Vespella de Gaià;total;total;població;;395
2008;Vic;total;homes;població;;19596
2008;Vic;total;dones;població;;19368
2008;Vic;total;total;població;;38964
2008;Vidrà;total;homes;població;;90
2008;Vidrà;total;dones;població;;88
2008;Vidrà;total;total;població;;178
2008;Vidreres;total;homes;població;;3819
2008;Vidreres;total;dones;població;;3497
2008;Vidreres;total;total;població;;7316
2008;Vielha e Mijaran;total;homes;població;;3038
2008;Vielha e Mijaran;total;dones;població;;2595
2008;Vielha e Mijaran;total;total;població;;5633
2008;Vilabella;total;homes;població;;409
2008;Vilabella;total;dones;població;;399
2008;Vilabella;total;total;població;;808
2008;Vilabertran;total;homes;població;;455
2008;Vilabertran;total;dones;població;;405
2008;Vilabertran;total;total;població;;860
2008;Vilablareix;total;homes;població;;1129
2008;Vilablareix;total;dones;població;;1148
2008;Vilablareix;total;total;població;;2277
2008;Vilada;total;homes;població;;266
2008;Vilada;total;dones;població;;268
2008;Vilada;total;total;població;;534
2008;Viladamat;total;homes;població;;231
2008;Viladamat;total;dones;població;;208
2008;Viladamat;total;total;població;;439
2008;Viladasens;total;homes;població;;104
2008;Viladasens;total;dones;població;;103
2008;Viladasens;total;total;població;;207
2008;Viladecans;total;homes;població;;31429
2008;Viladecans;total;dones;població;;31144
2008;Viladecans;total;total;població;;62573
2008;Viladecavalls;total;homes;població;;3602
2008;Viladecavalls;total;dones;població;;3568
2008;Viladecavalls;total;total;població;;7170
2008;Vilademuls;total;homes;població;;407
2008;Vilademuls;total;dones;població;;374
2008;Vilademuls;total;total;població;;781
2008;Viladrau;total;homes;població;;554
2008;Viladrau;total;dones;població;;512
2008;Viladrau;total;total;població;;1066
2008;Vilafant;total;homes;població;;2640
2008;Vilafant;total;dones;població;;2674
2008;Vilafant;total;total;població;;5314
2008;Vilafranca del Penedès;total;homes;població;;18662
2008;Vilafranca del Penedès;total;dones;població;;18702
2008;Vilafranca del Penedès;total;total;població;;37364
2008;Vilagrassa;total;homes;població;;236
2008;Vilagrassa;total;dones;població;;213
2008;Vilagrassa;total;total;població;;449
2008;Vilajuïga;total;homes;població;;570
2008;Vilajuïga;total;dones;població;;568
2008;Vilajuïga;total;total;població;;1138
2008;Vilalba dels Arcs;total;homes;població;;381
2008;Vilalba dels Arcs;total;dones;població;;342
2008;Vilalba dels Arcs;total;total;població;;723
2008;Vilalba Sasserra;total;homes;població;;299
2008;Vilalba Sasserra;total;dones;població;;286
2008;Vilalba Sasserra;total;total;població;;585
2008;Vilaller;total;homes;població;;405
2008;Vilaller;total;dones;població;;294
2008;Vilaller;total;total;població;;699
2008;Vilallonga de Ter;total;homes;població;;262
2008;Vilallonga de Ter;total;dones;població;;215
2008;Vilallonga de Ter;total;total;població;;477
2008;Vilallonga del Camp;total;homes;població;;901
2008;Vilallonga del Camp;total;dones;població;;871
2008;Vilallonga del Camp;total;total;població;;1772
2008;Vilamacolum;total;homes;població;;168
2008;Vilamacolum;total;dones;població;;150
2008;Vilamacolum;total;total;població;;318
2008;Vilamalla;total;homes;població;;599
2008;Vilamalla;total;dones;població;;516
2008;Vilamalla;total;total;població;;1115
2008;Vilamaniscle;total;homes;població;;94
2008;Vilamaniscle;total;dones;població;;79
2008;Vilamaniscle;total;total;població;;173
2008;Vilamòs;total;homes;població;;99
2008;Vilamòs;total;dones;població;;88
2008;Vilamòs;total;total;població;;187
2008;Vilanant;total;homes;població;;171
2008;Vilanant;total;dones;població;;177
2008;Vilanant;total;total;població;;348
2008;Vilanova d'Escornalbou;total;homes;població;;290
2008;Vilanova d'Escornalbou;total;dones;població;;241
2008;Vilanova d'Escornalbou;total;total;població;;531
2008;Vilanova de Bellpuig;total;homes;població;;605
2008;Vilanova de Bellpuig;total;dones;població;;552
2008;Vilanova de Bellpuig;total;total;població;;1157
2008;Vilanova de l'Aguda;total;homes;població;;116
2008;Vilanova de l'Aguda;total;dones;població;;111
2008;Vilanova de l'Aguda;total;total;població;;227
2008;Vilanova de la Barca;total;homes;població;;581
2008;Vilanova de la Barca;total;dones;població;;600
2008;Vilanova de la Barca;total;total;població;;1181
2008;Vilanova de Meià;total;homes;població;;215
2008;Vilanova de Meià;total;dones;població;;190
2008;Vilanova de Meià;total;total;població;;405
2008;Vilanova de Prades;total;homes;població;;79
2008;Vilanova de Prades;total;dones;població;;66
2008;Vilanova de Prades;total;total;població;;145
2008;Vilanova de Sau;total;homes;població;;152
2008;Vilanova de Sau;total;dones;població;;179
2008;Vilanova de Sau;total;total;població;;331
2008;Vilanova de Segrià;total;homes;població;;435
2008;Vilanova de Segrià;total;dones;població;;387
2008;Vilanova de Segrià;total;total;població;;822
2008;Vilanova del Camí;total;homes;població;;6351
2008;Vilanova del Camí;total;dones;població;;6077
2008;Vilanova del Camí;total;total;població;;12428
2008;Vilanova del Vallès;total;homes;població;;2296
2008;Vilanova del Vallès;total;dones;població;;2163
2008;Vilanova del Vallès;total;total;població;;4459
2008;Vilanova i la Geltrú;total;homes;població;;32079
2008;Vilanova i la Geltrú;total;dones;població;;32826
2008;Vilanova i la Geltrú;total;total;població;;64905
2008;Vilaplana;total;homes;població;;311
2008;Vilaplana;total;dones;població;;298
2008;Vilaplana;total;total;població;;609
2008;Vila-rodona;total;homes;població;;627
2008;Vila-rodona;total;dones;població;;580
2008;Vila-rodona;total;total;població;;1207
2008;Vila-sacra;total;homes;població;;264
2008;Vila-sacra;total;dones;població;;281
2008;Vila-sacra;total;total;població;;545
2008;Vila-sana;total;homes;població;;335
2008;Vila-sana;total;dones;població;;332
2008;Vila-sana;total;total;població;;667
2008;Vila-seca;total;homes;població;;10219
2008;Vila-seca;total;dones;població;;9820
2008;Vila-seca;total;total;població;;20039
2008;Vilassar de Dalt;total;homes;població;;4281
2008;Vilassar de Dalt;total;dones;població;;4340
2008;Vilassar de Dalt;total;total;població;;8621
2008;Vilassar de Mar;total;homes;població;;9282
2008;Vilassar de Mar;total;dones;població;;9808
2008;Vilassar de Mar;total;total;població;;19090
2008;Vilaür;total;homes;població;;72
2008;Vilaür;total;dones;població;;70
2008;Vilaür;total;total;població;;142
2008;Vilaverd;total;homes;població;;248
2008;Vilaverd;total;dones;població;;242
2008;Vilaverd;total;total;població;;490
2008;Vilella Alta, la;total;homes;població;;64
2008;Vilella Alta, la;total;dones;població;;48
2008;Vilella Alta, la;total;total;població;;112
2008;Vilella Baixa, la;total;homes;població;;107
2008;Vilella Baixa, la;total;dones;població;;98
2008;Vilella Baixa, la;total;total;població;;205
2008;Vilobí d'Onyar;total;homes;població;;1516
2008;Vilobí d'Onyar;total;dones;població;;1346
2008;Vilobí d'Onyar;total;total;població;;2862
2008;Vilobí del Penedès;total;homes;població;;579
2008;Vilobí del Penedès;total;dones;població;;530
2008;Vilobí del Penedès;total;total;població;;1109
2008;Vilopriu;total;homes;població;;111
2008;Vilopriu;total;dones;població;;106
2008;Vilopriu;total;total;població;;217
2008;Vilosell, el;total;homes;població;;101
2008;Vilosell, el;total;dones;població;;102
2008;Vilosell, el;total;total;població;;203
2008;Vimbodí i Poblet;total;homes;població;;595
2008;Vimbodí i Poblet;total;dones;població;;470
2008;Vimbodí i Poblet;total;total;població;;1065
2008;Vinaixa;total;homes;població;;309
2008;Vinaixa;total;dones;població;;293
2008;Vinaixa;total;total;població;;602
2008;Vinebre;total;homes;població;;251
2008;Vinebre;total;dones;població;;245
2008;Vinebre;total;total;població;;496
2008;Vinyols i els Arcs;total;homes;població;;894
2008;Vinyols i els Arcs;total;dones;població;;844
2008;Vinyols i els Arcs;total;total;població;;1738
2008;Viver i Serrateix;total;homes;població;;100
2008;Viver i Serrateix;total;dones;població;;93
2008;Viver i Serrateix;total;total;població;;193
2008;Xerta;total;homes;població;;651
2008;Xerta;total;dones;població;;656
2008;Xerta;total;total;població;;1307
2008;Catalunya;total;homes;població;;3661028
2008;Catalunya;total;dones;població;;3703050
2008;Catalunya;total;total;població;;7364078
