any;municipi;edat any a any;sexe;concepte;estat;valor
2013;Abella de la Conca;total;homes;població;;90
2013;Abella de la Conca;total;dones;població;;75
2013;Abella de la Conca;total;total;població;;165
2013;Abrera;total;homes;població;;6152
2013;Abrera;total;dones;població;;5903
2013;Abrera;total;total;població;;12055
2013;Àger;total;homes;població;;327
2013;Àger;total;dones;població;;277
2013;Àger;total;total;població;;604
2013;Agramunt;total;homes;població;;2852
2013;Agramunt;total;dones;població;;2747
2013;Agramunt;total;total;població;;5599
2013;Aguilar de Segarra;total;homes;població;;128
2013;Aguilar de Segarra;total;dones;població;;114
2013;Aguilar de Segarra;total;total;població;;242
2013;Agullana;total;homes;població;;434
2013;Agullana;total;dones;població;;419
2013;Agullana;total;total;població;;853
2013;Aiguafreda;total;homes;població;;1209
2013;Aiguafreda;total;dones;població;;1293
2013;Aiguafreda;total;total;població;;2502
2013;Aiguamúrcia;total;homes;població;;486
2013;Aiguamúrcia;total;dones;població;;432
2013;Aiguamúrcia;total;total;població;;918
2013;Aiguaviva;total;homes;població;;393
2013;Aiguaviva;total;dones;població;;399
2013;Aiguaviva;total;total;població;;792
2013;Aitona;total;homes;població;;1234
2013;Aitona;total;dones;població;;1168
2013;Aitona;total;total;població;;2402
2013;Alamús, els;total;homes;població;;395
2013;Alamús, els;total;dones;població;;357
2013;Alamús, els;total;total;població;;752
2013;Alàs i Cerc;total;homes;població;;183
2013;Alàs i Cerc;total;dones;població;;176
2013;Alàs i Cerc;total;total;població;;359
2013;Albagés, l';total;homes;població;;224
2013;Albagés, l';total;dones;població;;203
2013;Albagés, l';total;total;població;;427
2013;Albanyà;total;homes;població;;90
2013;Albanyà;total;dones;població;;74
2013;Albanyà;total;total;població;;164
2013;Albatàrrec;total;homes;població;;1096
2013;Albatàrrec;total;dones;població;;994
2013;Albatàrrec;total;total;població;;2090
2013;Albesa;total;homes;població;;885
2013;Albesa;total;dones;població;;751
2013;Albesa;total;total;població;;1636
2013;Albi, l';total;homes;població;;448
2013;Albi, l';total;dones;població;;415
2013;Albi, l';total;total;població;;863
2013;Albinyana;total;homes;població;;1178
2013;Albinyana;total;dones;població;;1176
2013;Albinyana;total;total;població;;2354
2013;Albiol, l';total;homes;població;;238
2013;Albiol, l';total;dones;població;;231
2013;Albiol, l';total;total;població;;469
2013;Albons;total;homes;població;;387
2013;Albons;total;dones;població;;352
2013;Albons;total;total;població;;739
2013;Alcanar;total;homes;població;;5364
2013;Alcanar;total;dones;població;;5025
2013;Alcanar;total;total;població;;10389
2013;Alcanó;total;homes;població;;119
2013;Alcanó;total;dones;població;;125
2013;Alcanó;total;total;població;;244
2013;Alcarràs;total;homes;població;;4691
2013;Alcarràs;total;dones;població;;4335
2013;Alcarràs;total;total;població;;9026
2013;Alcoletge;total;homes;població;;1697
2013;Alcoletge;total;dones;població;;1527
2013;Alcoletge;total;total;població;;3224
2013;Alcover;total;homes;població;;2585
2013;Alcover;total;dones;població;;2557
2013;Alcover;total;total;població;;5142
2013;Aldea, l';total;homes;població;;2339
2013;Aldea, l';total;dones;població;;2075
2013;Aldea, l';total;total;població;;4414
2013;Aldover;total;homes;població;;494
2013;Aldover;total;dones;població;;479
2013;Aldover;total;total;població;;973
2013;Aleixar, l';total;homes;població;;443
2013;Aleixar, l';total;dones;població;;441
2013;Aleixar, l';total;total;població;;884
2013;Alella;total;homes;població;;4736
2013;Alella;total;dones;població;;4954
2013;Alella;total;total;població;;9690
2013;Alfara de Carles;total;homes;població;;215
2013;Alfara de Carles;total;dones;població;;179
2013;Alfara de Carles;total;total;població;;394
2013;Alfarràs;total;homes;població;;1541
2013;Alfarràs;total;dones;població;;1460
2013;Alfarràs;total;total;població;;3001
2013;Alfés;total;homes;població;;164
2013;Alfés;total;dones;població;;155
2013;Alfés;total;total;població;;319
2013;Alforja;total;homes;població;;949
2013;Alforja;total;dones;població;;908
2013;Alforja;total;total;població;;1857
2013;Algerri;total;homes;població;;228
2013;Algerri;total;dones;població;;203
2013;Algerri;total;total;població;;431
2013;Alguaire;total;homes;població;;1636
2013;Alguaire;total;dones;població;;1477
2013;Alguaire;total;total;població;;3113
2013;Alins;total;homes;població;;157
2013;Alins;total;dones;població;;144
2013;Alins;total;total;població;;301
2013;Alió;total;homes;població;;212
2013;Alió;total;dones;població;;209
2013;Alió;total;total;població;;421
2013;Almacelles;total;homes;població;;3497
2013;Almacelles;total;dones;població;;3227
2013;Almacelles;total;total;població;;6724
2013;Almatret;total;homes;població;;183
2013;Almatret;total;dones;població;;165
2013;Almatret;total;total;població;;348
2013;Almenar;total;homes;població;;1925
2013;Almenar;total;dones;població;;1687
2013;Almenar;total;total;població;;3612
2013;Almoster;total;homes;població;;691
2013;Almoster;total;dones;població;;705
2013;Almoster;total;total;població;;1396
2013;Alòs de Balaguer;total;homes;població;;75
2013;Alòs de Balaguer;total;dones;població;;58
2013;Alòs de Balaguer;total;total;població;;133
2013;Alp;total;homes;població;;908
2013;Alp;total;dones;població;;804
2013;Alp;total;total;població;;1712
2013;Alpens;total;homes;població;;167
2013;Alpens;total;dones;població;;137
2013;Alpens;total;total;població;;304
2013;Alpicat;total;homes;població;;3120
2013;Alpicat;total;dones;població;;3147
2013;Alpicat;total;total;població;;6267
2013;Alt Àneu;total;homes;població;;233
2013;Alt Àneu;total;dones;població;;183
2013;Alt Àneu;total;total;població;;416
2013;Altafulla;total;homes;població;;2422
2013;Altafulla;total;dones;població;;2506
2013;Altafulla;total;total;població;;4928
2013;Amer;total;homes;població;;1099
2013;Amer;total;dones;població;;1184
2013;Amer;total;total;població;;2283
2013;Ametlla de Mar, l';total;homes;població;;3924
2013;Ametlla de Mar, l';total;dones;població;;3780
2013;Ametlla de Mar, l';total;total;població;;7704
2013;Ametlla del Vallès, l';total;homes;població;;4129
2013;Ametlla del Vallès, l';total;dones;població;;4098
2013;Ametlla del Vallès, l';total;total;població;;8227
2013;Ampolla, l';total;homes;població;;1854
2013;Ampolla, l';total;dones;població;;1782
2013;Ampolla, l';total;total;població;;3636
2013;Amposta;total;homes;població;;10921
2013;Amposta;total;dones;població;;10590
2013;Amposta;total;total;població;;21511
2013;Anglès;total;homes;població;;2818
2013;Anglès;total;dones;població;;2844
2013;Anglès;total;total;població;;5662
2013;Anglesola;total;homes;població;;683
2013;Anglesola;total;dones;població;;701
2013;Anglesola;total;total;població;;1384
2013;Arbeca;total;homes;població;;1270
2013;Arbeca;total;dones;població;;1200
2013;Arbeca;total;total;població;;2470
2013;Arboç, l';total;homes;població;;2872
2013;Arboç, l';total;dones;població;;2645
2013;Arboç, l';total;total;població;;5517
2013;Arbolí;total;homes;població;;62
2013;Arbolí;total;dones;població;;48
2013;Arbolí;total;total;població;;110
2013;Arbúcies;total;homes;població;;3402
2013;Arbúcies;total;dones;població;;3125
2013;Arbúcies;total;total;població;;6527
2013;Arenys de Mar;total;homes;població;;7457
2013;Arenys de Mar;total;dones;població;;7767
2013;Arenys de Mar;total;total;població;;15224
2013;Arenys de Munt;total;homes;població;;4357
2013;Arenys de Munt;total;dones;població;;4231
2013;Arenys de Munt;total;total;població;;8588
2013;Argelaguer;total;homes;població;;223
2013;Argelaguer;total;dones;població;;202
2013;Argelaguer;total;total;població;;425
2013;Argençola;total;homes;població;;117
2013;Argençola;total;dones;població;;98
2013;Argençola;total;total;població;;215
2013;Argentera, l';total;homes;població;;88
2013;Argentera, l';total;dones;població;;64
2013;Argentera, l';total;total;població;;152
2013;Argentona;total;homes;població;;5860
2013;Argentona;total;dones;població;;6060
2013;Argentona;total;total;població;;11920
2013;Armentera, l';total;homes;població;;436
2013;Armentera, l';total;dones;població;;435
2013;Armentera, l';total;total;població;;871
2013;Arnes;total;homes;població;;247
2013;Arnes;total;dones;població;;232
2013;Arnes;total;total;població;;479
2013;Arres;total;homes;població;;40
2013;Arres;total;dones;població;;21
2013;Arres;total;total;població;;61
2013;Arsèguel;total;homes;població;;45
2013;Arsèguel;total;dones;població;;39
2013;Arsèguel;total;total;població;;84
2013;Artés;total;homes;població;;2813
2013;Artés;total;dones;població;;2794
2013;Artés;total;total;població;;5607
2013;Artesa de Lleida;total;homes;població;;797
2013;Artesa de Lleida;total;dones;població;;722
2013;Artesa de Lleida;total;total;població;;1519
2013;Artesa de Segre;total;homes;població;;1887
2013;Artesa de Segre;total;dones;població;;1821
2013;Artesa de Segre;total;total;població;;3708
2013;Ascó;total;homes;població;;859
2013;Ascó;total;dones;població;;791
2013;Ascó;total;total;població;;1650
2013;Aspa;total;homes;població;;107
2013;Aspa;total;dones;població;;105
2013;Aspa;total;total;població;;212
2013;Avellanes i Santa Linya, les;total;homes;població;;270
2013;Avellanes i Santa Linya, les;total;dones;població;;204
2013;Avellanes i Santa Linya, les;total;total;població;;474
2013;Avià;total;homes;població;;1140
2013;Avià;total;dones;població;;1149
2013;Avià;total;total;població;;2289
2013;Avinyó;total;homes;població;;1161
2013;Avinyó;total;dones;població;;1155
2013;Avinyó;total;total;població;;2316
2013;Avinyonet de Puigventós;total;homes;població;;800
2013;Avinyonet de Puigventós;total;dones;població;;766
2013;Avinyonet de Puigventós;total;total;població;;1566
2013;Avinyonet del Penedès;total;homes;població;;903
2013;Avinyonet del Penedès;total;dones;població;;802
2013;Avinyonet del Penedès;total;total;població;;1705
2013;Badalona;total;homes;població;;109305
2013;Badalona;total;dones;població;;110403
2013;Badalona;total;total;població;;219708
2013;Badia del Vallès;total;homes;població;;6586
2013;Badia del Vallès;total;dones;població;;6945
2013;Badia del Vallès;total;total;població;;13531
2013;Bagà;total;homes;població;;1146
2013;Bagà;total;dones;població;;1153
2013;Bagà;total;total;població;;2299
2013;Baix Pallars;total;homes;població;;195
2013;Baix Pallars;total;dones;població;;181
2013;Baix Pallars;total;total;població;;376
2013;Balaguer;total;homes;població;;8494
2013;Balaguer;total;dones;població;;8171
2013;Balaguer;total;total;població;;16665
2013;Balenyà;total;homes;població;;1874
2013;Balenyà;total;dones;població;;1854
2013;Balenyà;total;total;població;;3728
2013;Balsareny;total;homes;població;;1747
2013;Balsareny;total;dones;població;;1727
2013;Balsareny;total;total;població;;3474
2013;Banyeres del Penedès;total;homes;població;;1552
2013;Banyeres del Penedès;total;dones;població;;1492
2013;Banyeres del Penedès;total;total;població;;3044
2013;Banyoles;total;homes;població;;9582
2013;Banyoles;total;dones;població;;9537
2013;Banyoles;total;total;població;;19119
2013;Barbens;total;homes;població;;455
2013;Barbens;total;dones;població;;415
2013;Barbens;total;total;població;;870
2013;Barberà de la Conca;total;homes;població;;282
2013;Barberà de la Conca;total;dones;població;;241
2013;Barberà de la Conca;total;total;població;;523
2013;Barberà del Vallès;total;homes;població;;16153
2013;Barberà del Vallès;total;dones;població;;16427
2013;Barberà del Vallès;total;total;població;;32580
2013;Barcelona;total;homes;població;;763701
2013;Barcelona;total;dones;població;;848121
2013;Barcelona;total;total;població;;1611822
2013;Baronia de Rialb, la;total;homes;població;;137
2013;Baronia de Rialb, la;total;dones;població;;120
2013;Baronia de Rialb, la;total;total;població;;257
2013;Bàscara;total;homes;població;;499
2013;Bàscara;total;dones;població;;475
2013;Bàscara;total;total;població;;974
2013;Bassella;total;homes;població;;127
2013;Bassella;total;dones;població;;122
2013;Bassella;total;total;població;;249
2013;Batea;total;homes;població;;985
2013;Batea;total;dones;població;;982
2013;Batea;total;total;població;;1967
2013;Bausen;total;homes;població;;31
2013;Bausen;total;dones;població;;21
2013;Bausen;total;total;població;;52
2013;Begues;total;homes;població;;3274
2013;Begues;total;dones;població;;3316
2013;Begues;total;total;població;;6590
2013;Begur;total;homes;població;;2093
2013;Begur;total;dones;població;;2055
2013;Begur;total;total;població;;4148
2013;Belianes;total;homes;població;;286
2013;Belianes;total;dones;població;;270
2013;Belianes;total;total;població;;556
2013;Bellaguarda;total;homes;població;;166
2013;Bellaguarda;total;dones;població;;151
2013;Bellaguarda;total;total;població;;317
2013;Bellcaire d'Empordà;total;homes;població;;322
2013;Bellcaire d'Empordà;total;dones;població;;342
2013;Bellcaire d'Empordà;total;total;població;;664
2013;Bellcaire d'Urgell;total;homes;població;;673
2013;Bellcaire d'Urgell;total;dones;població;;642
2013;Bellcaire d'Urgell;total;total;població;;1315
2013;Bell-lloc d'Urgell;total;homes;població;;1148
2013;Bell-lloc d'Urgell;total;dones;població;;1189
2013;Bell-lloc d'Urgell;total;total;població;;2337
2013;Bellmunt d'Urgell;total;homes;població;;97
2013;Bellmunt d'Urgell;total;dones;població;;101
2013;Bellmunt d'Urgell;total;total;població;;198
2013;Bellmunt del Priorat;total;homes;població;;163
2013;Bellmunt del Priorat;total;dones;població;;150
2013;Bellmunt del Priorat;total;total;població;;313
2013;Bellprat;total;homes;població;;52
2013;Bellprat;total;dones;població;;37
2013;Bellprat;total;total;població;;89
2013;Bellpuig;total;homes;població;;2589
2013;Bellpuig;total;dones;població;;2412
2013;Bellpuig;total;total;població;;5001
2013;Bellvei;total;homes;població;;1091
2013;Bellvei;total;dones;població;;1038
2013;Bellvei;total;total;població;;2129
2013;Bellver de Cerdanya;total;homes;població;;1150
2013;Bellver de Cerdanya;total;dones;població;;1035
2013;Bellver de Cerdanya;total;total;població;;2185
2013;Bellvís;total;homes;població;;1188
2013;Bellvís;total;dones;població;;1183
2013;Bellvís;total;total;població;;2371
2013;Benavent de Segrià;total;homes;població;;795
2013;Benavent de Segrià;total;dones;població;;732
2013;Benavent de Segrià;total;total;població;;1527
2013;Benifallet;total;homes;població;;365
2013;Benifallet;total;dones;població;;360
2013;Benifallet;total;total;població;;725
2013;Benissanet;total;homes;població;;693
2013;Benissanet;total;dones;població;;587
2013;Benissanet;total;total;població;;1280
2013;Berga;total;homes;població;;8174
2013;Berga;total;dones;població;;8435
2013;Berga;total;total;població;;16609
2013;Besalú;total;homes;població;;1153
2013;Besalú;total;dones;població;;1253
2013;Besalú;total;total;població;;2406
2013;Bescanó;total;homes;població;;2401
2013;Bescanó;total;dones;població;;2438
2013;Bescanó;total;total;població;;4839
2013;Beuda;total;homes;població;;100
2013;Beuda;total;dones;població;;88
2013;Beuda;total;total;població;;188
2013;Bigues i Riells del Fai;total;homes;població;;4472
2013;Bigues i Riells del Fai;total;dones;població;;4275
2013;Bigues i Riells del Fai;total;total;població;;8747
2013;Biosca;total;homes;població;;110
2013;Biosca;total;dones;població;;92
2013;Biosca;total;total;població;;202
2013;Bisbal d'Empordà, la;total;homes;població;;5452
2013;Bisbal d'Empordà, la;total;dones;població;;5341
2013;Bisbal d'Empordà, la;total;total;població;;10793
2013;Bisbal de Montsant, la;total;homes;població;;121
2013;Bisbal de Montsant, la;total;dones;població;;98
2013;Bisbal de Montsant, la;total;total;població;;219
2013;Bisbal del Penedès, la;total;homes;població;;1830
2013;Bisbal del Penedès, la;total;dones;població;;1667
2013;Bisbal del Penedès, la;total;total;població;;3497
2013;Biure;total;homes;població;;130
2013;Biure;total;dones;població;;114
2013;Biure;total;total;població;;244
2013;Blancafort;total;homes;població;;212
2013;Blancafort;total;dones;població;;202
2013;Blancafort;total;total;població;;414
2013;Blanes;total;homes;població;;19927
2013;Blanes;total;dones;població;;19733
2013;Blanes;total;total;població;;39660
2013;Boadella i les Escaules;total;homes;població;;123
2013;Boadella i les Escaules;total;dones;població;;125
2013;Boadella i les Escaules;total;total;població;;248
2013;Bolvir;total;homes;població;;200
2013;Bolvir;total;dones;població;;173
2013;Bolvir;total;total;població;;373
2013;Bonastre;total;homes;població;;340
2013;Bonastre;total;dones;població;;314
2013;Bonastre;total;total;població;;654
2013;Bòrdes, Es;total;homes;població;;133
2013;Bòrdes, Es;total;dones;població;;103
2013;Bòrdes, Es;total;total;població;;236
2013;Bordils;total;homes;població;;886
2013;Bordils;total;dones;població;;856
2013;Bordils;total;total;població;;1742
2013;Borges Blanques, les;total;homes;població;;3122
2013;Borges Blanques, les;total;dones;població;;2981
2013;Borges Blanques, les;total;total;població;;6103
2013;Borges del Camp, les;total;homes;població;;1056
2013;Borges del Camp, les;total;dones;població;;1058
2013;Borges del Camp, les;total;total;població;;2114
2013;Borrassà;total;homes;població;;357
2013;Borrassà;total;dones;població;;344
2013;Borrassà;total;total;població;;701
2013;Borredà;total;homes;població;;315
2013;Borredà;total;dones;població;;265
2013;Borredà;total;total;població;;580
2013;Bossòst;total;homes;població;;596
2013;Bossòst;total;dones;població;;591
2013;Bossòst;total;total;població;;1187
2013;Bot;total;homes;població;;348
2013;Bot;total;dones;població;;320
2013;Bot;total;total;població;;668
2013;Botarell;total;homes;població;;595
2013;Botarell;total;dones;població;;518
2013;Botarell;total;total;població;;1113
2013;Bovera;total;homes;població;;157
2013;Bovera;total;dones;població;;134
2013;Bovera;total;total;població;;291
2013;Bràfim;total;homes;població;;342
2013;Bràfim;total;dones;població;;327
2013;Bràfim;total;total;població;;669
2013;Breda;total;homes;població;;1883
2013;Breda;total;dones;població;;1872
2013;Breda;total;total;població;;3755
2013;Bruc, el;total;homes;població;;1083
2013;Bruc, el;total;dones;població;;944
2013;Bruc, el;total;total;població;;2027
2013;Brull, el;total;homes;població;;142
2013;Brull, el;total;dones;població;;124
2013;Brull, el;total;total;població;;266
2013;Brunyola i Sant Martí Sapresa;total;homes;població;;199
2013;Brunyola i Sant Martí Sapresa;total;dones;població;;194
2013;Brunyola i Sant Martí Sapresa;total;total;població;;393
2013;Cabacés;total;homes;població;;170
2013;Cabacés;total;dones;població;;163
2013;Cabacés;total;total;població;;333
2013;Cabanabona;total;homes;població;;44
2013;Cabanabona;total;dones;població;;53
2013;Cabanabona;total;total;població;;97
2013;Cabanelles;total;homes;població;;137
2013;Cabanelles;total;dones;població;;111
2013;Cabanelles;total;total;població;;248
2013;Cabanes;total;homes;població;;494
2013;Cabanes;total;dones;població;;436
2013;Cabanes;total;total;població;;930
2013;Cabanyes, les;total;homes;població;;497
2013;Cabanyes, les;total;dones;població;;472
2013;Cabanyes, les;total;total;població;;969
2013;Cabó;total;homes;població;;47
2013;Cabó;total;dones;població;;47
2013;Cabó;total;total;població;;94
2013;Cabra del Camp;total;homes;població;;615
2013;Cabra del Camp;total;dones;població;;555
2013;Cabra del Camp;total;total;població;;1170
2013;Cabrera d'Anoia;total;homes;població;;706
2013;Cabrera d'Anoia;total;dones;població;;632
2013;Cabrera d'Anoia;total;total;població;;1338
2013;Cabrera de Mar;total;homes;població;;2272
2013;Cabrera de Mar;total;dones;població;;2257
2013;Cabrera de Mar;total;total;població;;4529
2013;Cabrils;total;homes;població;;3529
2013;Cabrils;total;dones;població;;3652
2013;Cabrils;total;total;població;;7181
2013;Cadaqués;total;homes;població;;1448
2013;Cadaqués;total;dones;població;;1490
2013;Cadaqués;total;total;població;;2938
2013;Calaf;total;homes;població;;1821
2013;Calaf;total;dones;població;;1683
2013;Calaf;total;total;població;;3504
2013;Calafell;total;homes;població;;12321
2013;Calafell;total;dones;població;;12242
2013;Calafell;total;total;població;;24563
2013;Calders;total;homes;població;;487
2013;Calders;total;dones;població;;466
2013;Calders;total;total;població;;953
2013;Caldes d'Estrac;total;homes;població;;1313
2013;Caldes d'Estrac;total;dones;població;;1447
2013;Caldes d'Estrac;total;total;població;;2760
2013;Caldes de Malavella;total;homes;població;;3521
2013;Caldes de Malavella;total;dones;població;;3511
2013;Caldes de Malavella;total;total;població;;7032
2013;Caldes de Montbui;total;homes;població;;8562
2013;Caldes de Montbui;total;dones;població;;8594
2013;Caldes de Montbui;total;total;població;;17156
2013;Calella;total;homes;població;;9092
2013;Calella;total;dones;població;;9377
2013;Calella;total;total;població;;18469
2013;Calldetenes;total;homes;població;;1266
2013;Calldetenes;total;dones;població;;1213
2013;Calldetenes;total;total;població;;2479
2013;Callús;total;homes;població;;934
2013;Callús;total;dones;població;;962
2013;Callús;total;total;població;;1896
2013;Calonge de Segarra;total;homes;població;;102
2013;Calonge de Segarra;total;dones;població;;101
2013;Calonge de Segarra;total;total;població;;203
2013;Calonge i Sant Antoni;total;homes;població;;5320
2013;Calonge i Sant Antoni;total;dones;població;;5276
2013;Calonge i Sant Antoni;total;total;població;;10596
2013;Camarasa;total;homes;població;;479
2013;Camarasa;total;dones;població;;462
2013;Camarasa;total;total;població;;941
2013;Camarles;total;homes;població;;1855
2013;Camarles;total;dones;població;;1773
2013;Camarles;total;total;població;;3628
2013;Cambrils;total;homes;població;;16758
2013;Cambrils;total;dones;població;;17017
2013;Cambrils;total;total;població;;33775
2013;Camós;total;homes;població;;354
2013;Camós;total;dones;població;;338
2013;Camós;total;total;població;;692
2013;Campdevànol;total;homes;població;;1682
2013;Campdevànol;total;dones;població;;1740
2013;Campdevànol;total;total;població;;3422
2013;Campelles;total;homes;població;;66
2013;Campelles;total;dones;població;;71
2013;Campelles;total;total;població;;137
2013;Campins;total;homes;població;;276
2013;Campins;total;dones;població;;268
2013;Campins;total;total;població;;544
2013;Campllong;total;homes;població;;255
2013;Campllong;total;dones;població;;260
2013;Campllong;total;total;població;;515
2013;Camprodon;total;homes;població;;1219
2013;Camprodon;total;dones;població;;1247
2013;Camprodon;total;total;població;;2466
2013;Canejan;total;homes;població;;54
2013;Canejan;total;dones;població;;48
2013;Canejan;total;total;població;;102
2013;Canet d'Adri;total;homes;població;;321
2013;Canet d'Adri;total;dones;població;;306
2013;Canet d'Adri;total;total;població;;627
2013;Canet de Mar;total;homes;població;;6893
2013;Canet de Mar;total;dones;població;;7231
2013;Canet de Mar;total;total;població;;14124
2013;Canonja, la;total;homes;població;;2879
2013;Canonja, la;total;dones;població;;2862
2013;Canonja, la;total;total;població;;5741
2013;Canovelles;total;homes;població;;8300
2013;Canovelles;total;dones;població;;7709
2013;Canovelles;total;total;població;;16009
2013;Cànoves i Samalús;total;homes;població;;1473
2013;Cànoves i Samalús;total;dones;població;;1404
2013;Cànoves i Samalús;total;total;població;;2877
2013;Cantallops;total;homes;població;;169
2013;Cantallops;total;dones;població;;166
2013;Cantallops;total;total;població;;335
2013;Canyelles;total;homes;població;;2200
2013;Canyelles;total;dones;població;;2119
2013;Canyelles;total;total;població;;4319
2013;Capafonts;total;homes;població;;58
2013;Capafonts;total;dones;població;;55
2013;Capafonts;total;total;població;;113
2013;Capçanes;total;homes;població;;207
2013;Capçanes;total;dones;població;;208
2013;Capçanes;total;total;població;;415
2013;Capellades;total;homes;població;;2682
2013;Capellades;total;dones;població;;2692
2013;Capellades;total;total;població;;5374
2013;Capmany;total;homes;població;;316
2013;Capmany;total;dones;població;;292
2013;Capmany;total;total;població;;608
2013;Capolat;total;homes;població;;36
2013;Capolat;total;dones;població;;51
2013;Capolat;total;total;població;;87
2013;Cardedeu;total;homes;població;;8645
2013;Cardedeu;total;dones;població;;8888
2013;Cardedeu;total;total;població;;17533
2013;Cardona;total;homes;població;;2458
2013;Cardona;total;dones;població;;2548
2013;Cardona;total;total;població;;5006
2013;Carme;total;homes;població;;437
2013;Carme;total;dones;població;;394
2013;Carme;total;total;població;;831
2013;Caseres;total;homes;població;;137
2013;Caseres;total;dones;població;;136
2013;Caseres;total;total;població;;273
2013;Cassà de la Selva;total;homes;població;;5100
2013;Cassà de la Selva;total;dones;població;;4799
2013;Cassà de la Selva;total;total;població;;9899
2013;Casserres;total;homes;població;;792
2013;Casserres;total;dones;població;;802
2013;Casserres;total;total;població;;1594
2013;Castell d'Aro, Platja d'Aro i s'Agaró;total;homes;població;;5343
2013;Castell d'Aro, Platja d'Aro i s'Agaró;total;dones;població;;5422
2013;Castell d'Aro, Platja d'Aro i s'Agaró;total;total;població;;10765
2013;Castell de l'Areny;total;homes;població;;42
2013;Castell de l'Areny;total;dones;població;;30
2013;Castell de l'Areny;total;total;població;;72
2013;Castell de Mur;total;homes;població;;89
2013;Castell de Mur;total;dones;població;;79
2013;Castell de Mur;total;total;població;;168
2013;Castellar de la Ribera;total;homes;població;;84
2013;Castellar de la Ribera;total;dones;població;;73
2013;Castellar de la Ribera;total;total;població;;157
2013;Castellar de n'Hug;total;homes;població;;92
2013;Castellar de n'Hug;total;dones;població;;74
2013;Castellar de n'Hug;total;total;població;;166
2013;Castellar del Riu;total;homes;població;;95
2013;Castellar del Riu;total;dones;població;;75
2013;Castellar del Riu;total;total;població;;170
2013;Castellar del Vallès;total;homes;població;;11556
2013;Castellar del Vallès;total;dones;població;;11899
2013;Castellar del Vallès;total;total;població;;23455
2013;Castellbell i el Vilar;total;homes;població;;1862
2013;Castellbell i el Vilar;total;dones;població;;1781
2013;Castellbell i el Vilar;total;total;població;;3643
2013;Castellbisbal;total;homes;població;;6324
2013;Castellbisbal;total;dones;població;;6045
2013;Castellbisbal;total;total;població;;12369
2013;Castellcir;total;homes;població;;358
2013;Castellcir;total;dones;població;;346
2013;Castellcir;total;total;població;;704
2013;Castelldans;total;homes;població;;530
2013;Castelldans;total;dones;població;;470
2013;Castelldans;total;total;població;;1000
2013;Castelldefels;total;homes;població;;31251
2013;Castelldefels;total;dones;població;;31826
2013;Castelldefels;total;total;població;;63077
2013;Castellet i la Gornal;total;homes;població;;1133
2013;Castellet i la Gornal;total;dones;població;;1128
2013;Castellet i la Gornal;total;total;població;;2261
2013;Castellfollit de la Roca;total;homes;població;;525
2013;Castellfollit de la Roca;total;dones;població;;500
2013;Castellfollit de la Roca;total;total;població;;1025
2013;Castellfollit de Riubregós;total;homes;població;;100
2013;Castellfollit de Riubregós;total;dones;població;;83
2013;Castellfollit de Riubregós;total;total;població;;183
2013;Castellfollit del Boix;total;homes;població;;214
2013;Castellfollit del Boix;total;dones;població;;210
2013;Castellfollit del Boix;total;total;població;;424
2013;Castellgalí;total;homes;població;;1049
2013;Castellgalí;total;dones;població;;974
2013;Castellgalí;total;total;població;;2023
2013;Castellnou de Bages;total;homes;població;;613
2013;Castellnou de Bages;total;dones;població;;603
2013;Castellnou de Bages;total;total;població;;1216
2013;Castellnou de Seana;total;homes;població;;407
2013;Castellnou de Seana;total;dones;població;;369
2013;Castellnou de Seana;total;total;població;;776
2013;Castelló d'Empúries;total;homes;població;;6049
2013;Castelló d'Empúries;total;dones;població;;5861
2013;Castelló d'Empúries;total;total;població;;11910
2013;Castelló de Farfanya;total;homes;població;;298
2013;Castelló de Farfanya;total;dones;població;;257
2013;Castelló de Farfanya;total;total;població;;555
2013;Castellolí;total;homes;població;;269
2013;Castellolí;total;dones;població;;287
2013;Castellolí;total;total;població;;556
2013;Castellserà;total;homes;població;;544
2013;Castellserà;total;dones;població;;534
2013;Castellserà;total;total;població;;1078
2013;Castellterçol;total;homes;població;;1186
2013;Castellterçol;total;dones;població;;1216
2013;Castellterçol;total;total;població;;2402
2013;Castellvell del Camp;total;homes;població;;1417
2013;Castellvell del Camp;total;dones;població;;1423
2013;Castellvell del Camp;total;total;població;;2840
2013;Castellví de la Marca;total;homes;població;;817
2013;Castellví de la Marca;total;dones;població;;802
2013;Castellví de la Marca;total;total;població;;1619
2013;Castellví de Rosanes;total;homes;població;;860
2013;Castellví de Rosanes;total;dones;població;;886
2013;Castellví de Rosanes;total;total;població;;1746
2013;Catllar, el;total;homes;població;;2145
2013;Catllar, el;total;dones;població;;2019
2013;Catllar, el;total;total;població;;4164
2013;Cava;total;homes;població;;34
2013;Cava;total;dones;població;;26
2013;Cava;total;total;població;;60
2013;Cellera de Ter, la;total;homes;població;;1033
2013;Cellera de Ter, la;total;dones;població;;1029
2013;Cellera de Ter, la;total;total;població;;2062
2013;Celrà;total;homes;població;;2507
2013;Celrà;total;dones;població;;2521
2013;Celrà;total;total;població;;5028
2013;Centelles;total;homes;població;;3601
2013;Centelles;total;dones;població;;3745
2013;Centelles;total;total;població;;7346
2013;Cercs;total;homes;població;;642
2013;Cercs;total;dones;població;;630
2013;Cercs;total;total;població;;1272
2013;Cerdanyola del Vallès;total;homes;població;;28331
2013;Cerdanyola del Vallès;total;dones;població;;29311
2013;Cerdanyola del Vallès;total;total;població;;57642
2013;Cervelló;total;homes;població;;4367
2013;Cervelló;total;dones;població;;4354
2013;Cervelló;total;total;població;;8721
2013;Cervera;total;homes;població;;4652
2013;Cervera;total;dones;població;;4560
2013;Cervera;total;total;població;;9212
2013;Cervià de les Garrigues;total;homes;població;;380
2013;Cervià de les Garrigues;total;dones;població;;346
2013;Cervià de les Garrigues;total;total;població;;726
2013;Cervià de Ter;total;homes;població;;459
2013;Cervià de Ter;total;dones;població;;450
2013;Cervià de Ter;total;total;població;;909
2013;Cistella;total;homes;població;;143
2013;Cistella;total;dones;població;;149
2013;Cistella;total;total;població;;292
2013;Ciutadilla;total;homes;població;;114
2013;Ciutadilla;total;dones;població;;95
2013;Ciutadilla;total;total;població;;209
2013;Clariana de Cardener;total;homes;població;;73
2013;Clariana de Cardener;total;dones;població;;68
2013;Clariana de Cardener;total;total;població;;141
2013;Cogul, el;total;homes;població;;108
2013;Cogul, el;total;dones;població;;85
2013;Cogul, el;total;total;població;;193
2013;Colera;total;homes;població;;293
2013;Colera;total;dones;població;;266
2013;Colera;total;total;població;;559
2013;Coll de Nargó;total;homes;població;;292
2013;Coll de Nargó;total;dones;població;;291
2013;Coll de Nargó;total;total;població;;583
2013;Collbató;total;homes;població;;2249
2013;Collbató;total;dones;població;;2118
2013;Collbató;total;total;població;;4367
2013;Colldejou;total;homes;població;;92
2013;Colldejou;total;dones;població;;81
2013;Colldejou;total;total;població;;173
2013;Collsuspina;total;homes;població;;181
2013;Collsuspina;total;dones;població;;157
2013;Collsuspina;total;total;població;;338
2013;Colomers;total;homes;població;;94
2013;Colomers;total;dones;població;;99
2013;Colomers;total;total;població;;193
2013;Coma i la Pedra, la;total;homes;població;;163
2013;Coma i la Pedra, la;total;dones;població;;110
2013;Coma i la Pedra, la;total;total;població;;273
2013;Conca de Dalt;total;homes;població;;233
2013;Conca de Dalt;total;dones;població;;213
2013;Conca de Dalt;total;total;població;;446
2013;Conesa;total;homes;població;;63
2013;Conesa;total;dones;població;;61
2013;Conesa;total;total;població;;124
2013;Constantí;total;homes;població;;3538
2013;Constantí;total;dones;població;;3210
2013;Constantí;total;total;població;;6748
2013;Copons;total;homes;població;;160
2013;Copons;total;dones;població;;165
2013;Copons;total;total;població;;325
2013;Corbera d'Ebre;total;homes;població;;608
2013;Corbera d'Ebre;total;dones;població;;522
2013;Corbera d'Ebre;total;total;població;;1130
2013;Corbera de Llobregat;total;homes;població;;7129
2013;Corbera de Llobregat;total;dones;població;;7186
2013;Corbera de Llobregat;total;total;població;;14315
2013;Corbins;total;homes;població;;743
2013;Corbins;total;dones;població;;658
2013;Corbins;total;total;població;;1401
2013;Corçà;total;homes;població;;622
2013;Corçà;total;dones;població;;651
2013;Corçà;total;total;població;;1273
2013;Cornellà de Llobregat;total;homes;població;;42472
2013;Cornellà de Llobregat;total;dones;població;;44215
2013;Cornellà de Llobregat;total;total;població;;86687
2013;Cornellà del Terri;total;homes;població;;1153
2013;Cornellà del Terri;total;dones;població;;1105
2013;Cornellà del Terri;total;total;població;;2258
2013;Cornudella de Montsant;total;homes;població;;520
2013;Cornudella de Montsant;total;dones;població;;463
2013;Cornudella de Montsant;total;total;població;;983
2013;Creixell;total;homes;població;;1767
2013;Creixell;total;dones;població;;1688
2013;Creixell;total;total;població;;3455
2013;Crespià;total;homes;població;;130
2013;Crespià;total;dones;població;;126
2013;Crespià;total;total;població;;256
2013;Cruïlles, Monells i Sant Sadurní de l'Heura;total;homes;població;;647
2013;Cruïlles, Monells i Sant Sadurní de l'Heura;total;dones;població;;626
2013;Cruïlles, Monells i Sant Sadurní de l'Heura;total;total;població;;1273
2013;Cubelles;total;homes;població;;7341
2013;Cubelles;total;dones;població;;7187
2013;Cubelles;total;total;població;;14528
2013;Cubells;total;homes;població;;223
2013;Cubells;total;dones;població;;196
2013;Cubells;total;total;població;;419
2013;Cunit;total;homes;població;;6248
2013;Cunit;total;dones;població;;6168
2013;Cunit;total;total;població;;12416
2013;Darnius;total;homes;població;;275
2013;Darnius;total;dones;població;;276
2013;Darnius;total;total;població;;551
2013;Das;total;homes;població;;120
2013;Das;total;dones;població;;96
2013;Das;total;total;població;;216
2013;Deltebre;total;homes;població;;6140
2013;Deltebre;total;dones;població;;6018
2013;Deltebre;total;total;població;;12158
2013;Dosrius;total;homes;població;;2632
2013;Dosrius;total;dones;població;;2553
2013;Dosrius;total;total;població;;5185
2013;Duesaigües;total;homes;població;;140
2013;Duesaigües;total;dones;població;;106
2013;Duesaigües;total;total;població;;246
2013;Escala, l';total;homes;població;;5345
2013;Escala, l';total;dones;població;;5168
2013;Escala, l';total;total;població;;10513
2013;Esparreguera;total;homes;població;;11136
2013;Esparreguera;total;dones;població;;10790
2013;Esparreguera;total;total;població;;21926
2013;Espinelves;total;homes;població;;94
2013;Espinelves;total;dones;població;;99
2013;Espinelves;total;total;població;;193
2013;Espluga Calba, l';total;homes;població;;205
2013;Espluga Calba, l';total;dones;població;;196
2013;Espluga Calba, l';total;total;població;;401
2013;Espluga de Francolí, l';total;homes;població;;1908
2013;Espluga de Francolí, l';total;dones;població;;1989
2013;Espluga de Francolí, l';total;total;població;;3897
2013;Esplugues de Llobregat;total;homes;població;;22590
2013;Esplugues de Llobregat;total;dones;població;;24077
2013;Esplugues de Llobregat;total;total;població;;46667
2013;Espolla;total;homes;població;;203
2013;Espolla;total;dones;població;;204
2013;Espolla;total;total;població;;407
2013;Esponellà;total;homes;població;;226
2013;Esponellà;total;dones;població;;221
2013;Esponellà;total;total;població;;447
2013;Espot;total;homes;població;;196
2013;Espot;total;dones;població;;162
2013;Espot;total;total;població;;358
2013;Espunyola, l';total;homes;població;;134
2013;Espunyola, l';total;dones;població;;131
2013;Espunyola, l';total;total;població;;265
2013;Esquirol, l';total;homes;població;;1113
2013;Esquirol, l';total;dones;població;;1089
2013;Esquirol, l';total;total;població;;2202
2013;Estamariu;total;homes;població;;74
2013;Estamariu;total;dones;població;;52
2013;Estamariu;total;total;població;;126
2013;Estany, l';total;homes;població;;203
2013;Estany, l';total;dones;població;;208
2013;Estany, l';total;total;població;;411
2013;Estaràs;total;homes;població;;85
2013;Estaràs;total;dones;població;;73
2013;Estaràs;total;total;població;;158
2013;Esterri d'Àneu;total;homes;població;;457
2013;Esterri d'Àneu;total;dones;població;;431
2013;Esterri d'Àneu;total;total;població;;888
2013;Esterri de Cardós;total;homes;població;;36
2013;Esterri de Cardós;total;dones;població;;34
2013;Esterri de Cardós;total;total;població;;70
2013;Falset;total;homes;població;;1460
2013;Falset;total;dones;població;;1423
2013;Falset;total;total;població;;2883
2013;Far d'Empordà, el;total;homes;població;;287
2013;Far d'Empordà, el;total;dones;població;;281
2013;Far d'Empordà, el;total;total;població;;568
2013;Farrera;total;homes;població;;72
2013;Farrera;total;dones;població;;52
2013;Farrera;total;total;població;;124
2013;Fatarella, la;total;homes;població;;528
2013;Fatarella, la;total;dones;població;;528
2013;Fatarella, la;total;total;població;;1056
2013;Febró, la;total;homes;població;;35
2013;Febró, la;total;dones;població;;13
2013;Febró, la;total;total;població;;48
2013;Figaró-Montmany;total;homes;població;;563
2013;Figaró-Montmany;total;dones;població;;547
2013;Figaró-Montmany;total;total;població;;1110
2013;Fígols;total;homes;població;;24
2013;Fígols;total;dones;població;;21
2013;Fígols;total;total;població;;45
2013;Fígols i Alinyà;total;homes;població;;149
2013;Fígols i Alinyà;total;dones;població;;118
2013;Fígols i Alinyà;total;total;població;;267
2013;Figuera, la;total;homes;població;;59
2013;Figuera, la;total;dones;població;;49
2013;Figuera, la;total;total;població;;108
2013;Figueres;total;homes;població;;22386
2013;Figueres;total;dones;població;;22737
2013;Figueres;total;total;població;;45123
2013;Figuerola del Camp;total;homes;població;;175
2013;Figuerola del Camp;total;dones;població;;177
2013;Figuerola del Camp;total;total;població;;352
2013;Flaçà;total;homes;població;;504
2013;Flaçà;total;dones;població;;545
2013;Flaçà;total;total;població;;1049
2013;Flix;total;homes;població;;1961
2013;Flix;total;dones;població;;1968
2013;Flix;total;total;població;;3929
2013;Floresta, la;total;homes;població;;89
2013;Floresta, la;total;dones;població;;75
2013;Floresta, la;total;total;població;;164
2013;Fogars de la Selva;total;homes;població;;777
2013;Fogars de la Selva;total;dones;població;;707
2013;Fogars de la Selva;total;total;població;;1484
2013;Fogars de Montclús;total;homes;població;;252
2013;Fogars de Montclús;total;dones;població;;221
2013;Fogars de Montclús;total;total;població;;473
2013;Foixà;total;homes;població;;160
2013;Foixà;total;dones;població;;157
2013;Foixà;total;total;població;;317
2013;Folgueroles;total;homes;població;;1135
2013;Folgueroles;total;dones;població;;1114
2013;Folgueroles;total;total;població;;2249
2013;Fondarella;total;homes;població;;412
2013;Fondarella;total;dones;població;;406
2013;Fondarella;total;total;població;;818
2013;Fonollosa;total;homes;població;;747
2013;Fonollosa;total;dones;població;;699
2013;Fonollosa;total;total;població;;1446
2013;Fontanals de Cerdanya;total;homes;població;;231
2013;Fontanals de Cerdanya;total;dones;població;;227
2013;Fontanals de Cerdanya;total;total;població;;458
2013;Fontanilles;total;homes;població;;87
2013;Fontanilles;total;dones;població;;67
2013;Fontanilles;total;total;població;;154
2013;Fontcoberta;total;homes;població;;699
2013;Fontcoberta;total;dones;població;;740
2013;Fontcoberta;total;total;població;;1439
2013;Font-rubí;total;homes;població;;729
2013;Font-rubí;total;dones;població;;686
2013;Font-rubí;total;total;població;;1415
2013;Foradada;total;homes;població;;106
2013;Foradada;total;dones;població;;79
2013;Foradada;total;total;població;;185
2013;Forallac;total;homes;població;;832
2013;Forallac;total;dones;població;;868
2013;Forallac;total;total;població;;1700
2013;Forès;total;homes;població;;27
2013;Forès;total;dones;població;;22
2013;Forès;total;total;població;;49
2013;Fornells de la Selva;total;homes;població;;1206
2013;Fornells de la Selva;total;dones;població;;1256
2013;Fornells de la Selva;total;total;població;;2462
2013;Fortià;total;homes;població;;334
2013;Fortià;total;dones;població;;348
2013;Fortià;total;total;població;;682
2013;Franqueses del Vallès, les;total;homes;població;;9734
2013;Franqueses del Vallès, les;total;dones;població;;9340
2013;Franqueses del Vallès, les;total;total;població;;19074
2013;Freginals;total;homes;població;;253
2013;Freginals;total;dones;població;;215
2013;Freginals;total;total;població;;468
2013;Fuliola, la;total;homes;població;;663
2013;Fuliola, la;total;dones;població;;637
2013;Fuliola, la;total;total;població;;1300
2013;Fulleda;total;homes;població;;53
2013;Fulleda;total;dones;població;;52
2013;Fulleda;total;total;població;;105
2013;Gaià;total;homes;població;;89
2013;Gaià;total;dones;població;;70
2013;Gaià;total;total;població;;159
2013;Galera, la;total;homes;població;;414
2013;Galera, la;total;dones;població;;394
2013;Galera, la;total;total;població;;808
2013;Gallifa;total;homes;població;;105
2013;Gallifa;total;dones;població;;95
2013;Gallifa;total;total;població;;200
2013;Gandesa;total;homes;població;;1604
2013;Gandesa;total;dones;població;;1513
2013;Gandesa;total;total;població;;3117
2013;Garcia;total;homes;població;;288
2013;Garcia;total;dones;població;;280
2013;Garcia;total;total;població;;568
2013;Garidells, els;total;homes;població;;95
2013;Garidells, els;total;dones;població;;92
2013;Garidells, els;total;total;població;;187
2013;Garriga, la;total;homes;població;;7551
2013;Garriga, la;total;dones;població;;8035
2013;Garriga, la;total;total;població;;15586
2013;Garrigàs;total;homes;població;;214
2013;Garrigàs;total;dones;població;;195
2013;Garrigàs;total;total;població;;409
2013;Garrigoles;total;homes;població;;87
2013;Garrigoles;total;dones;població;;70
2013;Garrigoles;total;total;població;;157
2013;Garriguella;total;homes;població;;433
2013;Garriguella;total;dones;població;;431
2013;Garriguella;total;total;població;;864
2013;Gavà;total;homes;població;;22904
2013;Gavà;total;dones;població;;23473
2013;Gavà;total;total;població;;46377
2013;Gavet de la Conca;total;homes;població;;150
2013;Gavet de la Conca;total;dones;població;;150
2013;Gavet de la Conca;total;total;població;;300
2013;Gelida;total;homes;població;;3552
2013;Gelida;total;dones;població;;3571
2013;Gelida;total;total;població;;7123
2013;Ger;total;homes;població;;244
2013;Ger;total;dones;població;;212
2013;Ger;total;total;població;;456
2013;Gimenells i el Pla de la Font;total;homes;població;;584
2013;Gimenells i el Pla de la Font;total;dones;població;;557
2013;Gimenells i el Pla de la Font;total;total;població;;1141
2013;Ginestar;total;homes;població;;465
2013;Ginestar;total;dones;població;;437
2013;Ginestar;total;total;població;;902
2013;Girona;total;homes;població;;46750
2013;Girona;total;dones;població;;50542
2013;Girona;total;total;població;;97292
2013;Gironella;total;homes;població;;2428
2013;Gironella;total;dones;població;;2512
2013;Gironella;total;total;població;;4940
2013;Gisclareny;total;homes;població;;17
2013;Gisclareny;total;dones;població;;12
2013;Gisclareny;total;total;població;;29
2013;Godall;total;homes;població;;368
2013;Godall;total;dones;població;;345
2013;Godall;total;total;població;;713
2013;Golmés;total;homes;població;;874
2013;Golmés;total;dones;població;;878
2013;Golmés;total;total;població;;1752
2013;Gombrèn;total;homes;població;;98
2013;Gombrèn;total;dones;població;;101
2013;Gombrèn;total;total;població;;199
2013;Gósol;total;homes;població;;127
2013;Gósol;total;dones;població;;90
2013;Gósol;total;total;població;;217
2013;Granada, la;total;homes;població;;1041
2013;Granada, la;total;dones;població;;1014
2013;Granada, la;total;total;població;;2055
2013;Granadella, la;total;homes;població;;398
2013;Granadella, la;total;dones;població;;352
2013;Granadella, la;total;total;població;;750
2013;Granera;total;homes;població;;50
2013;Granera;total;dones;població;;26
2013;Granera;total;total;població;;76
2013;Granja d'Escarp, la;total;homes;població;;521
2013;Granja d'Escarp, la;total;dones;població;;467
2013;Granja d'Escarp, la;total;total;població;;988
2013;Granollers;total;homes;població;;29588
2013;Granollers;total;dones;població;;30165
2013;Granollers;total;total;població;;59753
2013;Granyanella;total;homes;població;;76
2013;Granyanella;total;dones;població;;66
2013;Granyanella;total;total;població;;142
2013;Granyena de les Garrigues;total;homes;població;;103
2013;Granyena de les Garrigues;total;dones;població;;70
2013;Granyena de les Garrigues;total;total;població;;173
2013;Granyena de Segarra;total;homes;població;;60
2013;Granyena de Segarra;total;dones;població;;67
2013;Granyena de Segarra;total;total;població;;127
2013;Gratallops;total;homes;població;;134
2013;Gratallops;total;dones;població;;116
2013;Gratallops;total;total;població;;250
2013;Gualba;total;homes;població;;707
2013;Gualba;total;dones;població;;687
2013;Gualba;total;total;població;;1394
2013;Gualta;total;homes;població;;199
2013;Gualta;total;dones;població;;169
2013;Gualta;total;total;població;;368
2013;Guardiola de Berguedà;total;homes;població;;529
2013;Guardiola de Berguedà;total;dones;població;;449
2013;Guardiola de Berguedà;total;total;població;;978
2013;Guiamets, els;total;homes;població;;140
2013;Guiamets, els;total;dones;població;;157
2013;Guiamets, els;total;total;població;;297
2013;Guils de Cerdanya;total;homes;població;;300
2013;Guils de Cerdanya;total;dones;població;;264
2013;Guils de Cerdanya;total;total;població;;564
2013;Guimerà;total;homes;població;;161
2013;Guimerà;total;dones;població;;135
2013;Guimerà;total;total;població;;296
2013;Guingueta d'Àneu, la;total;homes;població;;168
2013;Guingueta d'Àneu, la;total;dones;població;;158
2013;Guingueta d'Àneu, la;total;total;població;;326
2013;Guissona;total;homes;població;;3622
2013;Guissona;total;dones;població;;3174
2013;Guissona;total;total;població;;6796
2013;Guixers;total;homes;població;;78
2013;Guixers;total;dones;població;;52
2013;Guixers;total;total;població;;130
2013;Gurb;total;homes;població;;1338
2013;Gurb;total;dones;població;;1232
2013;Gurb;total;total;població;;2570
2013;Horta de Sant Joan;total;homes;població;;667
2013;Horta de Sant Joan;total;dones;població;;592
2013;Horta de Sant Joan;total;total;població;;1259
2013;Hospitalet de Llobregat, l';total;homes;població;;123674
2013;Hospitalet de Llobregat, l';total;dones;població;;130382
2013;Hospitalet de Llobregat, l';total;total;població;;254056
2013;Hostalets de Pierola, els;total;homes;població;;1513
2013;Hostalets de Pierola, els;total;dones;població;;1422
2013;Hostalets de Pierola, els;total;total;població;;2935
2013;Hostalric;total;homes;població;;2022
2013;Hostalric;total;dones;població;;1958
2013;Hostalric;total;total;població;;3980
2013;Igualada;total;homes;població;;19112
2013;Igualada;total;dones;població;;19866
2013;Igualada;total;total;població;;38978
2013;Isona i Conca Dellà;total;homes;població;;560
2013;Isona i Conca Dellà;total;dones;població;;493
2013;Isona i Conca Dellà;total;total;població;;1053
2013;Isòvol;total;homes;població;;180
2013;Isòvol;total;dones;població;;138
2013;Isòvol;total;total;població;;318
2013;Ivars d'Urgell;total;homes;població;;853
2013;Ivars d'Urgell;total;dones;població;;766
2013;Ivars d'Urgell;total;total;població;;1619
2013;Ivars de Noguera;total;homes;població;;190
2013;Ivars de Noguera;total;dones;població;;175
2013;Ivars de Noguera;total;total;població;;365
2013;Ivorra;total;homes;població;;63
2013;Ivorra;total;dones;població;;56
2013;Ivorra;total;total;població;;119
2013;Jafre;total;homes;població;;221
2013;Jafre;total;dones;població;;186
2013;Jafre;total;total;població;;407
2013;Jonquera, la;total;homes;població;;1592
2013;Jonquera, la;total;dones;població;;1543
2013;Jonquera, la;total;total;població;;3135
2013;Jorba;total;homes;població;;424
2013;Jorba;total;dones;població;;425
2013;Jorba;total;total;població;;849
2013;Josa i Tuixén;total;homes;població;;80
2013;Josa i Tuixén;total;dones;població;;61
2013;Josa i Tuixén;total;total;població;;141
2013;Juià;total;homes;població;;190
2013;Juià;total;dones;població;;163
2013;Juià;total;total;població;;353
2013;Juncosa;total;homes;població;;239
2013;Juncosa;total;dones;població;;204
2013;Juncosa;total;total;població;;443
2013;Juneda;total;homes;població;;1820
2013;Juneda;total;dones;població;;1661
2013;Juneda;total;total;població;;3481
2013;Les;total;homes;població;;493
2013;Les;total;dones;població;;493
2013;Les;total;total;població;;986
2013;Linyola;total;homes;població;;1350
2013;Linyola;total;dones;població;;1304
2013;Linyola;total;total;població;;2654
2013;Llacuna, la;total;homes;població;;503
2013;Llacuna, la;total;dones;població;;431
2013;Llacuna, la;total;total;població;;934
2013;Lladó;total;homes;població;;374
2013;Lladó;total;dones;població;;381
2013;Lladó;total;total;població;;755
2013;Lladorre;total;homes;població;;116
2013;Lladorre;total;dones;població;;122
2013;Lladorre;total;total;població;;238
2013;Lladurs;total;homes;població;;103
2013;Lladurs;total;dones;població;;84
2013;Lladurs;total;total;població;;187
2013;Llagosta, la;total;homes;població;;6668
2013;Llagosta, la;total;dones;població;;6779
2013;Llagosta, la;total;total;població;;13447
2013;Llagostera;total;homes;població;;4240
2013;Llagostera;total;dones;població;;3960
2013;Llagostera;total;total;població;;8200
2013;Llambilles;total;homes;població;;375
2013;Llambilles;total;dones;població;;357
2013;Llambilles;total;total;població;;732
2013;Llanars;total;homes;població;;260
2013;Llanars;total;dones;població;;246
2013;Llanars;total;total;població;;506
2013;Llançà;total;homes;població;;2480
2013;Llançà;total;dones;població;;2538
2013;Llançà;total;total;població;;5018
2013;Llardecans;total;homes;població;;255
2013;Llardecans;total;dones;població;;242
2013;Llardecans;total;total;població;;497
2013;Llavorsí;total;homes;població;;186
2013;Llavorsí;total;dones;població;;175
2013;Llavorsí;total;total;població;;361
2013;Lleida;total;homes;població;;69294
2013;Lleida;total;dones;població;;70515
2013;Lleida;total;total;població;;139809
2013;Llers;total;homes;població;;621
2013;Llers;total;dones;població;;608
2013;Llers;total;total;població;;1229
2013;Lles de Cerdanya;total;homes;població;;159
2013;Lles de Cerdanya;total;dones;població;;107
2013;Lles de Cerdanya;total;total;població;;266
2013;Lliçà d'Amunt;total;homes;població;;7459
2013;Lliçà d'Amunt;total;dones;població;;7200
2013;Lliçà d'Amunt;total;total;població;;14659
2013;Lliçà de Vall;total;homes;població;;3261
2013;Lliçà de Vall;total;dones;població;;3165
2013;Lliçà de Vall;total;total;població;;6426
2013;Llimiana;total;homes;població;;94
2013;Llimiana;total;dones;població;;68
2013;Llimiana;total;total;població;;162
2013;Llinars del Vallès;total;homes;població;;4726
2013;Llinars del Vallès;total;dones;població;;4828
2013;Llinars del Vallès;total;total;població;;9554
2013;Llívia;total;homes;població;;888
2013;Llívia;total;dones;població;;737
2013;Llívia;total;total;població;;1625
2013;Lloar, el;total;homes;població;;61
2013;Lloar, el;total;dones;població;;52
2013;Lloar, el;total;total;població;;113
2013;Llobera;total;homes;població;;112
2013;Llobera;total;dones;població;;98
2013;Llobera;total;total;població;;210
2013;Llorac;total;homes;població;;60
2013;Llorac;total;dones;població;;53
2013;Llorac;total;total;població;;113
2013;Llorenç del Penedès;total;homes;població;;1126
2013;Llorenç del Penedès;total;dones;població;;1178
2013;Llorenç del Penedès;total;total;població;;2304
2013;Lloret de Mar;total;homes;població;;21255
2013;Lloret de Mar;total;dones;població;;19548
2013;Lloret de Mar;total;total;població;;40803
2013;Llosses, les;total;homes;població;;127
2013;Llosses, les;total;dones;població;;87
2013;Llosses, les;total;total;població;;214
2013;Lluçà;total;homes;població;;120
2013;Lluçà;total;dones;població;;122
2013;Lluçà;total;total;població;;242
2013;Maçanet de Cabrenys;total;homes;població;;383
2013;Maçanet de Cabrenys;total;dones;població;;362
2013;Maçanet de Cabrenys;total;total;població;;745
2013;Maçanet de la Selva;total;homes;població;;3675
2013;Maçanet de la Selva;total;dones;població;;3527
2013;Maçanet de la Selva;total;total;població;;7202
2013;Madremanya;total;homes;població;;134
2013;Madremanya;total;dones;població;;145
2013;Madremanya;total;total;població;;279
2013;Maià de Montcal;total;homes;població;;230
2013;Maià de Montcal;total;dones;població;;223
2013;Maià de Montcal;total;total;població;;453
2013;Maials;total;homes;població;;498
2013;Maials;total;dones;població;;460
2013;Maials;total;total;població;;958
2013;Maldà;total;homes;població;;119
2013;Maldà;total;dones;població;;114
2013;Maldà;total;total;població;;233
2013;Malgrat de Mar;total;homes;població;;9265
2013;Malgrat de Mar;total;dones;població;;9164
2013;Malgrat de Mar;total;total;població;;18429
2013;Malla;total;homes;població;;130
2013;Malla;total;dones;població;;132
2013;Malla;total;total;població;;262
2013;Manlleu;total;homes;població;;10195
2013;Manlleu;total;dones;població;;10240
2013;Manlleu;total;total;població;;20435
2013;Manresa;total;homes;població;;37289
2013;Manresa;total;dones;població;;38881
2013;Manresa;total;total;població;;76170
2013;Marçà;total;homes;població;;320
2013;Marçà;total;dones;població;;296
2013;Marçà;total;total;població;;616
2013;Margalef;total;homes;població;;63
2013;Margalef;total;dones;població;;47
2013;Margalef;total;total;població;;110
2013;Marganell;total;homes;població;;148
2013;Marganell;total;dones;població;;161
2013;Marganell;total;total;població;;309
2013;Martorell;total;homes;població;;14523
2013;Martorell;total;dones;població;;13585
2013;Martorell;total;total;població;;28108
2013;Martorelles;total;homes;població;;2440
2013;Martorelles;total;dones;població;;2442
2013;Martorelles;total;total;població;;4882
2013;Mas de Barberans;total;homes;població;;311
2013;Mas de Barberans;total;dones;població;;326
2013;Mas de Barberans;total;total;població;;637
2013;Masarac i Vilarnadal;total;homes;població;;160
2013;Masarac i Vilarnadal;total;dones;població;;136
2013;Masarac i Vilarnadal;total;total;població;;296
2013;Masdenverge;total;homes;població;;596
2013;Masdenverge;total;dones;població;;544
2013;Masdenverge;total;total;població;;1140
2013;Masies de Roda, les;total;homes;població;;361
2013;Masies de Roda, les;total;dones;població;;383
2013;Masies de Roda, les;total;total;població;;744
2013;Masies de Voltregà, les;total;homes;població;;1559
2013;Masies de Voltregà, les;total;dones;població;;1612
2013;Masies de Voltregà, les;total;total;població;;3171
2013;Masllorenç;total;homes;població;;288
2013;Masllorenç;total;dones;població;;246
2013;Masllorenç;total;total;població;;534
2013;Masnou, el;total;homes;població;;10848
2013;Masnou, el;total;dones;població;;11747
2013;Masnou, el;total;total;població;;22595
2013;Masó, la;total;homes;població;;154
2013;Masó, la;total;dones;població;;137
2013;Masó, la;total;total;població;;291
2013;Maspujols;total;homes;població;;404
2013;Maspujols;total;dones;població;;368
2013;Maspujols;total;total;població;;772
2013;Masquefa;total;homes;població;;4275
2013;Masquefa;total;dones;població;;4154
2013;Masquefa;total;total;població;;8429
2013;Masroig, el;total;homes;població;;300
2013;Masroig, el;total;dones;població;;264
2013;Masroig, el;total;total;població;;564
2013;Massalcoreig;total;homes;població;;299
2013;Massalcoreig;total;dones;població;;266
2013;Massalcoreig;total;total;població;;565
2013;Massanes;total;homes;població;;380
2013;Massanes;total;dones;població;;328
2013;Massanes;total;total;població;;708
2013;Massoteres;total;homes;població;;113
2013;Massoteres;total;dones;població;;91
2013;Massoteres;total;total;població;;204
2013;Matadepera;total;homes;població;;4395
2013;Matadepera;total;dones;població;;4389
2013;Matadepera;total;total;població;;8784
2013;Mataró;total;homes;població;;61885
2013;Mataró;total;dones;població;;62214
2013;Mataró;total;total;població;;124099
2013;Mediona;total;homes;població;;1182
2013;Mediona;total;dones;població;;1171
2013;Mediona;total;total;població;;2353
2013;Menàrguens;total;homes;població;;481
2013;Menàrguens;total;dones;població;;404
2013;Menàrguens;total;total;població;;885
2013;Meranges;total;homes;població;;56
2013;Meranges;total;dones;població;;44
2013;Meranges;total;total;població;;100
2013;Mieres;total;homes;població;;173
2013;Mieres;total;dones;població;;164
2013;Mieres;total;total;població;;337
2013;Milà, el;total;homes;població;;84
2013;Milà, el;total;dones;població;;85
2013;Milà, el;total;total;població;;169
2013;Miralcamp;total;homes;població;;711
2013;Miralcamp;total;dones;població;;697
2013;Miralcamp;total;total;població;;1408
2013;Miravet;total;homes;població;;416
2013;Miravet;total;dones;població;;362
2013;Miravet;total;total;població;;778
2013;Moià;total;homes;població;;2920
2013;Moià;total;dones;població;;2846
2013;Moià;total;total;població;;5766
2013;Molar, el;total;homes;població;;161
2013;Molar, el;total;dones;població;;137
2013;Molar, el;total;total;població;;298
2013;Molins de Rei;total;homes;població;;12096
2013;Molins de Rei;total;dones;població;;12782
2013;Molins de Rei;total;total;població;;24878
2013;Mollerussa;total;homes;població;;7632
2013;Mollerussa;total;dones;població;;7327
2013;Mollerussa;total;total;població;;14959
2013;Mollet de Peralada;total;homes;població;;91
2013;Mollet de Peralada;total;dones;població;;83
2013;Mollet de Peralada;total;total;població;;174
2013;Mollet del Vallès;total;homes;població;;25825
2013;Mollet del Vallès;total;dones;població;;26129
2013;Mollet del Vallès;total;total;població;;51954
2013;Molló;total;homes;població;;171
2013;Molló;total;dones;població;;185
2013;Molló;total;total;població;;356
2013;Molsosa, la;total;homes;població;;52
2013;Molsosa, la;total;dones;població;;52
2013;Molsosa, la;total;total;població;;104
2013;Monistrol de Calders;total;homes;població;;352
2013;Monistrol de Calders;total;dones;població;;334
2013;Monistrol de Calders;total;total;població;;686
2013;Monistrol de Montserrat;total;homes;població;;1524
2013;Monistrol de Montserrat;total;dones;població;;1469
2013;Monistrol de Montserrat;total;total;població;;2993
2013;Montagut i Oix;total;homes;població;;506
2013;Montagut i Oix;total;dones;població;;451
2013;Montagut i Oix;total;total;població;;957
2013;Montblanc;total;homes;població;;3732
2013;Montblanc;total;dones;població;;3677
2013;Montblanc;total;total;població;;7409
2013;Montbrió del Camp;total;homes;població;;1337
2013;Montbrió del Camp;total;dones;població;;1296
2013;Montbrió del Camp;total;total;població;;2633
2013;Montcada i Reixac;total;homes;població;;17293
2013;Montcada i Reixac;total;dones;població;;17570
2013;Montcada i Reixac;total;total;població;;34863
2013;Montclar;total;homes;població;;60
2013;Montclar;total;dones;població;;60
2013;Montclar;total;total;població;;120
2013;Montellà i Martinet;total;homes;població;;350
2013;Montellà i Martinet;total;dones;població;;297
2013;Montellà i Martinet;total;total;població;;647
2013;Montesquiu;total;homes;població;;462
2013;Montesquiu;total;dones;població;;450
2013;Montesquiu;total;total;població;;912
2013;Montferrer i Castellbò;total;homes;població;;554
2013;Montferrer i Castellbò;total;dones;població;;468
2013;Montferrer i Castellbò;total;total;població;;1022
2013;Montferri;total;homes;població;;203
2013;Montferri;total;dones;població;;169
2013;Montferri;total;total;població;;372
2013;Montgai;total;homes;població;;354
2013;Montgai;total;dones;població;;334
2013;Montgai;total;total;població;;688
2013;Montgat;total;homes;població;;5458
2013;Montgat;total;dones;població;;5597
2013;Montgat;total;total;població;;11055
2013;Montmajor;total;homes;població;;238
2013;Montmajor;total;dones;població;;225
2013;Montmajor;total;total;població;;463
2013;Montmaneu;total;homes;població;;91
2013;Montmaneu;total;dones;població;;78
2013;Montmaneu;total;total;població;;169
2013;Montmell, el;total;homes;població;;801
2013;Montmell, el;total;dones;població;;673
2013;Montmell, el;total;total;població;;1474
2013;Montmeló;total;homes;població;;4360
2013;Montmeló;total;dones;població;;4500
2013;Montmeló;total;total;població;;8860
2013;Montoliu de Lleida;total;homes;població;;256
2013;Montoliu de Lleida;total;dones;població;;248
2013;Montoliu de Lleida;total;total;població;;504
2013;Montoliu de Segarra;total;homes;població;;116
2013;Montoliu de Segarra;total;dones;població;;80
2013;Montoliu de Segarra;total;total;població;;196
2013;Montornès de Segarra;total;homes;població;;51
2013;Montornès de Segarra;total;dones;població;;51
2013;Montornès de Segarra;total;total;població;;102
2013;Montornès del Vallès;total;homes;població;;8227
2013;Montornès del Vallès;total;dones;població;;7923
2013;Montornès del Vallès;total;total;població;;16150
2013;Mont-ral;total;homes;població;;96
2013;Mont-ral;total;dones;població;;74
2013;Mont-ral;total;total;població;;170
2013;Mont-ras;total;homes;població;;892
2013;Mont-ras;total;dones;població;;893
2013;Mont-ras;total;total;població;;1785
2013;Mont-roig del Camp;total;homes;població;;6760
2013;Mont-roig del Camp;total;dones;població;;6146
2013;Mont-roig del Camp;total;total;població;;12906
2013;Montseny;total;homes;població;;164
2013;Montseny;total;dones;població;;156
2013;Montseny;total;total;població;;320
2013;Móra d'Ebre;total;homes;població;;2764
2013;Móra d'Ebre;total;dones;població;;2844
2013;Móra d'Ebre;total;total;població;;5608
2013;Móra la Nova;total;homes;població;;1672
2013;Móra la Nova;total;dones;població;;1605
2013;Móra la Nova;total;total;població;;3277
2013;Morell, el;total;homes;població;;1807
2013;Morell, el;total;dones;població;;1678
2013;Morell, el;total;total;població;;3485
2013;Morera de Montsant, la;total;homes;població;;95
2013;Morera de Montsant, la;total;dones;població;;63
2013;Morera de Montsant, la;total;total;població;;158
2013;Muntanyola;total;homes;població;;301
2013;Muntanyola;total;dones;població;;284
2013;Muntanyola;total;total;població;;585
2013;Mura;total;homes;població;;112
2013;Mura;total;dones;població;;93
2013;Mura;total;total;població;;205
2013;Nalec;total;homes;població;;55
2013;Nalec;total;dones;població;;50
2013;Nalec;total;total;població;;105
2013;Naut Aran;total;homes;població;;899
2013;Naut Aran;total;dones;població;;881
2013;Naut Aran;total;total;població;;1780
2013;Navarcles;total;homes;població;;2920
2013;Navarcles;total;dones;població;;3053
2013;Navarcles;total;total;població;;5973
2013;Navàs;total;homes;població;;3058
2013;Navàs;total;dones;població;;3088
2013;Navàs;total;total;població;;6146
2013;Navata;total;homes;població;;624
2013;Navata;total;dones;població;;634
2013;Navata;total;total;població;;1258
2013;Navès;total;homes;població;;133
2013;Navès;total;dones;població;;134
2013;Navès;total;total;població;;267
2013;Nou de Berguedà, la;total;homes;població;;76
2013;Nou de Berguedà, la;total;dones;població;;74
2013;Nou de Berguedà, la;total;total;població;;150
2013;Nou de Gaià, la;total;homes;població;;280
2013;Nou de Gaià, la;total;dones;població;;279
2013;Nou de Gaià, la;total;total;població;;559
2013;Nulles;total;homes;població;;233
2013;Nulles;total;dones;població;;224
2013;Nulles;total;total;població;;457
2013;Odèn;total;homes;població;;161
2013;Odèn;total;dones;població;;108
2013;Odèn;total;total;població;;269
2013;Òdena;total;homes;població;;1859
2013;Òdena;total;dones;població;;1770
2013;Òdena;total;total;població;;3629
2013;Ogassa;total;homes;població;;146
2013;Ogassa;total;dones;població;;102
2013;Ogassa;total;total;població;;248
2013;Olèrdola;total;homes;població;;1879
2013;Olèrdola;total;dones;població;;1747
2013;Olèrdola;total;total;població;;3626
2013;Olesa de Bonesvalls;total;homes;població;;892
2013;Olesa de Bonesvalls;total;dones;població;;828
2013;Olesa de Bonesvalls;total;total;població;;1720
2013;Olesa de Montserrat;total;homes;població;;11931
2013;Olesa de Montserrat;total;dones;població;;11811
2013;Olesa de Montserrat;total;total;població;;23742
2013;Oliana;total;homes;població;;932
2013;Oliana;total;dones;població;;971
2013;Oliana;total;total;població;;1903
2013;Oliola;total;homes;població;;127
2013;Oliola;total;dones;població;;103
2013;Oliola;total;total;població;;230
2013;Olius;total;homes;població;;460
2013;Olius;total;dones;població;;443
2013;Olius;total;total;població;;903
2013;Olivella;total;homes;població;;1902
2013;Olivella;total;dones;població;;1715
2013;Olivella;total;total;població;;3617
2013;Olost;total;homes;població;;593
2013;Olost;total;dones;població;;591
2013;Olost;total;total;població;;1184
2013;Olot;total;homes;població;;16932
2013;Olot;total;dones;població;;17049
2013;Olot;total;total;població;;33981
2013;Oluges, les;total;homes;població;;86
2013;Oluges, les;total;dones;població;;76
2013;Oluges, les;total;total;població;;162
2013;Olvan;total;homes;població;;443
2013;Olvan;total;dones;població;;446
2013;Olvan;total;total;població;;889
2013;Omellons, els;total;homes;població;;125
2013;Omellons, els;total;dones;població;;109
2013;Omellons, els;total;total;població;;234
2013;Omells de na Gaia, els;total;homes;població;;76
2013;Omells de na Gaia, els;total;dones;població;;67
2013;Omells de na Gaia, els;total;total;població;;143
2013;Ordis;total;homes;població;;194
2013;Ordis;total;dones;població;;169
2013;Ordis;total;total;població;;363
2013;Organyà;total;homes;població;;439
2013;Organyà;total;dones;població;;436
2013;Organyà;total;total;població;;875
2013;Orís;total;homes;població;;144
2013;Orís;total;dones;població;;140
2013;Orís;total;total;població;;284
2013;Oristà;total;homes;població;;277
2013;Oristà;total;dones;població;;278
2013;Oristà;total;total;població;;555
2013;Orpí;total;homes;població;;76
2013;Orpí;total;dones;població;;59
2013;Orpí;total;total;població;;135
2013;Òrrius;total;homes;població;;338
2013;Òrrius;total;dones;població;;324
2013;Òrrius;total;total;població;;662
2013;Os de Balaguer;total;homes;població;;517
2013;Os de Balaguer;total;dones;població;;498
2013;Os de Balaguer;total;total;població;;1015
2013;Osor;total;homes;població;;229
2013;Osor;total;dones;població;;227
2013;Osor;total;total;població;;456
2013;Ossó de Sió;total;homes;població;;104
2013;Ossó de Sió;total;dones;població;;106
2013;Ossó de Sió;total;total;població;;210
2013;Pacs del Penedès;total;homes;població;;446
2013;Pacs del Penedès;total;dones;població;;446
2013;Pacs del Penedès;total;total;població;;892
2013;Palafolls;total;homes;població;;4536
2013;Palafolls;total;dones;població;;4545
2013;Palafolls;total;total;població;;9081
2013;Palafrugell;total;homes;població;;11507
2013;Palafrugell;total;dones;població;;11435
2013;Palafrugell;total;total;població;;22942
2013;Palamós;total;homes;població;;8722
2013;Palamós;total;dones;població;;9108
2013;Palamós;total;total;població;;17830
2013;Palau d'Anglesola, el;total;homes;població;;1088
2013;Palau d'Anglesola, el;total;dones;població;;1097
2013;Palau d'Anglesola, el;total;total;població;;2185
2013;Palau de Santa Eulàlia;total;homes;població;;58
2013;Palau de Santa Eulàlia;total;dones;població;;43
2013;Palau de Santa Eulàlia;total;total;població;;101
2013;Palau-sator;total;homes;població;;161
2013;Palau-sator;total;dones;població;;145
2013;Palau-sator;total;total;població;;306
2013;Palau-saverdera;total;homes;població;;735
2013;Palau-saverdera;total;dones;població;;726
2013;Palau-saverdera;total;total;població;;1461
2013;Palau-solità i Plegamans;total;homes;població;;7182
2013;Palau-solità i Plegamans;total;dones;població;;7272
2013;Palau-solità i Plegamans;total;total;població;;14454
2013;Pallaresos, els;total;homes;població;;2252
2013;Pallaresos, els;total;dones;població;;2198
2013;Pallaresos, els;total;total;població;;4450
2013;Pallejà;total;homes;població;;5624
2013;Pallejà;total;dones;població;;5584
2013;Pallejà;total;total;població;;11208
2013;Palma d'Ebre, la;total;homes;població;;176
2013;Palma d'Ebre, la;total;dones;població;;203
2013;Palma d'Ebre, la;total;total;població;;379
2013;Palma de Cervelló, la;total;homes;població;;1504
2013;Palma de Cervelló, la;total;dones;població;;1487
2013;Palma de Cervelló, la;total;total;població;;2991
2013;Palol de Revardit;total;homes;població;;242
2013;Palol de Revardit;total;dones;població;;234
2013;Palol de Revardit;total;total;població;;476
2013;Pals;total;homes;població;;1382
2013;Pals;total;dones;població;;1358
2013;Pals;total;total;població;;2740
2013;Papiol, el;total;homes;població;;2010
2013;Papiol, el;total;dones;població;;2031
2013;Papiol, el;total;total;població;;4041
2013;Pardines;total;homes;població;;92
2013;Pardines;total;dones;població;;66
2013;Pardines;total;total;població;;158
2013;Parets del Vallès;total;homes;població;;9331
2013;Parets del Vallès;total;dones;població;;9249
2013;Parets del Vallès;total;total;població;;18580
2013;Parlavà;total;homes;població;;208
2013;Parlavà;total;dones;població;;196
2013;Parlavà;total;total;població;;404
2013;Passanant i Belltall;total;homes;població;;80
2013;Passanant i Belltall;total;dones;població;;69
2013;Passanant i Belltall;total;total;població;;149
2013;Pau;total;homes;població;;291
2013;Pau;total;dones;població;;295
2013;Pau;total;total;població;;586
2013;Paüls;total;homes;població;;292
2013;Paüls;total;dones;població;;302
2013;Paüls;total;total;població;;594
2013;Pedret i Marzà;total;homes;població;;100
2013;Pedret i Marzà;total;dones;població;;90
2013;Pedret i Marzà;total;total;població;;190
2013;Penelles;total;homes;població;;302
2013;Penelles;total;dones;població;;209
2013;Penelles;total;total;població;;511
2013;Pera, la;total;homes;població;;214
2013;Pera, la;total;dones;població;;229
2013;Pera, la;total;total;població;;443
2013;Perafita;total;homes;població;;215
2013;Perafita;total;dones;població;;207
2013;Perafita;total;total;població;;422
2013;Perafort;total;homes;població;;670
2013;Perafort;total;dones;població;;608
2013;Perafort;total;total;població;;1278
2013;Peralada;total;homes;població;;964
2013;Peralada;total;dones;població;;956
2013;Peralada;total;total;població;;1920
2013;Peramola;total;homes;població;;181
2013;Peramola;total;dones;població;;180
2013;Peramola;total;total;població;;361
2013;Perelló, el;total;homes;població;;1484
2013;Perelló, el;total;dones;població;;1378
2013;Perelló, el;total;total;població;;2862
2013;Piera;total;homes;població;;7674
2013;Piera;total;dones;població;;7383
2013;Piera;total;total;població;;15057
2013;Piles, les;total;homes;població;;111
2013;Piles, les;total;dones;població;;100
2013;Piles, les;total;total;població;;211
2013;Pineda de Mar;total;homes;població;;13114
2013;Pineda de Mar;total;dones;població;;13043
2013;Pineda de Mar;total;total;població;;26157
2013;Pinell de Brai, el;total;homes;població;;570
2013;Pinell de Brai, el;total;dones;població;;543
2013;Pinell de Brai, el;total;total;població;;1113
2013;Pinell de Solsonès;total;homes;població;;117
2013;Pinell de Solsonès;total;dones;població;;94
2013;Pinell de Solsonès;total;total;població;;211
2013;Pinós;total;homes;població;;162
2013;Pinós;total;dones;població;;134
2013;Pinós;total;total;població;;296
2013;Pira;total;homes;població;;256
2013;Pira;total;dones;població;;235
2013;Pira;total;total;població;;491
2013;Pla de Santa Maria, el;total;homes;població;;1234
2013;Pla de Santa Maria, el;total;dones;població;;1107
2013;Pla de Santa Maria, el;total;total;població;;2341
2013;Pla del Penedès, el;total;homes;població;;601
2013;Pla del Penedès, el;total;dones;població;;594
2013;Pla del Penedès, el;total;total;població;;1195
2013;Planes d'Hostoles, les;total;homes;població;;867
2013;Planes d'Hostoles, les;total;dones;població;;819
2013;Planes d'Hostoles, les;total;total;població;;1686
2013;Planoles;total;homes;població;;165
2013;Planoles;total;dones;població;;137
2013;Planoles;total;total;població;;302
2013;Plans de Sió, els;total;homes;població;;290
2013;Plans de Sió, els;total;dones;població;;255
2013;Plans de Sió, els;total;total;població;;545
2013;Poal, el;total;homes;població;;339
2013;Poal, el;total;dones;població;;309
2013;Poal, el;total;total;població;;648
2013;Pobla de Cérvoles, la;total;homes;població;;129
2013;Pobla de Cérvoles, la;total;dones;població;;105
2013;Pobla de Cérvoles, la;total;total;població;;234
2013;Pobla de Claramunt, la;total;homes;població;;1114
2013;Pobla de Claramunt, la;total;dones;població;;1105
2013;Pobla de Claramunt, la;total;total;població;;2219
2013;Pobla de Lillet, la;total;homes;població;;591
2013;Pobla de Lillet, la;total;dones;població;;601
2013;Pobla de Lillet, la;total;total;població;;1192
2013;Pobla de Mafumet, la;total;homes;població;;1656
2013;Pobla de Mafumet, la;total;dones;població;;1554
2013;Pobla de Mafumet, la;total;total;població;;3210
2013;Pobla de Massaluca, la;total;homes;població;;196
2013;Pobla de Massaluca, la;total;dones;població;;176
2013;Pobla de Massaluca, la;total;total;població;;372
2013;Pobla de Montornès, la;total;homes;població;;1515
2013;Pobla de Montornès, la;total;dones;població;;1389
2013;Pobla de Montornès, la;total;total;població;;2904
2013;Pobla de Segur, la;total;homes;població;;1520
2013;Pobla de Segur, la;total;dones;població;;1553
2013;Pobla de Segur, la;total;total;població;;3073
2013;Poboleda;total;homes;població;;197
2013;Poboleda;total;dones;població;;165
2013;Poboleda;total;total;població;;362
2013;Polinyà;total;homes;població;;4166
2013;Polinyà;total;dones;població;;3992
2013;Polinyà;total;total;població;;8158
2013;Pont d'Armentera, el;total;homes;població;;308
2013;Pont d'Armentera, el;total;dones;població;;280
2013;Pont d'Armentera, el;total;total;població;;588
2013;Pont de Bar, el;total;homes;població;;102
2013;Pont de Bar, el;total;dones;població;;74
2013;Pont de Bar, el;total;total;població;;176
2013;Pont de Molins;total;homes;població;;275
2013;Pont de Molins;total;dones;població;;265
2013;Pont de Molins;total;total;població;;540
2013;Pont de Suert, el;total;homes;població;;1241
2013;Pont de Suert, el;total;dones;població;;1200
2013;Pont de Suert, el;total;total;població;;2441
2013;Pont de Vilomara i Rocafort, el;total;homes;població;;1965
2013;Pont de Vilomara i Rocafort, el;total;dones;població;;1804
2013;Pont de Vilomara i Rocafort, el;total;total;població;;3769
2013;Pontils;total;homes;població;;67
2013;Pontils;total;dones;població;;56
2013;Pontils;total;total;població;;123
2013;Pontons;total;homes;població;;271
2013;Pontons;total;dones;població;;233
2013;Pontons;total;total;població;;504
2013;Pontós;total;homes;població;;126
2013;Pontós;total;dones;població;;96
2013;Pontós;total;total;població;;222
2013;Ponts;total;homes;població;;1339
2013;Ponts;total;dones;població;;1351
2013;Ponts;total;total;població;;2690
2013;Porqueres;total;homes;població;;2232
2013;Porqueres;total;dones;població;;2277
2013;Porqueres;total;total;població;;4509
2013;Porrera;total;homes;població;;260
2013;Porrera;total;dones;població;;209
2013;Porrera;total;total;població;;469
2013;Port de la Selva, el;total;homes;població;;525
2013;Port de la Selva, el;total;dones;població;;465
2013;Port de la Selva, el;total;total;població;;990
2013;Portbou;total;homes;població;;643
2013;Portbou;total;dones;població;;637
2013;Portbou;total;total;població;;1280
2013;Portella, la;total;homes;població;;420
2013;Portella, la;total;dones;població;;347
2013;Portella, la;total;total;població;;767
2013;Pradell de la Teixeta;total;homes;població;;83
2013;Pradell de la Teixeta;total;dones;població;;108
2013;Pradell de la Teixeta;total;total;població;;191
2013;Prades;total;homes;població;;338
2013;Prades;total;dones;població;;322
2013;Prades;total;total;població;;660
2013;Prat de Comte;total;homes;població;;92
2013;Prat de Comte;total;dones;població;;78
2013;Prat de Comte;total;total;població;;170
2013;Prat de Llobregat, el;total;homes;població;;31310
2013;Prat de Llobregat, el;total;dones;població;;32109
2013;Prat de Llobregat, el;total;total;població;;63419
2013;Pratdip;total;homes;població;;374
2013;Pratdip;total;dones;població;;326
2013;Pratdip;total;total;població;;700
2013;Prats de Lluçanès;total;homes;població;;1335
2013;Prats de Lluçanès;total;dones;població;;1344
2013;Prats de Lluçanès;total;total;població;;2679
2013;Prats de Rei, els;total;homes;població;;292
2013;Prats de Rei, els;total;dones;població;;259
2013;Prats de Rei, els;total;total;població;;551
2013;Prats i Sansor;total;homes;població;;145
2013;Prats i Sansor;total;dones;població;;136
2013;Prats i Sansor;total;total;població;;281
2013;Preixana;total;homes;població;;207
2013;Preixana;total;dones;població;;203
2013;Preixana;total;total;població;;410
2013;Preixens;total;homes;població;;232
2013;Preixens;total;dones;població;;232
2013;Preixens;total;total;població;;464
2013;Premià de Dalt;total;homes;població;;5172
2013;Premià de Dalt;total;dones;població;;5147
2013;Premià de Dalt;total;total;població;;10319
2013;Premià de Mar;total;homes;població;;13834
2013;Premià de Mar;total;dones;població;;14302
2013;Premià de Mar;total;total;població;;28136
2013;Preses, les;total;homes;població;;871
2013;Preses, les;total;dones;població;;908
2013;Preses, les;total;total;població;;1779
2013;Prullans;total;homes;població;;108
2013;Prullans;total;dones;població;;111
2013;Prullans;total;total;població;;219
2013;Puigcerdà;total;homes;població;;4476
2013;Puigcerdà;total;dones;població;;4434
2013;Puigcerdà;total;total;població;;8910
2013;Puigdàlber;total;homes;població;;266
2013;Puigdàlber;total;dones;població;;267
2013;Puigdàlber;total;total;població;;533
2013;Puiggròs;total;homes;població;;163
2013;Puiggròs;total;dones;població;;139
2013;Puiggròs;total;total;població;;302
2013;Puigpelat;total;homes;població;;559
2013;Puigpelat;total;dones;població;;522
2013;Puigpelat;total;total;població;;1081
2013;Puig-reig;total;homes;població;;2076
2013;Puig-reig;total;dones;població;;2188
2013;Puig-reig;total;total;població;;4264
2013;Puigverd d'Agramunt;total;homes;població;;153
2013;Puigverd d'Agramunt;total;dones;població;;116
2013;Puigverd d'Agramunt;total;total;població;;269
2013;Puigverd de Lleida;total;homes;població;;737
2013;Puigverd de Lleida;total;dones;població;;703
2013;Puigverd de Lleida;total;total;població;;1440
2013;Pujalt;total;homes;població;;106
2013;Pujalt;total;dones;població;;92
2013;Pujalt;total;total;població;;198
2013;Quar, la;total;homes;població;;36
2013;Quar, la;total;dones;població;;25
2013;Quar, la;total;total;població;;61
2013;Quart;total;homes;població;;1695
2013;Quart;total;dones;població;;1663
2013;Quart;total;total;població;;3358
2013;Queralbs;total;homes;població;;105
2013;Queralbs;total;dones;població;;80
2013;Queralbs;total;total;població;;185
2013;Querol;total;homes;població;;301
2013;Querol;total;dones;població;;242
2013;Querol;total;total;població;;543
2013;Rabós;total;homes;població;;88
2013;Rabós;total;dones;població;;97
2013;Rabós;total;total;població;;185
2013;Rajadell;total;homes;població;;277
2013;Rajadell;total;dones;població;;260
2013;Rajadell;total;total;població;;537
2013;Ràpita, la;total;homes;població;;7586
2013;Ràpita, la;total;dones;població;;7659
2013;Ràpita, la;total;total;població;;15245
2013;Rasquera;total;homes;població;;417
2013;Rasquera;total;dones;població;;410
2013;Rasquera;total;total;població;;827
2013;Regencós;total;homes;població;;156
2013;Regencós;total;dones;població;;133
2013;Regencós;total;total;població;;289
2013;Rellinars;total;homes;població;;386
2013;Rellinars;total;dones;població;;361
2013;Rellinars;total;total;població;;747
2013;Renau;total;homes;població;;69
2013;Renau;total;dones;població;;68
2013;Renau;total;total;població;;137
2013;Reus;total;homes;població;;52211
2013;Reus;total;dones;població;;54579
2013;Reus;total;total;població;;106790
2013;Rialp;total;homes;població;;348
2013;Rialp;total;dones;població;;322
2013;Rialp;total;total;població;;670
2013;Riba, la;total;homes;població;;327
2013;Riba, la;total;dones;població;;294
2013;Riba, la;total;total;població;;621
2013;Riba-roja d'Ebre;total;homes;població;;696
2013;Riba-roja d'Ebre;total;dones;població;;605
2013;Riba-roja d'Ebre;total;total;població;;1301
2013;Ribera d'Ondara;total;homes;població;;216
2013;Ribera d'Ondara;total;dones;població;;205
2013;Ribera d'Ondara;total;total;població;;421
2013;Ribera d'Urgellet;total;homes;població;;493
2013;Ribera d'Urgellet;total;dones;població;;462
2013;Ribera d'Urgellet;total;total;població;;955
2013;Ribes de Freser;total;homes;població;;938
2013;Ribes de Freser;total;dones;població;;953
2013;Ribes de Freser;total;total;població;;1891
2013;Riells i Viabrea;total;homes;població;;2042
2013;Riells i Viabrea;total;dones;població;;1912
2013;Riells i Viabrea;total;total;població;;3954
2013;Riera de Gaià, la;total;homes;població;;825
2013;Riera de Gaià, la;total;dones;població;;810
2013;Riera de Gaià, la;total;total;població;;1635
2013;Riner;total;homes;població;;135
2013;Riner;total;dones;població;;150
2013;Riner;total;total;població;;285
2013;Ripoll;total;homes;població;;5323
2013;Ripoll;total;dones;població;;5475
2013;Ripoll;total;total;població;;10798
2013;Ripollet;total;homes;població;;18506
2013;Ripollet;total;dones;població;;18728
2013;Ripollet;total;total;població;;37234
2013;Riu de Cerdanya;total;homes;població;;63
2013;Riu de Cerdanya;total;dones;població;;54
2013;Riu de Cerdanya;total;total;població;;117
2013;Riudarenes;total;homes;població;;1117
2013;Riudarenes;total;dones;població;;1058
2013;Riudarenes;total;total;població;;2175
2013;Riudaura;total;homes;població;;220
2013;Riudaura;total;dones;població;;232
2013;Riudaura;total;total;població;;452
2013;Riudecanyes;total;homes;població;;607
2013;Riudecanyes;total;dones;població;;563
2013;Riudecanyes;total;total;població;;1170
2013;Riudecols;total;homes;població;;667
2013;Riudecols;total;dones;població;;626
2013;Riudecols;total;total;població;;1293
2013;Riudellots de la Selva;total;homes;població;;1048
2013;Riudellots de la Selva;total;dones;població;;1003
2013;Riudellots de la Selva;total;total;població;;2051
2013;Riudoms;total;homes;població;;3320
2013;Riudoms;total;dones;població;;3152
2013;Riudoms;total;total;població;;6472
2013;Riumors;total;homes;població;;125
2013;Riumors;total;dones;població;;118
2013;Riumors;total;total;població;;243
2013;Roca del Vallès, la;total;homes;població;;5220
2013;Roca del Vallès, la;total;dones;població;;5176
2013;Roca del Vallès, la;total;total;població;;10396
2013;Rocafort de Queralt;total;homes;població;;139
2013;Rocafort de Queralt;total;dones;població;;128
2013;Rocafort de Queralt;total;total;població;;267
2013;Roda de Berà;total;homes;població;;3305
2013;Roda de Berà;total;dones;població;;3089
2013;Roda de Berà;total;total;població;;6394
2013;Roda de Ter;total;homes;població;;3003
2013;Roda de Ter;total;dones;població;;3130
2013;Roda de Ter;total;total;població;;6133
2013;Rodonyà;total;homes;població;;253
2013;Rodonyà;total;dones;població;;235
2013;Rodonyà;total;total;població;;488
2013;Roquetes;total;homes;població;;4319
2013;Roquetes;total;dones;població;;3978
2013;Roquetes;total;total;població;;8297
2013;Roses;total;homes;població;;9961
2013;Roses;total;dones;població;;9930
2013;Roses;total;total;població;;19891
2013;Rosselló;total;homes;població;;1578
2013;Rosselló;total;dones;població;;1506
2013;Rosselló;total;total;població;;3084
2013;Rourell, el;total;homes;població;;206
2013;Rourell, el;total;dones;població;;194
2013;Rourell, el;total;total;població;;400
2013;Rubí;total;homes;població;;37016
2013;Rubí;total;dones;població;;37452
2013;Rubí;total;total;població;;74468
2013;Rubió;total;homes;població;;116
2013;Rubió;total;dones;població;;96
2013;Rubió;total;total;població;;212
2013;Rupià;total;homes;població;;121
2013;Rupià;total;dones;població;;120
2013;Rupià;total;total;població;;241
2013;Rupit i Pruit;total;homes;població;;151
2013;Rupit i Pruit;total;dones;població;;144
2013;Rupit i Pruit;total;total;població;;295
2013;Sabadell;total;homes;població;;101101
2013;Sabadell;total;dones;població;;106548
2013;Sabadell;total;total;població;;207649
2013;Sagàs;total;homes;població;;81
2013;Sagàs;total;dones;població;;74
2013;Sagàs;total;total;població;;155
2013;Salàs de Pallars;total;homes;població;;192
2013;Salàs de Pallars;total;dones;població;;177
2013;Salàs de Pallars;total;total;població;;369
2013;Saldes;total;homes;població;;169
2013;Saldes;total;dones;població;;129
2013;Saldes;total;total;població;;298
2013;Sales de Llierca;total;homes;població;;74
2013;Sales de Llierca;total;dones;població;;66
2013;Sales de Llierca;total;total;població;;140
2013;Sallent;total;homes;població;;3281
2013;Sallent;total;dones;població;;3528
2013;Sallent;total;total;població;;6809
2013;Salomó;total;homes;població;;277
2013;Salomó;total;dones;població;;238
2013;Salomó;total;total;població;;515
2013;Salou;total;homes;població;;14150
2013;Salou;total;dones;població;;12602
2013;Salou;total;total;població;;26752
2013;Salt;total;homes;població;;16064
2013;Salt;total;dones;població;;14183
2013;Salt;total;total;població;;30247
2013;Sanaüja;total;homes;població;;230
2013;Sanaüja;total;dones;població;;214
2013;Sanaüja;total;total;població;;444
2013;Sant Adrià de Besòs;total;homes;població;;17115
2013;Sant Adrià de Besòs;total;dones;població;;17707
2013;Sant Adrià de Besòs;total;total;població;;34822
2013;Sant Agustí de Lluçanès;total;homes;població;;47
2013;Sant Agustí de Lluçanès;total;dones;població;;45
2013;Sant Agustí de Lluçanès;total;total;població;;92
2013;Sant Andreu de la Barca;total;homes;població;;13734
2013;Sant Andreu de la Barca;total;dones;població;;13595
2013;Sant Andreu de la Barca;total;total;població;;27329
2013;Sant Andreu de Llavaneres;total;homes;població;;5218
2013;Sant Andreu de Llavaneres;total;dones;població;;5340
2013;Sant Andreu de Llavaneres;total;total;població;;10558
2013;Sant Andreu Salou;total;homes;població;;78
2013;Sant Andreu Salou;total;dones;població;;76
2013;Sant Andreu Salou;total;total;població;;154
2013;Sant Aniol de Finestres;total;homes;població;;188
2013;Sant Aniol de Finestres;total;dones;població;;167
2013;Sant Aniol de Finestres;total;total;població;;355
2013;Sant Antoni de Vilamajor;total;homes;població;;2865
2013;Sant Antoni de Vilamajor;total;dones;població;;2852
2013;Sant Antoni de Vilamajor;total;total;població;;5717
2013;Sant Bartomeu del Grau;total;homes;població;;454
2013;Sant Bartomeu del Grau;total;dones;població;;434
2013;Sant Bartomeu del Grau;total;total;població;;888
2013;Sant Boi de Llobregat;total;homes;població;;41257
2013;Sant Boi de Llobregat;total;dones;població;;42151
2013;Sant Boi de Llobregat;total;total;població;;83408
2013;Sant Boi de Lluçanès;total;homes;població;;274
2013;Sant Boi de Lluçanès;total;dones;població;;278
2013;Sant Boi de Lluçanès;total;total;població;;552
2013;Sant Cebrià de Vallalta;total;homes;població;;1751
2013;Sant Cebrià de Vallalta;total;dones;població;;1617
2013;Sant Cebrià de Vallalta;total;total;població;;3368
2013;Sant Celoni;total;homes;població;;8588
2013;Sant Celoni;total;dones;població;;8698
2013;Sant Celoni;total;total;població;;17286
2013;Sant Climent de Llobregat;total;homes;població;;1974
2013;Sant Climent de Llobregat;total;dones;població;;1946
2013;Sant Climent de Llobregat;total;total;població;;3920
2013;Sant Climent Sescebes;total;homes;població;;325
2013;Sant Climent Sescebes;total;dones;població;;256
2013;Sant Climent Sescebes;total;total;població;;581
2013;Sant Cugat del Vallès;total;homes;població;;42029
2013;Sant Cugat del Vallès;total;dones;població;;44079
2013;Sant Cugat del Vallès;total;total;població;;86108
2013;Sant Cugat Sesgarrigues;total;homes;població;;487
2013;Sant Cugat Sesgarrigues;total;dones;població;;487
2013;Sant Cugat Sesgarrigues;total;total;població;;974
2013;Sant Esteve de la Sarga;total;homes;població;;78
2013;Sant Esteve de la Sarga;total;dones;població;;56
2013;Sant Esteve de la Sarga;total;total;població;;134
2013;Sant Esteve de Palautordera;total;homes;població;;1239
2013;Sant Esteve de Palautordera;total;dones;població;;1305
2013;Sant Esteve de Palautordera;total;total;població;;2544
2013;Sant Esteve Sesrovires;total;homes;població;;3766
2013;Sant Esteve Sesrovires;total;dones;població;;3780
2013;Sant Esteve Sesrovires;total;total;població;;7546
2013;Sant Feliu de Buixalleu;total;homes;població;;406
2013;Sant Feliu de Buixalleu;total;dones;població;;376
2013;Sant Feliu de Buixalleu;total;total;població;;782
2013;Sant Feliu de Codines;total;homes;població;;3030
2013;Sant Feliu de Codines;total;dones;població;;2995
2013;Sant Feliu de Codines;total;total;població;;6025
2013;Sant Feliu de Guíxols;total;homes;població;;10895
2013;Sant Feliu de Guíxols;total;dones;població;;11050
2013;Sant Feliu de Guíxols;total;total;població;;21945
2013;Sant Feliu de Llobregat;total;homes;població;;21320
2013;Sant Feliu de Llobregat;total;dones;població;;22449
2013;Sant Feliu de Llobregat;total;total;població;;43769
2013;Sant Feliu de Pallerols;total;homes;població;;658
2013;Sant Feliu de Pallerols;total;dones;població;;688
2013;Sant Feliu de Pallerols;total;total;població;;1346
2013;Sant Feliu Sasserra;total;homes;població;;337
2013;Sant Feliu Sasserra;total;dones;població;;308
2013;Sant Feliu Sasserra;total;total;població;;645
2013;Sant Ferriol;total;homes;població;;134
2013;Sant Ferriol;total;dones;població;;97
2013;Sant Ferriol;total;total;població;;231
2013;Sant Fost de Campsentelles;total;homes;població;;4263
2013;Sant Fost de Campsentelles;total;dones;població;;4276
2013;Sant Fost de Campsentelles;total;total;població;;8539
2013;Sant Fruitós de Bages;total;homes;població;;4151
2013;Sant Fruitós de Bages;total;dones;població;;4132
2013;Sant Fruitós de Bages;total;total;població;;8283
2013;Sant Gregori;total;homes;població;;1751
2013;Sant Gregori;total;dones;població;;1712
2013;Sant Gregori;total;total;població;;3463
2013;Sant Guim de Freixenet;total;homes;població;;576
2013;Sant Guim de Freixenet;total;dones;població;;536
2013;Sant Guim de Freixenet;total;total;població;;1112
2013;Sant Guim de la Plana;total;homes;població;;98
2013;Sant Guim de la Plana;total;dones;població;;86
2013;Sant Guim de la Plana;total;total;població;;184
2013;Sant Hilari Sacalm;total;homes;població;;2941
2013;Sant Hilari Sacalm;total;dones;població;;2801
2013;Sant Hilari Sacalm;total;total;població;;5742
2013;Sant Hipòlit de Voltregà;total;homes;població;;1751
2013;Sant Hipòlit de Voltregà;total;dones;població;;1770
2013;Sant Hipòlit de Voltregà;total;total;població;;3521
2013;Sant Iscle de Vallalta;total;homes;població;;680
2013;Sant Iscle de Vallalta;total;dones;població;;643
2013;Sant Iscle de Vallalta;total;total;població;;1323
2013;Sant Jaume d'Enveja;total;homes;població;;1815
2013;Sant Jaume d'Enveja;total;dones;població;;1751
2013;Sant Jaume d'Enveja;total;total;població;;3566
2013;Sant Jaume de Frontanyà;total;homes;població;;16
2013;Sant Jaume de Frontanyà;total;dones;població;;9
2013;Sant Jaume de Frontanyà;total;total;població;;25
2013;Sant Jaume de Llierca;total;homes;població;;395
2013;Sant Jaume de Llierca;total;dones;població;;404
2013;Sant Jaume de Llierca;total;total;població;;799
2013;Sant Jaume dels Domenys;total;homes;població;;1307
2013;Sant Jaume dels Domenys;total;dones;població;;1249
2013;Sant Jaume dels Domenys;total;total;població;;2556
2013;Sant Joan de les Abadesses;total;homes;població;;1697
2013;Sant Joan de les Abadesses;total;dones;població;;1737
2013;Sant Joan de les Abadesses;total;total;població;;3434
2013;Sant Joan de Mollet;total;homes;població;;257
2013;Sant Joan de Mollet;total;dones;població;;260
2013;Sant Joan de Mollet;total;total;població;;517
2013;Sant Joan de Vilatorrada;total;homes;població;;5411
2013;Sant Joan de Vilatorrada;total;dones;població;;5382
2013;Sant Joan de Vilatorrada;total;total;població;;10793
2013;Sant Joan Despí;total;homes;població;;16052
2013;Sant Joan Despí;total;dones;població;;16760
2013;Sant Joan Despí;total;total;població;;32812
2013;Sant Joan les Fonts;total;homes;població;;1446
2013;Sant Joan les Fonts;total;dones;població;;1447
2013;Sant Joan les Fonts;total;total;població;;2893
2013;Sant Jordi Desvalls;total;homes;població;;336
2013;Sant Jordi Desvalls;total;dones;població;;366
2013;Sant Jordi Desvalls;total;total;població;;702
2013;Sant Julià de Cerdanyola;total;homes;població;;140
2013;Sant Julià de Cerdanyola;total;dones;població;;108
2013;Sant Julià de Cerdanyola;total;total;població;;248
2013;Sant Julià de Ramis;total;homes;població;;1745
2013;Sant Julià de Ramis;total;dones;població;;1724
2013;Sant Julià de Ramis;total;total;població;;3469
2013;Sant Julià de Vilatorta;total;homes;població;;1512
2013;Sant Julià de Vilatorta;total;dones;població;;1564
2013;Sant Julià de Vilatorta;total;total;població;;3076
2013;Sant Julià del Llor i Bonmatí;total;homes;població;;646
2013;Sant Julià del Llor i Bonmatí;total;dones;població;;618
2013;Sant Julià del Llor i Bonmatí;total;total;població;;1264
2013;Sant Just Desvern;total;homes;població;;8040
2013;Sant Just Desvern;total;dones;població;;8819
2013;Sant Just Desvern;total;total;població;;16859
2013;Sant Llorenç d'Hortons;total;homes;població;;1273
2013;Sant Llorenç d'Hortons;total;dones;població;;1262
2013;Sant Llorenç d'Hortons;total;total;població;;2535
2013;Sant Llorenç de la Muga;total;homes;població;;132
2013;Sant Llorenç de la Muga;total;dones;població;;124
2013;Sant Llorenç de la Muga;total;total;població;;256
2013;Sant Llorenç de Morunys;total;homes;població;;499
2013;Sant Llorenç de Morunys;total;dones;població;;501
2013;Sant Llorenç de Morunys;total;total;població;;1000
2013;Sant Llorenç Savall;total;homes;població;;1225
2013;Sant Llorenç Savall;total;dones;població;;1176
2013;Sant Llorenç Savall;total;total;població;;2401
2013;Sant Martí d'Albars;total;homes;població;;53
2013;Sant Martí d'Albars;total;dones;població;;52
2013;Sant Martí d'Albars;total;total;població;;105
2013;Sant Martí de Centelles;total;homes;població;;567
2013;Sant Martí de Centelles;total;dones;població;;542
2013;Sant Martí de Centelles;total;total;població;;1109
2013;Sant Martí de Llémena;total;homes;població;;327
2013;Sant Martí de Llémena;total;dones;població;;288
2013;Sant Martí de Llémena;total;total;població;;615
2013;Sant Martí de Riucorb;total;homes;població;;362
2013;Sant Martí de Riucorb;total;dones;població;;329
2013;Sant Martí de Riucorb;total;total;població;;691
2013;Sant Martí de Tous;total;homes;població;;601
2013;Sant Martí de Tous;total;dones;població;;583
2013;Sant Martí de Tous;total;total;població;;1184
2013;Sant Martí Sarroca;total;homes;població;;1554
2013;Sant Martí Sarroca;total;dones;població;;1614
2013;Sant Martí Sarroca;total;total;població;;3168
2013;Sant Martí Sesgueioles;total;homes;població;;192
2013;Sant Martí Sesgueioles;total;dones;població;;190
2013;Sant Martí Sesgueioles;total;total;població;;382
2013;Sant Martí Vell;total;homes;població;;129
2013;Sant Martí Vell;total;dones;població;;111
2013;Sant Martí Vell;total;total;població;;240
2013;Sant Mateu de Bages;total;homes;població;;329
2013;Sant Mateu de Bages;total;dones;població;;308
2013;Sant Mateu de Bages;total;total;població;;637
2013;Sant Miquel de Campmajor;total;homes;població;;119
2013;Sant Miquel de Campmajor;total;dones;població;;100
2013;Sant Miquel de Campmajor;total;total;població;;219
2013;Sant Miquel de Fluvià;total;homes;població;;399
2013;Sant Miquel de Fluvià;total;dones;població;;380
2013;Sant Miquel de Fluvià;total;total;població;;779
2013;Sant Mori;total;homes;població;;95
2013;Sant Mori;total;dones;població;;86
2013;Sant Mori;total;total;població;;181
2013;Sant Pau de Segúries;total;homes;població;;331
2013;Sant Pau de Segúries;total;dones;població;;346
2013;Sant Pau de Segúries;total;total;població;;677
2013;Sant Pere de Ribes;total;homes;població;;14448
2013;Sant Pere de Ribes;total;dones;població;;14282
2013;Sant Pere de Ribes;total;total;població;;28730
2013;Sant Pere de Riudebitlles;total;homes;població;;1184
2013;Sant Pere de Riudebitlles;total;dones;població;;1162
2013;Sant Pere de Riudebitlles;total;total;població;;2346
2013;Sant Pere de Torelló;total;homes;població;;1249
2013;Sant Pere de Torelló;total;dones;població;;1196
2013;Sant Pere de Torelló;total;total;població;;2445
2013;Sant Pere de Vilamajor;total;homes;població;;2157
2013;Sant Pere de Vilamajor;total;dones;població;;2136
2013;Sant Pere de Vilamajor;total;total;població;;4293
2013;Sant Pere Pescador;total;homes;població;;1160
2013;Sant Pere Pescador;total;dones;població;;1015
2013;Sant Pere Pescador;total;total;població;;2175
2013;Sant Pere Sallavinera;total;homes;població;;95
2013;Sant Pere Sallavinera;total;dones;població;;76
2013;Sant Pere Sallavinera;total;total;població;;171
2013;Sant Pol de Mar;total;homes;població;;2557
2013;Sant Pol de Mar;total;dones;població;;2509
2013;Sant Pol de Mar;total;total;població;;5066
2013;Sant Quintí de Mediona;total;homes;població;;1101
2013;Sant Quintí de Mediona;total;dones;població;;1064
2013;Sant Quintí de Mediona;total;total;població;;2165
2013;Sant Quirze de Besora;total;homes;població;;1070
2013;Sant Quirze de Besora;total;dones;població;;1097
2013;Sant Quirze de Besora;total;total;població;;2167
2013;Sant Quirze del Vallès;total;homes;població;;9488
2013;Sant Quirze del Vallès;total;dones;població;;9920
2013;Sant Quirze del Vallès;total;total;població;;19408
2013;Sant Quirze Safaja;total;homes;població;;348
2013;Sant Quirze Safaja;total;dones;població;;311
2013;Sant Quirze Safaja;total;total;població;;659
2013;Sant Ramon;total;homes;població;;289
2013;Sant Ramon;total;dones;població;;236
2013;Sant Ramon;total;total;població;;525
2013;Sant Sadurní d'Anoia;total;homes;població;;6177
2013;Sant Sadurní d'Anoia;total;dones;població;;6426
2013;Sant Sadurní d'Anoia;total;total;població;;12603
2013;Sant Sadurní d'Osormort;total;homes;població;;49
2013;Sant Sadurní d'Osormort;total;dones;població;;39
2013;Sant Sadurní d'Osormort;total;total;població;;88
2013;Sant Salvador de Guardiola;total;homes;població;;1590
2013;Sant Salvador de Guardiola;total;dones;població;;1532
2013;Sant Salvador de Guardiola;total;total;població;;3122
2013;Sant Vicenç de Castellet;total;homes;població;;4651
2013;Sant Vicenç de Castellet;total;dones;població;;4734
2013;Sant Vicenç de Castellet;total;total;població;;9385
2013;Sant Vicenç de Montalt;total;homes;població;;3004
2013;Sant Vicenç de Montalt;total;dones;població;;2947
2013;Sant Vicenç de Montalt;total;total;població;;5951
2013;Sant Vicenç de Torelló;total;homes;població;;994
2013;Sant Vicenç de Torelló;total;dones;població;;1019
2013;Sant Vicenç de Torelló;total;total;població;;2013
2013;Sant Vicenç dels Horts;total;homes;població;;14114
2013;Sant Vicenç dels Horts;total;dones;població;;14067
2013;Sant Vicenç dels Horts;total;total;població;;28181
2013;Santa Bàrbara;total;homes;població;;1975
2013;Santa Bàrbara;total;dones;població;;1898
2013;Santa Bàrbara;total;total;població;;3873
2013;Santa Cecília de Voltregà;total;homes;població;;93
2013;Santa Cecília de Voltregà;total;dones;població;;86
2013;Santa Cecília de Voltregà;total;total;població;;179
2013;Santa Coloma de Cervelló;total;homes;població;;3950
2013;Santa Coloma de Cervelló;total;dones;població;;4110
2013;Santa Coloma de Cervelló;total;total;població;;8060
2013;Santa Coloma de Farners;total;homes;població;;6403
2013;Santa Coloma de Farners;total;dones;població;;6198
2013;Santa Coloma de Farners;total;total;població;;12601
2013;Santa Coloma de Gramenet;total;homes;població;;60280
2013;Santa Coloma de Gramenet;total;dones;població;;59749
2013;Santa Coloma de Gramenet;total;total;població;;120029
2013;Santa Coloma de Queralt;total;homes;població;;1468
2013;Santa Coloma de Queralt;total;dones;població;;1498
2013;Santa Coloma de Queralt;total;total;població;;2966
2013;Santa Cristina d'Aro;total;homes;població;;2612
2013;Santa Cristina d'Aro;total;dones;població;;2516
2013;Santa Cristina d'Aro;total;total;població;;5128
2013;Santa Eugènia de Berga;total;homes;població;;1146
2013;Santa Eugènia de Berga;total;dones;població;;1098
2013;Santa Eugènia de Berga;total;total;població;;2244
2013;Santa Eulàlia de Riuprimer;total;homes;població;;621
2013;Santa Eulàlia de Riuprimer;total;dones;població;;610
2013;Santa Eulàlia de Riuprimer;total;total;població;;1231
2013;Santa Eulàlia de Ronçana;total;homes;població;;3530
2013;Santa Eulàlia de Ronçana;total;dones;població;;3512
2013;Santa Eulàlia de Ronçana;total;total;població;;7042
2013;Santa Fe del Penedès;total;homes;població;;195
2013;Santa Fe del Penedès;total;dones;població;;183
2013;Santa Fe del Penedès;total;total;població;;378
2013;Santa Llogaia d'Àlguema;total;homes;població;;184
2013;Santa Llogaia d'Àlguema;total;dones;població;;163
2013;Santa Llogaia d'Àlguema;total;total;població;;347
2013;Santa Margarida de Montbui;total;homes;població;;4853
2013;Santa Margarida de Montbui;total;dones;població;;4837
2013;Santa Margarida de Montbui;total;total;població;;9690
2013;Santa Margarida i els Monjos;total;homes;població;;3694
2013;Santa Margarida i els Monjos;total;dones;població;;3594
2013;Santa Margarida i els Monjos;total;total;població;;7288
2013;Santa Maria d'Oló;total;homes;població;;545
2013;Santa Maria d'Oló;total;dones;població;;515
2013;Santa Maria d'Oló;total;total;població;;1060
2013;Santa Maria de Besora;total;homes;població;;82
2013;Santa Maria de Besora;total;dones;població;;81
2013;Santa Maria de Besora;total;total;població;;163
2013;Santa Maria de Martorelles;total;homes;població;;422
2013;Santa Maria de Martorelles;total;dones;població;;425
2013;Santa Maria de Martorelles;total;total;població;;847
2013;Santa Maria de Merlès;total;homes;població;;86
2013;Santa Maria de Merlès;total;dones;població;;89
2013;Santa Maria de Merlès;total;total;població;;175
2013;Santa Maria de Miralles;total;homes;població;;67
2013;Santa Maria de Miralles;total;dones;població;;66
2013;Santa Maria de Miralles;total;total;població;;133
2013;Santa Maria de Palautordera;total;homes;població;;4700
2013;Santa Maria de Palautordera;total;dones;població;;4495
2013;Santa Maria de Palautordera;total;total;població;;9195
2013;Santa Oliva;total;homes;població;;1680
2013;Santa Oliva;total;dones;població;;1631
2013;Santa Oliva;total;total;població;;3311
2013;Santa Pau;total;homes;població;;803
2013;Santa Pau;total;dones;població;;786
2013;Santa Pau;total;total;població;;1589
2013;Santa Perpètua de Mogoda;total;homes;població;;13016
2013;Santa Perpètua de Mogoda;total;dones;població;;12457
2013;Santa Perpètua de Mogoda;total;total;població;;25473
2013;Santa Susanna;total;homes;població;;1700
2013;Santa Susanna;total;dones;població;;1625
2013;Santa Susanna;total;total;població;;3325
2013;Santpedor;total;homes;població;;3656
2013;Santpedor;total;dones;població;;3690
2013;Santpedor;total;total;població;;7346
2013;Sarral;total;homes;població;;846
2013;Sarral;total;dones;població;;794
2013;Sarral;total;total;població;;1640
2013;Sarrià de Ter;total;homes;població;;2443
2013;Sarrià de Ter;total;dones;població;;2449
2013;Sarrià de Ter;total;total;població;;4892
2013;Sarroca de Bellera;total;homes;població;;75
2013;Sarroca de Bellera;total;dones;població;;51
2013;Sarroca de Bellera;total;total;població;;126
2013;Sarroca de Lleida;total;homes;població;;219
2013;Sarroca de Lleida;total;dones;població;;182
2013;Sarroca de Lleida;total;total;població;;401
2013;Saus, Camallera i Llampaies;total;homes;població;;376
2013;Saus, Camallera i Llampaies;total;dones;població;;405
2013;Saus, Camallera i Llampaies;total;total;població;;781
2013;Savallà del Comtat;total;homes;població;;32
2013;Savallà del Comtat;total;dones;població;;32
2013;Savallà del Comtat;total;total;població;;64
2013;Secuita, la;total;homes;població;;838
2013;Secuita, la;total;dones;població;;797
2013;Secuita, la;total;total;població;;1635
2013;Selva de Mar, la;total;homes;població;;100
2013;Selva de Mar, la;total;dones;població;;85
2013;Selva de Mar, la;total;total;població;;185
2013;Selva del Camp, la;total;homes;població;;2831
2013;Selva del Camp, la;total;dones;població;;2783
2013;Selva del Camp, la;total;total;població;;5614
2013;Senan;total;homes;població;;36
2013;Senan;total;dones;població;;20
2013;Senan;total;total;població;;56
2013;Sénia, la;total;homes;població;;3045
2013;Sénia, la;total;dones;població;;2942
2013;Sénia, la;total;total;població;;5987
2013;Senterada;total;homes;població;;82
2013;Senterada;total;dones;població;;58
2013;Senterada;total;total;població;;140
2013;Sentiu de Sió, la;total;homes;població;;239
2013;Sentiu de Sió, la;total;dones;població;;236
2013;Sentiu de Sió, la;total;total;població;;475
2013;Sentmenat;total;homes;població;;4384
2013;Sentmenat;total;dones;població;;4271
2013;Sentmenat;total;total;població;;8655
2013;Serinyà;total;homes;població;;569
2013;Serinyà;total;dones;població;;539
2013;Serinyà;total;total;població;;1108
2013;Seròs;total;homes;població;;1045
2013;Seròs;total;dones;població;;866
2013;Seròs;total;total;població;;1911
2013;Serra de Daró;total;homes;població;;111
2013;Serra de Daró;total;dones;població;;92
2013;Serra de Daró;total;total;població;;203
2013;Setcases;total;homes;població;;104
2013;Setcases;total;dones;població;;85
2013;Setcases;total;total;població;;189
2013;Seu d'Urgell, la;total;homes;població;;6062
2013;Seu d'Urgell, la;total;dones;població;;6406
2013;Seu d'Urgell, la;total;total;població;;12468
2013;Seva;total;homes;població;;1778
2013;Seva;total;dones;població;;1703
2013;Seva;total;total;població;;3481
2013;Sidamon;total;homes;població;;375
2013;Sidamon;total;dones;població;;360
2013;Sidamon;total;total;població;;735
2013;Sils;total;homes;població;;2886
2013;Sils;total;dones;població;;2799
2013;Sils;total;total;població;;5685
2013;Sitges;total;homes;població;;14562
2013;Sitges;total;dones;població;;14578
2013;Sitges;total;total;població;;29140
2013;Siurana;total;homes;població;;89
2013;Siurana;total;dones;població;;83
2013;Siurana;total;total;població;;172
2013;Sobremunt;total;homes;població;;42
2013;Sobremunt;total;dones;població;;48
2013;Sobremunt;total;total;població;;90
2013;Soleràs, el;total;homes;població;;184
2013;Soleràs, el;total;dones;població;;178
2013;Soleràs, el;total;total;població;;362
2013;Solivella;total;homes;població;;331
2013;Solivella;total;dones;població;;322
2013;Solivella;total;total;població;;653
2013;Solsona;total;homes;població;;4591
2013;Solsona;total;dones;població;;4597
2013;Solsona;total;total;població;;9188
2013;Sora;total;homes;població;;95
2013;Sora;total;dones;població;;78
2013;Sora;total;total;població;;173
2013;Soriguera;total;homes;població;;200
2013;Soriguera;total;dones;població;;174
2013;Soriguera;total;total;població;;374
2013;Sort;total;homes;població;;1143
2013;Sort;total;dones;població;;1131
2013;Sort;total;total;població;;2274
2013;Soses;total;homes;població;;908
2013;Soses;total;dones;població;;845
2013;Soses;total;total;població;;1753
2013;Subirats;total;homes;població;;1540
2013;Subirats;total;dones;població;;1487
2013;Subirats;total;total;població;;3027
2013;Sudanell;total;homes;població;;494
2013;Sudanell;total;dones;població;;394
2013;Sudanell;total;total;població;;888
2013;Sunyer;total;homes;població;;157
2013;Sunyer;total;dones;població;;141
2013;Sunyer;total;total;població;;298
2013;Súria;total;homes;població;;2963
2013;Súria;total;dones;població;;3158
2013;Súria;total;total;població;;6121
2013;Susqueda;total;homes;població;;60
2013;Susqueda;total;dones;població;;41
2013;Susqueda;total;total;població;;101
2013;Tagamanent;total;homes;població;;169
2013;Tagamanent;total;dones;població;;149
2013;Tagamanent;total;total;població;;318
2013;Talamanca;total;homes;població;;79
2013;Talamanca;total;dones;població;;68
2013;Talamanca;total;total;població;;147
2013;Talarn;total;homes;població;;236
2013;Talarn;total;dones;població;;200
2013;Talarn;total;total;població;;436
2013;Talavera;total;homes;població;;156
2013;Talavera;total;dones;població;;123
2013;Talavera;total;total;població;;279
2013;Tallada d'Empordà, la;total;homes;població;;235
2013;Tallada d'Empordà, la;total;dones;població;;220
2013;Tallada d'Empordà, la;total;total;població;;455
2013;Taradell;total;homes;població;;3137
2013;Taradell;total;dones;població;;3094
2013;Taradell;total;total;població;;6231
2013;Tarragona;total;homes;població;;65414
2013;Tarragona;total;dones;població;;68131
2013;Tarragona;total;total;població;;133545
2013;Tàrrega;total;homes;població;;8347
2013;Tàrrega;total;dones;població;;8323
2013;Tàrrega;total;total;població;;16670
2013;Tarrés;total;homes;població;;63
2013;Tarrés;total;dones;població;;44
2013;Tarrés;total;total;població;;107
2013;Tarroja de Segarra;total;homes;població;;89
2013;Tarroja de Segarra;total;dones;població;;82
2013;Tarroja de Segarra;total;total;població;;171
2013;Tavèrnoles;total;homes;població;;157
2013;Tavèrnoles;total;dones;població;;158
2013;Tavèrnoles;total;total;població;;315
2013;Tavertet;total;homes;població;;70
2013;Tavertet;total;dones;població;;57
2013;Tavertet;total;total;població;;127
2013;Teià;total;homes;població;;3047
2013;Teià;total;dones;població;;3097
2013;Teià;total;total;població;;6144
2013;Térmens;total;homes;població;;775
2013;Térmens;total;dones;població;;773
2013;Térmens;total;total;població;;1548
2013;Terrades;total;homes;població;;134
2013;Terrades;total;dones;població;;144
2013;Terrades;total;total;població;;278
2013;Terrassa;total;homes;població;;106237
2013;Terrassa;total;dones;població;;108818
2013;Terrassa;total;total;població;;215055
2013;Tiana;total;homes;població;;3939
2013;Tiana;total;dones;població;;4282
2013;Tiana;total;total;població;;8221
2013;Tírvia;total;homes;població;;81
2013;Tírvia;total;dones;població;;79
2013;Tírvia;total;total;població;;160
2013;Tiurana;total;homes;població;;35
2013;Tiurana;total;dones;població;;42
2013;Tiurana;total;total;població;;77
2013;Tivenys;total;homes;població;;445
2013;Tivenys;total;dones;població;;432
2013;Tivenys;total;total;població;;877
2013;Tivissa;total;homes;població;;907
2013;Tivissa;total;dones;població;;907
2013;Tivissa;total;total;població;;1814
2013;Tona;total;homes;població;;3998
2013;Tona;total;dones;població;;4087
2013;Tona;total;total;població;;8085
2013;Torà;total;homes;població;;629
2013;Torà;total;dones;població;;624
2013;Torà;total;total;població;;1253
2013;Tordera;total;homes;població;;8336
2013;Tordera;total;dones;població;;8027
2013;Tordera;total;total;població;;16363
2013;Torelló;total;homes;població;;6827
2013;Torelló;total;dones;població;;7081
2013;Torelló;total;total;població;;13908
2013;Torms, els;total;homes;població;;83
2013;Torms, els;total;dones;població;;70
2013;Torms, els;total;total;població;;153
2013;Tornabous;total;homes;població;;505
2013;Tornabous;total;dones;població;;430
2013;Tornabous;total;total;població;;935
2013;Torre de Cabdella, la;total;homes;població;;372
2013;Torre de Cabdella, la;total;dones;població;;375
2013;Torre de Cabdella, la;total;total;població;;747
2013;Torre de Claramunt, la;total;homes;població;;1977
2013;Torre de Claramunt, la;total;dones;població;;1850
2013;Torre de Claramunt, la;total;total;població;;3827
2013;Torre de Fontaubella, la;total;homes;població;;68
2013;Torre de Fontaubella, la;total;dones;població;;59
2013;Torre de Fontaubella, la;total;total;població;;127
2013;Torre de l'Espanyol, la;total;homes;població;;357
2013;Torre de l'Espanyol, la;total;dones;població;;329
2013;Torre de l'Espanyol, la;total;total;població;;686
2013;Torrebesses;total;homes;població;;157
2013;Torrebesses;total;dones;població;;143
2013;Torrebesses;total;total;població;;300
2013;Torredembarra;total;homes;població;;7565
2013;Torredembarra;total;dones;població;;7789
2013;Torredembarra;total;total;població;;15354
2013;Torrefarrera;total;homes;població;;2208
2013;Torrefarrera;total;dones;població;;2192
2013;Torrefarrera;total;total;població;;4400
2013;Torrefeta i Florejacs;total;homes;població;;324
2013;Torrefeta i Florejacs;total;dones;població;;293
2013;Torrefeta i Florejacs;total;total;població;;617
2013;Torregrossa;total;homes;població;;1129
2013;Torregrossa;total;dones;població;;1105
2013;Torregrossa;total;total;població;;2234
2013;Torrelameu;total;homes;població;;416
2013;Torrelameu;total;dones;població;;319
2013;Torrelameu;total;total;població;;735
2013;Torrelavit;total;homes;població;;737
2013;Torrelavit;total;dones;població;;663
2013;Torrelavit;total;total;població;;1400
2013;Torrelles de Foix;total;homes;població;;1241
2013;Torrelles de Foix;total;dones;població;;1119
2013;Torrelles de Foix;total;total;població;;2360
2013;Torrelles de Llobregat;total;homes;població;;2863
2013;Torrelles de Llobregat;total;dones;població;;2913
2013;Torrelles de Llobregat;total;total;població;;5776
2013;Torrent;total;homes;població;;96
2013;Torrent;total;dones;població;;89
2013;Torrent;total;total;població;;185
2013;Torres de Segre;total;homes;població;;1159
2013;Torres de Segre;total;dones;població;;1087
2013;Torres de Segre;total;total;població;;2246
2013;Torre-serona;total;homes;població;;188
2013;Torre-serona;total;dones;població;;181
2013;Torre-serona;total;total;població;;369
2013;Torroella de Fluvià;total;homes;població;;366
2013;Torroella de Fluvià;total;dones;població;;363
2013;Torroella de Fluvià;total;total;població;;729
2013;Torroella de Montgrí;total;homes;població;;5824
2013;Torroella de Montgrí;total;dones;població;;5648
2013;Torroella de Montgrí;total;total;població;;11472
2013;Torroja del Priorat;total;homes;població;;91
2013;Torroja del Priorat;total;dones;població;;75
2013;Torroja del Priorat;total;total;població;;166
2013;Tortellà;total;homes;població;;372
2013;Tortellà;total;dones;població;;402
2013;Tortellà;total;total;població;;774
2013;Tortosa;total;homes;població;;17022
2013;Tortosa;total;dones;població;;16970
2013;Tortosa;total;total;població;;33992
2013;Toses;total;homes;població;;86
2013;Toses;total;dones;població;;63
2013;Toses;total;total;població;;149
2013;Tossa de Mar;total;homes;població;;3013
2013;Tossa de Mar;total;dones;població;;2897
2013;Tossa de Mar;total;total;població;;5910
2013;Tremp;total;homes;població;;3112
2013;Tremp;total;dones;població;;3176
2013;Tremp;total;total;població;;6288
2013;Ullà;total;homes;població;;584
2013;Ullà;total;dones;població;;473
2013;Ullà;total;total;població;;1057
2013;Ullastrell;total;homes;població;;1021
2013;Ullastrell;total;dones;població;;1009
2013;Ullastrell;total;total;població;;2030
2013;Ullastret;total;homes;població;;142
2013;Ullastret;total;dones;població;;145
2013;Ullastret;total;total;població;;287
2013;Ulldecona;total;homes;població;;3743
2013;Ulldecona;total;dones;població;;3497
2013;Ulldecona;total;total;població;;7240
2013;Ulldemolins;total;homes;població;;248
2013;Ulldemolins;total;dones;població;;187
2013;Ulldemolins;total;total;població;;435
2013;Ultramort;total;homes;població;;114
2013;Ultramort;total;dones;població;;94
2013;Ultramort;total;total;població;;208
2013;Urús;total;homes;població;;89
2013;Urús;total;dones;població;;94
2013;Urús;total;total;població;;183
2013;Vacarisses;total;homes;població;;3227
2013;Vacarisses;total;dones;població;;3033
2013;Vacarisses;total;total;població;;6260
2013;Vajol, la;total;homes;població;;55
2013;Vajol, la;total;dones;població;;39
2013;Vajol, la;total;total;població;;94
2013;Vall d'en Bas, la;total;homes;població;;1484
2013;Vall d'en Bas, la;total;dones;població;;1490
2013;Vall d'en Bas, la;total;total;població;;2974
2013;Vall de Bianya, la;total;homes;població;;668
2013;Vall de Bianya, la;total;dones;població;;648
2013;Vall de Bianya, la;total;total;població;;1316
2013;Vall de Boí, la;total;homes;població;;545
2013;Vall de Boí, la;total;dones;població;;478
2013;Vall de Boí, la;total;total;població;;1023
2013;Vall de Cardós;total;homes;població;;212
2013;Vall de Cardós;total;dones;població;;182
2013;Vall de Cardós;total;total;població;;394
2013;Vallbona d'Anoia;total;homes;població;;730
2013;Vallbona d'Anoia;total;dones;població;;701
2013;Vallbona d'Anoia;total;total;població;;1431
2013;Vallbona de les Monges;total;homes;població;;138
2013;Vallbona de les Monges;total;dones;població;;121
2013;Vallbona de les Monges;total;total;població;;259
2013;Vallcebre;total;homes;població;;153
2013;Vallcebre;total;dones;població;;111
2013;Vallcebre;total;total;població;;264
2013;Vallclara;total;homes;població;;65
2013;Vallclara;total;dones;població;;50
2013;Vallclara;total;total;població;;115
2013;Vallfogona de Balaguer;total;homes;població;;924
2013;Vallfogona de Balaguer;total;dones;població;;953
2013;Vallfogona de Balaguer;total;total;població;;1877
2013;Vallfogona de Ripollès;total;homes;població;;119
2013;Vallfogona de Ripollès;total;dones;població;;98
2013;Vallfogona de Ripollès;total;total;població;;217
2013;Vallfogona de Riucorb;total;homes;població;;64
2013;Vallfogona de Riucorb;total;dones;població;;52
2013;Vallfogona de Riucorb;total;total;població;;116
2013;Vallgorguina;total;homes;població;;1415
2013;Vallgorguina;total;dones;població;;1331
2013;Vallgorguina;total;total;població;;2746
2013;Vallirana;total;homes;població;;7299
2013;Vallirana;total;dones;població;;7326
2013;Vallirana;total;total;població;;14625
2013;Vall-llobrega;total;homes;població;;467
2013;Vall-llobrega;total;dones;població;;443
2013;Vall-llobrega;total;total;població;;910
2013;Vallmoll;total;homes;població;;866
2013;Vallmoll;total;dones;població;;808
2013;Vallmoll;total;total;població;;1674
2013;Vallromanes;total;homes;població;;1289
2013;Vallromanes;total;dones;població;;1253
2013;Vallromanes;total;total;població;;2542
2013;Valls;total;homes;població;;12361
2013;Valls;total;dones;població;;12288
2013;Valls;total;total;població;;24649
2013;Valls d'Aguilar, les;total;homes;població;;167
2013;Valls d'Aguilar, les;total;dones;població;;153
2013;Valls d'Aguilar, les;total;total;població;;320
2013;Valls de Valira, les;total;homes;població;;449
2013;Valls de Valira, les;total;dones;població;;430
2013;Valls de Valira, les;total;total;població;;879
2013;Vandellòs i l'Hospitalet de l'Infant;total;homes;població;;2972
2013;Vandellòs i l'Hospitalet de l'Infant;total;dones;població;;3020
2013;Vandellòs i l'Hospitalet de l'Infant;total;total;població;;5992
2013;Vansa i Fórnols, la;total;homes;població;;109
2013;Vansa i Fórnols, la;total;dones;població;;97
2013;Vansa i Fórnols, la;total;total;població;;206
2013;Veciana;total;homes;població;;102
2013;Veciana;total;dones;població;;74
2013;Veciana;total;total;població;;176
2013;Vendrell, el;total;homes;població;;18389
2013;Vendrell, el;total;dones;població;;18358
2013;Vendrell, el;total;total;població;;36747
2013;Ventalló;total;homes;població;;424
2013;Ventalló;total;dones;població;;391
2013;Ventalló;total;total;població;;815
2013;Verdú;total;homes;població;;478
2013;Verdú;total;dones;població;;524
2013;Verdú;total;total;població;;1002
2013;Verges;total;homes;població;;579
2013;Verges;total;dones;població;;631
2013;Verges;total;total;població;;1210
2013;Vespella de Gaià;total;homes;població;;221
2013;Vespella de Gaià;total;dones;població;;190
2013;Vespella de Gaià;total;total;població;;411
2013;Vic;total;homes;població;;20660
2013;Vic;total;dones;població;;20987
2013;Vic;total;total;població;;41647
2013;Vidrà;total;homes;població;;88
2013;Vidrà;total;dones;població;;78
2013;Vidrà;total;total;població;;166
2013;Vidreres;total;homes;població;;4003
2013;Vidreres;total;dones;població;;3745
2013;Vidreres;total;total;població;;7748
2013;Vielha e Mijaran;total;homes;població;;2823
2013;Vielha e Mijaran;total;dones;població;;2685
2013;Vielha e Mijaran;total;total;població;;5508
2013;Vilabella;total;homes;població;;415
2013;Vilabella;total;dones;població;;392
2013;Vilabella;total;total;població;;807
2013;Vilabertran;total;homes;població;;475
2013;Vilabertran;total;dones;població;;442
2013;Vilabertran;total;total;població;;917
2013;Vilablareix;total;homes;població;;1225
2013;Vilablareix;total;dones;població;;1267
2013;Vilablareix;total;total;població;;2492
2013;Vilada;total;homes;població;;246
2013;Vilada;total;dones;població;;216
2013;Vilada;total;total;població;;462
2013;Viladamat;total;homes;població;;236
2013;Viladamat;total;dones;població;;217
2013;Viladamat;total;total;població;;453
2013;Viladasens;total;homes;població;;112
2013;Viladasens;total;dones;població;;106
2013;Viladasens;total;total;població;;218
2013;Viladecans;total;homes;població;;32527
2013;Viladecans;total;dones;població;;32917
2013;Viladecans;total;total;població;;65444
2013;Viladecavalls;total;homes;població;;3714
2013;Viladecavalls;total;dones;població;;3683
2013;Viladecavalls;total;total;població;;7397
2013;Vilademuls;total;homes;població;;407
2013;Vilademuls;total;dones;població;;395
2013;Vilademuls;total;total;població;;802
2013;Viladrau;total;homes;població;;538
2013;Viladrau;total;dones;població;;527
2013;Viladrau;total;total;població;;1065
2013;Vilafant;total;homes;població;;2705
2013;Vilafant;total;dones;població;;2797
2013;Vilafant;total;total;població;;5502
2013;Vilafranca del Penedès;total;homes;població;;19232
2013;Vilafranca del Penedès;total;dones;població;;19697
2013;Vilafranca del Penedès;total;total;població;;38929
2013;Vilagrassa;total;homes;població;;266
2013;Vilagrassa;total;dones;població;;247
2013;Vilagrassa;total;total;població;;513
2013;Vilajuïga;total;homes;població;;602
2013;Vilajuïga;total;dones;població;;618
2013;Vilajuïga;total;total;població;;1220
2013;Vilalba dels Arcs;total;homes;població;;367
2013;Vilalba dels Arcs;total;dones;població;;339
2013;Vilalba dels Arcs;total;total;població;;706
2013;Vilalba Sasserra;total;homes;població;;343
2013;Vilalba Sasserra;total;dones;població;;346
2013;Vilalba Sasserra;total;total;població;;689
2013;Vilaller;total;homes;població;;348
2013;Vilaller;total;dones;població;;285
2013;Vilaller;total;total;població;;633
2013;Vilallonga de Ter;total;homes;població;;238
2013;Vilallonga de Ter;total;dones;població;;209
2013;Vilallonga de Ter;total;total;població;;447
2013;Vilallonga del Camp;total;homes;població;;1147
2013;Vilallonga del Camp;total;dones;població;;1090
2013;Vilallonga del Camp;total;total;població;;2237
2013;Vilamacolum;total;homes;població;;165
2013;Vilamacolum;total;dones;població;;133
2013;Vilamacolum;total;total;població;;298
2013;Vilamalla;total;homes;població;;571
2013;Vilamalla;total;dones;població;;526
2013;Vilamalla;total;total;població;;1097
2013;Vilamaniscle;total;homes;població;;89
2013;Vilamaniscle;total;dones;població;;69
2013;Vilamaniscle;total;total;població;;158
2013;Vilamòs;total;homes;població;;100
2013;Vilamòs;total;dones;població;;78
2013;Vilamòs;total;total;població;;178
2013;Vilanant;total;homes;població;;187
2013;Vilanant;total;dones;població;;197
2013;Vilanant;total;total;població;;384
2013;Vilanova d'Escornalbou;total;homes;població;;308
2013;Vilanova d'Escornalbou;total;dones;població;;255
2013;Vilanova d'Escornalbou;total;total;població;;563
2013;Vilanova de Bellpuig;total;homes;població;;595
2013;Vilanova de Bellpuig;total;dones;població;;569
2013;Vilanova de Bellpuig;total;total;població;;1164
2013;Vilanova de l'Aguda;total;homes;població;;119
2013;Vilanova de l'Aguda;total;dones;població;;118
2013;Vilanova de l'Aguda;total;total;població;;237
2013;Vilanova de la Barca;total;homes;població;;568
2013;Vilanova de la Barca;total;dones;població;;573
2013;Vilanova de la Barca;total;total;població;;1141
2013;Vilanova de Meià;total;homes;població;;220
2013;Vilanova de Meià;total;dones;població;;193
2013;Vilanova de Meià;total;total;població;;413
2013;Vilanova de Prades;total;homes;població;;66
2013;Vilanova de Prades;total;dones;població;;66
2013;Vilanova de Prades;total;total;població;;132
2013;Vilanova de Sau;total;homes;població;;164
2013;Vilanova de Sau;total;dones;població;;166
2013;Vilanova de Sau;total;total;població;;330
2013;Vilanova de Segrià;total;homes;població;;473
2013;Vilanova de Segrià;total;dones;població;;427
2013;Vilanova de Segrià;total;total;població;;900
2013;Vilanova del Camí;total;homes;població;;6293
2013;Vilanova del Camí;total;dones;població;;6240
2013;Vilanova del Camí;total;total;població;;12533
2013;Vilanova del Vallès;total;homes;població;;2622
2013;Vilanova del Vallès;total;dones;població;;2530
2013;Vilanova del Vallès;total;total;població;;5152
2013;Vilanova i la Geltrú;total;homes;població;;32285
2013;Vilanova i la Geltrú;total;dones;població;;33990
2013;Vilanova i la Geltrú;total;total;població;;66275
2013;Vilaplana;total;homes;població;;319
2013;Vilaplana;total;dones;població;;312
2013;Vilaplana;total;total;població;;631
2013;Vila-rodona;total;homes;població;;646
2013;Vila-rodona;total;dones;població;;615
2013;Vila-rodona;total;total;població;;1261
2013;Vila-sacra;total;homes;població;;323
2013;Vila-sacra;total;dones;població;;338
2013;Vila-sacra;total;total;població;;661
2013;Vila-sana;total;homes;població;;362
2013;Vila-sana;total;dones;població;;357
2013;Vila-sana;total;total;població;;719
2013;Vila-seca;total;homes;població;;11065
2013;Vila-seca;total;dones;població;;10624
2013;Vila-seca;total;total;població;;21689
2013;Vilassar de Dalt;total;homes;població;;4370
2013;Vilassar de Dalt;total;dones;població;;4509
2013;Vilassar de Dalt;total;total;població;;8879
2013;Vilassar de Mar;total;homes;població;;9687
2013;Vilassar de Mar;total;dones;població;;10343
2013;Vilassar de Mar;total;total;població;;20030
2013;Vilaür;total;homes;població;;72
2013;Vilaür;total;dones;població;;76
2013;Vilaür;total;total;població;;148
2013;Vilaverd;total;homes;població;;262
2013;Vilaverd;total;dones;població;;244
2013;Vilaverd;total;total;població;;506
2013;Vilella Alta, la;total;homes;població;;72
2013;Vilella Alta, la;total;dones;població;;59
2013;Vilella Alta, la;total;total;població;;131
2013;Vilella Baixa, la;total;homes;població;;115
2013;Vilella Baixa, la;total;dones;població;;100
2013;Vilella Baixa, la;total;total;població;;215
2013;Vilobí d'Onyar;total;homes;població;;1612
2013;Vilobí d'Onyar;total;dones;població;;1496
2013;Vilobí d'Onyar;total;total;població;;3108
2013;Vilobí del Penedès;total;homes;població;;557
2013;Vilobí del Penedès;total;dones;població;;542
2013;Vilobí del Penedès;total;total;població;;1099
2013;Vilopriu;total;homes;població;;111
2013;Vilopriu;total;dones;població;;89
2013;Vilopriu;total;total;població;;200
2013;Vilosell, el;total;homes;població;;97
2013;Vilosell, el;total;dones;població;;95
2013;Vilosell, el;total;total;població;;192
2013;Vimbodí i Poblet;total;homes;població;;546
2013;Vimbodí i Poblet;total;dones;població;;428
2013;Vimbodí i Poblet;total;total;població;;974
2013;Vinaixa;total;homes;població;;291
2013;Vinaixa;total;dones;població;;276
2013;Vinaixa;total;total;població;;567
2013;Vinebre;total;homes;població;;242
2013;Vinebre;total;dones;població;;236
2013;Vinebre;total;total;població;;478
2013;Vinyols i els Arcs;total;homes;població;;1012
2013;Vinyols i els Arcs;total;dones;població;;957
2013;Vinyols i els Arcs;total;total;població;;1969
2013;Viver i Serrateix;total;homes;població;;90
2013;Viver i Serrateix;total;dones;població;;87
2013;Viver i Serrateix;total;total;població;;177
2013;Xerta;total;homes;població;;621
2013;Xerta;total;dones;població;;639
2013;Xerta;total;total;població;;1260
2013;Catalunya;total;homes;població;;3725318
2013;Catalunya;total;dones;població;;3828332
2013;Catalunya;total;total;població;;7553650
