any;municipi;edat any a any;sexe;concepte;estat;valor
2015;Abella de la Conca;total;homes;població;;93
2015;Abella de la Conca;total;dones;població;;77
2015;Abella de la Conca;total;total;població;;170
2015;Abrera;total;homes;població;;6118
2015;Abrera;total;dones;població;;5953
2015;Abrera;total;total;població;;12071
2015;Àger;total;homes;població;;325
2015;Àger;total;dones;població;;288
2015;Àger;total;total;població;;613
2015;Agramunt;total;homes;població;;2775
2015;Agramunt;total;dones;població;;2716
2015;Agramunt;total;total;població;;5491
2015;Aguilar de Segarra;total;homes;població;;131
2015;Aguilar de Segarra;total;dones;població;;115
2015;Aguilar de Segarra;total;total;població;;246
2015;Agullana;total;homes;població;;418
2015;Agullana;total;dones;població;;410
2015;Agullana;total;total;població;;828
2015;Aiguafreda;total;homes;població;;1175
2015;Aiguafreda;total;dones;població;;1290
2015;Aiguafreda;total;total;població;;2465
2015;Aiguamúrcia;total;homes;població;;486
2015;Aiguamúrcia;total;dones;població;;426
2015;Aiguamúrcia;total;total;població;;912
2015;Aiguaviva;total;homes;població;;391
2015;Aiguaviva;total;dones;població;;384
2015;Aiguaviva;total;total;població;;775
2015;Aitona;total;homes;població;;1249
2015;Aitona;total;dones;població;;1207
2015;Aitona;total;total;població;;2456
2015;Alamús, els;total;homes;població;;404
2015;Alamús, els;total;dones;població;;374
2015;Alamús, els;total;total;població;;778
2015;Alàs i Cerc;total;homes;població;;182
2015;Alàs i Cerc;total;dones;població;;174
2015;Alàs i Cerc;total;total;població;;356
2015;Albagés, l';total;homes;població;;222
2015;Albagés, l';total;dones;població;;197
2015;Albagés, l';total;total;població;;419
2015;Albanyà;total;homes;població;;85
2015;Albanyà;total;dones;població;;64
2015;Albanyà;total;total;població;;149
2015;Albatàrrec;total;homes;població;;1156
2015;Albatàrrec;total;dones;població;;1058
2015;Albatàrrec;total;total;població;;2214
2015;Albesa;total;homes;població;;874
2015;Albesa;total;dones;població;;750
2015;Albesa;total;total;població;;1624
2015;Albi, l';total;homes;població;;426
2015;Albi, l';total;dones;població;;393
2015;Albi, l';total;total;població;;819
2015;Albinyana;total;homes;població;;1171
2015;Albinyana;total;dones;població;;1149
2015;Albinyana;total;total;població;;2320
2015;Albiol, l';total;homes;població;;228
2015;Albiol, l';total;dones;població;;220
2015;Albiol, l';total;total;població;;448
2015;Albons;total;homes;població;;382
2015;Albons;total;dones;població;;363
2015;Albons;total;total;població;;745
2015;Alcanar;total;homes;població;;4863
2015;Alcanar;total;dones;població;;4740
2015;Alcanar;total;total;població;;9603
2015;Alcanó;total;homes;població;;123
2015;Alcanó;total;dones;població;;123
2015;Alcanó;total;total;població;;246
2015;Alcarràs;total;homes;població;;4863
2015;Alcarràs;total;dones;població;;4509
2015;Alcarràs;total;total;població;;9372
2015;Alcoletge;total;homes;població;;1716
2015;Alcoletge;total;dones;població;;1569
2015;Alcoletge;total;total;població;;3285
2015;Alcover;total;homes;població;;2535
2015;Alcover;total;dones;població;;2538
2015;Alcover;total;total;població;;5073
2015;Aldea, l';total;homes;població;;2239
2015;Aldea, l';total;dones;població;;2006
2015;Aldea, l';total;total;població;;4245
2015;Aldover;total;homes;població;;459
2015;Aldover;total;dones;població;;459
2015;Aldover;total;total;població;;918
2015;Aleixar, l';total;homes;població;;448
2015;Aleixar, l';total;dones;població;;437
2015;Aleixar, l';total;total;població;;885
2015;Alella;total;homes;població;;4726
2015;Alella;total;dones;població;;4934
2015;Alella;total;total;població;;9660
2015;Alfara de Carles;total;homes;població;;202
2015;Alfara de Carles;total;dones;població;;176
2015;Alfara de Carles;total;total;població;;378
2015;Alfarràs;total;homes;població;;1558
2015;Alfarràs;total;dones;població;;1418
2015;Alfarràs;total;total;població;;2976
2015;Alfés;total;homes;població;;164
2015;Alfés;total;dones;població;;162
2015;Alfés;total;total;població;;326
2015;Alforja;total;homes;població;;956
2015;Alforja;total;dones;població;;927
2015;Alforja;total;total;població;;1883
2015;Algerri;total;homes;població;;229
2015;Algerri;total;dones;població;;193
2015;Algerri;total;total;població;;422
2015;Alguaire;total;homes;població;;1571
2015;Alguaire;total;dones;població;;1431
2015;Alguaire;total;total;població;;3002
2015;Alins;total;homes;població;;153
2015;Alins;total;dones;població;;135
2015;Alins;total;total;població;;288
2015;Alió;total;homes;població;;202
2015;Alió;total;dones;població;;217
2015;Alió;total;total;població;;419
2015;Almacelles;total;homes;població;;3534
2015;Almacelles;total;dones;població;;3232
2015;Almacelles;total;total;població;;6766
2015;Almatret;total;homes;població;;172
2015;Almatret;total;dones;població;;154
2015;Almatret;total;total;població;;326
2015;Almenar;total;homes;població;;1879
2015;Almenar;total;dones;població;;1646
2015;Almenar;total;total;població;;3525
2015;Almoster;total;homes;població;;702
2015;Almoster;total;dones;població;;708
2015;Almoster;total;total;població;;1410
2015;Alòs de Balaguer;total;homes;població;;69
2015;Alòs de Balaguer;total;dones;població;;54
2015;Alòs de Balaguer;total;total;població;;123
2015;Alp;total;homes;població;;835
2015;Alp;total;dones;població;;760
2015;Alp;total;total;població;;1595
2015;Alpens;total;homes;població;;156
2015;Alpens;total;dones;població;;134
2015;Alpens;total;total;població;;290
2015;Alpicat;total;homes;població;;3146
2015;Alpicat;total;dones;població;;3129
2015;Alpicat;total;total;població;;6275
2015;Alt Àneu;total;homes;població;;232
2015;Alt Àneu;total;dones;població;;175
2015;Alt Àneu;total;total;població;;407
2015;Altafulla;total;homes;població;;2482
2015;Altafulla;total;dones;població;;2570
2015;Altafulla;total;total;població;;5052
2015;Amer;total;homes;població;;1095
2015;Amer;total;dones;població;;1155
2015;Amer;total;total;població;;2250
2015;Ametlla de Mar, l';total;homes;població;;3617
2015;Ametlla de Mar, l';total;dones;població;;3566
2015;Ametlla de Mar, l';total;total;població;;7183
2015;Ametlla del Vallès, l';total;homes;població;;4178
2015;Ametlla del Vallès, l';total;dones;població;;4125
2015;Ametlla del Vallès, l';total;total;població;;8303
2015;Ampolla, l';total;homes;població;;1766
2015;Ampolla, l';total;dones;població;;1707
2015;Ampolla, l';total;total;població;;3473
2015;Amposta;total;homes;població;;10564
2015;Amposta;total;dones;població;;10388
2015;Amposta;total;total;població;;20952
2015;Anglès;total;homes;població;;2748
2015;Anglès;total;dones;població;;2792
2015;Anglès;total;total;població;;5540
2015;Anglesola;total;homes;població;;688
2015;Anglesola;total;dones;població;;690
2015;Anglesola;total;total;població;;1378
2015;Arbeca;total;homes;població;;1156
2015;Arbeca;total;dones;població;;1122
2015;Arbeca;total;total;població;;2278
2015;Arboç, l';total;homes;població;;2853
2015;Arboç, l';total;dones;població;;2660
2015;Arboç, l';total;total;població;;5513
2015;Arbolí;total;homes;població;;71
2015;Arbolí;total;dones;població;;52
2015;Arbolí;total;total;població;;123
2015;Arbúcies;total;homes;població;;3259
2015;Arbúcies;total;dones;població;;3038
2015;Arbúcies;total;total;població;;6297
2015;Arenys de Mar;total;homes;població;;7491
2015;Arenys de Mar;total;dones;població;;7798
2015;Arenys de Mar;total;total;població;;15289
2015;Arenys de Munt;total;homes;població;;4408
2015;Arenys de Munt;total;dones;població;;4328
2015;Arenys de Munt;total;total;població;;8736
2015;Argelaguer;total;homes;població;;221
2015;Argelaguer;total;dones;població;;191
2015;Argelaguer;total;total;població;;412
2015;Argençola;total;homes;població;;118
2015;Argençola;total;dones;població;;105
2015;Argençola;total;total;població;;223
2015;Argentera, l';total;homes;població;;82
2015;Argentera, l';total;dones;població;;65
2015;Argentera, l';total;total;població;;147
2015;Argentona;total;homes;població;;5899
2015;Argentona;total;dones;població;;6079
2015;Argentona;total;total;població;;11978
2015;Armentera, l';total;homes;població;;451
2015;Armentera, l';total;dones;població;;456
2015;Armentera, l';total;total;població;;907
2015;Arnes;total;homes;població;;242
2015;Arnes;total;dones;població;;232
2015;Arnes;total;total;població;;474
2015;Arres;total;homes;població;;42
2015;Arres;total;dones;població;;25
2015;Arres;total;total;població;;67
2015;Arsèguel;total;homes;població;;46
2015;Arsèguel;total;dones;població;;33
2015;Arsèguel;total;total;població;;79
2015;Artés;total;homes;població;;2861
2015;Artés;total;dones;població;;2804
2015;Artés;total;total;població;;5665
2015;Artesa de Lleida;total;homes;població;;793
2015;Artesa de Lleida;total;dones;població;;724
2015;Artesa de Lleida;total;total;població;;1517
2015;Artesa de Segre;total;homes;població;;1840
2015;Artesa de Segre;total;dones;població;;1774
2015;Artesa de Segre;total;total;població;;3614
2015;Ascó;total;homes;població;;877
2015;Ascó;total;dones;població;;805
2015;Ascó;total;total;població;;1682
2015;Aspa;total;homes;població;;110
2015;Aspa;total;dones;població;;108
2015;Aspa;total;total;població;;218
2015;Avellanes i Santa Linya, les;total;homes;població;;269
2015;Avellanes i Santa Linya, les;total;dones;població;;204
2015;Avellanes i Santa Linya, les;total;total;població;;473
2015;Avià;total;homes;població;;1102
2015;Avià;total;dones;població;;1123
2015;Avià;total;total;població;;2225
2015;Avinyó;total;homes;població;;1112
2015;Avinyó;total;dones;població;;1136
2015;Avinyó;total;total;població;;2248
2015;Avinyonet de Puigventós;total;homes;població;;795
2015;Avinyonet de Puigventós;total;dones;població;;770
2015;Avinyonet de Puigventós;total;total;població;;1565
2015;Avinyonet del Penedès;total;homes;població;;863
2015;Avinyonet del Penedès;total;dones;població;;789
2015;Avinyonet del Penedès;total;total;població;;1652
2015;Badalona;total;homes;població;;106424
2015;Badalona;total;dones;població;;109230
2015;Badalona;total;total;població;;215654
2015;Badia del Vallès;total;homes;població;;6571
2015;Badia del Vallès;total;dones;població;;6931
2015;Badia del Vallès;total;total;població;;13502
2015;Bagà;total;homes;població;;1080
2015;Bagà;total;dones;població;;1108
2015;Bagà;total;total;població;;2188
2015;Baix Pallars;total;homes;població;;187
2015;Baix Pallars;total;dones;població;;163
2015;Baix Pallars;total;total;població;;350
2015;Balaguer;total;homes;població;;8323
2015;Balaguer;total;dones;població;;8156
2015;Balaguer;total;total;població;;16479
2015;Balenyà;total;homes;població;;1863
2015;Balenyà;total;dones;població;;1848
2015;Balenyà;total;total;població;;3711
2015;Balsareny;total;homes;població;;1636
2015;Balsareny;total;dones;població;;1688
2015;Balsareny;total;total;població;;3324
2015;Banyeres del Penedès;total;homes;població;;1561
2015;Banyeres del Penedès;total;dones;població;;1542
2015;Banyeres del Penedès;total;total;població;;3103
2015;Banyoles;total;homes;població;;9652
2015;Banyoles;total;dones;població;;9647
2015;Banyoles;total;total;població;;19299
2015;Barbens;total;homes;població;;477
2015;Barbens;total;dones;població;;423
2015;Barbens;total;total;població;;900
2015;Barberà de la Conca;total;homes;població;;267
2015;Barberà de la Conca;total;dones;població;;238
2015;Barberà de la Conca;total;total;població;;505
2015;Barberà del Vallès;total;homes;població;;16091
2015;Barberà del Vallès;total;dones;població;;16454
2015;Barberà del Vallès;total;total;població;;32545
2015;Barcelona;total;homes;població;;759520
2015;Barcelona;total;dones;població;;845035
2015;Barcelona;total;total;població;;1604555
2015;Baronia de Rialb, la;total;homes;població;;128
2015;Baronia de Rialb, la;total;dones;població;;117
2015;Baronia de Rialb, la;total;total;població;;245
2015;Bàscara;total;homes;població;;479
2015;Bàscara;total;dones;població;;464
2015;Bàscara;total;total;població;;943
2015;Bassella;total;homes;població;;117
2015;Bassella;total;dones;població;;117
2015;Bassella;total;total;població;;234
2015;Batea;total;homes;població;;966
2015;Batea;total;dones;població;;979
2015;Batea;total;total;població;;1945
2015;Bausen;total;homes;població;;32
2015;Bausen;total;dones;població;;26
2015;Bausen;total;total;població;;58
2015;Begues;total;homes;població;;3317
2015;Begues;total;dones;població;;3353
2015;Begues;total;total;població;;6670
2015;Begur;total;homes;població;;2019
2015;Begur;total;dones;població;;1966
2015;Begur;total;total;població;;3985
2015;Belianes;total;homes;població;;274
2015;Belianes;total;dones;població;;281
2015;Belianes;total;total;població;;555
2015;Bellaguarda;total;homes;població;;161
2015;Bellaguarda;total;dones;població;;147
2015;Bellaguarda;total;total;població;;308
2015;Bellcaire d'Empordà;total;homes;població;;316
2015;Bellcaire d'Empordà;total;dones;població;;336
2015;Bellcaire d'Empordà;total;total;població;;652
2015;Bellcaire d'Urgell;total;homes;població;;659
2015;Bellcaire d'Urgell;total;dones;població;;637
2015;Bellcaire d'Urgell;total;total;població;;1296
2015;Bell-lloc d'Urgell;total;homes;població;;1156
2015;Bell-lloc d'Urgell;total;dones;població;;1173
2015;Bell-lloc d'Urgell;total;total;població;;2329
2015;Bellmunt d'Urgell;total;homes;població;;93
2015;Bellmunt d'Urgell;total;dones;població;;95
2015;Bellmunt d'Urgell;total;total;població;;188
2015;Bellmunt del Priorat;total;homes;població;;153
2015;Bellmunt del Priorat;total;dones;població;;150
2015;Bellmunt del Priorat;total;total;població;;303
2015;Bellprat;total;homes;població;;46
2015;Bellprat;total;dones;població;;28
2015;Bellprat;total;total;població;;74
2015;Bellpuig;total;homes;població;;2590
2015;Bellpuig;total;dones;població;;2399
2015;Bellpuig;total;total;població;;4989
2015;Bellvei;total;homes;població;;1140
2015;Bellvei;total;dones;població;;1045
2015;Bellvei;total;total;població;;2185
2015;Bellver de Cerdanya;total;homes;població;;1051
2015;Bellver de Cerdanya;total;dones;població;;977
2015;Bellver de Cerdanya;total;total;població;;2028
2015;Bellvís;total;homes;població;;1141
2015;Bellvís;total;dones;població;;1129
2015;Bellvís;total;total;població;;2270
2015;Benavent de Segrià;total;homes;població;;780
2015;Benavent de Segrià;total;dones;població;;726
2015;Benavent de Segrià;total;total;població;;1506
2015;Benifallet;total;homes;població;;356
2015;Benifallet;total;dones;població;;361
2015;Benifallet;total;total;població;;717
2015;Benissanet;total;homes;població;;683
2015;Benissanet;total;dones;població;;568
2015;Benissanet;total;total;població;;1251
2015;Berga;total;homes;població;;7952
2015;Berga;total;dones;població;;8286
2015;Berga;total;total;població;;16238
2015;Besalú;total;homes;població;;1154
2015;Besalú;total;dones;població;;1283
2015;Besalú;total;total;població;;2437
2015;Bescanó;total;homes;població;;2411
2015;Bescanó;total;dones;població;;2396
2015;Bescanó;total;total;població;;4807
2015;Beuda;total;homes;població;;100
2015;Beuda;total;dones;població;;93
2015;Beuda;total;total;població;;193
2015;Bigues i Riells del Fai;total;homes;població;;4524
2015;Bigues i Riells del Fai;total;dones;població;;4334
2015;Bigues i Riells del Fai;total;total;població;;8858
2015;Biosca;total;homes;població;;104
2015;Biosca;total;dones;població;;95
2015;Biosca;total;total;població;;199
2015;Bisbal d'Empordà, la;total;homes;població;;5370
2015;Bisbal d'Empordà, la;total;dones;població;;5389
2015;Bisbal d'Empordà, la;total;total;població;;10759
2015;Bisbal de Montsant, la;total;homes;població;;120
2015;Bisbal de Montsant, la;total;dones;població;;101
2015;Bisbal de Montsant, la;total;total;població;;221
2015;Bisbal del Penedès, la;total;homes;població;;1838
2015;Bisbal del Penedès, la;total;dones;població;;1636
2015;Bisbal del Penedès, la;total;total;població;;3474
2015;Biure;total;homes;població;;129
2015;Biure;total;dones;població;;113
2015;Biure;total;total;població;;242
2015;Blancafort;total;homes;població;;211
2015;Blancafort;total;dones;població;;202
2015;Blancafort;total;total;població;;413
2015;Blanes;total;homes;població;;19561
2015;Blanes;total;dones;població;;19571
2015;Blanes;total;total;població;;39132
2015;Boadella i les Escaules;total;homes;població;;134
2015;Boadella i les Escaules;total;dones;població;;127
2015;Boadella i les Escaules;total;total;població;;261
2015;Bolvir;total;homes;població;;195
2015;Bolvir;total;dones;població;;185
2015;Bolvir;total;total;població;;380
2015;Bonastre;total;homes;població;;329
2015;Bonastre;total;dones;població;;312
2015;Bonastre;total;total;població;;641
2015;Bòrdes, Es;total;homes;població;;136
2015;Bòrdes, Es;total;dones;població;;101
2015;Bòrdes, Es;total;total;població;;237
2015;Bordils;total;homes;població;;844
2015;Bordils;total;dones;població;;866
2015;Bordils;total;total;població;;1710
2015;Borges Blanques, les;total;homes;població;;3051
2015;Borges Blanques, les;total;dones;població;;2968
2015;Borges Blanques, les;total;total;població;;6019
2015;Borges del Camp, les;total;homes;població;;1043
2015;Borges del Camp, les;total;dones;població;;1044
2015;Borges del Camp, les;total;total;població;;2087
2015;Borrassà;total;homes;població;;368
2015;Borrassà;total;dones;població;;343
2015;Borrassà;total;total;població;;711
2015;Borredà;total;homes;població;;280
2015;Borredà;total;dones;població;;223
2015;Borredà;total;total;població;;503
2015;Bossòst;total;homes;població;;555
2015;Bossòst;total;dones;població;;582
2015;Bossòst;total;total;població;;1137
2015;Bot;total;homes;població;;320
2015;Bot;total;dones;població;;298
2015;Bot;total;total;població;;618
2015;Botarell;total;homes;població;;576
2015;Botarell;total;dones;població;;525
2015;Botarell;total;total;població;;1101
2015;Bovera;total;homes;població;;152
2015;Bovera;total;dones;població;;123
2015;Bovera;total;total;població;;275
2015;Bràfim;total;homes;població;;334
2015;Bràfim;total;dones;població;;331
2015;Bràfim;total;total;població;;665
2015;Breda;total;homes;població;;1862
2015;Breda;total;dones;població;;1866
2015;Breda;total;total;població;;3728
2015;Bruc, el;total;homes;població;;1097
2015;Bruc, el;total;dones;població;;935
2015;Bruc, el;total;total;població;;2032
2015;Brull, el;total;homes;població;;138
2015;Brull, el;total;dones;població;;116
2015;Brull, el;total;total;població;;254
2015;Brunyola i Sant Martí Sapresa;total;homes;població;;199
2015;Brunyola i Sant Martí Sapresa;total;dones;població;;195
2015;Brunyola i Sant Martí Sapresa;total;total;població;;394
2015;Cabacés;total;homes;població;;166
2015;Cabacés;total;dones;població;;164
2015;Cabacés;total;total;població;;330
2015;Cabanabona;total;homes;població;;38
2015;Cabanabona;total;dones;població;;44
2015;Cabanabona;total;total;població;;82
2015;Cabanelles;total;homes;població;;130
2015;Cabanelles;total;dones;població;;107
2015;Cabanelles;total;total;població;;237
2015;Cabanes;total;homes;població;;499
2015;Cabanes;total;dones;població;;432
2015;Cabanes;total;total;població;;931
2015;Cabanyes, les;total;homes;població;;501
2015;Cabanyes, les;total;dones;població;;466
2015;Cabanyes, les;total;total;població;;967
2015;Cabó;total;homes;població;;48
2015;Cabó;total;dones;població;;46
2015;Cabó;total;total;població;;94
2015;Cabra del Camp;total;homes;població;;578
2015;Cabra del Camp;total;dones;població;;531
2015;Cabra del Camp;total;total;població;;1109
2015;Cabrera d'Anoia;total;homes;població;;715
2015;Cabrera d'Anoia;total;dones;població;;633
2015;Cabrera d'Anoia;total;total;població;;1348
2015;Cabrera de Mar;total;homes;població;;2277
2015;Cabrera de Mar;total;dones;població;;2245
2015;Cabrera de Mar;total;total;població;;4522
2015;Cabrils;total;homes;població;;3590
2015;Cabrils;total;dones;població;;3660
2015;Cabrils;total;total;població;;7250
2015;Cadaqués;total;homes;població;;1371
2015;Cadaqués;total;dones;població;;1469
2015;Cadaqués;total;total;població;;2840
2015;Calaf;total;homes;població;;1749
2015;Calaf;total;dones;població;;1677
2015;Calaf;total;total;població;;3426
2015;Calafell;total;homes;població;;12191
2015;Calafell;total;dones;població;;12065
2015;Calafell;total;total;població;;24256
2015;Calders;total;homes;població;;496
2015;Calders;total;dones;població;;472
2015;Calders;total;total;població;;968
2015;Caldes d'Estrac;total;homes;població;;1316
2015;Caldes d'Estrac;total;dones;població;;1401
2015;Caldes d'Estrac;total;total;població;;2717
2015;Caldes de Malavella;total;homes;població;;3559
2015;Caldes de Malavella;total;dones;població;;3607
2015;Caldes de Malavella;total;total;població;;7166
2015;Caldes de Montbui;total;homes;població;;8521
2015;Caldes de Montbui;total;dones;població;;8577
2015;Caldes de Montbui;total;total;població;;17098
2015;Calella;total;homes;població;;8886
2015;Calella;total;dones;població;;9340
2015;Calella;total;total;població;;18226
2015;Calldetenes;total;homes;població;;1240
2015;Calldetenes;total;dones;població;;1187
2015;Calldetenes;total;total;població;;2427
2015;Callús;total;homes;població;;994
2015;Callús;total;dones;població;;1030
2015;Callús;total;total;població;;2024
2015;Calonge de Segarra;total;homes;població;;99
2015;Calonge de Segarra;total;dones;població;;98
2015;Calonge de Segarra;total;total;població;;197
2015;Calonge i Sant Antoni;total;homes;població;;5272
2015;Calonge i Sant Antoni;total;dones;població;;5248
2015;Calonge i Sant Antoni;total;total;població;;10520
2015;Camarasa;total;homes;població;;461
2015;Camarasa;total;dones;població;;442
2015;Camarasa;total;total;població;;903
2015;Camarles;total;homes;població;;1780
2015;Camarles;total;dones;població;;1696
2015;Camarles;total;total;població;;3476
2015;Cambrils;total;homes;població;;16170
2015;Cambrils;total;dones;població;;16745
2015;Cambrils;total;total;població;;32915
2015;Camós;total;homes;població;;346
2015;Camós;total;dones;població;;337
2015;Camós;total;total;població;;683
2015;Campdevànol;total;homes;població;;1653
2015;Campdevànol;total;dones;població;;1699
2015;Campdevànol;total;total;població;;3352
2015;Campelles;total;homes;població;;64
2015;Campelles;total;dones;població;;63
2015;Campelles;total;total;població;;127
2015;Campins;total;homes;població;;249
2015;Campins;total;dones;població;;242
2015;Campins;total;total;població;;491
2015;Campllong;total;homes;població;;247
2015;Campllong;total;dones;població;;252
2015;Campllong;total;total;població;;499
2015;Camprodon;total;homes;població;;1126
2015;Camprodon;total;dones;població;;1173
2015;Camprodon;total;total;població;;2299
2015;Canejan;total;homes;població;;56
2015;Canejan;total;dones;població;;44
2015;Canejan;total;total;població;;100
2015;Canet d'Adri;total;homes;població;;340
2015;Canet d'Adri;total;dones;població;;331
2015;Canet d'Adri;total;total;població;;671
2015;Canet de Mar;total;homes;població;;6884
2015;Canet de Mar;total;dones;població;;7293
2015;Canet de Mar;total;total;població;;14177
2015;Canonja, la;total;homes;població;;2891
2015;Canonja, la;total;dones;població;;2948
2015;Canonja, la;total;total;població;;5839
2015;Canovelles;total;homes;població;;8205
2015;Canovelles;total;dones;població;;7701
2015;Canovelles;total;total;població;;15906
2015;Cànoves i Samalús;total;homes;població;;1473
2015;Cànoves i Samalús;total;dones;població;;1424
2015;Cànoves i Samalús;total;total;població;;2897
2015;Cantallops;total;homes;població;;166
2015;Cantallops;total;dones;població;;162
2015;Cantallops;total;total;població;;328
2015;Canyelles;total;homes;població;;2235
2015;Canyelles;total;dones;població;;2140
2015;Canyelles;total;total;població;;4375
2015;Capafonts;total;homes;població;;58
2015;Capafonts;total;dones;població;;53
2015;Capafonts;total;total;població;;111
2015;Capçanes;total;homes;població;;204
2015;Capçanes;total;dones;població;;209
2015;Capçanes;total;total;població;;413
2015;Capellades;total;homes;població;;2592
2015;Capellades;total;dones;població;;2676
2015;Capellades;total;total;població;;5268
2015;Capmany;total;homes;població;;307
2015;Capmany;total;dones;població;;283
2015;Capmany;total;total;població;;590
2015;Capolat;total;homes;població;;44
2015;Capolat;total;dones;població;;48
2015;Capolat;total;total;població;;92
2015;Cardedeu;total;homes;població;;8799
2015;Cardedeu;total;dones;població;;9139
2015;Cardedeu;total;total;població;;17938
2015;Cardona;total;homes;població;;2404
2015;Cardona;total;dones;població;;2494
2015;Cardona;total;total;població;;4898
2015;Carme;total;homes;població;;411
2015;Carme;total;dones;població;;381
2015;Carme;total;total;població;;792
2015;Caseres;total;homes;població;;131
2015;Caseres;total;dones;població;;127
2015;Caseres;total;total;població;;258
2015;Cassà de la Selva;total;homes;població;;5132
2015;Cassà de la Selva;total;dones;població;;4898
2015;Cassà de la Selva;total;total;població;;10030
2015;Casserres;total;homes;població;;764
2015;Casserres;total;dones;població;;777
2015;Casserres;total;total;població;;1541
2015;Castell d'Aro, Platja d'Aro i s'Agaró;total;homes;població;;5251
2015;Castell d'Aro, Platja d'Aro i s'Agaró;total;dones;població;;5338
2015;Castell d'Aro, Platja d'Aro i s'Agaró;total;total;població;;10589
2015;Castell de l'Areny;total;homes;població;;41
2015;Castell de l'Areny;total;dones;població;;32
2015;Castell de l'Areny;total;total;població;;73
2015;Castell de Mur;total;homes;població;;101
2015;Castell de Mur;total;dones;població;;87
2015;Castell de Mur;total;total;població;;188
2015;Castellar de la Ribera;total;homes;població;;76
2015;Castellar de la Ribera;total;dones;població;;74
2015;Castellar de la Ribera;total;total;població;;150
2015;Castellar de n'Hug;total;homes;població;;86
2015;Castellar de n'Hug;total;dones;població;;73
2015;Castellar de n'Hug;total;total;població;;159
2015;Castellar del Riu;total;homes;població;;96
2015;Castellar del Riu;total;dones;població;;79
2015;Castellar del Riu;total;total;població;;175
2015;Castellar del Vallès;total;homes;població;;11561
2015;Castellar del Vallès;total;dones;població;;11881
2015;Castellar del Vallès;total;total;població;;23442
2015;Castellbell i el Vilar;total;homes;població;;1820
2015;Castellbell i el Vilar;total;dones;població;;1746
2015;Castellbell i el Vilar;total;total;població;;3566
2015;Castellbisbal;total;homes;població;;6272
2015;Castellbisbal;total;dones;població;;6092
2015;Castellbisbal;total;total;població;;12364
2015;Castellcir;total;homes;població;;345
2015;Castellcir;total;dones;població;;349
2015;Castellcir;total;total;població;;694
2015;Castelldans;total;homes;població;;534
2015;Castelldans;total;dones;població;;447
2015;Castelldans;total;total;població;;981
2015;Castelldefels;total;homes;població;;31500
2015;Castelldefels;total;dones;població;;32391
2015;Castelldefels;total;total;població;;63891
2015;Castellet i la Gornal;total;homes;població;;1115
2015;Castellet i la Gornal;total;dones;població;;1097
2015;Castellet i la Gornal;total;total;població;;2212
2015;Castellfollit de la Roca;total;homes;població;;498
2015;Castellfollit de la Roca;total;dones;població;;494
2015;Castellfollit de la Roca;total;total;població;;992
2015;Castellfollit de Riubregós;total;homes;població;;96
2015;Castellfollit de Riubregós;total;dones;població;;71
2015;Castellfollit de Riubregós;total;total;població;;167
2015;Castellfollit del Boix;total;homes;població;;220
2015;Castellfollit del Boix;total;dones;població;;214
2015;Castellfollit del Boix;total;total;població;;434
2015;Castellgalí;total;homes;població;;1044
2015;Castellgalí;total;dones;població;;952
2015;Castellgalí;total;total;població;;1996
2015;Castellnou de Bages;total;homes;població;;638
2015;Castellnou de Bages;total;dones;població;;628
2015;Castellnou de Bages;total;total;població;;1266
2015;Castellnou de Seana;total;homes;població;;391
2015;Castellnou de Seana;total;dones;població;;345
2015;Castellnou de Seana;total;total;població;;736
2015;Castelló d'Empúries;total;homes;població;;5502
2015;Castelló d'Empúries;total;dones;població;;5368
2015;Castelló d'Empúries;total;total;població;;10870
2015;Castelló de Farfanya;total;homes;població;;294
2015;Castelló de Farfanya;total;dones;població;;253
2015;Castelló de Farfanya;total;total;població;;547
2015;Castellolí;total;homes;població;;280
2015;Castellolí;total;dones;població;;294
2015;Castellolí;total;total;població;;574
2015;Castellserà;total;homes;població;;530
2015;Castellserà;total;dones;població;;514
2015;Castellserà;total;total;població;;1044
2015;Castellterçol;total;homes;població;;1192
2015;Castellterçol;total;dones;població;;1176
2015;Castellterçol;total;total;població;;2368
2015;Castellvell del Camp;total;homes;població;;1448
2015;Castellvell del Camp;total;dones;població;;1449
2015;Castellvell del Camp;total;total;població;;2897
2015;Castellví de la Marca;total;homes;població;;769
2015;Castellví de la Marca;total;dones;població;;771
2015;Castellví de la Marca;total;total;població;;1540
2015;Castellví de Rosanes;total;homes;població;;868
2015;Castellví de Rosanes;total;dones;població;;903
2015;Castellví de Rosanes;total;total;població;;1771
2015;Catllar, el;total;homes;població;;2176
2015;Catllar, el;total;dones;població;;2039
2015;Catllar, el;total;total;població;;4215
2015;Cava;total;homes;població;;35
2015;Cava;total;dones;població;;25
2015;Cava;total;total;població;;60
2015;Cellera de Ter, la;total;homes;població;;1028
2015;Cellera de Ter, la;total;dones;població;;1043
2015;Cellera de Ter, la;total;total;població;;2071
2015;Celrà;total;homes;població;;2591
2015;Celrà;total;dones;població;;2564
2015;Celrà;total;total;població;;5155
2015;Centelles;total;homes;població;;3601
2015;Centelles;total;dones;població;;3771
2015;Centelles;total;total;població;;7372
2015;Cercs;total;homes;població;;602
2015;Cercs;total;dones;població;;607
2015;Cercs;total;total;població;;1209
2015;Cerdanyola del Vallès;total;homes;població;;28124
2015;Cerdanyola del Vallès;total;dones;població;;29289
2015;Cerdanyola del Vallès;total;total;població;;57413
2015;Cervelló;total;homes;població;;4426
2015;Cervelló;total;dones;població;;4425
2015;Cervelló;total;total;població;;8851
2015;Cervera;total;homes;població;;4483
2015;Cervera;total;dones;població;;4473
2015;Cervera;total;total;població;;8956
2015;Cervià de les Garrigues;total;homes;població;;364
2015;Cervià de les Garrigues;total;dones;població;;331
2015;Cervià de les Garrigues;total;total;població;;695
2015;Cervià de Ter;total;homes;població;;468
2015;Cervià de Ter;total;dones;població;;458
2015;Cervià de Ter;total;total;població;;926
2015;Cistella;total;homes;població;;146
2015;Cistella;total;dones;població;;157
2015;Cistella;total;total;població;;303
2015;Ciutadilla;total;homes;població;;117
2015;Ciutadilla;total;dones;població;;100
2015;Ciutadilla;total;total;població;;217
2015;Clariana de Cardener;total;homes;població;;71
2015;Clariana de Cardener;total;dones;població;;69
2015;Clariana de Cardener;total;total;població;;140
2015;Cogul, el;total;homes;població;;97
2015;Cogul, el;total;dones;població;;84
2015;Cogul, el;total;total;població;;181
2015;Colera;total;homes;població;;270
2015;Colera;total;dones;població;;263
2015;Colera;total;total;població;;533
2015;Coll de Nargó;total;homes;població;;293
2015;Coll de Nargó;total;dones;població;;282
2015;Coll de Nargó;total;total;població;;575
2015;Collbató;total;homes;població;;2263
2015;Collbató;total;dones;població;;2126
2015;Collbató;total;total;població;;4389
2015;Colldejou;total;homes;població;;94
2015;Colldejou;total;dones;població;;78
2015;Colldejou;total;total;població;;172
2015;Collsuspina;total;homes;població;;181
2015;Collsuspina;total;dones;població;;162
2015;Collsuspina;total;total;població;;343
2015;Colomers;total;homes;població;;91
2015;Colomers;total;dones;població;;98
2015;Colomers;total;total;població;;189
2015;Coma i la Pedra, la;total;homes;població;;165
2015;Coma i la Pedra, la;total;dones;població;;105
2015;Coma i la Pedra, la;total;total;població;;270
2015;Conca de Dalt;total;homes;població;;233
2015;Conca de Dalt;total;dones;població;;213
2015;Conca de Dalt;total;total;població;;446
2015;Conesa;total;homes;població;;58
2015;Conesa;total;dones;població;;62
2015;Conesa;total;total;població;;120
2015;Constantí;total;homes;població;;3337
2015;Constantí;total;dones;població;;3079
2015;Constantí;total;total;població;;6416
2015;Copons;total;homes;població;;157
2015;Copons;total;dones;població;;150
2015;Copons;total;total;població;;307
2015;Corbera d'Ebre;total;homes;població;;572
2015;Corbera d'Ebre;total;dones;població;;523
2015;Corbera d'Ebre;total;total;població;;1095
2015;Corbera de Llobregat;total;homes;població;;7127
2015;Corbera de Llobregat;total;dones;població;;7113
2015;Corbera de Llobregat;total;total;població;;14240
2015;Corbins;total;homes;població;;744
2015;Corbins;total;dones;població;;650
2015;Corbins;total;total;població;;1394
2015;Corçà;total;homes;població;;628
2015;Corçà;total;dones;població;;616
2015;Corçà;total;total;població;;1244
2015;Cornellà de Llobregat;total;homes;població;;42093
2015;Cornellà de Llobregat;total;dones;població;;44283
2015;Cornellà de Llobregat;total;total;població;;86376
2015;Cornellà del Terri;total;homes;població;;1147
2015;Cornellà del Terri;total;dones;població;;1089
2015;Cornellà del Terri;total;total;població;;2236
2015;Cornudella de Montsant;total;homes;població;;539
2015;Cornudella de Montsant;total;dones;població;;442
2015;Cornudella de Montsant;total;total;població;;981
2015;Creixell;total;homes;població;;1771
2015;Creixell;total;dones;població;;1721
2015;Creixell;total;total;població;;3492
2015;Crespià;total;homes;població;;133
2015;Crespià;total;dones;població;;123
2015;Crespià;total;total;població;;256
2015;Cruïlles, Monells i Sant Sadurní de l'Heura;total;homes;població;;664
2015;Cruïlles, Monells i Sant Sadurní de l'Heura;total;dones;població;;640
2015;Cruïlles, Monells i Sant Sadurní de l'Heura;total;total;població;;1304
2015;Cubelles;total;homes;població;;7325
2015;Cubelles;total;dones;població;;7095
2015;Cubelles;total;total;població;;14420
2015;Cubells;total;homes;població;;200
2015;Cubells;total;dones;població;;178
2015;Cubells;total;total;població;;378
2015;Cunit;total;homes;població;;5889
2015;Cunit;total;dones;població;;5994
2015;Cunit;total;total;població;;11883
2015;Darnius;total;homes;població;;282
2015;Darnius;total;dones;població;;272
2015;Darnius;total;total;població;;554
2015;Das;total;homes;població;;122
2015;Das;total;dones;població;;100
2015;Das;total;total;població;;222
2015;Deltebre;total;homes;població;;5901
2015;Deltebre;total;dones;població;;5775
2015;Deltebre;total;total;població;;11676
2015;Dosrius;total;homes;població;;2644
2015;Dosrius;total;dones;població;;2571
2015;Dosrius;total;total;població;;5215
2015;Duesaigües;total;homes;població;;128
2015;Duesaigües;total;dones;població;;108
2015;Duesaigües;total;total;població;;236
2015;Escala, l';total;homes;població;;5210
2015;Escala, l';total;dones;població;;5066
2015;Escala, l';total;total;població;;10276
2015;Esparreguera;total;homes;població;;10975
2015;Esparreguera;total;dones;població;;10726
2015;Esparreguera;total;total;població;;21701
2015;Espinelves;total;homes;població;;95
2015;Espinelves;total;dones;població;;101
2015;Espinelves;total;total;població;;196
2015;Espluga Calba, l';total;homes;població;;192
2015;Espluga Calba, l';total;dones;població;;195
2015;Espluga Calba, l';total;total;població;;387
2015;Espluga de Francolí, l';total;homes;població;;1846
2015;Espluga de Francolí, l';total;dones;població;;1972
2015;Espluga de Francolí, l';total;total;població;;3818
2015;Esplugues de Llobregat;total;homes;població;;21965
2015;Esplugues de Llobregat;total;dones;població;;23661
2015;Esplugues de Llobregat;total;total;població;;45626
2015;Espolla;total;homes;població;;205
2015;Espolla;total;dones;població;;210
2015;Espolla;total;total;població;;415
2015;Esponellà;total;homes;població;;221
2015;Esponellà;total;dones;població;;223
2015;Esponellà;total;total;població;;444
2015;Espot;total;homes;població;;196
2015;Espot;total;dones;població;;166
2015;Espot;total;total;població;;362
2015;Espunyola, l';total;homes;població;;129
2015;Espunyola, l';total;dones;població;;123
2015;Espunyola, l';total;total;població;;252
2015;Esquirol, l';total;homes;població;;1077
2015;Esquirol, l';total;dones;població;;1073
2015;Esquirol, l';total;total;població;;2150
2015;Estamariu;total;homes;població;;71
2015;Estamariu;total;dones;població;;53
2015;Estamariu;total;total;població;;124
2015;Estany, l';total;homes;població;;199
2015;Estany, l';total;dones;població;;199
2015;Estany, l';total;total;població;;398
2015;Estaràs;total;homes;població;;95
2015;Estaràs;total;dones;població;;81
2015;Estaràs;total;total;població;;176
2015;Esterri d'Àneu;total;homes;població;;386
2015;Esterri d'Àneu;total;dones;població;;418
2015;Esterri d'Àneu;total;total;població;;804
2015;Esterri de Cardós;total;homes;població;;35
2015;Esterri de Cardós;total;dones;població;;38
2015;Esterri de Cardós;total;total;població;;73
2015;Falset;total;homes;població;;1435
2015;Falset;total;dones;població;;1432
2015;Falset;total;total;població;;2867
2015;Far d'Empordà, el;total;homes;població;;279
2015;Far d'Empordà, el;total;dones;població;;273
2015;Far d'Empordà, el;total;total;població;;552
2015;Farrera;total;homes;població;;69
2015;Farrera;total;dones;població;;49
2015;Farrera;total;total;població;;118
2015;Fatarella, la;total;homes;població;;512
2015;Fatarella, la;total;dones;població;;516
2015;Fatarella, la;total;total;població;;1028
2015;Febró, la;total;homes;població;;28
2015;Febró, la;total;dones;població;;11
2015;Febró, la;total;total;població;;39
2015;Figaró-Montmany;total;homes;població;;549
2015;Figaró-Montmany;total;dones;població;;545
2015;Figaró-Montmany;total;total;població;;1094
2015;Fígols;total;homes;població;;23
2015;Fígols;total;dones;població;;20
2015;Fígols;total;total;població;;43
2015;Fígols i Alinyà;total;homes;població;;147
2015;Fígols i Alinyà;total;dones;població;;114
2015;Fígols i Alinyà;total;total;població;;261
2015;Figuera, la;total;homes;població;;66
2015;Figuera, la;total;dones;població;;51
2015;Figuera, la;total;total;població;;117
2015;Figueres;total;homes;població;;22471
2015;Figueres;total;dones;població;;22875
2015;Figueres;total;total;població;;45346
2015;Figuerola del Camp;total;homes;població;;167
2015;Figuerola del Camp;total;dones;població;;182
2015;Figuerola del Camp;total;total;població;;349
2015;Flaçà;total;homes;població;;506
2015;Flaçà;total;dones;població;;554
2015;Flaçà;total;total;població;;1060
2015;Flix;total;homes;població;;1868
2015;Flix;total;dones;població;;1886
2015;Flix;total;total;població;;3754
2015;Floresta, la;total;homes;població;;89
2015;Floresta, la;total;dones;població;;71
2015;Floresta, la;total;total;població;;160
2015;Fogars de la Selva;total;homes;població;;755
2015;Fogars de la Selva;total;dones;població;;715
2015;Fogars de la Selva;total;total;població;;1470
2015;Fogars de Montclús;total;homes;població;;248
2015;Fogars de Montclús;total;dones;població;;229
2015;Fogars de Montclús;total;total;població;;477
2015;Foixà;total;homes;població;;157
2015;Foixà;total;dones;població;;149
2015;Foixà;total;total;població;;306
2015;Folgueroles;total;homes;població;;1156
2015;Folgueroles;total;dones;població;;1129
2015;Folgueroles;total;total;població;;2285
2015;Fondarella;total;homes;població;;413
2015;Fondarella;total;dones;població;;418
2015;Fondarella;total;total;població;;831
2015;Fonollosa;total;homes;població;;726
2015;Fonollosa;total;dones;població;;667
2015;Fonollosa;total;total;població;;1393
2015;Fontanals de Cerdanya;total;homes;població;;237
2015;Fontanals de Cerdanya;total;dones;població;;213
2015;Fontanals de Cerdanya;total;total;població;;450
2015;Fontanilles;total;homes;població;;86
2015;Fontanilles;total;dones;població;;58
2015;Fontanilles;total;total;població;;144
2015;Fontcoberta;total;homes;població;;709
2015;Fontcoberta;total;dones;població;;739
2015;Fontcoberta;total;total;població;;1448
2015;Font-rubí;total;homes;població;;692
2015;Font-rubí;total;dones;població;;656
2015;Font-rubí;total;total;població;;1348
2015;Foradada;total;homes;població;;99
2015;Foradada;total;dones;població;;75
2015;Foradada;total;total;població;;174
2015;Forallac;total;homes;població;;832
2015;Forallac;total;dones;població;;873
2015;Forallac;total;total;població;;1705
2015;Forès;total;homes;població;;27
2015;Forès;total;dones;població;;24
2015;Forès;total;total;població;;51
2015;Fornells de la Selva;total;homes;població;;1244
2015;Fornells de la Selva;total;dones;població;;1284
2015;Fornells de la Selva;total;total;població;;2528
2015;Fortià;total;homes;població;;347
2015;Fortià;total;dones;població;;376
2015;Fortià;total;total;població;;723
2015;Franqueses del Vallès, les;total;homes;població;;9894
2015;Franqueses del Vallès, les;total;dones;població;;9552
2015;Franqueses del Vallès, les;total;total;població;;19446
2015;Freginals;total;homes;població;;214
2015;Freginals;total;dones;població;;185
2015;Freginals;total;total;població;;399
2015;Fuliola, la;total;homes;població;;653
2015;Fuliola, la;total;dones;població;;638
2015;Fuliola, la;total;total;població;;1291
2015;Fulleda;total;homes;població;;47
2015;Fulleda;total;dones;població;;47
2015;Fulleda;total;total;població;;94
2015;Gaià;total;homes;població;;91
2015;Gaià;total;dones;població;;77
2015;Gaià;total;total;població;;168
2015;Galera, la;total;homes;població;;397
2015;Galera, la;total;dones;població;;373
2015;Galera, la;total;total;població;;770
2015;Gallifa;total;homes;població;;103
2015;Gallifa;total;dones;població;;94
2015;Gallifa;total;total;població;;197
2015;Gandesa;total;homes;població;;1536
2015;Gandesa;total;dones;població;;1473
2015;Gandesa;total;total;població;;3009
2015;Garcia;total;homes;població;;299
2015;Garcia;total;dones;població;;284
2015;Garcia;total;total;població;;583
2015;Garidells, els;total;homes;població;;92
2015;Garidells, els;total;dones;població;;96
2015;Garidells, els;total;total;població;;188
2015;Garriga, la;total;homes;població;;7646
2015;Garriga, la;total;dones;població;;8094
2015;Garriga, la;total;total;població;;15740
2015;Garrigàs;total;homes;població;;220
2015;Garrigàs;total;dones;població;;203
2015;Garrigàs;total;total;població;;423
2015;Garrigoles;total;homes;població;;88
2015;Garrigoles;total;dones;població;;72
2015;Garrigoles;total;total;població;;160
2015;Garriguella;total;homes;població;;419
2015;Garriguella;total;dones;població;;423
2015;Garriguella;total;total;població;;842
2015;Gavà;total;homes;població;;22851
2015;Gavà;total;dones;població;;23554
2015;Gavà;total;total;població;;46405
2015;Gavet de la Conca;total;homes;població;;142
2015;Gavet de la Conca;total;dones;població;;145
2015;Gavet de la Conca;total;total;població;;287
2015;Gelida;total;homes;població;;3629
2015;Gelida;total;dones;població;;3624
2015;Gelida;total;total;població;;7253
2015;Ger;total;homes;població;;230
2015;Ger;total;dones;població;;200
2015;Ger;total;total;població;;430
2015;Gimenells i el Pla de la Font;total;homes;població;;589
2015;Gimenells i el Pla de la Font;total;dones;població;;562
2015;Gimenells i el Pla de la Font;total;total;població;;1151
2015;Ginestar;total;homes;població;;418
2015;Ginestar;total;dones;població;;384
2015;Ginestar;total;total;població;;802
2015;Girona;total;homes;població;;46761
2015;Girona;total;dones;població;;50825
2015;Girona;total;total;població;;97586
2015;Gironella;total;homes;població;;2422
2015;Gironella;total;dones;població;;2503
2015;Gironella;total;total;població;;4925
2015;Gisclareny;total;homes;població;;16
2015;Gisclareny;total;dones;població;;11
2015;Gisclareny;total;total;població;;27
2015;Godall;total;homes;població;;311
2015;Godall;total;dones;població;;321
2015;Godall;total;total;població;;632
2015;Golmés;total;homes;població;;882
2015;Golmés;total;dones;població;;888
2015;Golmés;total;total;població;;1770
2015;Gombrèn;total;homes;població;;92
2015;Gombrèn;total;dones;població;;93
2015;Gombrèn;total;total;població;;185
2015;Gósol;total;homes;població;;131
2015;Gósol;total;dones;població;;95
2015;Gósol;total;total;població;;226
2015;Granada, la;total;homes;població;;1070
2015;Granada, la;total;dones;població;;1015
2015;Granada, la;total;total;població;;2085
2015;Granadella, la;total;homes;població;;369
2015;Granadella, la;total;dones;població;;343
2015;Granadella, la;total;total;població;;712
2015;Granera;total;homes;població;;53
2015;Granera;total;dones;població;;27
2015;Granera;total;total;població;;80
2015;Granja d'Escarp, la;total;homes;població;;528
2015;Granja d'Escarp, la;total;dones;població;;473
2015;Granja d'Escarp, la;total;total;població;;1001
2015;Granollers;total;homes;població;;29712
2015;Granollers;total;dones;població;;30389
2015;Granollers;total;total;població;;60101
2015;Granyanella;total;homes;població;;81
2015;Granyanella;total;dones;població;;65
2015;Granyanella;total;total;població;;146
2015;Granyena de les Garrigues;total;homes;població;;96
2015;Granyena de les Garrigues;total;dones;població;;65
2015;Granyena de les Garrigues;total;total;població;;161
2015;Granyena de Segarra;total;homes;població;;70
2015;Granyena de Segarra;total;dones;població;;69
2015;Granyena de Segarra;total;total;població;;139
2015;Gratallops;total;homes;població;;131
2015;Gratallops;total;dones;població;;112
2015;Gratallops;total;total;població;;243
2015;Gualba;total;homes;població;;722
2015;Gualba;total;dones;població;;692
2015;Gualba;total;total;població;;1414
2015;Gualta;total;homes;població;;203
2015;Gualta;total;dones;població;;165
2015;Gualta;total;total;població;;368
2015;Guardiola de Berguedà;total;homes;població;;493
2015;Guardiola de Berguedà;total;dones;població;;437
2015;Guardiola de Berguedà;total;total;població;;930
2015;Guiamets, els;total;homes;població;;129
2015;Guiamets, els;total;dones;població;;148
2015;Guiamets, els;total;total;població;;277
2015;Guils de Cerdanya;total;homes;població;;275
2015;Guils de Cerdanya;total;dones;població;;248
2015;Guils de Cerdanya;total;total;població;;523
2015;Guimerà;total;homes;població;;152
2015;Guimerà;total;dones;població;;125
2015;Guimerà;total;total;població;;277
2015;Guingueta d'Àneu, la;total;homes;població;;169
2015;Guingueta d'Àneu, la;total;dones;població;;146
2015;Guingueta d'Àneu, la;total;total;població;;315
2015;Guissona;total;homes;població;;3637
2015;Guissona;total;dones;població;;3225
2015;Guissona;total;total;població;;6862
2015;Guixers;total;homes;població;;89
2015;Guixers;total;dones;població;;53
2015;Guixers;total;total;població;;142
2015;Gurb;total;homes;població;;1318
2015;Gurb;total;dones;població;;1227
2015;Gurb;total;total;població;;2545
2015;Horta de Sant Joan;total;homes;població;;632
2015;Horta de Sant Joan;total;dones;població;;585
2015;Horta de Sant Joan;total;total;població;;1217
2015;Hospitalet de Llobregat, l';total;homes;població;;122224
2015;Hospitalet de Llobregat, l';total;dones;població;;129947
2015;Hospitalet de Llobregat, l';total;total;població;;252171
2015;Hostalets de Pierola, els;total;homes;població;;1491
2015;Hostalets de Pierola, els;total;dones;població;;1396
2015;Hostalets de Pierola, els;total;total;població;;2887
2015;Hostalric;total;homes;població;;2017
2015;Hostalric;total;dones;població;;1988
2015;Hostalric;total;total;població;;4005
2015;Igualada;total;homes;població;;18950
2015;Igualada;total;dones;població;;19801
2015;Igualada;total;total;població;;38751
2015;Isona i Conca Dellà;total;homes;població;;558
2015;Isona i Conca Dellà;total;dones;població;;506
2015;Isona i Conca Dellà;total;total;població;;1064
2015;Isòvol;total;homes;població;;156
2015;Isòvol;total;dones;població;;125
2015;Isòvol;total;total;població;;281
2015;Ivars d'Urgell;total;homes;població;;831
2015;Ivars d'Urgell;total;dones;població;;760
2015;Ivars d'Urgell;total;total;població;;1591
2015;Ivars de Noguera;total;homes;població;;177
2015;Ivars de Noguera;total;dones;població;;169
2015;Ivars de Noguera;total;total;població;;346
2015;Ivorra;total;homes;població;;55
2015;Ivorra;total;dones;població;;51
2015;Ivorra;total;total;població;;106
2015;Jafre;total;homes;població;;208
2015;Jafre;total;dones;població;;179
2015;Jafre;total;total;població;;387
2015;Jonquera, la;total;homes;població;;1615
2015;Jonquera, la;total;dones;població;;1605
2015;Jonquera, la;total;total;població;;3220
2015;Jorba;total;homes;població;;422
2015;Jorba;total;dones;població;;416
2015;Jorba;total;total;població;;838
2015;Josa i Tuixén;total;homes;població;;74
2015;Josa i Tuixén;total;dones;població;;55
2015;Josa i Tuixén;total;total;població;;129
2015;Juià;total;homes;població;;177
2015;Juià;total;dones;població;;161
2015;Juià;total;total;població;;338
2015;Juncosa;total;homes;població;;230
2015;Juncosa;total;dones;població;;191
2015;Juncosa;total;total;població;;421
2015;Juneda;total;homes;població;;1757
2015;Juneda;total;dones;població;;1627
2015;Juneda;total;total;població;;3384
2015;Les;total;homes;població;;476
2015;Les;total;dones;població;;477
2015;Les;total;total;població;;953
2015;Linyola;total;homes;població;;1339
2015;Linyola;total;dones;població;;1313
2015;Linyola;total;total;població;;2652
2015;Llacuna, la;total;homes;població;;476
2015;Llacuna, la;total;dones;població;;407
2015;Llacuna, la;total;total;població;;883
2015;Lladó;total;homes;població;;380
2015;Lladó;total;dones;població;;387
2015;Lladó;total;total;població;;767
2015;Lladorre;total;homes;població;;111
2015;Lladorre;total;dones;població;;118
2015;Lladorre;total;total;població;;229
2015;Lladurs;total;homes;població;;103
2015;Lladurs;total;dones;població;;90
2015;Lladurs;total;total;població;;193
2015;Llagosta, la;total;homes;població;;6531
2015;Llagosta, la;total;dones;població;;6721
2015;Llagosta, la;total;total;població;;13252
2015;Llagostera;total;homes;població;;4214
2015;Llagostera;total;dones;població;;4010
2015;Llagostera;total;total;població;;8224
2015;Llambilles;total;homes;població;;374
2015;Llambilles;total;dones;població;;359
2015;Llambilles;total;total;població;;733
2015;Llanars;total;homes;població;;267
2015;Llanars;total;dones;població;;245
2015;Llanars;total;total;població;;512
2015;Llançà;total;homes;població;;2466
2015;Llançà;total;dones;població;;2519
2015;Llançà;total;total;població;;4985
2015;Llardecans;total;homes;població;;253
2015;Llardecans;total;dones;població;;238
2015;Llardecans;total;total;població;;491
2015;Llavorsí;total;homes;població;;179
2015;Llavorsí;total;dones;població;;175
2015;Llavorsí;total;total;població;;354
2015;Lleida;total;homes;població;;68412
2015;Lleida;total;dones;població;;70130
2015;Lleida;total;total;població;;138542
2015;Llers;total;homes;població;;605
2015;Llers;total;dones;població;;604
2015;Llers;total;total;població;;1209
2015;Lles de Cerdanya;total;homes;població;;148
2015;Lles de Cerdanya;total;dones;població;;109
2015;Lles de Cerdanya;total;total;població;;257
2015;Lliçà d'Amunt;total;homes;població;;7498
2015;Lliçà d'Amunt;total;dones;població;;7244
2015;Lliçà d'Amunt;total;total;població;;14742
2015;Lliçà de Vall;total;homes;població;;3254
2015;Lliçà de Vall;total;dones;població;;3129
2015;Lliçà de Vall;total;total;població;;6383
2015;Llimiana;total;homes;població;;91
2015;Llimiana;total;dones;població;;67
2015;Llimiana;total;total;població;;158
2015;Llinars del Vallès;total;homes;població;;4742
2015;Llinars del Vallès;total;dones;població;;4828
2015;Llinars del Vallès;total;total;població;;9570
2015;Llívia;total;homes;població;;787
2015;Llívia;total;dones;població;;669
2015;Llívia;total;total;població;;1456
2015;Lloar, el;total;homes;població;;66
2015;Lloar, el;total;dones;població;;55
2015;Lloar, el;total;total;població;;121
2015;Llobera;total;homes;població;;109
2015;Llobera;total;dones;població;;93
2015;Llobera;total;total;població;;202
2015;Llorac;total;homes;població;;61
2015;Llorac;total;dones;població;;50
2015;Llorac;total;total;població;;111
2015;Llorenç del Penedès;total;homes;població;;1152
2015;Llorenç del Penedès;total;dones;població;;1171
2015;Llorenç del Penedès;total;total;població;;2323
2015;Lloret de Mar;total;homes;població;;19338
2015;Lloret de Mar;total;dones;població;;18280
2015;Lloret de Mar;total;total;població;;37618
2015;Llosses, les;total;homes;població;;129
2015;Llosses, les;total;dones;població;;97
2015;Llosses, les;total;total;població;;226
2015;Lluçà;total;homes;població;;139
2015;Lluçà;total;dones;població;;141
2015;Lluçà;total;total;població;;280
2015;Maçanet de Cabrenys;total;homes;població;;379
2015;Maçanet de Cabrenys;total;dones;població;;376
2015;Maçanet de Cabrenys;total;total;població;;755
2015;Maçanet de la Selva;total;homes;població;;3527
2015;Maçanet de la Selva;total;dones;població;;3360
2015;Maçanet de la Selva;total;total;població;;6887
2015;Madremanya;total;homes;població;;138
2015;Madremanya;total;dones;població;;138
2015;Madremanya;total;total;població;;276
2015;Maià de Montcal;total;homes;població;;229
2015;Maià de Montcal;total;dones;població;;217
2015;Maià de Montcal;total;total;població;;446
2015;Maials;total;homes;població;;500
2015;Maials;total;dones;població;;441
2015;Maials;total;total;població;;941
2015;Maldà;total;homes;població;;117
2015;Maldà;total;dones;població;;111
2015;Maldà;total;total;població;;228
2015;Malgrat de Mar;total;homes;població;;9183
2015;Malgrat de Mar;total;dones;població;;9188
2015;Malgrat de Mar;total;total;població;;18371
2015;Malla;total;homes;població;;132
2015;Malla;total;dones;població;;130
2015;Malla;total;total;població;;262
2015;Manlleu;total;homes;població;;10096
2015;Manlleu;total;dones;població;;10132
2015;Manlleu;total;total;població;;20228
2015;Manresa;total;homes;població;;36397
2015;Manresa;total;dones;població;;38258
2015;Manresa;total;total;població;;74655
2015;Marçà;total;homes;població;;314
2015;Marçà;total;dones;població;;282
2015;Marçà;total;total;població;;596
2015;Margalef;total;homes;població;;64
2015;Margalef;total;dones;població;;42
2015;Margalef;total;total;població;;106
2015;Marganell;total;homes;població;;132
2015;Marganell;total;dones;població;;148
2015;Marganell;total;total;població;;280
2015;Martorell;total;homes;població;;14149
2015;Martorell;total;dones;població;;13545
2015;Martorell;total;total;població;;27694
2015;Martorelles;total;homes;població;;2370
2015;Martorelles;total;dones;població;;2386
2015;Martorelles;total;total;població;;4756
2015;Mas de Barberans;total;homes;població;;297
2015;Mas de Barberans;total;dones;població;;307
2015;Mas de Barberans;total;total;població;;604
2015;Masarac i Vilarnadal;total;homes;població;;154
2015;Masarac i Vilarnadal;total;dones;població;;140
2015;Masarac i Vilarnadal;total;total;població;;294
2015;Masdenverge;total;homes;població;;565
2015;Masdenverge;total;dones;població;;531
2015;Masdenverge;total;total;població;;1096
2015;Masies de Roda, les;total;homes;població;;354
2015;Masies de Roda, les;total;dones;població;;361
2015;Masies de Roda, les;total;total;població;;715
2015;Masies de Voltregà, les;total;homes;població;;1554
2015;Masies de Voltregà, les;total;dones;població;;1611
2015;Masies de Voltregà, les;total;total;població;;3165
2015;Masllorenç;total;homes;població;;271
2015;Masllorenç;total;dones;població;;230
2015;Masllorenç;total;total;població;;501
2015;Masnou, el;total;homes;població;;11062
2015;Masnou, el;total;dones;població;;11861
2015;Masnou, el;total;total;població;;22923
2015;Masó, la;total;homes;població;;155
2015;Masó, la;total;dones;població;;135
2015;Masó, la;total;total;població;;290
2015;Maspujols;total;homes;població;;403
2015;Maspujols;total;dones;població;;383
2015;Maspujols;total;total;població;;786
2015;Masquefa;total;homes;població;;4214
2015;Masquefa;total;dones;població;;4121
2015;Masquefa;total;total;població;;8335
2015;Masroig, el;total;homes;població;;280
2015;Masroig, el;total;dones;població;;231
2015;Masroig, el;total;total;població;;511
2015;Massalcoreig;total;homes;població;;301
2015;Massalcoreig;total;dones;població;;263
2015;Massalcoreig;total;total;població;;564
2015;Massanes;total;homes;població;;381
2015;Massanes;total;dones;població;;341
2015;Massanes;total;total;població;;722
2015;Massoteres;total;homes;població;;105
2015;Massoteres;total;dones;població;;84
2015;Massoteres;total;total;població;;189
2015;Matadepera;total;homes;població;;4461
2015;Matadepera;total;dones;població;;4439
2015;Matadepera;total;total;població;;8900
2015;Mataró;total;homes;població;;62045
2015;Mataró;total;dones;població;;62822
2015;Mataró;total;total;població;;124867
2015;Mediona;total;homes;població;;1147
2015;Mediona;total;dones;població;;1126
2015;Mediona;total;total;població;;2273
2015;Menàrguens;total;homes;població;;471
2015;Menàrguens;total;dones;població;;378
2015;Menàrguens;total;total;població;;849
2015;Meranges;total;homes;població;;58
2015;Meranges;total;dones;població;;42
2015;Meranges;total;total;població;;100
2015;Mieres;total;homes;població;;169
2015;Mieres;total;dones;població;;161
2015;Mieres;total;total;població;;330
2015;Milà, el;total;homes;població;;88
2015;Milà, el;total;dones;població;;90
2015;Milà, el;total;total;població;;178
2015;Miralcamp;total;homes;població;;695
2015;Miralcamp;total;dones;població;;695
2015;Miralcamp;total;total;població;;1390
2015;Miravet;total;homes;població;;402
2015;Miravet;total;dones;població;;345
2015;Miravet;total;total;població;;747
2015;Moià;total;homes;població;;2942
2015;Moià;total;dones;població;;2923
2015;Moià;total;total;població;;5865
2015;Molar, el;total;homes;població;;156
2015;Molar, el;total;dones;població;;135
2015;Molar, el;total;total;població;;291
2015;Molins de Rei;total;homes;població;;12255
2015;Molins de Rei;total;dones;població;;12900
2015;Molins de Rei;total;total;població;;25155
2015;Mollerussa;total;homes;població;;7612
2015;Mollerussa;total;dones;població;;7288
2015;Mollerussa;total;total;població;;14900
2015;Mollet de Peralada;total;homes;població;;95
2015;Mollet de Peralada;total;dones;població;;85
2015;Mollet de Peralada;total;total;població;;180
2015;Mollet del Vallès;total;homes;població;;25648
2015;Mollet del Vallès;total;dones;població;;26002
2015;Mollet del Vallès;total;total;població;;51650
2015;Molló;total;homes;població;;160
2015;Molló;total;dones;població;;170
2015;Molló;total;total;població;;330
2015;Molsosa, la;total;homes;població;;56
2015;Molsosa, la;total;dones;població;;57
2015;Molsosa, la;total;total;població;;113
2015;Monistrol de Calders;total;homes;població;;361
2015;Monistrol de Calders;total;dones;població;;336
2015;Monistrol de Calders;total;total;població;;697
2015;Monistrol de Montserrat;total;homes;població;;1473
2015;Monistrol de Montserrat;total;dones;població;;1428
2015;Monistrol de Montserrat;total;total;població;;2901
2015;Montagut i Oix;total;homes;població;;498
2015;Montagut i Oix;total;dones;població;;451
2015;Montagut i Oix;total;total;població;;949
2015;Montblanc;total;homes;població;;3684
2015;Montblanc;total;dones;població;;3599
2015;Montblanc;total;total;població;;7283
2015;Montbrió del Camp;total;homes;població;;1382
2015;Montbrió del Camp;total;dones;població;;1311
2015;Montbrió del Camp;total;total;població;;2693
2015;Montcada i Reixac;total;homes;població;;16941
2015;Montcada i Reixac;total;dones;població;;17436
2015;Montcada i Reixac;total;total;població;;34377
2015;Montclar;total;homes;població;;60
2015;Montclar;total;dones;població;;60
2015;Montclar;total;total;població;;120
2015;Montellà i Martinet;total;homes;població;;320
2015;Montellà i Martinet;total;dones;població;;266
2015;Montellà i Martinet;total;total;població;;586
2015;Montesquiu;total;homes;població;;480
2015;Montesquiu;total;dones;població;;463
2015;Montesquiu;total;total;població;;943
2015;Montferrer i Castellbò;total;homes;població;;546
2015;Montferrer i Castellbò;total;dones;població;;464
2015;Montferrer i Castellbò;total;total;població;;1010
2015;Montferri;total;homes;població;;207
2015;Montferri;total;dones;població;;171
2015;Montferri;total;total;població;;378
2015;Montgai;total;homes;població;;347
2015;Montgai;total;dones;població;;316
2015;Montgai;total;total;població;;663
2015;Montgat;total;homes;població;;5721
2015;Montgat;total;dones;població;;5780
2015;Montgat;total;total;població;;11501
2015;Montmajor;total;homes;població;;238
2015;Montmajor;total;dones;població;;238
2015;Montmajor;total;total;població;;476
2015;Montmaneu;total;homes;població;;83
2015;Montmaneu;total;dones;població;;73
2015;Montmaneu;total;total;població;;156
2015;Montmell, el;total;homes;població;;749
2015;Montmell, el;total;dones;població;;624
2015;Montmell, el;total;total;població;;1373
2015;Montmeló;total;homes;població;;4331
2015;Montmeló;total;dones;població;;4504
2015;Montmeló;total;total;població;;8835
2015;Montoliu de Lleida;total;homes;població;;260
2015;Montoliu de Lleida;total;dones;població;;254
2015;Montoliu de Lleida;total;total;població;;514
2015;Montoliu de Segarra;total;homes;població;;107
2015;Montoliu de Segarra;total;dones;població;;87
2015;Montoliu de Segarra;total;total;població;;194
2015;Montornès de Segarra;total;homes;població;;50
2015;Montornès de Segarra;total;dones;població;;51
2015;Montornès de Segarra;total;total;població;;101
2015;Montornès del Vallès;total;homes;població;;8210
2015;Montornès del Vallès;total;dones;població;;7962
2015;Montornès del Vallès;total;total;població;;16172
2015;Mont-ral;total;homes;població;;98
2015;Mont-ral;total;dones;població;;78
2015;Mont-ral;total;total;població;;176
2015;Mont-ras;total;homes;població;;859
2015;Mont-ras;total;dones;població;;851
2015;Mont-ras;total;total;població;;1710
2015;Mont-roig del Camp;total;homes;població;;6202
2015;Mont-roig del Camp;total;dones;població;;5675
2015;Mont-roig del Camp;total;total;població;;11877
2015;Montseny;total;homes;població;;166
2015;Montseny;total;dones;població;;153
2015;Montseny;total;total;població;;319
2015;Móra d'Ebre;total;homes;població;;2699
2015;Móra d'Ebre;total;dones;població;;2778
2015;Móra d'Ebre;total;total;població;;5477
2015;Móra la Nova;total;homes;població;;1600
2015;Móra la Nova;total;dones;població;;1585
2015;Móra la Nova;total;total;població;;3185
2015;Morell, el;total;homes;població;;1808
2015;Morell, el;total;dones;població;;1716
2015;Morell, el;total;total;població;;3524
2015;Morera de Montsant, la;total;homes;població;;86
2015;Morera de Montsant, la;total;dones;població;;61
2015;Morera de Montsant, la;total;total;població;;147
2015;Muntanyola;total;homes;població;;313
2015;Muntanyola;total;dones;població;;293
2015;Muntanyola;total;total;població;;606
2015;Mura;total;homes;població;;109
2015;Mura;total;dones;població;;94
2015;Mura;total;total;població;;203
2015;Nalec;total;homes;població;;49
2015;Nalec;total;dones;població;;46
2015;Nalec;total;total;població;;95
2015;Naut Aran;total;homes;població;;890
2015;Naut Aran;total;dones;població;;870
2015;Naut Aran;total;total;població;;1760
2015;Navarcles;total;homes;població;;2936
2015;Navarcles;total;dones;població;;3076
2015;Navarcles;total;total;població;;6012
2015;Navàs;total;homes;població;;3049
2015;Navàs;total;dones;població;;3054
2015;Navàs;total;total;població;;6103
2015;Navata;total;homes;població;;652
2015;Navata;total;dones;població;;671
2015;Navata;total;total;població;;1323
2015;Navès;total;homes;població;;136
2015;Navès;total;dones;població;;145
2015;Navès;total;total;població;;281
2015;Nou de Berguedà, la;total;homes;població;;74
2015;Nou de Berguedà, la;total;dones;població;;79
2015;Nou de Berguedà, la;total;total;població;;153
2015;Nou de Gaià, la;total;homes;població;;264
2015;Nou de Gaià, la;total;dones;població;;273
2015;Nou de Gaià, la;total;total;població;;537
2015;Nulles;total;homes;població;;233
2015;Nulles;total;dones;població;;215
2015;Nulles;total;total;població;;448
2015;Odèn;total;homes;població;;145
2015;Odèn;total;dones;població;;108
2015;Odèn;total;total;població;;253
2015;Òdena;total;homes;població;;1848
2015;Òdena;total;dones;població;;1775
2015;Òdena;total;total;població;;3623
2015;Ogassa;total;homes;població;;136
2015;Ogassa;total;dones;població;;96
2015;Ogassa;total;total;població;;232
2015;Olèrdola;total;homes;població;;1823
2015;Olèrdola;total;dones;població;;1695
2015;Olèrdola;total;total;població;;3518
2015;Olesa de Bonesvalls;total;homes;població;;881
2015;Olesa de Bonesvalls;total;dones;població;;834
2015;Olesa de Bonesvalls;total;total;població;;1715
2015;Olesa de Montserrat;total;homes;població;;11791
2015;Olesa de Montserrat;total;dones;població;;11745
2015;Olesa de Montserrat;total;total;població;;23536
2015;Oliana;total;homes;població;;923
2015;Oliana;total;dones;població;;919
2015;Oliana;total;total;població;;1842
2015;Oliola;total;homes;població;;128
2015;Oliola;total;dones;població;;105
2015;Oliola;total;total;població;;233
2015;Olius;total;homes;població;;475
2015;Olius;total;dones;població;;435
2015;Olius;total;total;població;;910
2015;Olivella;total;homes;població;;1895
2015;Olivella;total;dones;població;;1674
2015;Olivella;total;total;població;;3569
2015;Olost;total;homes;població;;596
2015;Olost;total;dones;població;;586
2015;Olost;total;total;població;;1182
2015;Olot;total;homes;població;;16845
2015;Olot;total;dones;població;;17099
2015;Olot;total;total;població;;33944
2015;Oluges, les;total;homes;població;;85
2015;Oluges, les;total;dones;població;;76
2015;Oluges, les;total;total;població;;161
2015;Olvan;total;homes;població;;423
2015;Olvan;total;dones;població;;433
2015;Olvan;total;total;població;;856
2015;Omellons, els;total;homes;població;;118
2015;Omellons, els;total;dones;població;;108
2015;Omellons, els;total;total;població;;226
2015;Omells de na Gaia, els;total;homes;població;;73
2015;Omells de na Gaia, els;total;dones;població;;63
2015;Omells de na Gaia, els;total;total;població;;136
2015;Ordis;total;homes;població;;208
2015;Ordis;total;dones;població;;181
2015;Ordis;total;total;població;;389
2015;Organyà;total;homes;població;;418
2015;Organyà;total;dones;població;;427
2015;Organyà;total;total;població;;845
2015;Orís;total;homes;població;;154
2015;Orís;total;dones;població;;154
2015;Orís;total;total;població;;308
2015;Oristà;total;homes;població;;275
2015;Oristà;total;dones;població;;284
2015;Oristà;total;total;població;;559
2015;Orpí;total;homes;població;;76
2015;Orpí;total;dones;població;;63
2015;Orpí;total;total;població;;139
2015;Òrrius;total;homes;població;;356
2015;Òrrius;total;dones;població;;332
2015;Òrrius;total;total;població;;688
2015;Os de Balaguer;total;homes;població;;501
2015;Os de Balaguer;total;dones;població;;494
2015;Os de Balaguer;total;total;població;;995
2015;Osor;total;homes;població;;217
2015;Osor;total;dones;població;;204
2015;Osor;total;total;població;;421
2015;Ossó de Sió;total;homes;població;;109
2015;Ossó de Sió;total;dones;població;;104
2015;Ossó de Sió;total;total;població;;213
2015;Pacs del Penedès;total;homes;població;;451
2015;Pacs del Penedès;total;dones;població;;442
2015;Pacs del Penedès;total;total;població;;893
2015;Palafolls;total;homes;població;;4550
2015;Palafolls;total;dones;població;;4582
2015;Palafolls;total;total;població;;9132
2015;Palafrugell;total;homes;població;;11313
2015;Palafrugell;total;dones;població;;11420
2015;Palafrugell;total;total;població;;22733
2015;Palamós;total;homes;població;;8751
2015;Palamós;total;dones;població;;9160
2015;Palamós;total;total;població;;17911
2015;Palau d'Anglesola, el;total;homes;població;;1051
2015;Palau d'Anglesola, el;total;dones;població;;1085
2015;Palau d'Anglesola, el;total;total;població;;2136
2015;Palau de Santa Eulàlia;total;homes;població;;54
2015;Palau de Santa Eulàlia;total;dones;població;;34
2015;Palau de Santa Eulàlia;total;total;població;;88
2015;Palau-sator;total;homes;població;;157
2015;Palau-sator;total;dones;població;;141
2015;Palau-sator;total;total;població;;298
2015;Palau-saverdera;total;homes;població;;742
2015;Palau-saverdera;total;dones;població;;743
2015;Palau-saverdera;total;total;població;;1485
2015;Palau-solità i Plegamans;total;homes;població;;7087
2015;Palau-solità i Plegamans;total;dones;població;;7370
2015;Palau-solità i Plegamans;total;total;població;;14457
2015;Pallaresos, els;total;homes;població;;2298
2015;Pallaresos, els;total;dones;població;;2249
2015;Pallaresos, els;total;total;població;;4547
2015;Pallejà;total;homes;població;;5634
2015;Pallejà;total;dones;població;;5664
2015;Pallejà;total;total;població;;11298
2015;Palma d'Ebre, la;total;homes;població;;178
2015;Palma d'Ebre, la;total;dones;població;;198
2015;Palma d'Ebre, la;total;total;població;;376
2015;Palma de Cervelló, la;total;homes;població;;1492
2015;Palma de Cervelló, la;total;dones;població;;1474
2015;Palma de Cervelló, la;total;total;població;;2966
2015;Palol de Revardit;total;homes;població;;240
2015;Palol de Revardit;total;dones;població;;226
2015;Palol de Revardit;total;total;població;;466
2015;Pals;total;homes;població;;1265
2015;Pals;total;dones;població;;1236
2015;Pals;total;total;població;;2501
2015;Papiol, el;total;homes;població;;2033
2015;Papiol, el;total;dones;població;;2038
2015;Papiol, el;total;total;població;;4071
2015;Pardines;total;homes;població;;87
2015;Pardines;total;dones;població;;68
2015;Pardines;total;total;població;;155
2015;Parets del Vallès;total;homes;població;;9495
2015;Parets del Vallès;total;dones;població;;9406
2015;Parets del Vallès;total;total;població;;18901
2015;Parlavà;total;homes;població;;208
2015;Parlavà;total;dones;població;;190
2015;Parlavà;total;total;població;;398
2015;Passanant i Belltall;total;homes;població;;100
2015;Passanant i Belltall;total;dones;població;;73
2015;Passanant i Belltall;total;total;població;;173
2015;Pau;total;homes;població;;276
2015;Pau;total;dones;població;;281
2015;Pau;total;total;població;;557
2015;Paüls;total;homes;població;;285
2015;Paüls;total;dones;població;;297
2015;Paüls;total;total;població;;582
2015;Pedret i Marzà;total;homes;població;;106
2015;Pedret i Marzà;total;dones;població;;87
2015;Pedret i Marzà;total;total;població;;193
2015;Penelles;total;homes;població;;277
2015;Penelles;total;dones;població;;205
2015;Penelles;total;total;població;;482
2015;Pera, la;total;homes;població;;210
2015;Pera, la;total;dones;població;;231
2015;Pera, la;total;total;població;;441
2015;Perafita;total;homes;població;;212
2015;Perafita;total;dones;població;;207
2015;Perafita;total;total;població;;419
2015;Perafort;total;homes;població;;697
2015;Perafort;total;dones;població;;623
2015;Perafort;total;total;població;;1320
2015;Peralada;total;homes;població;;920
2015;Peralada;total;dones;població;;921
2015;Peralada;total;total;població;;1841
2015;Peramola;total;homes;població;;175
2015;Peramola;total;dones;població;;168
2015;Peramola;total;total;població;;343
2015;Perelló, el;total;homes;població;;1500
2015;Perelló, el;total;dones;població;;1425
2015;Perelló, el;total;total;població;;2925
2015;Piera;total;homes;població;;7621
2015;Piera;total;dones;població;;7370
2015;Piera;total;total;població;;14991
2015;Piles, les;total;homes;població;;112
2015;Piles, les;total;dones;població;;97
2015;Piles, les;total;total;població;;209
2015;Pineda de Mar;total;homes;població;;12986
2015;Pineda de Mar;total;dones;població;;12982
2015;Pineda de Mar;total;total;població;;25968
2015;Pinell de Brai, el;total;homes;població;;533
2015;Pinell de Brai, el;total;dones;població;;520
2015;Pinell de Brai, el;total;total;població;;1053
2015;Pinell de Solsonès;total;homes;població;;119
2015;Pinell de Solsonès;total;dones;població;;88
2015;Pinell de Solsonès;total;total;població;;207
2015;Pinós;total;homes;població;;167
2015;Pinós;total;dones;població;;138
2015;Pinós;total;total;població;;305
2015;Pira;total;homes;població;;262
2015;Pira;total;dones;població;;232
2015;Pira;total;total;població;;494
2015;Pla de Santa Maria, el;total;homes;població;;1212
2015;Pla de Santa Maria, el;total;dones;població;;1121
2015;Pla de Santa Maria, el;total;total;població;;2333
2015;Pla del Penedès, el;total;homes;població;;614
2015;Pla del Penedès, el;total;dones;població;;616
2015;Pla del Penedès, el;total;total;població;;1230
2015;Planes d'Hostoles, les;total;homes;població;;848
2015;Planes d'Hostoles, les;total;dones;població;;826
2015;Planes d'Hostoles, les;total;total;població;;1674
2015;Planoles;total;homes;població;;161
2015;Planoles;total;dones;població;;137
2015;Planoles;total;total;població;;298
2015;Plans de Sió, els;total;homes;població;;281
2015;Plans de Sió, els;total;dones;població;;247
2015;Plans de Sió, els;total;total;població;;528
2015;Poal, el;total;homes;població;;348
2015;Poal, el;total;dones;població;;320
2015;Poal, el;total;total;població;;668
2015;Pobla de Cérvoles, la;total;homes;població;;124
2015;Pobla de Cérvoles, la;total;dones;població;;98
2015;Pobla de Cérvoles, la;total;total;població;;222
2015;Pobla de Claramunt, la;total;homes;població;;1089
2015;Pobla de Claramunt, la;total;dones;població;;1061
2015;Pobla de Claramunt, la;total;total;població;;2150
2015;Pobla de Lillet, la;total;homes;població;;561
2015;Pobla de Lillet, la;total;dones;població;;578
2015;Pobla de Lillet, la;total;total;població;;1139
2015;Pobla de Mafumet, la;total;homes;població;;1897
2015;Pobla de Mafumet, la;total;dones;població;;1778
2015;Pobla de Mafumet, la;total;total;població;;3675
2015;Pobla de Massaluca, la;total;homes;població;;182
2015;Pobla de Massaluca, la;total;dones;població;;159
2015;Pobla de Massaluca, la;total;total;població;;341
2015;Pobla de Montornès, la;total;homes;població;;1518
2015;Pobla de Montornès, la;total;dones;població;;1343
2015;Pobla de Montornès, la;total;total;població;;2861
2015;Pobla de Segur, la;total;homes;població;;1499
2015;Pobla de Segur, la;total;dones;població;;1517
2015;Pobla de Segur, la;total;total;població;;3016
2015;Poboleda;total;homes;població;;196
2015;Poboleda;total;dones;població;;167
2015;Poboleda;total;total;població;;363
2015;Polinyà;total;homes;població;;4180
2015;Polinyà;total;dones;població;;4046
2015;Polinyà;total;total;població;;8226
2015;Pont d'Armentera, el;total;homes;població;;277
2015;Pont d'Armentera, el;total;dones;població;;268
2015;Pont d'Armentera, el;total;total;població;;545
2015;Pont de Bar, el;total;homes;població;;88
2015;Pont de Bar, el;total;dones;població;;71
2015;Pont de Bar, el;total;total;població;;159
2015;Pont de Molins;total;homes;població;;251
2015;Pont de Molins;total;dones;població;;261
2015;Pont de Molins;total;total;població;;512
2015;Pont de Suert, el;total;homes;població;;1167
2015;Pont de Suert, el;total;dones;població;;1147
2015;Pont de Suert, el;total;total;població;;2314
2015;Pont de Vilomara i Rocafort, el;total;homes;població;;1901
2015;Pont de Vilomara i Rocafort, el;total;dones;població;;1814
2015;Pont de Vilomara i Rocafort, el;total;total;població;;3715
2015;Pontils;total;homes;població;;69
2015;Pontils;total;dones;població;;52
2015;Pontils;total;total;població;;121
2015;Pontons;total;homes;població;;273
2015;Pontons;total;dones;població;;210
2015;Pontons;total;total;població;;483
2015;Pontós;total;homes;població;;131
2015;Pontós;total;dones;població;;100
2015;Pontós;total;total;població;;231
2015;Ponts;total;homes;població;;1305
2015;Ponts;total;dones;població;;1327
2015;Ponts;total;total;població;;2632
2015;Porqueres;total;homes;població;;2253
2015;Porqueres;total;dones;població;;2268
2015;Porqueres;total;total;població;;4521
2015;Porrera;total;homes;població;;243
2015;Porrera;total;dones;població;;205
2015;Porrera;total;total;població;;448
2015;Port de la Selva, el;total;homes;població;;533
2015;Port de la Selva, el;total;dones;població;;469
2015;Port de la Selva, el;total;total;població;;1002
2015;Portbou;total;homes;població;;579
2015;Portbou;total;dones;població;;588
2015;Portbou;total;total;població;;1167
2015;Portella, la;total;homes;població;;398
2015;Portella, la;total;dones;població;;333
2015;Portella, la;total;total;població;;731
2015;Pradell de la Teixeta;total;homes;població;;82
2015;Pradell de la Teixeta;total;dones;població;;101
2015;Pradell de la Teixeta;total;total;població;;183
2015;Prades;total;homes;població;;319
2015;Prades;total;dones;població;;304
2015;Prades;total;total;població;;623
2015;Prat de Comte;total;homes;població;;89
2015;Prat de Comte;total;dones;població;;76
2015;Prat de Comte;total;total;població;;165
2015;Prat de Llobregat, el;total;homes;població;;30931
2015;Prat de Llobregat, el;total;dones;població;;32083
2015;Prat de Llobregat, el;total;total;població;;63014
2015;Pratdip;total;homes;població;;368
2015;Pratdip;total;dones;població;;329
2015;Pratdip;total;total;població;;697
2015;Prats de Lluçanès;total;homes;població;;1294
2015;Prats de Lluçanès;total;dones;població;;1286
2015;Prats de Lluçanès;total;total;població;;2580
2015;Prats de Rei, els;total;homes;població;;280
2015;Prats de Rei, els;total;dones;població;;256
2015;Prats de Rei, els;total;total;població;;536
2015;Prats i Sansor;total;homes;població;;131
2015;Prats i Sansor;total;dones;població;;120
2015;Prats i Sansor;total;total;població;;251
2015;Preixana;total;homes;població;;204
2015;Preixana;total;dones;població;;203
2015;Preixana;total;total;població;;407
2015;Preixens;total;homes;població;;234
2015;Preixens;total;dones;població;;224
2015;Preixens;total;total;població;;458
2015;Premià de Dalt;total;homes;població;;5231
2015;Premià de Dalt;total;dones;població;;5161
2015;Premià de Dalt;total;total;població;;10392
2015;Premià de Mar;total;homes;població;;13667
2015;Premià de Mar;total;dones;població;;14277
2015;Premià de Mar;total;total;població;;27944
2015;Preses, les;total;homes;població;;873
2015;Preses, les;total;dones;població;;891
2015;Preses, les;total;total;població;;1764
2015;Prullans;total;homes;població;;105
2015;Prullans;total;dones;població;;101
2015;Prullans;total;total;població;;206
2015;Puigcerdà;total;homes;població;;4412
2015;Puigcerdà;total;dones;població;;4413
2015;Puigcerdà;total;total;població;;8825
2015;Puigdàlber;total;homes;població;;266
2015;Puigdàlber;total;dones;població;;273
2015;Puigdàlber;total;total;població;;539
2015;Puiggròs;total;homes;població;;153
2015;Puiggròs;total;dones;població;;142
2015;Puiggròs;total;total;població;;295
2015;Puigpelat;total;homes;població;;577
2015;Puigpelat;total;dones;població;;542
2015;Puigpelat;total;total;població;;1119
2015;Puig-reig;total;homes;població;;2022
2015;Puig-reig;total;dones;població;;2145
2015;Puig-reig;total;total;població;;4167
2015;Puigverd d'Agramunt;total;homes;població;;140
2015;Puigverd d'Agramunt;total;dones;població;;104
2015;Puigverd d'Agramunt;total;total;població;;244
2015;Puigverd de Lleida;total;homes;població;;725
2015;Puigverd de Lleida;total;dones;població;;680
2015;Puigverd de Lleida;total;total;població;;1405
2015;Pujalt;total;homes;població;;109
2015;Pujalt;total;dones;població;;89
2015;Pujalt;total;total;població;;198
2015;Quar, la;total;homes;població;;28
2015;Quar, la;total;dones;població;;24
2015;Quar, la;total;total;població;;52
2015;Quart;total;homes;població;;1734
2015;Quart;total;dones;població;;1714
2015;Quart;total;total;població;;3448
2015;Queralbs;total;homes;població;;100
2015;Queralbs;total;dones;població;;73
2015;Queralbs;total;total;població;;173
2015;Querol;total;homes;població;;312
2015;Querol;total;dones;població;;251
2015;Querol;total;total;població;;563
2015;Rabós;total;homes;població;;90
2015;Rabós;total;dones;població;;92
2015;Rabós;total;total;població;;182
2015;Rajadell;total;homes;població;;268
2015;Rajadell;total;dones;població;;256
2015;Rajadell;total;total;població;;524
2015;Ràpita, la;total;homes;població;;7259
2015;Ràpita, la;total;dones;població;;7501
2015;Ràpita, la;total;total;població;;14760
2015;Rasquera;total;homes;població;;430
2015;Rasquera;total;dones;població;;434
2015;Rasquera;total;total;població;;864
2015;Regencós;total;homes;població;;148
2015;Regencós;total;dones;població;;137
2015;Regencós;total;total;població;;285
2015;Rellinars;total;homes;població;;388
2015;Rellinars;total;dones;població;;360
2015;Rellinars;total;total;població;;748
2015;Renau;total;homes;població;;79
2015;Renau;total;dones;població;;72
2015;Renau;total;total;població;;151
2015;Reus;total;homes;població;;50011
2015;Reus;total;dones;població;;53183
2015;Reus;total;total;població;;103194
2015;Rialp;total;homes;població;;340
2015;Rialp;total;dones;població;;315
2015;Rialp;total;total;població;;655
2015;Riba, la;total;homes;població;;325
2015;Riba, la;total;dones;població;;280
2015;Riba, la;total;total;població;;605
2015;Riba-roja d'Ebre;total;homes;població;;618
2015;Riba-roja d'Ebre;total;dones;població;;554
2015;Riba-roja d'Ebre;total;total;població;;1172
2015;Ribera d'Ondara;total;homes;població;;225
2015;Ribera d'Ondara;total;dones;població;;204
2015;Ribera d'Ondara;total;total;població;;429
2015;Ribera d'Urgellet;total;homes;població;;514
2015;Ribera d'Urgellet;total;dones;població;;464
2015;Ribera d'Urgellet;total;total;població;;978
2015;Ribes de Freser;total;homes;població;;896
2015;Ribes de Freser;total;dones;població;;922
2015;Ribes de Freser;total;total;població;;1818
2015;Riells i Viabrea;total;homes;població;;2042
2015;Riells i Viabrea;total;dones;població;;1903
2015;Riells i Viabrea;total;total;població;;3945
2015;Riera de Gaià, la;total;homes;població;;841
2015;Riera de Gaià, la;total;dones;població;;838
2015;Riera de Gaià, la;total;total;població;;1679
2015;Riner;total;homes;població;;131
2015;Riner;total;dones;població;;136
2015;Riner;total;total;població;;267
2015;Ripoll;total;homes;població;;5217
2015;Ripoll;total;dones;població;;5415
2015;Ripoll;total;total;població;;10632
2015;Ripollet;total;homes;població;;18544
2015;Ripollet;total;dones;població;;18901
2015;Ripollet;total;total;població;;37445
2015;Riu de Cerdanya;total;homes;població;;60
2015;Riu de Cerdanya;total;dones;població;;44
2015;Riu de Cerdanya;total;total;població;;104
2015;Riudarenes;total;homes;població;;1091
2015;Riudarenes;total;dones;població;;1029
2015;Riudarenes;total;total;població;;2120
2015;Riudaura;total;homes;població;;225
2015;Riudaura;total;dones;població;;236
2015;Riudaura;total;total;població;;461
2015;Riudecanyes;total;homes;població;;600
2015;Riudecanyes;total;dones;població;;551
2015;Riudecanyes;total;total;població;;1151
2015;Riudecols;total;homes;població;;636
2015;Riudecols;total;dones;població;;580
2015;Riudecols;total;total;població;;1216
2015;Riudellots de la Selva;total;homes;població;;1030
2015;Riudellots de la Selva;total;dones;població;;992
2015;Riudellots de la Selva;total;total;població;;2022
2015;Riudoms;total;homes;població;;3409
2015;Riudoms;total;dones;població;;3224
2015;Riudoms;total;total;població;;6633
2015;Riumors;total;homes;població;;122
2015;Riumors;total;dones;població;;123
2015;Riumors;total;total;població;;245
2015;Roca del Vallès, la;total;homes;població;;5278
2015;Roca del Vallès, la;total;dones;població;;5226
2015;Roca del Vallès, la;total;total;població;;10504
2015;Rocafort de Queralt;total;homes;població;;133
2015;Rocafort de Queralt;total;dones;població;;118
2015;Rocafort de Queralt;total;total;població;;251
2015;Roda de Berà;total;homes;població;;3288
2015;Roda de Berà;total;dones;població;;3064
2015;Roda de Berà;total;total;població;;6352
2015;Roda de Ter;total;homes;població;;3006
2015;Roda de Ter;total;dones;població;;3116
2015;Roda de Ter;total;total;població;;6122
2015;Rodonyà;total;homes;població;;258
2015;Rodonyà;total;dones;població;;243
2015;Rodonyà;total;total;població;;501
2015;Roquetes;total;homes;població;;4246
2015;Roquetes;total;dones;població;;3988
2015;Roquetes;total;total;població;;8234
2015;Roses;total;homes;població;;9806
2015;Roses;total;dones;població;;9769
2015;Roses;total;total;població;;19575
2015;Rosselló;total;homes;població;;1538
2015;Rosselló;total;dones;població;;1505
2015;Rosselló;total;total;població;;3043
2015;Rourell, el;total;homes;població;;207
2015;Rourell, el;total;dones;població;;197
2015;Rourell, el;total;total;població;;404
2015;Rubí;total;homes;població;;36985
2015;Rubí;total;dones;població;;37551
2015;Rubí;total;total;població;;74536
2015;Rubió;total;homes;població;;125
2015;Rubió;total;dones;població;;104
2015;Rubió;total;total;població;;229
2015;Rupià;total;homes;població;;125
2015;Rupià;total;dones;població;;123
2015;Rupià;total;total;població;;248
2015;Rupit i Pruit;total;homes;població;;145
2015;Rupit i Pruit;total;dones;població;;136
2015;Rupit i Pruit;total;total;població;;281
2015;Sabadell;total;homes;població;;101118
2015;Sabadell;total;dones;població;;106696
2015;Sabadell;total;total;població;;207814
2015;Sagàs;total;homes;població;;85
2015;Sagàs;total;dones;població;;72
2015;Sagàs;total;total;població;;157
2015;Salàs de Pallars;total;homes;població;;193
2015;Salàs de Pallars;total;dones;població;;166
2015;Salàs de Pallars;total;total;població;;359
2015;Saldes;total;homes;població;;162
2015;Saldes;total;dones;població;;126
2015;Saldes;total;total;població;;288
2015;Sales de Llierca;total;homes;població;;68
2015;Sales de Llierca;total;dones;població;;71
2015;Sales de Llierca;total;total;població;;139
2015;Sallent;total;homes;població;;3215
2015;Sallent;total;dones;població;;3454
2015;Sallent;total;total;població;;6669
2015;Salomó;total;homes;població;;275
2015;Salomó;total;dones;població;;264
2015;Salomó;total;total;població;;539
2015;Salou;total;homes;població;;13863
2015;Salou;total;dones;població;;12596
2015;Salou;total;total;població;;26459
2015;Salt;total;homes;població;;15461
2015;Salt;total;dones;població;;13881
2015;Salt;total;total;població;;29342
2015;Sanaüja;total;homes;població;;219
2015;Sanaüja;total;dones;població;;208
2015;Sanaüja;total;total;població;;427
2015;Sant Adrià de Besòs;total;homes;població;;17638
2015;Sant Adrià de Besòs;total;dones;població;;18176
2015;Sant Adrià de Besòs;total;total;població;;35814
2015;Sant Agustí de Lluçanès;total;homes;població;;45
2015;Sant Agustí de Lluçanès;total;dones;població;;45
2015;Sant Agustí de Lluçanès;total;total;població;;90
2015;Sant Andreu de la Barca;total;homes;població;;13717
2015;Sant Andreu de la Barca;total;dones;població;;13623
2015;Sant Andreu de la Barca;total;total;població;;27340
2015;Sant Andreu de Llavaneres;total;homes;població;;5166
2015;Sant Andreu de Llavaneres;total;dones;població;;5327
2015;Sant Andreu de Llavaneres;total;total;població;;10493
2015;Sant Andreu Salou;total;homes;població;;79
2015;Sant Andreu Salou;total;dones;població;;70
2015;Sant Andreu Salou;total;total;població;;149
2015;Sant Aniol de Finestres;total;homes;població;;196
2015;Sant Aniol de Finestres;total;dones;població;;177
2015;Sant Aniol de Finestres;total;total;població;;373
2015;Sant Antoni de Vilamajor;total;homes;població;;2896
2015;Sant Antoni de Vilamajor;total;dones;població;;2893
2015;Sant Antoni de Vilamajor;total;total;població;;5789
2015;Sant Bartomeu del Grau;total;homes;població;;447
2015;Sant Bartomeu del Grau;total;dones;població;;416
2015;Sant Bartomeu del Grau;total;total;població;;863
2015;Sant Boi de Llobregat;total;homes;població;;40327
2015;Sant Boi de Llobregat;total;dones;població;;41868
2015;Sant Boi de Llobregat;total;total;població;;82195
2015;Sant Boi de Lluçanès;total;homes;població;;264
2015;Sant Boi de Lluçanès;total;dones;població;;280
2015;Sant Boi de Lluçanès;total;total;població;;544
2015;Sant Cebrià de Vallalta;total;homes;població;;1734
2015;Sant Cebrià de Vallalta;total;dones;població;;1592
2015;Sant Cebrià de Vallalta;total;total;població;;3326
2015;Sant Celoni;total;homes;població;;8582
2015;Sant Celoni;total;dones;població;;8735
2015;Sant Celoni;total;total;població;;17317
2015;Sant Climent de Llobregat;total;homes;població;;2011
2015;Sant Climent de Llobregat;total;dones;població;;2002
2015;Sant Climent de Llobregat;total;total;població;;4013
2015;Sant Climent Sescebes;total;homes;població;;346
2015;Sant Climent Sescebes;total;dones;població;;255
2015;Sant Climent Sescebes;total;total;població;;601
2015;Sant Cugat del Vallès;total;homes;població;;42743
2015;Sant Cugat del Vallès;total;dones;població;;45087
2015;Sant Cugat del Vallès;total;total;població;;87830
2015;Sant Cugat Sesgarrigues;total;homes;població;;482
2015;Sant Cugat Sesgarrigues;total;dones;població;;496
2015;Sant Cugat Sesgarrigues;total;total;població;;978
2015;Sant Esteve de la Sarga;total;homes;població;;89
2015;Sant Esteve de la Sarga;total;dones;població;;55
2015;Sant Esteve de la Sarga;total;total;població;;144
2015;Sant Esteve de Palautordera;total;homes;població;;1272
2015;Sant Esteve de Palautordera;total;dones;població;;1296
2015;Sant Esteve de Palautordera;total;total;població;;2568
2015;Sant Esteve Sesrovires;total;homes;població;;3805
2015;Sant Esteve Sesrovires;total;dones;població;;3808
2015;Sant Esteve Sesrovires;total;total;població;;7613
2015;Sant Feliu de Buixalleu;total;homes;població;;411
2015;Sant Feliu de Buixalleu;total;dones;població;;376
2015;Sant Feliu de Buixalleu;total;total;població;;787
2015;Sant Feliu de Codines;total;homes;població;;2977
2015;Sant Feliu de Codines;total;dones;població;;2931
2015;Sant Feliu de Codines;total;total;població;;5908
2015;Sant Feliu de Guíxols;total;homes;població;;10668
2015;Sant Feliu de Guíxols;total;dones;població;;10918
2015;Sant Feliu de Guíxols;total;total;població;;21586
2015;Sant Feliu de Llobregat;total;homes;població;;21259
2015;Sant Feliu de Llobregat;total;dones;població;;22541
2015;Sant Feliu de Llobregat;total;total;població;;43800
2015;Sant Feliu de Pallerols;total;homes;població;;654
2015;Sant Feliu de Pallerols;total;dones;població;;678
2015;Sant Feliu de Pallerols;total;total;població;;1332
2015;Sant Feliu Sasserra;total;homes;població;;330
2015;Sant Feliu Sasserra;total;dones;població;;298
2015;Sant Feliu Sasserra;total;total;població;;628
2015;Sant Ferriol;total;homes;població;;135
2015;Sant Ferriol;total;dones;població;;104
2015;Sant Ferriol;total;total;població;;239
2015;Sant Fost de Campsentelles;total;homes;població;;4298
2015;Sant Fost de Campsentelles;total;dones;població;;4305
2015;Sant Fost de Campsentelles;total;total;població;;8603
2015;Sant Fruitós de Bages;total;homes;població;;4165
2015;Sant Fruitós de Bages;total;dones;població;;4186
2015;Sant Fruitós de Bages;total;total;població;;8351
2015;Sant Gregori;total;homes;població;;1762
2015;Sant Gregori;total;dones;població;;1736
2015;Sant Gregori;total;total;població;;3498
2015;Sant Guim de Freixenet;total;homes;població;;557
2015;Sant Guim de Freixenet;total;dones;població;;521
2015;Sant Guim de Freixenet;total;total;població;;1078
2015;Sant Guim de la Plana;total;homes;població;;94
2015;Sant Guim de la Plana;total;dones;població;;80
2015;Sant Guim de la Plana;total;total;població;;174
2015;Sant Hilari Sacalm;total;homes;població;;2843
2015;Sant Hilari Sacalm;total;dones;població;;2765
2015;Sant Hilari Sacalm;total;total;població;;5608
2015;Sant Hipòlit de Voltregà;total;homes;població;;1697
2015;Sant Hipòlit de Voltregà;total;dones;població;;1732
2015;Sant Hipòlit de Voltregà;total;total;població;;3429
2015;Sant Iscle de Vallalta;total;homes;població;;672
2015;Sant Iscle de Vallalta;total;dones;població;;636
2015;Sant Iscle de Vallalta;total;total;població;;1308
2015;Sant Jaume d'Enveja;total;homes;població;;1801
2015;Sant Jaume d'Enveja;total;dones;població;;1737
2015;Sant Jaume d'Enveja;total;total;població;;3538
2015;Sant Jaume de Frontanyà;total;homes;població;;16
2015;Sant Jaume de Frontanyà;total;dones;població;;10
2015;Sant Jaume de Frontanyà;total;total;població;;26
2015;Sant Jaume de Llierca;total;homes;població;;412
2015;Sant Jaume de Llierca;total;dones;població;;429
2015;Sant Jaume de Llierca;total;total;població;;841
2015;Sant Jaume dels Domenys;total;homes;població;;1299
2015;Sant Jaume dels Domenys;total;dones;població;;1222
2015;Sant Jaume dels Domenys;total;total;població;;2521
2015;Sant Joan de les Abadesses;total;homes;població;;1676
2015;Sant Joan de les Abadesses;total;dones;població;;1707
2015;Sant Joan de les Abadesses;total;total;població;;3383
2015;Sant Joan de Mollet;total;homes;població;;240
2015;Sant Joan de Mollet;total;dones;població;;257
2015;Sant Joan de Mollet;total;total;població;;497
2015;Sant Joan de Vilatorrada;total;homes;població;;5383
2015;Sant Joan de Vilatorrada;total;dones;població;;5385
2015;Sant Joan de Vilatorrada;total;total;població;;10768
2015;Sant Joan Despí;total;homes;població;;16264
2015;Sant Joan Despí;total;dones;població;;17000
2015;Sant Joan Despí;total;total;població;;33264
2015;Sant Joan les Fonts;total;homes;població;;1451
2015;Sant Joan les Fonts;total;dones;població;;1486
2015;Sant Joan les Fonts;total;total;població;;2937
2015;Sant Jordi Desvalls;total;homes;població;;349
2015;Sant Jordi Desvalls;total;dones;població;;371
2015;Sant Jordi Desvalls;total;total;població;;720
2015;Sant Julià de Cerdanyola;total;homes;població;;134
2015;Sant Julià de Cerdanyola;total;dones;població;;108
2015;Sant Julià de Cerdanyola;total;total;població;;242
2015;Sant Julià de Ramis;total;homes;població;;1724
2015;Sant Julià de Ramis;total;dones;població;;1691
2015;Sant Julià de Ramis;total;total;població;;3415
2015;Sant Julià de Vilatorta;total;homes;població;;1518
2015;Sant Julià de Vilatorta;total;dones;població;;1586
2015;Sant Julià de Vilatorta;total;total;població;;3104
2015;Sant Julià del Llor i Bonmatí;total;homes;població;;654
2015;Sant Julià del Llor i Bonmatí;total;dones;població;;618
2015;Sant Julià del Llor i Bonmatí;total;total;població;;1272
2015;Sant Just Desvern;total;homes;població;;7918
2015;Sant Just Desvern;total;dones;població;;8713
2015;Sant Just Desvern;total;total;població;;16631
2015;Sant Llorenç d'Hortons;total;homes;població;;1284
2015;Sant Llorenç d'Hortons;total;dones;població;;1273
2015;Sant Llorenç d'Hortons;total;total;població;;2557
2015;Sant Llorenç de la Muga;total;homes;població;;129
2015;Sant Llorenç de la Muga;total;dones;població;;126
2015;Sant Llorenç de la Muga;total;total;població;;255
2015;Sant Llorenç de Morunys;total;homes;població;;478
2015;Sant Llorenç de Morunys;total;dones;població;;499
2015;Sant Llorenç de Morunys;total;total;població;;977
2015;Sant Llorenç Savall;total;homes;població;;1208
2015;Sant Llorenç Savall;total;dones;població;;1172
2015;Sant Llorenç Savall;total;total;població;;2380
2015;Sant Martí d'Albars;total;homes;població;;54
2015;Sant Martí d'Albars;total;dones;població;;56
2015;Sant Martí d'Albars;total;total;població;;110
2015;Sant Martí de Centelles;total;homes;població;;562
2015;Sant Martí de Centelles;total;dones;població;;541
2015;Sant Martí de Centelles;total;total;població;;1103
2015;Sant Martí de Llémena;total;homes;població;;319
2015;Sant Martí de Llémena;total;dones;població;;286
2015;Sant Martí de Llémena;total;total;població;;605
2015;Sant Martí de Riucorb;total;homes;població;;368
2015;Sant Martí de Riucorb;total;dones;població;;321
2015;Sant Martí de Riucorb;total;total;població;;689
2015;Sant Martí de Tous;total;homes;població;;599
2015;Sant Martí de Tous;total;dones;població;;587
2015;Sant Martí de Tous;total;total;població;;1186
2015;Sant Martí Sarroca;total;homes;població;;1509
2015;Sant Martí Sarroca;total;dones;població;;1583
2015;Sant Martí Sarroca;total;total;població;;3092
2015;Sant Martí Sesgueioles;total;homes;població;;189
2015;Sant Martí Sesgueioles;total;dones;població;;189
2015;Sant Martí Sesgueioles;total;total;població;;378
2015;Sant Martí Vell;total;homes;població;;131
2015;Sant Martí Vell;total;dones;població;;117
2015;Sant Martí Vell;total;total;població;;248
2015;Sant Mateu de Bages;total;homes;població;;314
2015;Sant Mateu de Bages;total;dones;població;;306
2015;Sant Mateu de Bages;total;total;població;;620
2015;Sant Miquel de Campmajor;total;homes;població;;115
2015;Sant Miquel de Campmajor;total;dones;població;;104
2015;Sant Miquel de Campmajor;total;total;població;;219
2015;Sant Miquel de Fluvià;total;homes;població;;395
2015;Sant Miquel de Fluvià;total;dones;població;;361
2015;Sant Miquel de Fluvià;total;total;població;;756
2015;Sant Mori;total;homes;població;;96
2015;Sant Mori;total;dones;població;;80
2015;Sant Mori;total;total;població;;176
2015;Sant Pau de Segúries;total;homes;població;;336
2015;Sant Pau de Segúries;total;dones;població;;346
2015;Sant Pau de Segúries;total;total;població;;682
2015;Sant Pere de Ribes;total;homes;població;;14906
2015;Sant Pere de Ribes;total;dones;població;;14760
2015;Sant Pere de Ribes;total;total;població;;29666
2015;Sant Pere de Riudebitlles;total;homes;població;;1191
2015;Sant Pere de Riudebitlles;total;dones;població;;1183
2015;Sant Pere de Riudebitlles;total;total;població;;2374
2015;Sant Pere de Torelló;total;homes;població;;1255
2015;Sant Pere de Torelló;total;dones;població;;1178
2015;Sant Pere de Torelló;total;total;població;;2433
2015;Sant Pere de Vilamajor;total;homes;població;;2134
2015;Sant Pere de Vilamajor;total;dones;població;;2147
2015;Sant Pere de Vilamajor;total;total;població;;4281
2015;Sant Pere Pescador;total;homes;població;;1159
2015;Sant Pere Pescador;total;dones;població;;984
2015;Sant Pere Pescador;total;total;població;;2143
2015;Sant Pere Sallavinera;total;homes;població;;93
2015;Sant Pere Sallavinera;total;dones;població;;74
2015;Sant Pere Sallavinera;total;total;població;;167
2015;Sant Pol de Mar;total;homes;població;;2486
2015;Sant Pol de Mar;total;dones;població;;2526
2015;Sant Pol de Mar;total;total;població;;5012
2015;Sant Quintí de Mediona;total;homes;població;;1074
2015;Sant Quintí de Mediona;total;dones;població;;1042
2015;Sant Quintí de Mediona;total;total;població;;2116
2015;Sant Quirze de Besora;total;homes;població;;1050
2015;Sant Quirze de Besora;total;dones;població;;1082
2015;Sant Quirze de Besora;total;total;població;;2132
2015;Sant Quirze del Vallès;total;homes;població;;9619
2015;Sant Quirze del Vallès;total;dones;població;;9983
2015;Sant Quirze del Vallès;total;total;població;;19602
2015;Sant Quirze Safaja;total;homes;població;;332
2015;Sant Quirze Safaja;total;dones;població;;290
2015;Sant Quirze Safaja;total;total;població;;622
2015;Sant Ramon;total;homes;població;;273
2015;Sant Ramon;total;dones;població;;233
2015;Sant Ramon;total;total;població;;506
2015;Sant Sadurní d'Anoia;total;homes;població;;6234
2015;Sant Sadurní d'Anoia;total;dones;població;;6455
2015;Sant Sadurní d'Anoia;total;total;població;;12689
2015;Sant Sadurní d'Osormort;total;homes;població;;50
2015;Sant Sadurní d'Osormort;total;dones;població;;36
2015;Sant Sadurní d'Osormort;total;total;població;;86
2015;Sant Salvador de Guardiola;total;homes;població;;1583
2015;Sant Salvador de Guardiola;total;dones;població;;1543
2015;Sant Salvador de Guardiola;total;total;població;;3126
2015;Sant Vicenç de Castellet;total;homes;població;;4584
2015;Sant Vicenç de Castellet;total;dones;població;;4662
2015;Sant Vicenç de Castellet;total;total;població;;9246
2015;Sant Vicenç de Montalt;total;homes;població;;3053
2015;Sant Vicenç de Montalt;total;dones;població;;2996
2015;Sant Vicenç de Montalt;total;total;població;;6049
2015;Sant Vicenç de Torelló;total;homes;població;;988
2015;Sant Vicenç de Torelló;total;dones;població;;1013
2015;Sant Vicenç de Torelló;total;total;població;;2001
2015;Sant Vicenç dels Horts;total;homes;població;;13952
2015;Sant Vicenç dels Horts;total;dones;població;;14031
2015;Sant Vicenç dels Horts;total;total;població;;27983
2015;Santa Bàrbara;total;homes;població;;1904
2015;Santa Bàrbara;total;dones;població;;1830
2015;Santa Bàrbara;total;total;població;;3734
2015;Santa Cecília de Voltregà;total;homes;població;;94
2015;Santa Cecília de Voltregà;total;dones;població;;85
2015;Santa Cecília de Voltregà;total;total;població;;179
2015;Santa Coloma de Cervelló;total;homes;població;;3945
2015;Santa Coloma de Cervelló;total;dones;població;;4077
2015;Santa Coloma de Cervelló;total;total;població;;8022
2015;Santa Coloma de Farners;total;homes;població;;6447
2015;Santa Coloma de Farners;total;dones;població;;6234
2015;Santa Coloma de Farners;total;total;població;;12681
2015;Santa Coloma de Gramenet;total;homes;població;;58265
2015;Santa Coloma de Gramenet;total;dones;població;;58685
2015;Santa Coloma de Gramenet;total;total;població;;116950
2015;Santa Coloma de Queralt;total;homes;població;;1414
2015;Santa Coloma de Queralt;total;dones;població;;1436
2015;Santa Coloma de Queralt;total;total;població;;2850
2015;Santa Cristina d'Aro;total;homes;població;;2570
2015;Santa Cristina d'Aro;total;dones;població;;2519
2015;Santa Cristina d'Aro;total;total;població;;5089
2015;Santa Eugènia de Berga;total;homes;població;;1131
2015;Santa Eugènia de Berga;total;dones;població;;1073
2015;Santa Eugènia de Berga;total;total;població;;2204
2015;Santa Eulàlia de Riuprimer;total;homes;població;;645
2015;Santa Eulàlia de Riuprimer;total;dones;població;;639
2015;Santa Eulàlia de Riuprimer;total;total;població;;1284
2015;Santa Eulàlia de Ronçana;total;homes;població;;3560
2015;Santa Eulàlia de Ronçana;total;dones;població;;3520
2015;Santa Eulàlia de Ronçana;total;total;població;;7080
2015;Santa Fe del Penedès;total;homes;població;;190
2015;Santa Fe del Penedès;total;dones;població;;188
2015;Santa Fe del Penedès;total;total;població;;378
2015;Santa Llogaia d'Àlguema;total;homes;població;;178
2015;Santa Llogaia d'Àlguema;total;dones;població;;161
2015;Santa Llogaia d'Àlguema;total;total;població;;339
2015;Santa Margarida de Montbui;total;homes;població;;4822
2015;Santa Margarida de Montbui;total;dones;població;;4826
2015;Santa Margarida de Montbui;total;total;població;;9648
2015;Santa Margarida i els Monjos;total;homes;població;;3732
2015;Santa Margarida i els Monjos;total;dones;població;;3600
2015;Santa Margarida i els Monjos;total;total;població;;7332
2015;Santa Maria d'Oló;total;homes;població;;548
2015;Santa Maria d'Oló;total;dones;població;;515
2015;Santa Maria d'Oló;total;total;població;;1063
2015;Santa Maria de Besora;total;homes;població;;79
2015;Santa Maria de Besora;total;dones;població;;79
2015;Santa Maria de Besora;total;total;població;;158
2015;Santa Maria de Martorelles;total;homes;població;;425
2015;Santa Maria de Martorelles;total;dones;població;;428
2015;Santa Maria de Martorelles;total;total;població;;853
2015;Santa Maria de Merlès;total;homes;població;;91
2015;Santa Maria de Merlès;total;dones;població;;94
2015;Santa Maria de Merlès;total;total;població;;185
2015;Santa Maria de Miralles;total;homes;població;;68
2015;Santa Maria de Miralles;total;dones;població;;62
2015;Santa Maria de Miralles;total;total;població;;130
2015;Santa Maria de Palautordera;total;homes;població;;4584
2015;Santa Maria de Palautordera;total;dones;població;;4519
2015;Santa Maria de Palautordera;total;total;població;;9103
2015;Santa Oliva;total;homes;població;;1674
2015;Santa Oliva;total;dones;població;;1609
2015;Santa Oliva;total;total;població;;3283
2015;Santa Pau;total;homes;població;;796
2015;Santa Pau;total;dones;població;;766
2015;Santa Pau;total;total;població;;1562
2015;Santa Perpètua de Mogoda;total;homes;població;;12899
2015;Santa Perpètua de Mogoda;total;dones;població;;12567
2015;Santa Perpètua de Mogoda;total;total;població;;25466
2015;Santa Susanna;total;homes;població;;1662
2015;Santa Susanna;total;dones;població;;1613
2015;Santa Susanna;total;total;població;;3275
2015;Santpedor;total;homes;població;;3721
2015;Santpedor;total;dones;població;;3738
2015;Santpedor;total;total;població;;7459
2015;Sarral;total;homes;població;;806
2015;Sarral;total;dones;població;;779
2015;Sarral;total;total;població;;1585
2015;Sarrià de Ter;total;homes;població;;2474
2015;Sarrià de Ter;total;dones;població;;2499
2015;Sarrià de Ter;total;total;població;;4973
2015;Sarroca de Bellera;total;homes;població;;79
2015;Sarroca de Bellera;total;dones;població;;46
2015;Sarroca de Bellera;total;total;població;;125
2015;Sarroca de Lleida;total;homes;població;;213
2015;Sarroca de Lleida;total;dones;població;;174
2015;Sarroca de Lleida;total;total;població;;387
2015;Saus, Camallera i Llampaies;total;homes;població;;413
2015;Saus, Camallera i Llampaies;total;dones;població;;417
2015;Saus, Camallera i Llampaies;total;total;població;;830
2015;Savallà del Comtat;total;homes;població;;31
2015;Savallà del Comtat;total;dones;població;;31
2015;Savallà del Comtat;total;total;població;;62
2015;Secuita, la;total;homes;població;;839
2015;Secuita, la;total;dones;població;;831
2015;Secuita, la;total;total;població;;1670
2015;Selva de Mar, la;total;homes;població;;103
2015;Selva de Mar, la;total;dones;població;;81
2015;Selva de Mar, la;total;total;població;;184
2015;Selva del Camp, la;total;homes;població;;2797
2015;Selva del Camp, la;total;dones;població;;2762
2015;Selva del Camp, la;total;total;població;;5559
2015;Senan;total;homes;població;;31
2015;Senan;total;dones;població;;16
2015;Senan;total;total;població;;47
2015;Sénia, la;total;homes;població;;2912
2015;Sénia, la;total;dones;població;;2887
2015;Sénia, la;total;total;població;;5799
2015;Senterada;total;homes;població;;80
2015;Senterada;total;dones;població;;53
2015;Senterada;total;total;població;;133
2015;Sentiu de Sió, la;total;homes;població;;234
2015;Sentiu de Sió, la;total;dones;població;;225
2015;Sentiu de Sió, la;total;total;població;;459
2015;Sentmenat;total;homes;població;;4387
2015;Sentmenat;total;dones;població;;4265
2015;Sentmenat;total;total;població;;8652
2015;Serinyà;total;homes;població;;585
2015;Serinyà;total;dones;població;;545
2015;Serinyà;total;total;població;;1130
2015;Seròs;total;homes;població;;1025
2015;Seròs;total;dones;població;;861
2015;Seròs;total;total;població;;1886
2015;Serra de Daró;total;homes;població;;114
2015;Serra de Daró;total;dones;població;;95
2015;Serra de Daró;total;total;població;;209
2015;Setcases;total;homes;població;;100
2015;Setcases;total;dones;població;;80
2015;Setcases;total;total;població;;180
2015;Seu d'Urgell, la;total;homes;població;;5896
2015;Seu d'Urgell, la;total;dones;població;;6353
2015;Seu d'Urgell, la;total;total;població;;12249
2015;Seva;total;homes;població;;1750
2015;Seva;total;dones;població;;1684
2015;Seva;total;total;població;;3434
2015;Sidamon;total;homes;població;;379
2015;Sidamon;total;dones;població;;353
2015;Sidamon;total;total;població;;732
2015;Sils;total;homes;població;;2932
2015;Sils;total;dones;població;;2865
2015;Sils;total;total;població;;5797
2015;Sitges;total;homes;població;;14082
2015;Sitges;total;dones;població;;14187
2015;Sitges;total;total;població;;28269
2015;Siurana;total;homes;població;;73
2015;Siurana;total;dones;població;;79
2015;Siurana;total;total;població;;152
2015;Sobremunt;total;homes;població;;35
2015;Sobremunt;total;dones;població;;47
2015;Sobremunt;total;total;població;;82
2015;Soleràs, el;total;homes;població;;176
2015;Soleràs, el;total;dones;població;;166
2015;Soleràs, el;total;total;població;;342
2015;Solivella;total;homes;població;;313
2015;Solivella;total;dones;població;;316
2015;Solivella;total;total;població;;629
2015;Solsona;total;homes;població;;4505
2015;Solsona;total;dones;població;;4499
2015;Solsona;total;total;població;;9004
2015;Sora;total;homes;població;;104
2015;Sora;total;dones;població;;80
2015;Sora;total;total;població;;184
2015;Soriguera;total;homes;població;;206
2015;Soriguera;total;dones;població;;179
2015;Soriguera;total;total;població;;385
2015;Sort;total;homes;població;;1089
2015;Sort;total;dones;població;;1110
2015;Sort;total;total;població;;2199
2015;Soses;total;homes;població;;899
2015;Soses;total;dones;població;;829
2015;Soses;total;total;població;;1728
2015;Subirats;total;homes;població;;1543
2015;Subirats;total;dones;població;;1445
2015;Subirats;total;total;població;;2988
2015;Sudanell;total;homes;població;;473
2015;Sudanell;total;dones;població;;374
2015;Sudanell;total;total;població;;847
2015;Sunyer;total;homes;població;;180
2015;Sunyer;total;dones;població;;145
2015;Sunyer;total;total;població;;325
2015;Súria;total;homes;població;;2858
2015;Súria;total;dones;població;;3069
2015;Súria;total;total;població;;5927
2015;Susqueda;total;homes;població;;55
2015;Susqueda;total;dones;població;;37
2015;Susqueda;total;total;població;;92
2015;Tagamanent;total;homes;població;;170
2015;Tagamanent;total;dones;població;;149
2015;Tagamanent;total;total;població;;319
2015;Talamanca;total;homes;població;;108
2015;Talamanca;total;dones;població;;81
2015;Talamanca;total;total;població;;189
2015;Talarn;total;homes;població;;363
2015;Talarn;total;dones;població;;219
2015;Talarn;total;total;població;;582
2015;Talavera;total;homes;població;;146
2015;Talavera;total;dones;població;;116
2015;Talavera;total;total;població;;262
2015;Tallada d'Empordà, la;total;homes;població;;237
2015;Tallada d'Empordà, la;total;dones;població;;221
2015;Tallada d'Empordà, la;total;total;població;;458
2015;Taradell;total;homes;població;;3126
2015;Taradell;total;dones;població;;3136
2015;Taradell;total;total;població;;6262
2015;Tarragona;total;homes;població;;63920
2015;Tarragona;total;dones;població;;67335
2015;Tarragona;total;total;població;;131255
2015;Tàrrega;total;homes;població;;8152
2015;Tàrrega;total;dones;població;;8292
2015;Tàrrega;total;total;població;;16444
2015;Tarrés;total;homes;població;;57
2015;Tarrés;total;dones;població;;46
2015;Tarrés;total;total;població;;103
2015;Tarroja de Segarra;total;homes;població;;91
2015;Tarroja de Segarra;total;dones;població;;87
2015;Tarroja de Segarra;total;total;població;;178
2015;Tavèrnoles;total;homes;població;;165
2015;Tavèrnoles;total;dones;població;;154
2015;Tavèrnoles;total;total;població;;319
2015;Tavertet;total;homes;població;;70
2015;Tavertet;total;dones;població;;54
2015;Tavertet;total;total;població;;124
2015;Teià;total;homes;població;;3078
2015;Teià;total;dones;població;;3160
2015;Teià;total;total;població;;6238
2015;Térmens;total;homes;població;;767
2015;Térmens;total;dones;població;;764
2015;Térmens;total;total;població;;1531
2015;Terrades;total;homes;població;;145
2015;Terrades;total;dones;població;;149
2015;Terrades;total;total;població;;294
2015;Terrassa;total;homes;població;;106067
2015;Terrassa;total;dones;població;;109147
2015;Terrassa;total;total;població;;215214
2015;Tiana;total;homes;població;;4035
2015;Tiana;total;dones;població;;4376
2015;Tiana;total;total;població;;8411
2015;Tírvia;total;homes;població;;76
2015;Tírvia;total;dones;població;;77
2015;Tírvia;total;total;població;;153
2015;Tiurana;total;homes;població;;35
2015;Tiurana;total;dones;població;;37
2015;Tiurana;total;total;població;;72
2015;Tivenys;total;homes;població;;443
2015;Tivenys;total;dones;població;;425
2015;Tivenys;total;total;població;;868
2015;Tivissa;total;homes;població;;876
2015;Tivissa;total;dones;població;;875
2015;Tivissa;total;total;població;;1751
2015;Tona;total;homes;població;;3961
2015;Tona;total;dones;població;;4060
2015;Tona;total;total;població;;8021
2015;Torà;total;homes;població;;613
2015;Torà;total;dones;població;;619
2015;Torà;total;total;població;;1232
2015;Tordera;total;homes;població;;8325
2015;Tordera;total;dones;població;;8108
2015;Tordera;total;total;població;;16433
2015;Torelló;total;homes;població;;6816
2015;Torelló;total;dones;població;;7065
2015;Torelló;total;total;població;;13881
2015;Torms, els;total;homes;població;;82
2015;Torms, els;total;dones;població;;65
2015;Torms, els;total;total;població;;147
2015;Tornabous;total;homes;població;;467
2015;Tornabous;total;dones;població;;418
2015;Tornabous;total;total;població;;885
2015;Torre de Cabdella, la;total;homes;població;;390
2015;Torre de Cabdella, la;total;dones;població;;372
2015;Torre de Cabdella, la;total;total;població;;762
2015;Torre de Claramunt, la;total;homes;població;;1925
2015;Torre de Claramunt, la;total;dones;població;;1842
2015;Torre de Claramunt, la;total;total;població;;3767
2015;Torre de Fontaubella, la;total;homes;població;;67
2015;Torre de Fontaubella, la;total;dones;població;;62
2015;Torre de Fontaubella, la;total;total;població;;129
2015;Torre de l'Espanyol, la;total;homes;població;;338
2015;Torre de l'Espanyol, la;total;dones;població;;306
2015;Torre de l'Espanyol, la;total;total;població;;644
2015;Torrebesses;total;homes;població;;151
2015;Torrebesses;total;dones;població;;135
2015;Torrebesses;total;total;població;;286
2015;Torredembarra;total;homes;població;;7528
2015;Torredembarra;total;dones;població;;7843
2015;Torredembarra;total;total;població;;15371
2015;Torrefarrera;total;homes;població;;2333
2015;Torrefarrera;total;dones;població;;2278
2015;Torrefarrera;total;total;població;;4611
2015;Torrefeta i Florejacs;total;homes;població;;319
2015;Torrefeta i Florejacs;total;dones;població;;285
2015;Torrefeta i Florejacs;total;total;població;;604
2015;Torregrossa;total;homes;població;;1143
2015;Torregrossa;total;dones;població;;1112
2015;Torregrossa;total;total;població;;2255
2015;Torrelameu;total;homes;població;;400
2015;Torrelameu;total;dones;població;;306
2015;Torrelameu;total;total;població;;706
2015;Torrelavit;total;homes;població;;741
2015;Torrelavit;total;dones;població;;660
2015;Torrelavit;total;total;població;;1401
2015;Torrelles de Foix;total;homes;població;;1184
2015;Torrelles de Foix;total;dones;població;;1062
2015;Torrelles de Foix;total;total;població;;2246
2015;Torrelles de Llobregat;total;homes;població;;2902
2015;Torrelles de Llobregat;total;dones;població;;2981
2015;Torrelles de Llobregat;total;total;població;;5883
2015;Torrent;total;homes;població;;91
2015;Torrent;total;dones;població;;78
2015;Torrent;total;total;població;;169
2015;Torres de Segre;total;homes;població;;1172
2015;Torres de Segre;total;dones;població;;1099
2015;Torres de Segre;total;total;població;;2271
2015;Torre-serona;total;homes;població;;190
2015;Torre-serona;total;dones;població;;189
2015;Torre-serona;total;total;població;;379
2015;Torroella de Fluvià;total;homes;població;;387
2015;Torroella de Fluvià;total;dones;població;;345
2015;Torroella de Fluvià;total;total;població;;732
2015;Torroella de Montgrí;total;homes;població;;5778
2015;Torroella de Montgrí;total;dones;població;;5610
2015;Torroella de Montgrí;total;total;població;;11388
2015;Torroja del Priorat;total;homes;població;;92
2015;Torroja del Priorat;total;dones;població;;72
2015;Torroja del Priorat;total;total;població;;164
2015;Tortellà;total;homes;població;;377
2015;Tortellà;total;dones;població;;398
2015;Tortellà;total;total;població;;775
2015;Tortosa;total;homes;població;;16964
2015;Tortosa;total;dones;població;;16900
2015;Tortosa;total;total;població;;33864
2015;Toses;total;homes;població;;92
2015;Toses;total;dones;població;;63
2015;Toses;total;total;població;;155
2015;Tossa de Mar;total;homes;població;;2857
2015;Tossa de Mar;total;dones;població;;2766
2015;Tossa de Mar;total;total;població;;5623
2015;Tremp;total;homes;població;;3062
2015;Tremp;total;dones;població;;3113
2015;Tremp;total;total;població;;6175
2015;Ullà;total;homes;població;;593
2015;Ullà;total;dones;població;;475
2015;Ullà;total;total;població;;1068
2015;Ullastrell;total;homes;població;;1023
2015;Ullastrell;total;dones;població;;1020
2015;Ullastrell;total;total;població;;2043
2015;Ullastret;total;homes;població;;144
2015;Ullastret;total;dones;població;;151
2015;Ullastret;total;total;població;;295
2015;Ulldecona;total;homes;població;;3394
2015;Ulldecona;total;dones;població;;3243
2015;Ulldecona;total;total;població;;6637
2015;Ulldemolins;total;homes;població;;228
2015;Ulldemolins;total;dones;població;;176
2015;Ulldemolins;total;total;població;;404
2015;Ultramort;total;homes;població;;111
2015;Ultramort;total;dones;població;;89
2015;Ultramort;total;total;població;;200
2015;Urús;total;homes;població;;83
2015;Urús;total;dones;població;;93
2015;Urús;total;total;població;;176
2015;Vacarisses;total;homes;població;;3175
2015;Vacarisses;total;dones;població;;2968
2015;Vacarisses;total;total;població;;6143
2015;Vajol, la;total;homes;població;;50
2015;Vajol, la;total;dones;població;;38
2015;Vajol, la;total;total;població;;88
2015;Vall d'en Bas, la;total;homes;població;;1480
2015;Vall d'en Bas, la;total;dones;població;;1486
2015;Vall d'en Bas, la;total;total;població;;2966
2015;Vall de Bianya, la;total;homes;població;;661
2015;Vall de Bianya, la;total;dones;població;;636
2015;Vall de Bianya, la;total;total;població;;1297
2015;Vall de Boí, la;total;homes;població;;532
2015;Vall de Boí, la;total;dones;població;;472
2015;Vall de Boí, la;total;total;població;;1004
2015;Vall de Cardós;total;homes;població;;196
2015;Vall de Cardós;total;dones;població;;172
2015;Vall de Cardós;total;total;població;;368
2015;Vallbona d'Anoia;total;homes;població;;732
2015;Vallbona d'Anoia;total;dones;població;;685
2015;Vallbona d'Anoia;total;total;població;;1417
2015;Vallbona de les Monges;total;homes;població;;136
2015;Vallbona de les Monges;total;dones;població;;120
2015;Vallbona de les Monges;total;total;població;;256
2015;Vallcebre;total;homes;població;;146
2015;Vallcebre;total;dones;població;;109
2015;Vallcebre;total;total;població;;255
2015;Vallclara;total;homes;població;;62
2015;Vallclara;total;dones;població;;47
2015;Vallclara;total;total;població;;109
2015;Vallfogona de Balaguer;total;homes;població;;925
2015;Vallfogona de Balaguer;total;dones;població;;955
2015;Vallfogona de Balaguer;total;total;població;;1880
2015;Vallfogona de Ripollès;total;homes;població;;111
2015;Vallfogona de Ripollès;total;dones;població;;94
2015;Vallfogona de Ripollès;total;total;població;;205
2015;Vallfogona de Riucorb;total;homes;població;;58
2015;Vallfogona de Riucorb;total;dones;població;;37
2015;Vallfogona de Riucorb;total;total;població;;95
2015;Vallgorguina;total;homes;població;;1409
2015;Vallgorguina;total;dones;població;;1340
2015;Vallgorguina;total;total;població;;2749
2015;Vallirana;total;homes;població;;7307
2015;Vallirana;total;dones;població;;7326
2015;Vallirana;total;total;població;;14633
2015;Vall-llobrega;total;homes;població;;458
2015;Vall-llobrega;total;dones;població;;457
2015;Vall-llobrega;total;total;població;;915
2015;Vallmoll;total;homes;població;;836
2015;Vallmoll;total;dones;població;;815
2015;Vallmoll;total;total;població;;1651
2015;Vallromanes;total;homes;població;;1295
2015;Vallromanes;total;dones;població;;1248
2015;Vallromanes;total;total;població;;2543
2015;Valls;total;homes;població;;12127
2015;Valls;total;dones;població;;12194
2015;Valls;total;total;població;;24321
2015;Valls d'Aguilar, les;total;homes;població;;164
2015;Valls d'Aguilar, les;total;dones;població;;138
2015;Valls d'Aguilar, les;total;total;població;;302
2015;Valls de Valira, les;total;homes;població;;428
2015;Valls de Valira, les;total;dones;població;;417
2015;Valls de Valira, les;total;total;població;;845
2015;Vandellòs i l'Hospitalet de l'Infant;total;homes;població;;3019
2015;Vandellòs i l'Hospitalet de l'Infant;total;dones;població;;3031
2015;Vandellòs i l'Hospitalet de l'Infant;total;total;població;;6050
2015;Vansa i Fórnols, la;total;homes;població;;111
2015;Vansa i Fórnols, la;total;dones;població;;99
2015;Vansa i Fórnols, la;total;total;població;;210
2015;Veciana;total;homes;població;;97
2015;Veciana;total;dones;població;;78
2015;Veciana;total;total;població;;175
2015;Vendrell, el;total;homes;població;;18229
2015;Vendrell, el;total;dones;població;;18329
2015;Vendrell, el;total;total;població;;36558
2015;Ventalló;total;homes;població;;429
2015;Ventalló;total;dones;població;;401
2015;Ventalló;total;total;població;;830
2015;Verdú;total;homes;població;;452
2015;Verdú;total;dones;població;;495
2015;Verdú;total;total;població;;947
2015;Verges;total;homes;població;;578
2015;Verges;total;dones;població;;619
2015;Verges;total;total;població;;1197
2015;Vespella de Gaià;total;homes;població;;232
2015;Vespella de Gaià;total;dones;població;;193
2015;Vespella de Gaià;total;total;població;;425
2015;Vic;total;homes;població;;21146
2015;Vic;total;dones;població;;21352
2015;Vic;total;total;població;;42498
2015;Vidrà;total;homes;població;;89
2015;Vidrà;total;dones;població;;84
2015;Vidrà;total;total;població;;173
2015;Vidreres;total;homes;població;;4006
2015;Vidreres;total;dones;població;;3735
2015;Vidreres;total;total;població;;7741
2015;Vielha e Mijaran;total;homes;població;;2767
2015;Vielha e Mijaran;total;dones;població;;2683
2015;Vielha e Mijaran;total;total;població;;5450
2015;Vilabella;total;homes;població;;421
2015;Vilabella;total;dones;població;;382
2015;Vilabella;total;total;població;;803
2015;Vilabertran;total;homes;població;;460
2015;Vilabertran;total;dones;població;;442
2015;Vilabertran;total;total;població;;902
2015;Vilablareix;total;homes;població;;1256
2015;Vilablareix;total;dones;població;;1303
2015;Vilablareix;total;total;població;;2559
2015;Vilada;total;homes;població;;227
2015;Vilada;total;dones;població;;200
2015;Vilada;total;total;població;;427
2015;Viladamat;total;homes;població;;229
2015;Viladamat;total;dones;població;;212
2015;Viladamat;total;total;població;;441
2015;Viladasens;total;homes;població;;114
2015;Viladasens;total;dones;població;;107
2015;Viladasens;total;total;població;;221
2015;Viladecans;total;homes;població;;32541
2015;Viladecans;total;dones;població;;33008
2015;Viladecans;total;total;població;;65549
2015;Viladecavalls;total;homes;població;;3685
2015;Viladecavalls;total;dones;població;;3680
2015;Viladecavalls;total;total;població;;7365
2015;Vilademuls;total;homes;població;;436
2015;Vilademuls;total;dones;població;;398
2015;Vilademuls;total;total;població;;834
2015;Viladrau;total;homes;població;;527
2015;Viladrau;total;dones;població;;508
2015;Viladrau;total;total;població;;1035
2015;Vilafant;total;homes;població;;2720
2015;Vilafant;total;dones;població;;2823
2015;Vilafant;total;total;població;;5543
2015;Vilafranca del Penedès;total;homes;població;;19282
2015;Vilafranca del Penedès;total;dones;població;;19942
2015;Vilafranca del Penedès;total;total;població;;39224
2015;Vilagrassa;total;homes;població;;270
2015;Vilagrassa;total;dones;població;;252
2015;Vilagrassa;total;total;població;;522
2015;Vilajuïga;total;homes;població;;577
2015;Vilajuïga;total;dones;població;;592
2015;Vilajuïga;total;total;població;;1169
2015;Vilalba dels Arcs;total;homes;població;;341
2015;Vilalba dels Arcs;total;dones;població;;328
2015;Vilalba dels Arcs;total;total;població;;669
2015;Vilalba Sasserra;total;homes;població;;352
2015;Vilalba Sasserra;total;dones;població;;357
2015;Vilalba Sasserra;total;total;població;;709
2015;Vilaller;total;homes;població;;303
2015;Vilaller;total;dones;població;;263
2015;Vilaller;total;total;població;;566
2015;Vilallonga de Ter;total;homes;població;;205
2015;Vilallonga de Ter;total;dones;població;;193
2015;Vilallonga de Ter;total;total;població;;398
2015;Vilallonga del Camp;total;homes;població;;1138
2015;Vilallonga del Camp;total;dones;població;;1090
2015;Vilallonga del Camp;total;total;població;;2228
2015;Vilamacolum;total;homes;població;;150
2015;Vilamacolum;total;dones;població;;144
2015;Vilamacolum;total;total;població;;294
2015;Vilamalla;total;homes;població;;581
2015;Vilamalla;total;dones;població;;552
2015;Vilamalla;total;total;població;;1133
2015;Vilamaniscle;total;homes;població;;97
2015;Vilamaniscle;total;dones;població;;82
2015;Vilamaniscle;total;total;població;;179
2015;Vilamòs;total;homes;població;;92
2015;Vilamòs;total;dones;població;;72
2015;Vilamòs;total;total;població;;164
2015;Vilanant;total;homes;població;;198
2015;Vilanant;total;dones;població;;201
2015;Vilanant;total;total;població;;399
2015;Vilanova d'Escornalbou;total;homes;població;;288
2015;Vilanova d'Escornalbou;total;dones;població;;250
2015;Vilanova d'Escornalbou;total;total;població;;538
2015;Vilanova de Bellpuig;total;homes;població;;604
2015;Vilanova de Bellpuig;total;dones;població;;571
2015;Vilanova de Bellpuig;total;total;població;;1175
2015;Vilanova de l'Aguda;total;homes;població;;108
2015;Vilanova de l'Aguda;total;dones;població;;110
2015;Vilanova de l'Aguda;total;total;població;;218
2015;Vilanova de la Barca;total;homes;població;;546
2015;Vilanova de la Barca;total;dones;població;;553
2015;Vilanova de la Barca;total;total;població;;1099
2015;Vilanova de Meià;total;homes;població;;233
2015;Vilanova de Meià;total;dones;població;;191
2015;Vilanova de Meià;total;total;població;;424
2015;Vilanova de Prades;total;homes;població;;61
2015;Vilanova de Prades;total;dones;població;;60
2015;Vilanova de Prades;total;total;població;;121
2015;Vilanova de Sau;total;homes;població;;157
2015;Vilanova de Sau;total;dones;població;;155
2015;Vilanova de Sau;total;total;població;;312
2015;Vilanova de Segrià;total;homes;població;;497
2015;Vilanova de Segrià;total;dones;població;;443
2015;Vilanova de Segrià;total;total;població;;940
2015;Vilanova del Camí;total;homes;població;;6250
2015;Vilanova del Camí;total;dones;població;;6202
2015;Vilanova del Camí;total;total;població;;12452
2015;Vilanova del Vallès;total;homes;població;;2661
2015;Vilanova del Vallès;total;dones;població;;2580
2015;Vilanova del Vallès;total;total;població;;5241
2015;Vilanova i la Geltrú;total;homes;població;;31821
2015;Vilanova i la Geltrú;total;dones;població;;33863
2015;Vilanova i la Geltrú;total;total;població;;65684
2015;Vilaplana;total;homes;població;;316
2015;Vilaplana;total;dones;població;;308
2015;Vilaplana;total;total;població;;624
2015;Vila-rodona;total;homes;població;;647
2015;Vila-rodona;total;dones;població;;629
2015;Vila-rodona;total;total;població;;1276
2015;Vila-sacra;total;homes;població;;319
2015;Vila-sacra;total;dones;població;;351
2015;Vila-sacra;total;total;població;;670
2015;Vila-sana;total;homes;població;;359
2015;Vila-sana;total;dones;població;;359
2015;Vila-sana;total;total;població;;718
2015;Vila-seca;total;homes;població;;11314
2015;Vila-seca;total;dones;població;;11018
2015;Vila-seca;total;total;població;;22332
2015;Vilassar de Dalt;total;homes;població;;4406
2015;Vilassar de Dalt;total;dones;població;;4558
2015;Vilassar de Dalt;total;total;població;;8964
2015;Vilassar de Mar;total;homes;població;;9860
2015;Vilassar de Mar;total;dones;població;;10587
2015;Vilassar de Mar;total;total;població;;20447
2015;Vilaür;total;homes;població;;80
2015;Vilaür;total;dones;població;;79
2015;Vilaür;total;total;població;;159
2015;Vilaverd;total;homes;població;;246
2015;Vilaverd;total;dones;població;;223
2015;Vilaverd;total;total;població;;469
2015;Vilella Alta, la;total;homes;població;;70
2015;Vilella Alta, la;total;dones;població;;65
2015;Vilella Alta, la;total;total;població;;135
2015;Vilella Baixa, la;total;homes;població;;109
2015;Vilella Baixa, la;total;dones;població;;88
2015;Vilella Baixa, la;total;total;població;;197
2015;Vilobí d'Onyar;total;homes;població;;1647
2015;Vilobí d'Onyar;total;dones;població;;1519
2015;Vilobí d'Onyar;total;total;població;;3166
2015;Vilobí del Penedès;total;homes;població;;564
2015;Vilobí del Penedès;total;dones;població;;521
2015;Vilobí del Penedès;total;total;població;;1085
2015;Vilopriu;total;homes;població;;107
2015;Vilopriu;total;dones;població;;92
2015;Vilopriu;total;total;població;;199
2015;Vilosell, el;total;homes;població;;91
2015;Vilosell, el;total;dones;població;;96
2015;Vilosell, el;total;total;població;;187
2015;Vimbodí i Poblet;total;homes;població;;542
2015;Vimbodí i Poblet;total;dones;població;;424
2015;Vimbodí i Poblet;total;total;població;;966
2015;Vinaixa;total;homes;població;;268
2015;Vinaixa;total;dones;població;;258
2015;Vinaixa;total;total;població;;526
2015;Vinebre;total;homes;població;;219
2015;Vinebre;total;dones;població;;216
2015;Vinebre;total;total;població;;435
2015;Vinyols i els Arcs;total;homes;població;;993
2015;Vinyols i els Arcs;total;dones;població;;938
2015;Vinyols i els Arcs;total;total;població;;1931
2015;Viver i Serrateix;total;homes;població;;90
2015;Viver i Serrateix;total;dones;població;;78
2015;Viver i Serrateix;total;total;població;;168
2015;Xerta;total;homes;població;;589
2015;Xerta;total;dones;població;;620
2015;Xerta;total;total;població;;1209
2015;Catalunya;total;homes;població;;3691745
2015;Catalunya;total;dones;població;;3816361
2015;Catalunya;total;total;població;;7508106
