any;municipi;edat any a any;sexe;concepte;estat;valor
2019;Abella de la Conca;total;homes;població;;96
2019;Abella de la Conca;total;dones;població;;83
2019;Abella de la Conca;total;total;població;;179
2019;Abrera;total;homes;població;;6326
2019;Abrera;total;dones;població;;6163
2019;Abrera;total;total;població;;12489
2019;Àger;total;homes;població;;320
2019;Àger;total;dones;població;;268
2019;Àger;total;total;població;;588
2019;Agramunt;total;homes;població;;2689
2019;Agramunt;total;dones;població;;2682
2019;Agramunt;total;total;població;;5371
2019;Aguilar de Segarra;total;homes;població;;155
2019;Aguilar de Segarra;total;dones;població;;133
2019;Aguilar de Segarra;total;total;població;;288
2019;Agullana;total;homes;població;;411
2019;Agullana;total;dones;població;;420
2019;Agullana;total;total;població;;831
2019;Aiguafreda;total;homes;població;;1208
2019;Aiguafreda;total;dones;població;;1296
2019;Aiguafreda;total;total;població;;2504
2019;Aiguamúrcia;total;homes;població;;465
2019;Aiguamúrcia;total;dones;població;;436
2019;Aiguamúrcia;total;total;població;;901
2019;Aiguaviva;total;homes;població;;383
2019;Aiguaviva;total;dones;població;;373
2019;Aiguaviva;total;total;població;;756
2019;Aitona;total;homes;població;;1358
2019;Aitona;total;dones;població;;1233
2019;Aitona;total;total;població;;2591
2019;Alamús, els;total;homes;població;;412
2019;Alamús, els;total;dones;població;;407
2019;Alamús, els;total;total;població;;819
2019;Alàs i Cerc;total;homes;població;;171
2019;Alàs i Cerc;total;dones;població;;158
2019;Alàs i Cerc;total;total;població;;329
2019;Albagés, l';total;homes;població;;194
2019;Albagés, l';total;dones;població;;175
2019;Albagés, l';total;total;població;;369
2019;Albanyà;total;homes;població;;80
2019;Albanyà;total;dones;població;;77
2019;Albanyà;total;total;població;;157
2019;Albatàrrec;total;homes;població;;1150
2019;Albatàrrec;total;dones;població;;1071
2019;Albatàrrec;total;total;població;;2221
2019;Albesa;total;homes;població;;855
2019;Albesa;total;dones;població;;701
2019;Albesa;total;total;població;;1556
2019;Albi, l';total;homes;població;;389
2019;Albi, l';total;dones;població;;375
2019;Albi, l';total;total;població;;764
2019;Albinyana;total;homes;població;;1243
2019;Albinyana;total;dones;població;;1195
2019;Albinyana;total;total;població;;2438
2019;Albiol, l';total;homes;població;;253
2019;Albiol, l';total;dones;població;;232
2019;Albiol, l';total;total;població;;485
2019;Albons;total;homes;població;;401
2019;Albons;total;dones;població;;375
2019;Albons;total;total;població;;776
2019;Alcanar;total;homes;població;;4748
2019;Alcanar;total;dones;població;;4670
2019;Alcanar;total;total;població;;9418
2019;Alcanó;total;homes;població;;119
2019;Alcanó;total;dones;població;;116
2019;Alcanó;total;total;població;;235
2019;Alcarràs;total;homes;població;;4957
2019;Alcarràs;total;dones;població;;4557
2019;Alcarràs;total;total;població;;9514
2019;Alcoletge;total;homes;població;;1775
2019;Alcoletge;total;dones;població;;1645
2019;Alcoletge;total;total;població;;3420
2019;Alcover;total;homes;població;;2499
2019;Alcover;total;dones;població;;2565
2019;Alcover;total;total;població;;5064
2019;Aldea, l';total;homes;població;;2197
2019;Aldea, l';total;dones;població;;1963
2019;Aldea, l';total;total;població;;4160
2019;Aldover;total;homes;població;;445
2019;Aldover;total;dones;població;;437
2019;Aldover;total;total;població;;882
2019;Aleixar, l';total;homes;població;;450
2019;Aleixar, l';total;dones;població;;423
2019;Aleixar, l';total;total;població;;873
2019;Alella;total;homes;població;;4762
2019;Alella;total;dones;població;;5039
2019;Alella;total;total;població;;9801
2019;Alfara de Carles;total;homes;població;;199
2019;Alfara de Carles;total;dones;població;;178
2019;Alfara de Carles;total;total;població;;377
2019;Alfarràs;total;homes;població;;1459
2019;Alfarràs;total;dones;població;;1338
2019;Alfarràs;total;total;població;;2797
2019;Alfés;total;homes;població;;162
2019;Alfés;total;dones;població;;150
2019;Alfés;total;total;població;;312
2019;Alforja;total;homes;població;;921
2019;Alforja;total;dones;població;;880
2019;Alforja;total;total;població;;1801
2019;Algerri;total;homes;població;;206
2019;Algerri;total;dones;població;;180
2019;Algerri;total;total;població;;386
2019;Alguaire;total;homes;població;;1562
2019;Alguaire;total;dones;població;;1409
2019;Alguaire;total;total;població;;2971
2019;Alins;total;homes;població;;144
2019;Alins;total;dones;població;;132
2019;Alins;total;total;població;;276
2019;Alió;total;homes;població;;208
2019;Alió;total;dones;població;;231
2019;Alió;total;total;població;;439
2019;Almacelles;total;homes;població;;3584
2019;Almacelles;total;dones;població;;3207
2019;Almacelles;total;total;població;;6791
2019;Almatret;total;homes;població;;172
2019;Almatret;total;dones;població;;135
2019;Almatret;total;total;població;;307
2019;Almenar;total;homes;població;;1791
2019;Almenar;total;dones;població;;1607
2019;Almenar;total;total;població;;3398
2019;Almoster;total;homes;població;;680
2019;Almoster;total;dones;població;;671
2019;Almoster;total;total;població;;1351
2019;Alòs de Balaguer;total;homes;població;;74
2019;Alòs de Balaguer;total;dones;població;;56
2019;Alòs de Balaguer;total;total;població;;130
2019;Alp;total;homes;població;;828
2019;Alp;total;dones;població;;752
2019;Alp;total;total;població;;1580
2019;Alpens;total;homes;població;;144
2019;Alpens;total;dones;població;;122
2019;Alpens;total;total;població;;266
2019;Alpicat;total;homes;població;;3134
2019;Alpicat;total;dones;població;;3121
2019;Alpicat;total;total;població;;6255
2019;Alt Àneu;total;homes;població;;231
2019;Alt Àneu;total;dones;població;;174
2019;Alt Àneu;total;total;població;;405
2019;Altafulla;total;homes;població;;2555
2019;Altafulla;total;dones;població;;2688
2019;Altafulla;total;total;població;;5243
2019;Amer;total;homes;població;;1122
2019;Amer;total;dones;població;;1176
2019;Amer;total;total;població;;2298
2019;Ametlla de Mar, l';total;homes;població;;3384
2019;Ametlla de Mar, l';total;dones;població;;3403
2019;Ametlla de Mar, l';total;total;població;;6787
2019;Ametlla del Vallès, l';total;homes;població;;4277
2019;Ametlla del Vallès, l';total;dones;població;;4185
2019;Ametlla del Vallès, l';total;total;població;;8462
2019;Ampolla, l';total;homes;població;;1631
2019;Ampolla, l';total;dones;població;;1574
2019;Ampolla, l';total;total;població;;3205
2019;Amposta;total;homes;població;;10449
2019;Amposta;total;dones;població;;10289
2019;Amposta;total;total;població;;20738
2019;Anglès;total;homes;població;;2780
2019;Anglès;total;dones;població;;2819
2019;Anglès;total;total;població;;5599
2019;Anglesola;total;homes;població;;682
2019;Anglesola;total;dones;població;;681
2019;Anglesola;total;total;població;;1363
2019;Arbeca;total;homes;població;;1100
2019;Arbeca;total;dones;població;;1044
2019;Arbeca;total;total;població;;2144
2019;Arboç, l';total;homes;població;;2852
2019;Arboç, l';total;dones;població;;2665
2019;Arboç, l';total;total;població;;5517
2019;Arbolí;total;homes;població;;79
2019;Arbolí;total;dones;població;;58
2019;Arbolí;total;total;població;;137
2019;Arbúcies;total;homes;població;;3390
2019;Arbúcies;total;dones;població;;3166
2019;Arbúcies;total;total;població;;6556
2019;Arenys de Mar;total;homes;població;;7683
2019;Arenys de Mar;total;dones;població;;8093
2019;Arenys de Mar;total;total;població;;15776
2019;Arenys de Munt;total;homes;població;;4483
2019;Arenys de Munt;total;dones;població;;4448
2019;Arenys de Munt;total;total;població;;8931
2019;Argelaguer;total;homes;població;;205
2019;Argelaguer;total;dones;població;;192
2019;Argelaguer;total;total;població;;397
2019;Argençola;total;homes;població;;110
2019;Argençola;total;dones;població;;107
2019;Argençola;total;total;població;;217
2019;Argentera, l';total;homes;població;;70
2019;Argentera, l';total;dones;població;;54
2019;Argentera, l';total;total;població;;124
2019;Argentona;total;homes;població;;6132
2019;Argentona;total;dones;població;;6320
2019;Argentona;total;total;població;;12452
2019;Armentera, l';total;homes;població;;461
2019;Armentera, l';total;dones;població;;469
2019;Armentera, l';total;total;població;;930
2019;Arnes;total;homes;població;;224
2019;Arnes;total;dones;població;;231
2019;Arnes;total;total;població;;455
2019;Arres;total;homes;població;;42
2019;Arres;total;dones;població;;23
2019;Arres;total;total;població;;65
2019;Arsèguel;total;homes;població;;48
2019;Arsèguel;total;dones;població;;36
2019;Arsèguel;total;total;població;;84
2019;Artés;total;homes;població;;2868
2019;Artés;total;dones;població;;2830
2019;Artés;total;total;població;;5698
2019;Artesa de Lleida;total;homes;població;;789
2019;Artesa de Lleida;total;dones;població;;715
2019;Artesa de Lleida;total;total;població;;1504
2019;Artesa de Segre;total;homes;població;;1766
2019;Artesa de Segre;total;dones;població;;1666
2019;Artesa de Segre;total;total;població;;3432
2019;Ascó;total;homes;població;;856
2019;Ascó;total;dones;població;;804
2019;Ascó;total;total;població;;1660
2019;Aspa;total;homes;població;;113
2019;Aspa;total;dones;població;;111
2019;Aspa;total;total;població;;224
2019;Avellanes i Santa Linya, les;total;homes;població;;259
2019;Avellanes i Santa Linya, les;total;dones;població;;190
2019;Avellanes i Santa Linya, les;total;total;població;;449
2019;Avià;total;homes;població;;1121
2019;Avià;total;dones;població;;1105
2019;Avià;total;total;població;;2226
2019;Avinyó;total;homes;població;;1127
2019;Avinyó;total;dones;població;;1148
2019;Avinyó;total;total;població;;2275
2019;Avinyonet de Puigventós;total;homes;població;;796
2019;Avinyonet de Puigventós;total;dones;població;;814
2019;Avinyonet de Puigventós;total;total;població;;1610
2019;Avinyonet del Penedès;total;homes;població;;903
2019;Avinyonet del Penedès;total;dones;població;;798
2019;Avinyonet del Penedès;total;total;població;;1701
2019;Badalona;total;homes;població;;108509
2019;Badalona;total;dones;població;;111931
2019;Badalona;total;total;població;;220440
2019;Badia del Vallès;total;homes;població;;6567
2019;Badia del Vallès;total;dones;població;;6813
2019;Badia del Vallès;total;total;població;;13380
2019;Bagà;total;homes;població;;1064
2019;Bagà;total;dones;població;;1074
2019;Bagà;total;total;població;;2138
2019;Baix Pallars;total;homes;població;;182
2019;Baix Pallars;total;dones;població;;153
2019;Baix Pallars;total;total;població;;335
2019;Balaguer;total;homes;població;;8746
2019;Balaguer;total;dones;població;;8416
2019;Balaguer;total;total;població;;17162
2019;Balenyà;total;homes;població;;1928
2019;Balenyà;total;dones;població;;1893
2019;Balenyà;total;total;població;;3821
2019;Balsareny;total;homes;població;;1562
2019;Balsareny;total;dones;població;;1597
2019;Balsareny;total;total;població;;3159
2019;Banyeres del Penedès;total;homes;població;;1612
2019;Banyeres del Penedès;total;dones;població;;1558
2019;Banyeres del Penedès;total;total;població;;3170
2019;Banyoles;total;homes;població;;9873
2019;Banyoles;total;dones;població;;9953
2019;Banyoles;total;total;població;;19826
2019;Barbens;total;homes;població;;467
2019;Barbens;total;dones;població;;411
2019;Barbens;total;total;població;;878
2019;Barberà de la Conca;total;homes;població;;257
2019;Barberà de la Conca;total;dones;població;;216
2019;Barberà de la Conca;total;total;població;;473
2019;Barberà del Vallès;total;homes;població;;16300
2019;Barberà del Vallès;total;dones;població;;16791
2019;Barberà del Vallès;total;total;població;;33091
2019;Barcelona;total;homes;població;;775619
2019;Barcelona;total;dones;població;;861143
2019;Barcelona;total;total;població;;1636762
2019;Baronia de Rialb, la;total;homes;població;;121
2019;Baronia de Rialb, la;total;dones;població;;116
2019;Baronia de Rialb, la;total;total;població;;237
2019;Bàscara;total;homes;població;;520
2019;Bàscara;total;dones;població;;484
2019;Bàscara;total;total;població;;1004
2019;Bassella;total;homes;població;;112
2019;Bassella;total;dones;població;;112
2019;Bassella;total;total;població;;224
2019;Batea;total;homes;població;;944
2019;Batea;total;dones;població;;946
2019;Batea;total;total;població;;1890
2019;Bausen;total;homes;població;;30
2019;Bausen;total;dones;població;;28
2019;Bausen;total;total;població;;58
2019;Begues;total;homes;població;;3528
2019;Begues;total;dones;població;;3570
2019;Begues;total;total;població;;7098
2019;Begur;total;homes;població;;1964
2019;Begur;total;dones;població;;1961
2019;Begur;total;total;població;;3925
2019;Belianes;total;homes;població;;269
2019;Belianes;total;dones;població;;256
2019;Belianes;total;total;població;;525
2019;Bellaguarda;total;homes;població;;152
2019;Bellaguarda;total;dones;població;;135
2019;Bellaguarda;total;total;població;;287
2019;Bellcaire d'Empordà;total;homes;població;;336
2019;Bellcaire d'Empordà;total;dones;població;;357
2019;Bellcaire d'Empordà;total;total;població;;693
2019;Bellcaire d'Urgell;total;homes;població;;627
2019;Bellcaire d'Urgell;total;dones;població;;603
2019;Bellcaire d'Urgell;total;total;població;;1230
2019;Bell-lloc d'Urgell;total;homes;població;;1139
2019;Bell-lloc d'Urgell;total;dones;població;;1176
2019;Bell-lloc d'Urgell;total;total;població;;2315
2019;Bellmunt d'Urgell;total;homes;població;;89
2019;Bellmunt d'Urgell;total;dones;població;;96
2019;Bellmunt d'Urgell;total;total;població;;185
2019;Bellmunt del Priorat;total;homes;població;;145
2019;Bellmunt del Priorat;total;dones;població;;135
2019;Bellmunt del Priorat;total;total;població;;280
2019;Bellprat;total;homes;població;;41
2019;Bellprat;total;dones;població;;23
2019;Bellprat;total;total;població;;64
2019;Bellpuig;total;homes;població;;2705
2019;Bellpuig;total;dones;població;;2428
2019;Bellpuig;total;total;població;;5133
2019;Bellvei;total;homes;població;;1132
2019;Bellvei;total;dones;població;;1071
2019;Bellvei;total;total;població;;2203
2019;Bellver de Cerdanya;total;homes;població;;1009
2019;Bellver de Cerdanya;total;dones;població;;928
2019;Bellver de Cerdanya;total;total;població;;1937
2019;Bellvís;total;homes;població;;1149
2019;Bellvís;total;dones;població;;1106
2019;Bellvís;total;total;població;;2255
2019;Benavent de Segrià;total;homes;població;;781
2019;Benavent de Segrià;total;dones;població;;718
2019;Benavent de Segrià;total;total;població;;1499
2019;Benifallet;total;homes;població;;348
2019;Benifallet;total;dones;població;;391
2019;Benifallet;total;total;població;;739
2019;Benissanet;total;homes;població;;646
2019;Benissanet;total;dones;població;;515
2019;Benissanet;total;total;població;;1161
2019;Berga;total;homes;població;;8166
2019;Berga;total;dones;població;;8328
2019;Berga;total;total;població;;16494
2019;Besalú;total;homes;població;;1170
2019;Besalú;total;dones;població;;1322
2019;Besalú;total;total;població;;2492
2019;Bescanó;total;homes;població;;2505
2019;Bescanó;total;dones;població;;2455
2019;Bescanó;total;total;població;;4960
2019;Beuda;total;homes;població;;100
2019;Beuda;total;dones;població;;90
2019;Beuda;total;total;població;;190
2019;Bigues i Riells del Fai;total;homes;població;;4645
2019;Bigues i Riells del Fai;total;dones;població;;4447
2019;Bigues i Riells del Fai;total;total;població;;9092
2019;Biosca;total;homes;població;;94
2019;Biosca;total;dones;població;;82
2019;Biosca;total;total;població;;176
2019;Bisbal d'Empordà, la;total;homes;població;;5446
2019;Bisbal d'Empordà, la;total;dones;població;;5528
2019;Bisbal d'Empordà, la;total;total;població;;10974
2019;Bisbal de Montsant, la;total;homes;població;;116
2019;Bisbal de Montsant, la;total;dones;població;;100
2019;Bisbal de Montsant, la;total;total;població;;216
2019;Bisbal del Penedès, la;total;homes;població;;1862
2019;Bisbal del Penedès, la;total;dones;població;;1666
2019;Bisbal del Penedès, la;total;total;població;;3528
2019;Biure;total;homes;població;;118
2019;Biure;total;dones;població;;114
2019;Biure;total;total;població;;232
2019;Blancafort;total;homes;població;;198
2019;Blancafort;total;dones;població;;191
2019;Blancafort;total;total;població;;389
2019;Blanes;total;homes;població;;19356
2019;Blanes;total;dones;població;;19672
2019;Blanes;total;total;població;;39028
2019;Boadella i les Escaules;total;homes;població;;130
2019;Boadella i les Escaules;total;dones;població;;122
2019;Boadella i les Escaules;total;total;població;;252
2019;Bolvir;total;homes;població;;191
2019;Bolvir;total;dones;població;;178
2019;Bolvir;total;total;població;;369
2019;Bonastre;total;homes;població;;357
2019;Bonastre;total;dones;població;;331
2019;Bonastre;total;total;població;;688
2019;Bòrdes, Es;total;homes;població;;144
2019;Bòrdes, Es;total;dones;població;;115
2019;Bòrdes, Es;total;total;població;;259
2019;Bordils;total;homes;població;;887
2019;Bordils;total;dones;població;;892
2019;Bordils;total;total;població;;1779
2019;Borges Blanques, les;total;homes;població;;3105
2019;Borges Blanques, les;total;dones;població;;2982
2019;Borges Blanques, les;total;total;població;;6087
2019;Borges del Camp, les;total;homes;població;;1050
2019;Borges del Camp, les;total;dones;població;;987
2019;Borges del Camp, les;total;total;població;;2037
2019;Borrassà;total;homes;població;;374
2019;Borrassà;total;dones;població;;340
2019;Borrassà;total;total;població;;714
2019;Borredà;total;homes;població;;253
2019;Borredà;total;dones;població;;192
2019;Borredà;total;total;població;;445
2019;Bossòst;total;homes;població;;542
2019;Bossòst;total;dones;població;;567
2019;Bossòst;total;total;població;;1109
2019;Bot;total;homes;població;;295
2019;Bot;total;dones;població;;278
2019;Bot;total;total;població;;573
2019;Botarell;total;homes;població;;549
2019;Botarell;total;dones;població;;519
2019;Botarell;total;total;població;;1068
2019;Bovera;total;homes;població;;133
2019;Bovera;total;dones;població;;114
2019;Bovera;total;total;població;;247
2019;Bràfim;total;homes;població;;357
2019;Bràfim;total;dones;població;;335
2019;Bràfim;total;total;població;;692
2019;Breda;total;homes;població;;1836
2019;Breda;total;dones;població;;1904
2019;Breda;total;total;població;;3740
2019;Bruc, el;total;homes;població;;1107
2019;Bruc, el;total;dones;població;;943
2019;Bruc, el;total;total;població;;2050
2019;Brull, el;total;homes;població;;145
2019;Brull, el;total;dones;població;;118
2019;Brull, el;total;total;població;;263
2019;Brunyola i Sant Martí Sapresa;total;homes;població;;195
2019;Brunyola i Sant Martí Sapresa;total;dones;població;;188
2019;Brunyola i Sant Martí Sapresa;total;total;població;;383
2019;Cabacés;total;homes;població;;155
2019;Cabacés;total;dones;població;;143
2019;Cabacés;total;total;població;;298
2019;Cabanabona;total;homes;població;;36
2019;Cabanabona;total;dones;població;;39
2019;Cabanabona;total;total;població;;75
2019;Cabanelles;total;homes;població;;154
2019;Cabanelles;total;dones;població;;125
2019;Cabanelles;total;total;població;;279
2019;Cabanes;total;homes;població;;500
2019;Cabanes;total;dones;població;;448
2019;Cabanes;total;total;població;;948
2019;Cabanyes, les;total;homes;població;;488
2019;Cabanyes, les;total;dones;població;;476
2019;Cabanyes, les;total;total;població;;964
2019;Cabó;total;homes;població;;49
2019;Cabó;total;dones;població;;43
2019;Cabó;total;total;població;;92
2019;Cabra del Camp;total;homes;població;;608
2019;Cabra del Camp;total;dones;població;;555
2019;Cabra del Camp;total;total;població;;1163
2019;Cabrera d'Anoia;total;homes;població;;769
2019;Cabrera d'Anoia;total;dones;població;;641
2019;Cabrera d'Anoia;total;total;població;;1410
2019;Cabrera de Mar;total;homes;població;;2348
2019;Cabrera de Mar;total;dones;població;;2332
2019;Cabrera de Mar;total;total;població;;4680
2019;Cabrils;total;homes;població;;3682
2019;Cabrils;total;dones;població;;3757
2019;Cabrils;total;total;població;;7439
2019;Cadaqués;total;homes;població;;1322
2019;Cadaqués;total;dones;població;;1390
2019;Cadaqués;total;total;població;;2712
2019;Calaf;total;homes;població;;1775
2019;Calaf;total;dones;població;;1760
2019;Calaf;total;total;població;;3535
2019;Calafell;total;homes;població;;13362
2019;Calafell;total;dones;població;;13176
2019;Calafell;total;total;població;;26538
2019;Calders;total;homes;població;;499
2019;Calders;total;dones;població;;471
2019;Calders;total;total;població;;970
2019;Caldes d'Estrac;total;homes;població;;1426
2019;Caldes d'Estrac;total;dones;població;;1556
2019;Caldes d'Estrac;total;total;població;;2982
2019;Caldes de Malavella;total;homes;població;;3828
2019;Caldes de Malavella;total;dones;població;;3813
2019;Caldes de Malavella;total;total;població;;7641
2019;Caldes de Montbui;total;homes;població;;8745
2019;Caldes de Montbui;total;dones;població;;8809
2019;Caldes de Montbui;total;total;població;;17554
2019;Calella;total;homes;població;;9339
2019;Calella;total;dones;població;;9730
2019;Calella;total;total;població;;19069
2019;Calldetenes;total;homes;població;;1259
2019;Calldetenes;total;dones;població;;1230
2019;Calldetenes;total;total;població;;2489
2019;Callús;total;homes;població;;1061
2019;Callús;total;dones;població;;1079
2019;Callús;total;total;població;;2140
2019;Calonge de Segarra;total;homes;població;;92
2019;Calonge de Segarra;total;dones;població;;96
2019;Calonge de Segarra;total;total;població;;188
2019;Calonge i Sant Antoni;total;homes;població;;5571
2019;Calonge i Sant Antoni;total;dones;població;;5521
2019;Calonge i Sant Antoni;total;total;població;;11092
2019;Camarasa;total;homes;població;;410
2019;Camarasa;total;dones;població;;407
2019;Camarasa;total;total;població;;817
2019;Camarles;total;homes;població;;1638
2019;Camarles;total;dones;població;;1586
2019;Camarles;total;total;població;;3224
2019;Cambrils;total;homes;població;;16553
2019;Cambrils;total;dones;població;;17345
2019;Cambrils;total;total;població;;33898
2019;Camós;total;homes;població;;341
2019;Camós;total;dones;població;;352
2019;Camós;total;total;població;;693
2019;Campdevànol;total;homes;població;;1566
2019;Campdevànol;total;dones;població;;1657
2019;Campdevànol;total;total;població;;3223
2019;Campelles;total;homes;població;;71
2019;Campelles;total;dones;població;;68
2019;Campelles;total;total;població;;139
2019;Campins;total;homes;població;;277
2019;Campins;total;dones;població;;252
2019;Campins;total;total;població;;529
2019;Campllong;total;homes;població;;272
2019;Campllong;total;dones;població;;275
2019;Campllong;total;total;població;;547
2019;Camprodon;total;homes;població;;1117
2019;Camprodon;total;dones;població;;1164
2019;Camprodon;total;total;població;;2281
2019;Canejan;total;homes;població;;57
2019;Canejan;total;dones;població;;50
2019;Canejan;total;total;població;;107
2019;Canet d'Adri;total;homes;població;;371
2019;Canet d'Adri;total;dones;població;;352
2019;Canet d'Adri;total;total;població;;723
2019;Canet de Mar;total;homes;població;;7068
2019;Canet de Mar;total;dones;població;;7458
2019;Canet de Mar;total;total;població;;14526
2019;Canonja, la;total;homes;població;;2892
2019;Canonja, la;total;dones;població;;3001
2019;Canonja, la;total;total;població;;5893
2019;Canovelles;total;homes;població;;8613
2019;Canovelles;total;dones;població;;8016
2019;Canovelles;total;total;població;;16629
2019;Cànoves i Samalús;total;homes;població;;1581
2019;Cànoves i Samalús;total;dones;població;;1536
2019;Cànoves i Samalús;total;total;població;;3117
2019;Cantallops;total;homes;població;;153
2019;Cantallops;total;dones;població;;160
2019;Cantallops;total;total;població;;313
2019;Canyelles;total;homes;població;;2414
2019;Canyelles;total;dones;població;;2233
2019;Canyelles;total;total;població;;4647
2019;Capafonts;total;homes;població;;62
2019;Capafonts;total;dones;població;;59
2019;Capafonts;total;total;població;;121
2019;Capçanes;total;homes;població;;202
2019;Capçanes;total;dones;població;;196
2019;Capçanes;total;total;població;;398
2019;Capellades;total;homes;població;;2636
2019;Capellades;total;dones;població;;2657
2019;Capellades;total;total;població;;5293
2019;Capmany;total;homes;població;;307
2019;Capmany;total;dones;població;;306
2019;Capmany;total;total;població;;613
2019;Capolat;total;homes;població;;44
2019;Capolat;total;dones;població;;50
2019;Capolat;total;total;població;;94
2019;Cardedeu;total;homes;població;;8957
2019;Cardedeu;total;dones;població;;9400
2019;Cardedeu;total;total;població;;18357
2019;Cardona;total;homes;població;;2273
2019;Cardona;total;dones;població;;2363
2019;Cardona;total;total;població;;4636
2019;Carme;total;homes;població;;396
2019;Carme;total;dones;població;;369
2019;Carme;total;total;població;;765
2019;Caseres;total;homes;població;;129
2019;Caseres;total;dones;població;;130
2019;Caseres;total;total;població;;259
2019;Cassà de la Selva;total;homes;població;;5301
2019;Cassà de la Selva;total;dones;població;;5079
2019;Cassà de la Selva;total;total;població;;10380
2019;Casserres;total;homes;població;;813
2019;Casserres;total;dones;població;;795
2019;Casserres;total;total;població;;1608
2019;Castell d'Aro, Platja d'Aro i s'Agaró;total;homes;població;;5357
2019;Castell d'Aro, Platja d'Aro i s'Agaró;total;dones;població;;5503
2019;Castell d'Aro, Platja d'Aro i s'Agaró;total;total;població;;10860
2019;Castell de l'Areny;total;homes;població;;38
2019;Castell de l'Areny;total;dones;població;;30
2019;Castell de l'Areny;total;total;població;;68
2019;Castell de Mur;total;homes;població;;104
2019;Castell de Mur;total;dones;població;;79
2019;Castell de Mur;total;total;població;;183
2019;Castellar de la Ribera;total;homes;població;;67
2019;Castellar de la Ribera;total;dones;població;;67
2019;Castellar de la Ribera;total;total;població;;134
2019;Castellar de n'Hug;total;homes;població;;85
2019;Castellar de n'Hug;total;dones;població;;74
2019;Castellar de n'Hug;total;total;població;;159
2019;Castellar del Riu;total;homes;població;;94
2019;Castellar del Riu;total;dones;població;;75
2019;Castellar del Riu;total;total;població;;169
2019;Castellar del Vallès;total;homes;població;;11948
2019;Castellar del Vallès;total;dones;població;;12239
2019;Castellar del Vallès;total;total;població;;24187
2019;Castellbell i el Vilar;total;homes;població;;1863
2019;Castellbell i el Vilar;total;dones;població;;1784
2019;Castellbell i el Vilar;total;total;població;;3647
2019;Castellbisbal;total;homes;població;;6238
2019;Castellbisbal;total;dones;població;;6152
2019;Castellbisbal;total;total;població;;12390
2019;Castellcir;total;homes;població;;392
2019;Castellcir;total;dones;població;;360
2019;Castellcir;total;total;població;;752
2019;Castelldans;total;homes;població;;511
2019;Castelldans;total;dones;població;;449
2019;Castelldans;total;total;població;;960
2019;Castelldefels;total;homes;població;;33018
2019;Castelldefels;total;dones;població;;33986
2019;Castelldefels;total;total;població;;67004
2019;Castellet i la Gornal;total;homes;població;;1180
2019;Castellet i la Gornal;total;dones;població;;1112
2019;Castellet i la Gornal;total;total;població;;2292
2019;Castellfollit de la Roca;total;homes;població;;493
2019;Castellfollit de la Roca;total;dones;població;;468
2019;Castellfollit de la Roca;total;total;població;;961
2019;Castellfollit de Riubregós;total;homes;població;;86
2019;Castellfollit de Riubregós;total;dones;població;;65
2019;Castellfollit de Riubregós;total;total;població;;151
2019;Castellfollit del Boix;total;homes;població;;222
2019;Castellfollit del Boix;total;dones;població;;214
2019;Castellfollit del Boix;total;total;població;;436
2019;Castellgalí;total;homes;població;;1062
2019;Castellgalí;total;dones;població;;1000
2019;Castellgalí;total;total;població;;2062
2019;Castellnou de Bages;total;homes;població;;732
2019;Castellnou de Bages;total;dones;població;;665
2019;Castellnou de Bages;total;total;població;;1397
2019;Castellnou de Seana;total;homes;població;;361
2019;Castellnou de Seana;total;dones;població;;322
2019;Castellnou de Seana;total;total;població;;683
2019;Castelló d'Empúries;total;homes;població;;5508
2019;Castelló d'Empúries;total;dones;població;;5398
2019;Castelló d'Empúries;total;total;població;;10906
2019;Castelló de Farfanya;total;homes;població;;288
2019;Castelló de Farfanya;total;dones;població;;248
2019;Castelló de Farfanya;total;total;població;;536
2019;Castellolí;total;homes;població;;302
2019;Castellolí;total;dones;població;;317
2019;Castellolí;total;total;població;;619
2019;Castellserà;total;homes;població;;506
2019;Castellserà;total;dones;població;;497
2019;Castellserà;total;total;població;;1003
2019;Castellterçol;total;homes;població;;1236
2019;Castellterçol;total;dones;població;;1227
2019;Castellterçol;total;total;població;;2463
2019;Castellvell del Camp;total;homes;població;;1438
2019;Castellvell del Camp;total;dones;població;;1419
2019;Castellvell del Camp;total;total;població;;2857
2019;Castellví de la Marca;total;homes;població;;771
2019;Castellví de la Marca;total;dones;població;;764
2019;Castellví de la Marca;total;total;població;;1535
2019;Castellví de Rosanes;total;homes;població;;931
2019;Castellví de Rosanes;total;dones;població;;953
2019;Castellví de Rosanes;total;total;població;;1884
2019;Catllar, el;total;homes;població;;2309
2019;Catllar, el;total;dones;població;;2142
2019;Catllar, el;total;total;població;;4451
2019;Cava;total;homes;població;;29
2019;Cava;total;dones;població;;18
2019;Cava;total;total;població;;47
2019;Cellera de Ter, la;total;homes;població;;965
2019;Cellera de Ter, la;total;dones;població;;981
2019;Cellera de Ter, la;total;total;població;;1946
2019;Celrà;total;homes;població;;2722
2019;Celrà;total;dones;població;;2730
2019;Celrà;total;total;població;;5452
2019;Centelles;total;homes;població;;3630
2019;Centelles;total;dones;població;;3774
2019;Centelles;total;total;població;;7404
2019;Cercs;total;homes;població;;577
2019;Cercs;total;dones;població;;568
2019;Cercs;total;total;població;;1145
2019;Cerdanyola del Vallès;total;homes;població;;28038
2019;Cerdanyola del Vallès;total;dones;població;;29365
2019;Cerdanyola del Vallès;total;total;població;;57403
2019;Cervelló;total;homes;població;;4529
2019;Cervelló;total;dones;població;;4525
2019;Cervelló;total;total;població;;9054
2019;Cervera;total;homes;població;;4670
2019;Cervera;total;dones;població;;4510
2019;Cervera;total;total;població;;9180
2019;Cervià de les Garrigues;total;homes;població;;336
2019;Cervià de les Garrigues;total;dones;població;;304
2019;Cervià de les Garrigues;total;total;població;;640
2019;Cervià de Ter;total;homes;població;;492
2019;Cervià de Ter;total;dones;població;;476
2019;Cervià de Ter;total;total;població;;968
2019;Cistella;total;homes;població;;138
2019;Cistella;total;dones;població;;144
2019;Cistella;total;total;població;;282
2019;Ciutadilla;total;homes;població;;111
2019;Ciutadilla;total;dones;població;;97
2019;Ciutadilla;total;total;població;;208
2019;Clariana de Cardener;total;homes;població;;82
2019;Clariana de Cardener;total;dones;població;;75
2019;Clariana de Cardener;total;total;població;;157
2019;Cogul, el;total;homes;població;;88
2019;Cogul, el;total;dones;població;;70
2019;Cogul, el;total;total;població;;158
2019;Colera;total;homes;població;;223
2019;Colera;total;dones;població;;225
2019;Colera;total;total;població;;448
2019;Coll de Nargó;total;homes;població;;285
2019;Coll de Nargó;total;dones;població;;265
2019;Coll de Nargó;total;total;població;;550
2019;Collbató;total;homes;població;;2320
2019;Collbató;total;dones;població;;2146
2019;Collbató;total;total;població;;4466
2019;Colldejou;total;homes;població;;93
2019;Colldejou;total;dones;població;;83
2019;Colldejou;total;total;població;;176
2019;Collsuspina;total;homes;població;;174
2019;Collsuspina;total;dones;població;;168
2019;Collsuspina;total;total;població;;342
2019;Colomers;total;homes;població;;87
2019;Colomers;total;dones;població;;89
2019;Colomers;total;total;població;;176
2019;Coma i la Pedra, la;total;homes;població;;157
2019;Coma i la Pedra, la;total;dones;població;;108
2019;Coma i la Pedra, la;total;total;població;;265
2019;Conca de Dalt;total;homes;població;;213
2019;Conca de Dalt;total;dones;població;;205
2019;Conca de Dalt;total;total;població;;418
2019;Conesa;total;homes;població;;54
2019;Conesa;total;dones;població;;49
2019;Conesa;total;total;població;;103
2019;Constantí;total;homes;població;;3398
2019;Constantí;total;dones;població;;3142
2019;Constantí;total;total;població;;6540
2019;Copons;total;homes;població;;152
2019;Copons;total;dones;població;;158
2019;Copons;total;total;població;;310
2019;Corbera d'Ebre;total;homes;població;;531
2019;Corbera d'Ebre;total;dones;població;;485
2019;Corbera d'Ebre;total;total;població;;1016
2019;Corbera de Llobregat;total;homes;població;;7449
2019;Corbera de Llobregat;total;dones;població;;7373
2019;Corbera de Llobregat;total;total;població;;14822
2019;Corbins;total;homes;població;;787
2019;Corbins;total;dones;població;;657
2019;Corbins;total;total;població;;1444
2019;Corçà;total;homes;població;;646
2019;Corçà;total;dones;població;;621
2019;Corçà;total;total;població;;1267
2019;Cornellà de Llobregat;total;homes;població;;42945
2019;Cornellà de Llobregat;total;dones;població;;45647
2019;Cornellà de Llobregat;total;total;població;;88592
2019;Cornellà del Terri;total;homes;població;;1197
2019;Cornellà del Terri;total;dones;població;;1167
2019;Cornellà del Terri;total;total;població;;2364
2019;Cornudella de Montsant;total;homes;població;;505
2019;Cornudella de Montsant;total;dones;població;;436
2019;Cornudella de Montsant;total;total;població;;941
2019;Creixell;total;homes;població;;1845
2019;Creixell;total;dones;població;;1797
2019;Creixell;total;total;població;;3642
2019;Crespià;total;homes;població;;127
2019;Crespià;total;dones;població;;119
2019;Crespià;total;total;població;;246
2019;Cruïlles, Monells i Sant Sadurní de l'Heura;total;homes;població;;640
2019;Cruïlles, Monells i Sant Sadurní de l'Heura;total;dones;població;;639
2019;Cruïlles, Monells i Sant Sadurní de l'Heura;total;total;població;;1279
2019;Cubelles;total;homes;població;;7687
2019;Cubelles;total;dones;població;;7642
2019;Cubelles;total;total;població;;15329
2019;Cubells;total;homes;població;;180
2019;Cubells;total;dones;població;;163
2019;Cubells;total;total;població;;343
2019;Cunit;total;homes;població;;6347
2019;Cunit;total;dones;població;;6605
2019;Cunit;total;total;població;;12952
2019;Darnius;total;homes;població;;273
2019;Darnius;total;dones;població;;273
2019;Darnius;total;total;població;;546
2019;Das;total;homes;població;;131
2019;Das;total;dones;població;;122
2019;Das;total;total;població;;253
2019;Deltebre;total;homes;població;;5788
2019;Deltebre;total;dones;població;;5694
2019;Deltebre;total;total;població;;11482
2019;Dosrius;total;homes;població;;2780
2019;Dosrius;total;dones;població;;2701
2019;Dosrius;total;total;població;;5481
2019;Duesaigües;total;homes;població;;140
2019;Duesaigües;total;dones;població;;105
2019;Duesaigües;total;total;població;;245
2019;Escala, l';total;homes;població;;5267
2019;Escala, l';total;dones;població;;5072
2019;Escala, l';total;total;població;;10339
2019;Esparreguera;total;homes;població;;11249
2019;Esparreguera;total;dones;població;;11002
2019;Esparreguera;total;total;població;;22251
2019;Espinelves;total;homes;població;;110
2019;Espinelves;total;dones;població;;105
2019;Espinelves;total;total;població;;215
2019;Espluga Calba, l';total;homes;població;;171
2019;Espluga Calba, l';total;dones;població;;170
2019;Espluga Calba, l';total;total;població;;341
2019;Espluga de Francolí, l';total;homes;població;;1824
2019;Espluga de Francolí, l';total;dones;població;;1931
2019;Espluga de Francolí, l';total;total;població;;3755
2019;Esplugues de Llobregat;total;homes;població;;22300
2019;Esplugues de Llobregat;total;dones;població;;24380
2019;Esplugues de Llobregat;total;total;població;;46680
2019;Espolla;total;homes;població;;203
2019;Espolla;total;dones;població;;213
2019;Espolla;total;total;població;;416
2019;Esponellà;total;homes;població;;224
2019;Esponellà;total;dones;població;;214
2019;Esponellà;total;total;població;;438
2019;Espot;total;homes;població;;193
2019;Espot;total;dones;població;;171
2019;Espot;total;total;població;;364
2019;Espunyola, l';total;homes;població;;126
2019;Espunyola, l';total;dones;població;;128
2019;Espunyola, l';total;total;població;;254
2019;Esquirol, l';total;homes;població;;1105
2019;Esquirol, l';total;dones;població;;1076
2019;Esquirol, l';total;total;població;;2181
2019;Estamariu;total;homes;població;;68
2019;Estamariu;total;dones;població;;50
2019;Estamariu;total;total;població;;118
2019;Estany, l';total;homes;població;;205
2019;Estany, l';total;dones;població;;201
2019;Estany, l';total;total;població;;406
2019;Estaràs;total;homes;població;;85
2019;Estaràs;total;dones;població;;77
2019;Estaràs;total;total;població;;162
2019;Esterri d'Àneu;total;homes;població;;364
2019;Esterri d'Àneu;total;dones;població;;408
2019;Esterri d'Àneu;total;total;població;;772
2019;Esterri de Cardós;total;homes;població;;37
2019;Esterri de Cardós;total;dones;població;;33
2019;Esterri de Cardós;total;total;població;;70
2019;Falset;total;homes;població;;1412
2019;Falset;total;dones;població;;1422
2019;Falset;total;total;població;;2834
2019;Far d'Empordà, el;total;homes;població;;305
2019;Far d'Empordà, el;total;dones;població;;294
2019;Far d'Empordà, el;total;total;població;;599
2019;Farrera;total;homes;població;;65
2019;Farrera;total;dones;població;;51
2019;Farrera;total;total;població;;116
2019;Fatarella, la;total;homes;població;;458
2019;Fatarella, la;total;dones;població;;483
2019;Fatarella, la;total;total;població;;941
2019;Febró, la;total;homes;població;;25
2019;Febró, la;total;dones;població;;15
2019;Febró, la;total;total;població;;40
2019;Figaró-Montmany;total;homes;població;;547
2019;Figaró-Montmany;total;dones;població;;567
2019;Figaró-Montmany;total;total;població;;1114
2019;Fígols;total;homes;població;;25
2019;Fígols;total;dones;població;;17
2019;Fígols;total;total;població;;42
2019;Fígols i Alinyà;total;homes;població;;145
2019;Fígols i Alinyà;total;dones;població;;107
2019;Fígols i Alinyà;total;total;població;;252
2019;Figuera, la;total;homes;població;;63
2019;Figuera, la;total;dones;població;;48
2019;Figuera, la;total;total;població;;111
2019;Figueres;total;homes;població;;23092
2019;Figueres;total;dones;població;;23562
2019;Figueres;total;total;població;;46654
2019;Figuerola del Camp;total;homes;població;;159
2019;Figuerola del Camp;total;dones;població;;161
2019;Figuerola del Camp;total;total;població;;320
2019;Flaçà;total;homes;població;;528
2019;Flaçà;total;dones;població;;565
2019;Flaçà;total;total;població;;1093
2019;Flix;total;homes;població;;1717
2019;Flix;total;dones;població;;1691
2019;Flix;total;total;població;;3408
2019;Floresta, la;total;homes;població;;79
2019;Floresta, la;total;dones;població;;68
2019;Floresta, la;total;total;població;;147
2019;Fogars de la Selva;total;homes;població;;748
2019;Fogars de la Selva;total;dones;població;;703
2019;Fogars de la Selva;total;total;població;;1451
2019;Fogars de Montclús;total;homes;població;;245
2019;Fogars de Montclús;total;dones;població;;225
2019;Fogars de Montclús;total;total;població;;470
2019;Foixà;total;homes;població;;150
2019;Foixà;total;dones;població;;147
2019;Foixà;total;total;població;;297
2019;Folgueroles;total;homes;població;;1159
2019;Folgueroles;total;dones;població;;1108
2019;Folgueroles;total;total;població;;2267
2019;Fondarella;total;homes;població;;387
2019;Fondarella;total;dones;població;;397
2019;Fondarella;total;total;població;;784
2019;Fonollosa;total;homes;població;;750
2019;Fonollosa;total;dones;població;;703
2019;Fonollosa;total;total;població;;1453
2019;Fontanals de Cerdanya;total;homes;població;;220
2019;Fontanals de Cerdanya;total;dones;població;;224
2019;Fontanals de Cerdanya;total;total;població;;444
2019;Fontanilles;total;homes;població;;80
2019;Fontanilles;total;dones;població;;59
2019;Fontanilles;total;total;població;;139
2019;Fontcoberta;total;homes;població;;738
2019;Fontcoberta;total;dones;població;;730
2019;Fontcoberta;total;total;població;;1468
2019;Font-rubí;total;homes;població;;688
2019;Font-rubí;total;dones;població;;639
2019;Font-rubí;total;total;població;;1327
2019;Foradada;total;homes;població;;108
2019;Foradada;total;dones;població;;78
2019;Foradada;total;total;població;;186
2019;Forallac;total;homes;població;;828
2019;Forallac;total;dones;població;;859
2019;Forallac;total;total;població;;1687
2019;Forès;total;homes;població;;25
2019;Forès;total;dones;població;;18
2019;Forès;total;total;població;;43
2019;Fornells de la Selva;total;homes;població;;1322
2019;Fornells de la Selva;total;dones;població;;1328
2019;Fornells de la Selva;total;total;població;;2650
2019;Fortià;total;homes;població;;389
2019;Fortià;total;dones;població;;374
2019;Fortià;total;total;població;;763
2019;Franqueses del Vallès, les;total;homes;població;;10210
2019;Franqueses del Vallès, les;total;dones;població;;9882
2019;Franqueses del Vallès, les;total;total;població;;20092
2019;Freginals;total;homes;població;;175
2019;Freginals;total;dones;població;;171
2019;Freginals;total;total;població;;346
2019;Fuliola, la;total;homes;població;;619
2019;Fuliola, la;total;dones;població;;629
2019;Fuliola, la;total;total;població;;1248
2019;Fulleda;total;homes;població;;44
2019;Fulleda;total;dones;població;;41
2019;Fulleda;total;total;població;;85
2019;Gaià;total;homes;població;;97
2019;Gaià;total;dones;població;;78
2019;Gaià;total;total;població;;175
2019;Galera, la;total;homes;població;;375
2019;Galera, la;total;dones;població;;356
2019;Galera, la;total;total;població;;731
2019;Gallifa;total;homes;població;;95
2019;Gallifa;total;dones;població;;77
2019;Gallifa;total;total;població;;172
2019;Gandesa;total;homes;població;;1563
2019;Gandesa;total;dones;població;;1501
2019;Gandesa;total;total;població;;3064
2019;Garcia;total;homes;població;;264
2019;Garcia;total;dones;població;;263
2019;Garcia;total;total;població;;527
2019;Garidells, els;total;homes;població;;94
2019;Garidells, els;total;dones;població;;93
2019;Garidells, els;total;total;població;;187
2019;Garriga, la;total;homes;població;;7987
2019;Garriga, la;total;dones;població;;8527
2019;Garriga, la;total;total;població;;16514
2019;Garrigàs;total;homes;població;;231
2019;Garrigàs;total;dones;població;;206
2019;Garrigàs;total;total;població;;437
2019;Garrigoles;total;homes;població;;84
2019;Garrigoles;total;dones;població;;78
2019;Garrigoles;total;total;població;;162
2019;Garriguella;total;homes;població;;421
2019;Garriguella;total;dones;població;;434
2019;Garriguella;total;total;població;;855
2019;Gavà;total;homes;població;;22876
2019;Gavà;total;dones;població;;23895
2019;Gavà;total;total;població;;46771
2019;Gavet de la Conca;total;homes;població;;129
2019;Gavet de la Conca;total;dones;població;;132
2019;Gavet de la Conca;total;total;població;;261
2019;Gelida;total;homes;població;;3778
2019;Gelida;total;dones;població;;3755
2019;Gelida;total;total;població;;7533
2019;Ger;total;homes;població;;222
2019;Ger;total;dones;població;;226
2019;Ger;total;total;població;;448
2019;Gimenells i el Pla de la Font;total;homes;població;;595
2019;Gimenells i el Pla de la Font;total;dones;població;;516
2019;Gimenells i el Pla de la Font;total;total;població;;1111
2019;Ginestar;total;homes;població;;403
2019;Ginestar;total;dones;població;;350
2019;Ginestar;total;total;població;;753
2019;Girona;total;homes;població;;48931
2019;Girona;total;dones;població;;52921
2019;Girona;total;total;població;;101852
2019;Gironella;total;homes;població;;2384
2019;Gironella;total;dones;població;;2442
2019;Gironella;total;total;població;;4826
2019;Gisclareny;total;homes;població;;15
2019;Gisclareny;total;dones;població;;10
2019;Gisclareny;total;total;població;;25
2019;Godall;total;homes;població;;289
2019;Godall;total;dones;població;;286
2019;Godall;total;total;població;;575
2019;Golmés;total;homes;població;;917
2019;Golmés;total;dones;població;;923
2019;Golmés;total;total;població;;1840
2019;Gombrèn;total;homes;població;;96
2019;Gombrèn;total;dones;població;;92
2019;Gombrèn;total;total;població;;188
2019;Gósol;total;homes;població;;118
2019;Gósol;total;dones;població;;88
2019;Gósol;total;total;població;;206
2019;Granada, la;total;homes;població;;1092
2019;Granada, la;total;dones;població;;1065
2019;Granada, la;total;total;població;;2157
2019;Granadella, la;total;homes;població;;387
2019;Granadella, la;total;dones;població;;325
2019;Granadella, la;total;total;població;;712
2019;Granera;total;homes;població;;53
2019;Granera;total;dones;població;;16
2019;Granera;total;total;població;;69
2019;Granja d'Escarp, la;total;homes;població;;514
2019;Granja d'Escarp, la;total;dones;població;;422
2019;Granja d'Escarp, la;total;total;població;;936
2019;Granollers;total;homes;població;;30199
2019;Granollers;total;dones;població;;31076
2019;Granollers;total;total;població;;61275
2019;Granyanella;total;homes;població;;82
2019;Granyanella;total;dones;població;;66
2019;Granyanella;total;total;població;;148
2019;Granyena de les Garrigues;total;homes;població;;78
2019;Granyena de les Garrigues;total;dones;població;;54
2019;Granyena de les Garrigues;total;total;població;;132
2019;Granyena de Segarra;total;homes;població;;76
2019;Granyena de Segarra;total;dones;població;;66
2019;Granyena de Segarra;total;total;població;;142
2019;Gratallops;total;homes;població;;125
2019;Gratallops;total;dones;població;;104
2019;Gratallops;total;total;població;;229
2019;Gualba;total;homes;població;;769
2019;Gualba;total;dones;població;;731
2019;Gualba;total;total;població;;1500
2019;Gualta;total;homes;població;;229
2019;Gualta;total;dones;població;;168
2019;Gualta;total;total;població;;397
2019;Guardiola de Berguedà;total;homes;població;;464
2019;Guardiola de Berguedà;total;dones;població;;444
2019;Guardiola de Berguedà;total;total;població;;908
2019;Guiamets, els;total;homes;població;;128
2019;Guiamets, els;total;dones;població;;142
2019;Guiamets, els;total;total;població;;270
2019;Guils de Cerdanya;total;homes;població;;288
2019;Guils de Cerdanya;total;dones;població;;249
2019;Guils de Cerdanya;total;total;població;;537
2019;Guimerà;total;homes;població;;140
2019;Guimerà;total;dones;població;;125
2019;Guimerà;total;total;població;;265
2019;Guingueta d'Àneu, la;total;homes;població;;159
2019;Guingueta d'Àneu, la;total;dones;població;;138
2019;Guingueta d'Àneu, la;total;total;població;;297
2019;Guissona;total;homes;població;;3810
2019;Guissona;total;dones;població;;3326
2019;Guissona;total;total;població;;7136
2019;Guixers;total;homes;població;;84
2019;Guixers;total;dones;població;;50
2019;Guixers;total;total;població;;134
2019;Gurb;total;homes;població;;1386
2019;Gurb;total;dones;població;;1295
2019;Gurb;total;total;població;;2681
2019;Horta de Sant Joan;total;homes;població;;602
2019;Horta de Sant Joan;total;dones;població;;547
2019;Horta de Sant Joan;total;total;població;;1149
2019;Hospitalet de Llobregat, l';total;homes;població;;127981
2019;Hospitalet de Llobregat, l';total;dones;població;;136942
2019;Hospitalet de Llobregat, l';total;total;població;;264923
2019;Hostalets de Pierola, els;total;homes;població;;1518
2019;Hostalets de Pierola, els;total;dones;població;;1455
2019;Hostalets de Pierola, els;total;total;població;;2973
2019;Hostalric;total;homes;població;;2130
2019;Hostalric;total;dones;població;;2091
2019;Hostalric;total;total;població;;4221
2019;Igualada;total;homes;població;;19636
2019;Igualada;total;dones;població;;20331
2019;Igualada;total;total;població;;39967
2019;Isona i Conca Dellà;total;homes;població;;548
2019;Isona i Conca Dellà;total;dones;població;;471
2019;Isona i Conca Dellà;total;total;població;;1019
2019;Isòvol;total;homes;població;;161
2019;Isòvol;total;dones;població;;120
2019;Isòvol;total;total;població;;281
2019;Ivars d'Urgell;total;homes;població;;801
2019;Ivars d'Urgell;total;dones;població;;730
2019;Ivars d'Urgell;total;total;població;;1531
2019;Ivars de Noguera;total;homes;població;;171
2019;Ivars de Noguera;total;dones;població;;163
2019;Ivars de Noguera;total;total;població;;334
2019;Ivorra;total;homes;població;;57
2019;Ivorra;total;dones;població;;47
2019;Ivorra;total;total;població;;104
2019;Jafre;total;homes;població;;206
2019;Jafre;total;dones;població;;174
2019;Jafre;total;total;població;;380
2019;Jonquera, la;total;homes;població;;1637
2019;Jonquera, la;total;dones;població;;1653
2019;Jonquera, la;total;total;població;;3290
2019;Jorba;total;homes;població;;424
2019;Jorba;total;dones;població;;411
2019;Jorba;total;total;població;;835
2019;Josa i Tuixén;total;homes;població;;58
2019;Josa i Tuixén;total;dones;població;;48
2019;Josa i Tuixén;total;total;població;;106
2019;Juià;total;homes;població;;174
2019;Juià;total;dones;població;;149
2019;Juià;total;total;població;;323
2019;Juncosa;total;homes;població;;204
2019;Juncosa;total;dones;població;;182
2019;Juncosa;total;total;població;;386
2019;Juneda;total;homes;població;;1854
2019;Juneda;total;dones;població;;1621
2019;Juneda;total;total;població;;3475
2019;Les;total;homes;població;;463
2019;Les;total;dones;població;;483
2019;Les;total;total;població;;946
2019;Linyola;total;homes;població;;1365
2019;Linyola;total;dones;població;;1335
2019;Linyola;total;total;població;;2700
2019;Llacuna, la;total;homes;població;;475
2019;Llacuna, la;total;dones;població;;395
2019;Llacuna, la;total;total;població;;870
2019;Lladó;total;homes;població;;398
2019;Lladó;total;dones;població;;420
2019;Lladó;total;total;població;;818
2019;Lladorre;total;homes;població;;116
2019;Lladorre;total;dones;població;;114
2019;Lladorre;total;total;població;;230
2019;Lladurs;total;homes;població;;91
2019;Lladurs;total;dones;població;;85
2019;Lladurs;total;total;població;;176
2019;Llagosta, la;total;homes;població;;6675
2019;Llagosta, la;total;dones;població;;6805
2019;Llagosta, la;total;total;població;;13480
2019;Llagostera;total;homes;població;;4303
2019;Llagostera;total;dones;població;;4150
2019;Llagostera;total;total;població;;8453
2019;Llambilles;total;homes;població;;359
2019;Llambilles;total;dones;població;;337
2019;Llambilles;total;total;població;;696
2019;Llanars;total;homes;població;;259
2019;Llanars;total;dones;població;;246
2019;Llanars;total;total;població;;505
2019;Llançà;total;homes;població;;2394
2019;Llançà;total;dones;població;;2442
2019;Llançà;total;total;població;;4836
2019;Llardecans;total;homes;població;;236
2019;Llardecans;total;dones;població;;215
2019;Llardecans;total;total;població;;451
2019;Llavorsí;total;homes;població;;180
2019;Llavorsí;total;dones;població;;172
2019;Llavorsí;total;total;població;;352
2019;Lleida;total;homes;població;;68657
2019;Lleida;total;dones;població;;70299
2019;Lleida;total;total;població;;138956
2019;Llers;total;homes;població;;617
2019;Llers;total;dones;població;;622
2019;Llers;total;total;població;;1239
2019;Lles de Cerdanya;total;homes;població;;148
2019;Lles de Cerdanya;total;dones;població;;105
2019;Lles de Cerdanya;total;total;població;;253
2019;Lliçà d'Amunt;total;homes;població;;7819
2019;Lliçà d'Amunt;total;dones;població;;7437
2019;Lliçà d'Amunt;total;total;població;;15256
2019;Lliçà de Vall;total;homes;població;;3335
2019;Lliçà de Vall;total;dones;població;;3207
2019;Lliçà de Vall;total;total;població;;6542
2019;Llimiana;total;homes;població;;88
2019;Llimiana;total;dones;població;;57
2019;Llimiana;total;total;població;;145
2019;Llinars del Vallès;total;homes;població;;4946
2019;Llinars del Vallès;total;dones;població;;4992
2019;Llinars del Vallès;total;total;població;;9938
2019;Llívia;total;homes;població;;748
2019;Llívia;total;dones;població;;669
2019;Llívia;total;total;població;;1417
2019;Lloar, el;total;homes;població;;58
2019;Lloar, el;total;dones;població;;49
2019;Lloar, el;total;total;població;;107
2019;Llobera;total;homes;població;;104
2019;Llobera;total;dones;població;;84
2019;Llobera;total;total;població;;188
2019;Llorac;total;homes;població;;52
2019;Llorac;total;dones;població;;48
2019;Llorac;total;total;població;;100
2019;Llorenç del Penedès;total;homes;població;;1172
2019;Llorenç del Penedès;total;dones;població;;1221
2019;Llorenç del Penedès;total;total;població;;2393
2019;Lloret de Mar;total;homes;població;;19528
2019;Lloret de Mar;total;dones;població;;18845
2019;Lloret de Mar;total;total;població;;38373
2019;Llosses, les;total;homes;població;;121
2019;Llosses, les;total;dones;població;;97
2019;Llosses, les;total;total;població;;218
2019;Lluçà;total;homes;població;;134
2019;Lluçà;total;dones;població;;139
2019;Lluçà;total;total;població;;273
2019;Maçanet de Cabrenys;total;homes;població;;340
2019;Maçanet de Cabrenys;total;dones;població;;348
2019;Maçanet de Cabrenys;total;total;població;;688
2019;Maçanet de la Selva;total;homes;població;;3598
2019;Maçanet de la Selva;total;dones;població;;3408
2019;Maçanet de la Selva;total;total;població;;7006
2019;Madremanya;total;homes;població;;138
2019;Madremanya;total;dones;població;;145
2019;Madremanya;total;total;població;;283
2019;Maià de Montcal;total;homes;població;;251
2019;Maià de Montcal;total;dones;població;;198
2019;Maià de Montcal;total;total;població;;449
2019;Maials;total;homes;població;;517
2019;Maials;total;dones;població;;403
2019;Maials;total;total;població;;920
2019;Maldà;total;homes;població;;109
2019;Maldà;total;dones;població;;111
2019;Maldà;total;total;població;;220
2019;Malgrat de Mar;total;homes;població;;9280
2019;Malgrat de Mar;total;dones;població;;9299
2019;Malgrat de Mar;total;total;població;;18579
2019;Malla;total;homes;població;;139
2019;Malla;total;dones;població;;134
2019;Malla;total;total;població;;273
2019;Manlleu;total;homes;població;;10314
2019;Manlleu;total;dones;població;;10259
2019;Manlleu;total;total;població;;20573
2019;Manresa;total;homes;població;;38066
2019;Manresa;total;dones;població;;39648
2019;Manresa;total;total;població;;77714
2019;Marçà;total;homes;població;;314
2019;Marçà;total;dones;població;;280
2019;Marçà;total;total;població;;594
2019;Margalef;total;homes;població;;59
2019;Margalef;total;dones;població;;38
2019;Margalef;total;total;població;;97
2019;Marganell;total;homes;població;;131
2019;Marganell;total;dones;població;;135
2019;Marganell;total;total;població;;266
2019;Martorell;total;homes;població;;14329
2019;Martorell;total;dones;població;;13860
2019;Martorell;total;total;població;;28189
2019;Martorelles;total;homes;població;;2422
2019;Martorelles;total;dones;població;;2379
2019;Martorelles;total;total;població;;4801
2019;Mas de Barberans;total;homes;població;;288
2019;Mas de Barberans;total;dones;població;;290
2019;Mas de Barberans;total;total;població;;578
2019;Masarac i Vilarnadal;total;homes;població;;150
2019;Masarac i Vilarnadal;total;dones;població;;138
2019;Masarac i Vilarnadal;total;total;població;;288
2019;Masdenverge;total;homes;població;;546
2019;Masdenverge;total;dones;població;;524
2019;Masdenverge;total;total;població;;1070
2019;Masies de Roda, les;total;homes;població;;355
2019;Masies de Roda, les;total;dones;població;;345
2019;Masies de Roda, les;total;total;població;;700
2019;Masies de Voltregà, les;total;homes;població;;1551
2019;Masies de Voltregà, les;total;dones;població;;1590
2019;Masies de Voltregà, les;total;total;població;;3141
2019;Masllorenç;total;homes;població;;283
2019;Masllorenç;total;dones;població;;221
2019;Masllorenç;total;total;població;;504
2019;Masnou, el;total;homes;població;;11357
2019;Masnou, el;total;dones;població;;12158
2019;Masnou, el;total;total;població;;23515
2019;Masó, la;total;homes;població;;146
2019;Masó, la;total;dones;població;;130
2019;Masó, la;total;total;població;;276
2019;Maspujols;total;homes;població;;426
2019;Maspujols;total;dones;població;;401
2019;Maspujols;total;total;població;;827
2019;Masquefa;total;homes;població;;4641
2019;Masquefa;total;dones;població;;4570
2019;Masquefa;total;total;població;;9211
2019;Masroig, el;total;homes;població;;270
2019;Masroig, el;total;dones;població;;227
2019;Masroig, el;total;total;població;;497
2019;Massalcoreig;total;homes;població;;338
2019;Massalcoreig;total;dones;població;;260
2019;Massalcoreig;total;total;població;;598
2019;Massanes;total;homes;població;;405
2019;Massanes;total;dones;població;;356
2019;Massanes;total;total;població;;761
2019;Massoteres;total;homes;població;;119
2019;Massoteres;total;dones;població;;99
2019;Massoteres;total;total;població;;218
2019;Matadepera;total;homes;població;;4657
2019;Matadepera;total;dones;població;;4669
2019;Matadepera;total;total;població;;9326
2019;Mataró;total;homes;població;;63637
2019;Mataró;total;dones;població;;64628
2019;Mataró;total;total;població;;128265
2019;Mediona;total;homes;població;;1159
2019;Mediona;total;dones;població;;1163
2019;Mediona;total;total;població;;2322
2019;Menàrguens;total;homes;població;;440
2019;Menàrguens;total;dones;població;;366
2019;Menàrguens;total;total;població;;806
2019;Meranges;total;homes;població;;58
2019;Meranges;total;dones;població;;46
2019;Meranges;total;total;població;;104
2019;Mieres;total;homes;població;;160
2019;Mieres;total;dones;població;;158
2019;Mieres;total;total;població;;318
2019;Milà, el;total;homes;població;;85
2019;Milà, el;total;dones;població;;93
2019;Milà, el;total;total;població;;178
2019;Miralcamp;total;homes;població;;677
2019;Miralcamp;total;dones;població;;674
2019;Miralcamp;total;total;població;;1351
2019;Miravet;total;homes;població;;369
2019;Miravet;total;dones;població;;322
2019;Miravet;total;total;població;;691
2019;Moià;total;homes;població;;3190
2019;Moià;total;dones;població;;3077
2019;Moià;total;total;població;;6267
2019;Molar, el;total;homes;població;;158
2019;Molar, el;total;dones;població;;139
2019;Molar, el;total;total;població;;297
2019;Molins de Rei;total;homes;població;;12612
2019;Molins de Rei;total;dones;població;;13256
2019;Molins de Rei;total;total;població;;25868
2019;Mollerussa;total;homes;població;;7543
2019;Mollerussa;total;dones;població;;7140
2019;Mollerussa;total;total;població;;14683
2019;Mollet de Peralada;total;homes;població;;96
2019;Mollet de Peralada;total;dones;població;;93
2019;Mollet de Peralada;total;total;població;;189
2019;Mollet del Vallès;total;homes;població;;25222
2019;Mollet del Vallès;total;dones;població;;26096
2019;Mollet del Vallès;total;total;població;;51318
2019;Molló;total;homes;població;;162
2019;Molló;total;dones;població;;175
2019;Molló;total;total;població;;337
2019;Molsosa, la;total;homes;població;;53
2019;Molsosa, la;total;dones;població;;54
2019;Molsosa, la;total;total;població;;107
2019;Monistrol de Calders;total;homes;població;;357
2019;Monistrol de Calders;total;dones;població;;325
2019;Monistrol de Calders;total;total;població;;682
2019;Monistrol de Montserrat;total;homes;població;;1551
2019;Monistrol de Montserrat;total;dones;població;;1483
2019;Monistrol de Montserrat;total;total;població;;3034
2019;Montagut i Oix;total;homes;població;;475
2019;Montagut i Oix;total;dones;població;;441
2019;Montagut i Oix;total;total;població;;916
2019;Montblanc;total;homes;població;;3737
2019;Montblanc;total;dones;població;;3627
2019;Montblanc;total;total;població;;7364
2019;Montbrió del Camp;total;homes;població;;1485
2019;Montbrió del Camp;total;dones;població;;1405
2019;Montbrió del Camp;total;total;població;;2890
2019;Montcada i Reixac;total;homes;població;;17901
2019;Montcada i Reixac;total;dones;població;;18338
2019;Montcada i Reixac;total;total;població;;36239
2019;Montclar;total;homes;població;;71
2019;Montclar;total;dones;població;;65
2019;Montclar;total;total;població;;136
2019;Montellà i Martinet;total;homes;població;;324
2019;Montellà i Martinet;total;dones;població;;255
2019;Montellà i Martinet;total;total;població;;579
2019;Montesquiu;total;homes;població;;501
2019;Montesquiu;total;dones;població;;497
2019;Montesquiu;total;total;població;;998
2019;Montferrer i Castellbò;total;homes;població;;566
2019;Montferrer i Castellbò;total;dones;població;;475
2019;Montferrer i Castellbò;total;total;població;;1041
2019;Montferri;total;homes;població;;202
2019;Montferri;total;dones;població;;185
2019;Montferri;total;total;població;;387
2019;Montgai;total;homes;població;;329
2019;Montgai;total;dones;població;;296
2019;Montgai;total;total;població;;625
2019;Montgat;total;homes;població;;5938
2019;Montgat;total;dones;població;;6103
2019;Montgat;total;total;població;;12041
2019;Montmajor;total;homes;població;;231
2019;Montmajor;total;dones;població;;233
2019;Montmajor;total;total;població;;464
2019;Montmaneu;total;homes;població;;83
2019;Montmaneu;total;dones;població;;67
2019;Montmaneu;total;total;població;;150
2019;Montmell, el;total;homes;població;;808
2019;Montmell, el;total;dones;població;;704
2019;Montmell, el;total;total;població;;1512
2019;Montmeló;total;homes;població;;4275
2019;Montmeló;total;dones;població;;4480
2019;Montmeló;total;total;població;;8755
2019;Montoliu de Lleida;total;homes;població;;251
2019;Montoliu de Lleida;total;dones;població;;238
2019;Montoliu de Lleida;total;total;població;;489
2019;Montoliu de Segarra;total;homes;població;;100
2019;Montoliu de Segarra;total;dones;població;;79
2019;Montoliu de Segarra;total;total;població;;179
2019;Montornès de Segarra;total;homes;població;;47
2019;Montornès de Segarra;total;dones;població;;53
2019;Montornès de Segarra;total;total;població;;100
2019;Montornès del Vallès;total;homes;població;;8251
2019;Montornès del Vallès;total;dones;població;;8142
2019;Montornès del Vallès;total;total;població;;16393
2019;Mont-ral;total;homes;població;;94
2019;Mont-ral;total;dones;població;;68
2019;Mont-ral;total;total;població;;162
2019;Mont-ras;total;homes;població;;846
2019;Mont-ras;total;dones;població;;833
2019;Mont-ras;total;total;població;;1679
2019;Mont-roig del Camp;total;homes;població;;6260
2019;Mont-roig del Camp;total;dones;població;;5876
2019;Mont-roig del Camp;total;total;població;;12136
2019;Montseny;total;homes;població;;179
2019;Montseny;total;dones;població;;163
2019;Montseny;total;total;població;;342
2019;Móra d'Ebre;total;homes;població;;2845
2019;Móra d'Ebre;total;dones;població;;2845
2019;Móra d'Ebre;total;total;població;;5690
2019;Móra la Nova;total;homes;població;;1541
2019;Móra la Nova;total;dones;població;;1546
2019;Móra la Nova;total;total;població;;3087
2019;Morell, el;total;homes;població;;1881
2019;Morell, el;total;dones;població;;1823
2019;Morell, el;total;total;població;;3704
2019;Morera de Montsant, la;total;homes;població;;85
2019;Morera de Montsant, la;total;dones;població;;67
2019;Morera de Montsant, la;total;total;població;;152
2019;Muntanyola;total;homes;població;;321
2019;Muntanyola;total;dones;població;;313
2019;Muntanyola;total;total;població;;634
2019;Mura;total;homes;població;;122
2019;Mura;total;dones;població;;102
2019;Mura;total;total;població;;224
2019;Nalec;total;homes;població;;45
2019;Nalec;total;dones;població;;42
2019;Nalec;total;total;població;;87
2019;Naut Aran;total;homes;població;;935
2019;Naut Aran;total;dones;població;;868
2019;Naut Aran;total;total;població;;1803
2019;Navarcles;total;homes;població;;2914
2019;Navarcles;total;dones;població;;3063
2019;Navarcles;total;total;població;;5977
2019;Navàs;total;homes;població;;2998
2019;Navàs;total;dones;població;;3022
2019;Navàs;total;total;població;;6020
2019;Navata;total;homes;població;;671
2019;Navata;total;dones;població;;710
2019;Navata;total;total;població;;1381
2019;Navès;total;homes;població;;147
2019;Navès;total;dones;població;;133
2019;Navès;total;total;població;;280
2019;Nou de Berguedà, la;total;homes;població;;83
2019;Nou de Berguedà, la;total;dones;població;;78
2019;Nou de Berguedà, la;total;total;població;;161
2019;Nou de Gaià, la;total;homes;població;;300
2019;Nou de Gaià, la;total;dones;població;;303
2019;Nou de Gaià, la;total;total;població;;603
2019;Nulles;total;homes;població;;267
2019;Nulles;total;dones;població;;225
2019;Nulles;total;total;població;;492
2019;Odèn;total;homes;població;;149
2019;Odèn;total;dones;població;;100
2019;Odèn;total;total;població;;249
2019;Òdena;total;homes;població;;1848
2019;Òdena;total;dones;població;;1795
2019;Òdena;total;total;població;;3643
2019;Ogassa;total;homes;població;;130
2019;Ogassa;total;dones;població;;104
2019;Ogassa;total;total;població;;234
2019;Olèrdola;total;homes;població;;1900
2019;Olèrdola;total;dones;població;;1792
2019;Olèrdola;total;total;població;;3692
2019;Olesa de Bonesvalls;total;homes;població;;949
2019;Olesa de Bonesvalls;total;dones;població;;861
2019;Olesa de Bonesvalls;total;total;població;;1810
2019;Olesa de Montserrat;total;homes;població;;11913
2019;Olesa de Montserrat;total;dones;població;;11991
2019;Olesa de Montserrat;total;total;població;;23904
2019;Oliana;total;homes;població;;906
2019;Oliana;total;dones;població;;904
2019;Oliana;total;total;població;;1810
2019;Oliola;total;homes;població;;106
2019;Oliola;total;dones;població;;91
2019;Oliola;total;total;població;;197
2019;Olius;total;homes;població;;527
2019;Olius;total;dones;població;;459
2019;Olius;total;total;població;;986
2019;Olivella;total;homes;població;;1985
2019;Olivella;total;dones;població;;1814
2019;Olivella;total;total;població;;3799
2019;Olost;total;homes;població;;588
2019;Olost;total;dones;població;;610
2019;Olost;total;total;població;;1198
2019;Olot;total;homes;població;;17569
2019;Olot;total;dones;població;;17659
2019;Olot;total;total;població;;35228
2019;Oluges, les;total;homes;població;;88
2019;Oluges, les;total;dones;població;;79
2019;Oluges, les;total;total;població;;167
2019;Olvan;total;homes;població;;416
2019;Olvan;total;dones;població;;438
2019;Olvan;total;total;població;;854
2019;Omellons, els;total;homes;població;;111
2019;Omellons, els;total;dones;població;;100
2019;Omellons, els;total;total;població;;211
2019;Omells de na Gaia, els;total;homes;població;;72
2019;Omells de na Gaia, els;total;dones;població;;59
2019;Omells de na Gaia, els;total;total;població;;131
2019;Ordis;total;homes;població;;199
2019;Ordis;total;dones;població;;172
2019;Ordis;total;total;població;;371
2019;Organyà;total;homes;població;;388
2019;Organyà;total;dones;població;;396
2019;Organyà;total;total;població;;784
2019;Orís;total;homes;població;;159
2019;Orís;total;dones;població;;156
2019;Orís;total;total;població;;315
2019;Oristà;total;homes;població;;274
2019;Oristà;total;dones;població;;267
2019;Oristà;total;total;població;;541
2019;Orpí;total;homes;població;;80
2019;Orpí;total;dones;població;;67
2019;Orpí;total;total;població;;147
2019;Òrrius;total;homes;població;;381
2019;Òrrius;total;dones;població;;358
2019;Òrrius;total;total;població;;739
2019;Os de Balaguer;total;homes;població;;507
2019;Os de Balaguer;total;dones;població;;487
2019;Os de Balaguer;total;total;població;;994
2019;Osor;total;homes;població;;227
2019;Osor;total;dones;població;;201
2019;Osor;total;total;població;;428
2019;Ossó de Sió;total;homes;població;;98
2019;Ossó de Sió;total;dones;població;;106
2019;Ossó de Sió;total;total;població;;204
2019;Pacs del Penedès;total;homes;població;;469
2019;Pacs del Penedès;total;dones;població;;453
2019;Pacs del Penedès;total;total;població;;922
2019;Palafolls;total;homes;població;;4690
2019;Palafolls;total;dones;població;;4715
2019;Palafolls;total;total;població;;9405
2019;Palafrugell;total;homes;població;;11377
2019;Palafrugell;total;dones;població;;11597
2019;Palafrugell;total;total;població;;22974
2019;Palamós;total;homes;població;;8766
2019;Palamós;total;dones;població;;9144
2019;Palamós;total;total;població;;17910
2019;Palau d'Anglesola, el;total;homes;població;;1061
2019;Palau d'Anglesola, el;total;dones;població;;1105
2019;Palau d'Anglesola, el;total;total;població;;2166
2019;Palau de Santa Eulàlia;total;homes;població;;52
2019;Palau de Santa Eulàlia;total;dones;població;;39
2019;Palau de Santa Eulàlia;total;total;població;;91
2019;Palau-sator;total;homes;població;;166
2019;Palau-sator;total;dones;població;;144
2019;Palau-sator;total;total;població;;310
2019;Palau-saverdera;total;homes;població;;741
2019;Palau-saverdera;total;dones;població;;735
2019;Palau-saverdera;total;total;població;;1476
2019;Palau-solità i Plegamans;total;homes;població;;7246
2019;Palau-solità i Plegamans;total;dones;població;;7525
2019;Palau-solità i Plegamans;total;total;població;;14771
2019;Pallaresos, els;total;homes;població;;2404
2019;Pallaresos, els;total;dones;població;;2373
2019;Pallaresos, els;total;total;població;;4777
2019;Pallejà;total;homes;població;;5728
2019;Pallejà;total;dones;població;;5780
2019;Pallejà;total;total;població;;11508
2019;Palma d'Ebre, la;total;homes;població;;166
2019;Palma d'Ebre, la;total;dones;població;;174
2019;Palma d'Ebre, la;total;total;població;;340
2019;Palma de Cervelló, la;total;homes;població;;1460
2019;Palma de Cervelló, la;total;dones;població;;1494
2019;Palma de Cervelló, la;total;total;població;;2954
2019;Palol de Revardit;total;homes;població;;228
2019;Palol de Revardit;total;dones;població;;227
2019;Palol de Revardit;total;total;població;;455
2019;Pals;total;homes;població;;1222
2019;Pals;total;dones;població;;1189
2019;Pals;total;total;població;;2411
2019;Papiol, el;total;homes;població;;2052
2019;Papiol, el;total;dones;població;;2093
2019;Papiol, el;total;total;població;;4145
2019;Pardines;total;homes;població;;89
2019;Pardines;total;dones;població;;73
2019;Pardines;total;total;població;;162
2019;Parets del Vallès;total;homes;població;;9541
2019;Parets del Vallès;total;dones;població;;9541
2019;Parets del Vallès;total;total;població;;19082
2019;Parlavà;total;homes;població;;199
2019;Parlavà;total;dones;població;;195
2019;Parlavà;total;total;població;;394
2019;Passanant i Belltall;total;homes;població;;95
2019;Passanant i Belltall;total;dones;població;;68
2019;Passanant i Belltall;total;total;població;;163
2019;Pau;total;homes;població;;285
2019;Pau;total;dones;població;;275
2019;Pau;total;total;població;;560
2019;Paüls;total;homes;població;;277
2019;Paüls;total;dones;població;;279
2019;Paüls;total;total;població;;556
2019;Pedret i Marzà;total;homes;població;;101
2019;Pedret i Marzà;total;dones;població;;97
2019;Pedret i Marzà;total;total;població;;198
2019;Penelles;total;homes;població;;262
2019;Penelles;total;dones;població;;190
2019;Penelles;total;total;població;;452
2019;Pera, la;total;homes;població;;221
2019;Pera, la;total;dones;població;;225
2019;Pera, la;total;total;població;;446
2019;Perafita;total;homes;població;;202
2019;Perafita;total;dones;població;;193
2019;Perafita;total;total;població;;395
2019;Perafort;total;homes;població;;654
2019;Perafort;total;dones;població;;607
2019;Perafort;total;total;població;;1261
2019;Peralada;total;homes;població;;906
2019;Peralada;total;dones;població;;944
2019;Peralada;total;total;població;;1850
2019;Peramola;total;homes;població;;177
2019;Peramola;total;dones;població;;170
2019;Peramola;total;total;població;;347
2019;Perelló, el;total;homes;població;;1421
2019;Perelló, el;total;dones;població;;1349
2019;Perelló, el;total;total;població;;2770
2019;Piera;total;homes;població;;7976
2019;Piera;total;dones;població;;7627
2019;Piera;total;total;població;;15603
2019;Piles, les;total;homes;població;;120
2019;Piles, les;total;dones;població;;92
2019;Piles, les;total;total;població;;212
2019;Pineda de Mar;total;homes;població;;13588
2019;Pineda de Mar;total;dones;població;;13684
2019;Pineda de Mar;total;total;població;;27272
2019;Pinell de Brai, el;total;homes;població;;516
2019;Pinell de Brai, el;total;dones;població;;501
2019;Pinell de Brai, el;total;total;població;;1017
2019;Pinell de Solsonès;total;homes;població;;118
2019;Pinell de Solsonès;total;dones;població;;82
2019;Pinell de Solsonès;total;total;població;;200
2019;Pinós;total;homes;població;;151
2019;Pinós;total;dones;població;;136
2019;Pinós;total;total;població;;287
2019;Pira;total;homes;població;;261
2019;Pira;total;dones;població;;232
2019;Pira;total;total;població;;493
2019;Pla de Santa Maria, el;total;homes;població;;1215
2019;Pla de Santa Maria, el;total;dones;població;;1112
2019;Pla de Santa Maria, el;total;total;població;;2327
2019;Pla del Penedès, el;total;homes;població;;636
2019;Pla del Penedès, el;total;dones;població;;620
2019;Pla del Penedès, el;total;total;població;;1256
2019;Planes d'Hostoles, les;total;homes;població;;851
2019;Planes d'Hostoles, les;total;dones;població;;832
2019;Planes d'Hostoles, les;total;total;població;;1683
2019;Planoles;total;homes;població;;157
2019;Planoles;total;dones;població;;131
2019;Planoles;total;total;població;;288
2019;Plans de Sió, els;total;homes;població;;272
2019;Plans de Sió, els;total;dones;població;;234
2019;Plans de Sió, els;total;total;població;;506
2019;Poal, el;total;homes;població;;340
2019;Poal, el;total;dones;població;;308
2019;Poal, el;total;total;població;;648
2019;Pobla de Cérvoles, la;total;homes;població;;107
2019;Pobla de Cérvoles, la;total;dones;població;;84
2019;Pobla de Cérvoles, la;total;total;població;;191
2019;Pobla de Claramunt, la;total;homes;població;;1104
2019;Pobla de Claramunt, la;total;dones;població;;1089
2019;Pobla de Claramunt, la;total;total;població;;2193
2019;Pobla de Lillet, la;total;homes;població;;528
2019;Pobla de Lillet, la;total;dones;població;;567
2019;Pobla de Lillet, la;total;total;població;;1095
2019;Pobla de Mafumet, la;total;homes;població;;1982
2019;Pobla de Mafumet, la;total;dones;població;;1922
2019;Pobla de Mafumet, la;total;total;població;;3904
2019;Pobla de Massaluca, la;total;homes;població;;181
2019;Pobla de Massaluca, la;total;dones;població;;137
2019;Pobla de Massaluca, la;total;total;població;;318
2019;Pobla de Montornès, la;total;homes;població;;1486
2019;Pobla de Montornès, la;total;dones;població;;1353
2019;Pobla de Montornès, la;total;total;població;;2839
2019;Pobla de Segur, la;total;homes;població;;1469
2019;Pobla de Segur, la;total;dones;població;;1515
2019;Pobla de Segur, la;total;total;població;;2984
2019;Poboleda;total;homes;població;;166
2019;Poboleda;total;dones;població;;147
2019;Poboleda;total;total;població;;313
2019;Polinyà;total;homes;població;;4295
2019;Polinyà;total;dones;població;;4184
2019;Polinyà;total;total;població;;8479
2019;Pont d'Armentera, el;total;homes;població;;258
2019;Pont d'Armentera, el;total;dones;població;;247
2019;Pont d'Armentera, el;total;total;població;;505
2019;Pont de Bar, el;total;homes;població;;87
2019;Pont de Bar, el;total;dones;població;;70
2019;Pont de Bar, el;total;total;població;;157
2019;Pont de Molins;total;homes;població;;267
2019;Pont de Molins;total;dones;població;;262
2019;Pont de Molins;total;total;població;;529
2019;Pont de Suert, el;total;homes;població;;1107
2019;Pont de Suert, el;total;dones;població;;1113
2019;Pont de Suert, el;total;total;població;;2220
2019;Pont de Vilomara i Rocafort, el;total;homes;població;;1969
2019;Pont de Vilomara i Rocafort, el;total;dones;població;;1861
2019;Pont de Vilomara i Rocafort, el;total;total;població;;3830
2019;Pontils;total;homes;població;;66
2019;Pontils;total;dones;població;;51
2019;Pontils;total;total;població;;117
2019;Pontons;total;homes;població;;289
2019;Pontons;total;dones;població;;243
2019;Pontons;total;total;població;;532
2019;Pontós;total;homes;població;;141
2019;Pontós;total;dones;població;;125
2019;Pontós;total;total;població;;266
2019;Ponts;total;homes;població;;1305
2019;Ponts;total;dones;població;;1296
2019;Ponts;total;total;població;;2601
2019;Porqueres;total;homes;població;;2288
2019;Porqueres;total;dones;població;;2333
2019;Porqueres;total;total;població;;4621
2019;Porrera;total;homes;població;;229
2019;Porrera;total;dones;població;;210
2019;Porrera;total;total;població;;439
2019;Port de la Selva, el;total;homes;població;;501
2019;Port de la Selva, el;total;dones;població;;469
2019;Port de la Selva, el;total;total;població;;970
2019;Portbou;total;homes;població;;528
2019;Portbou;total;dones;població;;547
2019;Portbou;total;total;població;;1075
2019;Portella, la;total;homes;població;;412
2019;Portella, la;total;dones;població;;316
2019;Portella, la;total;total;població;;728
2019;Pradell de la Teixeta;total;homes;població;;70
2019;Pradell de la Teixeta;total;dones;població;;82
2019;Pradell de la Teixeta;total;total;població;;152
2019;Prades;total;homes;població;;309
2019;Prades;total;dones;població;;280
2019;Prades;total;total;població;;589
2019;Prat de Comte;total;homes;població;;98
2019;Prat de Comte;total;dones;població;;85
2019;Prat de Comte;total;total;població;;183
2019;Prat de Llobregat, el;total;homes;població;;31621
2019;Prat de Llobregat, el;total;dones;població;;32978
2019;Prat de Llobregat, el;total;total;població;;64599
2019;Pratdip;total;homes;població;;395
2019;Pratdip;total;dones;població;;343
2019;Pratdip;total;total;població;;738
2019;Prats de Lluçanès;total;homes;població;;1280
2019;Prats de Lluçanès;total;dones;població;;1289
2019;Prats de Lluçanès;total;total;població;;2569
2019;Prats de Rei, els;total;homes;població;;283
2019;Prats de Rei, els;total;dones;població;;249
2019;Prats de Rei, els;total;total;població;;532
2019;Prats i Sansor;total;homes;població;;114
2019;Prats i Sansor;total;dones;població;;105
2019;Prats i Sansor;total;total;població;;219
2019;Preixana;total;homes;població;;199
2019;Preixana;total;dones;població;;186
2019;Preixana;total;total;població;;385
2019;Preixens;total;homes;població;;218
2019;Preixens;total;dones;població;;214
2019;Preixens;total;total;població;;432
2019;Premià de Dalt;total;homes;població;;5207
2019;Premià de Dalt;total;dones;població;;5241
2019;Premià de Dalt;total;total;població;;10448
2019;Premià de Mar;total;homes;població;;13704
2019;Premià de Mar;total;dones;població;;14415
2019;Premià de Mar;total;total;població;;28119
2019;Preses, les;total;homes;població;;890
2019;Preses, les;total;dones;població;;898
2019;Preses, les;total;total;població;;1788
2019;Prullans;total;homes;població;;109
2019;Prullans;total;dones;població;;122
2019;Prullans;total;total;població;;231
2019;Puigcerdà;total;homes;població;;4585
2019;Puigcerdà;total;dones;població;;4673
2019;Puigcerdà;total;total;població;;9258
2019;Puigdàlber;total;homes;població;;256
2019;Puigdàlber;total;dones;població;;270
2019;Puigdàlber;total;total;població;;526
2019;Puiggròs;total;homes;població;;138
2019;Puiggròs;total;dones;població;;138
2019;Puiggròs;total;total;població;;276
2019;Puigpelat;total;homes;població;;590
2019;Puigpelat;total;dones;població;;559
2019;Puigpelat;total;total;població;;1149
2019;Puig-reig;total;homes;població;;2086
2019;Puig-reig;total;dones;població;;2092
2019;Puig-reig;total;total;població;;4178
2019;Puigverd d'Agramunt;total;homes;població;;146
2019;Puigverd d'Agramunt;total;dones;població;;109
2019;Puigverd d'Agramunt;total;total;població;;255
2019;Puigverd de Lleida;total;homes;població;;701
2019;Puigverd de Lleida;total;dones;població;;654
2019;Puigverd de Lleida;total;total;població;;1355
2019;Pujalt;total;homes;població;;119
2019;Pujalt;total;dones;població;;91
2019;Pujalt;total;total;població;;210
2019;Quar, la;total;homes;població;;29
2019;Quar, la;total;dones;població;;24
2019;Quar, la;total;total;població;;53
2019;Quart;total;homes;població;;1855
2019;Quart;total;dones;població;;1869
2019;Quart;total;total;població;;3724
2019;Queralbs;total;homes;població;;104
2019;Queralbs;total;dones;població;;87
2019;Queralbs;total;total;població;;191
2019;Querol;total;homes;població;;285
2019;Querol;total;dones;població;;222
2019;Querol;total;total;població;;507
2019;Rabós;total;homes;població;;89
2019;Rabós;total;dones;població;;89
2019;Rabós;total;total;població;;178
2019;Rajadell;total;homes;població;;275
2019;Rajadell;total;dones;població;;273
2019;Rajadell;total;total;població;;548
2019;Ràpita, la;total;homes;població;;7238
2019;Ràpita, la;total;dones;població;;7551
2019;Ràpita, la;total;total;població;;14789
2019;Rasquera;total;homes;població;;384
2019;Rasquera;total;dones;població;;397
2019;Rasquera;total;total;població;;781
2019;Regencós;total;homes;població;;141
2019;Regencós;total;dones;població;;128
2019;Regencós;total;total;població;;269
2019;Rellinars;total;homes;població;;403
2019;Rellinars;total;dones;població;;377
2019;Rellinars;total;total;població;;780
2019;Renau;total;homes;població;;82
2019;Renau;total;dones;població;;75
2019;Renau;total;total;població;;157
2019;Reus;total;homes;població;;50415
2019;Reus;total;dones;població;;53958
2019;Reus;total;total;població;;104373
2019;Rialp;total;homes;població;;330
2019;Rialp;total;dones;població;;331
2019;Rialp;total;total;població;;661
2019;Riba, la;total;homes;població;;321
2019;Riba, la;total;dones;població;;264
2019;Riba, la;total;total;població;;585
2019;Riba-roja d'Ebre;total;homes;població;;593
2019;Riba-roja d'Ebre;total;dones;població;;533
2019;Riba-roja d'Ebre;total;total;població;;1126
2019;Ribera d'Ondara;total;homes;població;;213
2019;Ribera d'Ondara;total;dones;població;;213
2019;Ribera d'Ondara;total;total;població;;426
2019;Ribera d'Urgellet;total;homes;població;;488
2019;Ribera d'Urgellet;total;dones;població;;447
2019;Ribera d'Urgellet;total;total;població;;935
2019;Ribes de Freser;total;homes;població;;882
2019;Ribes de Freser;total;dones;població;;872
2019;Ribes de Freser;total;total;població;;1754
2019;Riells i Viabrea;total;homes;població;;2113
2019;Riells i Viabrea;total;dones;població;;2011
2019;Riells i Viabrea;total;total;població;;4124
2019;Riera de Gaià, la;total;homes;població;;867
2019;Riera de Gaià, la;total;dones;població;;877
2019;Riera de Gaià, la;total;total;població;;1744
2019;Riner;total;homes;població;;132
2019;Riner;total;dones;població;;131
2019;Riner;total;total;població;;263
2019;Ripoll;total;homes;població;;5273
2019;Ripoll;total;dones;població;;5413
2019;Ripoll;total;total;població;;10686
2019;Ripollet;total;homes;població;;19080
2019;Ripollet;total;dones;població;;19585
2019;Ripollet;total;total;població;;38665
2019;Riu de Cerdanya;total;homes;població;;55
2019;Riu de Cerdanya;total;dones;població;;38
2019;Riu de Cerdanya;total;total;població;;93
2019;Riudarenes;total;homes;població;;1125
2019;Riudarenes;total;dones;població;;1057
2019;Riudarenes;total;total;població;;2182
2019;Riudaura;total;homes;població;;232
2019;Riudaura;total;dones;població;;246
2019;Riudaura;total;total;població;;478
2019;Riudecanyes;total;homes;població;;590
2019;Riudecanyes;total;dones;població;;534
2019;Riudecanyes;total;total;població;;1124
2019;Riudecols;total;homes;població;;611
2019;Riudecols;total;dones;població;;569
2019;Riudecols;total;total;població;;1180
2019;Riudellots de la Selva;total;homes;població;;1053
2019;Riudellots de la Selva;total;dones;població;;1023
2019;Riudellots de la Selva;total;total;població;;2076
2019;Riudoms;total;homes;població;;3380
2019;Riudoms;total;dones;població;;3214
2019;Riudoms;total;total;població;;6594
2019;Riumors;total;homes;població;;126
2019;Riumors;total;dones;població;;132
2019;Riumors;total;total;població;;258
2019;Roca del Vallès, la;total;homes;població;;5319
2019;Roca del Vallès, la;total;dones;població;;5331
2019;Roca del Vallès, la;total;total;població;;10650
2019;Rocafort de Queralt;total;homes;població;;122
2019;Rocafort de Queralt;total;dones;població;;103
2019;Rocafort de Queralt;total;total;població;;225
2019;Roda de Berà;total;homes;població;;3341
2019;Roda de Berà;total;dones;població;;3226
2019;Roda de Berà;total;total;població;;6567
2019;Roda de Ter;total;homes;població;;3118
2019;Roda de Ter;total;dones;població;;3183
2019;Roda de Ter;total;total;població;;6301
2019;Rodonyà;total;homes;població;;262
2019;Rodonyà;total;dones;població;;228
2019;Rodonyà;total;total;població;;490
2019;Roquetes;total;homes;població;;4126
2019;Roquetes;total;dones;població;;3847
2019;Roquetes;total;total;població;;7973
2019;Roses;total;homes;població;;9862
2019;Roses;total;dones;població;;9688
2019;Roses;total;total;població;;19550
2019;Rosselló;total;homes;població;;1602
2019;Rosselló;total;dones;població;;1543
2019;Rosselló;total;total;població;;3145
2019;Rourell, el;total;homes;població;;191
2019;Rourell, el;total;dones;població;;175
2019;Rourell, el;total;total;població;;366
2019;Rubí;total;homes;població;;38358
2019;Rubí;total;dones;població;;39106
2019;Rubí;total;total;població;;77464
2019;Rubió;total;homes;població;;133
2019;Rubió;total;dones;població;;106
2019;Rubió;total;total;població;;239
2019;Rupià;total;homes;població;;138
2019;Rupià;total;dones;població;;134
2019;Rupià;total;total;població;;272
2019;Rupit i Pruit;total;homes;població;;139
2019;Rupit i Pruit;total;dones;població;;140
2019;Rupit i Pruit;total;total;població;;279
2019;Sabadell;total;homes;població;;103847
2019;Sabadell;total;dones;població;;109797
2019;Sabadell;total;total;població;;213644
2019;Sagàs;total;homes;població;;80
2019;Sagàs;total;dones;població;;68
2019;Sagàs;total;total;població;;148
2019;Salàs de Pallars;total;homes;població;;174
2019;Salàs de Pallars;total;dones;població;;146
2019;Salàs de Pallars;total;total;població;;320
2019;Saldes;total;homes;població;;159
2019;Saldes;total;dones;població;;115
2019;Saldes;total;total;població;;274
2019;Sales de Llierca;total;homes;població;;77
2019;Sales de Llierca;total;dones;població;;77
2019;Sales de Llierca;total;total;població;;154
2019;Sallent;total;homes;població;;3211
2019;Sallent;total;dones;població;;3447
2019;Sallent;total;total;població;;6658
2019;Salomó;total;homes;població;;295
2019;Salomó;total;dones;població;;262
2019;Salomó;total;total;població;;557
2019;Salou;total;homes;població;;14141
2019;Salou;total;dones;població;;13335
2019;Salou;total;total;població;;27476
2019;Salt;total;homes;població;;16454
2019;Salt;total;dones;població;;14908
2019;Salt;total;total;població;;31362
2019;Sanaüja;total;homes;població;;202
2019;Sanaüja;total;dones;població;;178
2019;Sanaüja;total;total;població;;380
2019;Sant Adrià de Besòs;total;homes;població;;18251
2019;Sant Adrià de Besòs;total;dones;població;;18846
2019;Sant Adrià de Besòs;total;total;població;;37097
2019;Sant Agustí de Lluçanès;total;homes;població;;42
2019;Sant Agustí de Lluçanès;total;dones;població;;43
2019;Sant Agustí de Lluçanès;total;total;població;;85
2019;Sant Andreu de la Barca;total;homes;població;;13679
2019;Sant Andreu de la Barca;total;dones;població;;13879
2019;Sant Andreu de la Barca;total;total;població;;27558
2019;Sant Andreu de Llavaneres;total;homes;població;;5424
2019;Sant Andreu de Llavaneres;total;dones;població;;5544
2019;Sant Andreu de Llavaneres;total;total;població;;10968
2019;Sant Andreu Salou;total;homes;població;;79
2019;Sant Andreu Salou;total;dones;població;;76
2019;Sant Andreu Salou;total;total;població;;155
2019;Sant Aniol de Finestres;total;homes;població;;177
2019;Sant Aniol de Finestres;total;dones;població;;164
2019;Sant Aniol de Finestres;total;total;població;;341
2019;Sant Antoni de Vilamajor;total;homes;població;;3031
2019;Sant Antoni de Vilamajor;total;dones;població;;3104
2019;Sant Antoni de Vilamajor;total;total;població;;6135
2019;Sant Bartomeu del Grau;total;homes;població;;460
2019;Sant Bartomeu del Grau;total;dones;població;;398
2019;Sant Bartomeu del Grau;total;total;població;;858
2019;Sant Boi de Llobregat;total;homes;població;;40877
2019;Sant Boi de Llobregat;total;dones;població;;42728
2019;Sant Boi de Llobregat;total;total;població;;83605
2019;Sant Boi de Lluçanès;total;homes;població;;269
2019;Sant Boi de Lluçanès;total;dones;població;;272
2019;Sant Boi de Lluçanès;total;total;població;;541
2019;Sant Cebrià de Vallalta;total;homes;població;;1764
2019;Sant Cebrià de Vallalta;total;dones;població;;1621
2019;Sant Cebrià de Vallalta;total;total;població;;3385
2019;Sant Celoni;total;homes;població;;8939
2019;Sant Celoni;total;dones;població;;8965
2019;Sant Celoni;total;total;població;;17904
2019;Sant Climent de Llobregat;total;homes;població;;2075
2019;Sant Climent de Llobregat;total;dones;població;;2054
2019;Sant Climent de Llobregat;total;total;població;;4129
2019;Sant Climent Sescebes;total;homes;població;;364
2019;Sant Climent Sescebes;total;dones;població;;262
2019;Sant Climent Sescebes;total;total;població;;626
2019;Sant Cugat del Vallès;total;homes;població;;44197
2019;Sant Cugat del Vallès;total;dones;població;;46809
2019;Sant Cugat del Vallès;total;total;població;;91006
2019;Sant Cugat Sesgarrigues;total;homes;població;;488
2019;Sant Cugat Sesgarrigues;total;dones;població;;519
2019;Sant Cugat Sesgarrigues;total;total;població;;1007
2019;Sant Esteve de la Sarga;total;homes;població;;72
2019;Sant Esteve de la Sarga;total;dones;població;;52
2019;Sant Esteve de la Sarga;total;total;població;;124
2019;Sant Esteve de Palautordera;total;homes;població;;1391
2019;Sant Esteve de Palautordera;total;dones;població;;1429
2019;Sant Esteve de Palautordera;total;total;població;;2820
2019;Sant Esteve Sesrovires;total;homes;població;;3835
2019;Sant Esteve Sesrovires;total;dones;població;;3777
2019;Sant Esteve Sesrovires;total;total;població;;7612
2019;Sant Feliu de Buixalleu;total;homes;població;;410
2019;Sant Feliu de Buixalleu;total;dones;població;;373
2019;Sant Feliu de Buixalleu;total;total;població;;783
2019;Sant Feliu de Codines;total;homes;població;;3168
2019;Sant Feliu de Codines;total;dones;població;;3091
2019;Sant Feliu de Codines;total;total;població;;6259
2019;Sant Feliu de Guíxols;total;homes;població;;10802
2019;Sant Feliu de Guíxols;total;dones;població;;11123
2019;Sant Feliu de Guíxols;total;total;població;;21925
2019;Sant Feliu de Llobregat;total;homes;població;;21767
2019;Sant Feliu de Llobregat;total;dones;població;;23093
2019;Sant Feliu de Llobregat;total;total;població;;44860
2019;Sant Feliu de Pallerols;total;homes;població;;667
2019;Sant Feliu de Pallerols;total;dones;població;;704
2019;Sant Feliu de Pallerols;total;total;població;;1371
2019;Sant Feliu Sasserra;total;homes;població;;312
2019;Sant Feliu Sasserra;total;dones;població;;290
2019;Sant Feliu Sasserra;total;total;població;;602
2019;Sant Ferriol;total;homes;població;;124
2019;Sant Ferriol;total;dones;població;;119
2019;Sant Ferriol;total;total;població;;243
2019;Sant Fost de Campsentelles;total;homes;població;;4352
2019;Sant Fost de Campsentelles;total;dones;població;;4385
2019;Sant Fost de Campsentelles;total;total;població;;8737
2019;Sant Fruitós de Bages;total;homes;població;;4295
2019;Sant Fruitós de Bages;total;dones;població;;4408
2019;Sant Fruitós de Bages;total;total;població;;8703
2019;Sant Gregori;total;homes;població;;1959
2019;Sant Gregori;total;dones;població;;1858
2019;Sant Gregori;total;total;població;;3817
2019;Sant Guim de Freixenet;total;homes;població;;538
2019;Sant Guim de Freixenet;total;dones;població;;487
2019;Sant Guim de Freixenet;total;total;població;;1025
2019;Sant Guim de la Plana;total;homes;població;;106
2019;Sant Guim de la Plana;total;dones;població;;79
2019;Sant Guim de la Plana;total;total;població;;185
2019;Sant Hilari Sacalm;total;homes;població;;2843
2019;Sant Hilari Sacalm;total;dones;població;;2784
2019;Sant Hilari Sacalm;total;total;població;;5627
2019;Sant Hipòlit de Voltregà;total;homes;població;;1729
2019;Sant Hipòlit de Voltregà;total;dones;població;;1755
2019;Sant Hipòlit de Voltregà;total;total;població;;3484
2019;Sant Iscle de Vallalta;total;homes;població;;687
2019;Sant Iscle de Vallalta;total;dones;població;;645
2019;Sant Iscle de Vallalta;total;total;població;;1332
2019;Sant Jaume d'Enveja;total;homes;població;;1765
2019;Sant Jaume d'Enveja;total;dones;població;;1738
2019;Sant Jaume d'Enveja;total;total;població;;3503
2019;Sant Jaume de Frontanyà;total;homes;població;;18
2019;Sant Jaume de Frontanyà;total;dones;població;;12
2019;Sant Jaume de Frontanyà;total;total;població;;30
2019;Sant Jaume de Llierca;total;homes;població;;416
2019;Sant Jaume de Llierca;total;dones;població;;449
2019;Sant Jaume de Llierca;total;total;població;;865
2019;Sant Jaume dels Domenys;total;homes;població;;1342
2019;Sant Jaume dels Domenys;total;dones;població;;1280
2019;Sant Jaume dels Domenys;total;total;població;;2622
2019;Sant Joan de les Abadesses;total;homes;població;;1604
2019;Sant Joan de les Abadesses;total;dones;població;;1628
2019;Sant Joan de les Abadesses;total;total;població;;3232
2019;Sant Joan de Mollet;total;homes;població;;248
2019;Sant Joan de Mollet;total;dones;població;;259
2019;Sant Joan de Mollet;total;total;població;;507
2019;Sant Joan de Vilatorrada;total;homes;població;;5490
2019;Sant Joan de Vilatorrada;total;dones;població;;5446
2019;Sant Joan de Vilatorrada;total;total;població;;10936
2019;Sant Joan Despí;total;homes;població;;16585
2019;Sant Joan Despí;total;dones;població;;17538
2019;Sant Joan Despí;total;total;població;;34123
2019;Sant Joan les Fonts;total;homes;població;;1541
2019;Sant Joan les Fonts;total;dones;població;;1465
2019;Sant Joan les Fonts;total;total;població;;3006
2019;Sant Jordi Desvalls;total;homes;població;;380
2019;Sant Jordi Desvalls;total;dones;població;;381
2019;Sant Jordi Desvalls;total;total;població;;761
2019;Sant Julià de Cerdanyola;total;homes;població;;125
2019;Sant Julià de Cerdanyola;total;dones;població;;103
2019;Sant Julià de Cerdanyola;total;total;població;;228
2019;Sant Julià de Ramis;total;homes;població;;1780
2019;Sant Julià de Ramis;total;dones;població;;1735
2019;Sant Julià de Ramis;total;total;població;;3515
2019;Sant Julià de Vilatorta;total;homes;població;;1539
2019;Sant Julià de Vilatorta;total;dones;població;;1575
2019;Sant Julià de Vilatorta;total;total;població;;3114
2019;Sant Julià del Llor i Bonmatí;total;homes;població;;651
2019;Sant Julià del Llor i Bonmatí;total;dones;població;;635
2019;Sant Julià del Llor i Bonmatí;total;total;població;;1286
2019;Sant Just Desvern;total;homes;població;;8544
2019;Sant Just Desvern;total;dones;població;;9261
2019;Sant Just Desvern;total;total;població;;17805
2019;Sant Llorenç d'Hortons;total;homes;població;;1226
2019;Sant Llorenç d'Hortons;total;dones;població;;1187
2019;Sant Llorenç d'Hortons;total;total;població;;2413
2019;Sant Llorenç de la Muga;total;homes;població;;135
2019;Sant Llorenç de la Muga;total;dones;població;;129
2019;Sant Llorenç de la Muga;total;total;població;;264
2019;Sant Llorenç de Morunys;total;homes;població;;457
2019;Sant Llorenç de Morunys;total;dones;població;;492
2019;Sant Llorenç de Morunys;total;total;població;;949
2019;Sant Llorenç Savall;total;homes;població;;1197
2019;Sant Llorenç Savall;total;dones;població;;1176
2019;Sant Llorenç Savall;total;total;població;;2373
2019;Sant Martí d'Albars;total;homes;població;;56
2019;Sant Martí d'Albars;total;dones;població;;56
2019;Sant Martí d'Albars;total;total;població;;112
2019;Sant Martí de Centelles;total;homes;població;;600
2019;Sant Martí de Centelles;total;dones;població;;567
2019;Sant Martí de Centelles;total;total;població;;1167
2019;Sant Martí de Llémena;total;homes;població;;330
2019;Sant Martí de Llémena;total;dones;població;;303
2019;Sant Martí de Llémena;total;total;població;;633
2019;Sant Martí de Riucorb;total;homes;població;;334
2019;Sant Martí de Riucorb;total;dones;població;;312
2019;Sant Martí de Riucorb;total;total;població;;646
2019;Sant Martí de Tous;total;homes;població;;637
2019;Sant Martí de Tous;total;dones;població;;598
2019;Sant Martí de Tous;total;total;població;;1235
2019;Sant Martí Sarroca;total;homes;població;;1608
2019;Sant Martí Sarroca;total;dones;població;;1656
2019;Sant Martí Sarroca;total;total;població;;3264
2019;Sant Martí Sesgueioles;total;homes;població;;176
2019;Sant Martí Sesgueioles;total;dones;població;;167
2019;Sant Martí Sesgueioles;total;total;població;;343
2019;Sant Martí Vell;total;homes;població;;131
2019;Sant Martí Vell;total;dones;població;;121
2019;Sant Martí Vell;total;total;població;;252
2019;Sant Mateu de Bages;total;homes;població;;302
2019;Sant Mateu de Bages;total;dones;població;;301
2019;Sant Mateu de Bages;total;total;població;;603
2019;Sant Miquel de Campmajor;total;homes;població;;127
2019;Sant Miquel de Campmajor;total;dones;població;;104
2019;Sant Miquel de Campmajor;total;total;població;;231
2019;Sant Miquel de Fluvià;total;homes;població;;397
2019;Sant Miquel de Fluvià;total;dones;població;;367
2019;Sant Miquel de Fluvià;total;total;població;;764
2019;Sant Mori;total;homes;població;;90
2019;Sant Mori;total;dones;població;;87
2019;Sant Mori;total;total;població;;177
2019;Sant Pau de Segúries;total;homes;població;;347
2019;Sant Pau de Segúries;total;dones;població;;350
2019;Sant Pau de Segúries;total;total;població;;697
2019;Sant Pere de Ribes;total;homes;població;;15268
2019;Sant Pere de Ribes;total;dones;població;;15451
2019;Sant Pere de Ribes;total;total;població;;30719
2019;Sant Pere de Riudebitlles;total;homes;població;;1181
2019;Sant Pere de Riudebitlles;total;dones;població;;1187
2019;Sant Pere de Riudebitlles;total;total;població;;2368
2019;Sant Pere de Torelló;total;homes;població;;1242
2019;Sant Pere de Torelló;total;dones;població;;1177
2019;Sant Pere de Torelló;total;total;població;;2419
2019;Sant Pere de Vilamajor;total;homes;població;;2239
2019;Sant Pere de Vilamajor;total;dones;població;;2233
2019;Sant Pere de Vilamajor;total;total;població;;4472
2019;Sant Pere Pescador;total;homes;població;;1084
2019;Sant Pere Pescador;total;dones;població;;958
2019;Sant Pere Pescador;total;total;població;;2042
2019;Sant Pere Sallavinera;total;homes;població;;82
2019;Sant Pere Sallavinera;total;dones;població;;70
2019;Sant Pere Sallavinera;total;total;població;;152
2019;Sant Pol de Mar;total;homes;població;;2604
2019;Sant Pol de Mar;total;dones;població;;2695
2019;Sant Pol de Mar;total;total;població;;5299
2019;Sant Quintí de Mediona;total;homes;població;;1154
2019;Sant Quintí de Mediona;total;dones;població;;1100
2019;Sant Quintí de Mediona;total;total;població;;2254
2019;Sant Quirze de Besora;total;homes;població;;1054
2019;Sant Quirze de Besora;total;dones;població;;1113
2019;Sant Quirze de Besora;total;total;població;;2167
2019;Sant Quirze del Vallès;total;homes;població;;9865
2019;Sant Quirze del Vallès;total;dones;població;;10276
2019;Sant Quirze del Vallès;total;total;població;;20141
2019;Sant Quirze Safaja;total;homes;població;;336
2019;Sant Quirze Safaja;total;dones;població;;291
2019;Sant Quirze Safaja;total;total;població;;627
2019;Sant Ramon;total;homes;població;;254
2019;Sant Ramon;total;dones;població;;237
2019;Sant Ramon;total;total;població;;491
2019;Sant Sadurní d'Anoia;total;homes;població;;6348
2019;Sant Sadurní d'Anoia;total;dones;població;;6539
2019;Sant Sadurní d'Anoia;total;total;població;;12887
2019;Sant Sadurní d'Osormort;total;homes;població;;47
2019;Sant Sadurní d'Osormort;total;dones;població;;31
2019;Sant Sadurní d'Osormort;total;total;població;;78
2019;Sant Salvador de Guardiola;total;homes;població;;1630
2019;Sant Salvador de Guardiola;total;dones;població;;1549
2019;Sant Salvador de Guardiola;total;total;població;;3179
2019;Sant Vicenç de Castellet;total;homes;població;;4760
2019;Sant Vicenç de Castellet;total;dones;població;;4763
2019;Sant Vicenç de Castellet;total;total;població;;9523
2019;Sant Vicenç de Montalt;total;homes;població;;3199
2019;Sant Vicenç de Montalt;total;dones;població;;3208
2019;Sant Vicenç de Montalt;total;total;població;;6407
2019;Sant Vicenç de Torelló;total;homes;població;;1019
2019;Sant Vicenç de Torelló;total;dones;població;;1039
2019;Sant Vicenç de Torelló;total;total;població;;2058
2019;Sant Vicenç dels Horts;total;homes;població;;13959
2019;Sant Vicenç dels Horts;total;dones;població;;14158
2019;Sant Vicenç dels Horts;total;total;població;;28117
2019;Santa Bàrbara;total;homes;població;;1881
2019;Santa Bàrbara;total;dones;població;;1826
2019;Santa Bàrbara;total;total;població;;3707
2019;Santa Cecília de Voltregà;total;homes;població;;99
2019;Santa Cecília de Voltregà;total;dones;població;;88
2019;Santa Cecília de Voltregà;total;total;població;;187
2019;Santa Coloma de Cervelló;total;homes;població;;4026
2019;Santa Coloma de Cervelló;total;dones;població;;4192
2019;Santa Coloma de Cervelló;total;total;població;;8218
2019;Santa Coloma de Farners;total;homes;població;;6621
2019;Santa Coloma de Farners;total;dones;població;;6522
2019;Santa Coloma de Farners;total;total;població;;13143
2019;Santa Coloma de Gramenet;total;homes;població;;58895
2019;Santa Coloma de Gramenet;total;dones;població;;60320
2019;Santa Coloma de Gramenet;total;total;població;;119215
2019;Santa Coloma de Queralt;total;homes;població;;1328
2019;Santa Coloma de Queralt;total;dones;població;;1345
2019;Santa Coloma de Queralt;total;total;població;;2673
2019;Santa Cristina d'Aro;total;homes;població;;2624
2019;Santa Cristina d'Aro;total;dones;població;;2599
2019;Santa Cristina d'Aro;total;total;població;;5223
2019;Santa Eugènia de Berga;total;homes;població;;1142
2019;Santa Eugènia de Berga;total;dones;població;;1106
2019;Santa Eugènia de Berga;total;total;població;;2248
2019;Santa Eulàlia de Riuprimer;total;homes;població;;686
2019;Santa Eulàlia de Riuprimer;total;dones;població;;659
2019;Santa Eulàlia de Riuprimer;total;total;població;;1345
2019;Santa Eulàlia de Ronçana;total;homes;població;;3639
2019;Santa Eulàlia de Ronçana;total;dones;població;;3649
2019;Santa Eulàlia de Ronçana;total;total;població;;7288
2019;Santa Fe del Penedès;total;homes;població;;185
2019;Santa Fe del Penedès;total;dones;població;;189
2019;Santa Fe del Penedès;total;total;població;;374
2019;Santa Llogaia d'Àlguema;total;homes;població;;189
2019;Santa Llogaia d'Àlguema;total;dones;població;;181
2019;Santa Llogaia d'Àlguema;total;total;població;;370
2019;Santa Margarida de Montbui;total;homes;població;;4993
2019;Santa Margarida de Montbui;total;dones;població;;4987
2019;Santa Margarida de Montbui;total;total;població;;9980
2019;Santa Margarida i els Monjos;total;homes;població;;3856
2019;Santa Margarida i els Monjos;total;dones;població;;3755
2019;Santa Margarida i els Monjos;total;total;població;;7611
2019;Santa Maria d'Oló;total;homes;població;;521
2019;Santa Maria d'Oló;total;dones;població;;504
2019;Santa Maria d'Oló;total;total;població;;1025
2019;Santa Maria de Besora;total;homes;població;;78
2019;Santa Maria de Besora;total;dones;població;;72
2019;Santa Maria de Besora;total;total;població;;150
2019;Santa Maria de Martorelles;total;homes;població;;449
2019;Santa Maria de Martorelles;total;dones;població;;444
2019;Santa Maria de Martorelles;total;total;població;;893
2019;Santa Maria de Merlès;total;homes;població;;89
2019;Santa Maria de Merlès;total;dones;població;;95
2019;Santa Maria de Merlès;total;total;població;;184
2019;Santa Maria de Miralles;total;homes;població;;68
2019;Santa Maria de Miralles;total;dones;població;;58
2019;Santa Maria de Miralles;total;total;població;;126
2019;Santa Maria de Palautordera;total;homes;població;;4760
2019;Santa Maria de Palautordera;total;dones;població;;4663
2019;Santa Maria de Palautordera;total;total;població;;9423
2019;Santa Oliva;total;homes;població;;1685
2019;Santa Oliva;total;dones;població;;1635
2019;Santa Oliva;total;total;població;;3320
2019;Santa Pau;total;homes;població;;792
2019;Santa Pau;total;dones;població;;773
2019;Santa Pau;total;total;població;;1565
2019;Santa Perpètua de Mogoda;total;homes;població;;12958
2019;Santa Perpètua de Mogoda;total;dones;població;;12841
2019;Santa Perpètua de Mogoda;total;total;població;;25799
2019;Santa Susanna;total;homes;població;;1721
2019;Santa Susanna;total;dones;població;;1725
2019;Santa Susanna;total;total;població;;3446
2019;Santpedor;total;homes;població;;3755
2019;Santpedor;total;dones;població;;3799
2019;Santpedor;total;total;població;;7554
2019;Sarral;total;homes;població;;789
2019;Sarral;total;dones;població;;759
2019;Sarral;total;total;població;;1548
2019;Sarrià de Ter;total;homes;població;;2530
2019;Sarrià de Ter;total;dones;població;;2640
2019;Sarrià de Ter;total;total;població;;5170
2019;Sarroca de Bellera;total;homes;població;;68
2019;Sarroca de Bellera;total;dones;població;;53
2019;Sarroca de Bellera;total;total;població;;121
2019;Sarroca de Lleida;total;homes;població;;200
2019;Sarroca de Lleida;total;dones;població;;163
2019;Sarroca de Lleida;total;total;població;;363
2019;Saus, Camallera i Llampaies;total;homes;població;;424
2019;Saus, Camallera i Llampaies;total;dones;població;;413
2019;Saus, Camallera i Llampaies;total;total;població;;837
2019;Savallà del Comtat;total;homes;població;;31
2019;Savallà del Comtat;total;dones;població;;27
2019;Savallà del Comtat;total;total;població;;58
2019;Secuita, la;total;homes;població;;851
2019;Secuita, la;total;dones;població;;836
2019;Secuita, la;total;total;població;;1687
2019;Selva de Mar, la;total;homes;població;;108
2019;Selva de Mar, la;total;dones;població;;88
2019;Selva de Mar, la;total;total;població;;196
2019;Selva del Camp, la;total;homes;població;;2836
2019;Selva del Camp, la;total;dones;població;;2816
2019;Selva del Camp, la;total;total;població;;5652
2019;Senan;total;homes;població;;33
2019;Senan;total;dones;població;;15
2019;Senan;total;total;població;;48
2019;Sénia, la;total;homes;població;;2844
2019;Sénia, la;total;dones;població;;2837
2019;Sénia, la;total;total;població;;5681
2019;Senterada;total;homes;població;;80
2019;Senterada;total;dones;població;;57
2019;Senterada;total;total;població;;137
2019;Sentiu de Sió, la;total;homes;població;;216
2019;Sentiu de Sió, la;total;dones;població;;190
2019;Sentiu de Sió, la;total;total;població;;406
2019;Sentmenat;total;homes;població;;4611
2019;Sentmenat;total;dones;població;;4467
2019;Sentmenat;total;total;població;;9078
2019;Serinyà;total;homes;població;;576
2019;Serinyà;total;dones;població;;560
2019;Serinyà;total;total;població;;1136
2019;Seròs;total;homes;població;;1029
2019;Seròs;total;dones;població;;893
2019;Seròs;total;total;població;;1922
2019;Serra de Daró;total;homes;població;;122
2019;Serra de Daró;total;dones;població;;99
2019;Serra de Daró;total;total;població;;221
2019;Setcases;total;homes;població;;98
2019;Setcases;total;dones;població;;79
2019;Setcases;total;total;població;;177
2019;Seu d'Urgell, la;total;homes;població;;5842
2019;Seu d'Urgell, la;total;dones;població;;6247
2019;Seu d'Urgell, la;total;total;població;;12089
2019;Seva;total;homes;població;;1784
2019;Seva;total;dones;població;;1735
2019;Seva;total;total;població;;3519
2019;Sidamon;total;homes;població;;383
2019;Sidamon;total;dones;població;;351
2019;Sidamon;total;total;població;;734
2019;Sils;total;homes;població;;3108
2019;Sils;total;dones;població;;2985
2019;Sils;total;total;població;;6093
2019;Sitges;total;homes;població;;14708
2019;Sitges;total;dones;població;;14599
2019;Sitges;total;total;població;;29307
2019;Siurana;total;homes;població;;84
2019;Siurana;total;dones;població;;84
2019;Siurana;total;total;població;;168
2019;Sobremunt;total;homes;població;;36
2019;Sobremunt;total;dones;població;;43
2019;Sobremunt;total;total;població;;79
2019;Soleràs, el;total;homes;població;;173
2019;Soleràs, el;total;dones;població;;159
2019;Soleràs, el;total;total;població;;332
2019;Solivella;total;homes;població;;333
2019;Solivella;total;dones;població;;300
2019;Solivella;total;total;població;;633
2019;Solsona;total;homes;població;;4488
2019;Solsona;total;dones;població;;4606
2019;Solsona;total;total;població;;9094
2019;Sora;total;homes;població;;117
2019;Sora;total;dones;població;;92
2019;Sora;total;total;població;;209
2019;Soriguera;total;homes;població;;220
2019;Soriguera;total;dones;població;;190
2019;Soriguera;total;total;població;;410
2019;Sort;total;homes;població;;1077
2019;Sort;total;dones;població;;1072
2019;Sort;total;total;població;;2149
2019;Soses;total;homes;població;;923
2019;Soses;total;dones;població;;840
2019;Soses;total;total;població;;1763
2019;Subirats;total;homes;població;;1577
2019;Subirats;total;dones;població;;1467
2019;Subirats;total;total;població;;3044
2019;Sudanell;total;homes;població;;465
2019;Sudanell;total;dones;població;;388
2019;Sudanell;total;total;població;;853
2019;Sunyer;total;homes;població;;205
2019;Sunyer;total;dones;població;;147
2019;Sunyer;total;total;població;;352
2019;Súria;total;homes;població;;2897
2019;Súria;total;dones;població;;3045
2019;Súria;total;total;població;;5942
2019;Susqueda;total;homes;població;;60
2019;Susqueda;total;dones;població;;41
2019;Susqueda;total;total;població;;101
2019;Tagamanent;total;homes;població;;169
2019;Tagamanent;total;dones;població;;154
2019;Tagamanent;total;total;població;;323
2019;Talamanca;total;homes;població;;115
2019;Talamanca;total;dones;població;;91
2019;Talamanca;total;total;població;;206
2019;Talarn;total;homes;població;;387
2019;Talarn;total;dones;població;;198
2019;Talarn;total;total;població;;585
2019;Talavera;total;homes;població;;158
2019;Talavera;total;dones;població;;125
2019;Talavera;total;total;població;;283
2019;Tallada d'Empordà, la;total;homes;població;;241
2019;Tallada d'Empordà, la;total;dones;població;;222
2019;Tallada d'Empordà, la;total;total;població;;463
2019;Taradell;total;homes;població;;3238
2019;Taradell;total;dones;població;;3251
2019;Taradell;total;total;població;;6489
2019;Tarragona;total;homes;població;;65505
2019;Tarragona;total;dones;població;;69010
2019;Tarragona;total;total;població;;134515
2019;Tàrrega;total;homes;població;;8489
2019;Tàrrega;total;dones;població;;8609
2019;Tàrrega;total;total;població;;17098
2019;Tarrés;total;homes;població;;56
2019;Tarrés;total;dones;població;;50
2019;Tarrés;total;total;població;;106
2019;Tarroja de Segarra;total;homes;població;;104
2019;Tarroja de Segarra;total;dones;població;;83
2019;Tarroja de Segarra;total;total;població;;187
2019;Tavèrnoles;total;homes;població;;159
2019;Tavèrnoles;total;dones;població;;157
2019;Tavèrnoles;total;total;població;;316
2019;Tavertet;total;homes;població;;57
2019;Tavertet;total;dones;població;;54
2019;Tavertet;total;total;població;;111
2019;Teià;total;homes;població;;3134
2019;Teià;total;dones;població;;3263
2019;Teià;total;total;població;;6397
2019;Térmens;total;homes;població;;678
2019;Térmens;total;dones;població;;655
2019;Térmens;total;total;població;;1333
2019;Terrades;total;homes;població;;162
2019;Terrades;total;dones;població;;167
2019;Terrades;total;total;població;;329
2019;Terrassa;total;homes;població;;108469
2019;Terrassa;total;dones;població;;112087
2019;Terrassa;total;total;població;;220556
2019;Tiana;total;homes;població;;4233
2019;Tiana;total;dones;població;;4607
2019;Tiana;total;total;població;;8840
2019;Tírvia;total;homes;població;;63
2019;Tírvia;total;dones;població;;68
2019;Tírvia;total;total;població;;131
2019;Tiurana;total;homes;població;;33
2019;Tiurana;total;dones;població;;40
2019;Tiurana;total;total;població;;73
2019;Tivenys;total;homes;població;;458
2019;Tivenys;total;dones;població;;441
2019;Tivenys;total;total;població;;899
2019;Tivissa;total;homes;població;;799
2019;Tivissa;total;dones;població;;803
2019;Tivissa;total;total;població;;1602
2019;Tona;total;homes;població;;4099
2019;Tona;total;dones;població;;4142
2019;Tona;total;total;població;;8241
2019;Torà;total;homes;població;;639
2019;Torà;total;dones;població;;616
2019;Torà;total;total;població;;1255
2019;Tordera;total;homes;població;;8722
2019;Tordera;total;dones;població;;8494
2019;Tordera;total;total;població;;17216
2019;Torelló;total;homes;població;;7137
2019;Torelló;total;dones;població;;7210
2019;Torelló;total;total;població;;14347
2019;Torms, els;total;homes;població;;77
2019;Torms, els;total;dones;població;;67
2019;Torms, els;total;total;població;;144
2019;Tornabous;total;homes;població;;461
2019;Tornabous;total;dones;població;;397
2019;Tornabous;total;total;població;;858
2019;Torre de Cabdella, la;total;homes;població;;383
2019;Torre de Cabdella, la;total;dones;població;;377
2019;Torre de Cabdella, la;total;total;població;;760
2019;Torre de Claramunt, la;total;homes;població;;1923
2019;Torre de Claramunt, la;total;dones;població;;1791
2019;Torre de Claramunt, la;total;total;població;;3714
2019;Torre de Fontaubella, la;total;homes;població;;68
2019;Torre de Fontaubella, la;total;dones;població;;70
2019;Torre de Fontaubella, la;total;total;població;;138
2019;Torre de l'Espanyol, la;total;homes;població;;311
2019;Torre de l'Espanyol, la;total;dones;població;;300
2019;Torre de l'Espanyol, la;total;total;població;;611
2019;Torrebesses;total;homes;població;;150
2019;Torrebesses;total;dones;població;;132
2019;Torrebesses;total;total;població;;282
2019;Torredembarra;total;homes;població;;7925
2019;Torredembarra;total;dones;població;;8259
2019;Torredembarra;total;total;població;;16184
2019;Torrefarrera;total;homes;població;;2328
2019;Torrefarrera;total;dones;població;;2277
2019;Torrefarrera;total;total;població;;4605
2019;Torrefeta i Florejacs;total;homes;població;;322
2019;Torrefeta i Florejacs;total;dones;població;;280
2019;Torrefeta i Florejacs;total;total;població;;602
2019;Torregrossa;total;homes;població;;1140
2019;Torregrossa;total;dones;població;;1062
2019;Torregrossa;total;total;població;;2202
2019;Torrelameu;total;homes;població;;433
2019;Torrelameu;total;dones;població;;310
2019;Torrelameu;total;total;població;;743
2019;Torrelavit;total;homes;població;;723
2019;Torrelavit;total;dones;població;;696
2019;Torrelavit;total;total;població;;1419
2019;Torrelles de Foix;total;homes;població;;1267
2019;Torrelles de Foix;total;dones;població;;1081
2019;Torrelles de Foix;total;total;població;;2348
2019;Torrelles de Llobregat;total;homes;població;;3003
2019;Torrelles de Llobregat;total;dones;població;;3038
2019;Torrelles de Llobregat;total;total;població;;6041
2019;Torrent;total;homes;població;;92
2019;Torrent;total;dones;població;;83
2019;Torrent;total;total;població;;175
2019;Torres de Segre;total;homes;població;;1179
2019;Torres de Segre;total;dones;població;;1098
2019;Torres de Segre;total;total;població;;2277
2019;Torre-serona;total;homes;població;;208
2019;Torre-serona;total;dones;població;;189
2019;Torre-serona;total;total;població;;397
2019;Torroella de Fluvià;total;homes;població;;354
2019;Torroella de Fluvià;total;dones;població;;340
2019;Torroella de Fluvià;total;total;població;;694
2019;Torroella de Montgrí;total;homes;població;;5900
2019;Torroella de Montgrí;total;dones;població;;5745
2019;Torroella de Montgrí;total;total;població;;11645
2019;Torroja del Priorat;total;homes;població;;81
2019;Torroja del Priorat;total;dones;població;;68
2019;Torroja del Priorat;total;total;població;;149
2019;Tortellà;total;homes;població;;393
2019;Tortellà;total;dones;població;;416
2019;Tortellà;total;total;població;;809
2019;Tortosa;total;homes;població;;16496
2019;Tortosa;total;dones;població;;16876
2019;Tortosa;total;total;població;;33372
2019;Toses;total;homes;població;;102
2019;Toses;total;dones;població;;69
2019;Toses;total;total;població;;171
2019;Tossa de Mar;total;homes;població;;2861
2019;Tossa de Mar;total;dones;població;;2822
2019;Tossa de Mar;total;total;població;;5683
2019;Tremp;total;homes;població;;2884
2019;Tremp;total;dones;població;;2960
2019;Tremp;total;total;població;;5844
2019;Ullà;total;homes;població;;632
2019;Ullà;total;dones;població;;521
2019;Ullà;total;total;població;;1153
2019;Ullastrell;total;homes;població;;1052
2019;Ullastrell;total;dones;població;;1041
2019;Ullastrell;total;total;població;;2093
2019;Ullastret;total;homes;població;;140
2019;Ullastret;total;dones;població;;150
2019;Ullastret;total;total;població;;290
2019;Ulldecona;total;homes;població;;3286
2019;Ulldecona;total;dones;població;;3014
2019;Ulldecona;total;total;població;;6300
2019;Ulldemolins;total;homes;població;;229
2019;Ulldemolins;total;dones;població;;167
2019;Ulldemolins;total;total;població;;396
2019;Ultramort;total;homes;població;;118
2019;Ultramort;total;dones;població;;105
2019;Ultramort;total;total;població;;223
2019;Urús;total;homes;població;;93
2019;Urús;total;dones;població;;96
2019;Urús;total;total;població;;189
2019;Vacarisses;total;homes;població;;3436
2019;Vacarisses;total;dones;població;;3252
2019;Vacarisses;total;total;població;;6688
2019;Vajol, la;total;homes;població;;48
2019;Vajol, la;total;dones;població;;41
2019;Vajol, la;total;total;població;;89
2019;Vall d'en Bas, la;total;homes;població;;1553
2019;Vall d'en Bas, la;total;dones;població;;1519
2019;Vall d'en Bas, la;total;total;població;;3072
2019;Vall de Bianya, la;total;homes;població;;639
2019;Vall de Bianya, la;total;dones;població;;625
2019;Vall de Bianya, la;total;total;població;;1264
2019;Vall de Boí, la;total;homes;població;;546
2019;Vall de Boí, la;total;dones;població;;475
2019;Vall de Boí, la;total;total;població;;1021
2019;Vall de Cardós;total;homes;població;;195
2019;Vall de Cardós;total;dones;població;;169
2019;Vall de Cardós;total;total;població;;364
2019;Vallbona d'Anoia;total;homes;població;;719
2019;Vallbona d'Anoia;total;dones;població;;654
2019;Vallbona d'Anoia;total;total;població;;1373
2019;Vallbona de les Monges;total;homes;població;;120
2019;Vallbona de les Monges;total;dones;població;;113
2019;Vallbona de les Monges;total;total;població;;233
2019;Vallcebre;total;homes;població;;142
2019;Vallcebre;total;dones;població;;108
2019;Vallcebre;total;total;població;;250
2019;Vallclara;total;homes;població;;57
2019;Vallclara;total;dones;població;;41
2019;Vallclara;total;total;població;;98
2019;Vallfogona de Balaguer;total;homes;població;;937
2019;Vallfogona de Balaguer;total;dones;població;;939
2019;Vallfogona de Balaguer;total;total;població;;1876
2019;Vallfogona de Ripollès;total;homes;població;;109
2019;Vallfogona de Ripollès;total;dones;població;;97
2019;Vallfogona de Ripollès;total;total;població;;206
2019;Vallfogona de Riucorb;total;homes;població;;55
2019;Vallfogona de Riucorb;total;dones;població;;36
2019;Vallfogona de Riucorb;total;total;població;;91
2019;Vallgorguina;total;homes;població;;1451
2019;Vallgorguina;total;dones;població;;1440
2019;Vallgorguina;total;total;població;;2891
2019;Vallirana;total;homes;població;;7523
2019;Vallirana;total;dones;població;;7483
2019;Vallirana;total;total;població;;15006
2019;Vall-llobrega;total;homes;població;;446
2019;Vall-llobrega;total;dones;població;;453
2019;Vall-llobrega;total;total;població;;899
2019;Vallmoll;total;homes;població;;890
2019;Vallmoll;total;dones;població;;866
2019;Vallmoll;total;total;població;;1756
2019;Vallromanes;total;homes;població;;1328
2019;Vallromanes;total;dones;població;;1251
2019;Vallromanes;total;total;població;;2579
2019;Valls;total;homes;població;;12210
2019;Valls;total;dones;població;;12149
2019;Valls;total;total;població;;24359
2019;Valls d'Aguilar, les;total;homes;població;;145
2019;Valls d'Aguilar, les;total;dones;població;;115
2019;Valls d'Aguilar, les;total;total;població;;260
2019;Valls de Valira, les;total;homes;població;;412
2019;Valls de Valira, les;total;dones;població;;379
2019;Valls de Valira, les;total;total;població;;791
2019;Vandellòs i l'Hospitalet de l'Infant;total;homes;població;;3246
2019;Vandellòs i l'Hospitalet de l'Infant;total;dones;població;;3236
2019;Vandellòs i l'Hospitalet de l'Infant;total;total;població;;6482
2019;Vansa i Fórnols, la;total;homes;població;;84
2019;Vansa i Fórnols, la;total;dones;població;;77
2019;Vansa i Fórnols, la;total;total;població;;161
2019;Veciana;total;homes;població;;99
2019;Veciana;total;dones;població;;83
2019;Veciana;total;total;població;;182
2019;Vendrell, el;total;homes;població;;18631
2019;Vendrell, el;total;dones;població;;18975
2019;Vendrell, el;total;total;població;;37606
2019;Ventalló;total;homes;població;;438
2019;Ventalló;total;dones;població;;421
2019;Ventalló;total;total;població;;859
2019;Verdú;total;homes;població;;441
2019;Verdú;total;dones;població;;478
2019;Verdú;total;total;població;;919
2019;Verges;total;homes;població;;572
2019;Verges;total;dones;població;;599
2019;Verges;total;total;població;;1171
2019;Vespella de Gaià;total;homes;població;;232
2019;Vespella de Gaià;total;dones;població;;178
2019;Vespella de Gaià;total;total;població;;410
2019;Vic;total;homes;població;;23306
2019;Vic;total;dones;població;;22908
2019;Vic;total;total;població;;46214
2019;Vidrà;total;homes;població;;83
2019;Vidrà;total;dones;població;;84
2019;Vidrà;total;total;població;;167
2019;Vidreres;total;homes;població;;4048
2019;Vidreres;total;dones;població;;3749
2019;Vidreres;total;total;població;;7797
2019;Vielha e Mijaran;total;homes;població;;2837
2019;Vielha e Mijaran;total;dones;població;;2722
2019;Vielha e Mijaran;total;total;població;;5559
2019;Vilabella;total;homes;població;;378
2019;Vilabella;total;dones;població;;358
2019;Vilabella;total;total;població;;736
2019;Vilabertran;total;homes;població;;489
2019;Vilabertran;total;dones;població;;490
2019;Vilabertran;total;total;població;;979
2019;Vilablareix;total;homes;població;;1438
2019;Vilablareix;total;dones;població;;1459
2019;Vilablareix;total;total;població;;2897
2019;Vilada;total;homes;població;;217
2019;Vilada;total;dones;població;;199
2019;Vilada;total;total;població;;416
2019;Viladamat;total;homes;població;;241
2019;Viladamat;total;dones;població;;227
2019;Viladamat;total;total;població;;468
2019;Viladasens;total;homes;població;;107
2019;Viladasens;total;dones;població;;93
2019;Viladasens;total;total;població;;200
2019;Viladecans;total;homes;població;;32930
2019;Viladecans;total;dones;població;;33681
2019;Viladecans;total;total;població;;66611
2019;Viladecavalls;total;homes;població;;3724
2019;Viladecavalls;total;dones;població;;3788
2019;Viladecavalls;total;total;població;;7512
2019;Vilademuls;total;homes;població;;424
2019;Vilademuls;total;dones;població;;391
2019;Vilademuls;total;total;població;;815
2019;Viladrau;total;homes;població;;509
2019;Viladrau;total;dones;població;;531
2019;Viladrau;total;total;població;;1040
2019;Vilafant;total;homes;població;;2636
2019;Vilafant;total;dones;població;;2758
2019;Vilafant;total;total;població;;5394
2019;Vilafranca del Penedès;total;homes;població;;19341
2019;Vilafranca del Penedès;total;dones;població;;20405
2019;Vilafranca del Penedès;total;total;població;;39746
2019;Vilagrassa;total;homes;població;;278
2019;Vilagrassa;total;dones;població;;263
2019;Vilagrassa;total;total;població;;541
2019;Vilajuïga;total;homes;població;;549
2019;Vilajuïga;total;dones;població;;555
2019;Vilajuïga;total;total;població;;1104
2019;Vilalba dels Arcs;total;homes;població;;318
2019;Vilalba dels Arcs;total;dones;població;;307
2019;Vilalba dels Arcs;total;total;població;;625
2019;Vilalba Sasserra;total;homes;població;;357
2019;Vilalba Sasserra;total;dones;població;;359
2019;Vilalba Sasserra;total;total;població;;716
2019;Vilaller;total;homes;població;;294
2019;Vilaller;total;dones;població;;267
2019;Vilaller;total;total;població;;561
2019;Vilallonga de Ter;total;homes;població;;212
2019;Vilallonga de Ter;total;dones;població;;186
2019;Vilallonga de Ter;total;total;població;;398
2019;Vilallonga del Camp;total;homes;població;;1206
2019;Vilallonga del Camp;total;dones;població;;1183
2019;Vilallonga del Camp;total;total;població;;2389
2019;Vilamacolum;total;homes;població;;193
2019;Vilamacolum;total;dones;població;;155
2019;Vilamacolum;total;total;població;;348
2019;Vilamalla;total;homes;població;;586
2019;Vilamalla;total;dones;població;;595
2019;Vilamalla;total;total;població;;1181
2019;Vilamaniscle;total;homes;població;;116
2019;Vilamaniscle;total;dones;població;;84
2019;Vilamaniscle;total;total;població;;200
2019;Vilamòs;total;homes;població;;100
2019;Vilamòs;total;dones;població;;87
2019;Vilamòs;total;total;població;;187
2019;Vilanant;total;homes;població;;197
2019;Vilanant;total;dones;població;;195
2019;Vilanant;total;total;població;;392
2019;Vilanova d'Escornalbou;total;homes;població;;288
2019;Vilanova d'Escornalbou;total;dones;població;;257
2019;Vilanova d'Escornalbou;total;total;població;;545
2019;Vilanova de Bellpuig;total;homes;població;;599
2019;Vilanova de Bellpuig;total;dones;població;;582
2019;Vilanova de Bellpuig;total;total;població;;1181
2019;Vilanova de l'Aguda;total;homes;població;;97
2019;Vilanova de l'Aguda;total;dones;població;;100
2019;Vilanova de l'Aguda;total;total;població;;197
2019;Vilanova de la Barca;total;homes;població;;535
2019;Vilanova de la Barca;total;dones;població;;501
2019;Vilanova de la Barca;total;total;població;;1036
2019;Vilanova de Meià;total;homes;població;;223
2019;Vilanova de Meià;total;dones;població;;166
2019;Vilanova de Meià;total;total;població;;389
2019;Vilanova de Prades;total;homes;població;;60
2019;Vilanova de Prades;total;dones;població;;52
2019;Vilanova de Prades;total;total;població;;112
2019;Vilanova de Sau;total;homes;població;;142
2019;Vilanova de Sau;total;dones;població;;157
2019;Vilanova de Sau;total;total;població;;299
2019;Vilanova de Segrià;total;homes;població;;518
2019;Vilanova de Segrià;total;dones;població;;459
2019;Vilanova de Segrià;total;total;població;;977
2019;Vilanova del Camí;total;homes;població;;6227
2019;Vilanova del Camí;total;dones;població;;6231
2019;Vilanova del Camí;total;total;població;;12458
2019;Vilanova del Vallès;total;homes;població;;2760
2019;Vilanova del Vallès;total;dones;població;;2672
2019;Vilanova del Vallès;total;total;població;;5432
2019;Vilanova i la Geltrú;total;homes;població;;32456
2019;Vilanova i la Geltrú;total;dones;població;;34630
2019;Vilanova i la Geltrú;total;total;població;;67086
2019;Vilaplana;total;homes;població;;302
2019;Vilaplana;total;dones;població;;272
2019;Vilaplana;total;total;població;;574
2019;Vila-rodona;total;homes;població;;660
2019;Vila-rodona;total;dones;població;;595
2019;Vila-rodona;total;total;població;;1255
2019;Vila-sacra;total;homes;població;;372
2019;Vila-sacra;total;dones;població;;388
2019;Vila-sacra;total;total;població;;760
2019;Vila-sana;total;homes;població;;376
2019;Vila-sana;total;dones;població;;366
2019;Vila-sana;total;total;població;;742
2019;Vila-seca;total;homes;població;;11113
2019;Vila-seca;total;dones;població;;11074
2019;Vila-seca;total;total;població;;22187
2019;Vilassar de Dalt;total;homes;població;;4462
2019;Vilassar de Dalt;total;dones;població;;4581
2019;Vilassar de Dalt;total;total;població;;9043
2019;Vilassar de Mar;total;homes;població;;10068
2019;Vilassar de Mar;total;dones;població;;10769
2019;Vilassar de Mar;total;total;població;;20837
2019;Vilaür;total;homes;població;;81
2019;Vilaür;total;dones;població;;76
2019;Vilaür;total;total;població;;157
2019;Vilaverd;total;homes;població;;240
2019;Vilaverd;total;dones;població;;212
2019;Vilaverd;total;total;població;;452
2019;Vilella Alta, la;total;homes;població;;73
2019;Vilella Alta, la;total;dones;població;;62
2019;Vilella Alta, la;total;total;població;;135
2019;Vilella Baixa, la;total;homes;població;;113
2019;Vilella Baixa, la;total;dones;població;;89
2019;Vilella Baixa, la;total;total;població;;202
2019;Vilobí d'Onyar;total;homes;població;;1711
2019;Vilobí d'Onyar;total;dones;població;;1580
2019;Vilobí d'Onyar;total;total;població;;3291
2019;Vilobí del Penedès;total;homes;població;;569
2019;Vilobí del Penedès;total;dones;població;;538
2019;Vilobí del Penedès;total;total;població;;1107
2019;Vilopriu;total;homes;població;;107
2019;Vilopriu;total;dones;població;;95
2019;Vilopriu;total;total;població;;202
2019;Vilosell, el;total;homes;població;;88
2019;Vilosell, el;total;dones;població;;81
2019;Vilosell, el;total;total;població;;169
2019;Vimbodí i Poblet;total;homes;població;;488
2019;Vimbodí i Poblet;total;dones;població;;404
2019;Vimbodí i Poblet;total;total;població;;892
2019;Vinaixa;total;homes;població;;249
2019;Vinaixa;total;dones;població;;221
2019;Vinaixa;total;total;població;;470
2019;Vinebre;total;homes;població;;221
2019;Vinebre;total;dones;població;;207
2019;Vinebre;total;total;població;;428
2019;Vinyols i els Arcs;total;homes;població;;1070
2019;Vinyols i els Arcs;total;dones;població;;986
2019;Vinyols i els Arcs;total;total;població;;2056
2019;Viver i Serrateix;total;homes;població;;87
2019;Viver i Serrateix;total;dones;població;;81
2019;Viver i Serrateix;total;total;població;;168
2019;Xerta;total;homes;població;;571
2019;Xerta;total;dones;població;;599
2019;Xerta;total;total;població;;1170
2019;Catalunya;total;homes;població;;3770123
2019;Catalunya;total;dones;població;;3905094
2019;Catalunya;total;total;població;;7675217
