any;municipi;edat any a any;sexe;concepte;estat;valor
2000;Abella de la Conca;total;homes;població;;106
2000;Abella de la Conca;total;dones;població;;91
2000;Abella de la Conca;total;total;població;;197
2000;Abrera;total;homes;població;;4203
2000;Abrera;total;dones;població;;3974
2000;Abrera;total;total;població;;8177
2000;Àger;total;homes;població;;284
2000;Àger;total;dones;població;;244
2000;Àger;total;total;població;;528
2000;Agramunt;total;homes;població;;2506
2000;Agramunt;total;dones;població;;2396
2000;Agramunt;total;total;població;;4902
2000;Aguilar de Segarra;total;homes;població;;106
2000;Aguilar de Segarra;total;dones;població;;107
2000;Aguilar de Segarra;total;total;població;;213
2000;Agullana;total;homes;població;;332
2000;Agullana;total;dones;població;;323
2000;Agullana;total;total;població;;655
2000;Aiguafreda;total;homes;població;;1054
2000;Aiguafreda;total;dones;població;;1093
2000;Aiguafreda;total;total;població;;2147
2000;Aiguamúrcia;total;homes;població;;339
2000;Aiguamúrcia;total;dones;població;;313
2000;Aiguamúrcia;total;total;població;;652
2000;Aiguaviva;total;homes;població;;261
2000;Aiguaviva;total;dones;població;;254
2000;Aiguaviva;total;total;població;;515
2000;Aitona;total;homes;població;;1086
2000;Aitona;total;dones;població;;1100
2000;Aitona;total;total;població;;2186
2000;Alamús, els;total;homes;població;;350
2000;Alamús, els;total;dones;població;;348
2000;Alamús, els;total;total;població;;698
2000;Alàs i Cerc;total;homes;població;;213
2000;Alàs i Cerc;total;dones;població;;187
2000;Alàs i Cerc;total;total;població;;400
2000;Albagés, l';total;homes;població;;265
2000;Albagés, l';total;dones;població;;245
2000;Albagés, l';total;total;població;;510
2000;Albanyà;total;homes;població;;68
2000;Albanyà;total;dones;població;;60
2000;Albanyà;total;total;població;;128
2000;Albatàrrec;total;homes;població;;567
2000;Albatàrrec;total;dones;població;;563
2000;Albatàrrec;total;total;població;;1130
2000;Albesa;total;homes;població;;738
2000;Albesa;total;dones;població;;756
2000;Albesa;total;total;població;;1494
2000;Albi, l';total;homes;població;;407
2000;Albi, l';total;dones;població;;375
2000;Albi, l';total;total;població;;782
2000;Albinyana;total;homes;població;;718
2000;Albinyana;total;dones;població;;662
2000;Albinyana;total;total;població;;1380
2000;Albiol, l';total;homes;població;;96
2000;Albiol, l';total;dones;població;;79
2000;Albiol, l';total;total;població;;175
2000;Albons;total;homes;població;;300
2000;Albons;total;dones;població;;272
2000;Albons;total;total;població;;572
2000;Alcanar;total;homes;població;;3917
2000;Alcanar;total;dones;població;;3961
2000;Alcanar;total;total;població;;7878
2000;Alcanó;total;homes;població;;133
2000;Alcanó;total;dones;població;;126
2000;Alcanó;total;total;població;;259
2000;Alcarràs;total;homes;població;;2393
2000;Alcarràs;total;dones;població;;2374
2000;Alcarràs;total;total;població;;4767
2000;Alcoletge;total;homes;població;;919
2000;Alcoletge;total;dones;població;;851
2000;Alcoletge;total;total;població;;1770
2000;Alcover;total;homes;població;;1927
2000;Alcover;total;dones;població;;1860
2000;Alcover;total;total;població;;3787
2000;Aldea, l';total;homes;població;;1803
2000;Aldea, l';total;dones;població;;1743
2000;Aldea, l';total;total;població;;3546
2000;Aldover;total;homes;població;;377
2000;Aldover;total;dones;població;;415
2000;Aldover;total;total;població;;792
2000;Aleixar, l';total;homes;població;;367
2000;Aleixar, l';total;dones;població;;350
2000;Aleixar, l';total;total;població;;717
2000;Alella;total;homes;població;;4180
2000;Alella;total;dones;població;;4233
2000;Alella;total;total;població;;8413
2000;Alfara de Carles;total;homes;població;;194
2000;Alfara de Carles;total;dones;població;;171
2000;Alfara de Carles;total;total;població;;365
2000;Alfarràs;total;homes;població;;1414
2000;Alfarràs;total;dones;població;;1491
2000;Alfarràs;total;total;població;;2905
2000;Alfés;total;homes;població;;171
2000;Alfés;total;dones;població;;157
2000;Alfés;total;total;població;;328
2000;Alforja;total;homes;població;;648
2000;Alforja;total;dones;població;;621
2000;Alforja;total;total;població;;1269
2000;Algerri;total;homes;població;;254
2000;Algerri;total;dones;població;;267
2000;Algerri;total;total;població;;521
2000;Alguaire;total;homes;població;;1425
2000;Alguaire;total;dones;població;;1382
2000;Alguaire;total;total;població;;2807
2000;Alins;total;homes;població;;136
2000;Alins;total;dones;població;;136
2000;Alins;total;total;població;;272
2000;Alió;total;homes;població;;185
2000;Alió;total;dones;població;;187
2000;Alió;total;total;població;;372
2000;Almacelles;total;homes;població;;2813
2000;Almacelles;total;dones;població;;2751
2000;Almacelles;total;total;població;;5564
2000;Almatret;total;homes;població;;253
2000;Almatret;total;dones;població;;231
2000;Almatret;total;total;població;;484
2000;Almenar;total;homes;població;;1763
2000;Almenar;total;dones;població;;1678
2000;Almenar;total;total;població;;3441
2000;Almoster;total;homes;població;;423
2000;Almoster;total;dones;població;;400
2000;Almoster;total;total;població;;823
2000;Alòs de Balaguer;total;homes;població;;109
2000;Alòs de Balaguer;total;dones;població;;78
2000;Alòs de Balaguer;total;total;població;;187
2000;Alp;total;homes;població;;620
2000;Alp;total;dones;població;;574
2000;Alp;total;total;població;;1194
2000;Alpens;total;homes;població;;140
2000;Alpens;total;dones;població;;124
2000;Alpens;total;total;població;;264
2000;Alpicat;total;homes;població;;2005
2000;Alpicat;total;dones;població;;2011
2000;Alpicat;total;total;població;;4016
2000;Alt Àneu;total;homes;població;;227
2000;Alt Àneu;total;dones;població;;184
2000;Alt Àneu;total;total;població;;411
2000;Altafulla;total;homes;població;;1589
2000;Altafulla;total;dones;població;;1522
2000;Altafulla;total;total;població;;3111
2000;Amer;total;homes;població;;1092
2000;Amer;total;dones;població;;1128
2000;Amer;total;total;població;;2220
2000;Ametlla de Mar, l';total;homes;població;;2482
2000;Ametlla de Mar, l';total;dones;població;;2464
2000;Ametlla de Mar, l';total;total;població;;4946
2000;Ametlla del Vallès, l';total;homes;població;;2823
2000;Ametlla del Vallès, l';total;dones;població;;2874
2000;Ametlla del Vallès, l';total;total;població;;5697
2000;Ampolla, l';total;homes;població;;906
2000;Ampolla, l';total;dones;població;;925
2000;Ampolla, l';total;total;població;;1831
2000;Amposta;total;homes;població;;8073
2000;Amposta;total;dones;població;;8299
2000;Amposta;total;total;població;;16372
2000;Anglès;total;homes;població;;2527
2000;Anglès;total;dones;població;;2482
2000;Anglès;total;total;població;;5009
2000;Anglesola;total;homes;població;;652
2000;Anglesola;total;dones;població;;625
2000;Anglesola;total;total;població;;1277
2000;Arbeca;total;homes;població;;1220
2000;Arbeca;total;dones;població;;1164
2000;Arbeca;total;total;població;;2384
2000;Arboç, l';total;homes;població;;1841
2000;Arboç, l';total;dones;població;;1710
2000;Arboç, l';total;total;població;;3551
2000;Arbolí;total;homes;població;;70
2000;Arbolí;total;dones;població;;69
2000;Arbolí;total;total;població;;139
2000;Arbúcies;total;homes;població;;2543
2000;Arbúcies;total;dones;població;;2483
2000;Arbúcies;total;total;població;;5026
2000;Arenys de Mar;total;homes;població;;6046
2000;Arenys de Mar;total;dones;població;;6564
2000;Arenys de Mar;total;total;població;;12610
2000;Arenys de Munt;total;homes;població;;3097
2000;Arenys de Munt;total;dones;població;;3145
2000;Arenys de Munt;total;total;població;;6242
2000;Argelaguer;total;homes;població;;206
2000;Argelaguer;total;dones;població;;173
2000;Argelaguer;total;total;població;;379
2000;Argençola;total;homes;població;;105
2000;Argençola;total;dones;població;;91
2000;Argençola;total;total;població;;196
2000;Argentera, l';total;homes;població;;85
2000;Argentera, l';total;dones;població;;63
2000;Argentera, l';total;total;població;;148
2000;Argentona;total;homes;població;;4706
2000;Argentona;total;dones;població;;4776
2000;Argentona;total;total;població;;9482
2000;Armentera, l';total;homes;població;;375
2000;Armentera, l';total;dones;població;;381
2000;Armentera, l';total;total;població;;756
2000;Arnes;total;homes;població;;268
2000;Arnes;total;dones;població;;249
2000;Arnes;total;total;població;;517
2000;Arres;total;homes;població;;32
2000;Arres;total;dones;població;;31
2000;Arres;total;total;població;;63
2000;Arsèguel;total;homes;població;;58
2000;Arsèguel;total;dones;població;;50
2000;Arsèguel;total;total;població;;108
2000;Artés;total;homes;població;;2173
2000;Artés;total;dones;població;;2195
2000;Artés;total;total;població;;4368
2000;Artesa de Lleida;total;homes;població;;683
2000;Artesa de Lleida;total;dones;població;;643
2000;Artesa de Lleida;total;total;població;;1326
2000;Artesa de Segre;total;homes;població;;1624
2000;Artesa de Segre;total;dones;població;;1545
2000;Artesa de Segre;total;total;població;;3169
2000;Ascó;total;homes;població;;864
2000;Ascó;total;dones;població;;843
2000;Ascó;total;total;població;;1707
2000;Aspa;total;homes;població;;135
2000;Aspa;total;dones;població;;132
2000;Aspa;total;total;població;;267
2000;Avellanes i Santa Linya, les;total;homes;població;;257
2000;Avellanes i Santa Linya, les;total;dones;població;;226
2000;Avellanes i Santa Linya, les;total;total;població;;483
2000;Avià;total;homes;població;;930
2000;Avià;total;dones;població;;915
2000;Avià;total;total;població;;1845
2000;Avinyó;total;homes;població;;977
2000;Avinyó;total;dones;població;;1022
2000;Avinyó;total;total;població;;1999
2000;Avinyonet de Puigventós;total;homes;població;;315
2000;Avinyonet de Puigventós;total;dones;població;;303
2000;Avinyonet de Puigventós;total;total;població;;618
2000;Avinyonet del Penedès;total;homes;població;;619
2000;Avinyonet del Penedès;total;dones;població;;548
2000;Avinyonet del Penedès;total;total;població;;1167
2000;Badalona;total;homes;població;;103124
2000;Badalona;total;dones;població;;105820
2000;Badalona;total;total;població;;208944
2000;Badia del Vallès;total;homes;població;;7825
2000;Badia del Vallès;total;dones;població;;7708
2000;Badia del Vallès;total;total;població;;15533
2000;Bagà;total;homes;població;;1004
2000;Bagà;total;dones;població;;1074
2000;Bagà;total;total;població;;2078
2000;Baix Pallars;total;homes;població;;207
2000;Baix Pallars;total;dones;població;;156
2000;Baix Pallars;total;total;població;;363
2000;Balaguer;total;homes;població;;6509
2000;Balaguer;total;dones;població;;6766
2000;Balaguer;total;total;població;;13275
2000;Balenyà;total;homes;població;;1560
2000;Balenyà;total;dones;població;;1565
2000;Balenyà;total;total;població;;3125
2000;Balsareny;total;homes;població;;1590
2000;Balsareny;total;dones;població;;1640
2000;Balsareny;total;total;població;;3230
2000;Banyeres del Penedès;total;homes;població;;885
2000;Banyeres del Penedès;total;dones;població;;809
2000;Banyeres del Penedès;total;total;població;;1694
2000;Banyoles;total;homes;població;;7410
2000;Banyoles;total;dones;població;;7674
2000;Banyoles;total;total;població;;15084
2000;Barbens;total;homes;població;;403
2000;Barbens;total;dones;població;;384
2000;Barbens;total;total;població;;787
2000;Barberà de la Conca;total;homes;població;;202
2000;Barberà de la Conca;total;dones;població;;207
2000;Barberà de la Conca;total;total;població;;409
2000;Barberà del Vallès;total;homes;població;;13393
2000;Barberà del Vallès;total;dones;població;;13288
2000;Barberà del Vallès;total;total;població;;26681
2000;Barcelona;total;homes;població;;699645
2000;Barcelona;total;dones;població;;796621
2000;Barcelona;total;total;població;;1496266
2000;Baronia de Rialb, la;total;homes;població;;139
2000;Baronia de Rialb, la;total;dones;població;;127
2000;Baronia de Rialb, la;total;total;població;;266
2000;Bàscara;total;homes;població;;422
2000;Bàscara;total;dones;població;;400
2000;Bàscara;total;total;població;;822
2000;Bassella;total;homes;població;;156
2000;Bassella;total;dones;població;;152
2000;Bassella;total;total;població;;308
2000;Batea;total;homes;població;;987
2000;Batea;total;dones;població;;977
2000;Batea;total;total;població;;1964
2000;Bausen;total;homes;població;;36
2000;Bausen;total;dones;població;;26
2000;Bausen;total;total;població;;62
2000;Begues;total;homes;població;;2108
2000;Begues;total;dones;població;;2081
2000;Begues;total;total;població;;4189
2000;Begur;total;homes;població;;1729
2000;Begur;total;dones;població;;1682
2000;Begur;total;total;població;;3411
2000;Belianes;total;homes;població;;260
2000;Belianes;total;dones;població;;290
2000;Belianes;total;total;població;;550
2000;Bellaguarda;total;homes;població;;174
2000;Bellaguarda;total;dones;població;;180
2000;Bellaguarda;total;total;població;;354
2000;Bellcaire d'Empordà;total;homes;població;;274
2000;Bellcaire d'Empordà;total;dones;població;;261
2000;Bellcaire d'Empordà;total;total;població;;535
2000;Bellcaire d'Urgell;total;homes;població;;626
2000;Bellcaire d'Urgell;total;dones;població;;681
2000;Bellcaire d'Urgell;total;total;població;;1307
2000;Bell-lloc d'Urgell;total;homes;població;;1050
2000;Bell-lloc d'Urgell;total;dones;població;;1074
2000;Bell-lloc d'Urgell;total;total;població;;2124
2000;Bellmunt d'Urgell;total;homes;població;;113
2000;Bellmunt d'Urgell;total;dones;població;;118
2000;Bellmunt d'Urgell;total;total;població;;231
2000;Bellmunt del Priorat;total;homes;població;;151
2000;Bellmunt del Priorat;total;dones;població;;159
2000;Bellmunt del Priorat;total;total;població;;310
2000;Bellprat;total;homes;població;;55
2000;Bellprat;total;dones;població;;40
2000;Bellprat;total;total;població;;95
2000;Bellpuig;total;homes;població;;2009
2000;Bellpuig;total;dones;població;;2032
2000;Bellpuig;total;total;població;;4041
2000;Bellvei;total;homes;població;;722
2000;Bellvei;total;dones;població;;646
2000;Bellvei;total;total;població;;1368
2000;Bellver de Cerdanya;total;homes;població;;861
2000;Bellver de Cerdanya;total;dones;població;;753
2000;Bellver de Cerdanya;total;total;població;;1614
2000;Bellvís;total;homes;població;;1067
2000;Bellvís;total;dones;població;;1106
2000;Bellvís;total;total;població;;2173
2000;Benavent de Segrià;total;homes;població;;469
2000;Benavent de Segrià;total;dones;població;;435
2000;Benavent de Segrià;total;total;població;;904
2000;Benifallet;total;homes;població;;441
2000;Benifallet;total;dones;població;;442
2000;Benifallet;total;total;població;;883
2000;Benissanet;total;homes;població;;523
2000;Benissanet;total;dones;població;;499
2000;Benissanet;total;total;població;;1022
2000;Berga;total;homes;població;;6929
2000;Berga;total;dones;població;;7376
2000;Berga;total;total;població;;14305
2000;Besalú;total;homes;població;;971
2000;Besalú;total;dones;població;;1025
2000;Besalú;total;total;població;;1996
2000;Bescanó;total;homes;població;;1603
2000;Bescanó;total;dones;població;;1584
2000;Bescanó;total;total;població;;3187
2000;Beuda;total;homes;població;;73
2000;Beuda;total;dones;població;;60
2000;Beuda;total;total;població;;133
2000;Bigues i Riells del Fai;total;homes;població;;2848
2000;Bigues i Riells del Fai;total;dones;població;;2588
2000;Bigues i Riells del Fai;total;total;població;;5436
2000;Biosca;total;homes;població;;126
2000;Biosca;total;dones;població;;121
2000;Biosca;total;total;població;;247
2000;Bisbal d'Empordà, la;total;homes;població;;4070
2000;Bisbal d'Empordà, la;total;dones;població;;4194
2000;Bisbal d'Empordà, la;total;total;població;;8264
2000;Bisbal de Montsant, la;total;homes;població;;120
2000;Bisbal de Montsant, la;total;dones;població;;122
2000;Bisbal de Montsant, la;total;total;població;;242
2000;Bisbal del Penedès, la;total;homes;població;;1023
2000;Bisbal del Penedès, la;total;dones;població;;920
2000;Bisbal del Penedès, la;total;total;població;;1943
2000;Biure;total;homes;població;;107
2000;Biure;total;dones;població;;110
2000;Biure;total;total;població;;217
2000;Blancafort;total;homes;població;;196
2000;Blancafort;total;dones;població;;183
2000;Blancafort;total;total;població;;379
2000;Blanes;total;homes;població;;15272
2000;Blanes;total;dones;població;;15169
2000;Blanes;total;total;població;;30441
2000;Boadella i les Escaules;total;homes;població;;110
2000;Boadella i les Escaules;total;dones;població;;109
2000;Boadella i les Escaules;total;total;població;;219
2000;Bolvir;total;homes;població;;144
2000;Bolvir;total;dones;població;;140
2000;Bolvir;total;total;població;;284
2000;Bonastre;total;homes;població;;166
2000;Bonastre;total;dones;població;;153
2000;Bonastre;total;total;població;;319
2000;Bòrdes, Es;total;homes;població;;111
2000;Bòrdes, Es;total;dones;població;;101
2000;Bòrdes, Es;total;total;població;;212
2000;Bordils;total;homes;població;;697
2000;Bordils;total;dones;població;;686
2000;Bordils;total;total;població;;1383
2000;Borges Blanques, les;total;homes;població;;2601
2000;Borges Blanques, les;total;dones;població;;2611
2000;Borges Blanques, les;total;total;població;;5212
2000;Borges del Camp, les;total;homes;població;;797
2000;Borges del Camp, les;total;dones;població;;780
2000;Borges del Camp, les;total;total;població;;1577
2000;Borrassà;total;homes;població;;268
2000;Borrassà;total;dones;població;;265
2000;Borrassà;total;total;població;;533
2000;Borredà;total;homes;població;;243
2000;Borredà;total;dones;població;;242
2000;Borredà;total;total;població;;485
2000;Bossòst;total;homes;població;;434
2000;Bossòst;total;dones;població;;432
2000;Bossòst;total;total;població;;866
2000;Bot;total;homes;població;;419
2000;Bot;total;dones;població;;411
2000;Bot;total;total;població;;830
2000;Botarell;total;homes;població;;318
2000;Botarell;total;dones;població;;306
2000;Botarell;total;total;població;;624
2000;Bovera;total;homes;població;;202
2000;Bovera;total;dones;població;;194
2000;Bovera;total;total;població;;396
2000;Bràfim;total;homes;població;;279
2000;Bràfim;total;dones;població;;294
2000;Bràfim;total;total;població;;573
2000;Breda;total;homes;població;;1717
2000;Breda;total;dones;població;;1628
2000;Breda;total;total;població;;3345
2000;Bruc, el;total;homes;població;;544
2000;Bruc, el;total;dones;població;;485
2000;Bruc, el;total;total;població;;1029
2000;Brull, el;total;homes;població;;109
2000;Brull, el;total;dones;població;;88
2000;Brull, el;total;total;població;;197
2000;Brunyola i Sant Martí Sapresa;total;homes;població;;195
2000;Brunyola i Sant Martí Sapresa;total;dones;població;;188
2000;Brunyola i Sant Martí Sapresa;total;total;població;;383
2000;Cabacés;total;homes;població;;178
2000;Cabacés;total;dones;població;;161
2000;Cabacés;total;total;població;;339
2000;Cabanabona;total;homes;població;;49
2000;Cabanabona;total;dones;població;;49
2000;Cabanabona;total;total;població;;98
2000;Cabanelles;total;homes;població;;129
2000;Cabanelles;total;dones;població;;97
2000;Cabanelles;total;total;població;;226
2000;Cabanes;total;homes;població;;409
2000;Cabanes;total;dones;població;;389
2000;Cabanes;total;total;població;;798
2000;Cabanyes, les;total;homes;població;;290
2000;Cabanyes, les;total;dones;població;;254
2000;Cabanyes, les;total;total;població;;544
2000;Cabó;total;homes;població;;71
2000;Cabó;total;dones;població;;52
2000;Cabó;total;total;població;;123
2000;Cabra del Camp;total;homes;població;;315
2000;Cabra del Camp;total;dones;població;;286
2000;Cabra del Camp;total;total;població;;601
2000;Cabrera d'Anoia;total;homes;població;;291
2000;Cabrera d'Anoia;total;dones;població;;237
2000;Cabrera d'Anoia;total;total;població;;528
2000;Cabrera de Mar;total;homes;població;;1899
2000;Cabrera de Mar;total;dones;població;;1817
2000;Cabrera de Mar;total;total;població;;3716
2000;Cabrils;total;homes;població;;2293
2000;Cabrils;total;dones;població;;2400
2000;Cabrils;total;total;població;;4693
2000;Cadaqués;total;homes;població;;1117
2000;Cadaqués;total;dones;població;;1184
2000;Cadaqués;total;total;població;;2301
2000;Calaf;total;homes;població;;1500
2000;Calaf;total;dones;població;;1516
2000;Calaf;total;total;població;;3016
2000;Calafell;total;homes;població;;6160
2000;Calafell;total;dones;població;;6059
2000;Calafell;total;total;població;;12219
2000;Calders;total;homes;població;;395
2000;Calders;total;dones;població;;368
2000;Calders;total;total;població;;763
2000;Caldes d'Estrac;total;homes;població;;951
2000;Caldes d'Estrac;total;dones;població;;1022
2000;Caldes d'Estrac;total;total;població;;1973
2000;Caldes de Malavella;total;homes;població;;2038
2000;Caldes de Malavella;total;dones;població;;1993
2000;Caldes de Malavella;total;total;població;;4031
2000;Caldes de Montbui;total;homes;població;;6149
2000;Caldes de Montbui;total;dones;població;;6315
2000;Caldes de Montbui;total;total;població;;12464
2000;Calella;total;homes;població;;6319
2000;Calella;total;dones;població;;6736
2000;Calella;total;total;població;;13055
2000;Calldetenes;total;homes;població;;1036
2000;Calldetenes;total;dones;població;;970
2000;Calldetenes;total;total;població;;2006
2000;Callús;total;homes;població;;661
2000;Callús;total;dones;població;;668
2000;Callús;total;total;població;;1329
2000;Calonge de Segarra;total;homes;població;;101
2000;Calonge de Segarra;total;dones;població;;95
2000;Calonge de Segarra;total;total;població;;196
2000;Calonge i Sant Antoni;total;homes;població;;3398
2000;Calonge i Sant Antoni;total;dones;població;;3385
2000;Calonge i Sant Antoni;total;total;població;;6783
2000;Camarasa;total;homes;població;;449
2000;Camarasa;total;dones;població;;436
2000;Camarasa;total;total;població;;885
2000;Camarles;total;homes;població;;1428
2000;Camarles;total;dones;població;;1459
2000;Camarles;total;total;població;;2887
2000;Cambrils;total;homes;població;;9911
2000;Cambrils;total;dones;població;;10031
2000;Cambrils;total;total;població;;19942
2000;Camós;total;homes;població;;327
2000;Camós;total;dones;població;;310
2000;Camós;total;total;població;;637
2000;Campdevànol;total;homes;població;;1652
2000;Campdevànol;total;dones;població;;1718
2000;Campdevànol;total;total;població;;3370
2000;Campelles;total;homes;població;;67
2000;Campelles;total;dones;població;;58
2000;Campelles;total;total;població;;125
2000;Campins;total;homes;població;;150
2000;Campins;total;dones;població;;142
2000;Campins;total;total;població;;292
2000;Campllong;total;homes;població;;158
2000;Campllong;total;dones;població;;149
2000;Campllong;total;total;població;;307
2000;Camprodon;total;homes;població;;1138
2000;Camprodon;total;dones;població;;1181
2000;Camprodon;total;total;població;;2319
2000;Canejan;total;homes;població;;52
2000;Canejan;total;dones;població;;56
2000;Canejan;total;total;població;;108
2000;Canet d'Adri;total;homes;població;;270
2000;Canet d'Adri;total;dones;població;;249
2000;Canet d'Adri;total;total;població;;519
2000;Canet de Mar;total;homes;població;;4946
2000;Canet de Mar;total;dones;població;;5192
2000;Canet de Mar;total;total;població;;10138
2000;Canonja, la;total;homes;població;..; 
2000;Canonja, la;total;dones;població;..; 
2000;Canonja, la;total;total;població;..; 
2000;Canovelles;total;homes;població;;6566
2000;Canovelles;total;dones;població;;6450
2000;Canovelles;total;total;població;;13016
2000;Cànoves i Samalús;total;homes;població;;968
2000;Cànoves i Samalús;total;dones;població;;902
2000;Cànoves i Samalús;total;total;població;;1870
2000;Cantallops;total;homes;població;;136
2000;Cantallops;total;dones;població;;131
2000;Cantallops;total;total;població;;267
2000;Canyelles;total;homes;població;;983
2000;Canyelles;total;dones;població;;855
2000;Canyelles;total;total;població;;1838
2000;Capafonts;total;homes;població;;65
2000;Capafonts;total;dones;població;;59
2000;Capafonts;total;total;població;;124
2000;Capçanes;total;homes;població;;184
2000;Capçanes;total;dones;població;;217
2000;Capçanes;total;total;població;;401
2000;Capellades;total;homes;població;;2390
2000;Capellades;total;dones;població;;2491
2000;Capellades;total;total;població;;4881
2000;Capmany;total;homes;població;;203
2000;Capmany;total;dones;població;;206
2000;Capmany;total;total;població;;409
2000;Capolat;total;homes;població;;38
2000;Capolat;total;dones;població;;25
2000;Capolat;total;total;població;;63
2000;Cardedeu;total;homes;població;;6005
2000;Cardedeu;total;dones;població;;6073
2000;Cardedeu;total;total;població;;12078
2000;Cardona;total;homes;població;;2707
2000;Cardona;total;dones;població;;2860
2000;Cardona;total;total;població;;5567
2000;Carme;total;homes;població;;350
2000;Carme;total;dones;població;;336
2000;Carme;total;total;població;;686
2000;Caseres;total;homes;població;;161
2000;Caseres;total;dones;població;;164
2000;Caseres;total;total;població;;325
2000;Cassà de la Selva;total;homes;població;;3834
2000;Cassà de la Selva;total;dones;població;;3858
2000;Cassà de la Selva;total;total;població;;7692
2000;Casserres;total;homes;població;;778
2000;Casserres;total;dones;població;;856
2000;Casserres;total;total;població;;1634
2000;Castell d'Aro, Platja d'Aro i s'Agaró;total;homes;població;;3382
2000;Castell d'Aro, Platja d'Aro i s'Agaró;total;dones;població;;3306
2000;Castell d'Aro, Platja d'Aro i s'Agaró;total;total;població;;6688
2000;Castell de l'Areny;total;homes;població;;30
2000;Castell de l'Areny;total;dones;població;;18
2000;Castell de l'Areny;total;total;població;;48
2000;Castell de Mur;total;homes;població;;78
2000;Castell de Mur;total;dones;població;;71
2000;Castell de Mur;total;total;població;;149
2000;Castellar de la Ribera;total;homes;població;;70
2000;Castellar de la Ribera;total;dones;població;;83
2000;Castellar de la Ribera;total;total;població;;153
2000;Castellar de n'Hug;total;homes;població;;97
2000;Castellar de n'Hug;total;dones;població;;91
2000;Castellar de n'Hug;total;total;població;;188
2000;Castellar del Riu;total;homes;població;;66
2000;Castellar del Riu;total;dones;població;;48
2000;Castellar del Riu;total;total;població;;114
2000;Castellar del Vallès;total;homes;població;;8714
2000;Castellar del Vallès;total;dones;població;;8730
2000;Castellar del Vallès;total;total;població;;17444
2000;Castellbell i el Vilar;total;homes;població;;1379
2000;Castellbell i el Vilar;total;dones;població;;1374
2000;Castellbell i el Vilar;total;total;població;;2753
2000;Castellbisbal;total;homes;població;;4073
2000;Castellbisbal;total;dones;població;;3814
2000;Castellbisbal;total;total;població;;7887
2000;Castellcir;total;homes;població;;204
2000;Castellcir;total;dones;població;;162
2000;Castellcir;total;total;població;;366
2000;Castelldans;total;homes;població;;483
2000;Castelldans;total;dones;població;;476
2000;Castelldans;total;total;població;;959
2000;Castelldefels;total;homes;població;;22538
2000;Castelldefels;total;dones;població;;22553
2000;Castelldefels;total;total;població;;45091
2000;Castellet i la Gornal;total;homes;població;;705
2000;Castellet i la Gornal;total;dones;població;;699
2000;Castellet i la Gornal;total;total;població;;1404
2000;Castellfollit de la Roca;total;homes;població;;478
2000;Castellfollit de la Roca;total;dones;població;;485
2000;Castellfollit de la Roca;total;total;població;;963
2000;Castellfollit de Riubregós;total;homes;població;;117
2000;Castellfollit de Riubregós;total;dones;població;;116
2000;Castellfollit de Riubregós;total;total;població;;233
2000;Castellfollit del Boix;total;homes;població;;186
2000;Castellfollit del Boix;total;dones;població;;198
2000;Castellfollit del Boix;total;total;població;;384
2000;Castellgalí;total;homes;població;;477
2000;Castellgalí;total;dones;població;;451
2000;Castellgalí;total;total;població;;928
2000;Castellnou de Bages;total;homes;població;;276
2000;Castellnou de Bages;total;dones;població;;250
2000;Castellnou de Bages;total;total;població;;526
2000;Castellnou de Seana;total;homes;població;;362
2000;Castellnou de Seana;total;dones;població;;339
2000;Castellnou de Seana;total;total;població;;701
2000;Castelló d'Empúries;total;homes;població;;3202
2000;Castelló d'Empúries;total;dones;població;;3064
2000;Castelló d'Empúries;total;total;població;;6266
2000;Castelló de Farfanya;total;homes;població;;298
2000;Castelló de Farfanya;total;dones;població;;289
2000;Castelló de Farfanya;total;total;població;;587
2000;Castellolí;total;homes;població;;219
2000;Castellolí;total;dones;població;;208
2000;Castellolí;total;total;població;;427
2000;Castellserà;total;homes;població;;541
2000;Castellserà;total;dones;població;;566
2000;Castellserà;total;total;població;;1107
2000;Castellterçol;total;homes;població;;983
2000;Castellterçol;total;dones;població;;1017
2000;Castellterçol;total;total;població;;2000
2000;Castellvell del Camp;total;homes;població;;543
2000;Castellvell del Camp;total;dones;població;;519
2000;Castellvell del Camp;total;total;població;;1062
2000;Castellví de la Marca;total;homes;població;;730
2000;Castellví de la Marca;total;dones;població;;715
2000;Castellví de la Marca;total;total;població;;1445
2000;Castellví de Rosanes;total;homes;població;;563
2000;Castellví de Rosanes;total;dones;població;;533
2000;Castellví de Rosanes;total;total;població;;1096
2000;Catllar, el;total;homes;població;;1243
2000;Catllar, el;total;dones;població;;1120
2000;Catllar, el;total;total;població;;2363
2000;Cava;total;homes;població;;34
2000;Cava;total;dones;població;;23
2000;Cava;total;total;població;;57
2000;Cellera de Ter, la;total;homes;població;;1002
2000;Cellera de Ter, la;total;dones;població;;1017
2000;Cellera de Ter, la;total;total;població;;2019
2000;Celrà;total;homes;població;;1293
2000;Celrà;total;dones;població;;1342
2000;Celrà;total;total;població;;2635
2000;Centelles;total;homes;població;;2851
2000;Centelles;total;dones;població;;2942
2000;Centelles;total;total;població;;5793
2000;Cercs;total;homes;població;;727
2000;Cercs;total;dones;població;;727
2000;Cercs;total;total;població;;1454
2000;Cerdanyola del Vallès;total;homes;població;;26403
2000;Cerdanyola del Vallès;total;dones;població;;26375
2000;Cerdanyola del Vallès;total;total;població;;52778
2000;Cervelló;total;homes;població;;3033
2000;Cervelló;total;dones;població;;3031
2000;Cervelló;total;total;població;;6064
2000;Cervera;total;homes;població;;3659
2000;Cervera;total;dones;població;;3778
2000;Cervera;total;total;població;;7437
2000;Cervià de les Garrigues;total;homes;població;;438
2000;Cervià de les Garrigues;total;dones;població;;407
2000;Cervià de les Garrigues;total;total;població;;845
2000;Cervià de Ter;total;homes;població;;306
2000;Cervià de Ter;total;dones;població;;301
2000;Cervià de Ter;total;total;població;;607
2000;Cistella;total;homes;població;;115
2000;Cistella;total;dones;població;;116
2000;Cistella;total;total;població;;231
2000;Ciutadilla;total;homes;població;;108
2000;Ciutadilla;total;dones;població;;105
2000;Ciutadilla;total;total;població;;213
2000;Clariana de Cardener;total;homes;població;;75
2000;Clariana de Cardener;total;dones;població;;70
2000;Clariana de Cardener;total;total;població;;145
2000;Cogul, el;total;homes;població;;121
2000;Cogul, el;total;dones;població;;111
2000;Cogul, el;total;total;població;;232
2000;Colera;total;homes;població;;310
2000;Colera;total;dones;població;;282
2000;Colera;total;total;població;;592
2000;Coll de Nargó;total;homes;població;;323
2000;Coll de Nargó;total;dones;població;;283
2000;Coll de Nargó;total;total;població;;606
2000;Collbató;total;homes;població;;1124
2000;Collbató;total;dones;població;;975
2000;Collbató;total;total;població;;2099
2000;Colldejou;total;homes;població;;108
2000;Colldejou;total;dones;població;;90
2000;Colldejou;total;total;població;;198
2000;Collsuspina;total;homes;població;;137
2000;Collsuspina;total;dones;població;;117
2000;Collsuspina;total;total;població;;254
2000;Colomers;total;homes;població;;100
2000;Colomers;total;dones;població;;96
2000;Colomers;total;total;població;;196
2000;Coma i la Pedra, la;total;homes;població;;147
2000;Coma i la Pedra, la;total;dones;població;;93
2000;Coma i la Pedra, la;total;total;població;;240
2000;Conca de Dalt;total;homes;població;;218
2000;Conca de Dalt;total;dones;població;;201
2000;Conca de Dalt;total;total;població;;419
2000;Conesa;total;homes;població;;63
2000;Conesa;total;dones;població;;53
2000;Conesa;total;total;població;;116
2000;Constantí;total;homes;població;;2599
2000;Constantí;total;dones;població;;2422
2000;Constantí;total;total;població;;5021
2000;Copons;total;homes;població;;128
2000;Copons;total;dones;població;;143
2000;Copons;total;total;població;;271
2000;Corbera d'Ebre;total;homes;població;;543
2000;Corbera d'Ebre;total;dones;població;;513
2000;Corbera d'Ebre;total;total;població;;1056
2000;Corbera de Llobregat;total;homes;població;;4636
2000;Corbera de Llobregat;total;dones;població;;4454
2000;Corbera de Llobregat;total;total;població;;9090
2000;Corbins;total;homes;població;;537
2000;Corbins;total;dones;població;;518
2000;Corbins;total;total;població;;1055
2000;Corçà;total;homes;població;;574
2000;Corçà;total;dones;població;;579
2000;Corçà;total;total;població;;1153
2000;Cornellà de Llobregat;total;homes;població;;39716
2000;Cornellà de Llobregat;total;dones;població;;41282
2000;Cornellà de Llobregat;total;total;població;;80998
2000;Cornellà del Terri;total;homes;població;;963
2000;Cornellà del Terri;total;dones;població;;958
2000;Cornellà del Terri;total;total;població;;1921
2000;Cornudella de Montsant;total;homes;població;;427
2000;Cornudella de Montsant;total;dones;població;;413
2000;Cornudella de Montsant;total;total;població;;840
2000;Creixell;total;homes;població;;922
2000;Creixell;total;dones;població;;915
2000;Creixell;total;total;població;;1837
2000;Crespià;total;homes;població;;102
2000;Crespià;total;dones;població;;103
2000;Crespià;total;total;població;;205
2000;Cruïlles, Monells i Sant Sadurní de l'Heura;total;homes;població;;543
2000;Cruïlles, Monells i Sant Sadurní de l'Heura;total;dones;població;;553
2000;Cruïlles, Monells i Sant Sadurní de l'Heura;total;total;població;;1096
2000;Cubelles;total;homes;població;;3321
2000;Cubelles;total;dones;població;;3176
2000;Cubelles;total;total;població;;6497
2000;Cubells;total;homes;població;;194
2000;Cubells;total;dones;població;;188
2000;Cubells;total;total;població;;382
2000;Cunit;total;homes;població;;3059
2000;Cunit;total;dones;població;;2884
2000;Cunit;total;total;població;;5943
2000;Darnius;total;homes;població;;275
2000;Darnius;total;dones;població;;242
2000;Darnius;total;total;població;;517
2000;Das;total;homes;població;;85
2000;Das;total;dones;població;;73
2000;Das;total;total;població;;158
2000;Deltebre;total;homes;població;;5132
2000;Deltebre;total;dones;població;;5118
2000;Deltebre;total;total;població;;10250
2000;Dosrius;total;homes;població;;1453
2000;Dosrius;total;dones;població;;1393
2000;Dosrius;total;total;població;;2846
2000;Duesaigües;total;homes;població;;120
2000;Duesaigües;total;dones;població;;79
2000;Duesaigües;total;total;població;;199
2000;Escala, l';total;homes;població;;3155
2000;Escala, l';total;dones;població;;3130
2000;Escala, l';total;total;població;;6285
2000;Esparreguera;total;homes;població;;8643
2000;Esparreguera;total;dones;població;;8417
2000;Esparreguera;total;total;població;;17060
2000;Espinelves;total;homes;població;;90
2000;Espinelves;total;dones;població;;89
2000;Espinelves;total;total;població;;179
2000;Espluga Calba, l';total;homes;població;;222
2000;Espluga Calba, l';total;dones;població;;202
2000;Espluga Calba, l';total;total;població;;424
2000;Espluga de Francolí, l';total;homes;població;;1802
2000;Espluga de Francolí, l';total;dones;població;;1852
2000;Espluga de Francolí, l';total;total;població;;3654
2000;Esplugues de Llobregat;total;homes;població;;22474
2000;Esplugues de Llobregat;total;dones;població;;23194
2000;Esplugues de Llobregat;total;total;població;;45668
2000;Espolla;total;homes;població;;187
2000;Espolla;total;dones;població;;186
2000;Espolla;total;total;població;;373
2000;Esponellà;total;homes;població;;200
2000;Esponellà;total;dones;població;;202
2000;Esponellà;total;total;població;;402
2000;Espot;total;homes;població;;162
2000;Espot;total;dones;població;;136
2000;Espot;total;total;població;;298
2000;Espunyola, l';total;homes;població;;138
2000;Espunyola, l';total;dones;població;;138
2000;Espunyola, l';total;total;població;;276
2000;Esquirol, l';total;homes;població;;1042
2000;Esquirol, l';total;dones;població;;1046
2000;Esquirol, l';total;total;població;;2088
2000;Estamariu;total;homes;població;;66
2000;Estamariu;total;dones;població;;57
2000;Estamariu;total;total;població;;123
2000;Estany, l';total;homes;població;;189
2000;Estany, l';total;dones;població;;209
2000;Estany, l';total;total;població;;398
2000;Estaràs;total;homes;població;;103
2000;Estaràs;total;dones;població;;84
2000;Estaràs;total;total;població;;187
2000;Esterri d'Àneu;total;homes;població;;319
2000;Esterri d'Àneu;total;dones;població;;327
2000;Esterri d'Àneu;total;total;població;;646
2000;Esterri de Cardós;total;homes;població;;40
2000;Esterri de Cardós;total;dones;població;;35
2000;Esterri de Cardós;total;total;població;;75
2000;Falset;total;homes;població;;1234
2000;Falset;total;dones;població;;1214
2000;Falset;total;total;població;;2448
2000;Far d'Empordà, el;total;homes;població;;202
2000;Far d'Empordà, el;total;dones;població;;185
2000;Far d'Empordà, el;total;total;població;;387
2000;Farrera;total;homes;població;;57
2000;Farrera;total;dones;població;;40
2000;Farrera;total;total;població;;97
2000;Fatarella, la;total;homes;població;;620
2000;Fatarella, la;total;dones;població;;624
2000;Fatarella, la;total;total;població;;1244
2000;Febró, la;total;homes;població;;39
2000;Febró, la;total;dones;població;;24
2000;Febró, la;total;total;població;;63
2000;Figaró-Montmany;total;homes;població;;436
2000;Figaró-Montmany;total;dones;població;;389
2000;Figaró-Montmany;total;total;població;;825
2000;Fígols;total;homes;població;;29
2000;Fígols;total;dones;població;;21
2000;Fígols;total;total;població;;50
2000;Fígols i Alinyà;total;homes;població;;162
2000;Fígols i Alinyà;total;dones;població;;134
2000;Fígols i Alinyà;total;total;població;;296
2000;Figuera, la;total;homes;població;;61
2000;Figuera, la;total;dones;població;;60
2000;Figuera, la;total;total;població;;121
2000;Figueres;total;homes;població;;16529
2000;Figueres;total;dones;població;;17494
2000;Figueres;total;total;població;;34023
2000;Figuerola del Camp;total;homes;població;;134
2000;Figuerola del Camp;total;dones;població;;146
2000;Figuerola del Camp;total;total;població;;280
2000;Flaçà;total;homes;població;;417
2000;Flaçà;total;dones;població;;428
2000;Flaçà;total;total;població;;845
2000;Flix;total;homes;població;;2099
2000;Flix;total;dones;població;;2109
2000;Flix;total;total;població;;4208
2000;Floresta, la;total;homes;població;;96
2000;Floresta, la;total;dones;població;;81
2000;Floresta, la;total;total;població;;177
2000;Fogars de la Selva;total;homes;població;;359
2000;Fogars de la Selva;total;dones;població;;333
2000;Fogars de la Selva;total;total;població;;692
2000;Fogars de Montclús;total;homes;població;;182
2000;Fogars de Montclús;total;dones;població;;168
2000;Fogars de Montclús;total;total;població;;350
2000;Foixà;total;homes;població;;155
2000;Foixà;total;dones;població;;167
2000;Foixà;total;total;població;;322
2000;Folgueroles;total;homes;població;;797
2000;Folgueroles;total;dones;població;;801
2000;Folgueroles;total;total;població;;1598
2000;Fondarella;total;homes;població;;343
2000;Fondarella;total;dones;població;;337
2000;Fondarella;total;total;població;;680
2000;Fonollosa;total;homes;població;;476
2000;Fonollosa;total;dones;població;;465
2000;Fonollosa;total;total;població;;941
2000;Fontanals de Cerdanya;total;homes;població;;197
2000;Fontanals de Cerdanya;total;dones;població;;202
2000;Fontanals de Cerdanya;total;total;població;;399
2000;Fontanilles;total;homes;població;;83
2000;Fontanilles;total;dones;població;;70
2000;Fontanilles;total;total;població;;153
2000;Fontcoberta;total;homes;població;;553
2000;Fontcoberta;total;dones;població;;557
2000;Fontcoberta;total;total;població;;1110
2000;Font-rubí;total;homes;població;;622
2000;Font-rubí;total;dones;població;;578
2000;Font-rubí;total;total;població;;1200
2000;Foradada;total;homes;població;;125
2000;Foradada;total;dones;població;;90
2000;Foradada;total;total;població;;215
2000;Forallac;total;homes;població;;809
2000;Forallac;total;dones;població;;841
2000;Forallac;total;total;població;;1650
2000;Forès;total;homes;població;;33
2000;Forès;total;dones;població;;35
2000;Forès;total;total;població;;68
2000;Fornells de la Selva;total;homes;població;;723
2000;Fornells de la Selva;total;dones;població;;766
2000;Fornells de la Selva;total;total;població;;1489
2000;Fortià;total;homes;població;;259
2000;Fortià;total;dones;població;;266
2000;Fortià;total;total;població;;525
2000;Franqueses del Vallès, les;total;homes;població;;6139
2000;Franqueses del Vallès, les;total;dones;població;;6161
2000;Franqueses del Vallès, les;total;total;població;;12300
2000;Freginals;total;homes;població;;180
2000;Freginals;total;dones;població;;182
2000;Freginals;total;total;població;;362
2000;Fuliola, la;total;homes;població;;630
2000;Fuliola, la;total;dones;població;;621
2000;Fuliola, la;total;total;població;;1251
2000;Fulleda;total;homes;població;;61
2000;Fulleda;total;dones;població;;55
2000;Fulleda;total;total;població;;116
2000;Gaià;total;homes;població;;88
2000;Gaià;total;dones;població;;80
2000;Gaià;total;total;població;;168
2000;Galera, la;total;homes;població;;367
2000;Galera, la;total;dones;població;;379
2000;Galera, la;total;total;població;;746
2000;Gallifa;total;homes;població;;82
2000;Gallifa;total;dones;població;;74
2000;Gallifa;total;total;població;;156
2000;Gandesa;total;homes;població;;1284
2000;Gandesa;total;dones;població;;1280
2000;Gandesa;total;total;població;;2564
2000;Garcia;total;homes;població;;262
2000;Garcia;total;dones;població;;250
2000;Garcia;total;total;població;;512
2000;Garidells, els;total;homes;població;;80
2000;Garidells, els;total;dones;població;;82
2000;Garidells, els;total;total;població;;162
2000;Garriga, la;total;homes;població;;5593
2000;Garriga, la;total;dones;població;;5954
2000;Garriga, la;total;total;població;;11547
2000;Garrigàs;total;homes;població;;182
2000;Garrigàs;total;dones;població;;157
2000;Garrigàs;total;total;població;;339
2000;Garrigoles;total;homes;població;;81
2000;Garrigoles;total;dones;població;;69
2000;Garrigoles;total;total;població;;150
2000;Garriguella;total;homes;població;;369
2000;Garriguella;total;dones;població;;357
2000;Garriguella;total;total;població;;726
2000;Gavà;total;homes;població;;19524
2000;Gavà;total;dones;població;;19696
2000;Gavà;total;total;població;;39220
2000;Gavet de la Conca;total;homes;població;;159
2000;Gavet de la Conca;total;dones;població;;163
2000;Gavet de la Conca;total;total;població;;322
2000;Gelida;total;homes;població;;2174
2000;Gelida;total;dones;població;;2180
2000;Gelida;total;total;població;;4354
2000;Ger;total;homes;població;;200
2000;Ger;total;dones;població;;175
2000;Ger;total;total;població;;375
2000;Gimenells i el Pla de la Font;total;homes;població;;587
2000;Gimenells i el Pla de la Font;total;dones;població;;537
2000;Gimenells i el Pla de la Font;total;total;població;;1124
2000;Ginestar;total;homes;població;;423
2000;Ginestar;total;dones;població;;414
2000;Ginestar;total;total;població;;837
2000;Girona;total;homes;població;;35415
2000;Girona;total;dones;població;;38222
2000;Girona;total;total;població;;73637
2000;Gironella;total;homes;població;;2349
2000;Gironella;total;dones;població;;2518
2000;Gironella;total;total;població;;4867
2000;Gisclareny;total;homes;població;;14
2000;Gisclareny;total;dones;població;;12
2000;Gisclareny;total;total;població;;26
2000;Godall;total;homes;població;;366
2000;Godall;total;dones;població;;355
2000;Godall;total;total;població;;721
2000;Golmés;total;homes;població;;644
2000;Golmés;total;dones;població;;692
2000;Golmés;total;total;població;;1336
2000;Gombrèn;total;homes;població;;113
2000;Gombrèn;total;dones;població;;122
2000;Gombrèn;total;total;població;;235
2000;Gósol;total;homes;població;;125
2000;Gósol;total;dones;població;;100
2000;Gósol;total;total;població;;225
2000;Granada, la;total;homes;població;;645
2000;Granada, la;total;dones;població;;684
2000;Granada, la;total;total;població;;1329
2000;Granadella, la;total;homes;població;;420
2000;Granadella, la;total;dones;població;;390
2000;Granadella, la;total;total;població;;810
2000;Granera;total;homes;població;;40
2000;Granera;total;dones;població;;19
2000;Granera;total;total;població;;59
2000;Granja d'Escarp, la;total;homes;població;;586
2000;Granja d'Escarp, la;total;dones;població;;514
2000;Granja d'Escarp, la;total;total;població;;1100
2000;Granollers;total;homes;població;;25564
2000;Granollers;total;dones;població;;26859
2000;Granollers;total;total;població;;52423
2000;Granyanella;total;homes;població;;77
2000;Granyanella;total;dones;població;;73
2000;Granyanella;total;total;població;;150
2000;Granyena de les Garrigues;total;homes;població;;86
2000;Granyena de les Garrigues;total;dones;població;;84
2000;Granyena de les Garrigues;total;total;població;;170
2000;Granyena de Segarra;total;homes;població;;82
2000;Granyena de Segarra;total;dones;població;;76
2000;Granyena de Segarra;total;total;població;;158
2000;Gratallops;total;homes;població;;123
2000;Gratallops;total;dones;població;;109
2000;Gratallops;total;total;població;;232
2000;Gualba;total;homes;població;;409
2000;Gualba;total;dones;població;;374
2000;Gualba;total;total;població;;783
2000;Gualta;total;homes;població;;150
2000;Gualta;total;dones;població;;143
2000;Gualta;total;total;població;;293
2000;Guardiola de Berguedà;total;homes;població;;508
2000;Guardiola de Berguedà;total;dones;població;;505
2000;Guardiola de Berguedà;total;total;població;;1013
2000;Guiamets, els;total;homes;població;;152
2000;Guiamets, els;total;dones;població;;152
2000;Guiamets, els;total;total;població;;304
2000;Guils de Cerdanya;total;homes;població;;164
2000;Guils de Cerdanya;total;dones;població;;170
2000;Guils de Cerdanya;total;total;població;;334
2000;Guimerà;total;homes;població;;202
2000;Guimerà;total;dones;població;;197
2000;Guimerà;total;total;població;;399
2000;Guingueta d'Àneu, la;total;homes;població;;161
2000;Guingueta d'Àneu, la;total;dones;població;;152
2000;Guingueta d'Àneu, la;total;total;població;;313
2000;Guissona;total;homes;població;;1700
2000;Guissona;total;dones;població;;1639
2000;Guissona;total;total;població;;3339
2000;Guixers;total;homes;població;;91
2000;Guixers;total;dones;població;;60
2000;Guixers;total;total;població;;151
2000;Gurb;total;homes;població;;967
2000;Gurb;total;dones;població;;931
2000;Gurb;total;total;població;;1898
2000;Horta de Sant Joan;total;homes;població;;653
2000;Horta de Sant Joan;total;dones;població;;580
2000;Horta de Sant Joan;total;total;població;;1233
2000;Hospitalet de Llobregat, l';total;homes;població;;118140
2000;Hospitalet de Llobregat, l';total;dones;població;;123642
2000;Hospitalet de Llobregat, l';total;total;població;;241782
2000;Hostalets de Pierola, els;total;homes;població;;642
2000;Hostalets de Pierola, els;total;dones;població;;597
2000;Hostalets de Pierola, els;total;total;població;;1239
2000;Hostalric;total;homes;població;;1420
2000;Hostalric;total;dones;població;;1481
2000;Hostalric;total;total;població;;2901
2000;Igualada;total;homes;població;;15815
2000;Igualada;total;dones;població;;16701
2000;Igualada;total;total;població;;32516
2000;Isona i Conca Dellà;total;homes;població;;650
2000;Isona i Conca Dellà;total;dones;població;;572
2000;Isona i Conca Dellà;total;total;població;;1222
2000;Isòvol;total;homes;població;;113
2000;Isòvol;total;dones;població;;91
2000;Isòvol;total;total;població;;204
2000;Ivars d'Urgell;total;homes;població;;907
2000;Ivars d'Urgell;total;dones;població;;857
2000;Ivars d'Urgell;total;total;població;;1764
2000;Ivars de Noguera;total;homes;població;;171
2000;Ivars de Noguera;total;dones;població;;167
2000;Ivars de Noguera;total;total;població;;338
2000;Ivorra;total;homes;població;;72
2000;Ivorra;total;dones;població;;81
2000;Ivorra;total;total;població;;153
2000;Jafre;total;homes;població;;163
2000;Jafre;total;dones;població;;154
2000;Jafre;total;total;població;;317
2000;Jonquera, la;total;homes;població;;1288
2000;Jonquera, la;total;dones;població;;1277
2000;Jonquera, la;total;total;població;;2565
2000;Jorba;total;homes;població;;273
2000;Jorba;total;dones;població;;299
2000;Jorba;total;total;població;;572
2000;Josa i Tuixén;total;homes;població;;90
2000;Josa i Tuixén;total;dones;població;;79
2000;Josa i Tuixén;total;total;població;;169
2000;Juià;total;homes;població;;123
2000;Juià;total;dones;població;;143
2000;Juià;total;total;població;;266
2000;Juncosa;total;homes;població;;360
2000;Juncosa;total;dones;població;;269
2000;Juncosa;total;total;població;;629
2000;Juneda;total;homes;població;;1503
2000;Juneda;total;dones;població;;1485
2000;Juneda;total;total;població;;2988
2000;Les;total;homes;població;;351
2000;Les;total;dones;població;;346
2000;Les;total;total;població;;697
2000;Linyola;total;homes;població;;1192
2000;Linyola;total;dones;població;;1209
2000;Linyola;total;total;població;;2401
2000;Llacuna, la;total;homes;població;;441
2000;Llacuna, la;total;dones;població;;408
2000;Llacuna, la;total;total;població;;849
2000;Lladó;total;homes;població;;257
2000;Lladó;total;dones;població;;245
2000;Lladó;total;total;població;;502
2000;Lladorre;total;homes;població;;119
2000;Lladorre;total;dones;població;;115
2000;Lladorre;total;total;població;;234
2000;Lladurs;total;homes;població;;128
2000;Lladurs;total;dones;població;;116
2000;Lladurs;total;total;població;;244
2000;Llagosta, la;total;homes;població;;5968
2000;Llagosta, la;total;dones;població;;5965
2000;Llagosta, la;total;total;població;;11933
2000;Llagostera;total;homes;població;;2927
2000;Llagostera;total;dones;població;;2842
2000;Llagostera;total;total;població;;5769
2000;Llambilles;total;homes;població;;242
2000;Llambilles;total;dones;població;;230
2000;Llambilles;total;total;població;;472
2000;Llanars;total;homes;població;;249
2000;Llanars;total;dones;població;;240
2000;Llanars;total;total;població;;489
2000;Llançà;total;homes;població;;2007
2000;Llançà;total;dones;població;;2056
2000;Llançà;total;total;població;;4063
2000;Llardecans;total;homes;població;;322
2000;Llardecans;total;dones;població;;303
2000;Llardecans;total;total;població;;625
2000;Llavorsí;total;homes;població;;141
2000;Llavorsí;total;dones;població;;144
2000;Llavorsí;total;total;població;;285
2000;Lleida;total;homes;població;;54537
2000;Lleida;total;dones;població;;57657
2000;Lleida;total;total;població;;112194
2000;Llers;total;homes;població;;484
2000;Llers;total;dones;població;;470
2000;Llers;total;total;població;;954
2000;Lles de Cerdanya;total;homes;població;;161
2000;Lles de Cerdanya;total;dones;població;;127
2000;Lles de Cerdanya;total;total;població;;288
2000;Lliçà d'Amunt;total;homes;població;;4954
2000;Lliçà d'Amunt;total;dones;població;;4641
2000;Lliçà d'Amunt;total;total;població;;9595
2000;Lliçà de Vall;total;homes;població;;2610
2000;Lliçà de Vall;total;dones;població;;2460
2000;Lliçà de Vall;total;total;població;;5070
2000;Llimiana;total;homes;població;;81
2000;Llimiana;total;dones;població;;66
2000;Llimiana;total;total;població;;147
2000;Llinars del Vallès;total;homes;població;;3469
2000;Llinars del Vallès;total;dones;població;;3408
2000;Llinars del Vallès;total;total;població;;6877
2000;Llívia;total;homes;població;;535
2000;Llívia;total;dones;població;;478
2000;Llívia;total;total;població;;1013
2000;Lloar, el;total;homes;població;;61
2000;Lloar, el;total;dones;població;;62
2000;Lloar, el;total;total;població;;123
2000;Llobera;total;homes;població;;122
2000;Llobera;total;dones;població;;115
2000;Llobera;total;total;població;;237
2000;Llorac;total;homes;població;;58
2000;Llorac;total;dones;població;;62
2000;Llorac;total;total;població;;120
2000;Llorenç del Penedès;total;homes;població;;755
2000;Llorenç del Penedès;total;dones;població;;820
2000;Llorenç del Penedès;total;total;població;;1575
2000;Lloret de Mar;total;homes;població;;10081
2000;Lloret de Mar;total;dones;població;;9964
2000;Lloret de Mar;total;total;població;;20045
2000;Llosses, les;total;homes;població;;147
2000;Llosses, les;total;dones;població;;128
2000;Llosses, les;total;total;població;;275
2000;Lluçà;total;homes;població;;158
2000;Lluçà;total;dones;població;;130
2000;Lluçà;total;total;població;;288
2000;Maçanet de Cabrenys;total;homes;població;;342
2000;Maçanet de Cabrenys;total;dones;població;;322
2000;Maçanet de Cabrenys;total;total;població;;664
2000;Maçanet de la Selva;total;homes;població;;1953
2000;Maçanet de la Selva;total;dones;població;;1861
2000;Maçanet de la Selva;total;total;població;;3814
2000;Madremanya;total;homes;població;;83
2000;Madremanya;total;dones;població;;102
2000;Madremanya;total;total;població;;185
2000;Maià de Montcal;total;homes;població;;160
2000;Maià de Montcal;total;dones;població;;161
2000;Maià de Montcal;total;total;població;;321
2000;Maials;total;homes;població;;493
2000;Maials;total;dones;població;;492
2000;Maials;total;total;població;;985
2000;Maldà;total;homes;població;;153
2000;Maldà;total;dones;població;;139
2000;Maldà;total;total;població;;292
2000;Malgrat de Mar;total;homes;població;;6827
2000;Malgrat de Mar;total;dones;població;;6859
2000;Malgrat de Mar;total;total;població;;13686
2000;Malla;total;homes;població;;115
2000;Malla;total;dones;població;;140
2000;Malla;total;total;població;;255
2000;Manlleu;total;homes;població;;8722
2000;Manlleu;total;dones;població;;8798
2000;Manlleu;total;total;població;;17520
2000;Manresa;total;homes;població;;30608
2000;Manresa;total;dones;població;;33134
2000;Manresa;total;total;població;;63742
2000;Marçà;total;homes;població;;295
2000;Marçà;total;dones;població;;305
2000;Marçà;total;total;població;;600
2000;Margalef;total;homes;població;;66
2000;Margalef;total;dones;població;;63
2000;Margalef;total;total;població;;129
2000;Marganell;total;homes;població;;108
2000;Marganell;total;dones;població;;135
2000;Marganell;total;total;població;;243
2000;Martorell;total;homes;població;;10727
2000;Martorell;total;dones;població;;10587
2000;Martorell;total;total;població;;21314
2000;Martorelles;total;homes;població;;2450
2000;Martorelles;total;dones;població;;2445
2000;Martorelles;total;total;població;;4895
2000;Mas de Barberans;total;homes;població;;360
2000;Mas de Barberans;total;dones;població;;339
2000;Mas de Barberans;total;total;població;;699
2000;Masarac i Vilarnadal;total;homes;població;;119
2000;Masarac i Vilarnadal;total;dones;població;;126
2000;Masarac i Vilarnadal;total;total;població;;245
2000;Masdenverge;total;homes;població;;488
2000;Masdenverge;total;dones;població;;468
2000;Masdenverge;total;total;població;;956
2000;Masies de Roda, les;total;homes;població;;327
2000;Masies de Roda, les;total;dones;població;;328
2000;Masies de Roda, les;total;total;població;;655
2000;Masies de Voltregà, les;total;homes;població;;1309
2000;Masies de Voltregà, les;total;dones;població;;1394
2000;Masies de Voltregà, les;total;total;població;;2703
2000;Masllorenç;total;homes;població;;206
2000;Masllorenç;total;dones;població;;203
2000;Masllorenç;total;total;població;;409
2000;Masnou, el;total;homes;població;;10207
2000;Masnou, el;total;dones;població;;10869
2000;Masnou, el;total;total;població;;21076
2000;Masó, la;total;homes;població;;134
2000;Masó, la;total;dones;població;;141
2000;Masó, la;total;total;població;;275
2000;Maspujols;total;homes;població;;243
2000;Maspujols;total;dones;població;;221
2000;Maspujols;total;total;població;;464
2000;Masquefa;total;homes;població;;2331
2000;Masquefa;total;dones;població;;2251
2000;Masquefa;total;total;població;;4582
2000;Masroig, el;total;homes;població;;246
2000;Masroig, el;total;dones;població;;260
2000;Masroig, el;total;total;població;;506
2000;Massalcoreig;total;homes;població;;305
2000;Massalcoreig;total;dones;població;;333
2000;Massalcoreig;total;total;població;;638
2000;Massanes;total;homes;població;;288
2000;Massanes;total;dones;població;;254
2000;Massanes;total;total;població;;542
2000;Massoteres;total;homes;població;;95
2000;Massoteres;total;dones;població;;88
2000;Massoteres;total;total;població;;183
2000;Matadepera;total;homes;població;;3474
2000;Matadepera;total;dones;població;;3450
2000;Matadepera;total;total;població;;6924
2000;Mataró;total;homes;població;;51324
2000;Mataró;total;dones;població;;53335
2000;Mataró;total;total;població;;104659
2000;Mediona;total;homes;població;;745
2000;Mediona;total;dones;població;;701
2000;Mediona;total;total;població;;1446
2000;Menàrguens;total;homes;població;;412
2000;Menàrguens;total;dones;població;;394
2000;Menàrguens;total;total;població;;806
2000;Meranges;total;homes;població;;49
2000;Meranges;total;dones;població;;34
2000;Meranges;total;total;població;;83
2000;Mieres;total;homes;població;;163
2000;Mieres;total;dones;població;;173
2000;Mieres;total;total;població;;336
2000;Milà, el;total;homes;població;;79
2000;Milà, el;total;dones;població;;83
2000;Milà, el;total;total;població;;162
2000;Miralcamp;total;homes;població;;598
2000;Miralcamp;total;dones;població;;652
2000;Miralcamp;total;total;població;;1250
2000;Miravet;total;homes;població;;415
2000;Miravet;total;dones;població;;373
2000;Miravet;total;total;població;;788
2000;Moià;total;homes;població;;1961
2000;Moià;total;dones;població;;2027
2000;Moià;total;total;població;;3988
2000;Molar, el;total;homes;població;;152
2000;Molar, el;total;dones;població;;137
2000;Molar, el;total;total;població;;289
2000;Molins de Rei;total;homes;població;;9664
2000;Molins de Rei;total;dones;població;;10059
2000;Molins de Rei;total;total;població;;19723
2000;Mollerussa;total;homes;població;;4749
2000;Mollerussa;total;dones;població;;4832
2000;Mollerussa;total;total;població;;9581
2000;Mollet de Peralada;total;homes;població;;104
2000;Mollet de Peralada;total;dones;població;;85
2000;Mollet de Peralada;total;total;població;;189
2000;Mollet del Vallès;total;homes;població;;23079
2000;Mollet del Vallès;total;dones;població;;23125
2000;Mollet del Vallès;total;total;població;;46204
2000;Molló;total;homes;població;;174
2000;Molló;total;dones;població;;165
2000;Molló;total;total;població;;339
2000;Molsosa, la;total;homes;població;;68
2000;Molsosa, la;total;dones;població;;65
2000;Molsosa, la;total;total;població;;133
2000;Monistrol de Calders;total;homes;població;;296
2000;Monistrol de Calders;total;dones;població;;301
2000;Monistrol de Calders;total;total;població;;597
2000;Monistrol de Montserrat;total;homes;població;;1261
2000;Monistrol de Montserrat;total;dones;població;;1229
2000;Monistrol de Montserrat;total;total;població;;2490
2000;Montagut i Oix;total;homes;població;;409
2000;Montagut i Oix;total;dones;població;;383
2000;Montagut i Oix;total;total;població;;792
2000;Montblanc;total;homes;població;;2984
2000;Montblanc;total;dones;població;;3045
2000;Montblanc;total;total;població;;6029
2000;Montbrió del Camp;total;homes;població;;732
2000;Montbrió del Camp;total;dones;població;;727
2000;Montbrió del Camp;total;total;població;;1459
2000;Montcada i Reixac;total;homes;població;;13793
2000;Montcada i Reixac;total;dones;població;;14159
2000;Montcada i Reixac;total;total;població;;27952
2000;Montclar;total;homes;població;;61
2000;Montclar;total;dones;població;;56
2000;Montclar;total;total;població;;117
2000;Montellà i Martinet;total;homes;població;;265
2000;Montellà i Martinet;total;dones;població;;242
2000;Montellà i Martinet;total;total;població;;507
2000;Montesquiu;total;homes;població;;412
2000;Montesquiu;total;dones;població;;432
2000;Montesquiu;total;total;població;;844
2000;Montferrer i Castellbò;total;homes;població;;405
2000;Montferrer i Castellbò;total;dones;població;;333
2000;Montferrer i Castellbò;total;total;població;;738
2000;Montferri;total;homes;població;;80
2000;Montferri;total;dones;població;;77
2000;Montferri;total;total;població;;157
2000;Montgai;total;homes;població;;402
2000;Montgai;total;dones;població;;387
2000;Montgai;total;total;població;;789
2000;Montgat;total;homes;població;;4092
2000;Montgat;total;dones;població;;4213
2000;Montgat;total;total;població;;8305
2000;Montmajor;total;homes;població;;244
2000;Montmajor;total;dones;població;;229
2000;Montmajor;total;total;població;;473
2000;Montmaneu;total;homes;població;;102
2000;Montmaneu;total;dones;població;;92
2000;Montmaneu;total;total;població;;194
2000;Montmell, el;total;homes;població;;226
2000;Montmell, el;total;dones;població;;182
2000;Montmell, el;total;total;població;;408
2000;Montmeló;total;homes;població;;4207
2000;Montmeló;total;dones;població;;4230
2000;Montmeló;total;total;població;;8437
2000;Montoliu de Lleida;total;homes;població;;235
2000;Montoliu de Lleida;total;dones;població;;244
2000;Montoliu de Lleida;total;total;població;;479
2000;Montoliu de Segarra;total;homes;població;;109
2000;Montoliu de Segarra;total;dones;població;;83
2000;Montoliu de Segarra;total;total;població;;192
2000;Montornès de Segarra;total;homes;població;;48
2000;Montornès de Segarra;total;dones;població;;56
2000;Montornès de Segarra;total;total;població;;104
2000;Montornès del Vallès;total;homes;població;;6254
2000;Montornès del Vallès;total;dones;població;;6172
2000;Montornès del Vallès;total;total;població;;12426
2000;Mont-ral;total;homes;població;;89
2000;Mont-ral;total;dones;població;;71
2000;Mont-ral;total;total;població;;160
2000;Mont-ras;total;homes;població;;871
2000;Mont-ras;total;dones;població;;773
2000;Mont-ras;total;total;població;;1644
2000;Mont-roig del Camp;total;homes;població;;3402
2000;Mont-roig del Camp;total;dones;població;;3281
2000;Mont-roig del Camp;total;total;població;;6683
2000;Montseny;total;homes;població;;155
2000;Montseny;total;dones;població;;146
2000;Montseny;total;total;població;;301
2000;Móra d'Ebre;total;homes;població;;2376
2000;Móra d'Ebre;total;dones;població;;2440
2000;Móra d'Ebre;total;total;població;;4816
2000;Móra la Nova;total;homes;població;;1324
2000;Móra la Nova;total;dones;població;;1337
2000;Móra la Nova;total;total;població;;2661
2000;Morell, el;total;homes;població;;1168
2000;Morell, el;total;dones;població;;1140
2000;Morell, el;total;total;població;;2308
2000;Morera de Montsant, la;total;homes;població;;101
2000;Morera de Montsant, la;total;dones;població;;75
2000;Morera de Montsant, la;total;total;població;;176
2000;Muntanyola;total;homes;població;;168
2000;Muntanyola;total;dones;població;;143
2000;Muntanyola;total;total;població;;311
2000;Mura;total;homes;població;;118
2000;Mura;total;dones;població;;99
2000;Mura;total;total;població;;217
2000;Nalec;total;homes;població;;50
2000;Nalec;total;dones;població;;55
2000;Nalec;total;total;població;;105
2000;Naut Aran;total;homes;població;;777
2000;Naut Aran;total;dones;població;;703
2000;Naut Aran;total;total;població;;1480
2000;Navarcles;total;homes;població;;2641
2000;Navarcles;total;dones;població;;2677
2000;Navarcles;total;total;població;;5318
2000;Navàs;total;homes;població;;2830
2000;Navàs;total;dones;població;;2892
2000;Navàs;total;total;població;;5722
2000;Navata;total;homes;població;;349
2000;Navata;total;dones;població;;359
2000;Navata;total;total;població;;708
2000;Navès;total;homes;població;;131
2000;Navès;total;dones;població;;141
2000;Navès;total;total;població;;272
2000;Nou de Berguedà, la;total;homes;població;;83
2000;Nou de Berguedà, la;total;dones;població;;70
2000;Nou de Berguedà, la;total;total;població;;153
2000;Nou de Gaià, la;total;homes;població;;189
2000;Nou de Gaià, la;total;dones;població;;187
2000;Nou de Gaià, la;total;total;població;;376
2000;Nulles;total;homes;població;;160
2000;Nulles;total;dones;població;;187
2000;Nulles;total;total;població;;347
2000;Odèn;total;homes;població;;159
2000;Odèn;total;dones;població;;120
2000;Odèn;total;total;població;;279
2000;Òdena;total;homes;població;;1337
2000;Òdena;total;dones;població;;1344
2000;Òdena;total;total;població;;2681
2000;Ogassa;total;homes;població;;142
2000;Ogassa;total;dones;població;;100
2000;Ogassa;total;total;població;;242
2000;Olèrdola;total;homes;població;;1141
2000;Olèrdola;total;dones;població;;1091
2000;Olèrdola;total;total;població;;2232
2000;Olesa de Bonesvalls;total;homes;població;;512
2000;Olesa de Bonesvalls;total;dones;població;;430
2000;Olesa de Bonesvalls;total;total;població;;942
2000;Olesa de Montserrat;total;homes;població;;8640
2000;Olesa de Montserrat;total;dones;població;;8511
2000;Olesa de Montserrat;total;total;població;;17151
2000;Oliana;total;homes;població;;943
2000;Oliana;total;dones;població;;921
2000;Oliana;total;total;població;;1864
2000;Oliola;total;homes;població;;125
2000;Oliola;total;dones;població;;102
2000;Oliola;total;total;població;;227
2000;Olius;total;homes;població;;282
2000;Olius;total;dones;població;;273
2000;Olius;total;total;població;;555
2000;Olivella;total;homes;població;;702
2000;Olivella;total;dones;població;;617
2000;Olivella;total;total;població;;1319
2000;Olost;total;homes;població;;568
2000;Olost;total;dones;població;;592
2000;Olost;total;total;població;;1160
2000;Olot;total;homes;població;;13521
2000;Olot;total;dones;població;;14446
2000;Olot;total;total;població;;27967
2000;Oluges, les;total;homes;població;;95
2000;Oluges, les;total;dones;població;;92
2000;Oluges, les;total;total;població;;187
2000;Olvan;total;homes;població;;433
2000;Olvan;total;dones;població;;466
2000;Olvan;total;total;població;;899
2000;Omellons, els;total;homes;població;;135
2000;Omellons, els;total;dones;població;;129
2000;Omellons, els;total;total;població;;264
2000;Omells de na Gaia, els;total;homes;població;;82
2000;Omells de na Gaia, els;total;dones;població;;70
2000;Omells de na Gaia, els;total;total;població;;152
2000;Ordis;total;homes;població;;151
2000;Ordis;total;dones;població;;134
2000;Ordis;total;total;població;;285
2000;Organyà;total;homes;població;;507
2000;Organyà;total;dones;població;;485
2000;Organyà;total;total;població;;992
2000;Orís;total;homes;població;;114
2000;Orís;total;dones;població;;112
2000;Orís;total;total;població;;226
2000;Oristà;total;homes;població;;314
2000;Oristà;total;dones;població;;331
2000;Oristà;total;total;població;;645
2000;Orpí;total;homes;població;;78
2000;Orpí;total;dones;població;;69
2000;Orpí;total;total;població;;147
2000;Òrrius;total;homes;població;;220
2000;Òrrius;total;dones;població;;200
2000;Òrrius;total;total;població;;420
2000;Os de Balaguer;total;homes;població;;401
2000;Os de Balaguer;total;dones;població;;367
2000;Os de Balaguer;total;total;població;;768
2000;Osor;total;homes;població;;250
2000;Osor;total;dones;població;;214
2000;Osor;total;total;població;;464
2000;Ossó de Sió;total;homes;població;;119
2000;Ossó de Sió;total;dones;població;;114
2000;Ossó de Sió;total;total;població;;233
2000;Pacs del Penedès;total;homes;població;;325
2000;Pacs del Penedès;total;dones;població;;328
2000;Pacs del Penedès;total;total;població;;653
2000;Palafolls;total;homes;població;;2627
2000;Palafolls;total;dones;població;;2608
2000;Palafolls;total;total;població;;5235
2000;Palafrugell;total;homes;població;;9126
2000;Palafrugell;total;dones;població;;9028
2000;Palafrugell;total;total;població;;18154
2000;Palamós;total;homes;població;;7386
2000;Palamós;total;dones;població;;7573
2000;Palamós;total;total;població;;14959
2000;Palau d'Anglesola, el;total;homes;població;;831
2000;Palau d'Anglesola, el;total;dones;població;;851
2000;Palau d'Anglesola, el;total;total;població;;1682
2000;Palau de Santa Eulàlia;total;homes;població;;54
2000;Palau de Santa Eulàlia;total;dones;població;;36
2000;Palau de Santa Eulàlia;total;total;població;;90
2000;Palau-sator;total;homes;població;;152
2000;Palau-sator;total;dones;població;;141
2000;Palau-sator;total;total;població;;293
2000;Palau-saverdera;total;homes;població;;467
2000;Palau-saverdera;total;dones;població;;464
2000;Palau-saverdera;total;total;població;;931
2000;Palau-solità i Plegamans;total;homes;població;;5653
2000;Palau-solità i Plegamans;total;dones;població;;5436
2000;Palau-solità i Plegamans;total;total;població;;11089
2000;Pallaresos, els;total;homes;població;;1308
2000;Pallaresos, els;total;dones;població;;1229
2000;Pallaresos, els;total;total;població;;2537
2000;Pallejà;total;homes;població;;3661
2000;Pallejà;total;dones;població;;3597
2000;Pallejà;total;total;població;;7258
2000;Palma d'Ebre, la;total;homes;població;;200
2000;Palma d'Ebre, la;total;dones;població;;219
2000;Palma d'Ebre, la;total;total;població;;419
2000;Palma de Cervelló, la;total;homes;població;;1319
2000;Palma de Cervelló, la;total;dones;població;;1288
2000;Palma de Cervelló, la;total;total;població;;2607
2000;Palol de Revardit;total;homes;població;;201
2000;Palol de Revardit;total;dones;població;;185
2000;Palol de Revardit;total;total;població;;386
2000;Pals;total;homes;població;;975
2000;Pals;total;dones;població;;937
2000;Pals;total;total;població;;1912
2000;Papiol, el;total;homes;població;;1721
2000;Papiol, el;total;dones;població;;1743
2000;Papiol, el;total;total;població;;3464
2000;Pardines;total;homes;població;;72
2000;Pardines;total;dones;població;;71
2000;Pardines;total;total;població;;143
2000;Parets del Vallès;total;homes;població;;7335
2000;Parets del Vallès;total;dones;població;;7143
2000;Parets del Vallès;total;total;població;;14478
2000;Parlavà;total;homes;població;;171
2000;Parlavà;total;dones;població;;159
2000;Parlavà;total;total;població;;330
2000;Passanant i Belltall;total;homes;població;;109
2000;Passanant i Belltall;total;dones;població;;74
2000;Passanant i Belltall;total;total;població;;183
2000;Pau;total;homes;població;;210
2000;Pau;total;dones;població;;207
2000;Pau;total;total;població;;417
2000;Paüls;total;homes;població;;324
2000;Paüls;total;dones;població;;316
2000;Paüls;total;total;població;;640
2000;Pedret i Marzà;total;homes;població;;65
2000;Pedret i Marzà;total;dones;població;;62
2000;Pedret i Marzà;total;total;població;;127
2000;Penelles;total;homes;població;;293
2000;Penelles;total;dones;població;;243
2000;Penelles;total;total;població;;536
2000;Pera, la;total;homes;població;;187
2000;Pera, la;total;dones;població;;180
2000;Pera, la;total;total;població;;367
2000;Perafita;total;homes;població;;181
2000;Perafita;total;dones;població;;187
2000;Perafita;total;total;població;;368
2000;Perafort;total;homes;població;;312
2000;Perafort;total;dones;població;;298
2000;Perafort;total;total;població;;610
2000;Peralada;total;homes;població;;651
2000;Peralada;total;dones;població;;626
2000;Peralada;total;total;població;;1277
2000;Peramola;total;homes;població;;212
2000;Peramola;total;dones;població;;182
2000;Peramola;total;total;població;;394
2000;Perelló, el;total;homes;població;;1101
2000;Perelló, el;total;dones;població;;1044
2000;Perelló, el;total;total;població;;2145
2000;Piera;total;homes;població;;4361
2000;Piera;total;dones;població;;4179
2000;Piera;total;total;població;;8540
2000;Piles, les;total;homes;població;;98
2000;Piles, les;total;dones;població;;80
2000;Piles, les;total;total;població;;178
2000;Pineda de Mar;total;homes;població;;10014
2000;Pineda de Mar;total;dones;població;;10043
2000;Pineda de Mar;total;total;població;;20057
2000;Pinell de Brai, el;total;homes;població;;546
2000;Pinell de Brai, el;total;dones;població;;528
2000;Pinell de Brai, el;total;total;població;;1074
2000;Pinell de Solsonès;total;homes;població;;120
2000;Pinell de Solsonès;total;dones;població;;105
2000;Pinell de Solsonès;total;total;població;;225
2000;Pinós;total;homes;població;;174
2000;Pinós;total;dones;població;;146
2000;Pinós;total;total;població;;320
2000;Pira;total;homes;població;;197
2000;Pira;total;dones;població;;205
2000;Pira;total;total;població;;402
2000;Pla de Santa Maria, el;total;homes;població;;849
2000;Pla de Santa Maria, el;total;dones;població;;802
2000;Pla de Santa Maria, el;total;total;població;;1651
2000;Pla del Penedès, el;total;homes;població;;461
2000;Pla del Penedès, el;total;dones;població;;462
2000;Pla del Penedès, el;total;total;població;;923
2000;Planes d'Hostoles, les;total;homes;població;;855
2000;Planes d'Hostoles, les;total;dones;població;;869
2000;Planes d'Hostoles, les;total;total;població;;1724
2000;Planoles;total;homes;població;;142
2000;Planoles;total;dones;població;;131
2000;Planoles;total;total;població;;273
2000;Plans de Sió, els;total;homes;població;;308
2000;Plans de Sió, els;total;dones;població;;287
2000;Plans de Sió, els;total;total;població;;595
2000;Poal, el;total;homes;població;;330
2000;Poal, el;total;dones;població;;283
2000;Poal, el;total;total;població;;613
2000;Pobla de Cérvoles, la;total;homes;població;;119
2000;Pobla de Cérvoles, la;total;dones;població;;93
2000;Pobla de Cérvoles, la;total;total;població;;212
2000;Pobla de Claramunt, la;total;homes;població;;846
2000;Pobla de Claramunt, la;total;dones;població;;810
2000;Pobla de Claramunt, la;total;total;població;;1656
2000;Pobla de Lillet, la;total;homes;població;;715
2000;Pobla de Lillet, la;total;dones;població;;740
2000;Pobla de Lillet, la;total;total;població;;1455
2000;Pobla de Mafumet, la;total;homes;població;;558
2000;Pobla de Mafumet, la;total;dones;població;;557
2000;Pobla de Mafumet, la;total;total;població;;1115
2000;Pobla de Massaluca, la;total;homes;població;;227
2000;Pobla de Massaluca, la;total;dones;població;;215
2000;Pobla de Massaluca, la;total;total;població;;442
2000;Pobla de Montornès, la;total;homes;població;;721
2000;Pobla de Montornès, la;total;dones;població;;615
2000;Pobla de Montornès, la;total;total;població;;1336
2000;Pobla de Segur, la;total;homes;població;;1385
2000;Pobla de Segur, la;total;dones;població;;1467
2000;Pobla de Segur, la;total;total;població;;2852
2000;Poboleda;total;homes;població;;169
2000;Poboleda;total;dones;població;;166
2000;Poboleda;total;total;població;;335
2000;Polinyà;total;homes;població;;2396
2000;Polinyà;total;dones;població;;2261
2000;Polinyà;total;total;població;;4657
2000;Pont d'Armentera, el;total;homes;població;;297
2000;Pont d'Armentera, el;total;dones;població;;279
2000;Pont d'Armentera, el;total;total;població;;576
2000;Pont de Bar, el;total;homes;població;;88
2000;Pont de Bar, el;total;dones;població;;72
2000;Pont de Bar, el;total;total;població;;160
2000;Pont de Molins;total;homes;població;;230
2000;Pont de Molins;total;dones;població;;200
2000;Pont de Molins;total;total;població;;430
2000;Pont de Suert, el;total;homes;població;;1094
2000;Pont de Suert, el;total;dones;població;;1070
2000;Pont de Suert, el;total;total;població;;2164
2000;Pont de Vilomara i Rocafort, el;total;homes;població;;1345
2000;Pont de Vilomara i Rocafort, el;total;dones;població;;1269
2000;Pont de Vilomara i Rocafort, el;total;total;població;;2614
2000;Pontils;total;homes;població;;75
2000;Pontils;total;dones;població;;73
2000;Pontils;total;total;població;;148
2000;Pontons;total;homes;població;;193
2000;Pontons;total;dones;població;;170
2000;Pontons;total;total;població;;363
2000;Pontós;total;homes;població;;121
2000;Pontós;total;dones;població;;96
2000;Pontós;total;total;població;;217
2000;Ponts;total;homes;població;;1204
2000;Ponts;total;dones;població;;1178
2000;Ponts;total;total;població;;2382
2000;Porqueres;total;homes;població;;1780
2000;Porqueres;total;dones;població;;1842
2000;Porqueres;total;total;població;;3622
2000;Porrera;total;homes;població;;254
2000;Porrera;total;dones;població;;218
2000;Porrera;total;total;població;;472
2000;Port de la Selva, el;total;homes;població;;440
2000;Port de la Selva, el;total;dones;població;;437
2000;Port de la Selva, el;total;total;població;;877
2000;Portbou;total;homes;població;;761
2000;Portbou;total;dones;població;;750
2000;Portbou;total;total;població;;1511
2000;Portella, la;total;homes;població;;311
2000;Portella, la;total;dones;població;;265
2000;Portella, la;total;total;població;;576
2000;Pradell de la Teixeta;total;homes;població;;101
2000;Pradell de la Teixeta;total;dones;població;;97
2000;Pradell de la Teixeta;total;total;població;;198
2000;Prades;total;homes;població;;267
2000;Prades;total;dones;població;;261
2000;Prades;total;total;població;;528
2000;Prat de Comte;total;homes;població;;85
2000;Prat de Comte;total;dones;població;;93
2000;Prat de Comte;total;total;població;;178
2000;Prat de Llobregat, el;total;homes;població;;31518
2000;Prat de Llobregat, el;total;dones;població;;31438
2000;Prat de Llobregat, el;total;total;població;;62956
2000;Pratdip;total;homes;població;;282
2000;Pratdip;total;dones;població;;281
2000;Pratdip;total;total;població;;563
2000;Prats de Lluçanès;total;homes;població;;1342
2000;Prats de Lluçanès;total;dones;població;;1408
2000;Prats de Lluçanès;total;total;població;;2750
2000;Prats de Rei, els;total;homes;població;;267
2000;Prats de Rei, els;total;dones;població;;270
2000;Prats de Rei, els;total;total;població;;537
2000;Prats i Sansor;total;homes;població;;115
2000;Prats i Sansor;total;dones;població;;97
2000;Prats i Sansor;total;total;població;;212
2000;Preixana;total;homes;població;;216
2000;Preixana;total;dones;població;;224
2000;Preixana;total;total;població;;440
2000;Preixens;total;homes;població;;250
2000;Preixens;total;dones;població;;273
2000;Preixens;total;total;població;;523
2000;Premià de Dalt;total;homes;població;;4443
2000;Premià de Dalt;total;dones;població;;4426
2000;Premià de Dalt;total;total;població;;8869
2000;Premià de Mar;total;homes;població;;13005
2000;Premià de Mar;total;dones;població;;13125
2000;Premià de Mar;total;total;població;;26130
2000;Preses, les;total;homes;població;;668
2000;Preses, les;total;dones;població;;705
2000;Preses, les;total;total;població;;1373
2000;Prullans;total;homes;població;;116
2000;Prullans;total;dones;població;;103
2000;Prullans;total;total;població;;219
2000;Puigcerdà;total;homes;població;;3529
2000;Puigcerdà;total;dones;població;;3373
2000;Puigcerdà;total;total;població;;6902
2000;Puigdàlber;total;homes;població;;150
2000;Puigdàlber;total;dones;població;;183
2000;Puigdàlber;total;total;població;;333
2000;Puiggròs;total;homes;població;;137
2000;Puiggròs;total;dones;població;;124
2000;Puiggròs;total;total;població;;261
2000;Puigpelat;total;homes;població;;300
2000;Puigpelat;total;dones;població;;297
2000;Puigpelat;total;total;població;;597
2000;Puig-reig;total;homes;població;;2087
2000;Puig-reig;total;dones;població;;2232
2000;Puig-reig;total;total;població;;4319
2000;Puigverd d'Agramunt;total;homes;població;;136
2000;Puigverd d'Agramunt;total;dones;població;;107
2000;Puigverd d'Agramunt;total;total;població;;243
2000;Puigverd de Lleida;total;homes;població;;511
2000;Puigverd de Lleida;total;dones;població;;532
2000;Puigverd de Lleida;total;total;població;;1043
2000;Pujalt;total;homes;població;;92
2000;Pujalt;total;dones;població;;86
2000;Pujalt;total;total;població;;178
2000;Quar, la;total;homes;població;;41
2000;Quar, la;total;dones;població;;38
2000;Quar, la;total;total;població;;79
2000;Quart;total;homes;població;;1231
2000;Quart;total;dones;població;;1171
2000;Quart;total;total;població;;2402
2000;Queralbs;total;homes;població;;115
2000;Queralbs;total;dones;població;;86
2000;Queralbs;total;total;població;;201
2000;Querol;total;homes;població;;170
2000;Querol;total;dones;població;;135
2000;Querol;total;total;població;;305
2000;Rabós;total;homes;població;;69
2000;Rabós;total;dones;població;;76
2000;Rabós;total;total;població;;145
2000;Rajadell;total;homes;població;;234
2000;Rajadell;total;dones;població;;222
2000;Rajadell;total;total;població;;456
2000;Ràpita, la;total;homes;població;;5552
2000;Ràpita, la;total;dones;població;;5642
2000;Ràpita, la;total;total;població;;11194
2000;Rasquera;total;homes;població;;402
2000;Rasquera;total;dones;població;;390
2000;Rasquera;total;total;població;;792
2000;Regencós;total;homes;població;;166
2000;Regencós;total;dones;població;;121
2000;Regencós;total;total;població;;287
2000;Rellinars;total;homes;població;;194
2000;Rellinars;total;dones;població;;184
2000;Rellinars;total;total;població;;378
2000;Renau;total;homes;població;;29
2000;Renau;total;dones;població;;32
2000;Renau;total;total;població;;61
2000;Reus;total;homes;població;;43499
2000;Reus;total;dones;població;;45680
2000;Reus;total;total;població;;89179
2000;Rialp;total;homes;població;;272
2000;Rialp;total;dones;població;;245
2000;Rialp;total;total;població;;517
2000;Riba, la;total;homes;població;;380
2000;Riba, la;total;dones;població;;352
2000;Riba, la;total;total;població;;732
2000;Riba-roja d'Ebre;total;homes;població;;696
2000;Riba-roja d'Ebre;total;dones;població;;654
2000;Riba-roja d'Ebre;total;total;població;;1350
2000;Ribera d'Ondara;total;homes;població;;269
2000;Ribera d'Ondara;total;dones;població;;247
2000;Ribera d'Ondara;total;total;població;;516
2000;Ribera d'Urgellet;total;homes;població;;423
2000;Ribera d'Urgellet;total;dones;població;;388
2000;Ribera d'Urgellet;total;total;població;;811
2000;Ribes de Freser;total;homes;població;;1017
2000;Ribes de Freser;total;dones;població;;1079
2000;Ribes de Freser;total;total;població;;2096
2000;Riells i Viabrea;total;homes;població;;1073
2000;Riells i Viabrea;total;dones;població;;970
2000;Riells i Viabrea;total;total;població;;2043
2000;Riera de Gaià, la;total;homes;població;;486
2000;Riera de Gaià, la;total;dones;població;;484
2000;Riera de Gaià, la;total;total;població;;970
2000;Riner;total;homes;població;;150
2000;Riner;total;dones;població;;136
2000;Riner;total;total;població;;286
2000;Ripoll;total;homes;població;;5180
2000;Ripoll;total;dones;població;;5553
2000;Ripoll;total;total;població;;10733
2000;Ripollet;total;homes;població;;14935
2000;Ripollet;total;dones;població;;14942
2000;Ripollet;total;total;població;;29877
2000;Riu de Cerdanya;total;homes;població;;39
2000;Riu de Cerdanya;total;dones;població;;42
2000;Riu de Cerdanya;total;total;població;;81
2000;Riudarenes;total;homes;població;;678
2000;Riudarenes;total;dones;població;;624
2000;Riudarenes;total;total;població;;1302
2000;Riudaura;total;homes;població;;210
2000;Riudaura;total;dones;població;;207
2000;Riudaura;total;total;població;;417
2000;Riudecanyes;total;homes;població;;349
2000;Riudecanyes;total;dones;població;;345
2000;Riudecanyes;total;total;població;;694
2000;Riudecols;total;homes;població;;511
2000;Riudecols;total;dones;població;;486
2000;Riudecols;total;total;població;;997
2000;Riudellots de la Selva;total;homes;població;;796
2000;Riudellots de la Selva;total;dones;població;;752
2000;Riudellots de la Selva;total;total;població;;1548
2000;Riudoms;total;homes;població;;2613
2000;Riudoms;total;dones;població;;2588
2000;Riudoms;total;total;població;;5201
2000;Riumors;total;homes;població;;95
2000;Riumors;total;dones;població;;97
2000;Riumors;total;total;població;;192
2000;Roca del Vallès, la;total;homes;població;;3714
2000;Roca del Vallès, la;total;dones;població;;3666
2000;Roca del Vallès, la;total;total;població;;7380
2000;Rocafort de Queralt;total;homes;població;;148
2000;Rocafort de Queralt;total;dones;població;;131
2000;Rocafort de Queralt;total;total;població;;279
2000;Roda de Berà;total;homes;població;;1829
2000;Roda de Berà;total;dones;població;;1532
2000;Roda de Berà;total;total;població;;3361
2000;Roda de Ter;total;homes;població;;2483
2000;Roda de Ter;total;dones;població;;2665
2000;Roda de Ter;total;total;població;;5148
2000;Rodonyà;total;homes;població;;218
2000;Rodonyà;total;dones;població;;202
2000;Rodonyà;total;total;població;;420
2000;Roquetes;total;homes;població;;3203
2000;Roquetes;total;dones;població;;3163
2000;Roquetes;total;total;població;;6366
2000;Roses;total;homes;població;;6502
2000;Roses;total;dones;població;;6355
2000;Roses;total;total;població;;12857
2000;Rosselló;total;homes;població;;903
2000;Rosselló;total;dones;població;;949
2000;Rosselló;total;total;població;;1852
2000;Rourell, el;total;homes;població;;139
2000;Rourell, el;total;dones;població;;123
2000;Rourell, el;total;total;població;;262
2000;Rubí;total;homes;població;;29391
2000;Rubí;total;dones;població;;29255
2000;Rubí;total;total;població;;58646
2000;Rubió;total;homes;població;;68
2000;Rubió;total;dones;població;;52
2000;Rubió;total;total;població;;120
2000;Rupià;total;homes;població;;101
2000;Rupià;total;dones;població;;89
2000;Rupià;total;total;població;;190
2000;Rupit i Pruit;total;homes;població;;178
2000;Rupit i Pruit;total;dones;població;;176
2000;Rupit i Pruit;total;total;població;;354
2000;Sabadell;total;homes;població;;89079
2000;Sabadell;total;dones;població;;94648
2000;Sabadell;total;total;població;;183727
2000;Sagàs;total;homes;població;;80
2000;Sagàs;total;dones;població;;75
2000;Sagàs;total;total;població;;155
2000;Salàs de Pallars;total;homes;població;;163
2000;Salàs de Pallars;total;dones;població;;167
2000;Salàs de Pallars;total;total;població;;330
2000;Saldes;total;homes;població;;183
2000;Saldes;total;dones;població;;145
2000;Saldes;total;total;població;;328
2000;Sales de Llierca;total;homes;població;;49
2000;Sales de Llierca;total;dones;població;;40
2000;Sales de Llierca;total;total;població;;89
2000;Sallent;total;homes;població;;3449
2000;Sallent;total;dones;població;;3710
2000;Sallent;total;total;població;;7159
2000;Salomó;total;homes;població;;194
2000;Salomó;total;dones;població;;188
2000;Salomó;total;total;població;;382
2000;Salou;total;homes;població;;6629
2000;Salou;total;dones;població;;6430
2000;Salou;total;total;població;;13059
2000;Salt;total;homes;població;;10935
2000;Salt;total;dones;població;;11082
2000;Salt;total;total;població;;22017
2000;Sanaüja;total;homes;població;;225
2000;Sanaüja;total;dones;població;;239
2000;Sanaüja;total;total;població;;464
2000;Sant Adrià de Besòs;total;homes;població;;15946
2000;Sant Adrià de Besòs;total;dones;població;;16506
2000;Sant Adrià de Besòs;total;total;població;;32452
2000;Sant Agustí de Lluçanès;total;homes;població;;65
2000;Sant Agustí de Lluçanès;total;dones;població;;56
2000;Sant Agustí de Lluçanès;total;total;població;;121
2000;Sant Andreu de la Barca;total;homes;població;;10277
2000;Sant Andreu de la Barca;total;dones;població;;9863
2000;Sant Andreu de la Barca;total;total;població;;20140
2000;Sant Andreu de Llavaneres;total;homes;població;;3579
2000;Sant Andreu de Llavaneres;total;dones;població;;3582
2000;Sant Andreu de Llavaneres;total;total;població;;7161
2000;Sant Andreu Salou;total;homes;població;;65
2000;Sant Andreu Salou;total;dones;població;;73
2000;Sant Andreu Salou;total;total;població;;138
2000;Sant Aniol de Finestres;total;homes;població;;148
2000;Sant Aniol de Finestres;total;dones;població;;122
2000;Sant Aniol de Finestres;total;total;població;;270
2000;Sant Antoni de Vilamajor;total;homes;població;;1655
2000;Sant Antoni de Vilamajor;total;dones;població;;1638
2000;Sant Antoni de Vilamajor;total;total;població;;3293
2000;Sant Bartomeu del Grau;total;homes;població;;603
2000;Sant Bartomeu del Grau;total;dones;població;;547
2000;Sant Bartomeu del Grau;total;total;població;;1150
2000;Sant Boi de Llobregat;total;homes;població;;39419
2000;Sant Boi de Llobregat;total;dones;població;;39918
2000;Sant Boi de Llobregat;total;total;població;;79337
2000;Sant Boi de Lluçanès;total;homes;població;;273
2000;Sant Boi de Lluçanès;total;dones;població;;267
2000;Sant Boi de Lluçanès;total;total;població;;540
2000;Sant Cebrià de Vallalta;total;homes;població;;945
2000;Sant Cebrià de Vallalta;total;dones;població;;812
2000;Sant Cebrià de Vallalta;total;total;població;;1757
2000;Sant Celoni;total;homes;població;;6302
2000;Sant Celoni;total;dones;població;;6432
2000;Sant Celoni;total;total;població;;12734
2000;Sant Climent de Llobregat;total;homes;població;;1473
2000;Sant Climent de Llobregat;total;dones;població;;1477
2000;Sant Climent de Llobregat;total;total;població;;2950
2000;Sant Climent Sescebes;total;homes;població;;204
2000;Sant Climent Sescebes;total;dones;població;;200
2000;Sant Climent Sescebes;total;total;població;;404
2000;Sant Cugat del Vallès;total;homes;població;;25939
2000;Sant Cugat del Vallès;total;dones;població;;26715
2000;Sant Cugat del Vallès;total;total;població;;52654
2000;Sant Cugat Sesgarrigues;total;homes;població;;375
2000;Sant Cugat Sesgarrigues;total;dones;població;;356
2000;Sant Cugat Sesgarrigues;total;total;població;;731
2000;Sant Esteve de la Sarga;total;homes;població;;72
2000;Sant Esteve de la Sarga;total;dones;població;;45
2000;Sant Esteve de la Sarga;total;total;població;;117
2000;Sant Esteve de Palautordera;total;homes;població;;737
2000;Sant Esteve de Palautordera;total;dones;població;;724
2000;Sant Esteve de Palautordera;total;total;població;;1461
2000;Sant Esteve Sesrovires;total;homes;població;;2702
2000;Sant Esteve Sesrovires;total;dones;població;;2459
2000;Sant Esteve Sesrovires;total;total;població;;5161
2000;Sant Feliu de Buixalleu;total;homes;població;;387
2000;Sant Feliu de Buixalleu;total;dones;població;;340
2000;Sant Feliu de Buixalleu;total;total;població;;727
2000;Sant Feliu de Codines;total;homes;població;;2135
2000;Sant Feliu de Codines;total;dones;població;;2155
2000;Sant Feliu de Codines;total;total;població;;4290
2000;Sant Feliu de Guíxols;total;homes;població;;9031
2000;Sant Feliu de Guíxols;total;dones;població;;9372
2000;Sant Feliu de Guíxols;total;total;població;;18403
2000;Sant Feliu de Llobregat;total;homes;població;;18972
2000;Sant Feliu de Llobregat;total;dones;població;;19463
2000;Sant Feliu de Llobregat;total;total;població;;38435
2000;Sant Feliu de Pallerols;total;homes;població;;564
2000;Sant Feliu de Pallerols;total;dones;població;;591
2000;Sant Feliu de Pallerols;total;total;població;;1155
2000;Sant Feliu Sasserra;total;homes;població;;321
2000;Sant Feliu Sasserra;total;dones;població;;336
2000;Sant Feliu Sasserra;total;total;població;;657
2000;Sant Ferriol;total;homes;població;;110
2000;Sant Ferriol;total;dones;població;;86
2000;Sant Ferriol;total;total;població;;196
2000;Sant Fost de Campsentelles;total;homes;població;;3206
2000;Sant Fost de Campsentelles;total;dones;població;;3106
2000;Sant Fost de Campsentelles;total;total;població;;6312
2000;Sant Fruitós de Bages;total;homes;població;;2772
2000;Sant Fruitós de Bages;total;dones;població;;2770
2000;Sant Fruitós de Bages;total;total;població;;5542
2000;Sant Gregori;total;homes;població;;1213
2000;Sant Gregori;total;dones;població;;1122
2000;Sant Gregori;total;total;població;;2335
2000;Sant Guim de Freixenet;total;homes;població;;506
2000;Sant Guim de Freixenet;total;dones;població;;540
2000;Sant Guim de Freixenet;total;total;població;;1046
2000;Sant Guim de la Plana;total;homes;població;;100
2000;Sant Guim de la Plana;total;dones;població;;89
2000;Sant Guim de la Plana;total;total;població;;189
2000;Sant Hilari Sacalm;total;homes;població;;2543
2000;Sant Hilari Sacalm;total;dones;població;;2442
2000;Sant Hilari Sacalm;total;total;població;;4985
2000;Sant Hipòlit de Voltregà;total;homes;població;;1485
2000;Sant Hipòlit de Voltregà;total;dones;població;;1520
2000;Sant Hipòlit de Voltregà;total;total;població;;3005
2000;Sant Iscle de Vallalta;total;homes;població;;435
2000;Sant Iscle de Vallalta;total;dones;població;;404
2000;Sant Iscle de Vallalta;total;total;població;;839
2000;Sant Jaume d'Enveja;total;homes;població;;1668
2000;Sant Jaume d'Enveja;total;dones;població;;1637
2000;Sant Jaume d'Enveja;total;total;població;;3305
2000;Sant Jaume de Frontanyà;total;homes;població;;15
2000;Sant Jaume de Frontanyà;total;dones;població;;13
2000;Sant Jaume de Frontanyà;total;total;població;;28
2000;Sant Jaume de Llierca;total;homes;població;;352
2000;Sant Jaume de Llierca;total;dones;població;;362
2000;Sant Jaume de Llierca;total;total;població;;714
2000;Sant Jaume dels Domenys;total;homes;població;;724
2000;Sant Jaume dels Domenys;total;dones;població;;666
2000;Sant Jaume dels Domenys;total;total;població;;1390
2000;Sant Joan de les Abadesses;total;homes;població;;1810
2000;Sant Joan de les Abadesses;total;dones;població;;1862
2000;Sant Joan de les Abadesses;total;total;població;;3672
2000;Sant Joan de Mollet;total;homes;població;;171
2000;Sant Joan de Mollet;total;dones;població;;183
2000;Sant Joan de Mollet;total;total;població;;354
2000;Sant Joan de Vilatorrada;total;homes;població;;4570
2000;Sant Joan de Vilatorrada;total;dones;població;;4575
2000;Sant Joan de Vilatorrada;total;total;població;;9145
2000;Sant Joan Despí;total;homes;població;;13638
2000;Sant Joan Despí;total;dones;població;;13989
2000;Sant Joan Despí;total;total;població;;27627
2000;Sant Joan les Fonts;total;homes;població;;1364
2000;Sant Joan les Fonts;total;dones;població;;1392
2000;Sant Joan les Fonts;total;total;població;;2756
2000;Sant Jordi Desvalls;total;homes;població;;302
2000;Sant Jordi Desvalls;total;dones;població;;285
2000;Sant Jordi Desvalls;total;total;població;;587
2000;Sant Julià de Cerdanyola;total;homes;població;;122
2000;Sant Julià de Cerdanyola;total;dones;població;;105
2000;Sant Julià de Cerdanyola;total;total;població;;227
2000;Sant Julià de Ramis;total;homes;població;;1016
2000;Sant Julià de Ramis;total;dones;població;;1002
2000;Sant Julià de Ramis;total;total;població;;2018
2000;Sant Julià de Vilatorta;total;homes;població;;1106
2000;Sant Julià de Vilatorta;total;dones;població;;1163
2000;Sant Julià de Vilatorta;total;total;població;;2269
2000;Sant Julià del Llor i Bonmatí;total;homes;població;;467
2000;Sant Julià del Llor i Bonmatí;total;dones;població;;454
2000;Sant Julià del Llor i Bonmatí;total;total;població;;921
2000;Sant Just Desvern;total;homes;població;;6763
2000;Sant Just Desvern;total;dones;població;;7267
2000;Sant Just Desvern;total;total;població;;14030
2000;Sant Llorenç d'Hortons;total;homes;població;;775
2000;Sant Llorenç d'Hortons;total;dones;població;;772
2000;Sant Llorenç d'Hortons;total;total;població;;1547
2000;Sant Llorenç de la Muga;total;homes;població;;86
2000;Sant Llorenç de la Muga;total;dones;població;;96
2000;Sant Llorenç de la Muga;total;total;població;;182
2000;Sant Llorenç de Morunys;total;homes;població;;457
2000;Sant Llorenç de Morunys;total;dones;població;;443
2000;Sant Llorenç de Morunys;total;total;població;;900
2000;Sant Llorenç Savall;total;homes;població;;988
2000;Sant Llorenç Savall;total;dones;població;;995
2000;Sant Llorenç Savall;total;total;població;;1983
2000;Sant Martí d'Albars;total;homes;població;;64
2000;Sant Martí d'Albars;total;dones;població;;68
2000;Sant Martí d'Albars;total;total;població;;132
2000;Sant Martí de Centelles;total;homes;població;;378
2000;Sant Martí de Centelles;total;dones;població;;351
2000;Sant Martí de Centelles;total;total;població;;729
2000;Sant Martí de Llémena;total;homes;població;;245
2000;Sant Martí de Llémena;total;dones;població;;233
2000;Sant Martí de Llémena;total;total;població;;478
2000;Sant Martí de Riucorb;total;homes;població;;356
2000;Sant Martí de Riucorb;total;dones;població;;340
2000;Sant Martí de Riucorb;total;total;població;;696
2000;Sant Martí de Tous;total;homes;població;;494
2000;Sant Martí de Tous;total;dones;població;;488
2000;Sant Martí de Tous;total;total;població;;982
2000;Sant Martí Sarroca;total;homes;població;;1229
2000;Sant Martí Sarroca;total;dones;població;;1249
2000;Sant Martí Sarroca;total;total;població;;2478
2000;Sant Martí Sesgueioles;total;homes;població;;170
2000;Sant Martí Sesgueioles;total;dones;població;;172
2000;Sant Martí Sesgueioles;total;total;població;;342
2000;Sant Martí Vell;total;homes;població;;82
2000;Sant Martí Vell;total;dones;població;;79
2000;Sant Martí Vell;total;total;població;;161
2000;Sant Mateu de Bages;total;homes;població;;252
2000;Sant Mateu de Bages;total;dones;població;;239
2000;Sant Mateu de Bages;total;total;població;;491
2000;Sant Miquel de Campmajor;total;homes;població;;116
2000;Sant Miquel de Campmajor;total;dones;població;;90
2000;Sant Miquel de Campmajor;total;total;població;;206
2000;Sant Miquel de Fluvià;total;homes;població;;318
2000;Sant Miquel de Fluvià;total;dones;població;;307
2000;Sant Miquel de Fluvià;total;total;població;;625
2000;Sant Mori;total;homes;població;;75
2000;Sant Mori;total;dones;població;;83
2000;Sant Mori;total;total;població;;158
2000;Sant Pau de Segúries;total;homes;població;;333
2000;Sant Pau de Segúries;total;dones;població;;322
2000;Sant Pau de Segúries;total;total;població;;655
2000;Sant Pere de Ribes;total;homes;població;;11111
2000;Sant Pere de Ribes;total;dones;població;;10865
2000;Sant Pere de Ribes;total;total;població;;21976
2000;Sant Pere de Riudebitlles;total;homes;població;;1023
2000;Sant Pere de Riudebitlles;total;dones;població;;1053
2000;Sant Pere de Riudebitlles;total;total;població;;2076
2000;Sant Pere de Torelló;total;homes;població;;1054
2000;Sant Pere de Torelló;total;dones;població;;1106
2000;Sant Pere de Torelló;total;total;població;;2160
2000;Sant Pere de Vilamajor;total;homes;població;;1329
2000;Sant Pere de Vilamajor;total;dones;població;;1218
2000;Sant Pere de Vilamajor;total;total;població;;2547
2000;Sant Pere Pescador;total;homes;població;;788
2000;Sant Pere Pescador;total;dones;població;;640
2000;Sant Pere Pescador;total;total;població;;1428
2000;Sant Pere Sallavinera;total;homes;població;;78
2000;Sant Pere Sallavinera;total;dones;població;;77
2000;Sant Pere Sallavinera;total;total;població;;155
2000;Sant Pol de Mar;total;homes;població;;1863
2000;Sant Pol de Mar;total;dones;població;;1731
2000;Sant Pol de Mar;total;total;població;;3594
2000;Sant Quintí de Mediona;total;homes;població;;826
2000;Sant Quintí de Mediona;total;dones;població;;853
2000;Sant Quintí de Mediona;total;total;població;;1679
2000;Sant Quirze de Besora;total;homes;població;;970
2000;Sant Quirze de Besora;total;dones;població;;1008
2000;Sant Quirze de Besora;total;total;població;;1978
2000;Sant Quirze del Vallès;total;homes;població;;6358
2000;Sant Quirze del Vallès;total;dones;població;;6348
2000;Sant Quirze del Vallès;total;total;població;;12706
2000;Sant Quirze Safaja;total;homes;població;;197
2000;Sant Quirze Safaja;total;dones;població;;172
2000;Sant Quirze Safaja;total;total;població;;369
2000;Sant Ramon;total;homes;població;;277
2000;Sant Ramon;total;dones;població;;279
2000;Sant Ramon;total;total;població;;556
2000;Sant Sadurní d'Anoia;total;homes;població;;4734
2000;Sant Sadurní d'Anoia;total;dones;població;;4805
2000;Sant Sadurní d'Anoia;total;total;població;;9539
2000;Sant Sadurní d'Osormort;total;homes;població;;41
2000;Sant Sadurní d'Osormort;total;dones;població;;35
2000;Sant Sadurní d'Osormort;total;total;població;;76
2000;Sant Salvador de Guardiola;total;homes;població;;1015
2000;Sant Salvador de Guardiola;total;dones;població;;979
2000;Sant Salvador de Guardiola;total;total;població;;1994
2000;Sant Vicenç de Castellet;total;homes;població;;3457
2000;Sant Vicenç de Castellet;total;dones;població;;3755
2000;Sant Vicenç de Castellet;total;total;població;;7212
2000;Sant Vicenç de Montalt;total;homes;població;;1701
2000;Sant Vicenç de Montalt;total;dones;població;;1633
2000;Sant Vicenç de Montalt;total;total;població;;3334
2000;Sant Vicenç de Torelló;total;homes;població;;863
2000;Sant Vicenç de Torelló;total;dones;població;;923
2000;Sant Vicenç de Torelló;total;total;població;;1786
2000;Sant Vicenç dels Horts;total;homes;població;;12273
2000;Sant Vicenç dels Horts;total;dones;població;;12165
2000;Sant Vicenç dels Horts;total;total;població;;24438
2000;Santa Bàrbara;total;homes;població;;1628
2000;Santa Bàrbara;total;dones;població;;1629
2000;Santa Bàrbara;total;total;població;;3257
2000;Santa Cecília de Voltregà;total;homes;població;;112
2000;Santa Cecília de Voltregà;total;dones;població;;90
2000;Santa Cecília de Voltregà;total;total;població;;202
2000;Santa Coloma de Cervelló;total;homes;població;;2351
2000;Santa Coloma de Cervelló;total;dones;població;;2340
2000;Santa Coloma de Cervelló;total;total;població;;4691
2000;Santa Coloma de Farners;total;homes;població;;4510
2000;Santa Coloma de Farners;total;dones;població;;4357
2000;Santa Coloma de Farners;total;total;població;;8867
2000;Santa Coloma de Gramenet;total;homes;població;;58139
2000;Santa Coloma de Gramenet;total;dones;població;;58988
2000;Santa Coloma de Gramenet;total;total;població;;117127
2000;Santa Coloma de Queralt;total;homes;població;;1263
2000;Santa Coloma de Queralt;total;dones;població;;1352
2000;Santa Coloma de Queralt;total;total;població;;2615
2000;Santa Cristina d'Aro;total;homes;població;;1518
2000;Santa Cristina d'Aro;total;dones;població;;1384
2000;Santa Cristina d'Aro;total;total;població;;2902
2000;Santa Eugènia de Berga;total;homes;població;;987
2000;Santa Eugènia de Berga;total;dones;població;;959
2000;Santa Eugènia de Berga;total;total;població;;1946
2000;Santa Eulàlia de Riuprimer;total;homes;població;;449
2000;Santa Eulàlia de Riuprimer;total;dones;població;;415
2000;Santa Eulàlia de Riuprimer;total;total;població;;864
2000;Santa Eulàlia de Ronçana;total;homes;població;;2291
2000;Santa Eulàlia de Ronçana;total;dones;població;;2245
2000;Santa Eulàlia de Ronçana;total;total;població;;4536
2000;Santa Fe del Penedès;total;homes;població;;145
2000;Santa Fe del Penedès;total;dones;població;;148
2000;Santa Fe del Penedès;total;total;població;;293
2000;Santa Llogaia d'Àlguema;total;homes;població;;157
2000;Santa Llogaia d'Àlguema;total;dones;població;;143
2000;Santa Llogaia d'Àlguema;total;total;població;;300
2000;Santa Margarida de Montbui;total;homes;població;;4541
2000;Santa Margarida de Montbui;total;dones;població;;4582
2000;Santa Margarida de Montbui;total;total;població;;9123
2000;Santa Margarida i els Monjos;total;homes;població;;2370
2000;Santa Margarida i els Monjos;total;dones;població;;2291
2000;Santa Margarida i els Monjos;total;total;població;;4661
2000;Santa Maria d'Oló;total;homes;població;;519
2000;Santa Maria d'Oló;total;dones;població;;487
2000;Santa Maria d'Oló;total;total;població;;1006
2000;Santa Maria de Besora;total;homes;població;;93
2000;Santa Maria de Besora;total;dones;població;;90
2000;Santa Maria de Besora;total;total;població;;183
2000;Santa Maria de Martorelles;total;homes;població;;340
2000;Santa Maria de Martorelles;total;dones;població;;360
2000;Santa Maria de Martorelles;total;total;població;;700
2000;Santa Maria de Merlès;total;homes;població;;88
2000;Santa Maria de Merlès;total;dones;població;;80
2000;Santa Maria de Merlès;total;total;població;;168
2000;Santa Maria de Miralles;total;homes;població;;44
2000;Santa Maria de Miralles;total;dones;població;;44
2000;Santa Maria de Miralles;total;total;població;;88
2000;Santa Maria de Palautordera;total;homes;població;;3193
2000;Santa Maria de Palautordera;total;dones;població;;3113
2000;Santa Maria de Palautordera;total;total;població;;6306
2000;Santa Oliva;total;homes;població;;1066
2000;Santa Oliva;total;dones;població;;1035
2000;Santa Oliva;total;total;població;;2101
2000;Santa Pau;total;homes;població;;755
2000;Santa Pau;total;dones;població;;729
2000;Santa Pau;total;total;població;;1484
2000;Santa Perpètua de Mogoda;total;homes;població;;9630
2000;Santa Perpètua de Mogoda;total;dones;població;;9454
2000;Santa Perpètua de Mogoda;total;total;població;;19084
2000;Santa Susanna;total;homes;població;;987
2000;Santa Susanna;total;dones;població;;921
2000;Santa Susanna;total;total;població;;1908
2000;Santpedor;total;homes;població;;2611
2000;Santpedor;total;dones;població;;2741
2000;Santpedor;total;total;població;;5352
2000;Sarral;total;homes;població;;745
2000;Sarral;total;dones;població;;685
2000;Sarral;total;total;població;;1430
2000;Sarrià de Ter;total;homes;població;;1711
2000;Sarrià de Ter;total;dones;població;;1746
2000;Sarrià de Ter;total;total;població;;3457
2000;Sarroca de Bellera;total;homes;població;;87
2000;Sarroca de Bellera;total;dones;població;;68
2000;Sarroca de Bellera;total;total;població;;155
2000;Sarroca de Lleida;total;homes;població;;242
2000;Sarroca de Lleida;total;dones;població;;239
2000;Sarroca de Lleida;total;total;població;;481
2000;Saus, Camallera i Llampaies;total;homes;població;;340
2000;Saus, Camallera i Llampaies;total;dones;població;;348
2000;Saus, Camallera i Llampaies;total;total;població;;688
2000;Savallà del Comtat;total;homes;població;;36
2000;Savallà del Comtat;total;dones;població;;39
2000;Savallà del Comtat;total;total;població;;75
2000;Secuita, la;total;homes;població;;572
2000;Secuita, la;total;dones;població;;559
2000;Secuita, la;total;total;població;;1131
2000;Selva de Mar, la;total;homes;població;;96
2000;Selva de Mar, la;total;dones;població;;94
2000;Selva de Mar, la;total;total;població;;190
2000;Selva del Camp, la;total;homes;població;;2064
2000;Selva del Camp, la;total;dones;població;;2039
2000;Selva del Camp, la;total;total;població;;4103
2000;Senan;total;homes;població;;20
2000;Senan;total;dones;població;;11
2000;Senan;total;total;població;;31
2000;Sénia, la;total;homes;població;;2562
2000;Sénia, la;total;dones;població;;2472
2000;Sénia, la;total;total;població;;5034
2000;Senterada;total;homes;població;;59
2000;Senterada;total;dones;població;;53
2000;Senterada;total;total;població;;112
2000;Sentiu de Sió, la;total;homes;població;;230
2000;Sentiu de Sió, la;total;dones;població;;244
2000;Sentiu de Sió, la;total;total;població;;474
2000;Sentmenat;total;homes;població;;2823
2000;Sentmenat;total;dones;població;;2852
2000;Sentmenat;total;total;població;;5675
2000;Serinyà;total;homes;població;;436
2000;Serinyà;total;dones;població;;401
2000;Serinyà;total;total;població;;837
2000;Seròs;total;homes;població;;927
2000;Seròs;total;dones;població;;810
2000;Seròs;total;total;població;;1737
2000;Serra de Daró;total;homes;població;;95
2000;Serra de Daró;total;dones;població;;91
2000;Serra de Daró;total;total;població;;186
2000;Setcases;total;homes;població;;87
2000;Setcases;total;dones;població;;76
2000;Setcases;total;total;població;;163
2000;Seu d'Urgell, la;total;homes;població;;5305
2000;Seu d'Urgell, la;total;dones;població;;5638
2000;Seu d'Urgell, la;total;total;població;;10943
2000;Seva;total;homes;població;;1284
2000;Seva;total;dones;població;;1226
2000;Seva;total;total;població;;2510
2000;Sidamon;total;homes;població;;264
2000;Sidamon;total;dones;població;;263
2000;Sidamon;total;total;població;;527
2000;Sils;total;homes;població;;1558
2000;Sils;total;dones;població;;1520
2000;Sils;total;total;població;;3078
2000;Sitges;total;homes;població;;5458
2000;Sitges;total;dones;població;;13990
2000;Sitges;total;total;població;;19448
2000;Siurana;total;homes;població;;80
2000;Siurana;total;dones;població;;79
2000;Siurana;total;total;població;;159
2000;Sobremunt;total;homes;població;;41
2000;Sobremunt;total;dones;població;;46
2000;Sobremunt;total;total;població;;87
2000;Soleràs, el;total;homes;població;;215
2000;Soleràs, el;total;dones;població;;203
2000;Soleràs, el;total;total;població;;418
2000;Solivella;total;homes;població;;304
2000;Solivella;total;dones;població;;318
2000;Solivella;total;total;població;;622
2000;Solsona;total;homes;població;;3649
2000;Solsona;total;dones;població;;3694
2000;Solsona;total;total;població;;7343
2000;Sora;total;homes;població;;103
2000;Sora;total;dones;població;;86
2000;Sora;total;total;població;;189
2000;Soriguera;total;homes;població;;158
2000;Soriguera;total;dones;població;;150
2000;Soriguera;total;total;població;;308
2000;Sort;total;homes;població;;897
2000;Sort;total;dones;població;;894
2000;Sort;total;total;població;;1791
2000;Soses;total;homes;població;;801
2000;Soses;total;dones;població;;736
2000;Soses;total;total;població;;1537
2000;Subirats;total;homes;població;;1273
2000;Subirats;total;dones;població;;1256
2000;Subirats;total;total;població;;2529
2000;Sudanell;total;homes;població;;385
2000;Sudanell;total;dones;població;;327
2000;Sudanell;total;total;població;;712
2000;Sunyer;total;homes;població;;148
2000;Sunyer;total;dones;població;;152
2000;Sunyer;total;total;població;;300
2000;Súria;total;homes;població;;3026
2000;Súria;total;dones;població;;3131
2000;Súria;total;total;població;;6157
2000;Susqueda;total;homes;població;;49
2000;Susqueda;total;dones;població;;38
2000;Susqueda;total;total;població;;87
2000;Tagamanent;total;homes;població;;107
2000;Tagamanent;total;dones;població;;88
2000;Tagamanent;total;total;població;;195
2000;Talamanca;total;homes;població;;61
2000;Talamanca;total;dones;població;;46
2000;Talamanca;total;total;població;;107
2000;Talarn;total;homes;població;;184
2000;Talarn;total;dones;població;;180
2000;Talarn;total;total;població;;364
2000;Talavera;total;homes;població;;155
2000;Talavera;total;dones;població;;141
2000;Talavera;total;total;població;;296
2000;Tallada d'Empordà, la;total;homes;població;;173
2000;Tallada d'Empordà, la;total;dones;població;;159
2000;Tallada d'Empordà, la;total;total;població;;332
2000;Taradell;total;homes;població;;2484
2000;Taradell;total;dones;població;;2516
2000;Taradell;total;total;població;;5000
2000;Tarragona;total;homes;població;;55698
2000;Tarragona;total;dones;població;;58399
2000;Tarragona;total;total;població;;114097
2000;Tàrrega;total;homes;població;;6063
2000;Tàrrega;total;dones;població;;6485
2000;Tàrrega;total;total;població;;12548
2000;Tarrés;total;homes;població;;58
2000;Tarrés;total;dones;població;;47
2000;Tarrés;total;total;població;;105
2000;Tarroja de Segarra;total;homes;població;;88
2000;Tarroja de Segarra;total;dones;població;;90
2000;Tarroja de Segarra;total;total;població;;178
2000;Tavèrnoles;total;homes;població;;132
2000;Tavèrnoles;total;dones;població;;140
2000;Tavèrnoles;total;total;població;;272
2000;Tavertet;total;homes;població;;75
2000;Tavertet;total;dones;població;;65
2000;Tavertet;total;total;població;;140
2000;Teià;total;homes;població;;2657
2000;Teià;total;dones;població;;2623
2000;Teià;total;total;població;;5280
2000;Térmens;total;homes;població;;706
2000;Térmens;total;dones;població;;698
2000;Térmens;total;total;població;;1404
2000;Terrades;total;homes;població;;95
2000;Terrades;total;dones;població;;105
2000;Terrades;total;total;població;;200
2000;Terrassa;total;homes;població;;83957
2000;Terrassa;total;dones;població;;87837
2000;Terrassa;total;total;població;;171794
2000;Tiana;total;homes;població;;2804
2000;Tiana;total;dones;població;;2859
2000;Tiana;total;total;població;;5663
2000;Tírvia;total;homes;població;;67
2000;Tírvia;total;dones;població;;55
2000;Tírvia;total;total;població;;122
2000;Tiurana;total;homes;població;;16
2000;Tiurana;total;dones;població;;7
2000;Tiurana;total;total;població;;23
2000;Tivenys;total;homes;població;;458
2000;Tivenys;total;dones;població;;459
2000;Tivenys;total;total;població;;917
2000;Tivissa;total;homes;població;;876
2000;Tivissa;total;dones;població;;888
2000;Tivissa;total;total;població;;1764
2000;Tona;total;homes;població;;2914
2000;Tona;total;dones;població;;2954
2000;Tona;total;total;població;;5868
2000;Torà;total;homes;població;;599
2000;Torà;total;dones;població;;592
2000;Torà;total;total;població;;1191
2000;Tordera;total;homes;població;;4961
2000;Tordera;total;dones;població;;4837
2000;Tordera;total;total;població;;9798
2000;Torelló;total;homes;població;;5913
2000;Torelló;total;dones;població;;6237
2000;Torelló;total;total;població;;12150
2000;Torms, els;total;homes;població;;106
2000;Torms, els;total;dones;població;;91
2000;Torms, els;total;total;població;;197
2000;Tornabous;total;homes;població;;415
2000;Tornabous;total;dones;població;;405
2000;Tornabous;total;total;població;;820
2000;Torre de Cabdella, la;total;homes;població;;339
2000;Torre de Cabdella, la;total;dones;població;;340
2000;Torre de Cabdella, la;total;total;població;;679
2000;Torre de Claramunt, la;total;homes;població;;1228
2000;Torre de Claramunt, la;total;dones;població;;1143
2000;Torre de Claramunt, la;total;total;població;;2371
2000;Torre de Fontaubella, la;total;homes;població;;63
2000;Torre de Fontaubella, la;total;dones;població;;65
2000;Torre de Fontaubella, la;total;total;població;;128
2000;Torre de l'Espanyol, la;total;homes;població;;349
2000;Torre de l'Espanyol, la;total;dones;població;;325
2000;Torre de l'Espanyol, la;total;total;població;;674
2000;Torrebesses;total;homes;població;;159
2000;Torrebesses;total;dones;població;;164
2000;Torrebesses;total;total;població;;323
2000;Torredembarra;total;homes;població;;5254
2000;Torredembarra;total;dones;població;;5327
2000;Torredembarra;total;total;població;;10581
2000;Torrefarrera;total;homes;població;;884
2000;Torrefarrera;total;dones;població;;850
2000;Torrefarrera;total;total;població;;1734
2000;Torrefeta i Florejacs;total;homes;població;;332
2000;Torrefeta i Florejacs;total;dones;població;;326
2000;Torrefeta i Florejacs;total;total;població;;658
2000;Torregrossa;total;homes;població;;1107
2000;Torregrossa;total;dones;població;;1135
2000;Torregrossa;total;total;població;;2242
2000;Torrelameu;total;homes;població;;317
2000;Torrelameu;total;dones;població;;261
2000;Torrelameu;total;total;població;;578
2000;Torrelavit;total;homes;població;;597
2000;Torrelavit;total;dones;població;;575
2000;Torrelavit;total;total;població;;1172
2000;Torrelles de Foix;total;homes;població;;896
2000;Torrelles de Foix;total;dones;població;;788
2000;Torrelles de Foix;total;total;població;;1684
2000;Torrelles de Llobregat;total;homes;població;;1820
2000;Torrelles de Llobregat;total;dones;població;;1754
2000;Torrelles de Llobregat;total;total;població;;3574
2000;Torrent;total;homes;població;;84
2000;Torrent;total;dones;població;;88
2000;Torrent;total;total;població;;172
2000;Torres de Segre;total;homes;població;;932
2000;Torres de Segre;total;dones;població;;883
2000;Torres de Segre;total;total;població;;1815
2000;Torre-serona;total;homes;població;;162
2000;Torre-serona;total;dones;població;;164
2000;Torre-serona;total;total;població;;326
2000;Torroella de Fluvià;total;homes;població;;180
2000;Torroella de Fluvià;total;dones;població;;139
2000;Torroella de Fluvià;total;total;població;;319
2000;Torroella de Montgrí;total;homes;població;;4281
2000;Torroella de Montgrí;total;dones;població;;4173
2000;Torroella de Montgrí;total;total;població;;8454
2000;Torroja del Priorat;total;homes;població;;80
2000;Torroja del Priorat;total;dones;població;;59
2000;Torroja del Priorat;total;total;població;;139
2000;Tortellà;total;homes;població;;363
2000;Tortellà;total;dones;població;;354
2000;Tortellà;total;total;població;;717
2000;Tortosa;total;homes;població;;14288
2000;Tortosa;total;dones;població;;15193
2000;Tortosa;total;total;població;;29481
2000;Toses;total;homes;població;;87
2000;Toses;total;dones;població;;64
2000;Toses;total;total;població;;151
2000;Tossa de Mar;total;homes;població;;2083
2000;Tossa de Mar;total;dones;població;;2112
2000;Tossa de Mar;total;total;població;;4195
2000;Tremp;total;homes;població;;2650
2000;Tremp;total;dones;població;;2727
2000;Tremp;total;total;població;;5377
2000;Ullà;total;homes;població;;425
2000;Ullà;total;dones;població;;389
2000;Ullà;total;total;població;;814
2000;Ullastrell;total;homes;població;;571
2000;Ullastrell;total;dones;població;;543
2000;Ullastrell;total;total;població;;1114
2000;Ullastret;total;homes;població;;122
2000;Ullastret;total;dones;població;;112
2000;Ullastret;total;total;població;;234
2000;Ulldecona;total;homes;població;;2627
2000;Ulldecona;total;dones;població;;2677
2000;Ulldecona;total;total;població;;5304
2000;Ulldemolins;total;homes;població;;259
2000;Ulldemolins;total;dones;població;;236
2000;Ulldemolins;total;total;població;;495
2000;Ultramort;total;homes;població;;114
2000;Ultramort;total;dones;població;;89
2000;Ultramort;total;total;població;;203
2000;Urús;total;homes;població;;101
2000;Urús;total;dones;població;;87
2000;Urús;total;total;població;;188
2000;Vacarisses;total;homes;població;;1419
2000;Vacarisses;total;dones;població;;1268
2000;Vacarisses;total;total;població;;2687
2000;Vajol, la;total;homes;població;;50
2000;Vajol, la;total;dones;població;;46
2000;Vajol, la;total;total;població;;96
2000;Vall d'en Bas, la;total;homes;població;;1311
2000;Vall d'en Bas, la;total;dones;població;;1241
2000;Vall d'en Bas, la;total;total;població;;2552
2000;Vall de Bianya, la;total;homes;població;;569
2000;Vall de Bianya, la;total;dones;població;;561
2000;Vall de Bianya, la;total;total;població;;1130
2000;Vall de Boí, la;total;homes;població;;481
2000;Vall de Boí, la;total;dones;població;;389
2000;Vall de Boí, la;total;total;població;;870
2000;Vall de Cardós;total;homes;població;;166
2000;Vall de Cardós;total;dones;població;;152
2000;Vall de Cardós;total;total;població;;318
2000;Vallbona d'Anoia;total;homes;població;;558
2000;Vallbona d'Anoia;total;dones;població;;531
2000;Vallbona d'Anoia;total;total;població;;1089
2000;Vallbona de les Monges;total;homes;població;;128
2000;Vallbona de les Monges;total;dones;població;;138
2000;Vallbona de les Monges;total;total;població;;266
2000;Vallcebre;total;homes;població;;142
2000;Vallcebre;total;dones;població;;127
2000;Vallcebre;total;total;població;;269
2000;Vallclara;total;homes;població;;62
2000;Vallclara;total;dones;població;;55
2000;Vallclara;total;total;població;;117
2000;Vallfogona de Balaguer;total;homes;població;;756
2000;Vallfogona de Balaguer;total;dones;població;;749
2000;Vallfogona de Balaguer;total;total;població;;1505
2000;Vallfogona de Ripollès;total;homes;població;;114
2000;Vallfogona de Ripollès;total;dones;població;;105
2000;Vallfogona de Ripollès;total;total;població;;219
2000;Vallfogona de Riucorb;total;homes;població;;85
2000;Vallfogona de Riucorb;total;dones;població;;79
2000;Vallfogona de Riucorb;total;total;població;;164
2000;Vallgorguina;total;homes;població;;698
2000;Vallgorguina;total;dones;població;;627
2000;Vallgorguina;total;total;població;;1325
2000;Vallirana;total;homes;població;;4564
2000;Vallirana;total;dones;població;;4440
2000;Vallirana;total;total;població;;9004
2000;Vall-llobrega;total;homes;població;;141
2000;Vall-llobrega;total;dones;població;;236
2000;Vall-llobrega;total;total;població;;377
2000;Vallmoll;total;homes;població;;609
2000;Vallmoll;total;dones;població;;559
2000;Vallmoll;total;total;població;;1168
2000;Vallromanes;total;homes;població;;711
2000;Vallromanes;total;dones;població;;663
2000;Vallromanes;total;total;població;;1374
2000;Valls;total;homes;població;;9994
2000;Valls;total;dones;població;;10388
2000;Valls;total;total;població;;20382
2000;Valls d'Aguilar, les;total;homes;població;;161
2000;Valls d'Aguilar, les;total;dones;població;;135
2000;Valls d'Aguilar, les;total;total;població;;296
2000;Valls de Valira, les;total;homes;població;;413
2000;Valls de Valira, les;total;dones;població;;344
2000;Valls de Valira, les;total;total;població;;757
2000;Vandellòs i l'Hospitalet de l'Infant;total;homes;població;;2176
2000;Vandellòs i l'Hospitalet de l'Infant;total;dones;població;;2167
2000;Vandellòs i l'Hospitalet de l'Infant;total;total;població;;4343
2000;Vansa i Fórnols, la;total;homes;població;;87
2000;Vansa i Fórnols, la;total;dones;població;;83
2000;Vansa i Fórnols, la;total;total;població;;170
2000;Veciana;total;homes;població;;83
2000;Veciana;total;dones;població;;71
2000;Veciana;total;total;població;;154
2000;Vendrell, el;total;homes;població;;11310
2000;Vendrell, el;total;dones;població;;11233
2000;Vendrell, el;total;total;població;;22543
2000;Ventalló;total;homes;població;;317
2000;Ventalló;total;dones;població;;291
2000;Ventalló;total;total;població;;608
2000;Verdú;total;homes;població;;498
2000;Verdú;total;dones;població;;543
2000;Verdú;total;total;població;;1041
2000;Verges;total;homes;població;;566
2000;Verges;total;dones;població;;568
2000;Verges;total;total;població;;1134
2000;Vespella de Gaià;total;homes;població;;116
2000;Vespella de Gaià;total;dones;població;;89
2000;Vespella de Gaià;total;total;població;;205
2000;Vic;total;homes;població;;15191
2000;Vic;total;dones;població;;16342
2000;Vic;total;total;població;;31533
2000;Vidrà;total;homes;població;;78
2000;Vidrà;total;dones;població;;80
2000;Vidrà;total;total;població;;158
2000;Vidreres;total;homes;població;;2405
2000;Vidreres;total;dones;població;;2335
2000;Vidreres;total;total;població;;4740
2000;Vielha e Mijaran;total;homes;població;;2079
2000;Vielha e Mijaran;total;dones;població;;2060
2000;Vielha e Mijaran;total;total;població;;4139
2000;Vilabella;total;homes;població;;397
2000;Vilabella;total;dones;població;;391
2000;Vilabella;total;total;població;;788
2000;Vilabertran;total;homes;població;;397
2000;Vilabertran;total;dones;població;;387
2000;Vilabertran;total;total;població;;784
2000;Vilablareix;total;homes;població;;916
2000;Vilablareix;total;dones;població;;926
2000;Vilablareix;total;total;població;;1842
2000;Vilada;total;homes;població;;266
2000;Vilada;total;dones;població;;256
2000;Vilada;total;total;població;;522
2000;Viladamat;total;homes;població;;221
2000;Viladamat;total;dones;població;;196
2000;Viladamat;total;total;població;;417
2000;Viladasens;total;homes;població;;96
2000;Viladasens;total;dones;població;;89
2000;Viladasens;total;total;població;;185
2000;Viladecans;total;homes;població;;28262
2000;Viladecans;total;dones;població;;27850
2000;Viladecans;total;total;població;;56112
2000;Viladecavalls;total;homes;població;;2904
2000;Viladecavalls;total;dones;població;;2851
2000;Viladecavalls;total;total;població;;5755
2000;Vilademuls;total;homes;població;;365
2000;Vilademuls;total;dones;població;;355
2000;Vilademuls;total;total;població;;720
2000;Viladrau;total;homes;població;;426
2000;Viladrau;total;dones;població;;430
2000;Viladrau;total;total;població;;856
2000;Vilafant;total;homes;població;;2047
2000;Vilafant;total;dones;població;;2053
2000;Vilafant;total;total;població;;4100
2000;Vilafranca del Penedès;total;homes;població;;14744
2000;Vilafranca del Penedès;total;dones;població;;15280
2000;Vilafranca del Penedès;total;total;població;;30024
2000;Vilagrassa;total;homes;població;;243
2000;Vilagrassa;total;dones;població;;210
2000;Vilagrassa;total;total;població;;453
2000;Vilajuïga;total;homes;població;;474
2000;Vilajuïga;total;dones;població;;479
2000;Vilajuïga;total;total;població;;953
2000;Vilalba dels Arcs;total;homes;població;;399
2000;Vilalba dels Arcs;total;dones;població;;363
2000;Vilalba dels Arcs;total;total;població;;762
2000;Vilalba Sasserra;total;homes;població;;245
2000;Vilalba Sasserra;total;dones;població;;209
2000;Vilalba Sasserra;total;total;població;;454
2000;Vilaller;total;homes;població;;303
2000;Vilaller;total;dones;població;;275
2000;Vilaller;total;total;població;;578
2000;Vilallonga de Ter;total;homes;població;;232
2000;Vilallonga de Ter;total;dones;població;;189
2000;Vilallonga de Ter;total;total;població;;421
2000;Vilallonga del Camp;total;homes;població;;614
2000;Vilallonga del Camp;total;dones;població;;623
2000;Vilallonga del Camp;total;total;població;;1237
2000;Vilamacolum;total;homes;població;;138
2000;Vilamacolum;total;dones;població;;123
2000;Vilamacolum;total;total;població;;261
2000;Vilamalla;total;homes;població;;408
2000;Vilamalla;total;dones;població;;353
2000;Vilamalla;total;total;població;;761
2000;Vilamaniscle;total;homes;població;;65
2000;Vilamaniscle;total;dones;població;;55
2000;Vilamaniscle;total;total;població;;120
2000;Vilamòs;total;homes;població;;78
2000;Vilamòs;total;dones;població;;74
2000;Vilamòs;total;total;població;;152
2000;Vilanant;total;homes;població;;155
2000;Vilanant;total;dones;població;;153
2000;Vilanant;total;total;població;;308
2000;Vilanova d'Escornalbou;total;homes;població;;234
2000;Vilanova d'Escornalbou;total;dones;població;;215
2000;Vilanova d'Escornalbou;total;total;població;;449
2000;Vilanova de Bellpuig;total;homes;població;;567
2000;Vilanova de Bellpuig;total;dones;població;;572
2000;Vilanova de Bellpuig;total;total;població;;1139
2000;Vilanova de l'Aguda;total;homes;població;;140
2000;Vilanova de l'Aguda;total;dones;població;;133
2000;Vilanova de l'Aguda;total;total;població;;273
2000;Vilanova de la Barca;total;homes;població;;459
2000;Vilanova de la Barca;total;dones;població;;462
2000;Vilanova de la Barca;total;total;població;;921
2000;Vilanova de Meià;total;homes;població;;244
2000;Vilanova de Meià;total;dones;població;;229
2000;Vilanova de Meià;total;total;població;;473
2000;Vilanova de Prades;total;homes;població;;80
2000;Vilanova de Prades;total;dones;població;;77
2000;Vilanova de Prades;total;total;població;;157
2000;Vilanova de Sau;total;homes;població;;150
2000;Vilanova de Sau;total;dones;població;;170
2000;Vilanova de Sau;total;total;població;;320
2000;Vilanova de Segrià;total;homes;població;;405
2000;Vilanova de Segrià;total;dones;població;;384
2000;Vilanova de Segrià;total;total;població;;789
2000;Vilanova del Camí;total;homes;població;;5127
2000;Vilanova del Camí;total;dones;població;;5076
2000;Vilanova del Camí;total;total;població;;10203
2000;Vilanova del Vallès;total;homes;població;;1174
2000;Vilanova del Vallès;total;dones;població;;1140
2000;Vilanova del Vallès;total;total;població;;2314
2000;Vilanova i la Geltrú;total;homes;població;;25734
2000;Vilanova i la Geltrú;total;dones;població;;26655
2000;Vilanova i la Geltrú;total;total;població;;52389
2000;Vilaplana;total;homes;població;;264
2000;Vilaplana;total;dones;població;;262
2000;Vilaplana;total;total;població;;526
2000;Vila-rodona;total;homes;població;;562
2000;Vila-rodona;total;dones;població;;472
2000;Vila-rodona;total;total;població;;1034
2000;Vila-sacra;total;homes;població;;190
2000;Vila-sacra;total;dones;població;;193
2000;Vila-sacra;total;total;població;;383
2000;Vila-sana;total;homes;població;;252
2000;Vila-sana;total;dones;població;;262
2000;Vila-sana;total;total;població;;514
2000;Vila-seca;total;homes;població;;6612
2000;Vila-seca;total;dones;població;;6521
2000;Vila-seca;total;total;població;;13133
2000;Vilassar de Dalt;total;homes;població;;3717
2000;Vilassar de Dalt;total;dones;població;;3767
2000;Vilassar de Dalt;total;total;població;;7484
2000;Vilassar de Mar;total;homes;població;;8327
2000;Vilassar de Mar;total;dones;població;;8673
2000;Vilassar de Mar;total;total;població;;17000
2000;Vilaür;total;homes;població;;72
2000;Vilaür;total;dones;població;;53
2000;Vilaür;total;total;població;;125
2000;Vilaverd;total;homes;població;;177
2000;Vilaverd;total;dones;població;;177
2000;Vilaverd;total;total;població;;354
2000;Vilella Alta, la;total;homes;població;;66
2000;Vilella Alta, la;total;dones;població;;62
2000;Vilella Alta, la;total;total;població;;128
2000;Vilella Baixa, la;total;homes;població;;94
2000;Vilella Baixa, la;total;dones;població;;80
2000;Vilella Baixa, la;total;total;població;;174
2000;Vilobí d'Onyar;total;homes;població;;1170
2000;Vilobí d'Onyar;total;dones;població;;1053
2000;Vilobí d'Onyar;total;total;població;;2223
2000;Vilobí del Penedès;total;homes;població;;450
2000;Vilobí del Penedès;total;dones;població;;424
2000;Vilobí del Penedès;total;total;població;;874
2000;Vilopriu;total;homes;població;;83
2000;Vilopriu;total;dones;població;;78
2000;Vilopriu;total;total;població;;161
2000;Vilosell, el;total;homes;població;;88
2000;Vilosell, el;total;dones;població;;109
2000;Vilosell, el;total;total;població;;197
2000;Vimbodí i Poblet;total;homes;població;;539
2000;Vimbodí i Poblet;total;dones;població;;472
2000;Vimbodí i Poblet;total;total;població;;1011
2000;Vinaixa;total;homes;població;;302
2000;Vinaixa;total;dones;població;;325
2000;Vinaixa;total;total;població;;627
2000;Vinebre;total;homes;població;;221
2000;Vinebre;total;dones;població;;222
2000;Vinebre;total;total;població;;443
2000;Vinyols i els Arcs;total;homes;població;;632
2000;Vinyols i els Arcs;total;dones;població;;581
2000;Vinyols i els Arcs;total;total;població;;1213
2000;Viver i Serrateix;total;homes;població;;96
2000;Viver i Serrateix;total;dones;població;;92
2000;Viver i Serrateix;total;total;població;;188
2000;Xerta;total;homes;població;;608
2000;Xerta;total;dones;població;;617
2000;Xerta;total;total;població;;1225
2000;Catalunya;total;homes;població;;3058628
2000;Catalunya;total;dones;població;;3203371
2000;Catalunya;total;total;població;;6261999
