any;municipi;edat any a any;sexe;concepte;estat;valor
2023;Abella de la Conca;total;homes;població;;86
2023;Abella de la Conca;total;dones;població;;80
2023;Abella de la Conca;total;total;població;;166
2023;Abrera;total;homes;població;;6452
2023;Abrera;total;dones;població;;6369
2023;Abrera;total;total;població;;12821
2023;Àger;total;homes;població;;319
2023;Àger;total;dones;població;;263
2023;Àger;total;total;població;;582
2023;Agramunt;total;homes;població;;2786
2023;Agramunt;total;dones;població;;2719
2023;Agramunt;total;total;població;;5505
2023;Aguilar de Segarra;total;homes;població;;157
2023;Aguilar de Segarra;total;dones;població;;136
2023;Aguilar de Segarra;total;total;població;;293
2023;Agullana;total;homes;població;;455
2023;Agullana;total;dones;població;;466
2023;Agullana;total;total;població;;921
2023;Aiguafreda;total;homes;població;;1245
2023;Aiguafreda;total;dones;població;;1327
2023;Aiguafreda;total;total;població;;2572
2023;Aiguamúrcia;total;homes;població;;512
2023;Aiguamúrcia;total;dones;població;;471
2023;Aiguamúrcia;total;total;població;;983
2023;Aiguaviva;total;homes;població;;383
2023;Aiguaviva;total;dones;població;;388
2023;Aiguaviva;total;total;població;;771
2023;Aitona;total;homes;població;;1331
2023;Aitona;total;dones;població;;1189
2023;Aitona;total;total;població;;2520
2023;Alamús, els;total;homes;població;;398
2023;Alamús, els;total;dones;població;;394
2023;Alamús, els;total;total;població;;792
2023;Alàs i Cerc;total;homes;població;;161
2023;Alàs i Cerc;total;dones;població;;164
2023;Alàs i Cerc;total;total;població;;325
2023;Albagés, l';total;homes;població;;190
2023;Albagés, l';total;dones;població;;166
2023;Albagés, l';total;total;població;;356
2023;Albanyà;total;homes;població;;87
2023;Albanyà;total;dones;població;;83
2023;Albanyà;total;total;població;;170
2023;Albatàrrec;total;homes;població;;1135
2023;Albatàrrec;total;dones;població;;1093
2023;Albatàrrec;total;total;població;;2228
2023;Albesa;total;homes;població;;853
2023;Albesa;total;dones;població;;727
2023;Albesa;total;total;població;;1580
2023;Albi, l';total;homes;població;;389
2023;Albi, l';total;dones;població;;375
2023;Albi, l';total;total;població;;764
2023;Albinyana;total;homes;població;;1359
2023;Albinyana;total;dones;població;;1305
2023;Albinyana;total;total;població;;2664
2023;Albiol, l';total;homes;població;;291
2023;Albiol, l';total;dones;població;;248
2023;Albiol, l';total;total;població;;539
2023;Albons;total;homes;població;;423
2023;Albons;total;dones;població;;393
2023;Albons;total;total;població;;816
2023;Alcanar;total;homes;població;;4935
2023;Alcanar;total;dones;població;;4837
2023;Alcanar;total;total;població;;9772
2023;Alcanó;total;homes;població;;124
2023;Alcanó;total;dones;població;;120
2023;Alcanó;total;total;població;;244
2023;Alcarràs;total;homes;població;;5181
2023;Alcarràs;total;dones;població;;4819
2023;Alcarràs;total;total;població;;10000
2023;Alcoletge;total;homes;població;;1888
2023;Alcoletge;total;dones;població;;1656
2023;Alcoletge;total;total;població;;3544
2023;Alcover;total;homes;població;;2614
2023;Alcover;total;dones;població;;2653
2023;Alcover;total;total;població;;5267
2023;Aldea, l';total;homes;població;;2433
2023;Aldea, l';total;dones;població;;2054
2023;Aldea, l';total;total;població;;4487
2023;Aldover;total;homes;població;;450
2023;Aldover;total;dones;població;;429
2023;Aldover;total;total;població;;879
2023;Aleixar, l';total;homes;població;;490
2023;Aleixar, l';total;dones;població;;457
2023;Aleixar, l';total;total;població;;947
2023;Alella;total;homes;població;;4930
2023;Alella;total;dones;població;;5180
2023;Alella;total;total;població;;10110
2023;Alfara de Carles;total;homes;població;;192
2023;Alfara de Carles;total;dones;població;;172
2023;Alfara de Carles;total;total;població;;364
2023;Alfarràs;total;homes;població;;1449
2023;Alfarràs;total;dones;població;;1329
2023;Alfarràs;total;total;població;;2778
2023;Alfés;total;homes;població;;156
2023;Alfés;total;dones;població;;129
2023;Alfés;total;total;població;;285
2023;Alforja;total;homes;població;;1005
2023;Alforja;total;dones;població;;979
2023;Alforja;total;total;població;;1984
2023;Algerri;total;homes;població;;236
2023;Algerri;total;dones;població;;202
2023;Algerri;total;total;població;;438
2023;Alguaire;total;homes;població;;1588
2023;Alguaire;total;dones;població;;1418
2023;Alguaire;total;total;població;;3006
2023;Alins;total;homes;població;;152
2023;Alins;total;dones;població;;131
2023;Alins;total;total;població;;283
2023;Alió;total;homes;població;;253
2023;Alió;total;dones;població;;259
2023;Alió;total;total;població;;512
2023;Almacelles;total;homes;població;;3777
2023;Almacelles;total;dones;població;;3199
2023;Almacelles;total;total;població;;6976
2023;Almatret;total;homes;població;;171
2023;Almatret;total;dones;població;;134
2023;Almatret;total;total;població;;305
2023;Almenar;total;homes;població;;1794
2023;Almenar;total;dones;població;;1566
2023;Almenar;total;total;població;;3360
2023;Almoster;total;homes;població;;657
2023;Almoster;total;dones;població;;652
2023;Almoster;total;total;població;;1309
2023;Alòs de Balaguer;total;homes;població;;66
2023;Alòs de Balaguer;total;dones;població;;48
2023;Alòs de Balaguer;total;total;població;;114
2023;Alp;total;homes;població;;898
2023;Alp;total;dones;població;;823
2023;Alp;total;total;població;;1721
2023;Alpens;total;homes;població;;149
2023;Alpens;total;dones;població;;124
2023;Alpens;total;total;població;;273
2023;Alpicat;total;homes;població;;3230
2023;Alpicat;total;dones;població;;3220
2023;Alpicat;total;total;població;;6450
2023;Alt Àneu;total;homes;població;;258
2023;Alt Àneu;total;dones;població;;191
2023;Alt Àneu;total;total;població;;449
2023;Altafulla;total;homes;població;;2749
2023;Altafulla;total;dones;població;;2935
2023;Altafulla;total;total;població;;5684
2023;Amer;total;homes;població;;1192
2023;Amer;total;dones;població;;1223
2023;Amer;total;total;població;;2415
2023;Ametlla de Mar, l';total;homes;població;;3717
2023;Ametlla de Mar, l';total;dones;població;;3613
2023;Ametlla de Mar, l';total;total;població;;7330
2023;Ametlla del Vallès, l';total;homes;població;;4658
2023;Ametlla del Vallès, l';total;dones;població;;4625
2023;Ametlla del Vallès, l';total;total;població;;9283
2023;Ampolla, l';total;homes;població;;1840
2023;Ampolla, l';total;dones;població;;1791
2023;Ampolla, l';total;total;població;;3631
2023;Amposta;total;homes;població;;11274
2023;Amposta;total;dones;població;;10951
2023;Amposta;total;total;població;;22225
2023;Anglès;total;homes;població;;2938
2023;Anglès;total;dones;població;;2901
2023;Anglès;total;total;població;;5839
2023;Anglesola;total;homes;població;;688
2023;Anglesola;total;dones;població;;677
2023;Anglesola;total;total;població;;1365
2023;Arbeca;total;homes;població;;1083
2023;Arbeca;total;dones;població;;1030
2023;Arbeca;total;total;població;;2113
2023;Arboç, l';total;homes;població;;2889
2023;Arboç, l';total;dones;població;;2803
2023;Arboç, l';total;total;població;;5692
2023;Arbolí;total;homes;població;;80
2023;Arbolí;total;dones;població;;51
2023;Arbolí;total;total;població;;131
2023;Arbúcies;total;homes;població;;3361
2023;Arbúcies;total;dones;població;;3166
2023;Arbúcies;total;total;població;;6527
2023;Arenys de Mar;total;homes;població;;7913
2023;Arenys de Mar;total;dones;població;;8367
2023;Arenys de Mar;total;total;població;;16280
2023;Arenys de Munt;total;homes;població;;4723
2023;Arenys de Munt;total;dones;població;;4668
2023;Arenys de Munt;total;total;població;;9391
2023;Argelaguer;total;homes;població;;214
2023;Argelaguer;total;dones;població;;214
2023;Argelaguer;total;total;població;;428
2023;Argençola;total;homes;població;;119
2023;Argençola;total;dones;població;;108
2023;Argençola;total;total;població;;227
2023;Argentera, l';total;homes;població;;75
2023;Argentera, l';total;dones;població;;57
2023;Argentera, l';total;total;població;;132
2023;Argentona;total;homes;població;;6350
2023;Argentona;total;dones;població;;6495
2023;Argentona;total;total;població;;12845
2023;Armentera, l';total;homes;població;;539
2023;Armentera, l';total;dones;població;;524
2023;Armentera, l';total;total;població;;1063
2023;Arnes;total;homes;població;;219
2023;Arnes;total;dones;població;;237
2023;Arnes;total;total;població;;456
2023;Arres;total;homes;població;;49
2023;Arres;total;dones;població;;22
2023;Arres;total;total;població;;71
2023;Arsèguel;total;homes;població;;42
2023;Arsèguel;total;dones;població;;37
2023;Arsèguel;total;total;població;;79
2023;Artés;total;homes;població;;3014
2023;Artés;total;dones;població;;2967
2023;Artés;total;total;població;;5981
2023;Artesa de Lleida;total;homes;població;;802
2023;Artesa de Lleida;total;dones;població;;720
2023;Artesa de Lleida;total;total;població;;1522
2023;Artesa de Segre;total;homes;població;;1835
2023;Artesa de Segre;total;dones;població;;1693
2023;Artesa de Segre;total;total;població;;3528
2023;Ascó;total;homes;població;;850
2023;Ascó;total;dones;població;;787
2023;Ascó;total;total;població;;1637
2023;Aspa;total;homes;població;;111
2023;Aspa;total;dones;població;;106
2023;Aspa;total;total;població;;217
2023;Avellanes i Santa Linya, les;total;homes;població;;246
2023;Avellanes i Santa Linya, les;total;dones;població;;198
2023;Avellanes i Santa Linya, les;total;total;població;;444
2023;Avià;total;homes;població;;1119
2023;Avià;total;dones;població;;1130
2023;Avià;total;total;població;;2249
2023;Avinyó;total;homes;població;;1158
2023;Avinyó;total;dones;població;;1139
2023;Avinyó;total;total;població;;2297
2023;Avinyonet de Puigventós;total;homes;població;;847
2023;Avinyonet de Puigventós;total;dones;població;;837
2023;Avinyonet de Puigventós;total;total;població;;1684
2023;Avinyonet del Penedès;total;homes;població;;922
2023;Avinyonet del Penedès;total;dones;població;;816
2023;Avinyonet del Penedès;total;total;població;;1738
2023;Badalona;total;homes;població;;110470
2023;Badalona;total;dones;població;;113831
2023;Badalona;total;total;població;;224301
2023;Badia del Vallès;total;homes;població;;6379
2023;Badia del Vallès;total;dones;població;;6676
2023;Badia del Vallès;total;total;població;;13055
2023;Bagà;total;homes;població;;1080
2023;Bagà;total;dones;població;;1067
2023;Bagà;total;total;població;;2147
2023;Baix Pallars;total;homes;població;;194
2023;Baix Pallars;total;dones;població;;161
2023;Baix Pallars;total;total;població;;355
2023;Balaguer;total;homes;població;;8998
2023;Balaguer;total;dones;població;;8546
2023;Balaguer;total;total;població;;17544
2023;Balenyà;total;homes;població;;2008
2023;Balenyà;total;dones;població;;1957
2023;Balenyà;total;total;població;;3965
2023;Balsareny;total;homes;població;;1667
2023;Balsareny;total;dones;població;;1639
2023;Balsareny;total;total;població;;3306
2023;Banyeres del Penedès;total;homes;població;;1687
2023;Banyeres del Penedès;total;dones;població;;1669
2023;Banyeres del Penedès;total;total;població;;3356
2023;Banyoles;total;homes;població;;10169
2023;Banyoles;total;dones;població;;10323
2023;Banyoles;total;total;població;;20492
2023;Barbens;total;homes;població;;519
2023;Barbens;total;dones;població;;410
2023;Barbens;total;total;població;;929
2023;Barberà de la Conca;total;homes;població;;265
2023;Barberà de la Conca;total;dones;població;;219
2023;Barberà de la Conca;total;total;població;;484
2023;Barberà del Vallès;total;homes;població;;16349
2023;Barberà del Vallès;total;dones;població;;17004
2023;Barberà del Vallès;total;total;població;;33353
2023;Barcelona;total;homes;població;;788057
2023;Barcelona;total;dones;població;;867899
2023;Barcelona;total;total;població;;1655956
2023;Baronia de Rialb, la;total;homes;població;;118
2023;Baronia de Rialb, la;total;dones;població;;107
2023;Baronia de Rialb, la;total;total;població;;225
2023;Bàscara;total;homes;població;;538
2023;Bàscara;total;dones;població;;515
2023;Bàscara;total;total;població;;1053
2023;Bassella;total;homes;població;;120
2023;Bassella;total;dones;població;;100
2023;Bassella;total;total;població;;220
2023;Batea;total;homes;població;;925
2023;Batea;total;dones;població;;938
2023;Batea;total;total;població;;1863
2023;Bausen;total;homes;població;;38
2023;Bausen;total;dones;població;;32
2023;Bausen;total;total;població;;70
2023;Begues;total;homes;població;;3689
2023;Begues;total;dones;població;;3740
2023;Begues;total;total;població;;7429
2023;Begur;total;homes;població;;2112
2023;Begur;total;dones;població;;2117
2023;Begur;total;total;població;;4229
2023;Belianes;total;homes;població;;247
2023;Belianes;total;dones;població;;263
2023;Belianes;total;total;població;;510
2023;Bellaguarda;total;homes;població;;154
2023;Bellaguarda;total;dones;població;;142
2023;Bellaguarda;total;total;població;;296
2023;Bellcaire d'Empordà;total;homes;població;;356
2023;Bellcaire d'Empordà;total;dones;població;;371
2023;Bellcaire d'Empordà;total;total;població;;727
2023;Bellcaire d'Urgell;total;homes;població;;620
2023;Bellcaire d'Urgell;total;dones;població;;605
2023;Bellcaire d'Urgell;total;total;població;;1225
2023;Bell-lloc d'Urgell;total;homes;població;;1189
2023;Bell-lloc d'Urgell;total;dones;població;;1185
2023;Bell-lloc d'Urgell;total;total;població;;2374
2023;Bellmunt d'Urgell;total;homes;població;;94
2023;Bellmunt d'Urgell;total;dones;població;;83
2023;Bellmunt d'Urgell;total;total;població;;177
2023;Bellmunt del Priorat;total;homes;població;;147
2023;Bellmunt del Priorat;total;dones;població;;138
2023;Bellmunt del Priorat;total;total;població;;285
2023;Bellprat;total;homes;població;;45
2023;Bellprat;total;dones;població;;27
2023;Bellprat;total;total;població;;72
2023;Bellpuig;total;homes;població;;2748
2023;Bellpuig;total;dones;població;;2434
2023;Bellpuig;total;total;població;;5182
2023;Bellvei;total;homes;població;;1220
2023;Bellvei;total;dones;població;;1141
2023;Bellvei;total;total;població;;2361
2023;Bellver de Cerdanya;total;homes;població;;1157
2023;Bellver de Cerdanya;total;dones;població;;1094
2023;Bellver de Cerdanya;total;total;població;;2251
2023;Bellvís;total;homes;població;;1157
2023;Bellvís;total;dones;població;;1094
2023;Bellvís;total;total;població;;2251
2023;Benavent de Segrià;total;homes;població;;830
2023;Benavent de Segrià;total;dones;població;;751
2023;Benavent de Segrià;total;total;població;;1581
2023;Benifallet;total;homes;població;;358
2023;Benifallet;total;dones;població;;378
2023;Benifallet;total;total;població;;736
2023;Benissanet;total;homes;població;;634
2023;Benissanet;total;dones;població;;527
2023;Benissanet;total;total;població;;1161
2023;Berga;total;homes;població;;8372
2023;Berga;total;dones;població;;8622
2023;Berga;total;total;població;;16994
2023;Besalú;total;homes;població;;1184
2023;Besalú;total;dones;població;;1328
2023;Besalú;total;total;població;;2512
2023;Bescanó;total;homes;població;;2597
2023;Bescanó;total;dones;població;;2574
2023;Bescanó;total;total;població;;5171
2023;Beuda;total;homes;població;;109
2023;Beuda;total;dones;població;;103
2023;Beuda;total;total;població;;212
2023;Bigues i Riells del Fai;total;homes;població;;5030
2023;Bigues i Riells del Fai;total;dones;població;;4914
2023;Bigues i Riells del Fai;total;total;població;;9944
2023;Biosca;total;homes;població;;102
2023;Biosca;total;dones;població;;83
2023;Biosca;total;total;població;;185
2023;Bisbal d'Empordà, la;total;homes;població;;5684
2023;Bisbal d'Empordà, la;total;dones;població;;5680
2023;Bisbal d'Empordà, la;total;total;població;;11364
2023;Bisbal de Montsant, la;total;homes;població;;117
2023;Bisbal de Montsant, la;total;dones;població;;89
2023;Bisbal de Montsant, la;total;total;població;;206
2023;Bisbal del Penedès, la;total;homes;població;;2185
2023;Bisbal del Penedès, la;total;dones;població;;1983
2023;Bisbal del Penedès, la;total;total;població;;4168
2023;Biure;total;homes;població;;130
2023;Biure;total;dones;població;;110
2023;Biure;total;total;població;;240
2023;Blancafort;total;homes;població;;200
2023;Blancafort;total;dones;població;;190
2023;Blancafort;total;total;població;;390
2023;Blanes;total;homes;població;;20639
2023;Blanes;total;dones;població;;20878
2023;Blanes;total;total;població;;41517
2023;Boadella i les Escaules;total;homes;població;;131
2023;Boadella i les Escaules;total;dones;població;;131
2023;Boadella i les Escaules;total;total;població;;262
2023;Bolvir;total;homes;població;;258
2023;Bolvir;total;dones;població;;250
2023;Bolvir;total;total;població;;508
2023;Bonastre;total;homes;població;;403
2023;Bonastre;total;dones;població;;341
2023;Bonastre;total;total;població;;744
2023;Bòrdes, Es;total;homes;població;;157
2023;Bòrdes, Es;total;dones;població;;123
2023;Bòrdes, Es;total;total;població;;280
2023;Bordils;total;homes;població;;902
2023;Bordils;total;dones;població;;892
2023;Bordils;total;total;població;;1794
2023;Borges Blanques, les;total;homes;població;;3160
2023;Borges Blanques, les;total;dones;població;;3039
2023;Borges Blanques, les;total;total;població;;6199
2023;Borges del Camp, les;total;homes;població;;1128
2023;Borges del Camp, les;total;dones;població;;1067
2023;Borges del Camp, les;total;total;població;;2195
2023;Borrassà;total;homes;població;;408
2023;Borrassà;total;dones;població;;387
2023;Borrassà;total;total;població;;795
2023;Borredà;total;homes;població;;247
2023;Borredà;total;dones;població;;192
2023;Borredà;total;total;població;;439
2023;Bossòst;total;homes;població;;556
2023;Bossòst;total;dones;població;;582
2023;Bossòst;total;total;població;;1138
2023;Bot;total;homes;població;;284
2023;Bot;total;dones;població;;276
2023;Bot;total;total;població;;560
2023;Botarell;total;homes;població;;587
2023;Botarell;total;dones;població;;565
2023;Botarell;total;total;població;;1152
2023;Bovera;total;homes;població;;141
2023;Bovera;total;dones;població;;120
2023;Bovera;total;total;població;;261
2023;Bràfim;total;homes;població;;343
2023;Bràfim;total;dones;població;;344
2023;Bràfim;total;total;població;;687
2023;Breda;total;homes;població;;1906
2023;Breda;total;dones;població;;1986
2023;Breda;total;total;població;;3892
2023;Bruc, el;total;homes;població;;1200
2023;Bruc, el;total;dones;població;;1075
2023;Bruc, el;total;total;població;;2275
2023;Brull, el;total;homes;població;;155
2023;Brull, el;total;dones;població;;131
2023;Brull, el;total;total;població;;286
2023;Brunyola i Sant Martí Sapresa;total;homes;població;;204
2023;Brunyola i Sant Martí Sapresa;total;dones;població;;194
2023;Brunyola i Sant Martí Sapresa;total;total;població;;398
2023;Cabacés;total;homes;població;;169
2023;Cabacés;total;dones;població;;136
2023;Cabacés;total;total;població;;305
2023;Cabanabona;total;homes;població;;27
2023;Cabanabona;total;dones;població;;35
2023;Cabanabona;total;total;població;;62
2023;Cabanelles;total;homes;població;;154
2023;Cabanelles;total;dones;població;;122
2023;Cabanelles;total;total;població;;276
2023;Cabanes;total;homes;població;;490
2023;Cabanes;total;dones;població;;448
2023;Cabanes;total;total;població;;938
2023;Cabanyes, les;total;homes;població;;510
2023;Cabanyes, les;total;dones;població;;483
2023;Cabanyes, les;total;total;població;;993
2023;Cabó;total;homes;població;;52
2023;Cabó;total;dones;població;;49
2023;Cabó;total;total;població;;101
2023;Cabra del Camp;total;homes;població;;670
2023;Cabra del Camp;total;dones;població;;612
2023;Cabra del Camp;total;total;població;;1282
2023;Cabrera d'Anoia;total;homes;població;;890
2023;Cabrera d'Anoia;total;dones;població;;777
2023;Cabrera d'Anoia;total;total;població;;1667
2023;Cabrera de Mar;total;homes;població;;2482
2023;Cabrera de Mar;total;dones;població;;2466
2023;Cabrera de Mar;total;total;població;;4948
2023;Cabrils;total;homes;població;;3858
2023;Cabrils;total;dones;població;;3945
2023;Cabrils;total;total;població;;7803
2023;Cadaqués;total;homes;població;;1422
2023;Cadaqués;total;dones;població;;1494
2023;Cadaqués;total;total;població;;2916
2023;Calaf;total;homes;població;;1790
2023;Calaf;total;dones;població;;1759
2023;Calaf;total;total;població;;3549
2023;Calafell;total;homes;població;;15251
2023;Calafell;total;dones;població;;15231
2023;Calafell;total;total;població;;30482
2023;Calders;total;homes;població;;565
2023;Calders;total;dones;població;;533
2023;Calders;total;total;població;;1098
2023;Caldes d'Estrac;total;homes;població;;1543
2023;Caldes d'Estrac;total;dones;població;;1670
2023;Caldes d'Estrac;total;total;població;;3213
2023;Caldes de Malavella;total;homes;població;;4168
2023;Caldes de Malavella;total;dones;població;;4223
2023;Caldes de Malavella;total;total;població;;8391
2023;Caldes de Montbui;total;homes;població;;9021
2023;Caldes de Montbui;total;dones;població;;9081
2023;Caldes de Montbui;total;total;població;;18102
2023;Calella;total;homes;població;;9516
2023;Calella;total;dones;població;;10246
2023;Calella;total;total;població;;19762
2023;Calldetenes;total;homes;població;;1318
2023;Calldetenes;total;dones;població;;1278
2023;Calldetenes;total;total;població;;2596
2023;Callús;total;homes;població;;1027
2023;Callús;total;dones;població;;1073
2023;Callús;total;total;població;;2100
2023;Calonge de Segarra;total;homes;població;;95
2023;Calonge de Segarra;total;dones;població;;93
2023;Calonge de Segarra;total;total;població;;188
2023;Calonge i Sant Antoni;total;homes;població;;5989
2023;Calonge i Sant Antoni;total;dones;població;;6015
2023;Calonge i Sant Antoni;total;total;població;;12004
2023;Camarasa;total;homes;població;;411
2023;Camarasa;total;dones;població;;384
2023;Camarasa;total;total;població;;795
2023;Camarles;total;homes;població;;1728
2023;Camarles;total;dones;població;;1637
2023;Camarles;total;total;població;;3365
2023;Cambrils;total;homes;població;;17796
2023;Cambrils;total;dones;població;;18645
2023;Cambrils;total;total;població;;36441
2023;Camós;total;homes;població;;352
2023;Camós;total;dones;població;;366
2023;Camós;total;total;població;;718
2023;Campdevànol;total;homes;població;;1583
2023;Campdevànol;total;dones;població;;1632
2023;Campdevànol;total;total;població;;3215
2023;Campelles;total;homes;població;;90
2023;Campelles;total;dones;població;;75
2023;Campelles;total;total;població;;165
2023;Campins;total;homes;població;;303
2023;Campins;total;dones;població;;289
2023;Campins;total;total;població;;592
2023;Campllong;total;homes;població;;265
2023;Campllong;total;dones;població;;269
2023;Campllong;total;total;població;;534
2023;Camprodon;total;homes;població;;1210
2023;Camprodon;total;dones;població;;1277
2023;Camprodon;total;total;població;;2487
2023;Canejan;total;homes;població;;49
2023;Canejan;total;dones;població;;47
2023;Canejan;total;total;població;;96
2023;Canet d'Adri;total;homes;població;;380
2023;Canet d'Adri;total;dones;població;;360
2023;Canet d'Adri;total;total;població;;740
2023;Canet de Mar;total;homes;població;;7302
2023;Canet de Mar;total;dones;població;;7712
2023;Canet de Mar;total;total;població;;15014
2023;Canonja, la;total;homes;població;;2888
2023;Canonja, la;total;dones;població;;3037
2023;Canonja, la;total;total;població;;5925
2023;Canovelles;total;homes;població;;8785
2023;Canovelles;total;dones;població;;8240
2023;Canovelles;total;total;població;;17025
2023;Cànoves i Samalús;total;homes;població;;1690
2023;Cànoves i Samalús;total;dones;població;;1630
2023;Cànoves i Samalús;total;total;població;;3320
2023;Cantallops;total;homes;població;;168
2023;Cantallops;total;dones;població;;158
2023;Cantallops;total;total;població;;326
2023;Canyelles;total;homes;població;;2714
2023;Canyelles;total;dones;població;;2487
2023;Canyelles;total;total;població;;5201
2023;Capafonts;total;homes;població;;63
2023;Capafonts;total;dones;població;;48
2023;Capafonts;total;total;població;;111
2023;Capçanes;total;homes;població;;212
2023;Capçanes;total;dones;població;;211
2023;Capçanes;total;total;població;;423
2023;Capellades;total;homes;població;;2679
2023;Capellades;total;dones;població;;2736
2023;Capellades;total;total;població;;5415
2023;Capmany;total;homes;població;;341
2023;Capmany;total;dones;població;;324
2023;Capmany;total;total;població;;665
2023;Capolat;total;homes;població;;42
2023;Capolat;total;dones;població;;46
2023;Capolat;total;total;població;;88
2023;Cardedeu;total;homes;població;;9224
2023;Cardedeu;total;dones;població;;9823
2023;Cardedeu;total;total;població;;19047
2023;Cardona;total;homes;població;;2253
2023;Cardona;total;dones;població;;2308
2023;Cardona;total;total;població;;4561
2023;Carme;total;homes;població;;413
2023;Carme;total;dones;població;;384
2023;Carme;total;total;població;;797
2023;Caseres;total;homes;població;;119
2023;Caseres;total;dones;població;;123
2023;Caseres;total;total;població;;242
2023;Cassà de la Selva;total;homes;població;;5537
2023;Cassà de la Selva;total;dones;població;;5296
2023;Cassà de la Selva;total;total;població;;10833
2023;Casserres;total;homes;població;;815
2023;Casserres;total;dones;població;;823
2023;Casserres;total;total;població;;1638
2023;Castell d'Aro, Platja d'Aro i s'Agaró;total;homes;població;;6187
2023;Castell d'Aro, Platja d'Aro i s'Agaró;total;dones;població;;6346
2023;Castell d'Aro, Platja d'Aro i s'Agaró;total;total;població;;12533
2023;Castell de l'Areny;total;homes;població;;39
2023;Castell de l'Areny;total;dones;població;;30
2023;Castell de l'Areny;total;total;població;;69
2023;Castell de Mur;total;homes;població;;101
2023;Castell de Mur;total;dones;població;;78
2023;Castell de Mur;total;total;població;;179
2023;Castellar de la Ribera;total;homes;població;;73
2023;Castellar de la Ribera;total;dones;població;;68
2023;Castellar de la Ribera;total;total;població;;141
2023;Castellar de n'Hug;total;homes;població;;93
2023;Castellar de n'Hug;total;dones;població;;78
2023;Castellar de n'Hug;total;total;població;;171
2023;Castellar del Riu;total;homes;població;;94
2023;Castellar del Riu;total;dones;població;;75
2023;Castellar del Riu;total;total;població;;169
2023;Castellar del Vallès;total;homes;població;;12423
2023;Castellar del Vallès;total;dones;població;;12699
2023;Castellar del Vallès;total;total;població;;25122
2023;Castellbell i el Vilar;total;homes;població;;2079
2023;Castellbell i el Vilar;total;dones;població;;1983
2023;Castellbell i el Vilar;total;total;població;;4062
2023;Castellbisbal;total;homes;població;;6429
2023;Castellbisbal;total;dones;població;;6382
2023;Castellbisbal;total;total;població;;12811
2023;Castellcir;total;homes;població;;408
2023;Castellcir;total;dones;població;;367
2023;Castellcir;total;total;població;;775
2023;Castelldans;total;homes;població;;464
2023;Castelldans;total;dones;població;;423
2023;Castelldans;total;total;població;;887
2023;Castelldefels;total;homes;població;;33341
2023;Castelldefels;total;dones;població;;34986
2023;Castelldefels;total;total;població;;68327
2023;Castellet i la Gornal;total;homes;població;;1340
2023;Castellet i la Gornal;total;dones;població;;1229
2023;Castellet i la Gornal;total;total;població;;2569
2023;Castellfollit de la Roca;total;homes;població;;478
2023;Castellfollit de la Roca;total;dones;població;;460
2023;Castellfollit de la Roca;total;total;població;;938
2023;Castellfollit de Riubregós;total;homes;població;;88
2023;Castellfollit de Riubregós;total;dones;població;;74
2023;Castellfollit de Riubregós;total;total;població;;162
2023;Castellfollit del Boix;total;homes;població;;236
2023;Castellfollit del Boix;total;dones;població;;226
2023;Castellfollit del Boix;total;total;població;;462
2023;Castellgalí;total;homes;població;;1182
2023;Castellgalí;total;dones;població;;1126
2023;Castellgalí;total;total;població;;2308
2023;Castellnou de Bages;total;homes;població;;740
2023;Castellnou de Bages;total;dones;població;;675
2023;Castellnou de Bages;total;total;població;;1415
2023;Castellnou de Seana;total;homes;població;;373
2023;Castellnou de Seana;total;dones;població;;336
2023;Castellnou de Seana;total;total;població;;709
2023;Castelló d'Empúries;total;homes;població;;5969
2023;Castelló d'Empúries;total;dones;població;;5818
2023;Castelló d'Empúries;total;total;població;;11787
2023;Castelló de Farfanya;total;homes;població;;279
2023;Castelló de Farfanya;total;dones;població;;251
2023;Castelló de Farfanya;total;total;població;;530
2023;Castellolí;total;homes;població;;311
2023;Castellolí;total;dones;població;;342
2023;Castellolí;total;total;població;;653
2023;Castellserà;total;homes;població;;510
2023;Castellserà;total;dones;població;;476
2023;Castellserà;total;total;població;;986
2023;Castellterçol;total;homes;població;;1388
2023;Castellterçol;total;dones;població;;1341
2023;Castellterçol;total;total;població;;2729
2023;Castellvell del Camp;total;homes;població;;1518
2023;Castellvell del Camp;total;dones;població;;1499
2023;Castellvell del Camp;total;total;població;;3017
2023;Castellví de la Marca;total;homes;població;;858
2023;Castellví de la Marca;total;dones;població;;813
2023;Castellví de la Marca;total;total;població;;1671
2023;Castellví de Rosanes;total;homes;població;;1027
2023;Castellví de Rosanes;total;dones;població;;1058
2023;Castellví de Rosanes;total;total;població;;2085
2023;Catllar, el;total;homes;població;;2669
2023;Catllar, el;total;dones;població;;2449
2023;Catllar, el;total;total;població;;5118
2023;Cava;total;homes;població;;31
2023;Cava;total;dones;població;;15
2023;Cava;total;total;població;;46
2023;Cellera de Ter, la;total;homes;població;;988
2023;Cellera de Ter, la;total;dones;població;;1025
2023;Cellera de Ter, la;total;total;població;;2013
2023;Celrà;total;homes;població;;2728
2023;Celrà;total;dones;població;;2734
2023;Celrà;total;total;població;;5462
2023;Centelles;total;homes;població;;3795
2023;Centelles;total;dones;població;;3942
2023;Centelles;total;total;població;;7737
2023;Cercs;total;homes;població;;602
2023;Cercs;total;dones;població;;595
2023;Cercs;total;total;població;;1197
2023;Cerdanyola del Vallès;total;homes;població;;28092
2023;Cerdanyola del Vallès;total;dones;població;;29660
2023;Cerdanyola del Vallès;total;total;població;;57752
2023;Cervelló;total;homes;població;;4779
2023;Cervelló;total;dones;població;;4682
2023;Cervelló;total;total;població;;9461
2023;Cervera;total;homes;població;;4832
2023;Cervera;total;dones;població;;4636
2023;Cervera;total;total;població;;9468
2023;Cervià de les Garrigues;total;homes;població;;351
2023;Cervià de les Garrigues;total;dones;població;;294
2023;Cervià de les Garrigues;total;total;població;;645
2023;Cervià de Ter;total;homes;població;;516
2023;Cervià de Ter;total;dones;població;;491
2023;Cervià de Ter;total;total;població;;1007
2023;Cistella;total;homes;població;;152
2023;Cistella;total;dones;població;;149
2023;Cistella;total;total;població;;301
2023;Ciutadilla;total;homes;població;;100
2023;Ciutadilla;total;dones;població;;88
2023;Ciutadilla;total;total;població;;188
2023;Clariana de Cardener;total;homes;població;;83
2023;Clariana de Cardener;total;dones;població;;75
2023;Clariana de Cardener;total;total;població;;158
2023;Cogul, el;total;homes;població;;88
2023;Cogul, el;total;dones;població;;67
2023;Cogul, el;total;total;població;;155
2023;Colera;total;homes;població;;246
2023;Colera;total;dones;població;;231
2023;Colera;total;total;població;;477
2023;Coll de Nargó;total;homes;població;;296
2023;Coll de Nargó;total;dones;població;;262
2023;Coll de Nargó;total;total;població;;558
2023;Collbató;total;homes;població;;2487
2023;Collbató;total;dones;població;;2336
2023;Collbató;total;total;població;;4823
2023;Colldejou;total;homes;població;;93
2023;Colldejou;total;dones;població;;68
2023;Colldejou;total;total;població;;161
2023;Collsuspina;total;homes;població;;193
2023;Collsuspina;total;dones;població;;194
2023;Collsuspina;total;total;població;;387
2023;Colomers;total;homes;població;;104
2023;Colomers;total;dones;població;;103
2023;Colomers;total;total;població;;207
2023;Coma i la Pedra, la;total;homes;població;;156
2023;Coma i la Pedra, la;total;dones;població;;121
2023;Coma i la Pedra, la;total;total;població;;277
2023;Conca de Dalt;total;homes;població;;227
2023;Conca de Dalt;total;dones;població;;208
2023;Conca de Dalt;total;total;població;;435
2023;Conesa;total;homes;població;;60
2023;Conesa;total;dones;població;;60
2023;Conesa;total;total;població;;120
2023;Constantí;total;homes;població;;3521
2023;Constantí;total;dones;població;;3328
2023;Constantí;total;total;població;;6849
2023;Copons;total;homes;població;;173
2023;Copons;total;dones;població;;169
2023;Copons;total;total;població;;342
2023;Corbera d'Ebre;total;homes;població;;545
2023;Corbera d'Ebre;total;dones;població;;472
2023;Corbera d'Ebre;total;total;població;;1017
2023;Corbera de Llobregat;total;homes;població;;7900
2023;Corbera de Llobregat;total;dones;població;;7629
2023;Corbera de Llobregat;total;total;població;;15529
2023;Corbins;total;homes;població;;807
2023;Corbins;total;dones;població;;674
2023;Corbins;total;total;població;;1481
2023;Corçà;total;homes;població;;666
2023;Corçà;total;dones;població;;627
2023;Corçà;total;total;població;;1293
2023;Cornellà de Llobregat;total;homes;població;;43714
2023;Cornellà de Llobregat;total;dones;població;;46362
2023;Cornellà de Llobregat;total;total;població;;90076
2023;Cornellà del Terri;total;homes;població;;1205
2023;Cornellà del Terri;total;dones;població;;1193
2023;Cornellà del Terri;total;total;població;;2398
2023;Cornudella de Montsant;total;homes;població;;533
2023;Cornudella de Montsant;total;dones;població;;469
2023;Cornudella de Montsant;total;total;població;;1002
2023;Creixell;total;homes;població;;2044
2023;Creixell;total;dones;població;;2023
2023;Creixell;total;total;població;;4067
2023;Crespià;total;homes;població;;125
2023;Crespià;total;dones;població;;117
2023;Crespià;total;total;població;;242
2023;Cruïlles, Monells i Sant Sadurní de l'Heura;total;homes;població;;674
2023;Cruïlles, Monells i Sant Sadurní de l'Heura;total;dones;població;;645
2023;Cruïlles, Monells i Sant Sadurní de l'Heura;total;total;població;;1319
2023;Cubelles;total;homes;població;;8525
2023;Cubelles;total;dones;població;;8425
2023;Cubelles;total;total;població;;16950
2023;Cubells;total;homes;població;;179
2023;Cubells;total;dones;població;;164
2023;Cubells;total;total;població;;343
2023;Cunit;total;homes;població;;7515
2023;Cunit;total;dones;població;;7731
2023;Cunit;total;total;població;;15246
2023;Darnius;total;homes;població;;286
2023;Darnius;total;dones;població;;255
2023;Darnius;total;total;població;;541
2023;Das;total;homes;població;;132
2023;Das;total;dones;població;;126
2023;Das;total;total;població;;258
2023;Deltebre;total;homes;població;;5955
2023;Deltebre;total;dones;població;;5879
2023;Deltebre;total;total;població;;11834
2023;Dosrius;total;homes;població;;2962
2023;Dosrius;total;dones;població;;2958
2023;Dosrius;total;total;població;;5920
2023;Duesaigües;total;homes;població;;123
2023;Duesaigües;total;dones;població;;103
2023;Duesaigües;total;total;població;;226
2023;Escala, l';total;homes;població;;5352
2023;Escala, l';total;dones;població;;5324
2023;Escala, l';total;total;població;;10676
2023;Esparreguera;total;homes;població;;11339
2023;Esparreguera;total;dones;població;;11053
2023;Esparreguera;total;total;població;;22392
2023;Espinelves;total;homes;població;;120
2023;Espinelves;total;dones;població;;127
2023;Espinelves;total;total;població;;247
2023;Espluga Calba, l';total;homes;població;;167
2023;Espluga Calba, l';total;dones;població;;160
2023;Espluga Calba, l';total;total;població;;327
2023;Espluga de Francolí, l';total;homes;població;;1859
2023;Espluga de Francolí, l';total;dones;població;;1899
2023;Espluga de Francolí, l';total;total;població;;3758
2023;Esplugues de Llobregat;total;homes;població;;22367
2023;Esplugues de Llobregat;total;dones;població;;24601
2023;Esplugues de Llobregat;total;total;població;;46968
2023;Espolla;total;homes;població;;205
2023;Espolla;total;dones;població;;205
2023;Espolla;total;total;població;;410
2023;Esponellà;total;homes;població;;244
2023;Esponellà;total;dones;població;;224
2023;Esponellà;total;total;població;;468
2023;Espot;total;homes;població;;209
2023;Espot;total;dones;població;;176
2023;Espot;total;total;població;;385
2023;Espunyola, l';total;homes;població;;130
2023;Espunyola, l';total;dones;població;;139
2023;Espunyola, l';total;total;població;;269
2023;Esquirol, l';total;homes;població;;1124
2023;Esquirol, l';total;dones;població;;1141
2023;Esquirol, l';total;total;població;;2265
2023;Estamariu;total;homes;població;;76
2023;Estamariu;total;dones;població;;58
2023;Estamariu;total;total;població;;134
2023;Estany, l';total;homes;població;;223
2023;Estany, l';total;dones;població;;180
2023;Estany, l';total;total;població;;403
2023;Estaràs;total;homes;població;;83
2023;Estaràs;total;dones;població;;81
2023;Estaràs;total;total;població;;164
2023;Esterri d'Àneu;total;homes;població;;438
2023;Esterri d'Àneu;total;dones;població;;436
2023;Esterri d'Àneu;total;total;població;;874
2023;Esterri de Cardós;total;homes;població;;31
2023;Esterri de Cardós;total;dones;població;;30
2023;Esterri de Cardós;total;total;població;;61
2023;Falset;total;homes;població;;1440
2023;Falset;total;dones;població;;1389
2023;Falset;total;total;població;;2829
2023;Far d'Empordà, el;total;homes;població;;309
2023;Far d'Empordà, el;total;dones;població;;302
2023;Far d'Empordà, el;total;total;població;;611
2023;Farrera;total;homes;població;;68
2023;Farrera;total;dones;població;;55
2023;Farrera;total;total;població;;123
2023;Fatarella, la;total;homes;població;;431
2023;Fatarella, la;total;dones;població;;442
2023;Fatarella, la;total;total;població;;873
2023;Febró, la;total;homes;població;;23
2023;Febró, la;total;dones;població;;15
2023;Febró, la;total;total;població;;38
2023;Figaró-Montmany;total;homes;població;;557
2023;Figaró-Montmany;total;dones;població;;600
2023;Figaró-Montmany;total;total;població;;1157
2023;Fígols;total;homes;població;;25
2023;Fígols;total;dones;població;;21
2023;Fígols;total;total;població;;46
2023;Fígols i Alinyà;total;homes;població;;149
2023;Fígols i Alinyà;total;dones;població;;107
2023;Fígols i Alinyà;total;total;població;;256
2023;Figuera, la;total;homes;població;;68
2023;Figuera, la;total;dones;població;;52
2023;Figuera, la;total;total;població;;120
2023;Figueres;total;homes;població;;23678
2023;Figueres;total;dones;població;;24163
2023;Figueres;total;total;població;;47841
2023;Figuerola del Camp;total;homes;població;;167
2023;Figuerola del Camp;total;dones;població;;171
2023;Figuerola del Camp;total;total;població;;338
2023;Flaçà;total;homes;població;;554
2023;Flaçà;total;dones;població;;594
2023;Flaçà;total;total;població;;1148
2023;Flix;total;homes;població;;1684
2023;Flix;total;dones;població;;1664
2023;Flix;total;total;població;;3348
2023;Floresta, la;total;homes;població;;89
2023;Floresta, la;total;dones;població;;66
2023;Floresta, la;total;total;població;;155
2023;Fogars de la Selva;total;homes;població;;844
2023;Fogars de la Selva;total;dones;població;;787
2023;Fogars de la Selva;total;total;població;;1631
2023;Fogars de Montclús;total;homes;població;;262
2023;Fogars de Montclús;total;dones;població;;219
2023;Fogars de Montclús;total;total;població;;481
2023;Foixà;total;homes;població;;152
2023;Foixà;total;dones;població;;141
2023;Foixà;total;total;població;;293
2023;Folgueroles;total;homes;població;;1146
2023;Folgueroles;total;dones;població;;1115
2023;Folgueroles;total;total;població;;2261
2023;Fondarella;total;homes;població;;391
2023;Fondarella;total;dones;població;;395
2023;Fondarella;total;total;població;;786
2023;Fonollosa;total;homes;població;;790
2023;Fonollosa;total;dones;població;;765
2023;Fonollosa;total;total;població;;1555
2023;Fontanals de Cerdanya;total;homes;població;;278
2023;Fontanals de Cerdanya;total;dones;població;;254
2023;Fontanals de Cerdanya;total;total;població;;532
2023;Fontanilles;total;homes;població;;95
2023;Fontanilles;total;dones;població;;75
2023;Fontanilles;total;total;població;;170
2023;Fontcoberta;total;homes;població;;738
2023;Fontcoberta;total;dones;població;;703
2023;Fontcoberta;total;total;població;;1441
2023;Font-rubí;total;homes;població;;774
2023;Font-rubí;total;dones;població;;667
2023;Font-rubí;total;total;població;;1441
2023;Foradada;total;homes;població;;102
2023;Foradada;total;dones;població;;83
2023;Foradada;total;total;població;;185
2023;Forallac;total;homes;població;;852
2023;Forallac;total;dones;població;;901
2023;Forallac;total;total;població;;1753
2023;Forès;total;homes;població;;29
2023;Forès;total;dones;població;;18
2023;Forès;total;total;població;;47
2023;Fornells de la Selva;total;homes;població;;1351
2023;Fornells de la Selva;total;dones;població;;1381
2023;Fornells de la Selva;total;total;població;;2732
2023;Fortià;total;homes;població;;381
2023;Fortià;total;dones;població;;406
2023;Fortià;total;total;població;;787
2023;Franqueses del Vallès, les;total;homes;població;;10325
2023;Franqueses del Vallès, les;total;dones;població;;10168
2023;Franqueses del Vallès, les;total;total;població;;20493
2023;Freginals;total;homes;població;;228
2023;Freginals;total;dones;població;;188
2023;Freginals;total;total;població;;416
2023;Fuliola, la;total;homes;població;;617
2023;Fuliola, la;total;dones;població;;617
2023;Fuliola, la;total;total;població;;1234
2023;Fulleda;total;homes;població;;48
2023;Fulleda;total;dones;població;;41
2023;Fulleda;total;total;població;;89
2023;Gaià;total;homes;població;;90
2023;Gaià;total;dones;població;;87
2023;Gaià;total;total;població;;177
2023;Galera, la;total;homes;població;;370
2023;Galera, la;total;dones;població;;344
2023;Galera, la;total;total;població;;714
2023;Gallifa;total;homes;població;;100
2023;Gallifa;total;dones;població;;87
2023;Gallifa;total;total;població;;187
2023;Gandesa;total;homes;població;;1587
2023;Gandesa;total;dones;població;;1541
2023;Gandesa;total;total;població;;3128
2023;Garcia;total;homes;població;;279
2023;Garcia;total;dones;població;;270
2023;Garcia;total;total;població;;549
2023;Garidells, els;total;homes;població;;98
2023;Garidells, els;total;dones;població;;100
2023;Garidells, els;total;total;població;;198
2023;Garriga, la;total;homes;població;;8180
2023;Garriga, la;total;dones;població;;8848
2023;Garriga, la;total;total;població;;17028
2023;Garrigàs;total;homes;població;;245
2023;Garrigàs;total;dones;població;;224
2023;Garrigàs;total;total;població;;469
2023;Garrigoles;total;homes;població;;102
2023;Garrigoles;total;dones;població;;88
2023;Garrigoles;total;total;població;;190
2023;Garriguella;total;homes;població;;493
2023;Garriguella;total;dones;població;;477
2023;Garriguella;total;total;població;;970
2023;Gavà;total;homes;població;;23150
2023;Gavà;total;dones;població;;24348
2023;Gavà;total;total;població;;47498
2023;Gavet de la Conca;total;homes;població;;128
2023;Gavet de la Conca;total;dones;població;;133
2023;Gavet de la Conca;total;total;població;;261
2023;Gelida;total;homes;població;;3996
2023;Gelida;total;dones;població;;3948
2023;Gelida;total;total;població;;7944
2023;Ger;total;homes;població;;278
2023;Ger;total;dones;població;;232
2023;Ger;total;total;població;;510
2023;Gimenells i el Pla de la Font;total;homes;població;;596
2023;Gimenells i el Pla de la Font;total;dones;població;;517
2023;Gimenells i el Pla de la Font;total;total;població;;1113
2023;Ginestar;total;homes;població;;411
2023;Ginestar;total;dones;població;;369
2023;Ginestar;total;total;població;;780
2023;Girona;total;homes;població;;49974
2023;Girona;total;dones;població;;54064
2023;Girona;total;total;població;;104038
2023;Gironella;total;homes;població;;2475
2023;Gironella;total;dones;població;;2507
2023;Gironella;total;total;població;;4982
2023;Gisclareny;total;homes;població;;15
2023;Gisclareny;total;dones;població;;12
2023;Gisclareny;total;total;població;;27
2023;Godall;total;homes;població;;307
2023;Godall;total;dones;població;;311
2023;Godall;total;total;població;;618
2023;Golmés;total;homes;població;;977
2023;Golmés;total;dones;població;;930
2023;Golmés;total;total;població;;1907
2023;Gombrèn;total;homes;població;;99
2023;Gombrèn;total;dones;població;;103
2023;Gombrèn;total;total;població;;202
2023;Gósol;total;homes;població;;124
2023;Gósol;total;dones;població;;104
2023;Gósol;total;total;població;;228
2023;Granada, la;total;homes;població;;1103
2023;Granada, la;total;dones;població;;1115
2023;Granada, la;total;total;població;;2218
2023;Granadella, la;total;homes;població;;431
2023;Granadella, la;total;dones;població;;325
2023;Granadella, la;total;total;població;;756
2023;Granera;total;homes;població;;57
2023;Granera;total;dones;població;;36
2023;Granera;total;total;població;;93
2023;Granja d'Escarp, la;total;homes;població;;541
2023;Granja d'Escarp, la;total;dones;població;;394
2023;Granja d'Escarp, la;total;total;població;;935
2023;Granollers;total;homes;població;;31051
2023;Granollers;total;dones;població;;31899
2023;Granollers;total;total;població;;62950
2023;Granyanella;total;homes;població;;86
2023;Granyanella;total;dones;població;;63
2023;Granyanella;total;total;població;;149
2023;Granyena de les Garrigues;total;homes;població;;95
2023;Granyena de les Garrigues;total;dones;població;;61
2023;Granyena de les Garrigues;total;total;població;;156
2023;Granyena de Segarra;total;homes;població;;83
2023;Granyena de Segarra;total;dones;població;;71
2023;Granyena de Segarra;total;total;població;;154
2023;Gratallops;total;homes;població;;133
2023;Gratallops;total;dones;població;;103
2023;Gratallops;total;total;població;;236
2023;Gualba;total;homes;població;;841
2023;Gualba;total;dones;població;;821
2023;Gualba;total;total;població;;1662
2023;Gualta;total;homes;població;;257
2023;Gualta;total;dones;població;;182
2023;Gualta;total;total;població;;439
2023;Guardiola de Berguedà;total;homes;població;;480
2023;Guardiola de Berguedà;total;dones;població;;455
2023;Guardiola de Berguedà;total;total;població;;935
2023;Guiamets, els;total;homes;població;;136
2023;Guiamets, els;total;dones;població;;129
2023;Guiamets, els;total;total;població;;265
2023;Guils de Cerdanya;total;homes;població;;321
2023;Guils de Cerdanya;total;dones;població;;280
2023;Guils de Cerdanya;total;total;població;;601
2023;Guimerà;total;homes;població;;139
2023;Guimerà;total;dones;població;;116
2023;Guimerà;total;total;població;;255
2023;Guingueta d'Àneu, la;total;homes;població;;153
2023;Guingueta d'Àneu, la;total;dones;població;;129
2023;Guingueta d'Àneu, la;total;total;població;;282
2023;Guissona;total;homes;població;;3983
2023;Guissona;total;dones;població;;3542
2023;Guissona;total;total;població;;7525
2023;Guixers;total;homes;població;;77
2023;Guixers;total;dones;població;;54
2023;Guixers;total;total;població;;131
2023;Gurb;total;homes;població;;1397
2023;Gurb;total;dones;població;;1300
2023;Gurb;total;total;població;;2697
2023;Horta de Sant Joan;total;homes;població;;599
2023;Horta de Sant Joan;total;dones;població;;573
2023;Horta de Sant Joan;total;total;població;;1172
2023;Hospitalet de Llobregat, l';total;homes;població;;134420
2023;Hospitalet de Llobregat, l';total;dones;població;;142197
2023;Hospitalet de Llobregat, l';total;total;població;;276617
2023;Hostalets de Pierola, els;total;homes;població;;1617
2023;Hostalets de Pierola, els;total;dones;població;;1572
2023;Hostalets de Pierola, els;total;total;població;;3189
2023;Hostalric;total;homes;població;;2203
2023;Hostalric;total;dones;població;;2193
2023;Hostalric;total;total;població;;4396
2023;Igualada;total;homes;població;;20334
2023;Igualada;total;dones;població;;20953
2023;Igualada;total;total;població;;41287
2023;Isona i Conca Dellà;total;homes;població;;574
2023;Isona i Conca Dellà;total;dones;població;;482
2023;Isona i Conca Dellà;total;total;població;;1056
2023;Isòvol;total;homes;població;;187
2023;Isòvol;total;dones;població;;151
2023;Isòvol;total;total;població;;338
2023;Ivars d'Urgell;total;homes;població;;864
2023;Ivars d'Urgell;total;dones;població;;741
2023;Ivars d'Urgell;total;total;població;;1605
2023;Ivars de Noguera;total;homes;població;;180
2023;Ivars de Noguera;total;dones;població;;153
2023;Ivars de Noguera;total;total;població;;333
2023;Ivorra;total;homes;població;;56
2023;Ivorra;total;dones;població;;44
2023;Ivorra;total;total;població;;100
2023;Jafre;total;homes;població;;202
2023;Jafre;total;dones;població;;186
2023;Jafre;total;total;població;;388
2023;Jonquera, la;total;homes;població;;1675
2023;Jonquera, la;total;dones;població;;1676
2023;Jonquera, la;total;total;població;;3351
2023;Jorba;total;homes;població;;428
2023;Jorba;total;dones;població;;401
2023;Jorba;total;total;població;;829
2023;Josa i Tuixén;total;homes;població;;75
2023;Josa i Tuixén;total;dones;població;;51
2023;Josa i Tuixén;total;total;població;;126
2023;Juià;total;homes;població;;180
2023;Juià;total;dones;població;;157
2023;Juià;total;total;població;;337
2023;Juncosa;total;homes;població;;196
2023;Juncosa;total;dones;població;;185
2023;Juncosa;total;total;població;;381
2023;Juneda;total;homes;població;;1870
2023;Juneda;total;dones;població;;1650
2023;Juneda;total;total;població;;3520
2023;Les;total;homes;població;;514
2023;Les;total;dones;població;;494
2023;Les;total;total;població;;1008
2023;Linyola;total;homes;població;;1382
2023;Linyola;total;dones;població;;1355
2023;Linyola;total;total;població;;2737
2023;Llacuna, la;total;homes;població;;500
2023;Llacuna, la;total;dones;població;;446
2023;Llacuna, la;total;total;població;;946
2023;Lladó;total;homes;població;;422
2023;Lladó;total;dones;població;;426
2023;Lladó;total;total;població;;848
2023;Lladorre;total;homes;població;;134
2023;Lladorre;total;dones;població;;121
2023;Lladorre;total;total;població;;255
2023;Lladurs;total;homes;població;;100
2023;Lladurs;total;dones;població;;85
2023;Lladurs;total;total;població;;185
2023;Llagosta, la;total;homes;població;;6445
2023;Llagosta, la;total;dones;població;;6669
2023;Llagosta, la;total;total;població;;13114
2023;Llagostera;total;homes;població;;4613
2023;Llagostera;total;dones;població;;4584
2023;Llagostera;total;total;població;;9197
2023;Llambilles;total;homes;població;;365
2023;Llambilles;total;dones;població;;349
2023;Llambilles;total;total;població;;714
2023;Llanars;total;homes;població;;268
2023;Llanars;total;dones;població;;267
2023;Llanars;total;total;població;;535
2023;Llançà;total;homes;població;;2435
2023;Llançà;total;dones;població;;2525
2023;Llançà;total;total;població;;4960
2023;Llardecans;total;homes;població;;225
2023;Llardecans;total;dones;població;;193
2023;Llardecans;total;total;població;;418
2023;Llavorsí;total;homes;població;;171
2023;Llavorsí;total;dones;població;;171
2023;Llavorsí;total;total;població;;342
2023;Lleida;total;homes;població;;71242
2023;Lleida;total;dones;població;;71748
2023;Lleida;total;total;població;;142990
2023;Llers;total;homes;població;;615
2023;Llers;total;dones;població;;610
2023;Llers;total;total;població;;1225
2023;Lles de Cerdanya;total;homes;població;;172
2023;Lles de Cerdanya;total;dones;població;;123
2023;Lles de Cerdanya;total;total;població;;295
2023;Lliçà d'Amunt;total;homes;població;;8192
2023;Lliçà d'Amunt;total;dones;població;;7891
2023;Lliçà d'Amunt;total;total;població;;16083
2023;Lliçà de Vall;total;homes;població;;3443
2023;Lliçà de Vall;total;dones;població;;3284
2023;Lliçà de Vall;total;total;població;;6727
2023;Llimiana;total;homes;població;;75
2023;Llimiana;total;dones;població;;58
2023;Llimiana;total;total;població;;133
2023;Llinars del Vallès;total;homes;població;;5158
2023;Llinars del Vallès;total;dones;població;;5318
2023;Llinars del Vallès;total;total;població;;10476
2023;Llívia;total;homes;població;;786
2023;Llívia;total;dones;població;;725
2023;Llívia;total;total;població;;1511
2023;Lloar, el;total;homes;població;;58
2023;Lloar, el;total;dones;població;;49
2023;Lloar, el;total;total;població;;107
2023;Llobera;total;homes;població;;122
2023;Llobera;total;dones;població;;90
2023;Llobera;total;total;població;;212
2023;Llorac;total;homes;població;;51
2023;Llorac;total;dones;població;;46
2023;Llorac;total;total;població;;97
2023;Llorenç del Penedès;total;homes;població;;1170
2023;Llorenç del Penedès;total;dones;població;;1216
2023;Llorenç del Penedès;total;total;població;;2386
2023;Lloret de Mar;total;homes;població;;20647
2023;Lloret de Mar;total;dones;població;;20512
2023;Lloret de Mar;total;total;població;;41159
2023;Llosses, les;total;homes;població;;116
2023;Llosses, les;total;dones;població;;86
2023;Llosses, les;total;total;població;;202
2023;Lluçà;total;homes;població;;144
2023;Lluçà;total;dones;població;;147
2023;Lluçà;total;total;població;;291
2023;Maçanet de Cabrenys;total;homes;població;;379
2023;Maçanet de Cabrenys;total;dones;població;;376
2023;Maçanet de Cabrenys;total;total;població;;755
2023;Maçanet de la Selva;total;homes;població;;4039
2023;Maçanet de la Selva;total;dones;població;;3783
2023;Maçanet de la Selva;total;total;població;;7822
2023;Madremanya;total;homes;població;;143
2023;Madremanya;total;dones;població;;152
2023;Madremanya;total;total;població;;295
2023;Maià de Montcal;total;homes;població;;255
2023;Maià de Montcal;total;dones;població;;209
2023;Maià de Montcal;total;total;població;;464
2023;Maials;total;homes;població;;503
2023;Maials;total;dones;població;;402
2023;Maials;total;total;població;;905
2023;Maldà;total;homes;població;;122
2023;Maldà;total;dones;població;;120
2023;Maldà;total;total;població;;242
2023;Malgrat de Mar;total;homes;població;;9421
2023;Malgrat de Mar;total;dones;població;;9729
2023;Malgrat de Mar;total;total;població;;19150
2023;Malla;total;homes;població;;135
2023;Malla;total;dones;població;;131
2023;Malla;total;total;població;;266
2023;Manlleu;total;homes;població;;10602
2023;Manlleu;total;dones;població;;10580
2023;Manlleu;total;total;població;;21182
2023;Manresa;total;homes;població;;38517
2023;Manresa;total;dones;població;;40053
2023;Manresa;total;total;població;;78570
2023;Marçà;total;homes;població;;320
2023;Marçà;total;dones;població;;274
2023;Marçà;total;total;població;;594
2023;Margalef;total;homes;població;;68
2023;Margalef;total;dones;població;;40
2023;Margalef;total;total;població;;108
2023;Marganell;total;homes;població;;149
2023;Marganell;total;dones;població;;148
2023;Marganell;total;total;població;;297
2023;Martorell;total;homes;població;;14544
2023;Martorell;total;dones;població;;14099
2023;Martorell;total;total;població;;28643
2023;Martorelles;total;homes;població;;2448
2023;Martorelles;total;dones;població;;2447
2023;Martorelles;total;total;població;;4895
2023;Mas de Barberans;total;homes;població;;275
2023;Mas de Barberans;total;dones;població;;270
2023;Mas de Barberans;total;total;població;;545
2023;Masarac i Vilarnadal;total;homes;població;;162
2023;Masarac i Vilarnadal;total;dones;població;;139
2023;Masarac i Vilarnadal;total;total;població;;301
2023;Masdenverge;total;homes;població;;586
2023;Masdenverge;total;dones;població;;547
2023;Masdenverge;total;total;població;;1133
2023;Masies de Roda, les;total;homes;població;;388
2023;Masies de Roda, les;total;dones;població;;357
2023;Masies de Roda, les;total;total;població;;745
2023;Masies de Voltregà, les;total;homes;població;;1594
2023;Masies de Voltregà, les;total;dones;població;;1630
2023;Masies de Voltregà, les;total;total;població;;3224
2023;Masllorenç;total;homes;població;;319
2023;Masllorenç;total;dones;població;;255
2023;Masllorenç;total;total;població;;574
2023;Masnou, el;total;homes;població;;11609
2023;Masnou, el;total;dones;població;;12567
2023;Masnou, el;total;total;població;;24176
2023;Masó, la;total;homes;població;;156
2023;Masó, la;total;dones;població;;141
2023;Masó, la;total;total;població;;297
2023;Maspujols;total;homes;població;;444
2023;Maspujols;total;dones;població;;413
2023;Maspujols;total;total;població;;857
2023;Masquefa;total;homes;població;;5005
2023;Masquefa;total;dones;població;;4814
2023;Masquefa;total;total;població;;9819
2023;Masroig, el;total;homes;població;;254
2023;Masroig, el;total;dones;població;;213
2023;Masroig, el;total;total;població;;467
2023;Massalcoreig;total;homes;població;;318
2023;Massalcoreig;total;dones;població;;248
2023;Massalcoreig;total;total;població;;566
2023;Massanes;total;homes;població;;437
2023;Massanes;total;dones;població;;393
2023;Massanes;total;total;població;;830
2023;Massoteres;total;homes;població;;112
2023;Massoteres;total;dones;població;;106
2023;Massoteres;total;total;població;;218
2023;Matadepera;total;homes;població;;4957
2023;Matadepera;total;dones;població;;4934
2023;Matadepera;total;total;població;;9891
2023;Mataró;total;homes;població;;64235
2023;Mataró;total;dones;població;;65378
2023;Mataró;total;total;població;;129613
2023;Mediona;total;homes;població;;1348
2023;Mediona;total;dones;població;;1281
2023;Mediona;total;total;població;;2629
2023;Menàrguens;total;homes;població;;409
2023;Menàrguens;total;dones;població;;365
2023;Menàrguens;total;total;població;;774
2023;Meranges;total;homes;població;;65
2023;Meranges;total;dones;població;;51
2023;Meranges;total;total;població;;116
2023;Mieres;total;homes;població;;174
2023;Mieres;total;dones;població;;177
2023;Mieres;total;total;població;;351
2023;Milà, el;total;homes;població;;86
2023;Milà, el;total;dones;població;;94
2023;Milà, el;total;total;població;;180
2023;Miralcamp;total;homes;població;;704
2023;Miralcamp;total;dones;població;;667
2023;Miralcamp;total;total;població;;1371
2023;Miravet;total;homes;població;;368
2023;Miravet;total;dones;població;;323
2023;Miravet;total;total;població;;691
2023;Moià;total;homes;població;;3429
2023;Moià;total;dones;població;;3241
2023;Moià;total;total;població;;6670
2023;Molar, el;total;homes;població;;154
2023;Molar, el;total;dones;població;;154
2023;Molar, el;total;total;població;;308
2023;Molins de Rei;total;homes;població;;12946
2023;Molins de Rei;total;dones;població;;13622
2023;Molins de Rei;total;total;població;;26568
2023;Mollerussa;total;homes;població;;7896
2023;Mollerussa;total;dones;població;;7405
2023;Mollerussa;total;total;població;;15301
2023;Mollet de Peralada;total;homes;població;;112
2023;Mollet de Peralada;total;dones;població;;103
2023;Mollet de Peralada;total;total;població;;215
2023;Mollet del Vallès;total;homes;població;;25371
2023;Mollet del Vallès;total;dones;població;;26321
2023;Mollet del Vallès;total;total;població;;51692
2023;Molló;total;homes;població;;181
2023;Molló;total;dones;població;;195
2023;Molló;total;total;població;;376
2023;Molsosa, la;total;homes;població;;50
2023;Molsosa, la;total;dones;població;;54
2023;Molsosa, la;total;total;població;;104
2023;Monistrol de Calders;total;homes;població;;396
2023;Monistrol de Calders;total;dones;població;;356
2023;Monistrol de Calders;total;total;població;;752
2023;Monistrol de Montserrat;total;homes;població;;1620
2023;Monistrol de Montserrat;total;dones;població;;1556
2023;Monistrol de Montserrat;total;total;població;;3176
2023;Montagut i Oix;total;homes;població;;514
2023;Montagut i Oix;total;dones;població;;467
2023;Montagut i Oix;total;total;població;;981
2023;Montblanc;total;homes;població;;3803
2023;Montblanc;total;dones;població;;3661
2023;Montblanc;total;total;població;;7464
2023;Montbrió del Camp;total;homes;població;;1601
2023;Montbrió del Camp;total;dones;població;;1495
2023;Montbrió del Camp;total;total;població;;3096
2023;Montcada i Reixac;total;homes;població;;18153
2023;Montcada i Reixac;total;dones;població;;18670
2023;Montcada i Reixac;total;total;població;;36823
2023;Montclar;total;homes;població;;66
2023;Montclar;total;dones;població;;63
2023;Montclar;total;total;població;;129
2023;Montellà i Martinet;total;homes;població;;338
2023;Montellà i Martinet;total;dones;població;;301
2023;Montellà i Martinet;total;total;població;;639
2023;Montesquiu;total;homes;població;;554
2023;Montesquiu;total;dones;població;;552
2023;Montesquiu;total;total;població;;1106
2023;Montferrer i Castellbò;total;homes;població;;585
2023;Montferrer i Castellbò;total;dones;població;;508
2023;Montferrer i Castellbò;total;total;població;;1093
2023;Montferri;total;homes;població;;235
2023;Montferri;total;dones;població;;202
2023;Montferri;total;total;població;;437
2023;Montgai;total;homes;població;;332
2023;Montgai;total;dones;població;;305
2023;Montgai;total;total;població;;637
2023;Montgat;total;homes;població;;6158
2023;Montgat;total;dones;població;;6300
2023;Montgat;total;total;població;;12458
2023;Montmajor;total;homes;població;;247
2023;Montmajor;total;dones;població;;236
2023;Montmajor;total;total;població;;483
2023;Montmaneu;total;homes;població;;109
2023;Montmaneu;total;dones;població;;88
2023;Montmaneu;total;total;població;;197
2023;Montmell, el;total;homes;població;;1007
2023;Montmell, el;total;dones;població;;884
2023;Montmell, el;total;total;població;;1891
2023;Montmeló;total;homes;població;;4313
2023;Montmeló;total;dones;població;;4509
2023;Montmeló;total;total;població;;8822
2023;Montoliu de Lleida;total;homes;població;;252
2023;Montoliu de Lleida;total;dones;població;;233
2023;Montoliu de Lleida;total;total;població;;485
2023;Montoliu de Segarra;total;homes;població;;105
2023;Montoliu de Segarra;total;dones;població;;79
2023;Montoliu de Segarra;total;total;població;;184
2023;Montornès de Segarra;total;homes;població;;44
2023;Montornès de Segarra;total;dones;població;;47
2023;Montornès de Segarra;total;total;població;;91
2023;Montornès del Vallès;total;homes;població;;8405
2023;Montornès del Vallès;total;dones;població;;8347
2023;Montornès del Vallès;total;total;població;;16752
2023;Mont-ral;total;homes;població;;102
2023;Mont-ral;total;dones;població;;82
2023;Mont-ral;total;total;població;;184
2023;Mont-ras;total;homes;població;;851
2023;Mont-ras;total;dones;població;;819
2023;Mont-ras;total;total;població;;1670
2023;Mont-roig del Camp;total;homes;població;;7021
2023;Mont-roig del Camp;total;dones;població;;6661
2023;Mont-roig del Camp;total;total;població;;13682
2023;Montseny;total;homes;població;;193
2023;Montseny;total;dones;població;;186
2023;Montseny;total;total;població;;379
2023;Móra d'Ebre;total;homes;població;;2851
2023;Móra d'Ebre;total;dones;població;;2805
2023;Móra d'Ebre;total;total;població;;5656
2023;Móra la Nova;total;homes;població;;1630
2023;Móra la Nova;total;dones;població;;1623
2023;Móra la Nova;total;total;població;;3253
2023;Morell, el;total;homes;població;;2005
2023;Morell, el;total;dones;població;;1876
2023;Morell, el;total;total;població;;3881
2023;Morera de Montsant, la;total;homes;població;;91
2023;Morera de Montsant, la;total;dones;població;;68
2023;Morera de Montsant, la;total;total;població;;159
2023;Muntanyola;total;homes;població;;379
2023;Muntanyola;total;dones;població;;342
2023;Muntanyola;total;total;població;;721
2023;Mura;total;homes;població;;117
2023;Mura;total;dones;població;;110
2023;Mura;total;total;població;;227
2023;Nalec;total;homes;població;;52
2023;Nalec;total;dones;població;;41
2023;Nalec;total;total;població;;93
2023;Naut Aran;total;homes;població;;998
2023;Naut Aran;total;dones;població;;922
2023;Naut Aran;total;total;població;;1920
2023;Navarcles;total;homes;població;;2974
2023;Navarcles;total;dones;població;;3138
2023;Navarcles;total;total;població;;6112
2023;Navàs;total;homes;població;;3023
2023;Navàs;total;dones;població;;3138
2023;Navàs;total;total;població;;6161
2023;Navata;total;homes;població;;718
2023;Navata;total;dones;població;;742
2023;Navata;total;total;població;;1460
2023;Navès;total;homes;població;;160
2023;Navès;total;dones;població;;158
2023;Navès;total;total;població;;318
2023;Nou de Berguedà, la;total;homes;població;;86
2023;Nou de Berguedà, la;total;dones;població;;84
2023;Nou de Berguedà, la;total;total;població;;170
2023;Nou de Gaià, la;total;homes;població;;310
2023;Nou de Gaià, la;total;dones;població;;319
2023;Nou de Gaià, la;total;total;població;;629
2023;Nulles;total;homes;població;;288
2023;Nulles;total;dones;població;;258
2023;Nulles;total;total;població;;546
2023;Odèn;total;homes;població;;140
2023;Odèn;total;dones;població;;107
2023;Odèn;total;total;població;;247
2023;Òdena;total;homes;població;;1908
2023;Òdena;total;dones;població;;1789
2023;Òdena;total;total;població;;3697
2023;Ogassa;total;homes;població;;125
2023;Ogassa;total;dones;població;;103
2023;Ogassa;total;total;població;;228
2023;Olèrdola;total;homes;població;;2056
2023;Olèrdola;total;dones;població;;1895
2023;Olèrdola;total;total;població;;3951
2023;Olesa de Bonesvalls;total;homes;població;;1093
2023;Olesa de Bonesvalls;total;dones;població;;1015
2023;Olesa de Bonesvalls;total;total;població;;2108
2023;Olesa de Montserrat;total;homes;població;;12200
2023;Olesa de Montserrat;total;dones;població;;12258
2023;Olesa de Montserrat;total;total;població;;24458
2023;Oliana;total;homes;població;;920
2023;Oliana;total;dones;població;;940
2023;Oliana;total;total;població;;1860
2023;Oliola;total;homes;població;;105
2023;Oliola;total;dones;població;;93
2023;Oliola;total;total;població;;198
2023;Olius;total;homes;població;;514
2023;Olius;total;dones;població;;480
2023;Olius;total;total;població;;994
2023;Olivella;total;homes;població;;2288
2023;Olivella;total;dones;població;;2129
2023;Olivella;total;total;població;;4417
2023;Olost;total;homes;població;;596
2023;Olost;total;dones;població;;622
2023;Olost;total;total;població;;1218
2023;Olot;total;homes;població;;19349
2023;Olot;total;dones;població;;18654
2023;Olot;total;total;població;;38003
2023;Oluges, les;total;homes;població;;92
2023;Oluges, les;total;dones;població;;74
2023;Oluges, les;total;total;població;;166
2023;Olvan;total;homes;població;;448
2023;Olvan;total;dones;població;;446
2023;Olvan;total;total;població;;894
2023;Omellons, els;total;homes;població;;105
2023;Omellons, els;total;dones;població;;92
2023;Omellons, els;total;total;població;;197
2023;Omells de na Gaia, els;total;homes;població;;66
2023;Omells de na Gaia, els;total;dones;població;;54
2023;Omells de na Gaia, els;total;total;població;;120
2023;Ordis;total;homes;població;;211
2023;Ordis;total;dones;població;;182
2023;Ordis;total;total;població;;393
2023;Organyà;total;homes;població;;408
2023;Organyà;total;dones;població;;391
2023;Organyà;total;total;població;;799
2023;Orís;total;homes;població;;184
2023;Orís;total;dones;població;;170
2023;Orís;total;total;població;;354
2023;Oristà;total;homes;població;;304
2023;Oristà;total;dones;població;;281
2023;Oristà;total;total;població;;585
2023;Orpí;total;homes;població;;86
2023;Orpí;total;dones;població;;78
2023;Orpí;total;total;població;;164
2023;Òrrius;total;homes;població;;405
2023;Òrrius;total;dones;població;;394
2023;Òrrius;total;total;població;;799
2023;Os de Balaguer;total;homes;població;;542
2023;Os de Balaguer;total;dones;població;;539
2023;Os de Balaguer;total;total;població;;1081
2023;Osor;total;homes;població;;227
2023;Osor;total;dones;població;;195
2023;Osor;total;total;població;;422
2023;Ossó de Sió;total;homes;població;;99
2023;Ossó de Sió;total;dones;població;;97
2023;Ossó de Sió;total;total;població;;196
2023;Pacs del Penedès;total;homes;població;;457
2023;Pacs del Penedès;total;dones;població;;454
2023;Pacs del Penedès;total;total;població;;911
2023;Palafolls;total;homes;població;;4924
2023;Palafolls;total;dones;població;;4899
2023;Palafolls;total;total;població;;9823
2023;Palafrugell;total;homes;població;;11870
2023;Palafrugell;total;dones;població;;11994
2023;Palafrugell;total;total;població;;23864
2023;Palamós;total;homes;població;;8952
2023;Palamós;total;dones;població;;9381
2023;Palamós;total;total;població;;18333
2023;Palau d'Anglesola, el;total;homes;població;;1084
2023;Palau d'Anglesola, el;total;dones;població;;1101
2023;Palau d'Anglesola, el;total;total;població;;2185
2023;Palau de Santa Eulàlia;total;homes;població;;73
2023;Palau de Santa Eulàlia;total;dones;població;;55
2023;Palau de Santa Eulàlia;total;total;població;;128
2023;Palau-sator;total;homes;població;;175
2023;Palau-sator;total;dones;població;;143
2023;Palau-sator;total;total;població;;318
2023;Palau-saverdera;total;homes;població;;751
2023;Palau-saverdera;total;dones;població;;743
2023;Palau-saverdera;total;total;població;;1494
2023;Palau-solità i Plegamans;total;homes;població;;7384
2023;Palau-solità i Plegamans;total;dones;població;;7741
2023;Palau-solità i Plegamans;total;total;població;;15125
2023;Pallaresos, els;total;homes;població;;2496
2023;Pallaresos, els;total;dones;població;;2471
2023;Pallaresos, els;total;total;població;;4967
2023;Pallejà;total;homes;població;;5835
2023;Pallejà;total;dones;població;;5880
2023;Pallejà;total;total;població;;11715
2023;Palma d'Ebre, la;total;homes;població;;165
2023;Palma d'Ebre, la;total;dones;població;;175
2023;Palma d'Ebre, la;total;total;població;;340
2023;Palma de Cervelló, la;total;homes;població;;1483
2023;Palma de Cervelló, la;total;dones;població;;1553
2023;Palma de Cervelló, la;total;total;població;;3036
2023;Palol de Revardit;total;homes;població;;234
2023;Palol de Revardit;total;dones;població;;236
2023;Palol de Revardit;total;total;població;;470
2023;Pals;total;homes;població;;1325
2023;Pals;total;dones;població;;1241
2023;Pals;total;total;població;;2566
2023;Papiol, el;total;homes;població;;2157
2023;Papiol, el;total;dones;població;;2161
2023;Papiol, el;total;total;població;;4318
2023;Pardines;total;homes;població;;95
2023;Pardines;total;dones;població;;74
2023;Pardines;total;total;població;;169
2023;Parets del Vallès;total;homes;població;;9472
2023;Parets del Vallès;total;dones;població;;9421
2023;Parets del Vallès;total;total;població;;18893
2023;Parlavà;total;homes;població;;204
2023;Parlavà;total;dones;població;;209
2023;Parlavà;total;total;població;;413
2023;Passanant i Belltall;total;homes;població;;106
2023;Passanant i Belltall;total;dones;població;;73
2023;Passanant i Belltall;total;total;població;;179
2023;Pau;total;homes;població;;274
2023;Pau;total;dones;població;;283
2023;Pau;total;total;població;;557
2023;Paüls;total;homes;població;;284
2023;Paüls;total;dones;població;;274
2023;Paüls;total;total;població;;558
2023;Pedret i Marzà;total;homes;població;;88
2023;Pedret i Marzà;total;dones;població;;93
2023;Pedret i Marzà;total;total;població;;181
2023;Penelles;total;homes;població;;247
2023;Penelles;total;dones;població;;181
2023;Penelles;total;total;població;;428
2023;Pera, la;total;homes;població;;229
2023;Pera, la;total;dones;població;;223
2023;Pera, la;total;total;població;;452
2023;Perafita;total;homes;població;;219
2023;Perafita;total;dones;població;;204
2023;Perafita;total;total;població;;423
2023;Perafort;total;homes;població;;668
2023;Perafort;total;dones;població;;626
2023;Perafort;total;total;població;;1294
2023;Peralada;total;homes;població;;997
2023;Peralada;total;dones;població;;1027
2023;Peralada;total;total;població;;2024
2023;Peramola;total;homes;població;;175
2023;Peramola;total;dones;població;;168
2023;Peramola;total;total;població;;343
2023;Perelló, el;total;homes;població;;1509
2023;Perelló, el;total;dones;població;;1404
2023;Perelló, el;total;total;població;;2913
2023;Piera;total;homes;població;;8838
2023;Piera;total;dones;població;;8358
2023;Piera;total;total;població;;17196
2023;Piles, les;total;homes;població;;129
2023;Piles, les;total;dones;població;;101
2023;Piles, les;total;total;població;;230
2023;Pineda de Mar;total;homes;població;;14314
2023;Pineda de Mar;total;dones;població;;14526
2023;Pineda de Mar;total;total;població;;28840
2023;Pinell de Brai, el;total;homes;població;;509
2023;Pinell de Brai, el;total;dones;població;;500
2023;Pinell de Brai, el;total;total;població;;1009
2023;Pinell de Solsonès;total;homes;població;;109
2023;Pinell de Solsonès;total;dones;població;;86
2023;Pinell de Solsonès;total;total;població;;195
2023;Pinós;total;homes;població;;153
2023;Pinós;total;dones;població;;128
2023;Pinós;total;total;població;;281
2023;Pira;total;homes;població;;266
2023;Pira;total;dones;població;;244
2023;Pira;total;total;població;;510
2023;Pla de Santa Maria, el;total;homes;població;;1226
2023;Pla de Santa Maria, el;total;dones;població;;1163
2023;Pla de Santa Maria, el;total;total;població;;2389
2023;Pla del Penedès, el;total;homes;població;;670
2023;Pla del Penedès, el;total;dones;població;;646
2023;Pla del Penedès, el;total;total;població;;1316
2023;Planes d'Hostoles, les;total;homes;població;;882
2023;Planes d'Hostoles, les;total;dones;població;;873
2023;Planes d'Hostoles, les;total;total;població;;1755
2023;Planoles;total;homes;població;;174
2023;Planoles;total;dones;població;;140
2023;Planoles;total;total;població;;314
2023;Plans de Sió, els;total;homes;població;;282
2023;Plans de Sió, els;total;dones;població;;239
2023;Plans de Sió, els;total;total;població;;521
2023;Poal, el;total;homes;població;;334
2023;Poal, el;total;dones;població;;319
2023;Poal, el;total;total;població;;653
2023;Pobla de Cérvoles, la;total;homes;població;;113
2023;Pobla de Cérvoles, la;total;dones;població;;90
2023;Pobla de Cérvoles, la;total;total;població;;203
2023;Pobla de Claramunt, la;total;homes;població;;1185
2023;Pobla de Claramunt, la;total;dones;població;;1126
2023;Pobla de Claramunt, la;total;total;població;;2311
2023;Pobla de Lillet, la;total;homes;població;;523
2023;Pobla de Lillet, la;total;dones;població;;564
2023;Pobla de Lillet, la;total;total;població;;1087
2023;Pobla de Mafumet, la;total;homes;població;;2063
2023;Pobla de Mafumet, la;total;dones;població;;2024
2023;Pobla de Mafumet, la;total;total;població;;4087
2023;Pobla de Massaluca, la;total;homes;població;;188
2023;Pobla de Massaluca, la;total;dones;població;;150
2023;Pobla de Massaluca, la;total;total;població;;338
2023;Pobla de Montornès, la;total;homes;població;;1666
2023;Pobla de Montornès, la;total;dones;població;;1569
2023;Pobla de Montornès, la;total;total;població;;3235
2023;Pobla de Segur, la;total;homes;població;;1527
2023;Pobla de Segur, la;total;dones;població;;1515
2023;Pobla de Segur, la;total;total;població;;3042
2023;Poboleda;total;homes;població;;166
2023;Poboleda;total;dones;població;;164
2023;Poboleda;total;total;població;;330
2023;Polinyà;total;homes;població;;4271
2023;Polinyà;total;dones;població;;4209
2023;Polinyà;total;total;població;;8480
2023;Pont d'Armentera, el;total;homes;població;;246
2023;Pont d'Armentera, el;total;dones;població;;248
2023;Pont d'Armentera, el;total;total;població;;494
2023;Pont de Bar, el;total;homes;població;;95
2023;Pont de Bar, el;total;dones;població;;67
2023;Pont de Bar, el;total;total;població;;162
2023;Pont de Molins;total;homes;població;;276
2023;Pont de Molins;total;dones;població;;282
2023;Pont de Molins;total;total;població;;558
2023;Pont de Suert, el;total;homes;població;;1217
2023;Pont de Suert, el;total;dones;població;;1200
2023;Pont de Suert, el;total;total;població;;2417
2023;Pont de Vilomara i Rocafort, el;total;homes;població;;2113
2023;Pont de Vilomara i Rocafort, el;total;dones;població;;1974
2023;Pont de Vilomara i Rocafort, el;total;total;població;;4087
2023;Pontils;total;homes;població;;72
2023;Pontils;total;dones;població;;57
2023;Pontils;total;total;població;;129
2023;Pontons;total;homes;població;;287
2023;Pontons;total;dones;població;;238
2023;Pontons;total;total;població;;525
2023;Pontós;total;homes;població;;147
2023;Pontós;total;dones;població;;135
2023;Pontós;total;total;població;;282
2023;Ponts;total;homes;població;;1386
2023;Ponts;total;dones;població;;1298
2023;Ponts;total;total;població;;2684
2023;Porqueres;total;homes;població;;2339
2023;Porqueres;total;dones;població;;2378
2023;Porqueres;total;total;població;;4717
2023;Porrera;total;homes;població;;224
2023;Porrera;total;dones;població;;211
2023;Porrera;total;total;població;;435
2023;Port de la Selva, el;total;homes;població;;527
2023;Port de la Selva, el;total;dones;població;;517
2023;Port de la Selva, el;total;total;població;;1044
2023;Portbou;total;homes;població;;530
2023;Portbou;total;dones;població;;538
2023;Portbou;total;total;població;;1068
2023;Portella, la;total;homes;població;;418
2023;Portella, la;total;dones;població;;313
2023;Portella, la;total;total;població;;731
2023;Pradell de la Teixeta;total;homes;població;;90
2023;Pradell de la Teixeta;total;dones;població;;83
2023;Pradell de la Teixeta;total;total;població;;173
2023;Prades;total;homes;població;;354
2023;Prades;total;dones;població;;311
2023;Prades;total;total;població;;665
2023;Prat de Comte;total;homes;població;;100
2023;Prat de Comte;total;dones;població;;89
2023;Prat de Comte;total;total;població;;189
2023;Prat de Llobregat, el;total;homes;població;;31980
2023;Prat de Llobregat, el;total;dones;població;;33429
2023;Prat de Llobregat, el;total;total;població;;65409
2023;Pratdip;total;homes;població;;375
2023;Pratdip;total;dones;població;;353
2023;Pratdip;total;total;població;;728
2023;Prats de Lluçanès;total;homes;població;;1339
2023;Prats de Lluçanès;total;dones;població;;1343
2023;Prats de Lluçanès;total;total;població;;2682
2023;Prats de Rei, els;total;homes;població;;300
2023;Prats de Rei, els;total;dones;població;;260
2023;Prats de Rei, els;total;total;població;;560
2023;Prats i Sansor;total;homes;població;;139
2023;Prats i Sansor;total;dones;població;;116
2023;Prats i Sansor;total;total;població;;255
2023;Preixana;total;homes;població;;208
2023;Preixana;total;dones;població;;194
2023;Preixana;total;total;població;;402
2023;Preixens;total;homes;població;;209
2023;Preixens;total;dones;població;;202
2023;Preixens;total;total;població;;411
2023;Premià de Dalt;total;homes;població;;5231
2023;Premià de Dalt;total;dones;població;;5297
2023;Premià de Dalt;total;total;població;;10528
2023;Premià de Mar;total;homes;població;;13986
2023;Premià de Mar;total;dones;població;;14716
2023;Premià de Mar;total;total;població;;28702
2023;Preses, les;total;homes;població;;945
2023;Preses, les;total;dones;població;;958
2023;Preses, les;total;total;població;;1903
2023;Prullans;total;homes;població;;128
2023;Prullans;total;dones;població;;140
2023;Prullans;total;total;població;;268
2023;Puigcerdà;total;homes;població;;4903
2023;Puigcerdà;total;dones;població;;4872
2023;Puigcerdà;total;total;població;;9775
2023;Puigdàlber;total;homes;població;;280
2023;Puigdàlber;total;dones;població;;292
2023;Puigdàlber;total;total;població;;572
2023;Puiggròs;total;homes;població;;130
2023;Puiggròs;total;dones;població;;127
2023;Puiggròs;total;total;població;;257
2023;Puigpelat;total;homes;població;;634
2023;Puigpelat;total;dones;població;;586
2023;Puigpelat;total;total;població;;1220
2023;Puig-reig;total;homes;població;;2196
2023;Puig-reig;total;dones;població;;2194
2023;Puig-reig;total;total;població;;4390
2023;Puigverd d'Agramunt;total;homes;població;;148
2023;Puigverd d'Agramunt;total;dones;població;;113
2023;Puigverd d'Agramunt;total;total;població;;261
2023;Puigverd de Lleida;total;homes;població;;724
2023;Puigverd de Lleida;total;dones;població;;671
2023;Puigverd de Lleida;total;total;població;;1395
2023;Pujalt;total;homes;població;;121
2023;Pujalt;total;dones;població;;99
2023;Pujalt;total;total;població;;220
2023;Quar, la;total;homes;població;;27
2023;Quar, la;total;dones;població;;15
2023;Quar, la;total;total;població;;42
2023;Quart;total;homes;població;;2042
2023;Quart;total;dones;població;;1984
2023;Quart;total;total;població;;4026
2023;Queralbs;total;homes;població;;102
2023;Queralbs;total;dones;població;;95
2023;Queralbs;total;total;població;;197
2023;Querol;total;homes;població;;329
2023;Querol;total;dones;població;;260
2023;Querol;total;total;població;;589
2023;Rabós;total;homes;població;;109
2023;Rabós;total;dones;població;;110
2023;Rabós;total;total;població;;219
2023;Rajadell;total;homes;població;;300
2023;Rajadell;total;dones;població;;273
2023;Rajadell;total;total;població;;573
2023;Ràpita, la;total;homes;població;;7490
2023;Ràpita, la;total;dones;població;;7839
2023;Ràpita, la;total;total;població;;15329
2023;Rasquera;total;homes;població;;400
2023;Rasquera;total;dones;població;;415
2023;Rasquera;total;total;població;;815
2023;Regencós;total;homes;població;;143
2023;Regencós;total;dones;població;;126
2023;Regencós;total;total;població;;269
2023;Rellinars;total;homes;població;;493
2023;Rellinars;total;dones;població;;429
2023;Rellinars;total;total;població;;922
2023;Renau;total;homes;població;;84
2023;Renau;total;dones;població;;76
2023;Renau;total;total;població;;160
2023;Reus;total;homes;població;;52691
2023;Reus;total;dones;població;;55844
2023;Reus;total;total;població;;108535
2023;Rialp;total;homes;població;;338
2023;Rialp;total;dones;població;;329
2023;Rialp;total;total;població;;667
2023;Riba, la;total;homes;població;;317
2023;Riba, la;total;dones;població;;253
2023;Riba, la;total;total;població;;570
2023;Riba-roja d'Ebre;total;homes;població;;616
2023;Riba-roja d'Ebre;total;dones;població;;530
2023;Riba-roja d'Ebre;total;total;població;;1146
2023;Ribera d'Ondara;total;homes;població;;237
2023;Ribera d'Ondara;total;dones;població;;219
2023;Ribera d'Ondara;total;total;població;;456
2023;Ribera d'Urgellet;total;homes;població;;481
2023;Ribera d'Urgellet;total;dones;població;;456
2023;Ribera d'Urgellet;total;total;població;;937
2023;Ribes de Freser;total;homes;població;;934
2023;Ribes de Freser;total;dones;població;;902
2023;Ribes de Freser;total;total;població;;1836
2023;Riells i Viabrea;total;homes;població;;2253
2023;Riells i Viabrea;total;dones;població;;2174
2023;Riells i Viabrea;total;total;població;;4427
2023;Riera de Gaià, la;total;homes;població;;893
2023;Riera de Gaià, la;total;dones;població;;886
2023;Riera de Gaià, la;total;total;població;;1779
2023;Riner;total;homes;població;;128
2023;Riner;total;dones;població;;139
2023;Riner;total;total;població;;267
2023;Ripoll;total;homes;població;;5368
2023;Ripoll;total;dones;població;;5450
2023;Ripoll;total;total;població;;10818
2023;Ripollet;total;homes;població;;19378
2023;Ripollet;total;dones;població;;19811
2023;Ripollet;total;total;població;;39189
2023;Riu de Cerdanya;total;homes;població;;53
2023;Riu de Cerdanya;total;dones;població;;42
2023;Riu de Cerdanya;total;total;població;;95
2023;Riudarenes;total;homes;població;;1188
2023;Riudarenes;total;dones;població;;1140
2023;Riudarenes;total;total;població;;2328
2023;Riudaura;total;homes;població;;259
2023;Riudaura;total;dones;població;;265
2023;Riudaura;total;total;població;;524
2023;Riudecanyes;total;homes;població;;708
2023;Riudecanyes;total;dones;població;;646
2023;Riudecanyes;total;total;població;;1354
2023;Riudecols;total;homes;població;;627
2023;Riudecols;total;dones;població;;596
2023;Riudecols;total;total;població;;1223
2023;Riudellots de la Selva;total;homes;població;;1060
2023;Riudellots de la Selva;total;dones;població;;1027
2023;Riudellots de la Selva;total;total;població;;2087
2023;Riudoms;total;homes;població;;3507
2023;Riudoms;total;dones;població;;3393
2023;Riudoms;total;total;població;;6900
2023;Riumors;total;homes;població;;125
2023;Riumors;total;dones;població;;110
2023;Riumors;total;total;població;;235
2023;Roca del Vallès, la;total;homes;població;;5466
2023;Roca del Vallès, la;total;dones;població;;5433
2023;Roca del Vallès, la;total;total;població;;10899
2023;Rocafort de Queralt;total;homes;població;;132
2023;Rocafort de Queralt;total;dones;població;;111
2023;Rocafort de Queralt;total;total;població;;243
2023;Roda de Berà;total;homes;població;;3959
2023;Roda de Berà;total;dones;població;;3848
2023;Roda de Berà;total;total;població;;7807
2023;Roda de Ter;total;homes;població;;3393
2023;Roda de Ter;total;dones;població;;3303
2023;Roda de Ter;total;total;població;;6696
2023;Rodonyà;total;homes;població;;284
2023;Rodonyà;total;dones;població;;243
2023;Rodonyà;total;total;població;;527
2023;Roquetes;total;homes;població;;4274
2023;Roquetes;total;dones;població;;4024
2023;Roquetes;total;total;població;;8298
2023;Roses;total;homes;població;;10131
2023;Roses;total;dones;població;;9853
2023;Roses;total;total;població;;19984
2023;Rosselló;total;homes;població;;1721
2023;Rosselló;total;dones;població;;1610
2023;Rosselló;total;total;població;;3331
2023;Rourell, el;total;homes;població;;196
2023;Rourell, el;total;dones;població;;191
2023;Rourell, el;total;total;població;;387
2023;Rubí;total;homes;població;;39557
2023;Rubí;total;dones;població;;40477
2023;Rubí;total;total;població;;80034
2023;Rubió;total;homes;població;;144
2023;Rubió;total;dones;població;;112
2023;Rubió;total;total;població;;256
2023;Rupià;total;homes;població;;155
2023;Rupià;total;dones;població;;161
2023;Rupià;total;total;població;;316
2023;Rupit i Pruit;total;homes;població;;135
2023;Rupit i Pruit;total;dones;població;;141
2023;Rupit i Pruit;total;total;població;;276
2023;Sabadell;total;homes;població;;105833
2023;Sabadell;total;dones;població;;112135
2023;Sabadell;total;total;població;;217968
2023;Sagàs;total;homes;població;;81
2023;Sagàs;total;dones;població;;71
2023;Sagàs;total;total;població;;152
2023;Salàs de Pallars;total;homes;població;;194
2023;Salàs de Pallars;total;dones;població;;161
2023;Salàs de Pallars;total;total;població;;355
2023;Saldes;total;homes;població;;171
2023;Saldes;total;dones;població;;130
2023;Saldes;total;total;població;;301
2023;Sales de Llierca;total;homes;població;;85
2023;Sales de Llierca;total;dones;població;;82
2023;Sales de Llierca;total;total;població;;167
2023;Sallent;total;homes;població;;3341
2023;Sallent;total;dones;població;;3487
2023;Sallent;total;total;població;;6828
2023;Salomó;total;homes;població;;289
2023;Salomó;total;dones;població;;261
2023;Salomó;total;total;població;;550
2023;Salou;total;homes;població;;15325
2023;Salou;total;dones;població;;14762
2023;Salou;total;total;població;;30087
2023;Salt;total;homes;població;;17582
2023;Salt;total;dones;població;;15755
2023;Salt;total;total;població;;33337
2023;Sanaüja;total;homes;població;;208
2023;Sanaüja;total;dones;població;;191
2023;Sanaüja;total;total;població;;399
2023;Sant Adrià de Besòs;total;homes;població;;18615
2023;Sant Adrià de Besòs;total;dones;població;;19291
2023;Sant Adrià de Besòs;total;total;població;;37906
2023;Sant Agustí de Lluçanès;total;homes;població;;57
2023;Sant Agustí de Lluçanès;total;dones;població;;52
2023;Sant Agustí de Lluçanès;total;total;població;;109
2023;Sant Andreu de la Barca;total;homes;població;;13188
2023;Sant Andreu de la Barca;total;dones;població;;13674
2023;Sant Andreu de la Barca;total;total;població;;26862
2023;Sant Andreu de Llavaneres;total;homes;població;;5791
2023;Sant Andreu de Llavaneres;total;dones;població;;6048
2023;Sant Andreu de Llavaneres;total;total;població;;11839
2023;Sant Andreu Salou;total;homes;població;;83
2023;Sant Andreu Salou;total;dones;població;;88
2023;Sant Andreu Salou;total;total;població;;171
2023;Sant Aniol de Finestres;total;homes;població;;186
2023;Sant Aniol de Finestres;total;dones;població;;178
2023;Sant Aniol de Finestres;total;total;població;;364
2023;Sant Antoni de Vilamajor;total;homes;població;;3266
2023;Sant Antoni de Vilamajor;total;dones;població;;3299
2023;Sant Antoni de Vilamajor;total;total;població;;6565
2023;Sant Bartomeu del Grau;total;homes;població;;494
2023;Sant Bartomeu del Grau;total;dones;població;;445
2023;Sant Bartomeu del Grau;total;total;població;;939
2023;Sant Boi de Llobregat;total;homes;població;;40717
2023;Sant Boi de Llobregat;total;dones;població;;42950
2023;Sant Boi de Llobregat;total;total;població;;83667
2023;Sant Boi de Lluçanès;total;homes;població;;296
2023;Sant Boi de Lluçanès;total;dones;població;;276
2023;Sant Boi de Lluçanès;total;total;població;;572
2023;Sant Cebrià de Vallalta;total;homes;població;;1966
2023;Sant Cebrià de Vallalta;total;dones;població;;1825
2023;Sant Cebrià de Vallalta;total;total;població;;3791
2023;Sant Celoni;total;homes;població;;9169
2023;Sant Celoni;total;dones;població;;9254
2023;Sant Celoni;total;total;població;;18423
2023;Sant Climent de Llobregat;total;homes;població;;2095
2023;Sant Climent de Llobregat;total;dones;població;;2095
2023;Sant Climent de Llobregat;total;total;població;;4190
2023;Sant Climent Sescebes;total;homes;població;;398
2023;Sant Climent Sescebes;total;dones;població;;276
2023;Sant Climent Sescebes;total;total;població;;674
2023;Sant Cugat del Vallès;total;homes;població;;47529
2023;Sant Cugat del Vallès;total;dones;població;;50050
2023;Sant Cugat del Vallès;total;total;població;;97579
2023;Sant Cugat Sesgarrigues;total;homes;població;;502
2023;Sant Cugat Sesgarrigues;total;dones;població;;519
2023;Sant Cugat Sesgarrigues;total;total;població;;1021
2023;Sant Esteve de la Sarga;total;homes;població;;83
2023;Sant Esteve de la Sarga;total;dones;població;;47
2023;Sant Esteve de la Sarga;total;total;població;;130
2023;Sant Esteve de Palautordera;total;homes;població;;1501
2023;Sant Esteve de Palautordera;total;dones;població;;1536
2023;Sant Esteve de Palautordera;total;total;població;;3037
2023;Sant Esteve Sesrovires;total;homes;població;;3931
2023;Sant Esteve Sesrovires;total;dones;població;;3958
2023;Sant Esteve Sesrovires;total;total;població;;7889
2023;Sant Feliu de Buixalleu;total;homes;població;;444
2023;Sant Feliu de Buixalleu;total;dones;població;;418
2023;Sant Feliu de Buixalleu;total;total;població;;862
2023;Sant Feliu de Codines;total;homes;població;;3280
2023;Sant Feliu de Codines;total;dones;població;;3216
2023;Sant Feliu de Codines;total;total;població;;6496
2023;Sant Feliu de Guíxols;total;homes;població;;11088
2023;Sant Feliu de Guíxols;total;dones;població;;11555
2023;Sant Feliu de Guíxols;total;total;població;;22643
2023;Sant Feliu de Llobregat;total;homes;població;;22316
2023;Sant Feliu de Llobregat;total;dones;població;;23640
2023;Sant Feliu de Llobregat;total;total;població;;45956
2023;Sant Feliu de Pallerols;total;homes;població;;843
2023;Sant Feliu de Pallerols;total;dones;població;;753
2023;Sant Feliu de Pallerols;total;total;població;;1596
2023;Sant Feliu Sasserra;total;homes;població;;326
2023;Sant Feliu Sasserra;total;dones;població;;294
2023;Sant Feliu Sasserra;total;total;població;;620
2023;Sant Ferriol;total;homes;població;;140
2023;Sant Ferriol;total;dones;població;;111
2023;Sant Ferriol;total;total;població;;251
2023;Sant Fost de Campsentelles;total;homes;població;;4548
2023;Sant Fost de Campsentelles;total;dones;població;;4627
2023;Sant Fost de Campsentelles;total;total;població;;9175
2023;Sant Fruitós de Bages;total;homes;població;;4525
2023;Sant Fruitós de Bages;total;dones;població;;4612
2023;Sant Fruitós de Bages;total;total;població;;9137
2023;Sant Gregori;total;homes;població;;2106
2023;Sant Gregori;total;dones;població;;2092
2023;Sant Gregori;total;total;població;;4198
2023;Sant Guim de Freixenet;total;homes;població;;605
2023;Sant Guim de Freixenet;total;dones;població;;547
2023;Sant Guim de Freixenet;total;total;població;;1152
2023;Sant Guim de la Plana;total;homes;població;;108
2023;Sant Guim de la Plana;total;dones;població;;97
2023;Sant Guim de la Plana;total;total;població;;205
2023;Sant Hilari Sacalm;total;homes;població;;2990
2023;Sant Hilari Sacalm;total;dones;població;;2904
2023;Sant Hilari Sacalm;total;total;població;;5894
2023;Sant Hipòlit de Voltregà;total;homes;població;;1860
2023;Sant Hipòlit de Voltregà;total;dones;població;;1844
2023;Sant Hipòlit de Voltregà;total;total;població;;3704
2023;Sant Iscle de Vallalta;total;homes;població;;753
2023;Sant Iscle de Vallalta;total;dones;població;;692
2023;Sant Iscle de Vallalta;total;total;població;;1445
2023;Sant Jaume d'Enveja;total;homes;població;;1833
2023;Sant Jaume d'Enveja;total;dones;població;;1808
2023;Sant Jaume d'Enveja;total;total;població;;3641
2023;Sant Jaume de Frontanyà;total;homes;població;;15
2023;Sant Jaume de Frontanyà;total;dones;població;;14
2023;Sant Jaume de Frontanyà;total;total;població;;29
2023;Sant Jaume de Llierca;total;homes;població;;427
2023;Sant Jaume de Llierca;total;dones;població;;441
2023;Sant Jaume de Llierca;total;total;població;;868
2023;Sant Jaume dels Domenys;total;homes;població;;1420
2023;Sant Jaume dels Domenys;total;dones;població;;1361
2023;Sant Jaume dels Domenys;total;total;població;;2781
2023;Sant Joan de les Abadesses;total;homes;població;;1639
2023;Sant Joan de les Abadesses;total;dones;població;;1656
2023;Sant Joan de les Abadesses;total;total;població;;3295
2023;Sant Joan de Mollet;total;homes;població;;260
2023;Sant Joan de Mollet;total;dones;població;;261
2023;Sant Joan de Mollet;total;total;població;;521
2023;Sant Joan de Vilatorrada;total;homes;població;;5419
2023;Sant Joan de Vilatorrada;total;dones;població;;5500
2023;Sant Joan de Vilatorrada;total;total;població;;10919
2023;Sant Joan Despí;total;homes;població;;16732
2023;Sant Joan Despí;total;dones;població;;17820
2023;Sant Joan Despí;total;total;població;;34552
2023;Sant Joan les Fonts;total;homes;població;;1559
2023;Sant Joan les Fonts;total;dones;població;;1522
2023;Sant Joan les Fonts;total;total;població;;3081
2023;Sant Jordi Desvalls;total;homes;població;;408
2023;Sant Jordi Desvalls;total;dones;població;;439
2023;Sant Jordi Desvalls;total;total;població;;847
2023;Sant Julià de Cerdanyola;total;homes;població;;134
2023;Sant Julià de Cerdanyola;total;dones;població;;107
2023;Sant Julià de Cerdanyola;total;total;població;;241
2023;Sant Julià de Ramis;total;homes;població;;1864
2023;Sant Julià de Ramis;total;dones;població;;1835
2023;Sant Julià de Ramis;total;total;població;;3699
2023;Sant Julià de Vilatorta;total;homes;població;;1605
2023;Sant Julià de Vilatorta;total;dones;població;;1630
2023;Sant Julià de Vilatorta;total;total;població;;3235
2023;Sant Julià del Llor i Bonmatí;total;homes;població;;701
2023;Sant Julià del Llor i Bonmatí;total;dones;població;;657
2023;Sant Julià del Llor i Bonmatí;total;total;població;;1358
2023;Sant Just Desvern;total;homes;població;;9866
2023;Sant Just Desvern;total;dones;població;;10612
2023;Sant Just Desvern;total;total;població;;20478
2023;Sant Llorenç d'Hortons;total;homes;població;;1297
2023;Sant Llorenç d'Hortons;total;dones;població;;1275
2023;Sant Llorenç d'Hortons;total;total;població;;2572
2023;Sant Llorenç de la Muga;total;homes;població;;140
2023;Sant Llorenç de la Muga;total;dones;població;;134
2023;Sant Llorenç de la Muga;total;total;població;;274
2023;Sant Llorenç de Morunys;total;homes;població;;487
2023;Sant Llorenç de Morunys;total;dones;població;;515
2023;Sant Llorenç de Morunys;total;total;població;;1002
2023;Sant Llorenç Savall;total;homes;població;;1264
2023;Sant Llorenç Savall;total;dones;població;;1269
2023;Sant Llorenç Savall;total;total;població;;2533
2023;Sant Martí d'Albars;total;homes;població;;60
2023;Sant Martí d'Albars;total;dones;població;;61
2023;Sant Martí d'Albars;total;total;població;;121
2023;Sant Martí de Centelles;total;homes;població;;629
2023;Sant Martí de Centelles;total;dones;població;;611
2023;Sant Martí de Centelles;total;total;població;;1240
2023;Sant Martí de Llémena;total;homes;població;;362
2023;Sant Martí de Llémena;total;dones;població;;347
2023;Sant Martí de Llémena;total;total;població;;709
2023;Sant Martí de Riucorb;total;homes;població;;341
2023;Sant Martí de Riucorb;total;dones;població;;311
2023;Sant Martí de Riucorb;total;total;població;;652
2023;Sant Martí de Tous;total;homes;població;;638
2023;Sant Martí de Tous;total;dones;població;;630
2023;Sant Martí de Tous;total;total;població;;1268
2023;Sant Martí Sarroca;total;homes;població;;1685
2023;Sant Martí Sarroca;total;dones;població;;1692
2023;Sant Martí Sarroca;total;total;població;;3377
2023;Sant Martí Sesgueioles;total;homes;població;;185
2023;Sant Martí Sesgueioles;total;dones;població;;174
2023;Sant Martí Sesgueioles;total;total;població;;359
2023;Sant Martí Vell;total;homes;població;;147
2023;Sant Martí Vell;total;dones;població;;122
2023;Sant Martí Vell;total;total;població;;269
2023;Sant Mateu de Bages;total;homes;població;;326
2023;Sant Mateu de Bages;total;dones;població;;306
2023;Sant Mateu de Bages;total;total;població;;632
2023;Sant Miquel de Campmajor;total;homes;població;;135
2023;Sant Miquel de Campmajor;total;dones;població;;112
2023;Sant Miquel de Campmajor;total;total;població;;247
2023;Sant Miquel de Fluvià;total;homes;població;;434
2023;Sant Miquel de Fluvià;total;dones;població;;400
2023;Sant Miquel de Fluvià;total;total;població;;834
2023;Sant Mori;total;homes;població;;89
2023;Sant Mori;total;dones;població;;89
2023;Sant Mori;total;total;població;;178
2023;Sant Pau de Segúries;total;homes;població;;366
2023;Sant Pau de Segúries;total;dones;població;;376
2023;Sant Pau de Segúries;total;total;població;;742
2023;Sant Pere de Ribes;total;homes;població;;15671
2023;Sant Pere de Ribes;total;dones;població;;16031
2023;Sant Pere de Ribes;total;total;població;;31702
2023;Sant Pere de Riudebitlles;total;homes;població;;1247
2023;Sant Pere de Riudebitlles;total;dones;població;;1219
2023;Sant Pere de Riudebitlles;total;total;població;;2466
2023;Sant Pere de Torelló;total;homes;població;;1324
2023;Sant Pere de Torelló;total;dones;població;;1247
2023;Sant Pere de Torelló;total;total;població;;2571
2023;Sant Pere de Vilamajor;total;homes;població;;2455
2023;Sant Pere de Vilamajor;total;dones;població;;2401
2023;Sant Pere de Vilamajor;total;total;població;;4856
2023;Sant Pere Pescador;total;homes;població;;1126
2023;Sant Pere Pescador;total;dones;població;;995
2023;Sant Pere Pescador;total;total;població;;2121
2023;Sant Pere Sallavinera;total;homes;població;;84
2023;Sant Pere Sallavinera;total;dones;població;;78
2023;Sant Pere Sallavinera;total;total;població;;162
2023;Sant Pol de Mar;total;homes;població;;2816
2023;Sant Pol de Mar;total;dones;població;;2955
2023;Sant Pol de Mar;total;total;població;;5771
2023;Sant Quintí de Mediona;total;homes;població;;1234
2023;Sant Quintí de Mediona;total;dones;població;;1181
2023;Sant Quintí de Mediona;total;total;població;;2415
2023;Sant Quirze de Besora;total;homes;població;;1021
2023;Sant Quirze de Besora;total;dones;població;;1088
2023;Sant Quirze de Besora;total;total;població;;2109
2023;Sant Quirze del Vallès;total;homes;població;;9880
2023;Sant Quirze del Vallès;total;dones;població;;10308
2023;Sant Quirze del Vallès;total;total;població;;20188
2023;Sant Quirze Safaja;total;homes;població;;363
2023;Sant Quirze Safaja;total;dones;població;;314
2023;Sant Quirze Safaja;total;total;població;;677
2023;Sant Ramon;total;homes;població;;258
2023;Sant Ramon;total;dones;població;;232
2023;Sant Ramon;total;total;població;;490
2023;Sant Sadurní d'Anoia;total;homes;població;;6370
2023;Sant Sadurní d'Anoia;total;dones;població;;6571
2023;Sant Sadurní d'Anoia;total;total;població;;12941
2023;Sant Sadurní d'Osormort;total;homes;població;;53
2023;Sant Sadurní d'Osormort;total;dones;població;;36
2023;Sant Sadurní d'Osormort;total;total;població;;89
2023;Sant Salvador de Guardiola;total;homes;població;;1749
2023;Sant Salvador de Guardiola;total;dones;població;;1673
2023;Sant Salvador de Guardiola;total;total;població;;3422
2023;Sant Vicenç de Castellet;total;homes;població;;5066
2023;Sant Vicenç de Castellet;total;dones;població;;4995
2023;Sant Vicenç de Castellet;total;total;població;;10061
2023;Sant Vicenç de Montalt;total;homes;població;;3341
2023;Sant Vicenç de Montalt;total;dones;població;;3366
2023;Sant Vicenç de Montalt;total;total;població;;6707
2023;Sant Vicenç de Torelló;total;homes;població;;1039
2023;Sant Vicenç de Torelló;total;dones;població;;1032
2023;Sant Vicenç de Torelló;total;total;població;;2071
2023;Sant Vicenç dels Horts;total;homes;població;;14111
2023;Sant Vicenç dels Horts;total;dones;població;;14311
2023;Sant Vicenç dels Horts;total;total;població;;28422
2023;Santa Bàrbara;total;homes;població;;1917
2023;Santa Bàrbara;total;dones;població;;1832
2023;Santa Bàrbara;total;total;població;;3749
2023;Santa Cecília de Voltregà;total;homes;població;;101
2023;Santa Cecília de Voltregà;total;dones;població;;83
2023;Santa Cecília de Voltregà;total;total;població;;184
2023;Santa Coloma de Cervelló;total;homes;població;;4071
2023;Santa Coloma de Cervelló;total;dones;població;;4302
2023;Santa Coloma de Cervelló;total;total;població;;8373
2023;Santa Coloma de Farners;total;homes;població;;6961
2023;Santa Coloma de Farners;total;dones;població;;6826
2023;Santa Coloma de Farners;total;total;població;;13787
2023;Santa Coloma de Gramenet;total;homes;població;;58879
2023;Santa Coloma de Gramenet;total;dones;població;;60316
2023;Santa Coloma de Gramenet;total;total;població;;119195
2023;Santa Coloma de Queralt;total;homes;població;;1418
2023;Santa Coloma de Queralt;total;dones;població;;1393
2023;Santa Coloma de Queralt;total;total;població;;2811
2023;Santa Cristina d'Aro;total;homes;població;;2886
2023;Santa Cristina d'Aro;total;dones;població;;2770
2023;Santa Cristina d'Aro;total;total;població;;5656
2023;Santa Eugènia de Berga;total;homes;població;;1180
2023;Santa Eugènia de Berga;total;dones;població;;1115
2023;Santa Eugènia de Berga;total;total;població;;2295
2023;Santa Eulàlia de Riuprimer;total;homes;població;;728
2023;Santa Eulàlia de Riuprimer;total;dones;població;;720
2023;Santa Eulàlia de Riuprimer;total;total;població;;1448
2023;Santa Eulàlia de Ronçana;total;homes;població;;3934
2023;Santa Eulàlia de Ronçana;total;dones;població;;3918
2023;Santa Eulàlia de Ronçana;total;total;població;;7852
2023;Santa Fe del Penedès;total;homes;població;;179
2023;Santa Fe del Penedès;total;dones;població;;183
2023;Santa Fe del Penedès;total;total;població;;362
2023;Santa Llogaia d'Àlguema;total;homes;població;;190
2023;Santa Llogaia d'Àlguema;total;dones;població;;206
2023;Santa Llogaia d'Àlguema;total;total;població;;396
2023;Santa Margarida de Montbui;total;homes;població;;5230
2023;Santa Margarida de Montbui;total;dones;població;;5188
2023;Santa Margarida de Montbui;total;total;població;;10418
2023;Santa Margarida i els Monjos;total;homes;població;;3871
2023;Santa Margarida i els Monjos;total;dones;població;;3758
2023;Santa Margarida i els Monjos;total;total;població;;7629
2023;Santa Maria d'Oló;total;homes;població;;544
2023;Santa Maria d'Oló;total;dones;població;;540
2023;Santa Maria d'Oló;total;total;població;;1084
2023;Santa Maria de Besora;total;homes;població;;88
2023;Santa Maria de Besora;total;dones;població;;76
2023;Santa Maria de Besora;total;total;població;;164
2023;Santa Maria de Martorelles;total;homes;població;;446
2023;Santa Maria de Martorelles;total;dones;població;;436
2023;Santa Maria de Martorelles;total;total;població;;882
2023;Santa Maria de Merlès;total;homes;població;;89
2023;Santa Maria de Merlès;total;dones;població;;85
2023;Santa Maria de Merlès;total;total;població;;174
2023;Santa Maria de Miralles;total;homes;població;;74
2023;Santa Maria de Miralles;total;dones;població;;64
2023;Santa Maria de Miralles;total;total;població;;138
2023;Santa Maria de Palautordera;total;homes;població;;4957
2023;Santa Maria de Palautordera;total;dones;població;;4896
2023;Santa Maria de Palautordera;total;total;població;;9853
2023;Santa Oliva;total;homes;població;;1877
2023;Santa Oliva;total;dones;població;;1794
2023;Santa Oliva;total;total;població;;3671
2023;Santa Pau;total;homes;població;;813
2023;Santa Pau;total;dones;població;;801
2023;Santa Pau;total;total;població;;1614
2023;Santa Perpètua de Mogoda;total;homes;població;;12943
2023;Santa Perpètua de Mogoda;total;dones;població;;12920
2023;Santa Perpètua de Mogoda;total;total;població;;25863
2023;Santa Susanna;total;homes;població;;1924
2023;Santa Susanna;total;dones;població;;1930
2023;Santa Susanna;total;total;població;;3854
2023;Santpedor;total;homes;població;;3818
2023;Santpedor;total;dones;població;;3850
2023;Santpedor;total;total;població;;7668
2023;Sarral;total;homes;població;;806
2023;Sarral;total;dones;població;;799
2023;Sarral;total;total;població;;1605
2023;Sarrià de Ter;total;homes;població;;2644
2023;Sarrià de Ter;total;dones;població;;2691
2023;Sarrià de Ter;total;total;població;;5335
2023;Sarroca de Bellera;total;homes;població;;66
2023;Sarroca de Bellera;total;dones;població;;52
2023;Sarroca de Bellera;total;total;població;;118
2023;Sarroca de Lleida;total;homes;població;;216
2023;Sarroca de Lleida;total;dones;població;;172
2023;Sarroca de Lleida;total;total;població;;388
2023;Saus, Camallera i Llampaies;total;homes;població;;443
2023;Saus, Camallera i Llampaies;total;dones;població;;447
2023;Saus, Camallera i Llampaies;total;total;població;;890
2023;Savallà del Comtat;total;homes;població;;28
2023;Savallà del Comtat;total;dones;població;;25
2023;Savallà del Comtat;total;total;població;;53
2023;Secuita, la;total;homes;població;;900
2023;Secuita, la;total;dones;població;;888
2023;Secuita, la;total;total;població;;1788
2023;Selva de Mar, la;total;homes;població;;110
2023;Selva de Mar, la;total;dones;població;;111
2023;Selva de Mar, la;total;total;població;;221
2023;Selva del Camp, la;total;homes;població;;2850
2023;Selva del Camp, la;total;dones;població;;2895
2023;Selva del Camp, la;total;total;població;;5745
2023;Senan;total;homes;població;;28
2023;Senan;total;dones;població;;16
2023;Senan;total;total;població;;44
2023;Sénia, la;total;homes;població;;2805
2023;Sénia, la;total;dones;població;;2797
2023;Sénia, la;total;total;població;;5602
2023;Senterada;total;homes;població;;93
2023;Senterada;total;dones;població;;67
2023;Senterada;total;total;població;;160
2023;Sentiu de Sió, la;total;homes;població;;225
2023;Sentiu de Sió, la;total;dones;població;;219
2023;Sentiu de Sió, la;total;total;població;;444
2023;Sentmenat;total;homes;població;;4789
2023;Sentmenat;total;dones;població;;4672
2023;Sentmenat;total;total;població;;9461
2023;Serinyà;total;homes;població;;595
2023;Serinyà;total;dones;població;;568
2023;Serinyà;total;total;població;;1163
2023;Seròs;total;homes;població;;1003
2023;Seròs;total;dones;població;;862
2023;Seròs;total;total;població;;1865
2023;Serra de Daró;total;homes;població;;125
2023;Serra de Daró;total;dones;població;;113
2023;Serra de Daró;total;total;població;;238
2023;Setcases;total;homes;població;;105
2023;Setcases;total;dones;població;;82
2023;Setcases;total;total;població;;187
2023;Seu d'Urgell, la;total;homes;població;;6083
2023;Seu d'Urgell, la;total;dones;població;;6396
2023;Seu d'Urgell, la;total;total;població;;12479
2023;Seva;total;homes;població;;1954
2023;Seva;total;dones;població;;1821
2023;Seva;total;total;població;;3775
2023;Sidamon;total;homes;població;;407
2023;Sidamon;total;dones;població;;364
2023;Sidamon;total;total;població;;771
2023;Sils;total;homes;població;;3388
2023;Sils;total;dones;població;;3228
2023;Sils;total;total;població;;6616
2023;Sitges;total;homes;població;;16101
2023;Sitges;total;dones;població;;15985
2023;Sitges;total;total;població;;32086
2023;Siurana;total;homes;població;;88
2023;Siurana;total;dones;població;;98
2023;Siurana;total;total;població;;186
2023;Sobremunt;total;homes;població;;34
2023;Sobremunt;total;dones;població;;52
2023;Sobremunt;total;total;població;;86
2023;Soleràs, el;total;homes;població;;170
2023;Soleràs, el;total;dones;població;;151
2023;Soleràs, el;total;total;població;;321
2023;Solivella;total;homes;població;;339
2023;Solivella;total;dones;població;;293
2023;Solivella;total;total;població;;632
2023;Solsona;total;homes;població;;4566
2023;Solsona;total;dones;població;;4647
2023;Solsona;total;total;població;;9213
2023;Sora;total;homes;població;;116
2023;Sora;total;dones;població;;101
2023;Sora;total;total;població;;217
2023;Soriguera;total;homes;població;;232
2023;Soriguera;total;dones;població;;210
2023;Soriguera;total;total;població;;442
2023;Sort;total;homes;població;;1103
2023;Sort;total;dones;població;;1141
2023;Sort;total;total;població;;2244
2023;Soses;total;homes;població;;980
2023;Soses;total;dones;població;;866
2023;Soses;total;total;població;;1846
2023;Subirats;total;homes;població;;1676
2023;Subirats;total;dones;població;;1569
2023;Subirats;total;total;població;;3245
2023;Sudanell;total;homes;població;;496
2023;Sudanell;total;dones;població;;390
2023;Sudanell;total;total;població;;886
2023;Sunyer;total;homes;població;;177
2023;Sunyer;total;dones;població;;150
2023;Sunyer;total;total;població;;327
2023;Súria;total;homes;població;;2926
2023;Súria;total;dones;població;;3109
2023;Súria;total;total;població;;6035
2023;Susqueda;total;homes;població;;59
2023;Susqueda;total;dones;població;;38
2023;Susqueda;total;total;població;;97
2023;Tagamanent;total;homes;població;;178
2023;Tagamanent;total;dones;població;;166
2023;Tagamanent;total;total;població;;344
2023;Talamanca;total;homes;població;;122
2023;Talamanca;total;dones;població;;101
2023;Talamanca;total;total;població;;223
2023;Talarn;total;homes;població;;374
2023;Talarn;total;dones;població;;216
2023;Talarn;total;total;població;;590
2023;Talavera;total;homes;població;;156
2023;Talavera;total;dones;població;;126
2023;Talavera;total;total;població;;282
2023;Tallada d'Empordà, la;total;homes;població;;251
2023;Tallada d'Empordà, la;total;dones;població;;224
2023;Tallada d'Empordà, la;total;total;població;;475
2023;Taradell;total;homes;població;;3415
2023;Taradell;total;dones;població;;3382
2023;Taradell;total;total;població;;6797
2023;Tarragona;total;homes;població;;67329
2023;Tarragona;total;dones;població;;70997
2023;Tarragona;total;total;població;;138326
2023;Tàrrega;total;homes;població;;9047
2023;Tàrrega;total;dones;població;;9142
2023;Tàrrega;total;total;població;;18189
2023;Tarrés;total;homes;població;;59
2023;Tarrés;total;dones;població;;59
2023;Tarrés;total;total;població;;118
2023;Tarroja de Segarra;total;homes;població;;97
2023;Tarroja de Segarra;total;dones;població;;84
2023;Tarroja de Segarra;total;total;població;;181
2023;Tavèrnoles;total;homes;població;;172
2023;Tavèrnoles;total;dones;població;;167
2023;Tavèrnoles;total;total;població;;339
2023;Tavertet;total;homes;població;;67
2023;Tavertet;total;dones;població;;59
2023;Tavertet;total;total;població;;126
2023;Teià;total;homes;població;;3291
2023;Teià;total;dones;població;;3391
2023;Teià;total;total;població;;6682
2023;Térmens;total;homes;població;;687
2023;Térmens;total;dones;població;;643
2023;Térmens;total;total;població;;1330
2023;Terrades;total;homes;població;;167
2023;Terrades;total;dones;població;;180
2023;Terrades;total;total;població;;347
2023;Terrassa;total;homes;població;;110695
2023;Terrassa;total;dones;població;;114579
2023;Terrassa;total;total;població;;225274
2023;Tiana;total;homes;població;;4458
2023;Tiana;total;dones;població;;4762
2023;Tiana;total;total;població;;9220
2023;Tírvia;total;homes;població;;71
2023;Tírvia;total;dones;població;;72
2023;Tírvia;total;total;població;;143
2023;Tiurana;total;homes;població;;33
2023;Tiurana;total;dones;població;;34
2023;Tiurana;total;total;població;;67
2023;Tivenys;total;homes;població;;467
2023;Tivenys;total;dones;població;;447
2023;Tivenys;total;total;població;;914
2023;Tivissa;total;homes;població;;829
2023;Tivissa;total;dones;població;;804
2023;Tivissa;total;total;població;;1633
2023;Tona;total;homes;població;;4158
2023;Tona;total;dones;població;;4282
2023;Tona;total;total;població;;8440
2023;Torà;total;homes;població;;622
2023;Torà;total;dones;població;;614
2023;Torà;total;total;població;;1236
2023;Tordera;total;homes;població;;9337
2023;Tordera;total;dones;població;;9084
2023;Tordera;total;total;població;;18421
2023;Torelló;total;homes;població;;7458
2023;Torelló;total;dones;població;;7464
2023;Torelló;total;total;població;;14922
2023;Torms, els;total;homes;població;;73
2023;Torms, els;total;dones;població;;69
2023;Torms, els;total;total;població;;142
2023;Tornabous;total;homes;població;;462
2023;Tornabous;total;dones;població;;387
2023;Tornabous;total;total;població;;849
2023;Torre de Cabdella, la;total;homes;població;;394
2023;Torre de Cabdella, la;total;dones;població;;399
2023;Torre de Cabdella, la;total;total;població;;793
2023;Torre de Claramunt, la;total;homes;població;;2095
2023;Torre de Claramunt, la;total;dones;població;;1925
2023;Torre de Claramunt, la;total;total;població;;4020
2023;Torre de Fontaubella, la;total;homes;població;;64
2023;Torre de Fontaubella, la;total;dones;població;;55
2023;Torre de Fontaubella, la;total;total;població;;119
2023;Torre de l'Espanyol, la;total;homes;població;;322
2023;Torre de l'Espanyol, la;total;dones;població;;299
2023;Torre de l'Espanyol, la;total;total;població;;621
2023;Torrebesses;total;homes;població;;155
2023;Torrebesses;total;dones;població;;142
2023;Torrebesses;total;total;població;;297
2023;Torredembarra;total;homes;població;;8603
2023;Torredembarra;total;dones;població;;9011
2023;Torredembarra;total;total;població;;17614
2023;Torrefarrera;total;homes;població;;2470
2023;Torrefarrera;total;dones;població;;2409
2023;Torrefarrera;total;total;població;;4879
2023;Torrefeta i Florejacs;total;homes;població;;329
2023;Torrefeta i Florejacs;total;dones;població;;283
2023;Torrefeta i Florejacs;total;total;població;;612
2023;Torregrossa;total;homes;població;;1156
2023;Torregrossa;total;dones;població;;1056
2023;Torregrossa;total;total;població;;2212
2023;Torrelameu;total;homes;població;;465
2023;Torrelameu;total;dones;població;;309
2023;Torrelameu;total;total;població;;774
2023;Torrelavit;total;homes;població;;774
2023;Torrelavit;total;dones;població;;720
2023;Torrelavit;total;total;població;;1494
2023;Torrelles de Foix;total;homes;població;;1380
2023;Torrelles de Foix;total;dones;població;;1234
2023;Torrelles de Foix;total;total;població;;2614
2023;Torrelles de Llobregat;total;homes;població;;3076
2023;Torrelles de Llobregat;total;dones;població;;3141
2023;Torrelles de Llobregat;total;total;població;;6217
2023;Torrent;total;homes;població;;91
2023;Torrent;total;dones;població;;79
2023;Torrent;total;total;població;;170
2023;Torres de Segre;total;homes;població;;1198
2023;Torres de Segre;total;dones;població;;1083
2023;Torres de Segre;total;total;població;;2281
2023;Torre-serona;total;homes;població;;216
2023;Torre-serona;total;dones;població;;199
2023;Torre-serona;total;total;població;;415
2023;Torroella de Fluvià;total;homes;població;;394
2023;Torroella de Fluvià;total;dones;població;;375
2023;Torroella de Fluvià;total;total;població;;769
2023;Torroella de Montgrí;total;homes;població;;6275
2023;Torroella de Montgrí;total;dones;població;;5957
2023;Torroella de Montgrí;total;total;població;;12232
2023;Torroja del Priorat;total;homes;població;;75
2023;Torroja del Priorat;total;dones;població;;64
2023;Torroja del Priorat;total;total;població;;139
2023;Tortellà;total;homes;població;;380
2023;Tortellà;total;dones;població;;435
2023;Tortellà;total;total;població;;815
2023;Tortosa;total;homes;població;;17480
2023;Tortosa;total;dones;població;;17384
2023;Tortosa;total;total;població;;34864
2023;Toses;total;homes;població;;108
2023;Toses;total;dones;població;;81
2023;Toses;total;total;població;;189
2023;Tossa de Mar;total;homes;població;;3130
2023;Tossa de Mar;total;dones;població;;3055
2023;Tossa de Mar;total;total;població;;6185
2023;Tremp;total;homes;població;;2955
2023;Tremp;total;dones;població;;3036
2023;Tremp;total;total;població;;5991
2023;Ullà;total;homes;població;;648
2023;Ullà;total;dones;població;;555
2023;Ullà;total;total;població;;1203
2023;Ullastrell;total;homes;població;;1084
2023;Ullastrell;total;dones;població;;1085
2023;Ullastrell;total;total;població;;2169
2023;Ullastret;total;homes;població;;138
2023;Ullastret;total;dones;població;;127
2023;Ullastret;total;total;població;;265
2023;Ulldecona;total;homes;població;;3419
2023;Ulldecona;total;dones;població;;3081
2023;Ulldecona;total;total;població;;6500
2023;Ulldemolins;total;homes;població;;232
2023;Ulldemolins;total;dones;població;;187
2023;Ulldemolins;total;total;població;;419
2023;Ultramort;total;homes;població;;117
2023;Ultramort;total;dones;població;;106
2023;Ultramort;total;total;població;;223
2023;Urús;total;homes;població;;109
2023;Urús;total;dones;població;;103
2023;Urús;total;total;població;;212
2023;Vacarisses;total;homes;població;;3847
2023;Vacarisses;total;dones;població;;3606
2023;Vacarisses;total;total;població;;7453
2023;Vajol, la;total;homes;població;;55
2023;Vajol, la;total;dones;població;;42
2023;Vajol, la;total;total;població;;97
2023;Vall d'en Bas, la;total;homes;població;;1597
2023;Vall d'en Bas, la;total;dones;població;;1580
2023;Vall d'en Bas, la;total;total;població;;3177
2023;Vall de Bianya, la;total;homes;població;;674
2023;Vall de Bianya, la;total;dones;població;;685
2023;Vall de Bianya, la;total;total;població;;1359
2023;Vall de Boí, la;total;homes;població;;590
2023;Vall de Boí, la;total;dones;població;;502
2023;Vall de Boí, la;total;total;població;;1092
2023;Vall de Cardós;total;homes;població;;212
2023;Vall de Cardós;total;dones;població;;171
2023;Vall de Cardós;total;total;població;;383
2023;Vallbona d'Anoia;total;homes;població;;733
2023;Vallbona d'Anoia;total;dones;població;;695
2023;Vallbona d'Anoia;total;total;població;;1428
2023;Vallbona de les Monges;total;homes;població;;115
2023;Vallbona de les Monges;total;dones;població;;107
2023;Vallbona de les Monges;total;total;població;;222
2023;Vallcebre;total;homes;població;;144
2023;Vallcebre;total;dones;població;;130
2023;Vallcebre;total;total;població;;274
2023;Vallclara;total;homes;població;;59
2023;Vallclara;total;dones;població;;36
2023;Vallclara;total;total;població;;95
2023;Vallfogona de Balaguer;total;homes;població;;1006
2023;Vallfogona de Balaguer;total;dones;població;;987
2023;Vallfogona de Balaguer;total;total;població;;1993
2023;Vallfogona de Ripollès;total;homes;població;;117
2023;Vallfogona de Ripollès;total;dones;població;;105
2023;Vallfogona de Ripollès;total;total;població;;222
2023;Vallfogona de Riucorb;total;homes;població;;54
2023;Vallfogona de Riucorb;total;dones;població;;39
2023;Vallfogona de Riucorb;total;total;població;;93
2023;Vallgorguina;total;homes;població;;1634
2023;Vallgorguina;total;dones;població;;1574
2023;Vallgorguina;total;total;població;;3208
2023;Vallirana;total;homes;població;;7877
2023;Vallirana;total;dones;població;;7918
2023;Vallirana;total;total;població;;15795
2023;Vall-llobrega;total;homes;població;;466
2023;Vall-llobrega;total;dones;població;;457
2023;Vall-llobrega;total;total;població;;923
2023;Vallmoll;total;homes;població;;978
2023;Vallmoll;total;dones;població;;963
2023;Vallmoll;total;total;població;;1941
2023;Vallromanes;total;homes;població;;1391
2023;Vallromanes;total;dones;població;;1318
2023;Vallromanes;total;total;població;;2709
2023;Valls;total;homes;població;;12598
2023;Valls;total;dones;població;;12356
2023;Valls;total;total;població;;24954
2023;Valls d'Aguilar, les;total;homes;població;;154
2023;Valls d'Aguilar, les;total;dones;població;;123
2023;Valls d'Aguilar, les;total;total;població;;277
2023;Valls de Valira, les;total;homes;població;;413
2023;Valls de Valira, les;total;dones;població;;374
2023;Valls de Valira, les;total;total;població;;787
2023;Vandellòs i l'Hospitalet de l'Infant;total;homes;població;;3457
2023;Vandellòs i l'Hospitalet de l'Infant;total;dones;població;;3519
2023;Vandellòs i l'Hospitalet de l'Infant;total;total;població;;6976
2023;Vansa i Fórnols, la;total;homes;població;;91
2023;Vansa i Fórnols, la;total;dones;població;;89
2023;Vansa i Fórnols, la;total;total;població;;180
2023;Veciana;total;homes;població;;105
2023;Veciana;total;dones;població;;79
2023;Veciana;total;total;població;;184
2023;Vendrell, el;total;homes;població;;19648
2023;Vendrell, el;total;dones;població;;20037
2023;Vendrell, el;total;total;població;;39685
2023;Ventalló;total;homes;població;;455
2023;Ventalló;total;dones;població;;454
2023;Ventalló;total;total;població;;909
2023;Verdú;total;homes;població;;416
2023;Verdú;total;dones;població;;469
2023;Verdú;total;total;població;;885
2023;Verges;total;homes;població;;574
2023;Verges;total;dones;població;;591
2023;Verges;total;total;població;;1165
2023;Vespella de Gaià;total;homes;població;;261
2023;Vespella de Gaià;total;dones;població;;234
2023;Vespella de Gaià;total;total;població;;495
2023;Vic;total;homes;població;;24434
2023;Vic;total;dones;població;;23801
2023;Vic;total;total;població;;48235
2023;Vidrà;total;homes;població;;89
2023;Vidrà;total;dones;població;;90
2023;Vidrà;total;total;població;;179
2023;Vidreres;total;homes;població;;4376
2023;Vidreres;total;dones;població;;4076
2023;Vidreres;total;total;població;;8452
2023;Vielha e Mijaran;total;homes;població;;2920
2023;Vielha e Mijaran;total;dones;població;;2820
2023;Vielha e Mijaran;total;total;població;;5740
2023;Vilabella;total;homes;població;;372
2023;Vilabella;total;dones;població;;357
2023;Vilabella;total;total;població;;729
2023;Vilabertran;total;homes;població;;499
2023;Vilabertran;total;dones;població;;495
2023;Vilabertran;total;total;població;;994
2023;Vilablareix;total;homes;població;;1753
2023;Vilablareix;total;dones;població;;1755
2023;Vilablareix;total;total;població;;3508
2023;Vilada;total;homes;població;;231
2023;Vilada;total;dones;població;;199
2023;Vilada;total;total;població;;430
2023;Viladamat;total;homes;població;;244
2023;Viladamat;total;dones;població;;241
2023;Viladamat;total;total;població;;485
2023;Viladasens;total;homes;població;;123
2023;Viladasens;total;dones;població;;99
2023;Viladasens;total;total;població;;222
2023;Viladecans;total;homes;població;;32859
2023;Viladecans;total;dones;població;;33756
2023;Viladecans;total;total;població;;66615
2023;Viladecavalls;total;homes;població;;3856
2023;Viladecavalls;total;dones;població;;3938
2023;Viladecavalls;total;total;població;;7794
2023;Vilademuls;total;homes;població;;432
2023;Vilademuls;total;dones;població;;406
2023;Vilademuls;total;total;població;;838
2023;Viladrau;total;homes;població;;567
2023;Viladrau;total;dones;població;;567
2023;Viladrau;total;total;població;;1134
2023;Vilafant;total;homes;població;;2785
2023;Vilafant;total;dones;població;;2839
2023;Vilafant;total;total;població;;5624
2023;Vilafranca del Penedès;total;homes;població;;19760
2023;Vilafranca del Penedès;total;dones;població;;20836
2023;Vilafranca del Penedès;total;total;població;;40596
2023;Vilagrassa;total;homes;població;;333
2023;Vilagrassa;total;dones;població;;291
2023;Vilagrassa;total;total;població;;624
2023;Vilajuïga;total;homes;població;;577
2023;Vilajuïga;total;dones;població;;584
2023;Vilajuïga;total;total;població;;1161
2023;Vilalba dels Arcs;total;homes;població;;315
2023;Vilalba dels Arcs;total;dones;població;;311
2023;Vilalba dels Arcs;total;total;població;;626
2023;Vilalba Sasserra;total;homes;població;;381
2023;Vilalba Sasserra;total;dones;població;;372
2023;Vilalba Sasserra;total;total;població;;753
2023;Vilaller;total;homes;població;;282
2023;Vilaller;total;dones;població;;228
2023;Vilaller;total;total;població;;510
2023;Vilallonga de Ter;total;homes;població;;220
2023;Vilallonga de Ter;total;dones;població;;181
2023;Vilallonga de Ter;total;total;població;;401
2023;Vilallonga del Camp;total;homes;població;;1227
2023;Vilallonga del Camp;total;dones;població;;1209
2023;Vilallonga del Camp;total;total;població;;2436
2023;Vilamacolum;total;homes;població;;214
2023;Vilamacolum;total;dones;població;;165
2023;Vilamacolum;total;total;població;;379
2023;Vilamalla;total;homes;població;;600
2023;Vilamalla;total;dones;població;;588
2023;Vilamalla;total;total;població;;1188
2023;Vilamaniscle;total;homes;població;;114
2023;Vilamaniscle;total;dones;població;;86
2023;Vilamaniscle;total;total;població;;200
2023;Vilamòs;total;homes;població;;96
2023;Vilamòs;total;dones;població;;77
2023;Vilamòs;total;total;població;;173
2023;Vilanant;total;homes;població;;199
2023;Vilanant;total;dones;població;;212
2023;Vilanant;total;total;població;;411
2023;Vilanova d'Escornalbou;total;homes;població;;306
2023;Vilanova d'Escornalbou;total;dones;població;;289
2023;Vilanova d'Escornalbou;total;total;població;;595
2023;Vilanova de Bellpuig;total;homes;població;;606
2023;Vilanova de Bellpuig;total;dones;població;;580
2023;Vilanova de Bellpuig;total;total;població;;1186
2023;Vilanova de l'Aguda;total;homes;població;;97
2023;Vilanova de l'Aguda;total;dones;població;;100
2023;Vilanova de l'Aguda;total;total;població;;197
2023;Vilanova de la Barca;total;homes;població;;596
2023;Vilanova de la Barca;total;dones;població;;494
2023;Vilanova de la Barca;total;total;població;;1090
2023;Vilanova de Meià;total;homes;població;;284
2023;Vilanova de Meià;total;dones;població;;160
2023;Vilanova de Meià;total;total;població;;444
2023;Vilanova de Prades;total;homes;població;;60
2023;Vilanova de Prades;total;dones;població;;54
2023;Vilanova de Prades;total;total;població;;114
2023;Vilanova de Sau;total;homes;població;;146
2023;Vilanova de Sau;total;dones;població;;163
2023;Vilanova de Sau;total;total;població;;309
2023;Vilanova de Segrià;total;homes;població;;561
2023;Vilanova de Segrià;total;dones;població;;483
2023;Vilanova de Segrià;total;total;població;;1044
2023;Vilanova del Camí;total;homes;població;;6393
2023;Vilanova del Camí;total;dones;població;;6364
2023;Vilanova del Camí;total;total;població;;12757
2023;Vilanova del Vallès;total;homes;població;;2846
2023;Vilanova del Vallès;total;dones;població;;2762
2023;Vilanova del Vallès;total;total;població;;5608
2023;Vilanova i la Geltrú;total;homes;població;;33236
2023;Vilanova i la Geltrú;total;dones;població;;35532
2023;Vilanova i la Geltrú;total;total;població;;68768
2023;Vilaplana;total;homes;població;;298
2023;Vilaplana;total;dones;població;;259
2023;Vilaplana;total;total;població;;557
2023;Vila-rodona;total;homes;població;;724
2023;Vila-rodona;total;dones;població;;641
2023;Vila-rodona;total;total;població;;1365
2023;Vila-sacra;total;homes;població;;384
2023;Vila-sacra;total;dones;població;;415
2023;Vila-sacra;total;total;població;;799
2023;Vila-sana;total;homes;població;;383
2023;Vila-sana;total;dones;població;;377
2023;Vila-sana;total;total;població;;760
2023;Vila-seca;total;homes;població;;11782
2023;Vila-seca;total;dones;població;;11677
2023;Vila-seca;total;total;població;;23459
2023;Vilassar de Dalt;total;homes;població;;4567
2023;Vilassar de Dalt;total;dones;població;;4687
2023;Vilassar de Dalt;total;total;població;;9254
2023;Vilassar de Mar;total;homes;població;;10074
2023;Vilassar de Mar;total;dones;població;;10965
2023;Vilassar de Mar;total;total;població;;21039
2023;Vilaür;total;homes;població;;89
2023;Vilaür;total;dones;població;;79
2023;Vilaür;total;total;població;;168
2023;Vilaverd;total;homes;població;;254
2023;Vilaverd;total;dones;població;;223
2023;Vilaverd;total;total;població;;477
2023;Vilella Alta, la;total;homes;població;;73
2023;Vilella Alta, la;total;dones;població;;57
2023;Vilella Alta, la;total;total;població;;130
2023;Vilella Baixa, la;total;homes;població;;113
2023;Vilella Baixa, la;total;dones;població;;88
2023;Vilella Baixa, la;total;total;població;;201
2023;Vilobí d'Onyar;total;homes;població;;1700
2023;Vilobí d'Onyar;total;dones;població;;1569
2023;Vilobí d'Onyar;total;total;població;;3269
2023;Vilobí del Penedès;total;homes;població;;585
2023;Vilobí del Penedès;total;dones;població;;557
2023;Vilobí del Penedès;total;total;població;;1142
2023;Vilopriu;total;homes;població;;110
2023;Vilopriu;total;dones;població;;100
2023;Vilopriu;total;total;població;;210
2023;Vilosell, el;total;homes;població;;100
2023;Vilosell, el;total;dones;població;;91
2023;Vilosell, el;total;total;població;;191
2023;Vimbodí i Poblet;total;homes;població;;485
2023;Vimbodí i Poblet;total;dones;població;;420
2023;Vimbodí i Poblet;total;total;població;;905
2023;Vinaixa;total;homes;població;;232
2023;Vinaixa;total;dones;població;;214
2023;Vinaixa;total;total;població;;446
2023;Vinebre;total;homes;població;;215
2023;Vinebre;total;dones;població;;195
2023;Vinebre;total;total;població;;410
2023;Vinyols i els Arcs;total;homes;població;;1225
2023;Vinyols i els Arcs;total;dones;població;;1126
2023;Vinyols i els Arcs;total;total;població;;2351
2023;Viver i Serrateix;total;homes;població;;90
2023;Viver i Serrateix;total;dones;població;;84
2023;Viver i Serrateix;total;total;població;;174
2023;Xerta;total;homes;població;;571
2023;Xerta;total;dones;població;;590
2023;Xerta;total;total;població;;1161
2023;Catalunya;total;homes;població;;3887223
2023;Catalunya;total;dones;població;;4014740
2023;Catalunya;total;total;població;;7901963
