any;municipi;concepte;indicador;estat;valor
2017;Abrera;renda familiar disponible bruta;valor (milers €);;213583
2017;Abrera;renda familiar disponible bruta;per habitant (€);;17437
2017;Abrera;renda familiar disponible bruta;per habitant (índex Catalunya=100);;99,8
2017;Agramunt;renda familiar disponible bruta;valor (milers €);;81181
2017;Agramunt;renda familiar disponible bruta;per habitant (€);;15115
2017;Agramunt;renda familiar disponible bruta;per habitant (índex Catalunya=100);;86,5
2017;Aiguafreda;renda familiar disponible bruta;valor (milers €);;43780
2017;Aiguafreda;renda familiar disponible bruta;per habitant (€);;17514
2017;Aiguafreda;renda familiar disponible bruta;per habitant (índex Catalunya=100);;100,2
2017;Aitona;renda familiar disponible bruta;valor (milers €);;29516
2017;Aitona;renda familiar disponible bruta;per habitant (€);;11808
2017;Aitona;renda familiar disponible bruta;per habitant (índex Catalunya=100);;67,6
2017;Albatàrrec;renda familiar disponible bruta;valor (milers €);;27408
2017;Albatàrrec;renda familiar disponible bruta;per habitant (€);;12113
2017;Albatàrrec;renda familiar disponible bruta;per habitant (índex Catalunya=100);;69,3
2017;Albesa;renda familiar disponible bruta;valor (milers €);;22227
2017;Albesa;renda familiar disponible bruta;per habitant (€);;14247
2017;Albesa;renda familiar disponible bruta;per habitant (índex Catalunya=100);;81,5
2017;Albinyana;renda familiar disponible bruta;valor (milers €);;31584
2017;Albinyana;renda familiar disponible bruta;per habitant (€);;13469
2017;Albinyana;renda familiar disponible bruta;per habitant (índex Catalunya=100);;77,1
2017;Alcanar;renda familiar disponible bruta;valor (milers €);;118232
2017;Alcanar;renda familiar disponible bruta;per habitant (€);;12458
2017;Alcanar;renda familiar disponible bruta;per habitant (índex Catalunya=100);;71,3
2017;Alcarràs;renda familiar disponible bruta;valor (milers €);;115465
2017;Alcarràs;renda familiar disponible bruta;per habitant (€);;12523
2017;Alcarràs;renda familiar disponible bruta;per habitant (índex Catalunya=100);;71,7
2017;Alcoletge;renda familiar disponible bruta;valor (milers €);;45109
2017;Alcoletge;renda familiar disponible bruta;per habitant (€);;13448
2017;Alcoletge;renda familiar disponible bruta;per habitant (índex Catalunya=100);;77
2017;Alcover;renda familiar disponible bruta;valor (milers €);;75264
2017;Alcover;renda familiar disponible bruta;per habitant (€);;14632
2017;Alcover;renda familiar disponible bruta;per habitant (índex Catalunya=100);;83,7
2017;Aldea, l';renda familiar disponible bruta;valor (milers €);;52648
2017;Aldea, l';renda familiar disponible bruta;per habitant (€);;12717
2017;Aldea, l';renda familiar disponible bruta;per habitant (índex Catalunya=100);;72,8
2017;Alella;renda familiar disponible bruta;valor (milers €);;262301
2017;Alella;renda familiar disponible bruta;per habitant (€);;27406
2017;Alella;renda familiar disponible bruta;per habitant (índex Catalunya=100);;156,9
2017;Alfarràs;renda familiar disponible bruta;valor (milers €);;36721
2017;Alfarràs;renda familiar disponible bruta;per habitant (€);;13123
2017;Alfarràs;renda familiar disponible bruta;per habitant (índex Catalunya=100);;75,1
2017;Alforja;renda familiar disponible bruta;valor (milers €);;22585
2017;Alforja;renda familiar disponible bruta;per habitant (€);;12515
2017;Alforja;renda familiar disponible bruta;per habitant (índex Catalunya=100);;71,6
2017;Alguaire;renda familiar disponible bruta;valor (milers €);;41518
2017;Alguaire;renda familiar disponible bruta;per habitant (€);;14320
2017;Alguaire;renda familiar disponible bruta;per habitant (índex Catalunya=100);;82
2017;Almacelles;renda familiar disponible bruta;valor (milers €);;90680
2017;Almacelles;renda familiar disponible bruta;per habitant (€);;13539
2017;Almacelles;renda familiar disponible bruta;per habitant (índex Catalunya=100);;77,5
2017;Almenar;renda familiar disponible bruta;valor (milers €);;46409
2017;Almenar;renda familiar disponible bruta;per habitant (€);;13662
2017;Almenar;renda familiar disponible bruta;per habitant (índex Catalunya=100);;78,2
2017;Almoster;renda familiar disponible bruta;valor (milers €);;27057
2017;Almoster;renda familiar disponible bruta;per habitant (€);;19896
2017;Almoster;renda familiar disponible bruta;per habitant (índex Catalunya=100);;113,9
2017;Alp;renda familiar disponible bruta;valor (milers €);;23399
2017;Alp;renda familiar disponible bruta;per habitant (€);;15329
2017;Alp;renda familiar disponible bruta;per habitant (índex Catalunya=100);;87,7
2017;Alpicat;renda familiar disponible bruta;valor (milers €);;110675
2017;Alpicat;renda familiar disponible bruta;per habitant (€);;18017
2017;Alpicat;renda familiar disponible bruta;per habitant (índex Catalunya=100);;103,1
2017;Altafulla;renda familiar disponible bruta;valor (milers €);;89487
2017;Altafulla;renda familiar disponible bruta;per habitant (€);;17493
2017;Altafulla;renda familiar disponible bruta;per habitant (índex Catalunya=100);;100,1
2017;Amer;renda familiar disponible bruta;valor (milers €);;37961
2017;Amer;renda familiar disponible bruta;per habitant (€);;17124
2017;Amer;renda familiar disponible bruta;per habitant (índex Catalunya=100);;98
2017;Ametlla de Mar, l';renda familiar disponible bruta;valor (milers €);;84476
2017;Ametlla de Mar, l';renda familiar disponible bruta;per habitant (€);;12445
2017;Ametlla de Mar, l';renda familiar disponible bruta;per habitant (índex Catalunya=100);;71,2
2017;Ametlla del Vallès, l';renda familiar disponible bruta;valor (milers €);;182200
2017;Ametlla del Vallès, l';renda familiar disponible bruta;per habitant (€);;21675
2017;Ametlla del Vallès, l';renda familiar disponible bruta;per habitant (índex Catalunya=100);;124,1
2017;Ampolla, l';renda familiar disponible bruta;valor (milers €);;43532
2017;Ampolla, l';renda familiar disponible bruta;per habitant (€);;13272
2017;Ampolla, l';renda familiar disponible bruta;per habitant (índex Catalunya=100);;76
2017;Amposta;renda familiar disponible bruta;valor (milers €);;261984
2017;Amposta;renda familiar disponible bruta;per habitant (€);;12600
2017;Amposta;renda familiar disponible bruta;per habitant (índex Catalunya=100);;72,1
2017;Anglès;renda familiar disponible bruta;valor (milers €);;80959
2017;Anglès;renda familiar disponible bruta;per habitant (€);;14936
2017;Anglès;renda familiar disponible bruta;per habitant (índex Catalunya=100);;85,5
2017;Anglesola;renda familiar disponible bruta;valor (milers €);;18938
2017;Anglesola;renda familiar disponible bruta;per habitant (€);;14357
2017;Anglesola;renda familiar disponible bruta;per habitant (índex Catalunya=100);;82,2
2017;Arbeca;renda familiar disponible bruta;valor (milers €);;29146
2017;Arbeca;renda familiar disponible bruta;per habitant (€);;13223
2017;Arbeca;renda familiar disponible bruta;per habitant (índex Catalunya=100);;75,7
2017;Arboç, l';renda familiar disponible bruta;valor (milers €);;71460
2017;Arboç, l';renda familiar disponible bruta;per habitant (€);;13059
2017;Arboç, l';renda familiar disponible bruta;per habitant (índex Catalunya=100);;74,7
2017;Arbúcies;renda familiar disponible bruta;valor (milers €);;89788
2017;Arbúcies;renda familiar disponible bruta;per habitant (€);;14077
2017;Arbúcies;renda familiar disponible bruta;per habitant (índex Catalunya=100);;80,6
2017;Arenys de Mar;renda familiar disponible bruta;valor (milers €);;260045
2017;Arenys de Mar;renda familiar disponible bruta;per habitant (€);;17048
2017;Arenys de Mar;renda familiar disponible bruta;per habitant (índex Catalunya=100);;97,6
2017;Arenys de Munt;renda familiar disponible bruta;valor (milers €);;152299
2017;Arenys de Munt;renda familiar disponible bruta;per habitant (€);;17564
2017;Arenys de Munt;renda familiar disponible bruta;per habitant (índex Catalunya=100);;100,5
2017;Argentona;renda familiar disponible bruta;valor (milers €);;218039
2017;Argentona;renda familiar disponible bruta;per habitant (€);;18082
2017;Argentona;renda familiar disponible bruta;per habitant (índex Catalunya=100);;103,5
2017;Armentera, l';renda familiar disponible bruta;valor (milers €);;13990
2017;Armentera, l';renda familiar disponible bruta;per habitant (€);;15202
2017;Armentera, l';renda familiar disponible bruta;per habitant (índex Catalunya=100);;87
2017;Artés;renda familiar disponible bruta;valor (milers €);;92911
2017;Artés;renda familiar disponible bruta;per habitant (€);;16692
2017;Artés;renda familiar disponible bruta;per habitant (índex Catalunya=100);;95,5
2017;Artesa de Lleida;renda familiar disponible bruta;valor (milers €);;22484
2017;Artesa de Lleida;renda familiar disponible bruta;per habitant (€);;14946
2017;Artesa de Lleida;renda familiar disponible bruta;per habitant (índex Catalunya=100);;85,5
2017;Artesa de Segre;renda familiar disponible bruta;valor (milers €);;47683
2017;Artesa de Segre;renda familiar disponible bruta;per habitant (€);;13878
2017;Artesa de Segre;renda familiar disponible bruta;per habitant (índex Catalunya=100);;79,4
2017;Ascó;renda familiar disponible bruta;valor (milers €);;26144
2017;Ascó;renda familiar disponible bruta;per habitant (€);;15743
2017;Ascó;renda familiar disponible bruta;per habitant (índex Catalunya=100);;90,1
2017;Avià;renda familiar disponible bruta;valor (milers €);;37972
2017;Avià;renda familiar disponible bruta;per habitant (€);;16926
2017;Avià;renda familiar disponible bruta;per habitant (índex Catalunya=100);;96,9
2017;Avinyó;renda familiar disponible bruta;valor (milers €);;36487
2017;Avinyó;renda familiar disponible bruta;per habitant (€);;16399
2017;Avinyó;renda familiar disponible bruta;per habitant (índex Catalunya=100);;93,9
2017;Avinyonet de Puigventós;renda familiar disponible bruta;valor (milers €);;25518
2017;Avinyonet de Puigventós;renda familiar disponible bruta;per habitant (€);;16504
2017;Avinyonet de Puigventós;renda familiar disponible bruta;per habitant (índex Catalunya=100);;94,5
2017;Avinyonet del Penedès;renda familiar disponible bruta;valor (milers €);;20508
2017;Avinyonet del Penedès;renda familiar disponible bruta;per habitant (€);;12398
2017;Avinyonet del Penedès;renda familiar disponible bruta;per habitant (índex Catalunya=100);;71
2017;Badalona;renda familiar disponible bruta;valor (milers €);;3520295
2017;Badalona;renda familiar disponible bruta;per habitant (€);;16369
2017;Badalona;renda familiar disponible bruta;per habitant (índex Catalunya=100);;93,7
2017;Badia del Vallès;renda familiar disponible bruta;valor (milers €);;168674
2017;Badia del Vallès;renda familiar disponible bruta;per habitant (€);;12579
2017;Badia del Vallès;renda familiar disponible bruta;per habitant (índex Catalunya=100);;72
2017;Bagà;renda familiar disponible bruta;valor (milers €);;37489
2017;Bagà;renda familiar disponible bruta;per habitant (€);;17480
2017;Bagà;renda familiar disponible bruta;per habitant (índex Catalunya=100);;100
2017;Balaguer;renda familiar disponible bruta;valor (milers €);;220021
2017;Balaguer;renda familiar disponible bruta;per habitant (€);;13291
2017;Balaguer;renda familiar disponible bruta;per habitant (índex Catalunya=100);;76,1
2017;Balenyà;renda familiar disponible bruta;valor (milers €);;59136
2017;Balenyà;renda familiar disponible bruta;per habitant (€);;16060
2017;Balenyà;renda familiar disponible bruta;per habitant (índex Catalunya=100);;91,9
2017;Balsareny;renda familiar disponible bruta;valor (milers €);;53495
2017;Balsareny;renda familiar disponible bruta;per habitant (€);;16751
2017;Balsareny;renda familiar disponible bruta;per habitant (índex Catalunya=100);;95,9
2017;Banyeres del Penedès;renda familiar disponible bruta;valor (milers €);;48123
2017;Banyeres del Penedès;renda familiar disponible bruta;per habitant (€);;15471
2017;Banyeres del Penedès;renda familiar disponible bruta;per habitant (índex Catalunya=100);;88,6
2017;Banyoles;renda familiar disponible bruta;valor (milers €);;315953
2017;Banyoles;renda familiar disponible bruta;per habitant (€);;16289
2017;Banyoles;renda familiar disponible bruta;per habitant (índex Catalunya=100);;93,2
2017;Barberà del Vallès;renda familiar disponible bruta;valor (milers €);;560085
2017;Barberà del Vallès;renda familiar disponible bruta;per habitant (€);;17091
2017;Barberà del Vallès;renda familiar disponible bruta;per habitant (índex Catalunya=100);;97,8
2017;Barcelona;renda familiar disponible bruta;valor (milers €);;34356010
2017;Barcelona;renda familiar disponible bruta;per habitant (€);;21371
2017;Barcelona;renda familiar disponible bruta;per habitant (índex Catalunya=100);;122,3
2017;Bàscara;renda familiar disponible bruta;valor (milers €);;14857
2017;Bàscara;renda familiar disponible bruta;per habitant (€);;15309
2017;Bàscara;renda familiar disponible bruta;per habitant (índex Catalunya=100);;87,6
2017;Batea;renda familiar disponible bruta;valor (milers €);;24637
2017;Batea;renda familiar disponible bruta;per habitant (€);;12956
2017;Batea;renda familiar disponible bruta;per habitant (índex Catalunya=100);;74,2
2017;Begues;renda familiar disponible bruta;valor (milers €);;148992
2017;Begues;renda familiar disponible bruta;per habitant (€);;21783
2017;Begues;renda familiar disponible bruta;per habitant (índex Catalunya=100);;124,7
2017;Begur;renda familiar disponible bruta;valor (milers €);;62097
2017;Begur;renda familiar disponible bruta;per habitant (€);;16047
2017;Begur;renda familiar disponible bruta;per habitant (índex Catalunya=100);;91,8
2017;Bellcaire d'Urgell;renda familiar disponible bruta;valor (milers €);;18893
2017;Bellcaire d'Urgell;renda familiar disponible bruta;per habitant (€);;15365
2017;Bellcaire d'Urgell;renda familiar disponible bruta;per habitant (índex Catalunya=100);;87,9
2017;Bell-lloc d'Urgell;renda familiar disponible bruta;valor (milers €);;38433
2017;Bell-lloc d'Urgell;renda familiar disponible bruta;per habitant (€);;16574
2017;Bell-lloc d'Urgell;renda familiar disponible bruta;per habitant (índex Catalunya=100);;94,9
2017;Bellpuig;renda familiar disponible bruta;valor (milers €);;69101
2017;Bellpuig;renda familiar disponible bruta;per habitant (€);;13831
2017;Bellpuig;renda familiar disponible bruta;per habitant (índex Catalunya=100);;79,2
2017;Bellvei;renda familiar disponible bruta;valor (milers €);;27685
2017;Bellvei;renda familiar disponible bruta;per habitant (€);;12690
2017;Bellvei;renda familiar disponible bruta;per habitant (índex Catalunya=100);;72,6
2017;Bellver de Cerdanya;renda familiar disponible bruta;valor (milers €);;32149
2017;Bellver de Cerdanya;renda familiar disponible bruta;per habitant (€);;16294
2017;Bellver de Cerdanya;renda familiar disponible bruta;per habitant (índex Catalunya=100);;93,3
2017;Bellvís;renda familiar disponible bruta;valor (milers €);;31463
2017;Bellvís;renda familiar disponible bruta;per habitant (€);;13771
2017;Bellvís;renda familiar disponible bruta;per habitant (índex Catalunya=100);;78,8
2017;Benavent de Segrià;renda familiar disponible bruta;valor (milers €);;24724
2017;Benavent de Segrià;renda familiar disponible bruta;per habitant (€);;17310
2017;Benavent de Segrià;renda familiar disponible bruta;per habitant (índex Catalunya=100);;99,1
2017;Benissanet;renda familiar disponible bruta;valor (milers €);;14473
2017;Benissanet;renda familiar disponible bruta;per habitant (€);;12670
2017;Benissanet;renda familiar disponible bruta;per habitant (índex Catalunya=100);;72,5
2017;Berga;renda familiar disponible bruta;valor (milers €);;269372
2017;Berga;renda familiar disponible bruta;per habitant (€);;16717
2017;Berga;renda familiar disponible bruta;per habitant (índex Catalunya=100);;95,7
2017;Besalú;renda familiar disponible bruta;valor (milers €);;42343
2017;Besalú;renda familiar disponible bruta;per habitant (€);;17572
2017;Besalú;renda familiar disponible bruta;per habitant (índex Catalunya=100);;100,6
2017;Bescanó;renda familiar disponible bruta;valor (milers €);;85031
2017;Bescanó;renda familiar disponible bruta;per habitant (€);;17657
2017;Bescanó;renda familiar disponible bruta;per habitant (índex Catalunya=100);;101,1
2017;Bigues i Riells del Fai;renda familiar disponible bruta;valor (milers €);;165107
2017;Bigues i Riells del Fai;renda familiar disponible bruta;per habitant (€);;18443
2017;Bigues i Riells del Fai;renda familiar disponible bruta;per habitant (índex Catalunya=100);;105,6
2017;Bisbal d'Empordà, la;renda familiar disponible bruta;valor (milers €);;146428
2017;Bisbal d'Empordà, la;renda familiar disponible bruta;per habitant (€);;13760
2017;Bisbal d'Empordà, la;renda familiar disponible bruta;per habitant (índex Catalunya=100);;78,8
2017;Bisbal del Penedès, la;renda familiar disponible bruta;valor (milers €);;46083
2017;Bisbal del Penedès, la;renda familiar disponible bruta;per habitant (€);;13371
2017;Bisbal del Penedès, la;renda familiar disponible bruta;per habitant (índex Catalunya=100);;76,5
2017;Blanes;renda familiar disponible bruta;valor (milers €);;545028
2017;Blanes;renda familiar disponible bruta;per habitant (€);;14250
2017;Blanes;renda familiar disponible bruta;per habitant (índex Catalunya=100);;81,6
2017;Bordils;renda familiar disponible bruta;valor (milers €);;30314
2017;Bordils;renda familiar disponible bruta;per habitant (€);;18305
2017;Bordils;renda familiar disponible bruta;per habitant (índex Catalunya=100);;104,8
2017;Borges Blanques, les;renda familiar disponible bruta;valor (milers €);;86388
2017;Borges Blanques, les;renda familiar disponible bruta;per habitant (€);;14339
2017;Borges Blanques, les;renda familiar disponible bruta;per habitant (índex Catalunya=100);;82,1
2017;Borges del Camp, les;renda familiar disponible bruta;valor (milers €);;31507
2017;Borges del Camp, les;renda familiar disponible bruta;per habitant (€);;15054
2017;Borges del Camp, les;renda familiar disponible bruta;per habitant (índex Catalunya=100);;86,2
2017;Bossòst;renda familiar disponible bruta;valor (milers €);;18114
2017;Bossòst;renda familiar disponible bruta;per habitant (€);;16453
2017;Bossòst;renda familiar disponible bruta;per habitant (índex Catalunya=100);;94,2
2017;Botarell;renda familiar disponible bruta;valor (milers €);;18188
2017;Botarell;renda familiar disponible bruta;per habitant (€);;16830
2017;Botarell;renda familiar disponible bruta;per habitant (índex Catalunya=100);;96,3
2017;Breda;renda familiar disponible bruta;valor (milers €);;55345
2017;Breda;renda familiar disponible bruta;per habitant (€);;15027
2017;Breda;renda familiar disponible bruta;per habitant (índex Catalunya=100);;86
2017;Bruc, el;renda familiar disponible bruta;valor (milers €);;40014
2017;Bruc, el;renda familiar disponible bruta;per habitant (€);;19918
2017;Bruc, el;renda familiar disponible bruta;per habitant (índex Catalunya=100);;114
2017;Cabanyes, les;renda familiar disponible bruta;valor (milers €);;16791
2017;Cabanyes, les;renda familiar disponible bruta;per habitant (€);;17638
2017;Cabanyes, les;renda familiar disponible bruta;per habitant (índex Catalunya=100);;101
2017;Cabra del Camp;renda familiar disponible bruta;valor (milers €);;14443
2017;Cabra del Camp;renda familiar disponible bruta;per habitant (€);;12693
2017;Cabra del Camp;renda familiar disponible bruta;per habitant (índex Catalunya=100);;72,6
2017;Cabrera d'Anoia;renda familiar disponible bruta;valor (milers €);;19841
2017;Cabrera d'Anoia;renda familiar disponible bruta;per habitant (€);;14472
2017;Cabrera d'Anoia;renda familiar disponible bruta;per habitant (índex Catalunya=100);;82,8
2017;Cabrera de Mar;renda familiar disponible bruta;valor (milers €);;107713
2017;Cabrera de Mar;renda familiar disponible bruta;per habitant (€);;23569
2017;Cabrera de Mar;renda familiar disponible bruta;per habitant (índex Catalunya=100);;134,9
2017;Cabrils;renda familiar disponible bruta;valor (milers €);;176719
2017;Cabrils;renda familiar disponible bruta;per habitant (€);;24446
2017;Cabrils;renda familiar disponible bruta;per habitant (índex Catalunya=100);;139,9
2017;Cadaqués;renda familiar disponible bruta;valor (milers €);;36954
2017;Cadaqués;renda familiar disponible bruta;per habitant (€);;13656
2017;Cadaqués;renda familiar disponible bruta;per habitant (índex Catalunya=100);;78,2
2017;Calaf;renda familiar disponible bruta;valor (milers €);;56443
2017;Calaf;renda familiar disponible bruta;per habitant (€);;16060
2017;Calaf;renda familiar disponible bruta;per habitant (índex Catalunya=100);;91,9
2017;Calafell;renda familiar disponible bruta;valor (milers €);;346420
2017;Calafell;renda familiar disponible bruta;per habitant (€);;13825
2017;Calafell;renda familiar disponible bruta;per habitant (índex Catalunya=100);;79,1
2017;Calders;renda familiar disponible bruta;valor (milers €);;17666
2017;Calders;renda familiar disponible bruta;per habitant (€);;18649
2017;Calders;renda familiar disponible bruta;per habitant (índex Catalunya=100);;106,7
2017;Caldes d'Estrac;renda familiar disponible bruta;valor (milers €);;51477
2017;Caldes d'Estrac;renda familiar disponible bruta;per habitant (€);;18353
2017;Caldes d'Estrac;renda familiar disponible bruta;per habitant (índex Catalunya=100);;105
2017;Caldes de Malavella;renda familiar disponible bruta;valor (milers €);;118975
2017;Caldes de Malavella;renda familiar disponible bruta;per habitant (€);;16301
2017;Caldes de Malavella;renda familiar disponible bruta;per habitant (índex Catalunya=100);;93,3
2017;Caldes de Montbui;renda familiar disponible bruta;valor (milers €);;307747
2017;Caldes de Montbui;renda familiar disponible bruta;per habitant (€);;17825
2017;Caldes de Montbui;renda familiar disponible bruta;per habitant (índex Catalunya=100);;102
2017;Calella;renda familiar disponible bruta;valor (milers €);;269696
2017;Calella;renda familiar disponible bruta;per habitant (€);;14683
2017;Calella;renda familiar disponible bruta;per habitant (índex Catalunya=100);;84
2017;Calldetenes;renda familiar disponible bruta;valor (milers €);;41306
2017;Calldetenes;renda familiar disponible bruta;per habitant (€);;16902
2017;Calldetenes;renda familiar disponible bruta;per habitant (índex Catalunya=100);;96,7
2017;Callús;renda familiar disponible bruta;valor (milers €);;32603
2017;Callús;renda familiar disponible bruta;per habitant (€);;15809
2017;Callús;renda familiar disponible bruta;per habitant (índex Catalunya=100);;90,5
2017;Calonge i Sant Antoni;renda familiar disponible bruta;valor (milers €);;152034
2017;Calonge i Sant Antoni;renda familiar disponible bruta;per habitant (€);;14243
2017;Calonge i Sant Antoni;renda familiar disponible bruta;per habitant (índex Catalunya=100);;81,5
2017;Camarles;renda familiar disponible bruta;valor (milers €);;41087
2017;Camarles;renda familiar disponible bruta;per habitant (€);;12653
2017;Camarles;renda familiar disponible bruta;per habitant (índex Catalunya=100);;72,4
2017;Cambrils;renda familiar disponible bruta;valor (milers €);;518025
2017;Cambrils;renda familiar disponible bruta;per habitant (€);;15549
2017;Cambrils;renda familiar disponible bruta;per habitant (índex Catalunya=100);;89
2017;Campdevànol;renda familiar disponible bruta;valor (milers €);;57715
2017;Campdevànol;renda familiar disponible bruta;per habitant (€);;17989
2017;Campdevànol;renda familiar disponible bruta;per habitant (índex Catalunya=100);;103
2017;Camprodon;renda familiar disponible bruta;valor (milers €);;38263
2017;Camprodon;renda familiar disponible bruta;per habitant (€);;17182
2017;Camprodon;renda familiar disponible bruta;per habitant (índex Catalunya=100);;98,3
2017;Canet de Mar;renda familiar disponible bruta;valor (milers €);;239833
2017;Canet de Mar;renda familiar disponible bruta;per habitant (€);;16750
2017;Canet de Mar;renda familiar disponible bruta;per habitant (índex Catalunya=100);;95,9
2017;Canonja, la;renda familiar disponible bruta;valor (milers €);;81499
2017;Canonja, la;renda familiar disponible bruta;per habitant (€);;13966
2017;Canonja, la;renda familiar disponible bruta;per habitant (índex Catalunya=100);;79,9
2017;Canovelles;renda familiar disponible bruta;valor (milers €);;227427
2017;Canovelles;renda familiar disponible bruta;per habitant (€);;14055
2017;Canovelles;renda familiar disponible bruta;per habitant (índex Catalunya=100);;80,4
2017;Cànoves i Samalús;renda familiar disponible bruta;valor (milers €);;51649
2017;Cànoves i Samalús;renda familiar disponible bruta;per habitant (€);;17559
2017;Cànoves i Samalús;renda familiar disponible bruta;per habitant (índex Catalunya=100);;100,5
2017;Canyelles;renda familiar disponible bruta;valor (milers €);;77369
2017;Canyelles;renda familiar disponible bruta;per habitant (€);;17728
2017;Canyelles;renda familiar disponible bruta;per habitant (índex Catalunya=100);;101,5
2017;Capellades;renda familiar disponible bruta;valor (milers €);;83927
2017;Capellades;renda familiar disponible bruta;per habitant (€);;16073
2017;Capellades;renda familiar disponible bruta;per habitant (índex Catalunya=100);;92
2017;Cardedeu;renda familiar disponible bruta;valor (milers €);;316454
2017;Cardedeu;renda familiar disponible bruta;per habitant (€);;17453
2017;Cardedeu;renda familiar disponible bruta;per habitant (índex Catalunya=100);;99,9
2017;Cardona;renda familiar disponible bruta;valor (milers €);;78409
2017;Cardona;renda familiar disponible bruta;per habitant (€);;16869
2017;Cardona;renda familiar disponible bruta;per habitant (índex Catalunya=100);;96,6
2017;Cassà de la Selva;renda familiar disponible bruta;valor (milers €);;163592
2017;Cassà de la Selva;renda familiar disponible bruta;per habitant (€);;16284
2017;Cassà de la Selva;renda familiar disponible bruta;per habitant (índex Catalunya=100);;93,2
2017;Casserres;renda familiar disponible bruta;valor (milers €);;26387
2017;Casserres;renda familiar disponible bruta;per habitant (€);;16912
2017;Casserres;renda familiar disponible bruta;per habitant (índex Catalunya=100);;96,8
2017;Castell d'Aro, Platja d'Aro i s'Agaró;renda familiar disponible bruta;valor (milers €);;137954
2017;Castell d'Aro, Platja d'Aro i s'Agaró;renda familiar disponible bruta;per habitant (€);;13243
2017;Castell d'Aro, Platja d'Aro i s'Agaró;renda familiar disponible bruta;per habitant (índex Catalunya=100);;75,8
2017;Castellar del Vallès;renda familiar disponible bruta;valor (milers €);;428419
2017;Castellar del Vallès;renda familiar disponible bruta;per habitant (€);;17964
2017;Castellar del Vallès;renda familiar disponible bruta;per habitant (índex Catalunya=100);;102,8
2017;Castellbell i el Vilar;renda familiar disponible bruta;valor (milers €);;55817
2017;Castellbell i el Vilar;renda familiar disponible bruta;per habitant (€);;15608
2017;Castellbell i el Vilar;renda familiar disponible bruta;per habitant (índex Catalunya=100);;89,3
2017;Castellbisbal;renda familiar disponible bruta;valor (milers €);;213479
2017;Castellbisbal;renda familiar disponible bruta;per habitant (€);;17378
2017;Castellbisbal;renda familiar disponible bruta;per habitant (índex Catalunya=100);;99,5
2017;Castelldefels;renda familiar disponible bruta;valor (milers €);;1459756
2017;Castelldefels;renda familiar disponible bruta;per habitant (€);;22243
2017;Castelldefels;renda familiar disponible bruta;per habitant (índex Catalunya=100);;127,3
2017;Castellet i la Gornal;renda familiar disponible bruta;valor (milers €);;34531
2017;Castellet i la Gornal;renda familiar disponible bruta;per habitant (€);;15480
2017;Castellet i la Gornal;renda familiar disponible bruta;per habitant (índex Catalunya=100);;88,6
2017;Castellgalí;renda familiar disponible bruta;valor (milers €);;32349
2017;Castellgalí;renda familiar disponible bruta;per habitant (€);;16040
2017;Castellgalí;renda familiar disponible bruta;per habitant (índex Catalunya=100);;91,8
2017;Castellnou de Bages;renda familiar disponible bruta;valor (milers €);;23906
2017;Castellnou de Bages;renda familiar disponible bruta;per habitant (€);;18400
2017;Castellnou de Bages;renda familiar disponible bruta;per habitant (índex Catalunya=100);;105,3
2017;Castelló d'Empúries;renda familiar disponible bruta;valor (milers €);;127875
2017;Castelló d'Empúries;renda familiar disponible bruta;per habitant (€);;12127
2017;Castelló d'Empúries;renda familiar disponible bruta;per habitant (índex Catalunya=100);;69,4
2017;Castellterçol;renda familiar disponible bruta;valor (milers €);;38742
2017;Castellterçol;renda familiar disponible bruta;per habitant (€);;16284
2017;Castellterçol;renda familiar disponible bruta;per habitant (índex Catalunya=100);;93,2
2017;Castellvell del Camp;renda familiar disponible bruta;valor (milers €);;55087
2017;Castellvell del Camp;renda familiar disponible bruta;per habitant (€);;19152
2017;Castellvell del Camp;renda familiar disponible bruta;per habitant (índex Catalunya=100);;109,6
2017;Castellví de la Marca;renda familiar disponible bruta;valor (milers €);;24008
2017;Castellví de la Marca;renda familiar disponible bruta;per habitant (€);;15614
2017;Castellví de la Marca;renda familiar disponible bruta;per habitant (índex Catalunya=100);;89,4
2017;Castellví de Rosanes;renda familiar disponible bruta;valor (milers €);;34114
2017;Castellví de Rosanes;renda familiar disponible bruta;per habitant (€);;18636
2017;Castellví de Rosanes;renda familiar disponible bruta;per habitant (índex Catalunya=100);;106,7
2017;Catllar, el;renda familiar disponible bruta;valor (milers €);;80050
2017;Catllar, el;renda familiar disponible bruta;per habitant (€);;18586
2017;Catllar, el;renda familiar disponible bruta;per habitant (índex Catalunya=100);;106,4
2017;Cellera de Ter, la;renda familiar disponible bruta;valor (milers €);;32257
2017;Cellera de Ter, la;renda familiar disponible bruta;per habitant (€);;16436
2017;Cellera de Ter, la;renda familiar disponible bruta;per habitant (índex Catalunya=100);;94,1
2017;Celrà;renda familiar disponible bruta;valor (milers €);;80123
2017;Celrà;renda familiar disponible bruta;per habitant (€);;15253
2017;Celrà;renda familiar disponible bruta;per habitant (índex Catalunya=100);;87,3
2017;Centelles;renda familiar disponible bruta;valor (milers €);;125411
2017;Centelles;renda familiar disponible bruta;per habitant (€);;17093
2017;Centelles;renda familiar disponible bruta;per habitant (índex Catalunya=100);;97,8
2017;Cercs;renda familiar disponible bruta;valor (milers €);;18796
2017;Cercs;renda familiar disponible bruta;per habitant (€);;16261
2017;Cercs;renda familiar disponible bruta;per habitant (índex Catalunya=100);;93,1
2017;Cerdanyola del Vallès;renda familiar disponible bruta;valor (milers €);;1083420
2017;Cerdanyola del Vallès;renda familiar disponible bruta;per habitant (€);;18812
2017;Cerdanyola del Vallès;renda familiar disponible bruta;per habitant (índex Catalunya=100);;107,7
2017;Cervelló;renda familiar disponible bruta;valor (milers €);;171385
2017;Cervelló;renda familiar disponible bruta;per habitant (€);;19328
2017;Cervelló;renda familiar disponible bruta;per habitant (índex Catalunya=100);;110,6
2017;Cervera;renda familiar disponible bruta;valor (milers €);;119878
2017;Cervera;renda familiar disponible bruta;per habitant (€);;13469
2017;Cervera;renda familiar disponible bruta;per habitant (índex Catalunya=100);;77,1
2017;Cervià de Ter;renda familiar disponible bruta;valor (milers €);;15841
2017;Cervià de Ter;renda familiar disponible bruta;per habitant (€);;17352
2017;Cervià de Ter;renda familiar disponible bruta;per habitant (índex Catalunya=100);;99,3
2017;Collbató;renda familiar disponible bruta;valor (milers €);;96398
2017;Collbató;renda familiar disponible bruta;per habitant (€);;21958
2017;Collbató;renda familiar disponible bruta;per habitant (índex Catalunya=100);;125,7
2017;Constantí;renda familiar disponible bruta;valor (milers €);;78241
2017;Constantí;renda familiar disponible bruta;per habitant (€);;12003
2017;Constantí;renda familiar disponible bruta;per habitant (índex Catalunya=100);;68,7
2017;Corbera d'Ebre;renda familiar disponible bruta;valor (milers €);;13871
2017;Corbera d'Ebre;renda familiar disponible bruta;per habitant (€);;13428
2017;Corbera d'Ebre;renda familiar disponible bruta;per habitant (índex Catalunya=100);;76,9
2017;Corbera de Llobregat;renda familiar disponible bruta;valor (milers €);;268058
2017;Corbera de Llobregat;renda familiar disponible bruta;per habitant (€);;18585
2017;Corbera de Llobregat;renda familiar disponible bruta;per habitant (índex Catalunya=100);;106,4
2017;Corbins;renda familiar disponible bruta;valor (milers €);;19791
2017;Corbins;renda familiar disponible bruta;per habitant (€);;14188
2017;Corbins;renda familiar disponible bruta;per habitant (índex Catalunya=100);;81,2
2017;Corçà;renda familiar disponible bruta;valor (milers €);;20213
2017;Corçà;renda familiar disponible bruta;per habitant (€);;16450
2017;Corçà;renda familiar disponible bruta;per habitant (índex Catalunya=100);;94,2
2017;Cornellà de Llobregat;renda familiar disponible bruta;valor (milers €);;1411789
2017;Cornellà de Llobregat;renda familiar disponible bruta;per habitant (€);;16380
2017;Cornellà de Llobregat;renda familiar disponible bruta;per habitant (índex Catalunya=100);;93,8
2017;Cornellà del Terri;renda familiar disponible bruta;valor (milers €);;37968
2017;Cornellà del Terri;renda familiar disponible bruta;per habitant (€);;16593
2017;Cornellà del Terri;renda familiar disponible bruta;per habitant (índex Catalunya=100);;95
2017;Creixell;renda familiar disponible bruta;valor (milers €);;49151
2017;Creixell;renda familiar disponible bruta;per habitant (€);;14031
2017;Creixell;renda familiar disponible bruta;per habitant (índex Catalunya=100);;80,3
2017;Cruïlles, Monells i Sant Sadurní de l'Heura;renda familiar disponible bruta;valor (milers €);;27042
2017;Cruïlles, Monells i Sant Sadurní de l'Heura;renda familiar disponible bruta;per habitant (€);;21392
2017;Cruïlles, Monells i Sant Sadurní de l'Heura;renda familiar disponible bruta;per habitant (índex Catalunya=100);;122,4
2017;Cubelles;renda familiar disponible bruta;valor (milers €);;253311
2017;Cubelles;renda familiar disponible bruta;per habitant (€);;17329
2017;Cubelles;renda familiar disponible bruta;per habitant (índex Catalunya=100);;99,2
2017;Cunit;renda familiar disponible bruta;valor (milers €);;163692
2017;Cunit;renda familiar disponible bruta;per habitant (€);;13496
2017;Cunit;renda familiar disponible bruta;per habitant (índex Catalunya=100);;77,2
2017;Deltebre;renda familiar disponible bruta;valor (milers €);;141410
2017;Deltebre;renda familiar disponible bruta;per habitant (€);;12395
2017;Deltebre;renda familiar disponible bruta;per habitant (índex Catalunya=100);;70,9
2017;Dosrius;renda familiar disponible bruta;valor (milers €);;92374
2017;Dosrius;renda familiar disponible bruta;per habitant (€);;17858
2017;Dosrius;renda familiar disponible bruta;per habitant (índex Catalunya=100);;102,2
2017;Escala, l';renda familiar disponible bruta;valor (milers €);;163841
2017;Escala, l';renda familiar disponible bruta;per habitant (€);;16125
2017;Escala, l';renda familiar disponible bruta;per habitant (índex Catalunya=100);;92,3
2017;Esparreguera;renda familiar disponible bruta;valor (milers €);;368407
2017;Esparreguera;renda familiar disponible bruta;per habitant (€);;16908
2017;Esparreguera;renda familiar disponible bruta;per habitant (índex Catalunya=100);;96,8
2017;Espluga de Francolí, l';renda familiar disponible bruta;valor (milers €);;58516
2017;Espluga de Francolí, l';renda familiar disponible bruta;per habitant (€);;15634
2017;Espluga de Francolí, l';renda familiar disponible bruta;per habitant (índex Catalunya=100);;89,5
2017;Esplugues de Llobregat;renda familiar disponible bruta;valor (milers €);;920286
2017;Esplugues de Llobregat;renda familiar disponible bruta;per habitant (€);;20116
2017;Esplugues de Llobregat;renda familiar disponible bruta;per habitant (índex Catalunya=100);;115,1
2017;Esquirol, l';renda familiar disponible bruta;valor (milers €);;38024
2017;Esquirol, l';renda familiar disponible bruta;per habitant (€);;17878
2017;Esquirol, l';renda familiar disponible bruta;per habitant (índex Catalunya=100);;102,3
2017;Falset;renda familiar disponible bruta;valor (milers €);;41876
2017;Falset;renda familiar disponible bruta;per habitant (€);;14993
2017;Falset;renda familiar disponible bruta;per habitant (índex Catalunya=100);;85,8
2017;Figaró-Montmany;renda familiar disponible bruta;valor (milers €);;15469
2017;Figaró-Montmany;renda familiar disponible bruta;per habitant (€);;14196
2017;Figaró-Montmany;renda familiar disponible bruta;per habitant (índex Catalunya=100);;81,3
2017;Figueres;renda familiar disponible bruta;valor (milers €);;597421
2017;Figueres;renda familiar disponible bruta;per habitant (€);;13260
2017;Figueres;renda familiar disponible bruta;per habitant (índex Catalunya=100);;75,9
2017;Flaçà;renda familiar disponible bruta;valor (milers €);;16990
2017;Flaçà;renda familiar disponible bruta;per habitant (€);;16340
2017;Flaçà;renda familiar disponible bruta;per habitant (índex Catalunya=100);;93,5
2017;Flix;renda familiar disponible bruta;valor (milers €);;59969
2017;Flix;renda familiar disponible bruta;per habitant (€);;17120
2017;Flix;renda familiar disponible bruta;per habitant (índex Catalunya=100);;98
2017;Fogars de la Selva;renda familiar disponible bruta;valor (milers €);;23116
2017;Fogars de la Selva;renda familiar disponible bruta;per habitant (€);;16091
2017;Fogars de la Selva;renda familiar disponible bruta;per habitant (índex Catalunya=100);;92,1
2017;Folgueroles;renda familiar disponible bruta;valor (milers €);;41811
2017;Folgueroles;renda familiar disponible bruta;per habitant (€);;18489
2017;Folgueroles;renda familiar disponible bruta;per habitant (índex Catalunya=100);;105,8
2017;Fonollosa;renda familiar disponible bruta;valor (milers €);;25517
2017;Fonollosa;renda familiar disponible bruta;per habitant (€);;18063
2017;Fonollosa;renda familiar disponible bruta;per habitant (índex Catalunya=100);;103,4
2017;Fontcoberta;renda familiar disponible bruta;valor (milers €);;24901
2017;Fontcoberta;renda familiar disponible bruta;per habitant (€);;16948
2017;Fontcoberta;renda familiar disponible bruta;per habitant (índex Catalunya=100);;97
2017;Font-rubí;renda familiar disponible bruta;valor (milers €);;20774
2017;Font-rubí;renda familiar disponible bruta;per habitant (€);;15384
2017;Font-rubí;renda familiar disponible bruta;per habitant (índex Catalunya=100);;88,1
2017;Forallac;renda familiar disponible bruta;valor (milers €);;30242
2017;Forallac;renda familiar disponible bruta;per habitant (€);;17973
2017;Forallac;renda familiar disponible bruta;per habitant (índex Catalunya=100);;102,9
2017;Fornells de la Selva;renda familiar disponible bruta;valor (milers €);;50584
2017;Fornells de la Selva;renda familiar disponible bruta;per habitant (€);;19702
2017;Fornells de la Selva;renda familiar disponible bruta;per habitant (índex Catalunya=100);;112,8
2017;Franqueses del Vallès, les;renda familiar disponible bruta;valor (milers €);;314390
2017;Franqueses del Vallès, les;renda familiar disponible bruta;per habitant (€);;16028
2017;Franqueses del Vallès, les;renda familiar disponible bruta;per habitant (índex Catalunya=100);;91,7
2017;Fuliola, la;renda familiar disponible bruta;valor (milers €);;15963
2017;Fuliola, la;renda familiar disponible bruta;per habitant (€);;13078
2017;Fuliola, la;renda familiar disponible bruta;per habitant (índex Catalunya=100);;74,9
2017;Gandesa;renda familiar disponible bruta;valor (milers €);;41510
2017;Gandesa;renda familiar disponible bruta;per habitant (€);;13910
2017;Gandesa;renda familiar disponible bruta;per habitant (índex Catalunya=100);;79,6
2017;Garriga, la;renda familiar disponible bruta;valor (milers €);;297542
2017;Garriga, la;renda familiar disponible bruta;per habitant (€);;18532
2017;Garriga, la;renda familiar disponible bruta;per habitant (índex Catalunya=100);;106,1
2017;Gavà;renda familiar disponible bruta;valor (milers €);;828821
2017;Gavà;renda familiar disponible bruta;per habitant (€);;17923
2017;Gavà;renda familiar disponible bruta;per habitant (índex Catalunya=100);;102,6
2017;Gelida;renda familiar disponible bruta;valor (milers €);;120376
2017;Gelida;renda familiar disponible bruta;per habitant (€);;16479
2017;Gelida;renda familiar disponible bruta;per habitant (índex Catalunya=100);;94,3
2017;Gimenells i el Pla de la Font;renda familiar disponible bruta;valor (milers €);;14428
2017;Gimenells i el Pla de la Font;renda familiar disponible bruta;per habitant (€);;13271
2017;Gimenells i el Pla de la Font;renda familiar disponible bruta;per habitant (índex Catalunya=100);;76
2017;Girona;renda familiar disponible bruta;valor (milers €);;1715224
2017;Girona;renda familiar disponible bruta;per habitant (€);;17641
2017;Girona;renda familiar disponible bruta;per habitant (índex Catalunya=100);;101
2017;Gironella;renda familiar disponible bruta;valor (milers €);;81162
2017;Gironella;renda familiar disponible bruta;per habitant (€);;16881
2017;Gironella;renda familiar disponible bruta;per habitant (índex Catalunya=100);;96,6
2017;Golmés;renda familiar disponible bruta;valor (milers €);;26725
2017;Golmés;renda familiar disponible bruta;per habitant (€);;14297
2017;Golmés;renda familiar disponible bruta;per habitant (índex Catalunya=100);;81,8
2017;Granada, la;renda familiar disponible bruta;valor (milers €);;34296
2017;Granada, la;renda familiar disponible bruta;per habitant (€);;16237
2017;Granada, la;renda familiar disponible bruta;per habitant (índex Catalunya=100);;92,9
2017;Granollers;renda familiar disponible bruta;valor (milers €);;1035679
2017;Granollers;renda familiar disponible bruta;per habitant (€);;17076
2017;Granollers;renda familiar disponible bruta;per habitant (índex Catalunya=100);;97,7
2017;Gualba;renda familiar disponible bruta;valor (milers €);;25221
2017;Gualba;renda familiar disponible bruta;per habitant (€);;17424
2017;Gualba;renda familiar disponible bruta;per habitant (índex Catalunya=100);;99,7
2017;Guissona;renda familiar disponible bruta;valor (milers €);;101321
2017;Guissona;renda familiar disponible bruta;per habitant (€);;14670
2017;Guissona;renda familiar disponible bruta;per habitant (índex Catalunya=100);;84
2017;Gurb;renda familiar disponible bruta;valor (milers €);;56389
2017;Gurb;renda familiar disponible bruta;per habitant (€);;21643
2017;Gurb;renda familiar disponible bruta;per habitant (índex Catalunya=100);;123,9
2017;Horta de Sant Joan;renda familiar disponible bruta;valor (milers €);;15090
2017;Horta de Sant Joan;renda familiar disponible bruta;per habitant (€);;13138
2017;Horta de Sant Joan;renda familiar disponible bruta;per habitant (índex Catalunya=100);;75,2
2017;Hospitalet de Llobregat, l';renda familiar disponible bruta;valor (milers €);;3950898
2017;Hospitalet de Llobregat, l';renda familiar disponible bruta;per habitant (€);;15365
2017;Hospitalet de Llobregat, l';renda familiar disponible bruta;per habitant (índex Catalunya=100);;87,9
2017;Hostalets de Pierola, els;renda familiar disponible bruta;valor (milers €);;43347
2017;Hostalets de Pierola, els;renda familiar disponible bruta;per habitant (€);;14857
2017;Hostalets de Pierola, els;renda familiar disponible bruta;per habitant (índex Catalunya=100);;85
2017;Hostalric;renda familiar disponible bruta;valor (milers €);;63791
2017;Hostalric;renda familiar disponible bruta;per habitant (€);;15698
2017;Hostalric;renda familiar disponible bruta;per habitant (índex Catalunya=100);;89,9
2017;Igualada;renda familiar disponible bruta;valor (milers €);;644460
2017;Igualada;renda familiar disponible bruta;per habitant (€);;16334
2017;Igualada;renda familiar disponible bruta;per habitant (índex Catalunya=100);;93,5
2017;Isona i Conca Dellà;renda familiar disponible bruta;valor (milers €);;15533
2017;Isona i Conca Dellà;renda familiar disponible bruta;per habitant (€);;15329
2017;Isona i Conca Dellà;renda familiar disponible bruta;per habitant (índex Catalunya=100);;87,7
2017;Ivars d'Urgell;renda familiar disponible bruta;valor (milers €);;22885
2017;Ivars d'Urgell;renda familiar disponible bruta;per habitant (€);;14559
2017;Ivars d'Urgell;renda familiar disponible bruta;per habitant (índex Catalunya=100);;83,3
2017;Jonquera, la;renda familiar disponible bruta;valor (milers €);;40181
2017;Jonquera, la;renda familiar disponible bruta;per habitant (€);;12887
2017;Jonquera, la;renda familiar disponible bruta;per habitant (índex Catalunya=100);;73,8
2017;Juneda;renda familiar disponible bruta;valor (milers €);;47205
2017;Juneda;renda familiar disponible bruta;per habitant (€);;13852
2017;Juneda;renda familiar disponible bruta;per habitant (índex Catalunya=100);;79,3
2017;Linyola;renda familiar disponible bruta;valor (milers €);;35968
2017;Linyola;renda familiar disponible bruta;per habitant (€);;13527
2017;Linyola;renda familiar disponible bruta;per habitant (índex Catalunya=100);;77,4
2017;Llagosta, la;renda familiar disponible bruta;valor (milers €);;203306
2017;Llagosta, la;renda familiar disponible bruta;per habitant (€);;15270
2017;Llagosta, la;renda familiar disponible bruta;per habitant (índex Catalunya=100);;87,4
2017;Llagostera;renda familiar disponible bruta;valor (milers €);;121020
2017;Llagostera;renda familiar disponible bruta;per habitant (€);;15009
2017;Llagostera;renda familiar disponible bruta;per habitant (índex Catalunya=100);;85,9
2017;Llançà;renda familiar disponible bruta;valor (milers €);;71605
2017;Llançà;renda familiar disponible bruta;per habitant (€);;15186
2017;Llançà;renda familiar disponible bruta;per habitant (índex Catalunya=100);;86,9
2017;Lleida;renda familiar disponible bruta;valor (milers €);;2192636
2017;Lleida;renda familiar disponible bruta;per habitant (€);;16234
2017;Lleida;renda familiar disponible bruta;per habitant (índex Catalunya=100);;92,9
2017;Llers;renda familiar disponible bruta;valor (milers €);;21404
2017;Llers;renda familiar disponible bruta;per habitant (€);;17905
2017;Llers;renda familiar disponible bruta;per habitant (índex Catalunya=100);;102,5
2017;Lliçà d'Amunt;renda familiar disponible bruta;valor (milers €);;266825
2017;Lliçà d'Amunt;renda familiar disponible bruta;per habitant (€);;17817
2017;Lliçà d'Amunt;renda familiar disponible bruta;per habitant (índex Catalunya=100);;102
2017;Lliçà de Vall;renda familiar disponible bruta;valor (milers €);;128939
2017;Lliçà de Vall;renda familiar disponible bruta;per habitant (€);;20105
2017;Lliçà de Vall;renda familiar disponible bruta;per habitant (índex Catalunya=100);;115,1
2017;Llinars del Vallès;renda familiar disponible bruta;valor (milers €);;163046
2017;Llinars del Vallès;renda familiar disponible bruta;per habitant (€);;16700
2017;Llinars del Vallès;renda familiar disponible bruta;per habitant (índex Catalunya=100);;95,6
2017;Llívia;renda familiar disponible bruta;valor (milers €);;20626
2017;Llívia;renda familiar disponible bruta;per habitant (€);;14531
2017;Llívia;renda familiar disponible bruta;per habitant (índex Catalunya=100);;83,2
2017;Llorenç del Penedès;renda familiar disponible bruta;valor (milers €);;34993
2017;Llorenç del Penedès;renda familiar disponible bruta;per habitant (€);;15187
2017;Llorenç del Penedès;renda familiar disponible bruta;per habitant (índex Catalunya=100);;86,9
2017;Lloret de Mar;renda familiar disponible bruta;valor (milers €);;425825
2017;Lloret de Mar;renda familiar disponible bruta;per habitant (€);;11640
2017;Lloret de Mar;renda familiar disponible bruta;per habitant (índex Catalunya=100);;66,6
2017;Maçanet de la Selva;renda familiar disponible bruta;valor (milers €);;95299
2017;Maçanet de la Selva;renda familiar disponible bruta;per habitant (€);;14072
2017;Maçanet de la Selva;renda familiar disponible bruta;per habitant (índex Catalunya=100);;80,5
2017;Malgrat de Mar;renda familiar disponible bruta;valor (milers €);;273052
2017;Malgrat de Mar;renda familiar disponible bruta;per habitant (€);;15038
2017;Malgrat de Mar;renda familiar disponible bruta;per habitant (índex Catalunya=100);;86,1
2017;Manlleu;renda familiar disponible bruta;valor (milers €);;299536
2017;Manlleu;renda familiar disponible bruta;per habitant (€);;15071
2017;Manlleu;renda familiar disponible bruta;per habitant (índex Catalunya=100);;86,3
2017;Manresa;renda familiar disponible bruta;valor (milers €);;1219555
2017;Manresa;renda familiar disponible bruta;per habitant (€);;16256
2017;Manresa;renda familiar disponible bruta;per habitant (índex Catalunya=100);;93
2017;Martorell;renda familiar disponible bruta;valor (milers €);;428940
2017;Martorell;renda familiar disponible bruta;per habitant (€);;15575
2017;Martorell;renda familiar disponible bruta;per habitant (índex Catalunya=100);;89,1
2017;Martorelles;renda familiar disponible bruta;valor (milers €);;83586
2017;Martorelles;renda familiar disponible bruta;per habitant (€);;17585
2017;Martorelles;renda familiar disponible bruta;per habitant (índex Catalunya=100);;100,6
2017;Masdenverge;renda familiar disponible bruta;valor (milers €);;13624
2017;Masdenverge;renda familiar disponible bruta;per habitant (€);;12649
2017;Masdenverge;renda familiar disponible bruta;per habitant (índex Catalunya=100);;72,4
2017;Masies de Voltregà, les;renda familiar disponible bruta;valor (milers €);;53551
2017;Masies de Voltregà, les;renda familiar disponible bruta;per habitant (€);;17292
2017;Masies de Voltregà, les;renda familiar disponible bruta;per habitant (índex Catalunya=100);;99
2017;Masnou, el;renda familiar disponible bruta;valor (milers €);;456150
2017;Masnou, el;renda familiar disponible bruta;per habitant (€);;19818
2017;Masnou, el;renda familiar disponible bruta;per habitant (índex Catalunya=100);;113,4
2017;Masquefa;renda familiar disponible bruta;valor (milers €);;134321
2017;Masquefa;renda familiar disponible bruta;per habitant (€);;15649
2017;Masquefa;renda familiar disponible bruta;per habitant (índex Catalunya=100);;89,6
2017;Matadepera;renda familiar disponible bruta;valor (milers €);;257264
2017;Matadepera;renda familiar disponible bruta;per habitant (€);;27915
2017;Matadepera;renda familiar disponible bruta;per habitant (índex Catalunya=100);;159,8
2017;Mataró;renda familiar disponible bruta;valor (milers €);;1916492
2017;Mataró;renda familiar disponible bruta;per habitant (€);;15338
2017;Mataró;renda familiar disponible bruta;per habitant (índex Catalunya=100);;87,8
2017;Mediona;renda familiar disponible bruta;valor (milers €);;32523
2017;Mediona;renda familiar disponible bruta;per habitant (€);;14255
2017;Mediona;renda familiar disponible bruta;per habitant (índex Catalunya=100);;81,6
2017;Miralcamp;renda familiar disponible bruta;valor (milers €);;17880
2017;Miralcamp;renda familiar disponible bruta;per habitant (€);;13140
2017;Miralcamp;renda familiar disponible bruta;per habitant (índex Catalunya=100);;75,2
2017;Moià;renda familiar disponible bruta;valor (milers €);;95134
2017;Moià;renda familiar disponible bruta;per habitant (€);;15636
2017;Moià;renda familiar disponible bruta;per habitant (índex Catalunya=100);;89,5
2017;Molins de Rei;renda familiar disponible bruta;valor (milers €);;492153
2017;Molins de Rei;renda familiar disponible bruta;per habitant (€);;19390
2017;Molins de Rei;renda familiar disponible bruta;per habitant (índex Catalunya=100);;111
2017;Mollerussa;renda familiar disponible bruta;valor (milers €);;210339
2017;Mollerussa;renda familiar disponible bruta;per habitant (€);;14265
2017;Mollerussa;renda familiar disponible bruta;per habitant (índex Catalunya=100);;81,6
2017;Mollet del Vallès;renda familiar disponible bruta;valor (milers €);;821858
2017;Mollet del Vallès;renda familiar disponible bruta;per habitant (€);;16123
2017;Mollet del Vallès;renda familiar disponible bruta;per habitant (índex Catalunya=100);;92,3
2017;Monistrol de Montserrat;renda familiar disponible bruta;valor (milers €);;47724
2017;Monistrol de Montserrat;renda familiar disponible bruta;per habitant (€);;16352
2017;Monistrol de Montserrat;renda familiar disponible bruta;per habitant (índex Catalunya=100);;93,6
2017;Montblanc;renda familiar disponible bruta;valor (milers €);;119549
2017;Montblanc;renda familiar disponible bruta;per habitant (€);;16302
2017;Montblanc;renda familiar disponible bruta;per habitant (índex Catalunya=100);;93,3
2017;Montbrió del Camp;renda familiar disponible bruta;valor (milers €);;40357
2017;Montbrió del Camp;renda familiar disponible bruta;per habitant (€);;14237
2017;Montbrió del Camp;renda familiar disponible bruta;per habitant (índex Catalunya=100);;81,5
2017;Montcada i Reixac;renda familiar disponible bruta;valor (milers €);;561473
2017;Montcada i Reixac;renda familiar disponible bruta;per habitant (€);;15930
2017;Montcada i Reixac;renda familiar disponible bruta;per habitant (índex Catalunya=100);;91,2
2017;Montesquiu;renda familiar disponible bruta;valor (milers €);;14858
2017;Montesquiu;renda familiar disponible bruta;per habitant (€);;15587
2017;Montesquiu;renda familiar disponible bruta;per habitant (índex Catalunya=100);;89,2
2017;Montferrer i Castellbò;renda familiar disponible bruta;valor (milers €);;13769
2017;Montferrer i Castellbò;renda familiar disponible bruta;per habitant (€);;12745
2017;Montferrer i Castellbò;renda familiar disponible bruta;per habitant (índex Catalunya=100);;72,9
2017;Montgat;renda familiar disponible bruta;valor (milers €);;222868
2017;Montgat;renda familiar disponible bruta;per habitant (€);;19157
2017;Montgat;renda familiar disponible bruta;per habitant (índex Catalunya=100);;109,6
2017;Montmell, el;renda familiar disponible bruta;valor (milers €);;17566
2017;Montmell, el;renda familiar disponible bruta;per habitant (€);;12417
2017;Montmell, el;renda familiar disponible bruta;per habitant (índex Catalunya=100);;71,1
2017;Montmeló;renda familiar disponible bruta;valor (milers €);;144301
2017;Montmeló;renda familiar disponible bruta;per habitant (€);;16512
2017;Montmeló;renda familiar disponible bruta;per habitant (índex Catalunya=100);;94,5
2017;Montornès del Vallès;renda familiar disponible bruta;valor (milers €);;253741
2017;Montornès del Vallès;renda familiar disponible bruta;per habitant (€);;15662
2017;Montornès del Vallès;renda familiar disponible bruta;per habitant (índex Catalunya=100);;89,6
2017;Mont-ras;renda familiar disponible bruta;valor (milers €);;31016
2017;Mont-ras;renda familiar disponible bruta;per habitant (€);;18459
2017;Mont-ras;renda familiar disponible bruta;per habitant (índex Catalunya=100);;105,7
2017;Mont-roig del Camp;renda familiar disponible bruta;valor (milers €);;160075
2017;Mont-roig del Camp;renda familiar disponible bruta;per habitant (€);;13593
2017;Mont-roig del Camp;renda familiar disponible bruta;per habitant (índex Catalunya=100);;77,8
2017;Móra d'Ebre;renda familiar disponible bruta;valor (milers €);;82501
2017;Móra d'Ebre;renda familiar disponible bruta;per habitant (€);;14833
2017;Móra d'Ebre;renda familiar disponible bruta;per habitant (índex Catalunya=100);;84,9
2017;Móra la Nova;renda familiar disponible bruta;valor (milers €);;42164
2017;Móra la Nova;renda familiar disponible bruta;per habitant (€);;13908
2017;Móra la Nova;renda familiar disponible bruta;per habitant (índex Catalunya=100);;79,6
2017;Morell, el;renda familiar disponible bruta;valor (milers €);;55174
2017;Morell, el;renda familiar disponible bruta;per habitant (€);;15125
2017;Morell, el;renda familiar disponible bruta;per habitant (índex Catalunya=100);;86,6
2017;Naut Aran;renda familiar disponible bruta;valor (milers €);;26750
2017;Naut Aran;renda familiar disponible bruta;per habitant (€);;15172
2017;Naut Aran;renda familiar disponible bruta;per habitant (índex Catalunya=100);;86,8
2017;Navarcles;renda familiar disponible bruta;valor (milers €);;99379
2017;Navarcles;renda familiar disponible bruta;per habitant (€);;16831
2017;Navarcles;renda familiar disponible bruta;per habitant (índex Catalunya=100);;96,3
2017;Navàs;renda familiar disponible bruta;valor (milers €);;99133
2017;Navàs;renda familiar disponible bruta;per habitant (€);;16612
2017;Navàs;renda familiar disponible bruta;per habitant (índex Catalunya=100);;95,1
2017;Navata;renda familiar disponible bruta;valor (milers €);;22527
2017;Navata;renda familiar disponible bruta;per habitant (€);;17622
2017;Navata;renda familiar disponible bruta;per habitant (índex Catalunya=100);;100,9
2017;Òdena;renda familiar disponible bruta;valor (milers €);;56362
2017;Òdena;renda familiar disponible bruta;per habitant (€);;15597
2017;Òdena;renda familiar disponible bruta;per habitant (índex Catalunya=100);;89,3
2017;Olèrdola;renda familiar disponible bruta;valor (milers €);;59818
2017;Olèrdola;renda familiar disponible bruta;per habitant (€);;16741
2017;Olèrdola;renda familiar disponible bruta;per habitant (índex Catalunya=100);;95,8
2017;Olesa de Bonesvalls;renda familiar disponible bruta;valor (milers €);;30090
2017;Olesa de Bonesvalls;renda familiar disponible bruta;per habitant (€);;17163
2017;Olesa de Bonesvalls;renda familiar disponible bruta;per habitant (índex Catalunya=100);;98,2
2017;Olesa de Montserrat;renda familiar disponible bruta;valor (milers €);;385075
2017;Olesa de Montserrat;renda familiar disponible bruta;per habitant (€);;16404
2017;Olesa de Montserrat;renda familiar disponible bruta;per habitant (índex Catalunya=100);;93,9
2017;Oliana;renda familiar disponible bruta;valor (milers €);;28370
2017;Oliana;renda familiar disponible bruta;per habitant (€);;15743
2017;Oliana;renda familiar disponible bruta;per habitant (índex Catalunya=100);;90,1
2017;Olivella;renda familiar disponible bruta;valor (milers €);;62670
2017;Olivella;renda familiar disponible bruta;per habitant (€);;17248
2017;Olivella;renda familiar disponible bruta;per habitant (índex Catalunya=100);;98,7
2017;Olost;renda familiar disponible bruta;valor (milers €);;19826
2017;Olost;renda familiar disponible bruta;per habitant (€);;16814
2017;Olost;renda familiar disponible bruta;per habitant (índex Catalunya=100);;96,2
2017;Olot;renda familiar disponible bruta;valor (milers €);;555169
2017;Olot;renda familiar disponible bruta;per habitant (€);;16470
2017;Olot;renda familiar disponible bruta;per habitant (índex Catalunya=100);;94,3
2017;Os de Balaguer;renda familiar disponible bruta;valor (milers €);;13388
2017;Os de Balaguer;renda familiar disponible bruta;per habitant (€);;13402
2017;Os de Balaguer;renda familiar disponible bruta;per habitant (índex Catalunya=100);;76,7
2017;Palafolls;renda familiar disponible bruta;valor (milers €);;137144
2017;Palafolls;renda familiar disponible bruta;per habitant (€);;15077
2017;Palafolls;renda familiar disponible bruta;per habitant (índex Catalunya=100);;86,3
2017;Palafrugell;renda familiar disponible bruta;valor (milers €);;290970
2017;Palafrugell;renda familiar disponible bruta;per habitant (€);;12977
2017;Palafrugell;renda familiar disponible bruta;per habitant (índex Catalunya=100);;74,3
2017;Palamós;renda familiar disponible bruta;valor (milers €);;266568
2017;Palamós;renda familiar disponible bruta;per habitant (€);;15205
2017;Palamós;renda familiar disponible bruta;per habitant (índex Catalunya=100);;87
2017;Palau d'Anglesola, el;renda familiar disponible bruta;valor (milers €);;32699
2017;Palau d'Anglesola, el;renda familiar disponible bruta;per habitant (€);;14958
2017;Palau d'Anglesola, el;renda familiar disponible bruta;per habitant (índex Catalunya=100);;85,6
2017;Palau-saverdera;renda familiar disponible bruta;valor (milers €);;18559
2017;Palau-saverdera;renda familiar disponible bruta;per habitant (€);;13139
2017;Palau-saverdera;renda familiar disponible bruta;per habitant (índex Catalunya=100);;75,2
2017;Palau-solità i Plegamans;renda familiar disponible bruta;valor (milers €);;261789
2017;Palau-solità i Plegamans;renda familiar disponible bruta;per habitant (€);;17936
2017;Palau-solità i Plegamans;renda familiar disponible bruta;per habitant (índex Catalunya=100);;102,7
2017;Pallaresos, els;renda familiar disponible bruta;valor (milers €);;81012
2017;Pallaresos, els;renda familiar disponible bruta;per habitant (€);;17247
2017;Pallaresos, els;renda familiar disponible bruta;per habitant (índex Catalunya=100);;98,7
2017;Pallejà;renda familiar disponible bruta;valor (milers €);;215360
2017;Pallejà;renda familiar disponible bruta;per habitant (€);;18961
2017;Pallejà;renda familiar disponible bruta;per habitant (índex Catalunya=100);;108,5
2017;Palma de Cervelló, la;renda familiar disponible bruta;valor (milers €);;58410
2017;Palma de Cervelló, la;renda familiar disponible bruta;per habitant (€);;19694
2017;Palma de Cervelló, la;renda familiar disponible bruta;per habitant (índex Catalunya=100);;112,7
2017;Pals;renda familiar disponible bruta;valor (milers €);;38374
2017;Pals;renda familiar disponible bruta;per habitant (€);;15825
2017;Pals;renda familiar disponible bruta;per habitant (índex Catalunya=100);;90,6
2017;Papiol, el;renda familiar disponible bruta;valor (milers €);;72509
2017;Papiol, el;renda familiar disponible bruta;per habitant (€);;17819
2017;Papiol, el;renda familiar disponible bruta;per habitant (índex Catalunya=100);;102
2017;Parets del Vallès;renda familiar disponible bruta;valor (milers €);;327552
2017;Parets del Vallès;renda familiar disponible bruta;per habitant (€);;17288
2017;Parets del Vallès;renda familiar disponible bruta;per habitant (índex Catalunya=100);;98,9
2017;Perafort;renda familiar disponible bruta;valor (milers €);;18617
2017;Perafort;renda familiar disponible bruta;per habitant (€);;14755
2017;Perafort;renda familiar disponible bruta;per habitant (índex Catalunya=100);;84,5
2017;Peralada;renda familiar disponible bruta;valor (milers €);;34040
2017;Peralada;renda familiar disponible bruta;per habitant (€);;18719
2017;Peralada;renda familiar disponible bruta;per habitant (índex Catalunya=100);;107,1
2017;Perelló, el;renda familiar disponible bruta;valor (milers €);;32744
2017;Perelló, el;renda familiar disponible bruta;per habitant (€);;11489
2017;Perelló, el;renda familiar disponible bruta;per habitant (índex Catalunya=100);;65,8
2017;Piera;renda familiar disponible bruta;valor (milers €);;226764
2017;Piera;renda familiar disponible bruta;per habitant (€);;14832
2017;Piera;renda familiar disponible bruta;per habitant (índex Catalunya=100);;84,9
2017;Pineda de Mar;renda familiar disponible bruta;valor (milers €);;370569
2017;Pineda de Mar;renda familiar disponible bruta;per habitant (€);;14162
2017;Pineda de Mar;renda familiar disponible bruta;per habitant (índex Catalunya=100);;81,1
2017;Pinell de Brai, el;renda familiar disponible bruta;valor (milers €);;14504
2017;Pinell de Brai, el;renda familiar disponible bruta;per habitant (€);;14557
2017;Pinell de Brai, el;renda familiar disponible bruta;per habitant (índex Catalunya=100);;83,3
2017;Pla de Santa Maria, el;renda familiar disponible bruta;valor (milers €);;34264
2017;Pla de Santa Maria, el;renda familiar disponible bruta;per habitant (€);;14967
2017;Pla de Santa Maria, el;renda familiar disponible bruta;per habitant (índex Catalunya=100);;85,7
2017;Pla del Penedès, el;renda familiar disponible bruta;valor (milers €);;18859
2017;Pla del Penedès, el;renda familiar disponible bruta;per habitant (€);;15205
2017;Pla del Penedès, el;renda familiar disponible bruta;per habitant (índex Catalunya=100);;87
2017;Planes d'Hostoles, les;renda familiar disponible bruta;valor (milers €);;25784
2017;Planes d'Hostoles, les;renda familiar disponible bruta;per habitant (€);;15973
2017;Planes d'Hostoles, les;renda familiar disponible bruta;per habitant (índex Catalunya=100);;91,4
2017;Pobla de Claramunt, la;renda familiar disponible bruta;valor (milers €);;34584
2017;Pobla de Claramunt, la;renda familiar disponible bruta;per habitant (€);;15828
2017;Pobla de Claramunt, la;renda familiar disponible bruta;per habitant (índex Catalunya=100);;90,6
2017;Pobla de Lillet, la;renda familiar disponible bruta;valor (milers €);;20118
2017;Pobla de Lillet, la;renda familiar disponible bruta;per habitant (€);;18355
2017;Pobla de Lillet, la;renda familiar disponible bruta;per habitant (índex Catalunya=100);;105,1
2017;Pobla de Mafumet, la;renda familiar disponible bruta;valor (milers €);;44727
2017;Pobla de Mafumet, la;renda familiar disponible bruta;per habitant (€);;11522
2017;Pobla de Mafumet, la;renda familiar disponible bruta;per habitant (índex Catalunya=100);;65,9
2017;Pobla de Montornès, la;renda familiar disponible bruta;valor (milers €);;40646
2017;Pobla de Montornès, la;renda familiar disponible bruta;per habitant (€);;14426
2017;Pobla de Montornès, la;renda familiar disponible bruta;per habitant (índex Catalunya=100);;82,6
2017;Pobla de Segur, la;renda familiar disponible bruta;valor (milers €);;45358
2017;Pobla de Segur, la;renda familiar disponible bruta;per habitant (€);;15622
2017;Pobla de Segur, la;renda familiar disponible bruta;per habitant (índex Catalunya=100);;89,4
2017;Polinyà;renda familiar disponible bruta;valor (milers €);;136638
2017;Polinyà;renda familiar disponible bruta;per habitant (€);;16333
2017;Polinyà;renda familiar disponible bruta;per habitant (índex Catalunya=100);;93,5
2017;Pont de Suert, el;renda familiar disponible bruta;valor (milers €);;35269
2017;Pont de Suert, el;renda familiar disponible bruta;per habitant (€);;15635
2017;Pont de Suert, el;renda familiar disponible bruta;per habitant (índex Catalunya=100);;89,5
2017;Pont de Vilomara i Rocafort, el;renda familiar disponible bruta;valor (milers €);;54456
2017;Pont de Vilomara i Rocafort, el;renda familiar disponible bruta;per habitant (€);;14470
2017;Pont de Vilomara i Rocafort, el;renda familiar disponible bruta;per habitant (índex Catalunya=100);;82,8
2017;Ponts;renda familiar disponible bruta;valor (milers €);;38624
2017;Ponts;renda familiar disponible bruta;per habitant (€);;14961
2017;Ponts;renda familiar disponible bruta;per habitant (índex Catalunya=100);;85,6
2017;Porqueres;renda familiar disponible bruta;valor (milers €);;76961
2017;Porqueres;renda familiar disponible bruta;per habitant (€);;16845
2017;Porqueres;renda familiar disponible bruta;per habitant (índex Catalunya=100);;96,4
2017;Port de la Selva, el;renda familiar disponible bruta;valor (milers €);;14637
2017;Port de la Selva, el;renda familiar disponible bruta;per habitant (€);;15212
2017;Port de la Selva, el;renda familiar disponible bruta;per habitant (índex Catalunya=100);;87,1
2017;Portbou;renda familiar disponible bruta;valor (milers €);;17481
2017;Portbou;renda familiar disponible bruta;per habitant (€);;16404
2017;Portbou;renda familiar disponible bruta;per habitant (índex Catalunya=100);;93,9
2017;Prat de Llobregat, el;renda familiar disponible bruta;valor (milers €);;1096431
2017;Prat de Llobregat, el;renda familiar disponible bruta;per habitant (€);;17268
2017;Prat de Llobregat, el;renda familiar disponible bruta;per habitant (índex Catalunya=100);;98,8
2017;Prats de Lluçanès;renda familiar disponible bruta;valor (milers €);;43845
2017;Prats de Lluçanès;renda familiar disponible bruta;per habitant (€);;17492
2017;Prats de Lluçanès;renda familiar disponible bruta;per habitant (índex Catalunya=100);;100,1
2017;Premià de Dalt;renda familiar disponible bruta;valor (milers €);;215232
2017;Premià de Dalt;renda familiar disponible bruta;per habitant (€);;20988
2017;Premià de Dalt;renda familiar disponible bruta;per habitant (índex Catalunya=100);;120,1
2017;Premià de Mar;renda familiar disponible bruta;valor (milers €);;496803
2017;Premià de Mar;renda familiar disponible bruta;per habitant (€);;17933
2017;Premià de Mar;renda familiar disponible bruta;per habitant (índex Catalunya=100);;102,6
2017;Preses, les;renda familiar disponible bruta;valor (milers €);;33652
2017;Preses, les;renda familiar disponible bruta;per habitant (€);;19440
2017;Preses, les;renda familiar disponible bruta;per habitant (índex Catalunya=100);;111,3
2017;Puigcerdà;renda familiar disponible bruta;valor (milers €);;118200
2017;Puigcerdà;renda familiar disponible bruta;per habitant (€);;13286
2017;Puigcerdà;renda familiar disponible bruta;per habitant (índex Catalunya=100);;76
2017;Puigpelat;renda familiar disponible bruta;valor (milers €);;15738
2017;Puigpelat;renda familiar disponible bruta;per habitant (€);;13675
2017;Puigpelat;renda familiar disponible bruta;per habitant (índex Catalunya=100);;78,3
2017;Puig-reig;renda familiar disponible bruta;valor (milers €);;69591
2017;Puig-reig;renda familiar disponible bruta;per habitant (€);;17061
2017;Puig-reig;renda familiar disponible bruta;per habitant (índex Catalunya=100);;97,7
2017;Puigverd de Lleida;renda familiar disponible bruta;valor (milers €);;19123
2017;Puigverd de Lleida;renda familiar disponible bruta;per habitant (€);;14361
2017;Puigverd de Lleida;renda familiar disponible bruta;per habitant (índex Catalunya=100);;82,2
2017;Quart;renda familiar disponible bruta;valor (milers €);;64946
2017;Quart;renda familiar disponible bruta;per habitant (€);;18462
2017;Quart;renda familiar disponible bruta;per habitant (índex Catalunya=100);;105,7
2017;Ràpita, la;renda familiar disponible bruta;valor (milers €);;184152
2017;Ràpita, la;renda familiar disponible bruta;per habitant (€);;12357
2017;Ràpita, la;renda familiar disponible bruta;per habitant (índex Catalunya=100);;70,7
2017;Reus;renda familiar disponible bruta;valor (milers €);;1574129
2017;Reus;renda familiar disponible bruta;per habitant (€);;15144
2017;Reus;renda familiar disponible bruta;per habitant (índex Catalunya=100);;86,7
2017;Riba-roja d'Ebre;renda familiar disponible bruta;valor (milers €);;17350
2017;Riba-roja d'Ebre;renda familiar disponible bruta;per habitant (€);;15775
2017;Riba-roja d'Ebre;renda familiar disponible bruta;per habitant (índex Catalunya=100);;90,3
2017;Ribes de Freser;renda familiar disponible bruta;valor (milers €);;30952
2017;Ribes de Freser;renda familiar disponible bruta;per habitant (€);;17525
2017;Ribes de Freser;renda familiar disponible bruta;per habitant (índex Catalunya=100);;100,3
2017;Riells i Viabrea;renda familiar disponible bruta;valor (milers €);;63244
2017;Riells i Viabrea;renda familiar disponible bruta;per habitant (€);;16195
2017;Riells i Viabrea;renda familiar disponible bruta;per habitant (índex Catalunya=100);;92,7
2017;Riera de Gaià, la;renda familiar disponible bruta;valor (milers €);;27478
2017;Riera de Gaià, la;renda familiar disponible bruta;per habitant (€);;16105
2017;Riera de Gaià, la;renda familiar disponible bruta;per habitant (índex Catalunya=100);;92,2
2017;Ripoll;renda familiar disponible bruta;valor (milers €);;181064
2017;Ripoll;renda familiar disponible bruta;per habitant (€);;17128
2017;Ripoll;renda familiar disponible bruta;per habitant (índex Catalunya=100);;98
2017;Ripollet;renda familiar disponible bruta;valor (milers €);;595324
2017;Ripollet;renda familiar disponible bruta;per habitant (€);;15654
2017;Ripollet;renda familiar disponible bruta;per habitant (índex Catalunya=100);;89,6
2017;Riudarenes;renda familiar disponible bruta;valor (milers €);;36364
2017;Riudarenes;renda familiar disponible bruta;per habitant (€);;17056
2017;Riudarenes;renda familiar disponible bruta;per habitant (índex Catalunya=100);;97,6
2017;Riudecanyes;renda familiar disponible bruta;valor (milers €);;17293
2017;Riudecanyes;renda familiar disponible bruta;per habitant (€);;15399
2017;Riudecanyes;renda familiar disponible bruta;per habitant (índex Catalunya=100);;88,1
2017;Riudecols;renda familiar disponible bruta;valor (milers €);;19685
2017;Riudecols;renda familiar disponible bruta;per habitant (€);;16642
2017;Riudecols;renda familiar disponible bruta;per habitant (índex Catalunya=100);;95,3
2017;Riudellots de la Selva;renda familiar disponible bruta;valor (milers €);;35989
2017;Riudellots de la Selva;renda familiar disponible bruta;per habitant (€);;17863
2017;Riudellots de la Selva;renda familiar disponible bruta;per habitant (índex Catalunya=100);;102,2
2017;Riudoms;renda familiar disponible bruta;valor (milers €);;86962
2017;Riudoms;renda familiar disponible bruta;per habitant (€);;13214
2017;Riudoms;renda familiar disponible bruta;per habitant (índex Catalunya=100);;75,6
2017;Roca del Vallès, la;renda familiar disponible bruta;valor (milers €);;195810
2017;Roca del Vallès, la;renda familiar disponible bruta;per habitant (€);;18528
2017;Roca del Vallès, la;renda familiar disponible bruta;per habitant (índex Catalunya=100);;106
2017;Roda de Berà;renda familiar disponible bruta;valor (milers €);;89306
2017;Roda de Berà;renda familiar disponible bruta;per habitant (€);;13907
2017;Roda de Berà;renda familiar disponible bruta;per habitant (índex Catalunya=100);;79,6
2017;Roda de Ter;renda familiar disponible bruta;valor (milers €);;99987
2017;Roda de Ter;renda familiar disponible bruta;per habitant (€);;16413
2017;Roda de Ter;renda familiar disponible bruta;per habitant (índex Catalunya=100);;93,9
2017;Roquetes;renda familiar disponible bruta;valor (milers €);;106735
2017;Roquetes;renda familiar disponible bruta;per habitant (€);;13414
2017;Roquetes;renda familiar disponible bruta;per habitant (índex Catalunya=100);;76,8
2017;Roses;renda familiar disponible bruta;valor (milers €);;238879
2017;Roses;renda familiar disponible bruta;per habitant (€);;12705
2017;Roses;renda familiar disponible bruta;per habitant (índex Catalunya=100);;72,7
2017;Rosselló;renda familiar disponible bruta;valor (milers €);;44142
2017;Rosselló;renda familiar disponible bruta;per habitant (€);;14475
2017;Rosselló;renda familiar disponible bruta;per habitant (índex Catalunya=100);;82,9
2017;Rubí;renda familiar disponible bruta;valor (milers €);;1200237
2017;Rubí;renda familiar disponible bruta;per habitant (€);;15832
2017;Rubí;renda familiar disponible bruta;per habitant (índex Catalunya=100);;90,6
2017;Sabadell;renda familiar disponible bruta;valor (milers €);;3620608
2017;Sabadell;renda familiar disponible bruta;per habitant (€);;17215
2017;Sabadell;renda familiar disponible bruta;per habitant (índex Catalunya=100);;98,5
2017;Sallent;renda familiar disponible bruta;valor (milers €);;113608
2017;Sallent;renda familiar disponible bruta;per habitant (€);;17330
2017;Sallent;renda familiar disponible bruta;per habitant (índex Catalunya=100);;99,2
2017;Salou;renda familiar disponible bruta;valor (milers €);;342787
2017;Salou;renda familiar disponible bruta;per habitant (€);;12905
2017;Salou;renda familiar disponible bruta;per habitant (índex Catalunya=100);;73,9
2017;Salt;renda familiar disponible bruta;valor (milers €);;352287
2017;Salt;renda familiar disponible bruta;per habitant (€);;11943
2017;Salt;renda familiar disponible bruta;per habitant (índex Catalunya=100);;68,4
2017;Sant Adrià de Besòs;renda familiar disponible bruta;valor (milers €);;530644
2017;Sant Adrià de Besòs;renda familiar disponible bruta;per habitant (€);;14597
2017;Sant Adrià de Besòs;renda familiar disponible bruta;per habitant (índex Catalunya=100);;83,5
2017;Sant Andreu de la Barca;renda familiar disponible bruta;valor (milers €);;436223
2017;Sant Andreu de la Barca;renda familiar disponible bruta;per habitant (€);;16099
2017;Sant Andreu de la Barca;renda familiar disponible bruta;per habitant (índex Catalunya=100);;92,1
2017;Sant Andreu de Llavaneres;renda familiar disponible bruta;valor (milers €);;212743
2017;Sant Andreu de Llavaneres;renda familiar disponible bruta;per habitant (€);;19920
2017;Sant Andreu de Llavaneres;renda familiar disponible bruta;per habitant (índex Catalunya=100);;114
2017;Sant Antoni de Vilamajor;renda familiar disponible bruta;valor (milers €);;111848
2017;Sant Antoni de Vilamajor;renda familiar disponible bruta;per habitant (€);;18544
2017;Sant Antoni de Vilamajor;renda familiar disponible bruta;per habitant (índex Catalunya=100);;106,1
2017;Sant Boi de Llobregat;renda familiar disponible bruta;valor (milers €);;1362173
2017;Sant Boi de Llobregat;renda familiar disponible bruta;per habitant (€);;16641
2017;Sant Boi de Llobregat;renda familiar disponible bruta;per habitant (índex Catalunya=100);;95,2
2017;Sant Cebrià de Vallalta;renda familiar disponible bruta;valor (milers €);;58410
2017;Sant Cebrià de Vallalta;renda familiar disponible bruta;per habitant (€);;17783
2017;Sant Cebrià de Vallalta;renda familiar disponible bruta;per habitant (índex Catalunya=100);;101,8
2017;Sant Celoni;renda familiar disponible bruta;valor (milers €);;279801
2017;Sant Celoni;renda familiar disponible bruta;per habitant (€);;15883
2017;Sant Celoni;renda familiar disponible bruta;per habitant (índex Catalunya=100);;90,9
2017;Sant Climent de Llobregat;renda familiar disponible bruta;valor (milers €);;72511
2017;Sant Climent de Llobregat;renda familiar disponible bruta;per habitant (€);;17950
2017;Sant Climent de Llobregat;renda familiar disponible bruta;per habitant (índex Catalunya=100);;102,7
2017;Sant Cugat del Vallès;renda familiar disponible bruta;valor (milers €);;2192052
2017;Sant Cugat del Vallès;renda familiar disponible bruta;per habitant (€);;24391
2017;Sant Cugat del Vallès;renda familiar disponible bruta;per habitant (índex Catalunya=100);;139,6
2017;Sant Cugat Sesgarrigues;renda familiar disponible bruta;valor (milers €);;16711
2017;Sant Cugat Sesgarrigues;renda familiar disponible bruta;per habitant (€);;17044
2017;Sant Cugat Sesgarrigues;renda familiar disponible bruta;per habitant (índex Catalunya=100);;97,6
2017;Sant Esteve de Palautordera;renda familiar disponible bruta;valor (milers €);;50433
2017;Sant Esteve de Palautordera;renda familiar disponible bruta;per habitant (€);;18746
2017;Sant Esteve de Palautordera;renda familiar disponible bruta;per habitant (índex Catalunya=100);;107,3
2017;Sant Esteve Sesrovires;renda familiar disponible bruta;valor (milers €);;141790
2017;Sant Esteve Sesrovires;renda familiar disponible bruta;per habitant (€);;18481
2017;Sant Esteve Sesrovires;renda familiar disponible bruta;per habitant (índex Catalunya=100);;105,8
2017;Sant Feliu de Codines;renda familiar disponible bruta;valor (milers €);;98066
2017;Sant Feliu de Codines;renda familiar disponible bruta;per habitant (€);;16088
2017;Sant Feliu de Codines;renda familiar disponible bruta;per habitant (índex Catalunya=100);;92,1
2017;Sant Feliu de Guíxols;renda familiar disponible bruta;valor (milers €);;312119
2017;Sant Feliu de Guíxols;renda familiar disponible bruta;per habitant (€);;14572
2017;Sant Feliu de Guíxols;renda familiar disponible bruta;per habitant (índex Catalunya=100);;83,4
2017;Sant Feliu de Llobregat;renda familiar disponible bruta;valor (milers €);;841972
2017;Sant Feliu de Llobregat;renda familiar disponible bruta;per habitant (€);;19146
2017;Sant Feliu de Llobregat;renda familiar disponible bruta;per habitant (índex Catalunya=100);;109,6
2017;Sant Feliu de Pallerols;renda familiar disponible bruta;valor (milers €);;21932
2017;Sant Feliu de Pallerols;renda familiar disponible bruta;per habitant (€);;16643
2017;Sant Feliu de Pallerols;renda familiar disponible bruta;per habitant (índex Catalunya=100);;95,3
2017;Sant Fost de Campsentelles;renda familiar disponible bruta;valor (milers €);;163329
2017;Sant Fost de Campsentelles;renda familiar disponible bruta;per habitant (€);;18847
2017;Sant Fost de Campsentelles;renda familiar disponible bruta;per habitant (índex Catalunya=100);;107,9
2017;Sant Fruitós de Bages;renda familiar disponible bruta;valor (milers €);;162218
2017;Sant Fruitós de Bages;renda familiar disponible bruta;per habitant (€);;19139
2017;Sant Fruitós de Bages;renda familiar disponible bruta;per habitant (índex Catalunya=100);;109,5
2017;Sant Gregori;renda familiar disponible bruta;valor (milers €);;69492
2017;Sant Gregori;renda familiar disponible bruta;per habitant (€);;19310
2017;Sant Gregori;renda familiar disponible bruta;per habitant (índex Catalunya=100);;110,5
2017;Sant Guim de Freixenet;renda familiar disponible bruta;valor (milers €);;15137
2017;Sant Guim de Freixenet;renda familiar disponible bruta;per habitant (€);;14888
2017;Sant Guim de Freixenet;renda familiar disponible bruta;per habitant (índex Catalunya=100);;85,2
2017;Sant Hilari Sacalm;renda familiar disponible bruta;valor (milers €);;83804
2017;Sant Hilari Sacalm;renda familiar disponible bruta;per habitant (€);;15224
2017;Sant Hilari Sacalm;renda familiar disponible bruta;per habitant (índex Catalunya=100);;87,1
2017;Sant Hipòlit de Voltregà;renda familiar disponible bruta;valor (milers €);;60077
2017;Sant Hipòlit de Voltregà;renda familiar disponible bruta;per habitant (€);;17540
2017;Sant Hipòlit de Voltregà;renda familiar disponible bruta;per habitant (índex Catalunya=100);;100,4
2017;Sant Iscle de Vallalta;renda familiar disponible bruta;valor (milers €);;21390
2017;Sant Iscle de Vallalta;renda familiar disponible bruta;per habitant (€);;16615
2017;Sant Iscle de Vallalta;renda familiar disponible bruta;per habitant (índex Catalunya=100);;95,1
2017;Sant Jaume d'Enveja;renda familiar disponible bruta;valor (milers €);;43669
2017;Sant Jaume d'Enveja;renda familiar disponible bruta;per habitant (€);;12426
2017;Sant Jaume d'Enveja;renda familiar disponible bruta;per habitant (índex Catalunya=100);;71,1
2017;Sant Jaume dels Domenys;renda familiar disponible bruta;valor (milers €);;36030
2017;Sant Jaume dels Domenys;renda familiar disponible bruta;per habitant (€);;14160
2017;Sant Jaume dels Domenys;renda familiar disponible bruta;per habitant (índex Catalunya=100);;81
2017;Sant Joan de les Abadesses;renda familiar disponible bruta;valor (milers €);;59068
2017;Sant Joan de les Abadesses;renda familiar disponible bruta;per habitant (€);;18278
2017;Sant Joan de les Abadesses;renda familiar disponible bruta;per habitant (índex Catalunya=100);;104,6
2017;Sant Joan de Vilatorrada;renda familiar disponible bruta;valor (milers €);;174335
2017;Sant Joan de Vilatorrada;renda familiar disponible bruta;per habitant (€);;16272
2017;Sant Joan de Vilatorrada;renda familiar disponible bruta;per habitant (índex Catalunya=100);;93,1
2017;Sant Joan Despí;renda familiar disponible bruta;valor (milers €);;655720
2017;Sant Joan Despí;renda familiar disponible bruta;per habitant (€);;19456
2017;Sant Joan Despí;renda familiar disponible bruta;per habitant (índex Catalunya=100);;111,4
2017;Sant Joan les Fonts;renda familiar disponible bruta;valor (milers €);;51277
2017;Sant Joan les Fonts;renda familiar disponible bruta;per habitant (€);;17717
2017;Sant Joan les Fonts;renda familiar disponible bruta;per habitant (índex Catalunya=100);;101,4
2017;Sant Julià de Ramis;renda familiar disponible bruta;valor (milers €);;60978
2017;Sant Julià de Ramis;renda familiar disponible bruta;per habitant (€);;18092
2017;Sant Julià de Ramis;renda familiar disponible bruta;per habitant (índex Catalunya=100);;103,5
2017;Sant Julià de Vilatorta;renda familiar disponible bruta;valor (milers €);;62132
2017;Sant Julià de Vilatorta;renda familiar disponible bruta;per habitant (€);;20280
2017;Sant Julià de Vilatorta;renda familiar disponible bruta;per habitant (índex Catalunya=100);;116,1
2017;Sant Julià del Llor i Bonmatí;renda familiar disponible bruta;valor (milers €);;22416
2017;Sant Julià del Llor i Bonmatí;renda familiar disponible bruta;per habitant (€);;17519
2017;Sant Julià del Llor i Bonmatí;renda familiar disponible bruta;per habitant (índex Catalunya=100);;100,3
2017;Sant Just Desvern;renda familiar disponible bruta;valor (milers €);;437739
2017;Sant Just Desvern;renda familiar disponible bruta;per habitant (€);;25440
2017;Sant Just Desvern;renda familiar disponible bruta;per habitant (índex Catalunya=100);;145,6
2017;Sant Llorenç d'Hortons;renda familiar disponible bruta;valor (milers €);;43829
2017;Sant Llorenç d'Hortons;renda familiar disponible bruta;per habitant (€);;17108
2017;Sant Llorenç d'Hortons;renda familiar disponible bruta;per habitant (índex Catalunya=100);;97,9
2017;Sant Llorenç de Morunys;renda familiar disponible bruta;valor (milers €);;15530
2017;Sant Llorenç de Morunys;renda familiar disponible bruta;per habitant (€);;16356
2017;Sant Llorenç de Morunys;renda familiar disponible bruta;per habitant (índex Catalunya=100);;93,6
2017;Sant Llorenç Savall;renda familiar disponible bruta;valor (milers €);;37952
2017;Sant Llorenç Savall;renda familiar disponible bruta;per habitant (€);;16079
2017;Sant Llorenç Savall;renda familiar disponible bruta;per habitant (índex Catalunya=100);;92
2017;Sant Martí de Centelles;renda familiar disponible bruta;valor (milers €);;16601
2017;Sant Martí de Centelles;renda familiar disponible bruta;per habitant (€);;14884
2017;Sant Martí de Centelles;renda familiar disponible bruta;per habitant (índex Catalunya=100);;85,2
2017;Sant Martí de Tous;renda familiar disponible bruta;valor (milers €);;20333
2017;Sant Martí de Tous;renda familiar disponible bruta;per habitant (€);;16918
2017;Sant Martí de Tous;renda familiar disponible bruta;per habitant (índex Catalunya=100);;96,8
2017;Sant Martí Sarroca;renda familiar disponible bruta;valor (milers €);;47379
2017;Sant Martí Sarroca;renda familiar disponible bruta;per habitant (€);;14803
2017;Sant Martí Sarroca;renda familiar disponible bruta;per habitant (índex Catalunya=100);;84,7
2017;Sant Pere de Ribes;renda familiar disponible bruta;valor (milers €);;482448
2017;Sant Pere de Ribes;renda familiar disponible bruta;per habitant (€);;16126
2017;Sant Pere de Ribes;renda familiar disponible bruta;per habitant (índex Catalunya=100);;92,3
2017;Sant Pere de Riudebitlles;renda familiar disponible bruta;valor (milers €);;38156
2017;Sant Pere de Riudebitlles;renda familiar disponible bruta;per habitant (€);;16370
2017;Sant Pere de Riudebitlles;renda familiar disponible bruta;per habitant (índex Catalunya=100);;93,7
2017;Sant Pere de Torelló;renda familiar disponible bruta;valor (milers €);;41377
2017;Sant Pere de Torelló;renda familiar disponible bruta;per habitant (€);;17235
2017;Sant Pere de Torelló;renda familiar disponible bruta;per habitant (índex Catalunya=100);;98,6
2017;Sant Pere de Vilamajor;renda familiar disponible bruta;valor (milers €);;77248
2017;Sant Pere de Vilamajor;renda familiar disponible bruta;per habitant (€);;17846
2017;Sant Pere de Vilamajor;renda familiar disponible bruta;per habitant (índex Catalunya=100);;102,1
2017;Sant Pere Pescador;renda familiar disponible bruta;valor (milers €);;26880
2017;Sant Pere Pescador;renda familiar disponible bruta;per habitant (€);;13506
2017;Sant Pere Pescador;renda familiar disponible bruta;per habitant (índex Catalunya=100);;77,3
2017;Sant Pol de Mar;renda familiar disponible bruta;valor (milers €);;94137
2017;Sant Pol de Mar;renda familiar disponible bruta;per habitant (€);;18623
2017;Sant Pol de Mar;renda familiar disponible bruta;per habitant (índex Catalunya=100);;106,6
2017;Sant Quintí de Mediona;renda familiar disponible bruta;valor (milers €);;30198
2017;Sant Quintí de Mediona;renda familiar disponible bruta;per habitant (€);;13945
2017;Sant Quintí de Mediona;renda familiar disponible bruta;per habitant (índex Catalunya=100);;79,8
2017;Sant Quirze de Besora;renda familiar disponible bruta;valor (milers €);;31450
2017;Sant Quirze de Besora;renda familiar disponible bruta;per habitant (€);;15150
2017;Sant Quirze de Besora;renda familiar disponible bruta;per habitant (índex Catalunya=100);;86,7
2017;Sant Quirze del Vallès;renda familiar disponible bruta;valor (milers €);;441890
2017;Sant Quirze del Vallès;renda familiar disponible bruta;per habitant (€);;22256
2017;Sant Quirze del Vallès;renda familiar disponible bruta;per habitant (índex Catalunya=100);;127,4
2017;Sant Sadurní d'Anoia;renda familiar disponible bruta;valor (milers €);;222911
2017;Sant Sadurní d'Anoia;renda familiar disponible bruta;per habitant (€);;17477
2017;Sant Sadurní d'Anoia;renda familiar disponible bruta;per habitant (índex Catalunya=100);;100
2017;Sant Salvador de Guardiola;renda familiar disponible bruta;valor (milers €);;51474
2017;Sant Salvador de Guardiola;renda familiar disponible bruta;per habitant (€);;16502
2017;Sant Salvador de Guardiola;renda familiar disponible bruta;per habitant (índex Catalunya=100);;94,5
2017;Sant Vicenç de Castellet;renda familiar disponible bruta;valor (milers €);;135763
2017;Sant Vicenç de Castellet;renda familiar disponible bruta;per habitant (€);;14751
2017;Sant Vicenç de Castellet;renda familiar disponible bruta;per habitant (índex Catalunya=100);;84,4
2017;Sant Vicenç de Montalt;renda familiar disponible bruta;valor (milers €);;137721
2017;Sant Vicenç de Montalt;renda familiar disponible bruta;per habitant (€);;22065
2017;Sant Vicenç de Montalt;renda familiar disponible bruta;per habitant (índex Catalunya=100);;126,3
2017;Sant Vicenç de Torelló;renda familiar disponible bruta;valor (milers €);;36741
2017;Sant Vicenç de Torelló;renda familiar disponible bruta;per habitant (€);;18523
2017;Sant Vicenç de Torelló;renda familiar disponible bruta;per habitant (índex Catalunya=100);;106
2017;Sant Vicenç dels Horts;renda familiar disponible bruta;valor (milers €);;443874
2017;Sant Vicenç dels Horts;renda familiar disponible bruta;per habitant (€);;16015
2017;Sant Vicenç dels Horts;renda familiar disponible bruta;per habitant (índex Catalunya=100);;91,7
2017;Santa Bàrbara;renda familiar disponible bruta;valor (milers €);;46555
2017;Santa Bàrbara;renda familiar disponible bruta;per habitant (€);;12173
2017;Santa Bàrbara;renda familiar disponible bruta;per habitant (índex Catalunya=100);;69,7
2017;Santa Coloma de Cervelló;renda familiar disponible bruta;valor (milers €);;149281
2017;Santa Coloma de Cervelló;renda familiar disponible bruta;per habitant (€);;18511
2017;Santa Coloma de Cervelló;renda familiar disponible bruta;per habitant (índex Catalunya=100);;105,9
2017;Santa Coloma de Farners;renda familiar disponible bruta;valor (milers €);;195567
2017;Santa Coloma de Farners;renda familiar disponible bruta;per habitant (€);;15411
2017;Santa Coloma de Farners;renda familiar disponible bruta;per habitant (índex Catalunya=100);;88,2
2017;Santa Coloma de Gramenet;renda familiar disponible bruta;valor (milers €);;1658294
2017;Santa Coloma de Gramenet;renda familiar disponible bruta;per habitant (€);;14142
2017;Santa Coloma de Gramenet;renda familiar disponible bruta;per habitant (índex Catalunya=100);;80,9
2017;Santa Coloma de Queralt;renda familiar disponible bruta;valor (milers €);;43614
2017;Santa Coloma de Queralt;renda familiar disponible bruta;per habitant (€);;16204
2017;Santa Coloma de Queralt;renda familiar disponible bruta;per habitant (índex Catalunya=100);;92,7
2017;Santa Cristina d'Aro;renda familiar disponible bruta;valor (milers €);;78625
2017;Santa Cristina d'Aro;renda familiar disponible bruta;per habitant (€);;15374
2017;Santa Cristina d'Aro;renda familiar disponible bruta;per habitant (índex Catalunya=100);;88
2017;Santa Eugènia de Berga;renda familiar disponible bruta;valor (milers €);;37355
2017;Santa Eugènia de Berga;renda familiar disponible bruta;per habitant (€);;16847
2017;Santa Eugènia de Berga;renda familiar disponible bruta;per habitant (índex Catalunya=100);;96,4
2017;Santa Eulàlia de Riuprimer;renda familiar disponible bruta;valor (milers €);;24209
2017;Santa Eulàlia de Riuprimer;renda familiar disponible bruta;per habitant (€);;18847
2017;Santa Eulàlia de Riuprimer;renda familiar disponible bruta;per habitant (índex Catalunya=100);;107,9
2017;Santa Eulàlia de Ronçana;renda familiar disponible bruta;valor (milers €);;128889
2017;Santa Eulàlia de Ronçana;renda familiar disponible bruta;per habitant (€);;18062
2017;Santa Eulàlia de Ronçana;renda familiar disponible bruta;per habitant (índex Catalunya=100);;103,4
2017;Santa Margarida de Montbui;renda familiar disponible bruta;valor (milers €);;117454
2017;Santa Margarida de Montbui;renda familiar disponible bruta;per habitant (€);;11963
2017;Santa Margarida de Montbui;renda familiar disponible bruta;per habitant (índex Catalunya=100);;68,5
2017;Santa Margarida i els Monjos;renda familiar disponible bruta;valor (milers €);;119524
2017;Santa Margarida i els Monjos;renda familiar disponible bruta;per habitant (€);;16021
2017;Santa Margarida i els Monjos;renda familiar disponible bruta;per habitant (índex Catalunya=100);;91,7
2017;Santa Maria d'Oló;renda familiar disponible bruta;valor (milers €);;17898
2017;Santa Maria d'Oló;renda familiar disponible bruta;per habitant (€);;17551
2017;Santa Maria d'Oló;renda familiar disponible bruta;per habitant (índex Catalunya=100);;100,5
2017;Santa Maria de Palautordera;renda familiar disponible bruta;valor (milers €);;155976
2017;Santa Maria de Palautordera;renda familiar disponible bruta;per habitant (€);;16813
2017;Santa Maria de Palautordera;renda familiar disponible bruta;per habitant (índex Catalunya=100);;96,2
2017;Santa Oliva;renda familiar disponible bruta;valor (milers €);;42713
2017;Santa Oliva;renda familiar disponible bruta;per habitant (€);;12918
2017;Santa Oliva;renda familiar disponible bruta;per habitant (índex Catalunya=100);;73,9
2017;Santa Pau;renda familiar disponible bruta;valor (milers €);;29199
2017;Santa Pau;renda familiar disponible bruta;per habitant (€);;19057
2017;Santa Pau;renda familiar disponible bruta;per habitant (índex Catalunya=100);;109,1
2017;Santa Perpètua de Mogoda;renda familiar disponible bruta;valor (milers €);;415268
2017;Santa Perpètua de Mogoda;renda familiar disponible bruta;per habitant (€);;16236
2017;Santa Perpètua de Mogoda;renda familiar disponible bruta;per habitant (índex Catalunya=100);;92,9
2017;Santa Susanna;renda familiar disponible bruta;valor (milers €);;54017
2017;Santa Susanna;renda familiar disponible bruta;per habitant (€);;16252
2017;Santa Susanna;renda familiar disponible bruta;per habitant (índex Catalunya=100);;93
2017;Santpedor;renda familiar disponible bruta;valor (milers €);;133567
2017;Santpedor;renda familiar disponible bruta;per habitant (€);;17937
2017;Santpedor;renda familiar disponible bruta;per habitant (índex Catalunya=100);;102,7
2017;Sarral;renda familiar disponible bruta;valor (milers €);;21602
2017;Sarral;renda familiar disponible bruta;per habitant (€);;13941
2017;Sarral;renda familiar disponible bruta;per habitant (índex Catalunya=100);;79,8
2017;Sarrià de Ter;renda familiar disponible bruta;valor (milers €);;85869
2017;Sarrià de Ter;renda familiar disponible bruta;per habitant (€);;17312
2017;Sarrià de Ter;renda familiar disponible bruta;per habitant (índex Catalunya=100);;99,1
2017;Secuita, la;renda familiar disponible bruta;valor (milers €);;27273
2017;Secuita, la;renda familiar disponible bruta;per habitant (€);;16136
2017;Secuita, la;renda familiar disponible bruta;per habitant (índex Catalunya=100);;92,4
2017;Selva del Camp, la;renda familiar disponible bruta;valor (milers €);;84239
2017;Selva del Camp, la;renda familiar disponible bruta;per habitant (€);;14979
2017;Selva del Camp, la;renda familiar disponible bruta;per habitant (índex Catalunya=100);;85,7
2017;Sénia, la;renda familiar disponible bruta;valor (milers €);;66628
2017;Sénia, la;renda familiar disponible bruta;per habitant (€);;11681
2017;Sénia, la;renda familiar disponible bruta;per habitant (índex Catalunya=100);;66,9
2017;Sentmenat;renda familiar disponible bruta;valor (milers €);;152472
2017;Sentmenat;renda familiar disponible bruta;per habitant (€);;17197
2017;Sentmenat;renda familiar disponible bruta;per habitant (índex Catalunya=100);;98,4
2017;Serinyà;renda familiar disponible bruta;valor (milers €);;17593
2017;Serinyà;renda familiar disponible bruta;per habitant (€);;15904
2017;Serinyà;renda familiar disponible bruta;per habitant (índex Catalunya=100);;91
2017;Seròs;renda familiar disponible bruta;valor (milers €);;23797
2017;Seròs;renda familiar disponible bruta;per habitant (€);;12813
2017;Seròs;renda familiar disponible bruta;per habitant (índex Catalunya=100);;73,3
2017;Seu d'Urgell, la;renda familiar disponible bruta;valor (milers €);;165695
2017;Seu d'Urgell, la;renda familiar disponible bruta;per habitant (€);;13809
2017;Seu d'Urgell, la;renda familiar disponible bruta;per habitant (índex Catalunya=100);;79
2017;Seva;renda familiar disponible bruta;valor (milers €);;63135
2017;Seva;renda familiar disponible bruta;per habitant (€);;18446
2017;Seva;renda familiar disponible bruta;per habitant (índex Catalunya=100);;105,6
2017;Sils;renda familiar disponible bruta;valor (milers €);;89606
2017;Sils;renda familiar disponible bruta;per habitant (€);;15305
2017;Sils;renda familiar disponible bruta;per habitant (índex Catalunya=100);;87,6
2017;Sitges;renda familiar disponible bruta;valor (milers €);;593958
2017;Sitges;renda familiar disponible bruta;per habitant (€);;20994
2017;Sitges;renda familiar disponible bruta;per habitant (índex Catalunya=100);;120,2
2017;Solsona;renda familiar disponible bruta;valor (milers €);;129205
2017;Solsona;renda familiar disponible bruta;per habitant (€);;14244
2017;Solsona;renda familiar disponible bruta;per habitant (índex Catalunya=100);;81,5
2017;Sort;renda familiar disponible bruta;valor (milers €);;34554
2017;Sort;renda familiar disponible bruta;per habitant (€);;16204
2017;Sort;renda familiar disponible bruta;per habitant (índex Catalunya=100);;92,7
2017;Soses;renda familiar disponible bruta;valor (milers €);;24124
2017;Soses;renda familiar disponible bruta;per habitant (€);;14112
2017;Soses;renda familiar disponible bruta;per habitant (índex Catalunya=100);;80,8
2017;Subirats;renda familiar disponible bruta;valor (milers €);;49992
2017;Subirats;renda familiar disponible bruta;per habitant (€);;16628
2017;Subirats;renda familiar disponible bruta;per habitant (índex Catalunya=100);;95,2
2017;Súria;renda familiar disponible bruta;valor (milers €);;102801
2017;Súria;renda familiar disponible bruta;per habitant (€);;17573
2017;Súria;renda familiar disponible bruta;per habitant (índex Catalunya=100);;100,6
2017;Taradell;renda familiar disponible bruta;valor (milers €);;114023
2017;Taradell;renda familiar disponible bruta;per habitant (€);;18080
2017;Taradell;renda familiar disponible bruta;per habitant (índex Catalunya=100);;103,5
2017;Tarragona;renda familiar disponible bruta;valor (milers €);;2131872
2017;Tarragona;renda familiar disponible bruta;per habitant (€);;16127
2017;Tarragona;renda familiar disponible bruta;per habitant (índex Catalunya=100);;92,3
2017;Tàrrega;renda familiar disponible bruta;valor (milers €);;236749
2017;Tàrrega;renda familiar disponible bruta;per habitant (€);;14254
2017;Tàrrega;renda familiar disponible bruta;per habitant (índex Catalunya=100);;81,6
2017;Teià;renda familiar disponible bruta;valor (milers €);;149154
2017;Teià;renda familiar disponible bruta;per habitant (€);;23895
2017;Teià;renda familiar disponible bruta;per habitant (índex Catalunya=100);;136,8
2017;Térmens;renda familiar disponible bruta;valor (milers €);;19225
2017;Térmens;renda familiar disponible bruta;per habitant (€);;13775
2017;Térmens;renda familiar disponible bruta;per habitant (índex Catalunya=100);;78,8
2017;Terrassa;renda familiar disponible bruta;valor (milers €);;3638443
2017;Terrassa;renda familiar disponible bruta;per habitant (€);;16770
2017;Terrassa;renda familiar disponible bruta;per habitant (índex Catalunya=100);;96
2017;Tiana;renda familiar disponible bruta;valor (milers €);;198399
2017;Tiana;renda familiar disponible bruta;per habitant (€);;23160
2017;Tiana;renda familiar disponible bruta;per habitant (índex Catalunya=100);;132,6
2017;Tivissa;renda familiar disponible bruta;valor (milers €);;22326
2017;Tivissa;renda familiar disponible bruta;per habitant (€);;13639
2017;Tivissa;renda familiar disponible bruta;per habitant (índex Catalunya=100);;78,1
2017;Tona;renda familiar disponible bruta;valor (milers €);;140298
2017;Tona;renda familiar disponible bruta;per habitant (€);;17469
2017;Tona;renda familiar disponible bruta;per habitant (índex Catalunya=100);;100
2017;Torà;renda familiar disponible bruta;valor (milers €);;19619
2017;Torà;renda familiar disponible bruta;per habitant (€);;16176
2017;Torà;renda familiar disponible bruta;per habitant (índex Catalunya=100);;92,6
2017;Tordera;renda familiar disponible bruta;valor (milers €);;228336
2017;Tordera;renda familiar disponible bruta;per habitant (€);;13777
2017;Tordera;renda familiar disponible bruta;per habitant (índex Catalunya=100);;78,9
2017;Torelló;renda familiar disponible bruta;valor (milers €);;243601
2017;Torelló;renda familiar disponible bruta;per habitant (€);;17493
2017;Torelló;renda familiar disponible bruta;per habitant (índex Catalunya=100);;100,1
2017;Torre de Claramunt, la;renda familiar disponible bruta;valor (milers €);;57806
2017;Torre de Claramunt, la;renda familiar disponible bruta;per habitant (€);;15564
2017;Torre de Claramunt, la;renda familiar disponible bruta;per habitant (índex Catalunya=100);;89,1
2017;Torredembarra;renda familiar disponible bruta;valor (milers €);;215676
2017;Torredembarra;renda familiar disponible bruta;per habitant (€);;13570
2017;Torredembarra;renda familiar disponible bruta;per habitant (índex Catalunya=100);;77,7
2017;Torrefarrera;renda familiar disponible bruta;valor (milers €);;70421
2017;Torrefarrera;renda familiar disponible bruta;per habitant (€);;15455
2017;Torrefarrera;renda familiar disponible bruta;per habitant (índex Catalunya=100);;88,5
2017;Torregrossa;renda familiar disponible bruta;valor (milers €);;28279
2017;Torregrossa;renda familiar disponible bruta;per habitant (€);;12830
2017;Torregrossa;renda familiar disponible bruta;per habitant (índex Catalunya=100);;73,4
2017;Torrelavit;renda familiar disponible bruta;valor (milers €);;24754
2017;Torrelavit;renda familiar disponible bruta;per habitant (€);;17567
2017;Torrelavit;renda familiar disponible bruta;per habitant (índex Catalunya=100);;100,5
2017;Torrelles de Foix;renda familiar disponible bruta;valor (milers €);;30037
2017;Torrelles de Foix;renda familiar disponible bruta;per habitant (€);;13334
2017;Torrelles de Foix;renda familiar disponible bruta;per habitant (índex Catalunya=100);;76,3
2017;Torrelles de Llobregat;renda familiar disponible bruta;valor (milers €);;109783
2017;Torrelles de Llobregat;renda familiar disponible bruta;per habitant (€);;18609
2017;Torrelles de Llobregat;renda familiar disponible bruta;per habitant (índex Catalunya=100);;106,5
2017;Torres de Segre;renda familiar disponible bruta;valor (milers €);;27330
2017;Torres de Segre;renda familiar disponible bruta;per habitant (€);;12287
2017;Torres de Segre;renda familiar disponible bruta;per habitant (índex Catalunya=100);;70,3
2017;Torroella de Montgrí;renda familiar disponible bruta;valor (milers €);;156836
2017;Torroella de Montgrí;renda familiar disponible bruta;per habitant (€);;13831
2017;Torroella de Montgrí;renda familiar disponible bruta;per habitant (índex Catalunya=100);;79,2
2017;Tortosa;renda familiar disponible bruta;valor (milers €);;477543
2017;Tortosa;renda familiar disponible bruta;per habitant (€);;14382
2017;Tortosa;renda familiar disponible bruta;per habitant (índex Catalunya=100);;82,3
2017;Tossa de Mar;renda familiar disponible bruta;valor (milers €);;74793
2017;Tossa de Mar;renda familiar disponible bruta;per habitant (€);;13640
2017;Tossa de Mar;renda familiar disponible bruta;per habitant (índex Catalunya=100);;78,1
2017;Tremp;renda familiar disponible bruta;valor (milers €);;88890
2017;Tremp;renda familiar disponible bruta;per habitant (€);;15368
2017;Tremp;renda familiar disponible bruta;per habitant (índex Catalunya=100);;88
2017;Ullà;renda familiar disponible bruta;valor (milers €);;15088
2017;Ullà;renda familiar disponible bruta;per habitant (€);;13472
2017;Ullà;renda familiar disponible bruta;per habitant (índex Catalunya=100);;77,1
2017;Ullastrell;renda familiar disponible bruta;valor (milers €);;37900
2017;Ullastrell;renda familiar disponible bruta;per habitant (€);;18429
2017;Ullastrell;renda familiar disponible bruta;per habitant (índex Catalunya=100);;105,5
2017;Ulldecona;renda familiar disponible bruta;valor (milers €);;73692
2017;Ulldecona;renda familiar disponible bruta;per habitant (€);;11619
2017;Ulldecona;renda familiar disponible bruta;per habitant (índex Catalunya=100);;66,5
2017;Vacarisses;renda familiar disponible bruta;valor (milers €);;107217
2017;Vacarisses;renda familiar disponible bruta;per habitant (€);;16775
2017;Vacarisses;renda familiar disponible bruta;per habitant (índex Catalunya=100);;96
2017;Vall d'en Bas, la;renda familiar disponible bruta;valor (milers €);;54844
2017;Vall d'en Bas, la;renda familiar disponible bruta;per habitant (€);;18479
2017;Vall d'en Bas, la;renda familiar disponible bruta;per habitant (índex Catalunya=100);;105,8
2017;Vall de Bianya, la;renda familiar disponible bruta;valor (milers €);;25214
2017;Vall de Bianya, la;renda familiar disponible bruta;per habitant (€);;20139
2017;Vall de Bianya, la;renda familiar disponible bruta;per habitant (índex Catalunya=100);;115,3
2017;Vall de Boí, la;renda familiar disponible bruta;valor (milers €);;15600
2017;Vall de Boí, la;renda familiar disponible bruta;per habitant (€);;15212
2017;Vall de Boí, la;renda familiar disponible bruta;per habitant (índex Catalunya=100);;87,1
2017;Vallbona d'Anoia;renda familiar disponible bruta;valor (milers €);;23240
2017;Vallbona d'Anoia;renda familiar disponible bruta;per habitant (€);;16523
2017;Vallbona d'Anoia;renda familiar disponible bruta;per habitant (índex Catalunya=100);;94,6
2017;Vallfogona de Balaguer;renda familiar disponible bruta;valor (milers €);;26513
2017;Vallfogona de Balaguer;renda familiar disponible bruta;per habitant (€);;14308
2017;Vallfogona de Balaguer;renda familiar disponible bruta;per habitant (índex Catalunya=100);;81,9
2017;Vallgorguina;renda familiar disponible bruta;valor (milers €);;47878
2017;Vallgorguina;renda familiar disponible bruta;per habitant (€);;17021
2017;Vallgorguina;renda familiar disponible bruta;per habitant (índex Catalunya=100);;97,4
2017;Vallirana;renda familiar disponible bruta;valor (milers €);;257650
2017;Vallirana;renda familiar disponible bruta;per habitant (€);;17515
2017;Vallirana;renda familiar disponible bruta;per habitant (índex Catalunya=100);;100,2
2017;Vallmoll;renda familiar disponible bruta;valor (milers €);;27812
2017;Vallmoll;renda familiar disponible bruta;per habitant (€);;16143
2017;Vallmoll;renda familiar disponible bruta;per habitant (índex Catalunya=100);;92,4
2017;Vallromanes;renda familiar disponible bruta;valor (milers €);;56640
2017;Vallromanes;renda familiar disponible bruta;per habitant (€);;22528
2017;Vallromanes;renda familiar disponible bruta;per habitant (índex Catalunya=100);;128,9
2017;Valls;renda familiar disponible bruta;valor (milers €);;386465
2017;Valls;renda familiar disponible bruta;per habitant (€);;15987
2017;Valls;renda familiar disponible bruta;per habitant (índex Catalunya=100);;91,5
2017;Vandellòs i l'Hospitalet de l'Infant;renda familiar disponible bruta;valor (milers €);;92588
2017;Vandellòs i l'Hospitalet de l'Infant;renda familiar disponible bruta;per habitant (€);;14513
2017;Vandellòs i l'Hospitalet de l'Infant;renda familiar disponible bruta;per habitant (índex Catalunya=100);;83,1
2017;Vendrell, el;renda familiar disponible bruta;valor (milers €);;534895
2017;Vendrell, el;renda familiar disponible bruta;per habitant (€);;14577
2017;Vendrell, el;renda familiar disponible bruta;per habitant (índex Catalunya=100);;83,4
2017;Verges;renda familiar disponible bruta;valor (milers €);;18960
2017;Verges;renda familiar disponible bruta;per habitant (€);;16417
2017;Verges;renda familiar disponible bruta;per habitant (índex Catalunya=100);;94
2017;Vic;renda familiar disponible bruta;valor (milers €);;773525
2017;Vic;renda familiar disponible bruta;per habitant (€);;17579
2017;Vic;renda familiar disponible bruta;per habitant (índex Catalunya=100);;100,6
2017;Vidreres;renda familiar disponible bruta;valor (milers €);;114658
2017;Vidreres;renda familiar disponible bruta;per habitant (€);;15115
2017;Vidreres;renda familiar disponible bruta;per habitant (índex Catalunya=100);;86,5
2017;Vielha e Mijaran;renda familiar disponible bruta;valor (milers €);;83777
2017;Vielha e Mijaran;renda familiar disponible bruta;per habitant (€);;15419
2017;Vielha e Mijaran;renda familiar disponible bruta;per habitant (índex Catalunya=100);;88,3
2017;Vilablareix;renda familiar disponible bruta;valor (milers €);;51987
2017;Vilablareix;renda familiar disponible bruta;per habitant (€);;19443
2017;Vilablareix;renda familiar disponible bruta;per habitant (índex Catalunya=100);;111,3
2017;Viladecans;renda familiar disponible bruta;valor (milers €);;1101683
2017;Viladecans;renda familiar disponible bruta;per habitant (€);;16808
2017;Viladecans;renda familiar disponible bruta;per habitant (índex Catalunya=100);;96,2
2017;Viladecavalls;renda familiar disponible bruta;valor (milers €);;138036
2017;Viladecavalls;renda familiar disponible bruta;per habitant (€);;18608
2017;Viladecavalls;renda familiar disponible bruta;per habitant (índex Catalunya=100);;106,5
2017;Viladrau;renda familiar disponible bruta;valor (milers €);;18629
2017;Viladrau;renda familiar disponible bruta;per habitant (€);;18256
2017;Viladrau;renda familiar disponible bruta;per habitant (índex Catalunya=100);;104,5
2017;Vilafant;renda familiar disponible bruta;valor (milers €);;84962
2017;Vilafant;renda familiar disponible bruta;per habitant (€);;15963
2017;Vilafant;renda familiar disponible bruta;per habitant (índex Catalunya=100);;91,4
2017;Vilafranca del Penedès;renda familiar disponible bruta;valor (milers €);;641835
2017;Vilafranca del Penedès;renda familiar disponible bruta;per habitant (€);;16196
2017;Vilafranca del Penedès;renda familiar disponible bruta;per habitant (índex Catalunya=100);;92,7
2017;Vilajuïga;renda familiar disponible bruta;valor (milers €);;17063
2017;Vilajuïga;renda familiar disponible bruta;per habitant (€);;15647
2017;Vilajuïga;renda familiar disponible bruta;per habitant (índex Catalunya=100);;89,6
2017;Vilallonga del Camp;renda familiar disponible bruta;valor (milers €);;34971
2017;Vilallonga del Camp;renda familiar disponible bruta;per habitant (€);;14916
2017;Vilallonga del Camp;renda familiar disponible bruta;per habitant (índex Catalunya=100);;85,4
2017;Vilamalla;renda familiar disponible bruta;valor (milers €);;17155
2017;Vilamalla;renda familiar disponible bruta;per habitant (€);;15267
2017;Vilamalla;renda familiar disponible bruta;per habitant (índex Catalunya=100);;87,4
2017;Vilanova de Bellpuig;renda familiar disponible bruta;valor (milers €);;16886
2017;Vilanova de Bellpuig;renda familiar disponible bruta;per habitant (€);;14413
2017;Vilanova de Bellpuig;renda familiar disponible bruta;per habitant (índex Catalunya=100);;82,5
2017;Vilanova de la Barca;renda familiar disponible bruta;valor (milers €);;15137
2017;Vilanova de la Barca;renda familiar disponible bruta;per habitant (€);;14806
2017;Vilanova de la Barca;renda familiar disponible bruta;per habitant (índex Catalunya=100);;84,7
2017;Vilanova de Segrià;renda familiar disponible bruta;valor (milers €);;13300
2017;Vilanova de Segrià;renda familiar disponible bruta;per habitant (€);;14352
2017;Vilanova de Segrià;renda familiar disponible bruta;per habitant (índex Catalunya=100);;82,1
2017;Vilanova del Camí;renda familiar disponible bruta;valor (milers €);;170255
2017;Vilanova del Camí;renda familiar disponible bruta;per habitant (€);;13780
2017;Vilanova del Camí;renda familiar disponible bruta;per habitant (índex Catalunya=100);;78,9
2017;Vilanova del Vallès;renda familiar disponible bruta;valor (milers €);;110207
2017;Vilanova del Vallès;renda familiar disponible bruta;per habitant (€);;20811
2017;Vilanova del Vallès;renda familiar disponible bruta;per habitant (índex Catalunya=100);;119,1
2017;Vilanova i la Geltrú;renda familiar disponible bruta;valor (milers €);;1093948
2017;Vilanova i la Geltrú;renda familiar disponible bruta;per habitant (€);;16797
2017;Vilanova i la Geltrú;renda familiar disponible bruta;per habitant (índex Catalunya=100);;96,1
2017;Vila-rodona;renda familiar disponible bruta;valor (milers €);;17643
2017;Vila-rodona;renda familiar disponible bruta;per habitant (€);;14024
2017;Vila-rodona;renda familiar disponible bruta;per habitant (índex Catalunya=100);;80,3
2017;Vila-seca;renda familiar disponible bruta;valor (milers €);;297002
2017;Vila-seca;renda familiar disponible bruta;per habitant (€);;13440
2017;Vila-seca;renda familiar disponible bruta;per habitant (índex Catalunya=100);;76,9
2017;Vilassar de Dalt;renda familiar disponible bruta;valor (milers €);;181344
2017;Vilassar de Dalt;renda familiar disponible bruta;per habitant (€);;20439
2017;Vilassar de Dalt;renda familiar disponible bruta;per habitant (índex Catalunya=100);;117
2017;Vilassar de Mar;renda familiar disponible bruta;valor (milers €);;424186
2017;Vilassar de Mar;renda familiar disponible bruta;per habitant (€);;20756
2017;Vilassar de Mar;renda familiar disponible bruta;per habitant (índex Catalunya=100);;118,8
2017;Vilobí d'Onyar;renda familiar disponible bruta;valor (milers €);;53007
2017;Vilobí d'Onyar;renda familiar disponible bruta;per habitant (€);;16980
2017;Vilobí d'Onyar;renda familiar disponible bruta;per habitant (índex Catalunya=100);;97,2
2017;Vilobí del Penedès;renda familiar disponible bruta;valor (milers €);;18561
2017;Vilobí del Penedès;renda familiar disponible bruta;per habitant (€);;16944
2017;Vilobí del Penedès;renda familiar disponible bruta;per habitant (índex Catalunya=100);;97
2017;Vinyols i els Arcs;renda familiar disponible bruta;valor (milers €);;30419
2017;Vinyols i els Arcs;renda familiar disponible bruta;per habitant (€);;15494
2017;Vinyols i els Arcs;renda familiar disponible bruta;per habitant (índex Catalunya=100);;88,7
2017;Xerta;renda familiar disponible bruta;valor (milers €);;16599
2017;Xerta;renda familiar disponible bruta;per habitant (€);;14194
2017;Xerta;renda familiar disponible bruta;per habitant (índex Catalunya=100);;81,2
