any;municipi;concepte;indicador;estat;valor
2021;Abrera;renda familiar disponible bruta;valor (milers €);;241196
2021;Abrera;renda familiar disponible bruta;per habitant (€);;19070
2021;Abrera;renda familiar disponible bruta;per habitant (índex Catalunya=100);;102,3
2021;Agramunt;renda familiar disponible bruta;valor (milers €);;88440
2021;Agramunt;renda familiar disponible bruta;per habitant (€);;16216
2021;Agramunt;renda familiar disponible bruta;per habitant (índex Catalunya=100);;87
2021;Aiguafreda;renda familiar disponible bruta;valor (milers €);;51102
2021;Aiguafreda;renda familiar disponible bruta;per habitant (€);;20016
2021;Aiguafreda;renda familiar disponible bruta;per habitant (índex Catalunya=100);;107,4
2021;Aitona;renda familiar disponible bruta;valor (milers €);;31737
2021;Aitona;renda familiar disponible bruta;per habitant (€);;12705
2021;Aitona;renda familiar disponible bruta;per habitant (índex Catalunya=100);;68,2
2021;Albatàrrec;renda familiar disponible bruta;valor (milers €);;30997
2021;Albatàrrec;renda familiar disponible bruta;per habitant (€);;14077
2021;Albatàrrec;renda familiar disponible bruta;per habitant (índex Catalunya=100);;75,5
2021;Albesa;renda familiar disponible bruta;valor (milers €);;23924
2021;Albesa;renda familiar disponible bruta;per habitant (€);;15248
2021;Albesa;renda familiar disponible bruta;per habitant (índex Catalunya=100);;81,8
2021;Albinyana;renda familiar disponible bruta;valor (milers €);;37043
2021;Albinyana;renda familiar disponible bruta;per habitant (€);;14595
2021;Albinyana;renda familiar disponible bruta;per habitant (índex Catalunya=100);;78,3
2021;Alcanar;renda familiar disponible bruta;valor (milers €);;137708
2021;Alcanar;renda familiar disponible bruta;per habitant (€);;14403
2021;Alcanar;renda familiar disponible bruta;per habitant (índex Catalunya=100);;77,3
2021;Alcarràs;renda familiar disponible bruta;valor (milers €);;138958
2021;Alcarràs;renda familiar disponible bruta;per habitant (€);;14057
2021;Alcarràs;renda familiar disponible bruta;per habitant (índex Catalunya=100);;75,4
2021;Alcoletge;renda familiar disponible bruta;valor (milers €);;53297
2021;Alcoletge;renda familiar disponible bruta;per habitant (€);;15193
2021;Alcoletge;renda familiar disponible bruta;per habitant (índex Catalunya=100);;81,5
2021;Alcover;renda familiar disponible bruta;valor (milers €);;87335
2021;Alcover;renda familiar disponible bruta;per habitant (€);;16702
2021;Alcover;renda familiar disponible bruta;per habitant (índex Catalunya=100);;89,6
2021;Aldea, l';renda familiar disponible bruta;valor (milers €);;58422
2021;Aldea, l';renda familiar disponible bruta;per habitant (€);;13672
2021;Aldea, l';renda familiar disponible bruta;per habitant (índex Catalunya=100);;73,4
2021;Alella;renda familiar disponible bruta;valor (milers €);;254422
2021;Alella;renda familiar disponible bruta;per habitant (€);;25407
2021;Alella;renda familiar disponible bruta;per habitant (índex Catalunya=100);;136,3
2021;Alfarràs;renda familiar disponible bruta;valor (milers €);;41972
2021;Alfarràs;renda familiar disponible bruta;per habitant (€);;15093
2021;Alfarràs;renda familiar disponible bruta;per habitant (índex Catalunya=100);;81
2021;Alforja;renda familiar disponible bruta;valor (milers €);;29825
2021;Alforja;renda familiar disponible bruta;per habitant (€);;15772
2021;Alforja;renda familiar disponible bruta;per habitant (índex Catalunya=100);;84,6
2021;Alguaire;renda familiar disponible bruta;valor (milers €);;46348
2021;Alguaire;renda familiar disponible bruta;per habitant (€);;15176
2021;Alguaire;renda familiar disponible bruta;per habitant (índex Catalunya=100);;81,4
2021;Almacelles;renda familiar disponible bruta;valor (milers €);;90066
2021;Almacelles;renda familiar disponible bruta;per habitant (€);;12926
2021;Almacelles;renda familiar disponible bruta;per habitant (índex Catalunya=100);;69,4
2021;Almenar;renda familiar disponible bruta;valor (milers €);;50616
2021;Almenar;renda familiar disponible bruta;per habitant (€);;15002
2021;Almenar;renda familiar disponible bruta;per habitant (índex Catalunya=100);;80,5
2021;Almoster;renda familiar disponible bruta;valor (milers €);;29490
2021;Almoster;renda familiar disponible bruta;per habitant (€);;22546
2021;Almoster;renda familiar disponible bruta;per habitant (índex Catalunya=100);;121
2021;Alp;renda familiar disponible bruta;valor (milers €);;28330
2021;Alp;renda familiar disponible bruta;per habitant (€);;16863
2021;Alp;renda familiar disponible bruta;per habitant (índex Catalunya=100);;90,5
2021;Alpicat;renda familiar disponible bruta;valor (milers €);;128717
2021;Alpicat;renda familiar disponible bruta;per habitant (€);;20306
2021;Alpicat;renda familiar disponible bruta;per habitant (índex Catalunya=100);;109
2021;Altafulla;renda familiar disponible bruta;valor (milers €);;107156
2021;Altafulla;renda familiar disponible bruta;per habitant (€);;19325
2021;Altafulla;renda familiar disponible bruta;per habitant (índex Catalunya=100);;103,7
2021;Amer;renda familiar disponible bruta;valor (milers €);;41454
2021;Amer;renda familiar disponible bruta;per habitant (€);;17287
2021;Amer;renda familiar disponible bruta;per habitant (índex Catalunya=100);;92,8
2021;Ametlla de Mar, l';renda familiar disponible bruta;valor (milers €);;101616
2021;Ametlla de Mar, l';renda familiar disponible bruta;per habitant (€);;14102
2021;Ametlla de Mar, l';renda familiar disponible bruta;per habitant (índex Catalunya=100);;75,7
2021;Ametlla del Vallès, l';renda familiar disponible bruta;valor (milers €);;217293
2021;Ametlla del Vallès, l';renda familiar disponible bruta;per habitant (€);;24420
2021;Ametlla del Vallès, l';renda familiar disponible bruta;per habitant (índex Catalunya=100);;131
2021;Ampolla, l';renda familiar disponible bruta;valor (milers €);;52825
2021;Ampolla, l';renda familiar disponible bruta;per habitant (€);;15050
2021;Ampolla, l';renda familiar disponible bruta;per habitant (índex Catalunya=100);;80,8
2021;Amposta;renda familiar disponible bruta;valor (milers €);;303237
2021;Amposta;renda familiar disponible bruta;per habitant (€);;14118
2021;Amposta;renda familiar disponible bruta;per habitant (índex Catalunya=100);;75,8
2021;Anglès;renda familiar disponible bruta;valor (milers €);;92797
2021;Anglès;renda familiar disponible bruta;per habitant (€);;16289
2021;Anglès;renda familiar disponible bruta;per habitant (índex Catalunya=100);;87,4
2021;Anglesola;renda familiar disponible bruta;valor (milers €);;20513
2021;Anglesola;renda familiar disponible bruta;per habitant (€);;15195
2021;Anglesola;renda familiar disponible bruta;per habitant (índex Catalunya=100);;81,5
2021;Arbeca;renda familiar disponible bruta;valor (milers €);;34149
2021;Arbeca;renda familiar disponible bruta;per habitant (€);;16077
2021;Arbeca;renda familiar disponible bruta;per habitant (índex Catalunya=100);;86,3
2021;Arboç, l';renda familiar disponible bruta;valor (milers €);;81777
2021;Arboç, l';renda familiar disponible bruta;per habitant (€);;14603
2021;Arboç, l';renda familiar disponible bruta;per habitant (índex Catalunya=100);;78,4
2021;Arbúcies;renda familiar disponible bruta;valor (milers €);;99126
2021;Arbúcies;renda familiar disponible bruta;per habitant (€);;15243
2021;Arbúcies;renda familiar disponible bruta;per habitant (índex Catalunya=100);;81,8
2021;Arenys de Mar;renda familiar disponible bruta;valor (milers €);;289890
2021;Arenys de Mar;renda familiar disponible bruta;per habitant (€);;18059
2021;Arenys de Mar;renda familiar disponible bruta;per habitant (índex Catalunya=100);;96,9
2021;Arenys de Munt;renda familiar disponible bruta;valor (milers €);;174940
2021;Arenys de Munt;renda familiar disponible bruta;per habitant (€);;18990
2021;Arenys de Munt;renda familiar disponible bruta;per habitant (índex Catalunya=100);;101,9
2021;Argentona;renda familiar disponible bruta;valor (milers €);;248520
2021;Argentona;renda familiar disponible bruta;per habitant (€);;19592
2021;Argentona;renda familiar disponible bruta;per habitant (índex Catalunya=100);;105,1
2021;Armentera, l';renda familiar disponible bruta;valor (milers €);;16075
2021;Armentera, l';renda familiar disponible bruta;per habitant (€);;15668
2021;Armentera, l';renda familiar disponible bruta;per habitant (índex Catalunya=100);;84,1
2021;Artés;renda familiar disponible bruta;valor (milers €);;104435
2021;Artés;renda familiar disponible bruta;per habitant (€);;17920
2021;Artés;renda familiar disponible bruta;per habitant (índex Catalunya=100);;96,2
2021;Artesa de Lleida;renda familiar disponible bruta;valor (milers €);;23700
2021;Artesa de Lleida;renda familiar disponible bruta;per habitant (€);;15429
2021;Artesa de Lleida;renda familiar disponible bruta;per habitant (índex Catalunya=100);;82,8
2021;Artesa de Segre;renda familiar disponible bruta;valor (milers €);;51685
2021;Artesa de Segre;renda familiar disponible bruta;per habitant (€);;14848
2021;Artesa de Segre;renda familiar disponible bruta;per habitant (índex Catalunya=100);;79,7
2021;Ascó;renda familiar disponible bruta;valor (milers €);;26288
2021;Ascó;renda familiar disponible bruta;per habitant (€);;16247
2021;Ascó;renda familiar disponible bruta;per habitant (índex Catalunya=100);;87,2
2021;Avià;renda familiar disponible bruta;valor (milers €);;41751
2021;Avià;renda familiar disponible bruta;per habitant (€);;18824
2021;Avià;renda familiar disponible bruta;per habitant (índex Catalunya=100);;101
2021;Avinyó;renda familiar disponible bruta;valor (milers €);;40526
2021;Avinyó;renda familiar disponible bruta;per habitant (€);;17759
2021;Avinyó;renda familiar disponible bruta;per habitant (índex Catalunya=100);;95,3
2021;Avinyonet de Puigventós;renda familiar disponible bruta;valor (milers €);;29478
2021;Avinyonet de Puigventós;renda familiar disponible bruta;per habitant (€);;17683
2021;Avinyonet de Puigventós;renda familiar disponible bruta;per habitant (índex Catalunya=100);;94,9
2021;Avinyonet del Penedès;renda familiar disponible bruta;valor (milers €);;30072
2021;Avinyonet del Penedès;renda familiar disponible bruta;per habitant (€);;17555
2021;Avinyonet del Penedès;renda familiar disponible bruta;per habitant (índex Catalunya=100);;94,2
2021;Badalona;renda familiar disponible bruta;valor (milers €);;3916076
2021;Badalona;renda familiar disponible bruta;per habitant (€);;17635
2021;Badalona;renda familiar disponible bruta;per habitant (índex Catalunya=100);;94,6
2021;Badia del Vallès;renda familiar disponible bruta;valor (milers €);;195982
2021;Badia del Vallès;renda familiar disponible bruta;per habitant (€);;14825
2021;Badia del Vallès;renda familiar disponible bruta;per habitant (índex Catalunya=100);;79,5
2021;Bagà;renda familiar disponible bruta;valor (milers €);;41123
2021;Bagà;renda familiar disponible bruta;per habitant (€);;19039
2021;Bagà;renda familiar disponible bruta;per habitant (índex Catalunya=100);;102,2
2021;Balaguer;renda familiar disponible bruta;valor (milers €);;247700
2021;Balaguer;renda familiar disponible bruta;per habitant (€);;14277
2021;Balaguer;renda familiar disponible bruta;per habitant (índex Catalunya=100);;76,6
2021;Balenyà;renda familiar disponible bruta;valor (milers €);;64943
2021;Balenyà;renda familiar disponible bruta;per habitant (€);;16614
2021;Balenyà;renda familiar disponible bruta;per habitant (índex Catalunya=100);;89,1
2021;Balsareny;renda familiar disponible bruta;valor (milers €);;58686
2021;Balsareny;renda familiar disponible bruta;per habitant (€);;17985
2021;Balsareny;renda familiar disponible bruta;per habitant (índex Catalunya=100);;96,5
2021;Banyeres del Penedès;renda familiar disponible bruta;valor (milers €);;55476
2021;Banyeres del Penedès;renda familiar disponible bruta;per habitant (€);;16913
2021;Banyeres del Penedès;renda familiar disponible bruta;per habitant (índex Catalunya=100);;90,8
2021;Banyoles;renda familiar disponible bruta;valor (milers €);;366219
2021;Banyoles;renda familiar disponible bruta;per habitant (€);;18174
2021;Banyoles;renda familiar disponible bruta;per habitant (índex Catalunya=100);;97,5
2021;Barberà del Vallès;renda familiar disponible bruta;valor (milers €);;619672
2021;Barberà del Vallès;renda familiar disponible bruta;per habitant (€);;18726
2021;Barberà del Vallès;renda familiar disponible bruta;per habitant (índex Catalunya=100);;100,5
2021;Barcelona;renda familiar disponible bruta;valor (milers €);;35889411
2021;Barcelona;renda familiar disponible bruta;per habitant (€);;22136
2021;Barcelona;renda familiar disponible bruta;per habitant (índex Catalunya=100);;118,8
2021;Bàscara;renda familiar disponible bruta;valor (milers €);;16535
2021;Bàscara;renda familiar disponible bruta;per habitant (€);;16243
2021;Bàscara;renda familiar disponible bruta;per habitant (índex Catalunya=100);;87,2
2021;Batea;renda familiar disponible bruta;valor (milers €);;25619
2021;Batea;renda familiar disponible bruta;per habitant (€);;13634
2021;Batea;renda familiar disponible bruta;per habitant (índex Catalunya=100);;73,2
2021;Begues;renda familiar disponible bruta;valor (milers €);;164698
2021;Begues;renda familiar disponible bruta;per habitant (€);;22281
2021;Begues;renda familiar disponible bruta;per habitant (índex Catalunya=100);;119,6
2021;Begur;renda familiar disponible bruta;valor (milers €);;71952
2021;Begur;renda familiar disponible bruta;per habitant (€);;17422
2021;Begur;renda familiar disponible bruta;per habitant (índex Catalunya=100);;93,5
2021;Bellcaire d'Urgell;renda familiar disponible bruta;valor (milers €);;19056
2021;Bellcaire d'Urgell;renda familiar disponible bruta;per habitant (€);;15607
2021;Bellcaire d'Urgell;renda familiar disponible bruta;per habitant (índex Catalunya=100);;83,7
2021;Bell-lloc d'Urgell;renda familiar disponible bruta;valor (milers €);;39102
2021;Bell-lloc d'Urgell;renda familiar disponible bruta;per habitant (€);;16811
2021;Bell-lloc d'Urgell;renda familiar disponible bruta;per habitant (índex Catalunya=100);;90,2
2021;Bellpuig;renda familiar disponible bruta;valor (milers €);;76498
2021;Bellpuig;renda familiar disponible bruta;per habitant (€);;14759
2021;Bellpuig;renda familiar disponible bruta;per habitant (índex Catalunya=100);;79,2
2021;Bellvei;renda familiar disponible bruta;valor (milers €);;32794
2021;Bellvei;renda familiar disponible bruta;per habitant (€);;14196
2021;Bellvei;renda familiar disponible bruta;per habitant (índex Catalunya=100);;76,2
2021;Bellver de Cerdanya;renda familiar disponible bruta;valor (milers €);;38089
2021;Bellver de Cerdanya;renda familiar disponible bruta;per habitant (€);;17577
2021;Bellver de Cerdanya;renda familiar disponible bruta;per habitant (índex Catalunya=100);;94,3
2021;Bellvís;renda familiar disponible bruta;valor (milers €);;34406
2021;Bellvís;renda familiar disponible bruta;per habitant (€);;15319
2021;Bellvís;renda familiar disponible bruta;per habitant (índex Catalunya=100);;82,2
2021;Benavent de Segrià;renda familiar disponible bruta;valor (milers €);;25878
2021;Benavent de Segrià;renda familiar disponible bruta;per habitant (€);;16739
2021;Benavent de Segrià;renda familiar disponible bruta;per habitant (índex Catalunya=100);;89,8
2021;Benissanet;renda familiar disponible bruta;valor (milers €);;16224
2021;Benissanet;renda familiar disponible bruta;per habitant (€);;14034
2021;Benissanet;renda familiar disponible bruta;per habitant (índex Catalunya=100);;75,3
2021;Berga;renda familiar disponible bruta;valor (milers €);;298003
2021;Berga;renda familiar disponible bruta;per habitant (€);;17821
2021;Berga;renda familiar disponible bruta;per habitant (índex Catalunya=100);;95,6
2021;Besalú;renda familiar disponible bruta;valor (milers €);;43499
2021;Besalú;renda familiar disponible bruta;per habitant (€);;17505
2021;Besalú;renda familiar disponible bruta;per habitant (índex Catalunya=100);;93,9
2021;Bescanó;renda familiar disponible bruta;valor (milers €);;94335
2021;Bescanó;renda familiar disponible bruta;per habitant (€);;18364
2021;Bescanó;renda familiar disponible bruta;per habitant (índex Catalunya=100);;98,5
2021;Bigues i Riells del Fai;renda familiar disponible bruta;valor (milers €);;197811
2021;Bigues i Riells del Fai;renda familiar disponible bruta;per habitant (€);;20509
2021;Bigues i Riells del Fai;renda familiar disponible bruta;per habitant (índex Catalunya=100);;110
2021;Bisbal d'Empordà, la;renda familiar disponible bruta;valor (milers €);;172834
2021;Bisbal d'Empordà, la;renda familiar disponible bruta;per habitant (€);;15495
2021;Bisbal d'Empordà, la;renda familiar disponible bruta;per habitant (índex Catalunya=100);;83,1
2021;Bisbal del Penedès, la;renda familiar disponible bruta;valor (milers €);;60036
2021;Bisbal del Penedès, la;renda familiar disponible bruta;per habitant (€);;15296
2021;Bisbal del Penedès, la;renda familiar disponible bruta;per habitant (índex Catalunya=100);;82,1
2021;Blanes;renda familiar disponible bruta;valor (milers €);;618772
2021;Blanes;renda familiar disponible bruta;per habitant (€);;15373
2021;Blanes;renda familiar disponible bruta;per habitant (índex Catalunya=100);;82,5
2021;Bordils;renda familiar disponible bruta;valor (milers €);;32495
2021;Bordils;renda familiar disponible bruta;per habitant (€);;18063
2021;Bordils;renda familiar disponible bruta;per habitant (índex Catalunya=100);;96,9
2021;Borges Blanques, les;renda familiar disponible bruta;valor (milers €);;97388
2021;Borges Blanques, les;renda familiar disponible bruta;per habitant (€);;15685
2021;Borges Blanques, les;renda familiar disponible bruta;per habitant (índex Catalunya=100);;84,2
2021;Borges del Camp, les;renda familiar disponible bruta;valor (milers €);;34386
2021;Borges del Camp, les;renda familiar disponible bruta;per habitant (€);;16151
2021;Borges del Camp, les;renda familiar disponible bruta;per habitant (índex Catalunya=100);;86,7
2021;Bossòst;renda familiar disponible bruta;valor (milers €);;18728
2021;Bossòst;renda familiar disponible bruta;per habitant (€);;16677
2021;Bossòst;renda familiar disponible bruta;per habitant (índex Catalunya=100);;89,5
2021;Botarell;renda familiar disponible bruta;valor (milers €);;18744
2021;Botarell;renda familiar disponible bruta;per habitant (€);;17134
2021;Botarell;renda familiar disponible bruta;per habitant (índex Catalunya=100);;91,9
2021;Breda;renda familiar disponible bruta;valor (milers €);;65503
2021;Breda;renda familiar disponible bruta;per habitant (€);;17067
2021;Breda;renda familiar disponible bruta;per habitant (índex Catalunya=100);;91,6
2021;Bruc, el;renda familiar disponible bruta;valor (milers €);;44976
2021;Bruc, el;renda familiar disponible bruta;per habitant (€);;20379
2021;Bruc, el;renda familiar disponible bruta;per habitant (índex Catalunya=100);;109,3
2021;Cabanyes, les;renda familiar disponible bruta;valor (milers €);;19826
2021;Cabanyes, les;renda familiar disponible bruta;per habitant (€);;19806
2021;Cabanyes, les;renda familiar disponible bruta;per habitant (índex Catalunya=100);;106,3
2021;Cabra del Camp;renda familiar disponible bruta;valor (milers €);;18245
2021;Cabra del Camp;renda familiar disponible bruta;per habitant (€);;14655
2021;Cabra del Camp;renda familiar disponible bruta;per habitant (índex Catalunya=100);;78,6
2021;Cabrera d'Anoia;renda familiar disponible bruta;valor (milers €);;25444
2021;Cabrera d'Anoia;renda familiar disponible bruta;per habitant (€);;16145
2021;Cabrera d'Anoia;renda familiar disponible bruta;per habitant (índex Catalunya=100);;86,6
2021;Cabrera de Mar;renda familiar disponible bruta;valor (milers €);;115958
2021;Cabrera de Mar;renda familiar disponible bruta;per habitant (€);;24013
2021;Cabrera de Mar;renda familiar disponible bruta;per habitant (índex Catalunya=100);;128,8
2021;Cabrils;renda familiar disponible bruta;valor (milers €);;187291
2021;Cabrils;renda familiar disponible bruta;per habitant (€);;24518
2021;Cabrils;renda familiar disponible bruta;per habitant (índex Catalunya=100);;131,6
2021;Cadaqués;renda familiar disponible bruta;valor (milers €);;37544
2021;Cadaqués;renda familiar disponible bruta;per habitant (€);;13220
2021;Cadaqués;renda familiar disponible bruta;per habitant (índex Catalunya=100);;70,9
2021;Calaf;renda familiar disponible bruta;valor (milers €);;56488
2021;Calaf;renda familiar disponible bruta;per habitant (€);;15752
2021;Calaf;renda familiar disponible bruta;per habitant (índex Catalunya=100);;84,5
2021;Calafell;renda familiar disponible bruta;valor (milers €);;442153
2021;Calafell;renda familiar disponible bruta;per habitant (€);;15420
2021;Calafell;renda familiar disponible bruta;per habitant (índex Catalunya=100);;82,7
2021;Calders;renda familiar disponible bruta;valor (milers €);;21487
2021;Calders;renda familiar disponible bruta;per habitant (€);;19858
2021;Calders;renda familiar disponible bruta;per habitant (índex Catalunya=100);;106,6
2021;Caldes d'Estrac;renda familiar disponible bruta;valor (milers €);;64596
2021;Caldes d'Estrac;renda familiar disponible bruta;per habitant (€);;20737
2021;Caldes d'Estrac;renda familiar disponible bruta;per habitant (índex Catalunya=100);;111,3
2021;Caldes de Malavella;renda familiar disponible bruta;valor (milers €);;146033
2021;Caldes de Malavella;renda familiar disponible bruta;per habitant (€);;18013
2021;Caldes de Malavella;renda familiar disponible bruta;per habitant (índex Catalunya=100);;96,7
2021;Caldes de Montbui;renda familiar disponible bruta;valor (milers €);;339101
2021;Caldes de Montbui;renda familiar disponible bruta;per habitant (€);;18994
2021;Caldes de Montbui;renda familiar disponible bruta;per habitant (índex Catalunya=100);;101,9
2021;Calella;renda familiar disponible bruta;valor (milers €);;293874
2021;Calella;renda familiar disponible bruta;per habitant (€);;15273
2021;Calella;renda familiar disponible bruta;per habitant (índex Catalunya=100);;82
2021;Calldetenes;renda familiar disponible bruta;valor (milers €);;46884
2021;Calldetenes;renda familiar disponible bruta;per habitant (€);;18649
2021;Calldetenes;renda familiar disponible bruta;per habitant (índex Catalunya=100);;100,1
2021;Callús;renda familiar disponible bruta;valor (milers €);;36743
2021;Callús;renda familiar disponible bruta;per habitant (€);;17405
2021;Callús;renda familiar disponible bruta;per habitant (índex Catalunya=100);;93,4
2021;Calonge i Sant Antoni;renda familiar disponible bruta;valor (milers €);;175414
2021;Calonge i Sant Antoni;renda familiar disponible bruta;per habitant (€);;15164
2021;Calonge i Sant Antoni;renda familiar disponible bruta;per habitant (índex Catalunya=100);;81,4
2021;Camarles;renda familiar disponible bruta;valor (milers €);;47929
2021;Camarles;renda familiar disponible bruta;per habitant (€);;14511
2021;Camarles;renda familiar disponible bruta;per habitant (índex Catalunya=100);;77,9
2021;Cambrils;renda familiar disponible bruta;valor (milers €);;595450
2021;Cambrils;renda familiar disponible bruta;per habitant (€);;16868
2021;Cambrils;renda familiar disponible bruta;per habitant (índex Catalunya=100);;90,5
2021;Campdevànol;renda familiar disponible bruta;valor (milers €);;61405
2021;Campdevànol;renda familiar disponible bruta;per habitant (€);;19046
2021;Campdevànol;renda familiar disponible bruta;per habitant (índex Catalunya=100);;102,2
2021;Camprodon;renda familiar disponible bruta;valor (milers €);;41455
2021;Camprodon;renda familiar disponible bruta;per habitant (€);;16962
2021;Camprodon;renda familiar disponible bruta;per habitant (índex Catalunya=100);;91
2021;Canet de Mar;renda familiar disponible bruta;valor (milers €);;259123
2021;Canet de Mar;renda familiar disponible bruta;per habitant (€);;17466
2021;Canet de Mar;renda familiar disponible bruta;per habitant (índex Catalunya=100);;93,7
2021;Canonja, la;renda familiar disponible bruta;valor (milers €);;90951
2021;Canonja, la;renda familiar disponible bruta;per habitant (€);;15348
2021;Canonja, la;renda familiar disponible bruta;per habitant (índex Catalunya=100);;82,4
2021;Canovelles;renda familiar disponible bruta;valor (milers €);;255701
2021;Canovelles;renda familiar disponible bruta;per habitant (€);;15193
2021;Canovelles;renda familiar disponible bruta;per habitant (índex Catalunya=100);;81,5
2021;Cànoves i Samalús;renda familiar disponible bruta;valor (milers €);;63115
2021;Cànoves i Samalús;renda familiar disponible bruta;per habitant (€);;19444
2021;Cànoves i Samalús;renda familiar disponible bruta;per habitant (índex Catalunya=100);;104,3
2021;Canyelles;renda familiar disponible bruta;valor (milers €);;91509
2021;Canyelles;renda familiar disponible bruta;per habitant (€);;18475
2021;Canyelles;renda familiar disponible bruta;per habitant (índex Catalunya=100);;99,1
2021;Capellades;renda familiar disponible bruta;valor (milers €);;95492
2021;Capellades;renda familiar disponible bruta;per habitant (€);;17923
2021;Capellades;renda familiar disponible bruta;per habitant (índex Catalunya=100);;96,2
2021;Cardedeu;renda familiar disponible bruta;valor (milers €);;359747
2021;Cardedeu;renda familiar disponible bruta;per habitant (€);;19197
2021;Cardedeu;renda familiar disponible bruta;per habitant (índex Catalunya=100);;103
2021;Cardona;renda familiar disponible bruta;valor (milers €);;81874
2021;Cardona;renda familiar disponible bruta;per habitant (€);;17861
2021;Cardona;renda familiar disponible bruta;per habitant (índex Catalunya=100);;95,8
2021;Cassà de la Selva;renda familiar disponible bruta;valor (milers €);;184251
2021;Cassà de la Selva;renda familiar disponible bruta;per habitant (€);;17425
2021;Cassà de la Selva;renda familiar disponible bruta;per habitant (índex Catalunya=100);;93,5
2021;Casserres;renda familiar disponible bruta;valor (milers €);;28462
2021;Casserres;renda familiar disponible bruta;per habitant (€);;17313
2021;Casserres;renda familiar disponible bruta;per habitant (índex Catalunya=100);;92,9
2021;Castell d'Aro, Platja d'Aro i s'Agaró;renda familiar disponible bruta;valor (milers €);;161194
2021;Castell d'Aro, Platja d'Aro i s'Agaró;renda familiar disponible bruta;per habitant (€);;14101
2021;Castell d'Aro, Platja d'Aro i s'Agaró;renda familiar disponible bruta;per habitant (índex Catalunya=100);;75,7
2021;Castellar del Vallès;renda familiar disponible bruta;valor (milers €);;504347
2021;Castellar del Vallès;renda familiar disponible bruta;per habitant (€);;20358
2021;Castellar del Vallès;renda familiar disponible bruta;per habitant (índex Catalunya=100);;109,2
2021;Castellbell i el Vilar;renda familiar disponible bruta;valor (milers €);;65694
2021;Castellbell i el Vilar;renda familiar disponible bruta;per habitant (€);;16988
2021;Castellbell i el Vilar;renda familiar disponible bruta;per habitant (índex Catalunya=100);;91,2
2021;Castellbisbal;renda familiar disponible bruta;valor (milers €);;241894
2021;Castellbisbal;renda familiar disponible bruta;per habitant (€);;19105
2021;Castellbisbal;renda familiar disponible bruta;per habitant (índex Catalunya=100);;102,5
2021;Castelldefels;renda familiar disponible bruta;valor (milers €);;1337427
2021;Castelldefels;renda familiar disponible bruta;per habitant (€);;19991
2021;Castelldefels;renda familiar disponible bruta;per habitant (índex Catalunya=100);;107,3
2021;Castellet i la Gornal;renda familiar disponible bruta;valor (milers €);;42232
2021;Castellet i la Gornal;renda familiar disponible bruta;per habitant (€);;17182
2021;Castellet i la Gornal;renda familiar disponible bruta;per habitant (índex Catalunya=100);;92,2
2021;Castellgalí;renda familiar disponible bruta;valor (milers €);;39341
2021;Castellgalí;renda familiar disponible bruta;per habitant (€);;17850
2021;Castellgalí;renda familiar disponible bruta;per habitant (índex Catalunya=100);;95,8
2021;Castellnou de Bages;renda familiar disponible bruta;valor (milers €);;26619
2021;Castellnou de Bages;renda familiar disponible bruta;per habitant (€);;18641
2021;Castellnou de Bages;renda familiar disponible bruta;per habitant (índex Catalunya=100);;100
2021;Castelló d'Empúries;renda familiar disponible bruta;valor (milers €);;139616
2021;Castelló d'Empúries;renda familiar disponible bruta;per habitant (€);;12422
2021;Castelló d'Empúries;renda familiar disponible bruta;per habitant (índex Catalunya=100);;66,7
2021;Castellterçol;renda familiar disponible bruta;valor (milers €);;46161
2021;Castellterçol;renda familiar disponible bruta;per habitant (€);;17538
2021;Castellterçol;renda familiar disponible bruta;per habitant (índex Catalunya=100);;94,1
2021;Castellvell del Camp;renda familiar disponible bruta;valor (milers €);;59776
2021;Castellvell del Camp;renda familiar disponible bruta;per habitant (€);;20422
2021;Castellvell del Camp;renda familiar disponible bruta;per habitant (índex Catalunya=100);;109,6
2021;Castellví de la Marca;renda familiar disponible bruta;valor (milers €);;28607
2021;Castellví de la Marca;renda familiar disponible bruta;per habitant (€);;17879
2021;Castellví de la Marca;renda familiar disponible bruta;per habitant (índex Catalunya=100);;95,9
2021;Castellví de Rosanes;renda familiar disponible bruta;valor (milers €);;40194
2021;Castellví de Rosanes;renda familiar disponible bruta;per habitant (€);;19684
2021;Castellví de Rosanes;renda familiar disponible bruta;per habitant (índex Catalunya=100);;105,6
2021;Catllar, el;renda familiar disponible bruta;valor (milers €);;94053
2021;Catllar, el;renda familiar disponible bruta;per habitant (€);;19453
2021;Catllar, el;renda familiar disponible bruta;per habitant (índex Catalunya=100);;104,4
2021;Cellera de Ter, la;renda familiar disponible bruta;valor (milers €);;34672
2021;Cellera de Ter, la;renda familiar disponible bruta;per habitant (€);;17681
2021;Cellera de Ter, la;renda familiar disponible bruta;per habitant (índex Catalunya=100);;94,9
2021;Celrà;renda familiar disponible bruta;valor (milers €);;91277
2021;Celrà;renda familiar disponible bruta;per habitant (€);;16542
2021;Celrà;renda familiar disponible bruta;per habitant (índex Catalunya=100);;88,8
2021;Centelles;renda familiar disponible bruta;valor (milers €);;138393
2021;Centelles;renda familiar disponible bruta;per habitant (€);;18176
2021;Centelles;renda familiar disponible bruta;per habitant (índex Catalunya=100);;97,5
2021;Cercs;renda familiar disponible bruta;valor (milers €);;22616
2021;Cercs;renda familiar disponible bruta;per habitant (€);;19215
2021;Cercs;renda familiar disponible bruta;per habitant (índex Catalunya=100);;103,1
2021;Cerdanyola del Vallès;renda familiar disponible bruta;valor (milers €);;1185073
2021;Cerdanyola del Vallès;renda familiar disponible bruta;per habitant (€);;20697
2021;Cerdanyola del Vallès;renda familiar disponible bruta;per habitant (índex Catalunya=100);;111,1
2021;Cervelló;renda familiar disponible bruta;valor (milers €);;189613
2021;Cervelló;renda familiar disponible bruta;per habitant (€);;20472
2021;Cervelló;renda familiar disponible bruta;per habitant (índex Catalunya=100);;109,8
2021;Cervera;renda familiar disponible bruta;valor (milers €);;146759
2021;Cervera;renda familiar disponible bruta;per habitant (€);;15666
2021;Cervera;renda familiar disponible bruta;per habitant (índex Catalunya=100);;84,1
2021;Cervià de Ter;renda familiar disponible bruta;valor (milers €);;18158
2021;Cervià de Ter;renda familiar disponible bruta;per habitant (€);;18491
2021;Cervià de Ter;renda familiar disponible bruta;per habitant (índex Catalunya=100);;99,2
2021;Collbató;renda familiar disponible bruta;valor (milers €);;105126
2021;Collbató;renda familiar disponible bruta;per habitant (€);;22429
2021;Collbató;renda familiar disponible bruta;per habitant (índex Catalunya=100);;120,4
2021;Constantí;renda familiar disponible bruta;valor (milers €);;92218
2021;Constantí;renda familiar disponible bruta;per habitant (€);;13666
2021;Constantí;renda familiar disponible bruta;per habitant (índex Catalunya=100);;73,3
2021;Corbera d'Ebre;renda familiar disponible bruta;valor (milers €);;13378
2021;Corbera d'Ebre;renda familiar disponible bruta;per habitant (€);;13486
2021;Corbera d'Ebre;renda familiar disponible bruta;per habitant (índex Catalunya=100);;72,4
2021;Corbera de Llobregat;renda familiar disponible bruta;valor (milers €);;309562
2021;Corbera de Llobregat;renda familiar disponible bruta;per habitant (€);;20466
2021;Corbera de Llobregat;renda familiar disponible bruta;per habitant (índex Catalunya=100);;109,8
2021;Corbins;renda familiar disponible bruta;valor (milers €);;21250
2021;Corbins;renda familiar disponible bruta;per habitant (€);;14595
2021;Corbins;renda familiar disponible bruta;per habitant (índex Catalunya=100);;78,3
2021;Corçà;renda familiar disponible bruta;valor (milers €);;23203
2021;Corçà;renda familiar disponible bruta;per habitant (€);;18141
2021;Corçà;renda familiar disponible bruta;per habitant (índex Catalunya=100);;97,3
2021;Cornellà de Llobregat;renda familiar disponible bruta;valor (milers €);;1582740
2021;Cornellà de Llobregat;renda familiar disponible bruta;per habitant (€);;17774
2021;Cornellà de Llobregat;renda familiar disponible bruta;per habitant (índex Catalunya=100);;95,4
2021;Cornellà del Terri;renda familiar disponible bruta;valor (milers €);;43206
2021;Cornellà del Terri;renda familiar disponible bruta;per habitant (€);;17928
2021;Cornellà del Terri;renda familiar disponible bruta;per habitant (índex Catalunya=100);;96,2
2021;Creixell;renda familiar disponible bruta;valor (milers €);;62003
2021;Creixell;renda familiar disponible bruta;per habitant (€);;15753
2021;Creixell;renda familiar disponible bruta;per habitant (índex Catalunya=100);;84,5
2021;Cruïlles, Monells i Sant Sadurní de l'Heura;renda familiar disponible bruta;valor (milers €);;24160
2021;Cruïlles, Monells i Sant Sadurní de l'Heura;renda familiar disponible bruta;per habitant (€);;18124
2021;Cruïlles, Monells i Sant Sadurní de l'Heura;renda familiar disponible bruta;per habitant (índex Catalunya=100);;97,3
2021;Cubelles;renda familiar disponible bruta;valor (milers €);;292672
2021;Cubelles;renda familiar disponible bruta;per habitant (€);;17960
2021;Cubelles;renda familiar disponible bruta;per habitant (índex Catalunya=100);;96,4
2021;Cunit;renda familiar disponible bruta;valor (milers €);;215034
2021;Cunit;renda familiar disponible bruta;per habitant (€);;15077
2021;Cunit;renda familiar disponible bruta;per habitant (índex Catalunya=100);;80,9
2021;Deltebre;renda familiar disponible bruta;valor (milers €);;163447
2021;Deltebre;renda familiar disponible bruta;per habitant (€);;14085
2021;Deltebre;renda familiar disponible bruta;per habitant (índex Catalunya=100);;75,6
2021;Dosrius;renda familiar disponible bruta;valor (milers €);;109866
2021;Dosrius;renda familiar disponible bruta;per habitant (€);;19255
2021;Dosrius;renda familiar disponible bruta;per habitant (índex Catalunya=100);;103,3
2021;Escala, l';renda familiar disponible bruta;valor (milers €);;163029
2021;Escala, l';renda familiar disponible bruta;per habitant (€);;15592
2021;Escala, l';renda familiar disponible bruta;per habitant (índex Catalunya=100);;83,7
2021;Esparreguera;renda familiar disponible bruta;valor (milers €);;405740
2021;Esparreguera;renda familiar disponible bruta;per habitant (€);;18184
2021;Esparreguera;renda familiar disponible bruta;per habitant (índex Catalunya=100);;97,6
2021;Espluga de Francolí, l';renda familiar disponible bruta;valor (milers €);;62635
2021;Espluga de Francolí, l';renda familiar disponible bruta;per habitant (€);;16837
2021;Espluga de Francolí, l';renda familiar disponible bruta;per habitant (índex Catalunya=100);;90,3
2021;Esplugues de Llobregat;renda familiar disponible bruta;valor (milers €);;1006413
2021;Esplugues de Llobregat;renda familiar disponible bruta;per habitant (€);;21576
2021;Esplugues de Llobregat;renda familiar disponible bruta;per habitant (índex Catalunya=100);;115,8
2021;Esquirol, l';renda familiar disponible bruta;valor (milers €);;39882
2021;Esquirol, l';renda familiar disponible bruta;per habitant (€);;17932
2021;Esquirol, l';renda familiar disponible bruta;per habitant (índex Catalunya=100);;96,2
2021;Falset;renda familiar disponible bruta;valor (milers €);;45229
2021;Falset;renda familiar disponible bruta;per habitant (€);;16364
2021;Falset;renda familiar disponible bruta;per habitant (índex Catalunya=100);;87,8
2021;Figaró-Montmany;renda familiar disponible bruta;valor (milers €);;19797
2021;Figaró-Montmany;renda familiar disponible bruta;per habitant (€);;17504
2021;Figaró-Montmany;renda familiar disponible bruta;per habitant (índex Catalunya=100);;93,9
2021;Figueres;renda familiar disponible bruta;valor (milers €);;652783
2021;Figueres;renda familiar disponible bruta;per habitant (€);;13961
2021;Figueres;renda familiar disponible bruta;per habitant (índex Catalunya=100);;74,9
2021;Flaçà;renda familiar disponible bruta;valor (milers €);;18552
2021;Flaçà;renda familiar disponible bruta;per habitant (€);;16202
2021;Flaçà;renda familiar disponible bruta;per habitant (índex Catalunya=100);;86,9
2021;Flix;renda familiar disponible bruta;valor (milers €);;61796
2021;Flix;renda familiar disponible bruta;per habitant (€);;17985
2021;Flix;renda familiar disponible bruta;per habitant (índex Catalunya=100);;96,5
2021;Fogars de la Selva;renda familiar disponible bruta;valor (milers €);;26519
2021;Fogars de la Selva;renda familiar disponible bruta;per habitant (€);;17109
2021;Fogars de la Selva;renda familiar disponible bruta;per habitant (índex Catalunya=100);;91,8
2021;Folgueroles;renda familiar disponible bruta;valor (milers €);;45340
2021;Folgueroles;renda familiar disponible bruta;per habitant (€);;20027
2021;Folgueroles;renda familiar disponible bruta;per habitant (índex Catalunya=100);;107,5
2021;Fonollosa;renda familiar disponible bruta;valor (milers €);;28073
2021;Fonollosa;renda familiar disponible bruta;per habitant (€);;18396
2021;Fonollosa;renda familiar disponible bruta;per habitant (índex Catalunya=100);;98,7
2021;Fontcoberta;renda familiar disponible bruta;valor (milers €);;29737
2021;Fontcoberta;renda familiar disponible bruta;per habitant (€);;20243
2021;Fontcoberta;renda familiar disponible bruta;per habitant (índex Catalunya=100);;108,6
2021;Font-rubí;renda familiar disponible bruta;valor (milers €);;23733
2021;Font-rubí;renda familiar disponible bruta;per habitant (€);;16516
2021;Font-rubí;renda familiar disponible bruta;per habitant (índex Catalunya=100);;88,6
2021;Forallac;renda familiar disponible bruta;valor (milers €);;31005
2021;Forallac;renda familiar disponible bruta;per habitant (€);;17911
2021;Forallac;renda familiar disponible bruta;per habitant (índex Catalunya=100);;96,1
2021;Fornells de la Selva;renda familiar disponible bruta;valor (milers €);;71726
2021;Fornells de la Selva;renda familiar disponible bruta;per habitant (€);;26634
2021;Fornells de la Selva;renda familiar disponible bruta;per habitant (índex Catalunya=100);;142,9
2021;Franqueses del Vallès, les;renda familiar disponible bruta;valor (milers €);;357864
2021;Franqueses del Vallès, les;renda familiar disponible bruta;per habitant (€);;17602
2021;Franqueses del Vallès, les;renda familiar disponible bruta;per habitant (índex Catalunya=100);;94,4
2021;Fuliola, la;renda familiar disponible bruta;valor (milers €);;16919
2021;Fuliola, la;renda familiar disponible bruta;per habitant (€);;13689
2021;Fuliola, la;renda familiar disponible bruta;per habitant (índex Catalunya=100);;73,5
2021;Gandesa;renda familiar disponible bruta;valor (milers €);;45249
2021;Gandesa;renda familiar disponible bruta;per habitant (€);;14649
2021;Gandesa;renda familiar disponible bruta;per habitant (índex Catalunya=100);;78,6
2021;Garriga, la;renda familiar disponible bruta;valor (milers €);;336191
2021;Garriga, la;renda familiar disponible bruta;per habitant (€);;20101
2021;Garriga, la;renda familiar disponible bruta;per habitant (índex Catalunya=100);;107,9
2021;Gavà;renda familiar disponible bruta;valor (milers €);;919453
2021;Gavà;renda familiar disponible bruta;per habitant (€);;19621
2021;Gavà;renda familiar disponible bruta;per habitant (índex Catalunya=100);;105,3
2021;Gelida;renda familiar disponible bruta;valor (milers €);;142633
2021;Gelida;renda familiar disponible bruta;per habitant (€);;18388
2021;Gelida;renda familiar disponible bruta;per habitant (índex Catalunya=100);;98,7
2021;Gimenells i el Pla de la Font;renda familiar disponible bruta;valor (milers €);;15333
2021;Gimenells i el Pla de la Font;renda familiar disponible bruta;per habitant (€);;13789
2021;Gimenells i el Pla de la Font;renda familiar disponible bruta;per habitant (índex Catalunya=100);;74
2021;Girona;renda familiar disponible bruta;valor (milers €);;1863880
2021;Girona;renda familiar disponible bruta;per habitant (€);;18330
2021;Girona;renda familiar disponible bruta;per habitant (índex Catalunya=100);;98,4
2021;Gironella;renda familiar disponible bruta;valor (milers €);;88216
2021;Gironella;renda familiar disponible bruta;per habitant (€);;17854
2021;Gironella;renda familiar disponible bruta;per habitant (índex Catalunya=100);;95,8
2021;Golmés;renda familiar disponible bruta;valor (milers €);;31118
2021;Golmés;renda familiar disponible bruta;per habitant (€);;16535
2021;Golmés;renda familiar disponible bruta;per habitant (índex Catalunya=100);;88,7
2021;Granada, la;renda familiar disponible bruta;valor (milers €);;40855
2021;Granada, la;renda familiar disponible bruta;per habitant (€);;18545
2021;Granada, la;renda familiar disponible bruta;per habitant (índex Catalunya=100);;99,5
2021;Granollers;renda familiar disponible bruta;valor (milers €);;1165387
2021;Granollers;renda familiar disponible bruta;per habitant (€);;18828
2021;Granollers;renda familiar disponible bruta;per habitant (índex Catalunya=100);;101
2021;Gualba;renda familiar disponible bruta;valor (milers €);;28291
2021;Gualba;renda familiar disponible bruta;per habitant (€);;17649
2021;Gualba;renda familiar disponible bruta;per habitant (índex Catalunya=100);;94,7
2021;Guissona;renda familiar disponible bruta;valor (milers €);;111176
2021;Guissona;renda familiar disponible bruta;per habitant (€);;15228
2021;Guissona;renda familiar disponible bruta;per habitant (índex Catalunya=100);;81,7
2021;Gurb;renda familiar disponible bruta;valor (milers €);;58585
2021;Gurb;renda familiar disponible bruta;per habitant (€);;21658
2021;Gurb;renda familiar disponible bruta;per habitant (índex Catalunya=100);;116,2
2021;Horta de Sant Joan;renda familiar disponible bruta;valor (milers €);;16680
2021;Horta de Sant Joan;renda familiar disponible bruta;per habitant (€);;14429
2021;Horta de Sant Joan;renda familiar disponible bruta;per habitant (índex Catalunya=100);;77,4
2021;Hospitalet de Llobregat, l';renda familiar disponible bruta;valor (milers €);;4407164
2021;Hospitalet de Llobregat, l';renda familiar disponible bruta;per habitant (€);;16560
2021;Hospitalet de Llobregat, l';renda familiar disponible bruta;per habitant (índex Catalunya=100);;88,9
2021;Hostalets de Pierola, els;renda familiar disponible bruta;valor (milers €);;54452
2021;Hostalets de Pierola, els;renda familiar disponible bruta;per habitant (€);;17582
2021;Hostalets de Pierola, els;renda familiar disponible bruta;per habitant (índex Catalunya=100);;94,3
2021;Hostalric;renda familiar disponible bruta;valor (milers €);;71326
2021;Hostalric;renda familiar disponible bruta;per habitant (€);;16412
2021;Hostalric;renda familiar disponible bruta;per habitant (índex Catalunya=100);;88,1
2021;Igualada;renda familiar disponible bruta;valor (milers €);;721150
2021;Igualada;renda familiar disponible bruta;per habitant (€);;17649
2021;Igualada;renda familiar disponible bruta;per habitant (índex Catalunya=100);;94,7
2021;Isona i Conca Dellà;renda familiar disponible bruta;valor (milers €);;16971
2021;Isona i Conca Dellà;renda familiar disponible bruta;per habitant (€);;16132
2021;Isona i Conca Dellà;renda familiar disponible bruta;per habitant (índex Catalunya=100);;86,6
2021;Ivars d'Urgell;renda familiar disponible bruta;valor (milers €);;24862
2021;Ivars d'Urgell;renda familiar disponible bruta;per habitant (€);;15978
2021;Ivars d'Urgell;renda familiar disponible bruta;per habitant (índex Catalunya=100);;85,7
2021;Jonquera, la;renda familiar disponible bruta;valor (milers €);;41494
2021;Jonquera, la;renda familiar disponible bruta;per habitant (€);;12589
2021;Jonquera, la;renda familiar disponible bruta;per habitant (índex Catalunya=100);;67,6
2021;Juneda;renda familiar disponible bruta;valor (milers €);;53884
2021;Juneda;renda familiar disponible bruta;per habitant (€);;14984
2021;Juneda;renda familiar disponible bruta;per habitant (índex Catalunya=100);;80,4
2021;Linyola;renda familiar disponible bruta;valor (milers €);;40487
2021;Linyola;renda familiar disponible bruta;per habitant (€);;14809
2021;Linyola;renda familiar disponible bruta;per habitant (índex Catalunya=100);;79,5
2021;Llagosta, la;renda familiar disponible bruta;valor (milers €);;221914
2021;Llagosta, la;renda familiar disponible bruta;per habitant (€);;16799
2021;Llagosta, la;renda familiar disponible bruta;per habitant (índex Catalunya=100);;90,1
2021;Llagostera;renda familiar disponible bruta;valor (milers €);;143366
2021;Llagostera;renda familiar disponible bruta;per habitant (€);;16087
2021;Llagostera;renda familiar disponible bruta;per habitant (índex Catalunya=100);;86,3
2021;Llançà;renda familiar disponible bruta;valor (milers €);;79014
2021;Llançà;renda familiar disponible bruta;per habitant (€);;15946
2021;Llançà;renda familiar disponible bruta;per habitant (índex Catalunya=100);;85,6
2021;Lleida;renda familiar disponible bruta;valor (milers €);;2470527
2021;Lleida;renda familiar disponible bruta;per habitant (€);;17744
2021;Lleida;renda familiar disponible bruta;per habitant (índex Catalunya=100);;95,2
2021;Llers;renda familiar disponible bruta;valor (milers €);;21891
2021;Llers;renda familiar disponible bruta;per habitant (€);;17457
2021;Llers;renda familiar disponible bruta;per habitant (índex Catalunya=100);;93,7
2021;Lliçà d'Amunt;renda familiar disponible bruta;valor (milers €);;311827
2021;Lliçà d'Amunt;renda familiar disponible bruta;per habitant (€);;19844
2021;Lliçà d'Amunt;renda familiar disponible bruta;per habitant (índex Catalunya=100);;106,5
2021;Lliçà de Vall;renda familiar disponible bruta;valor (milers €);;139606
2021;Lliçà de Vall;renda familiar disponible bruta;per habitant (€);;20893
2021;Lliçà de Vall;renda familiar disponible bruta;per habitant (índex Catalunya=100);;112,1
2021;Llinars del Vallès;renda familiar disponible bruta;valor (milers €);;194535
2021;Llinars del Vallès;renda familiar disponible bruta;per habitant (€);;19185
2021;Llinars del Vallès;renda familiar disponible bruta;per habitant (índex Catalunya=100);;102,9
2021;Llívia;renda familiar disponible bruta;valor (milers €);;21885
2021;Llívia;renda familiar disponible bruta;per habitant (€);;14493
2021;Llívia;renda familiar disponible bruta;per habitant (índex Catalunya=100);;77,8
2021;Llorenç del Penedès;renda familiar disponible bruta;valor (milers €);;41764
2021;Llorenç del Penedès;renda familiar disponible bruta;per habitant (€);;17540
2021;Llorenç del Penedès;renda familiar disponible bruta;per habitant (índex Catalunya=100);;94,1
2021;Lloret de Mar;renda familiar disponible bruta;valor (milers €);;482112
2021;Lloret de Mar;renda familiar disponible bruta;per habitant (€);;12581
2021;Lloret de Mar;renda familiar disponible bruta;per habitant (índex Catalunya=100);;67,5
2021;Maçanet de la Selva;renda familiar disponible bruta;valor (milers €);;112211
2021;Maçanet de la Selva;renda familiar disponible bruta;per habitant (€);;14999
2021;Maçanet de la Selva;renda familiar disponible bruta;per habitant (índex Catalunya=100);;80,5
2021;Malgrat de Mar;renda familiar disponible bruta;valor (milers €);;303139
2021;Malgrat de Mar;renda familiar disponible bruta;per habitant (€);;15970
2021;Malgrat de Mar;renda familiar disponible bruta;per habitant (índex Catalunya=100);;85,7
2021;Manlleu;renda familiar disponible bruta;valor (milers €);;331315
2021;Manlleu;renda familiar disponible bruta;per habitant (€);;15955
2021;Manlleu;renda familiar disponible bruta;per habitant (índex Catalunya=100);;85,6
2021;Manresa;renda familiar disponible bruta;valor (milers €);;1338964
2021;Manresa;renda familiar disponible bruta;per habitant (€);;17278
2021;Manresa;renda familiar disponible bruta;per habitant (índex Catalunya=100);;92,7
2021;Martorell;renda familiar disponible bruta;valor (milers €);;483149
2021;Martorell;renda familiar disponible bruta;per habitant (€);;16887
2021;Martorell;renda familiar disponible bruta;per habitant (índex Catalunya=100);;90,6
2021;Martorelles;renda familiar disponible bruta;valor (milers €);;92290
2021;Martorelles;renda familiar disponible bruta;per habitant (€);;18955
2021;Martorelles;renda familiar disponible bruta;per habitant (índex Catalunya=100);;101,7
2021;Masdenverge;renda familiar disponible bruta;valor (milers €);;16517
2021;Masdenverge;renda familiar disponible bruta;per habitant (€);;14643
2021;Masdenverge;renda familiar disponible bruta;per habitant (índex Catalunya=100);;78,6
2021;Masies de Voltregà, les;renda familiar disponible bruta;valor (milers €);;60265
2021;Masies de Voltregà, les;renda familiar disponible bruta;per habitant (€);;19071
2021;Masies de Voltregà, les;renda familiar disponible bruta;per habitant (índex Catalunya=100);;102,3
2021;Masnou, el;renda familiar disponible bruta;valor (milers €);;525703
2021;Masnou, el;renda familiar disponible bruta;per habitant (€);;22083
2021;Masnou, el;renda familiar disponible bruta;per habitant (índex Catalunya=100);;118,5
2021;Masquefa;renda familiar disponible bruta;valor (milers €);;164153
2021;Masquefa;renda familiar disponible bruta;per habitant (€);;16967
2021;Masquefa;renda familiar disponible bruta;per habitant (índex Catalunya=100);;91
2021;Matadepera;renda familiar disponible bruta;valor (milers €);;300066
2021;Matadepera;renda familiar disponible bruta;per habitant (€);;30868
2021;Matadepera;renda familiar disponible bruta;per habitant (índex Catalunya=100);;165,6
2021;Mataró;renda familiar disponible bruta;valor (milers €);;2162251
2021;Mataró;renda familiar disponible bruta;per habitant (€);;16750
2021;Mataró;renda familiar disponible bruta;per habitant (índex Catalunya=100);;89,9
2021;Mediona;renda familiar disponible bruta;valor (milers €);;39733
2021;Mediona;renda familiar disponible bruta;per habitant (€);;16002
2021;Mediona;renda familiar disponible bruta;per habitant (índex Catalunya=100);;85,9
2021;Miralcamp;renda familiar disponible bruta;valor (milers €);;19663
2021;Miralcamp;renda familiar disponible bruta;per habitant (€);;14416
2021;Miralcamp;renda familiar disponible bruta;per habitant (índex Catalunya=100);;77,4
2021;Moià;renda familiar disponible bruta;valor (milers €);;109754
2021;Moià;renda familiar disponible bruta;per habitant (€);;16911
2021;Moià;renda familiar disponible bruta;per habitant (índex Catalunya=100);;90,7
2021;Molins de Rei;renda familiar disponible bruta;valor (milers €);;552559
2021;Molins de Rei;renda familiar disponible bruta;per habitant (€);;21089
2021;Molins de Rei;renda familiar disponible bruta;per habitant (índex Catalunya=100);;113,2
2021;Mollerussa;renda familiar disponible bruta;valor (milers €);;244590
2021;Mollerussa;renda familiar disponible bruta;per habitant (€);;16305
2021;Mollerussa;renda familiar disponible bruta;per habitant (índex Catalunya=100);;87,5
2021;Mollet del Vallès;renda familiar disponible bruta;valor (milers €);;909451
2021;Mollet del Vallès;renda familiar disponible bruta;per habitant (€);;17797
2021;Mollet del Vallès;renda familiar disponible bruta;per habitant (índex Catalunya=100);;95,5
2021;Monistrol de Montserrat;renda familiar disponible bruta;valor (milers €);;53551
2021;Monistrol de Montserrat;renda familiar disponible bruta;per habitant (€);;16936
2021;Monistrol de Montserrat;renda familiar disponible bruta;per habitant (índex Catalunya=100);;90,9
2021;Montblanc;renda familiar disponible bruta;valor (milers €);;129893
2021;Montblanc;renda familiar disponible bruta;per habitant (€);;17445
2021;Montblanc;renda familiar disponible bruta;per habitant (índex Catalunya=100);;93,6
2021;Montbrió del Camp;renda familiar disponible bruta;valor (milers €);;51357
2021;Montbrió del Camp;renda familiar disponible bruta;per habitant (€);;16921
2021;Montbrió del Camp;renda familiar disponible bruta;per habitant (índex Catalunya=100);;90,8
2021;Montcada i Reixac;renda familiar disponible bruta;valor (milers €);;636985
2021;Montcada i Reixac;renda familiar disponible bruta;per habitant (€);;17355
2021;Montcada i Reixac;renda familiar disponible bruta;per habitant (índex Catalunya=100);;93,1
2021;Montesquiu;renda familiar disponible bruta;valor (milers €);;17673
2021;Montesquiu;renda familiar disponible bruta;per habitant (€);;16928
2021;Montesquiu;renda familiar disponible bruta;per habitant (índex Catalunya=100);;90,8
2021;Montferrer i Castellbò;renda familiar disponible bruta;valor (milers €);;13914
2021;Montferrer i Castellbò;renda familiar disponible bruta;per habitant (€);;12895
2021;Montferrer i Castellbò;renda familiar disponible bruta;per habitant (índex Catalunya=100);;69,2
2021;Montgat;renda familiar disponible bruta;valor (milers €);;253402
2021;Montgat;renda familiar disponible bruta;per habitant (€);;20620
2021;Montgat;renda familiar disponible bruta;per habitant (índex Catalunya=100);;110,6
2021;Montmell, el;renda familiar disponible bruta;valor (milers €);;24478
2021;Montmell, el;renda familiar disponible bruta;per habitant (€);;13576
2021;Montmell, el;renda familiar disponible bruta;per habitant (índex Catalunya=100);;72,8
2021;Montmeló;renda familiar disponible bruta;valor (milers €);;158524
2021;Montmeló;renda familiar disponible bruta;per habitant (€);;18082
2021;Montmeló;renda familiar disponible bruta;per habitant (índex Catalunya=100);;97
2021;Montornès del Vallès;renda familiar disponible bruta;valor (milers €);;293106
2021;Montornès del Vallès;renda familiar disponible bruta;per habitant (€);;17555
2021;Montornès del Vallès;renda familiar disponible bruta;per habitant (índex Catalunya=100);;94,2
2021;Mont-ras;renda familiar disponible bruta;valor (milers €);;29430
2021;Mont-ras;renda familiar disponible bruta;per habitant (€);;17686
2021;Mont-ras;renda familiar disponible bruta;per habitant (índex Catalunya=100);;94,9
2021;Mont-roig del Camp;renda familiar disponible bruta;valor (milers €);;188514
2021;Mont-roig del Camp;renda familiar disponible bruta;per habitant (€);;14519
2021;Mont-roig del Camp;renda familiar disponible bruta;per habitant (índex Catalunya=100);;77,9
2021;Móra d'Ebre;renda familiar disponible bruta;valor (milers €);;90118
2021;Móra d'Ebre;renda familiar disponible bruta;per habitant (€);;16055
2021;Móra d'Ebre;renda familiar disponible bruta;per habitant (índex Catalunya=100);;86,1
2021;Móra la Nova;renda familiar disponible bruta;valor (milers €);;47280
2021;Móra la Nova;renda familiar disponible bruta;per habitant (€);;15014
2021;Móra la Nova;renda familiar disponible bruta;per habitant (índex Catalunya=100);;80,6
2021;Morell, el;renda familiar disponible bruta;valor (milers €);;61888
2021;Morell, el;renda familiar disponible bruta;per habitant (€);;16482
2021;Morell, el;renda familiar disponible bruta;per habitant (índex Catalunya=100);;88,4
2021;Naut Aran;renda familiar disponible bruta;valor (milers €);;31415
2021;Naut Aran;renda familiar disponible bruta;per habitant (€);;16244
2021;Naut Aran;renda familiar disponible bruta;per habitant (índex Catalunya=100);;87,2
2021;Navarcles;renda familiar disponible bruta;valor (milers €);;112339
2021;Navarcles;renda familiar disponible bruta;per habitant (€);;18529
2021;Navarcles;renda familiar disponible bruta;per habitant (índex Catalunya=100);;99,4
2021;Navàs;renda familiar disponible bruta;valor (milers €);;110654
2021;Navàs;renda familiar disponible bruta;per habitant (€);;18403
2021;Navàs;renda familiar disponible bruta;per habitant (índex Catalunya=100);;98,7
2021;Navata;renda familiar disponible bruta;valor (milers €);;26342
2021;Navata;renda familiar disponible bruta;per habitant (€);;18421
2021;Navata;renda familiar disponible bruta;per habitant (índex Catalunya=100);;98,8
2021;Òdena;renda familiar disponible bruta;valor (milers €);;61294
2021;Òdena;renda familiar disponible bruta;per habitant (€);;16526
2021;Òdena;renda familiar disponible bruta;per habitant (índex Catalunya=100);;88,7
2021;Olèrdola;renda familiar disponible bruta;valor (milers €);;72545
2021;Olèrdola;renda familiar disponible bruta;per habitant (€);;18750
2021;Olèrdola;renda familiar disponible bruta;per habitant (índex Catalunya=100);;100,6
2021;Olesa de Bonesvalls;renda familiar disponible bruta;valor (milers €);;37078
2021;Olesa de Bonesvalls;renda familiar disponible bruta;per habitant (€);;18831
2021;Olesa de Bonesvalls;renda familiar disponible bruta;per habitant (índex Catalunya=100);;101
2021;Olesa de Montserrat;renda familiar disponible bruta;valor (milers €);;428003
2021;Olesa de Montserrat;renda familiar disponible bruta;per habitant (€);;17690
2021;Olesa de Montserrat;renda familiar disponible bruta;per habitant (índex Catalunya=100);;94,9
2021;Oliana;renda familiar disponible bruta;valor (milers €);;30838
2021;Oliana;renda familiar disponible bruta;per habitant (€);;16669
2021;Oliana;renda familiar disponible bruta;per habitant (índex Catalunya=100);;89,4
2021;Olivella;renda familiar disponible bruta;valor (milers €);;74988
2021;Olivella;renda familiar disponible bruta;per habitant (€);;17682
2021;Olivella;renda familiar disponible bruta;per habitant (índex Catalunya=100);;94,9
2021;Olost;renda familiar disponible bruta;valor (milers €);;22844
2021;Olost;renda familiar disponible bruta;per habitant (€);;18927
2021;Olost;renda familiar disponible bruta;per habitant (índex Catalunya=100);;101,6
2021;Olot;renda familiar disponible bruta;valor (milers €);;633064
2021;Olot;renda familiar disponible bruta;per habitant (€);;17371
2021;Olot;renda familiar disponible bruta;per habitant (índex Catalunya=100);;93,2
2021;Os de Balaguer;renda familiar disponible bruta;valor (milers €);;15677
2021;Os de Balaguer;renda familiar disponible bruta;per habitant (€);;15295
2021;Os de Balaguer;renda familiar disponible bruta;per habitant (índex Catalunya=100);;82,1
2021;Palafolls;renda familiar disponible bruta;valor (milers €);;158483
2021;Palafolls;renda familiar disponible bruta;per habitant (€);;16394
2021;Palafolls;renda familiar disponible bruta;per habitant (índex Catalunya=100);;88
2021;Palafrugell;renda familiar disponible bruta;valor (milers €);;336710
2021;Palafrugell;renda familiar disponible bruta;per habitant (€);;14510
2021;Palafrugell;renda familiar disponible bruta;per habitant (índex Catalunya=100);;77,9
2021;Palamós;renda familiar disponible bruta;valor (milers €);;295149
2021;Palamós;renda familiar disponible bruta;per habitant (€);;16227
2021;Palamós;renda familiar disponible bruta;per habitant (índex Catalunya=100);;87,1
2021;Palau d'Anglesola, el;renda familiar disponible bruta;valor (milers €);;36810
2021;Palau d'Anglesola, el;renda familiar disponible bruta;per habitant (€);;16732
2021;Palau d'Anglesola, el;renda familiar disponible bruta;per habitant (índex Catalunya=100);;89,8
2021;Palau-saverdera;renda familiar disponible bruta;valor (milers €);;21628
2021;Palau-saverdera;renda familiar disponible bruta;per habitant (€);;14574
2021;Palau-saverdera;renda familiar disponible bruta;per habitant (índex Catalunya=100);;78,2
2021;Palau-solità i Plegamans;renda familiar disponible bruta;valor (milers €);;289773
2021;Palau-solità i Plegamans;renda familiar disponible bruta;per habitant (€);;19441
2021;Palau-solità i Plegamans;renda familiar disponible bruta;per habitant (índex Catalunya=100);;104,3
2021;Pallaresos, els;renda familiar disponible bruta;valor (milers €);;95066
2021;Pallaresos, els;renda familiar disponible bruta;per habitant (€);;19385
2021;Pallaresos, els;renda familiar disponible bruta;per habitant (índex Catalunya=100);;104
2021;Pallejà;renda familiar disponible bruta;valor (milers €);;235599
2021;Pallejà;renda familiar disponible bruta;per habitant (€);;20239
2021;Pallejà;renda familiar disponible bruta;per habitant (índex Catalunya=100);;108,6
2021;Palma de Cervelló, la;renda familiar disponible bruta;valor (milers €);;63863
2021;Palma de Cervelló, la;renda familiar disponible bruta;per habitant (€);;21154
2021;Palma de Cervelló, la;renda familiar disponible bruta;per habitant (índex Catalunya=100);;113,5
2021;Pals;renda familiar disponible bruta;valor (milers €);;41881
2021;Pals;renda familiar disponible bruta;per habitant (€);;16411
2021;Pals;renda familiar disponible bruta;per habitant (índex Catalunya=100);;88,1
2021;Papiol, el;renda familiar disponible bruta;valor (milers €);;80445
2021;Papiol, el;renda familiar disponible bruta;per habitant (€);;18933
2021;Papiol, el;renda familiar disponible bruta;per habitant (índex Catalunya=100);;101,6
2021;Parets del Vallès;renda familiar disponible bruta;valor (milers €);;362385
2021;Parets del Vallès;renda familiar disponible bruta;per habitant (€);;19157
2021;Parets del Vallès;renda familiar disponible bruta;per habitant (índex Catalunya=100);;102,8
2021;Perafort;renda familiar disponible bruta;valor (milers €);;22208
2021;Perafort;renda familiar disponible bruta;per habitant (€);;17243
2021;Perafort;renda familiar disponible bruta;per habitant (índex Catalunya=100);;92,5
2021;Peralada;renda familiar disponible bruta;valor (milers €);;37403
2021;Peralada;renda familiar disponible bruta;per habitant (€);;19006
2021;Peralada;renda familiar disponible bruta;per habitant (índex Catalunya=100);;102
2021;Perelló, el;renda familiar disponible bruta;valor (milers €);;36538
2021;Perelló, el;renda familiar disponible bruta;per habitant (€);;12789
2021;Perelló, el;renda familiar disponible bruta;per habitant (índex Catalunya=100);;68,6
2021;Piera;renda familiar disponible bruta;valor (milers €);;273597
2021;Piera;renda familiar disponible bruta;per habitant (€);;16506
2021;Piera;renda familiar disponible bruta;per habitant (índex Catalunya=100);;88,6
2021;Pineda de Mar;renda familiar disponible bruta;valor (milers €);;431044
2021;Pineda de Mar;renda familiar disponible bruta;per habitant (€);;15323
2021;Pineda de Mar;renda familiar disponible bruta;per habitant (índex Catalunya=100);;82,2
2021;Pinell de Brai, el;renda familiar disponible bruta;valor (milers €);;15617
2021;Pinell de Brai, el;renda familiar disponible bruta;per habitant (€);;15632
2021;Pinell de Brai, el;renda familiar disponible bruta;per habitant (índex Catalunya=100);;83,9
2021;Pla de Santa Maria, el;renda familiar disponible bruta;valor (milers €);;37397
2021;Pla de Santa Maria, el;renda familiar disponible bruta;per habitant (€);;16016
2021;Pla de Santa Maria, el;renda familiar disponible bruta;per habitant (índex Catalunya=100);;85,9
2021;Pla del Penedès, el;renda familiar disponible bruta;valor (milers €);;21422
2021;Pla del Penedès, el;renda familiar disponible bruta;per habitant (€);;16315
2021;Pla del Penedès, el;renda familiar disponible bruta;per habitant (índex Catalunya=100);;87,5
2021;Planes d'Hostoles, les;renda familiar disponible bruta;valor (milers €);;29497
2021;Planes d'Hostoles, les;renda familiar disponible bruta;per habitant (€);;17119
2021;Planes d'Hostoles, les;renda familiar disponible bruta;per habitant (índex Catalunya=100);;91,9
2021;Pobla de Claramunt, la;renda familiar disponible bruta;valor (milers €);;38547
2021;Pobla de Claramunt, la;renda familiar disponible bruta;per habitant (€);;17140
2021;Pobla de Claramunt, la;renda familiar disponible bruta;per habitant (índex Catalunya=100);;92
2021;Pobla de Lillet, la;renda familiar disponible bruta;valor (milers €);;20237
2021;Pobla de Lillet, la;renda familiar disponible bruta;per habitant (€);;18948
2021;Pobla de Lillet, la;renda familiar disponible bruta;per habitant (índex Catalunya=100);;101,7
2021;Pobla de Mafumet, la;renda familiar disponible bruta;valor (milers €);;56201
2021;Pobla de Mafumet, la;renda familiar disponible bruta;per habitant (€);;13850
2021;Pobla de Mafumet, la;renda familiar disponible bruta;per habitant (índex Catalunya=100);;74,3
2021;Pobla de Montornès, la;renda familiar disponible bruta;valor (milers €);;51252
2021;Pobla de Montornès, la;renda familiar disponible bruta;per habitant (€);;16716
2021;Pobla de Montornès, la;renda familiar disponible bruta;per habitant (índex Catalunya=100);;89,7
2021;Pobla de Segur, la;renda familiar disponible bruta;valor (milers €);;49743
2021;Pobla de Segur, la;renda familiar disponible bruta;per habitant (€);;16341
2021;Pobla de Segur, la;renda familiar disponible bruta;per habitant (índex Catalunya=100);;87,7
2021;Polinyà;renda familiar disponible bruta;valor (milers €);;150552
2021;Polinyà;renda familiar disponible bruta;per habitant (€);;17727
2021;Polinyà;renda familiar disponible bruta;per habitant (índex Catalunya=100);;95,1
2021;Pont de Suert, el;renda familiar disponible bruta;valor (milers €);;36585
2021;Pont de Suert, el;renda familiar disponible bruta;per habitant (€);;15495
2021;Pont de Suert, el;renda familiar disponible bruta;per habitant (índex Catalunya=100);;83,1
2021;Pont de Vilomara i Rocafort, el;renda familiar disponible bruta;valor (milers €);;64666
2021;Pont de Vilomara i Rocafort, el;renda familiar disponible bruta;per habitant (€);;16046
2021;Pont de Vilomara i Rocafort, el;renda familiar disponible bruta;per habitant (índex Catalunya=100);;86,1
2021;Ponts;renda familiar disponible bruta;valor (milers €);;41090
2021;Ponts;renda familiar disponible bruta;per habitant (€);;15576
2021;Ponts;renda familiar disponible bruta;per habitant (índex Catalunya=100);;83,6
2021;Porqueres;renda familiar disponible bruta;valor (milers €);;85611
2021;Porqueres;renda familiar disponible bruta;per habitant (€);;18234
2021;Porqueres;renda familiar disponible bruta;per habitant (índex Catalunya=100);;97,8
2021;Port de la Selva, el;renda familiar disponible bruta;valor (milers €);;16532
2021;Port de la Selva, el;renda familiar disponible bruta;per habitant (€);;16401
2021;Port de la Selva, el;renda familiar disponible bruta;per habitant (índex Catalunya=100);;88
2021;Portbou;renda familiar disponible bruta;valor (milers €);;17676
2021;Portbou;renda familiar disponible bruta;per habitant (€);;16276
2021;Portbou;renda familiar disponible bruta;per habitant (índex Catalunya=100);;87,3
2021;Prat de Llobregat, el;renda familiar disponible bruta;valor (milers €);;1203359
2021;Prat de Llobregat, el;renda familiar disponible bruta;per habitant (€);;18470
2021;Prat de Llobregat, el;renda familiar disponible bruta;per habitant (índex Catalunya=100);;99,1
2021;Prats de Lluçanès;renda familiar disponible bruta;valor (milers €);;47532
2021;Prats de Lluçanès;renda familiar disponible bruta;per habitant (€);;18094
2021;Prats de Lluçanès;renda familiar disponible bruta;per habitant (índex Catalunya=100);;97,1
2021;Premià de Dalt;renda familiar disponible bruta;valor (milers €);;236920
2021;Premià de Dalt;renda familiar disponible bruta;per habitant (€);;22803
2021;Premià de Dalt;renda familiar disponible bruta;per habitant (índex Catalunya=100);;122,4
2021;Premià de Mar;renda familiar disponible bruta;valor (milers €);;533292
2021;Premià de Mar;renda familiar disponible bruta;per habitant (€);;18781
2021;Premià de Mar;renda familiar disponible bruta;per habitant (índex Catalunya=100);;100,8
2021;Preses, les;renda familiar disponible bruta;valor (milers €);;34959
2021;Preses, les;renda familiar disponible bruta;per habitant (€);;18565
2021;Preses, les;renda familiar disponible bruta;per habitant (índex Catalunya=100);;99,6
2021;Puigcerdà;renda familiar disponible bruta;valor (milers €);;136145
2021;Puigcerdà;renda familiar disponible bruta;per habitant (€);;14340
2021;Puigcerdà;renda familiar disponible bruta;per habitant (índex Catalunya=100);;76,9
2021;Puigpelat;renda familiar disponible bruta;valor (milers €);;19373
2021;Puigpelat;renda familiar disponible bruta;per habitant (€);;16077
2021;Puigpelat;renda familiar disponible bruta;per habitant (índex Catalunya=100);;86,3
2021;Puig-reig;renda familiar disponible bruta;valor (milers €);;77286
2021;Puig-reig;renda familiar disponible bruta;per habitant (€);;17944
2021;Puig-reig;renda familiar disponible bruta;per habitant (índex Catalunya=100);;96,3
2021;Puigverd de Lleida;renda familiar disponible bruta;valor (milers €);;21785
2021;Puigverd de Lleida;renda familiar disponible bruta;per habitant (€);;15786
2021;Puigverd de Lleida;renda familiar disponible bruta;per habitant (índex Catalunya=100);;84,7
2021;Quart;renda familiar disponible bruta;valor (milers €);;80079
2021;Quart;renda familiar disponible bruta;per habitant (€);;20612
2021;Quart;renda familiar disponible bruta;per habitant (índex Catalunya=100);;110,6
2021;Ràpita, la;renda familiar disponible bruta;valor (milers €);;218202
2021;Ràpita, la;renda familiar disponible bruta;per habitant (€);;14578
2021;Ràpita, la;renda familiar disponible bruta;per habitant (índex Catalunya=100);;78,2
2021;Reus;renda familiar disponible bruta;valor (milers €);;1758823
2021;Reus;renda familiar disponible bruta;per habitant (€);;16532
2021;Reus;renda familiar disponible bruta;per habitant (índex Catalunya=100);;88,7
2021;Riba-roja d'Ebre;renda familiar disponible bruta;valor (milers €);;13963
2021;Riba-roja d'Ebre;renda familiar disponible bruta;per habitant (€);;12579
2021;Riba-roja d'Ebre;renda familiar disponible bruta;per habitant (índex Catalunya=100);;67,5
2021;Ribes de Freser;renda familiar disponible bruta;valor (milers €);;31832
2021;Ribes de Freser;renda familiar disponible bruta;per habitant (€);;17734
2021;Ribes de Freser;renda familiar disponible bruta;per habitant (índex Catalunya=100);;95,2
2021;Riells i Viabrea;renda familiar disponible bruta;valor (milers €);;73433
2021;Riells i Viabrea;renda familiar disponible bruta;per habitant (€);;17238
2021;Riells i Viabrea;renda familiar disponible bruta;per habitant (índex Catalunya=100);;92,5
2021;Riera de Gaià, la;renda familiar disponible bruta;valor (milers €);;29008
2021;Riera de Gaià, la;renda familiar disponible bruta;per habitant (€);;16586
2021;Riera de Gaià, la;renda familiar disponible bruta;per habitant (índex Catalunya=100);;89
2021;Ripoll;renda familiar disponible bruta;valor (milers €);;188420
2021;Ripoll;renda familiar disponible bruta;per habitant (€);;17568
2021;Ripoll;renda familiar disponible bruta;per habitant (índex Catalunya=100);;94,3
2021;Ripollet;renda familiar disponible bruta;valor (milers €);;662872
2021;Ripollet;renda familiar disponible bruta;per habitant (€);;17016
2021;Ripollet;renda familiar disponible bruta;per habitant (índex Catalunya=100);;91,3
2021;Riudarenes;renda familiar disponible bruta;valor (milers €);;39964
2021;Riudarenes;renda familiar disponible bruta;per habitant (€);;17330
2021;Riudarenes;renda familiar disponible bruta;per habitant (índex Catalunya=100);;93
2021;Riudecanyes;renda familiar disponible bruta;valor (milers €);;20419
2021;Riudecanyes;renda familiar disponible bruta;per habitant (€);;16682
2021;Riudecanyes;renda familiar disponible bruta;per habitant (índex Catalunya=100);;89,5
2021;Riudecols;renda familiar disponible bruta;valor (milers €);;21710
2021;Riudecols;renda familiar disponible bruta;per habitant (€);;18031
2021;Riudecols;renda familiar disponible bruta;per habitant (índex Catalunya=100);;96,8
2021;Riudellots de la Selva;renda familiar disponible bruta;valor (milers €);;39728
2021;Riudellots de la Selva;renda familiar disponible bruta;per habitant (€);;19137
2021;Riudellots de la Selva;renda familiar disponible bruta;per habitant (índex Catalunya=100);;102,7
2021;Riudoms;renda familiar disponible bruta;valor (milers €);;100289
2021;Riudoms;renda familiar disponible bruta;per habitant (€);;14966
2021;Riudoms;renda familiar disponible bruta;per habitant (índex Catalunya=100);;80,3
2021;Roca del Vallès, la;renda familiar disponible bruta;valor (milers €);;221062
2021;Roca del Vallès, la;renda familiar disponible bruta;per habitant (€);;20652
2021;Roca del Vallès, la;renda familiar disponible bruta;per habitant (índex Catalunya=100);;110,8
2021;Roda de Berà;renda familiar disponible bruta;valor (milers €);;118747
2021;Roda de Berà;renda familiar disponible bruta;per habitant (€);;16125
2021;Roda de Berà;renda familiar disponible bruta;per habitant (índex Catalunya=100);;86,5
2021;Roda de Ter;renda familiar disponible bruta;valor (milers €);;115122
2021;Roda de Ter;renda familiar disponible bruta;per habitant (€);;17684
2021;Roda de Ter;renda familiar disponible bruta;per habitant (índex Catalunya=100);;94,9
2021;Roquetes;renda familiar disponible bruta;valor (milers €);;122957
2021;Roquetes;renda familiar disponible bruta;per habitant (€);;15048
2021;Roquetes;renda familiar disponible bruta;per habitant (índex Catalunya=100);;80,7
2021;Roses;renda familiar disponible bruta;valor (milers €);;251387
2021;Roses;renda familiar disponible bruta;per habitant (€);;12774
2021;Roses;renda familiar disponible bruta;per habitant (índex Catalunya=100);;68,5
2021;Rosselló;renda familiar disponible bruta;valor (milers €);;53475
2021;Rosselló;renda familiar disponible bruta;per habitant (€);;16515
2021;Rosselló;renda familiar disponible bruta;per habitant (índex Catalunya=100);;88,6
2021;Rubí;renda familiar disponible bruta;valor (milers €);;1391626
2021;Rubí;renda familiar disponible bruta;per habitant (€);;17682
2021;Rubí;renda familiar disponible bruta;per habitant (índex Catalunya=100);;94,9
2021;Sabadell;renda familiar disponible bruta;valor (milers €);;4009193
2021;Sabadell;renda familiar disponible bruta;per habitant (€);;18569
2021;Sabadell;renda familiar disponible bruta;per habitant (índex Catalunya=100);;99,6
2021;Sallent;renda familiar disponible bruta;valor (milers €);;125997
2021;Sallent;renda familiar disponible bruta;per habitant (€);;18633
2021;Sallent;renda familiar disponible bruta;per habitant (índex Catalunya=100);;100
2021;Salou;renda familiar disponible bruta;valor (milers €);;418189
2021;Salou;renda familiar disponible bruta;per habitant (€);;14744
2021;Salou;renda familiar disponible bruta;per habitant (índex Catalunya=100);;79,1
2021;Salt;renda familiar disponible bruta;valor (milers €);;412806
2021;Salt;renda familiar disponible bruta;per habitant (€);;12789
2021;Salt;renda familiar disponible bruta;per habitant (índex Catalunya=100);;68,6
2021;Sant Adrià de Besòs;renda familiar disponible bruta;valor (milers €);;598542
2021;Sant Adrià de Besòs;renda familiar disponible bruta;per habitant (€);;16171
2021;Sant Adrià de Besòs;renda familiar disponible bruta;per habitant (índex Catalunya=100);;86,8
2021;Sant Andreu de la Barca;renda familiar disponible bruta;valor (milers €);;476996
2021;Sant Andreu de la Barca;renda familiar disponible bruta;per habitant (€);;17617
2021;Sant Andreu de la Barca;renda familiar disponible bruta;per habitant (índex Catalunya=100);;94,5
2021;Sant Andreu de Llavaneres;renda familiar disponible bruta;valor (milers €);;250602
2021;Sant Andreu de Llavaneres;renda familiar disponible bruta;per habitant (€);;22048
2021;Sant Andreu de Llavaneres;renda familiar disponible bruta;per habitant (índex Catalunya=100);;118,3
2021;Sant Antoni de Vilamajor;renda familiar disponible bruta;valor (milers €);;131177
2021;Sant Antoni de Vilamajor;renda familiar disponible bruta;per habitant (€);;20401
2021;Sant Antoni de Vilamajor;renda familiar disponible bruta;per habitant (índex Catalunya=100);;109,5
2021;Sant Boi de Llobregat;renda familiar disponible bruta;valor (milers €);;1507865
2021;Sant Boi de Llobregat;renda familiar disponible bruta;per habitant (€);;18086
2021;Sant Boi de Llobregat;renda familiar disponible bruta;per habitant (índex Catalunya=100);;97
2021;Sant Cebrià de Vallalta;renda familiar disponible bruta;valor (milers €);;69043
2021;Sant Cebrià de Vallalta;renda familiar disponible bruta;per habitant (€);;19179
2021;Sant Cebrià de Vallalta;renda familiar disponible bruta;per habitant (índex Catalunya=100);;102,9
2021;Sant Celoni;renda familiar disponible bruta;valor (milers €);;315598
2021;Sant Celoni;renda familiar disponible bruta;per habitant (€);;17341
2021;Sant Celoni;renda familiar disponible bruta;per habitant (índex Catalunya=100);;93,1
2021;Sant Climent de Llobregat;renda familiar disponible bruta;valor (milers €);;79509
2021;Sant Climent de Llobregat;renda familiar disponible bruta;per habitant (€);;19017
2021;Sant Climent de Llobregat;renda familiar disponible bruta;per habitant (índex Catalunya=100);;102
2021;Sant Cugat del Vallès;renda familiar disponible bruta;valor (milers €);;2459852
2021;Sant Cugat del Vallès;renda familiar disponible bruta;per habitant (€);;25918
2021;Sant Cugat del Vallès;renda familiar disponible bruta;per habitant (índex Catalunya=100);;139,1
2021;Sant Cugat Sesgarrigues;renda familiar disponible bruta;valor (milers €);;18365
2021;Sant Cugat Sesgarrigues;renda familiar disponible bruta;per habitant (€);;18130
2021;Sant Cugat Sesgarrigues;renda familiar disponible bruta;per habitant (índex Catalunya=100);;97,3
2021;Sant Esteve de Palautordera;renda familiar disponible bruta;valor (milers €);;57816
2021;Sant Esteve de Palautordera;renda familiar disponible bruta;per habitant (€);;19291
2021;Sant Esteve de Palautordera;renda familiar disponible bruta;per habitant (índex Catalunya=100);;103,5
2021;Sant Esteve Sesrovires;renda familiar disponible bruta;valor (milers €);;166223
2021;Sant Esteve Sesrovires;renda familiar disponible bruta;per habitant (€);;21256
2021;Sant Esteve Sesrovires;renda familiar disponible bruta;per habitant (índex Catalunya=100);;114,1
2021;Sant Feliu de Codines;renda familiar disponible bruta;valor (milers €);;113568
2021;Sant Feliu de Codines;renda familiar disponible bruta;per habitant (€);;17709
2021;Sant Feliu de Codines;renda familiar disponible bruta;per habitant (índex Catalunya=100);;95
2021;Sant Feliu de Guíxols;renda familiar disponible bruta;valor (milers €);;337673
2021;Sant Feliu de Guíxols;renda familiar disponible bruta;per habitant (€);;15255
2021;Sant Feliu de Guíxols;renda familiar disponible bruta;per habitant (índex Catalunya=100);;81,9
2021;Sant Feliu de Llobregat;renda familiar disponible bruta;valor (milers €);;936169
2021;Sant Feliu de Llobregat;renda familiar disponible bruta;per habitant (€);;20588
2021;Sant Feliu de Llobregat;renda familiar disponible bruta;per habitant (índex Catalunya=100);;110,5
2021;Sant Feliu de Pallerols;renda familiar disponible bruta;valor (milers €);;24231
2021;Sant Feliu de Pallerols;renda familiar disponible bruta;per habitant (€);;16484
2021;Sant Feliu de Pallerols;renda familiar disponible bruta;per habitant (índex Catalunya=100);;88,4
2021;Sant Fost de Campsentelles;renda familiar disponible bruta;valor (milers €);;177424
2021;Sant Fost de Campsentelles;renda familiar disponible bruta;per habitant (€);;19694
2021;Sant Fost de Campsentelles;renda familiar disponible bruta;per habitant (índex Catalunya=100);;105,7
2021;Sant Fruitós de Bages;renda familiar disponible bruta;valor (milers €);;181302
2021;Sant Fruitós de Bages;renda familiar disponible bruta;per habitant (€);;20167
2021;Sant Fruitós de Bages;renda familiar disponible bruta;per habitant (índex Catalunya=100);;108,2
2021;Sant Gregori;renda familiar disponible bruta;valor (milers €);;83333
2021;Sant Gregori;renda familiar disponible bruta;per habitant (€);;20566
2021;Sant Gregori;renda familiar disponible bruta;per habitant (índex Catalunya=100);;110,4
2021;Sant Guim de Freixenet;renda familiar disponible bruta;valor (milers €);;17355
2021;Sant Guim de Freixenet;renda familiar disponible bruta;per habitant (€);;16070
2021;Sant Guim de Freixenet;renda familiar disponible bruta;per habitant (índex Catalunya=100);;86,2
2021;Sant Hilari Sacalm;renda familiar disponible bruta;valor (milers €);;92254
2021;Sant Hilari Sacalm;renda familiar disponible bruta;per habitant (€);;15931
2021;Sant Hilari Sacalm;renda familiar disponible bruta;per habitant (índex Catalunya=100);;85,5
2021;Sant Hipòlit de Voltregà;renda familiar disponible bruta;valor (milers €);;67903
2021;Sant Hipòlit de Voltregà;renda familiar disponible bruta;per habitant (€);;18920
2021;Sant Hipòlit de Voltregà;renda familiar disponible bruta;per habitant (índex Catalunya=100);;101,5
2021;Sant Iscle de Vallalta;renda familiar disponible bruta;valor (milers €);;24457
2021;Sant Iscle de Vallalta;renda familiar disponible bruta;per habitant (€);;17043
2021;Sant Iscle de Vallalta;renda familiar disponible bruta;per habitant (índex Catalunya=100);;91,4
2021;Sant Jaume d'Enveja;renda familiar disponible bruta;valor (milers €);;49200
2021;Sant Jaume d'Enveja;renda familiar disponible bruta;per habitant (€);;13644
2021;Sant Jaume d'Enveja;renda familiar disponible bruta;per habitant (índex Catalunya=100);;73,2
2021;Sant Jaume dels Domenys;renda familiar disponible bruta;valor (milers €);;44020
2021;Sant Jaume dels Domenys;renda familiar disponible bruta;per habitant (€);;16370
2021;Sant Jaume dels Domenys;renda familiar disponible bruta;per habitant (índex Catalunya=100);;87,8
2021;Sant Joan de les Abadesses;renda familiar disponible bruta;valor (milers €);;59684
2021;Sant Joan de les Abadesses;renda familiar disponible bruta;per habitant (€);;18285
2021;Sant Joan de les Abadesses;renda familiar disponible bruta;per habitant (índex Catalunya=100);;98,1
2021;Sant Joan de Vilatorrada;renda familiar disponible bruta;valor (milers €);;193750
2021;Sant Joan de Vilatorrada;renda familiar disponible bruta;per habitant (€);;17903
2021;Sant Joan de Vilatorrada;renda familiar disponible bruta;per habitant (índex Catalunya=100);;96,1
2021;Sant Joan Despí;renda familiar disponible bruta;valor (milers €);;723051
2021;Sant Joan Despí;renda familiar disponible bruta;per habitant (€);;21253
2021;Sant Joan Despí;renda familiar disponible bruta;per habitant (índex Catalunya=100);;114
2021;Sant Joan les Fonts;renda familiar disponible bruta;valor (milers €);;59921
2021;Sant Joan les Fonts;renda familiar disponible bruta;per habitant (€);;19685
2021;Sant Joan les Fonts;renda familiar disponible bruta;per habitant (índex Catalunya=100);;105,6
2021;Sant Julià de Ramis;renda familiar disponible bruta;valor (milers €);;67248
2021;Sant Julià de Ramis;renda familiar disponible bruta;per habitant (€);;18649
2021;Sant Julià de Ramis;renda familiar disponible bruta;per habitant (índex Catalunya=100);;100,1
2021;Sant Julià de Vilatorta;renda familiar disponible bruta;valor (milers €);;71486
2021;Sant Julià de Vilatorta;renda familiar disponible bruta;per habitant (€);;22544
2021;Sant Julià de Vilatorta;renda familiar disponible bruta;per habitant (índex Catalunya=100);;121
2021;Sant Julià del Llor i Bonmatí;renda familiar disponible bruta;valor (milers €);;23994
2021;Sant Julià del Llor i Bonmatí;renda familiar disponible bruta;per habitant (€);;17893
2021;Sant Julià del Llor i Bonmatí;renda familiar disponible bruta;per habitant (índex Catalunya=100);;96
2021;Sant Just Desvern;renda familiar disponible bruta;valor (milers €);;546655
2021;Sant Just Desvern;renda familiar disponible bruta;per habitant (€);;28019
2021;Sant Just Desvern;renda familiar disponible bruta;per habitant (índex Catalunya=100);;150,3
2021;Sant Llorenç d'Hortons;renda familiar disponible bruta;valor (milers €);;47880
2021;Sant Llorenç d'Hortons;renda familiar disponible bruta;per habitant (€);;19346
2021;Sant Llorenç d'Hortons;renda familiar disponible bruta;per habitant (índex Catalunya=100);;103,8
2021;Sant Llorenç de Morunys;renda familiar disponible bruta;valor (milers €);;17172
2021;Sant Llorenç de Morunys;renda familiar disponible bruta;per habitant (€);;17104
2021;Sant Llorenç de Morunys;renda familiar disponible bruta;per habitant (índex Catalunya=100);;91,8
2021;Sant Llorenç Savall;renda familiar disponible bruta;valor (milers €);;43118
2021;Sant Llorenç Savall;renda familiar disponible bruta;per habitant (€);;17165
2021;Sant Llorenç Savall;renda familiar disponible bruta;per habitant (índex Catalunya=100);;92,1
2021;Sant Martí de Centelles;renda familiar disponible bruta;valor (milers €);;19891
2021;Sant Martí de Centelles;renda familiar disponible bruta;per habitant (€);;16494
2021;Sant Martí de Centelles;renda familiar disponible bruta;per habitant (índex Catalunya=100);;88,5
2021;Sant Martí de Tous;renda familiar disponible bruta;valor (milers €);;23037
2021;Sant Martí de Tous;renda familiar disponible bruta;per habitant (€);;18563
2021;Sant Martí de Tous;renda familiar disponible bruta;per habitant (índex Catalunya=100);;99,6
2021;Sant Martí Sarroca;renda familiar disponible bruta;valor (milers €);;54292
2021;Sant Martí Sarroca;renda familiar disponible bruta;per habitant (€);;16467
2021;Sant Martí Sarroca;renda familiar disponible bruta;per habitant (índex Catalunya=100);;88,4
2021;Sant Pere de Ribes;renda familiar disponible bruta;valor (milers €);;551230
2021;Sant Pere de Ribes;renda familiar disponible bruta;per habitant (€);;17504
2021;Sant Pere de Ribes;renda familiar disponible bruta;per habitant (índex Catalunya=100);;93,9
2021;Sant Pere de Riudebitlles;renda familiar disponible bruta;valor (milers €);;43091
2021;Sant Pere de Riudebitlles;renda familiar disponible bruta;per habitant (€);;17880
2021;Sant Pere de Riudebitlles;renda familiar disponible bruta;per habitant (índex Catalunya=100);;95,9
2021;Sant Pere de Torelló;renda familiar disponible bruta;valor (milers €);;46544
2021;Sant Pere de Torelló;renda familiar disponible bruta;per habitant (€);;18580
2021;Sant Pere de Torelló;renda familiar disponible bruta;per habitant (índex Catalunya=100);;99,7
2021;Sant Pere de Vilamajor;renda familiar disponible bruta;valor (milers €);;90793
2021;Sant Pere de Vilamajor;renda familiar disponible bruta;per habitant (€);;19195
2021;Sant Pere de Vilamajor;renda familiar disponible bruta;per habitant (índex Catalunya=100);;103
2021;Sant Pere Pescador;renda familiar disponible bruta;valor (milers €);;30852
2021;Sant Pere Pescador;renda familiar disponible bruta;per habitant (€);;14933
2021;Sant Pere Pescador;renda familiar disponible bruta;per habitant (índex Catalunya=100);;80,1
2021;Sant Pol de Mar;renda familiar disponible bruta;valor (milers €);;111629
2021;Sant Pol de Mar;renda familiar disponible bruta;per habitant (€);;19984
2021;Sant Pol de Mar;renda familiar disponible bruta;per habitant (índex Catalunya=100);;107,2
2021;Sant Quintí de Mediona;renda familiar disponible bruta;valor (milers €);;34893
2021;Sant Quintí de Mediona;renda familiar disponible bruta;per habitant (€);;14735
2021;Sant Quintí de Mediona;renda familiar disponible bruta;per habitant (índex Catalunya=100);;79,1
2021;Sant Quirze de Besora;renda familiar disponible bruta;valor (milers €);;38821
2021;Sant Quirze de Besora;renda familiar disponible bruta;per habitant (€);;18107
2021;Sant Quirze de Besora;renda familiar disponible bruta;per habitant (índex Catalunya=100);;97,2
2021;Sant Quirze del Vallès;renda familiar disponible bruta;valor (milers €);;482594
2021;Sant Quirze del Vallès;renda familiar disponible bruta;per habitant (€);;23995
2021;Sant Quirze del Vallès;renda familiar disponible bruta;per habitant (índex Catalunya=100);;128,8
2021;Sant Sadurní d'Anoia;renda familiar disponible bruta;valor (milers €);;246814
2021;Sant Sadurní d'Anoia;renda familiar disponible bruta;per habitant (€);;19233
2021;Sant Sadurní d'Anoia;renda familiar disponible bruta;per habitant (índex Catalunya=100);;103,2
2021;Sant Salvador de Guardiola;renda familiar disponible bruta;valor (milers €);;56978
2021;Sant Salvador de Guardiola;renda familiar disponible bruta;per habitant (€);;17277
2021;Sant Salvador de Guardiola;renda familiar disponible bruta;per habitant (índex Catalunya=100);;92,7
2021;Sant Vicenç de Castellet;renda familiar disponible bruta;valor (milers €);;157512
2021;Sant Vicenç de Castellet;renda familiar disponible bruta;per habitant (€);;15941
2021;Sant Vicenç de Castellet;renda familiar disponible bruta;per habitant (índex Catalunya=100);;85,5
2021;Sant Vicenç de Montalt;renda familiar disponible bruta;valor (milers €);;150504
2021;Sant Vicenç de Montalt;renda familiar disponible bruta;per habitant (€);;22718
2021;Sant Vicenç de Montalt;renda familiar disponible bruta;per habitant (índex Catalunya=100);;121,9
2021;Sant Vicenç de Torelló;renda familiar disponible bruta;valor (milers €);;40585
2021;Sant Vicenç de Torelló;renda familiar disponible bruta;per habitant (€);;19550
2021;Sant Vicenç de Torelló;renda familiar disponible bruta;per habitant (índex Catalunya=100);;104,9
2021;Sant Vicenç dels Horts;renda familiar disponible bruta;valor (milers €);;491901
2021;Sant Vicenç dels Horts;renda familiar disponible bruta;per habitant (€);;17490
2021;Sant Vicenç dels Horts;renda familiar disponible bruta;per habitant (índex Catalunya=100);;93,8
2021;Santa Bàrbara;renda familiar disponible bruta;valor (milers €);;53210
2021;Santa Bàrbara;renda familiar disponible bruta;per habitant (€);;14118
2021;Santa Bàrbara;renda familiar disponible bruta;per habitant (índex Catalunya=100);;75,8
2021;Santa Coloma de Cervelló;renda familiar disponible bruta;valor (milers €);;165182
2021;Santa Coloma de Cervelló;renda familiar disponible bruta;per habitant (€);;19892
2021;Santa Coloma de Cervelló;renda familiar disponible bruta;per habitant (índex Catalunya=100);;106,7
2021;Santa Coloma de Farners;renda familiar disponible bruta;valor (milers €);;215820
2021;Santa Coloma de Farners;renda familiar disponible bruta;per habitant (€);;15930
2021;Santa Coloma de Farners;renda familiar disponible bruta;per habitant (índex Catalunya=100);;85,5
2021;Santa Coloma de Gramenet;renda familiar disponible bruta;valor (milers €);;1818040
2021;Santa Coloma de Gramenet;renda familiar disponible bruta;per habitant (€);;15415
2021;Santa Coloma de Gramenet;renda familiar disponible bruta;per habitant (índex Catalunya=100);;82,7
2021;Santa Coloma de Queralt;renda familiar disponible bruta;valor (milers €);;47290
2021;Santa Coloma de Queralt;renda familiar disponible bruta;per habitant (€);;17335
2021;Santa Coloma de Queralt;renda familiar disponible bruta;per habitant (índex Catalunya=100);;93
2021;Santa Cristina d'Aro;renda familiar disponible bruta;valor (milers €);;96102
2021;Santa Cristina d'Aro;renda familiar disponible bruta;per habitant (€);;17489
2021;Santa Cristina d'Aro;renda familiar disponible bruta;per habitant (índex Catalunya=100);;93,8
2021;Santa Eugènia de Berga;renda familiar disponible bruta;valor (milers €);;42411
2021;Santa Eugènia de Berga;renda familiar disponible bruta;per habitant (€);;18833
2021;Santa Eugènia de Berga;renda familiar disponible bruta;per habitant (índex Catalunya=100);;101,1
2021;Santa Eulàlia de Riuprimer;renda familiar disponible bruta;valor (milers €);;26071
2021;Santa Eulàlia de Riuprimer;renda familiar disponible bruta;per habitant (€);;18503
2021;Santa Eulàlia de Riuprimer;renda familiar disponible bruta;per habitant (índex Catalunya=100);;99,3
2021;Santa Eulàlia de Ronçana;renda familiar disponible bruta;valor (milers €);;145902
2021;Santa Eulàlia de Ronçana;renda familiar disponible bruta;per habitant (€);;19095
2021;Santa Eulàlia de Ronçana;renda familiar disponible bruta;per habitant (índex Catalunya=100);;102,5
2021;Santa Margarida de Montbui;renda familiar disponible bruta;valor (milers €);;136479
2021;Santa Margarida de Montbui;renda familiar disponible bruta;per habitant (€);;13342
2021;Santa Margarida de Montbui;renda familiar disponible bruta;per habitant (índex Catalunya=100);;71,6
2021;Santa Margarida i els Monjos;renda familiar disponible bruta;valor (milers €);;138245
2021;Santa Margarida i els Monjos;renda familiar disponible bruta;per habitant (€);;18126
2021;Santa Margarida i els Monjos;renda familiar disponible bruta;per habitant (índex Catalunya=100);;97,3
2021;Santa Maria d'Oló;renda familiar disponible bruta;valor (milers €);;19235
2021;Santa Maria d'Oló;renda familiar disponible bruta;per habitant (€);;18010
2021;Santa Maria d'Oló;renda familiar disponible bruta;per habitant (índex Catalunya=100);;96,6
2021;Santa Maria de Palautordera;renda familiar disponible bruta;valor (milers €);;181176
2021;Santa Maria de Palautordera;renda familiar disponible bruta;per habitant (€);;18666
2021;Santa Maria de Palautordera;renda familiar disponible bruta;per habitant (índex Catalunya=100);;100,2
2021;Santa Oliva;renda familiar disponible bruta;valor (milers €);;49892
2021;Santa Oliva;renda familiar disponible bruta;per habitant (€);;14255
2021;Santa Oliva;renda familiar disponible bruta;per habitant (índex Catalunya=100);;76,5
2021;Santa Pau;renda familiar disponible bruta;valor (milers €);;30163
2021;Santa Pau;renda familiar disponible bruta;per habitant (€);;18828
2021;Santa Pau;renda familiar disponible bruta;per habitant (índex Catalunya=100);;101
2021;Santa Perpètua de Mogoda;renda familiar disponible bruta;valor (milers €);;473888
2021;Santa Perpètua de Mogoda;renda familiar disponible bruta;per habitant (€);;18294
2021;Santa Perpètua de Mogoda;renda familiar disponible bruta;per habitant (índex Catalunya=100);;98,2
2021;Santa Susanna;renda familiar disponible bruta;valor (milers €);;59720
2021;Santa Susanna;renda familiar disponible bruta;per habitant (€);;16228
2021;Santa Susanna;renda familiar disponible bruta;per habitant (índex Catalunya=100);;87,1
2021;Santpedor;renda familiar disponible bruta;valor (milers €);;143167
2021;Santpedor;renda familiar disponible bruta;per habitant (€);;18860
2021;Santpedor;renda familiar disponible bruta;per habitant (índex Catalunya=100);;101,2
2021;Sarral;renda familiar disponible bruta;valor (milers €);;23560
2021;Sarral;renda familiar disponible bruta;per habitant (€);;15103
2021;Sarral;renda familiar disponible bruta;per habitant (índex Catalunya=100);;81
2021;Sarrià de Ter;renda familiar disponible bruta;valor (milers €);;96452
2021;Sarrià de Ter;renda familiar disponible bruta;per habitant (€);;18285
2021;Sarrià de Ter;renda familiar disponible bruta;per habitant (índex Catalunya=100);;98,1
2021;Secuita, la;renda familiar disponible bruta;valor (milers €);;31640
2021;Secuita, la;renda familiar disponible bruta;per habitant (€);;18142
2021;Secuita, la;renda familiar disponible bruta;per habitant (índex Catalunya=100);;97,3
2021;Selva del Camp, la;renda familiar disponible bruta;valor (milers €);;96936
2021;Selva del Camp, la;renda familiar disponible bruta;per habitant (€);;16977
2021;Selva del Camp, la;renda familiar disponible bruta;per habitant (índex Catalunya=100);;91,1
2021;Sénia, la;renda familiar disponible bruta;valor (milers €);;75875
2021;Sénia, la;renda familiar disponible bruta;per habitant (€);;13607
2021;Sénia, la;renda familiar disponible bruta;per habitant (índex Catalunya=100);;73
2021;Sentmenat;renda familiar disponible bruta;valor (milers €);;174261
2021;Sentmenat;renda familiar disponible bruta;per habitant (€);;18608
2021;Sentmenat;renda familiar disponible bruta;per habitant (índex Catalunya=100);;99,8
2021;Serinyà;renda familiar disponible bruta;valor (milers €);;20104
2021;Serinyà;renda familiar disponible bruta;per habitant (€);;17543
2021;Serinyà;renda familiar disponible bruta;per habitant (índex Catalunya=100);;94,1
2021;Seròs;renda familiar disponible bruta;valor (milers €);;25275
2021;Seròs;renda familiar disponible bruta;per habitant (€);;13366
2021;Seròs;renda familiar disponible bruta;per habitant (índex Catalunya=100);;71,7
2021;Seu d'Urgell, la;renda familiar disponible bruta;valor (milers €);;181125
2021;Seu d'Urgell, la;renda familiar disponible bruta;per habitant (€);;14827
2021;Seu d'Urgell, la;renda familiar disponible bruta;per habitant (índex Catalunya=100);;79,6
2021;Seva;renda familiar disponible bruta;valor (milers €);;71837
2021;Seva;renda familiar disponible bruta;per habitant (€);;19327
2021;Seva;renda familiar disponible bruta;per habitant (índex Catalunya=100);;103,7
2021;Sils;renda familiar disponible bruta;valor (milers €);;106841
2021;Sils;renda familiar disponible bruta;per habitant (€);;16663
2021;Sils;renda familiar disponible bruta;per habitant (índex Catalunya=100);;89,4
2021;Sitges;renda familiar disponible bruta;valor (milers €);;669438
2021;Sitges;renda familiar disponible bruta;per habitant (€);;21761
2021;Sitges;renda familiar disponible bruta;per habitant (índex Catalunya=100);;116,8
2021;Solsona;renda familiar disponible bruta;valor (milers €);;149353
2021;Solsona;renda familiar disponible bruta;per habitant (€);;16252
2021;Solsona;renda familiar disponible bruta;per habitant (índex Catalunya=100);;87,2
2021;Sort;renda familiar disponible bruta;valor (milers €);;39100
2021;Sort;renda familiar disponible bruta;per habitant (€);;17620
2021;Sort;renda familiar disponible bruta;per habitant (índex Catalunya=100);;94,5
2021;Soses;renda familiar disponible bruta;valor (milers €);;26752
2021;Soses;renda familiar disponible bruta;per habitant (€);;15105
2021;Soses;renda familiar disponible bruta;per habitant (índex Catalunya=100);;81,1
2021;Subirats;renda familiar disponible bruta;valor (milers €);;57431
2021;Subirats;renda familiar disponible bruta;per habitant (€);;17903
2021;Subirats;renda familiar disponible bruta;per habitant (índex Catalunya=100);;96,1
2021;Súria;renda familiar disponible bruta;valor (milers €);;109130
2021;Súria;renda familiar disponible bruta;per habitant (€);;18428
2021;Súria;renda familiar disponible bruta;per habitant (índex Catalunya=100);;98,9
2021;Taradell;renda familiar disponible bruta;valor (milers €);;135923
2021;Taradell;renda familiar disponible bruta;per habitant (€);;20333
2021;Taradell;renda familiar disponible bruta;per habitant (índex Catalunya=100);;109,1
2021;Tarragona;renda familiar disponible bruta;valor (milers €);;2327982
2021;Tarragona;renda familiar disponible bruta;per habitant (€);;17145
2021;Tarragona;renda familiar disponible bruta;per habitant (índex Catalunya=100);;92
2021;Tàrrega;renda familiar disponible bruta;valor (milers €);;280971
2021;Tàrrega;renda familiar disponible bruta;per habitant (€);;15902
2021;Tàrrega;renda familiar disponible bruta;per habitant (índex Catalunya=100);;85,3
2021;Teià;renda familiar disponible bruta;valor (milers €);;153613
2021;Teià;renda familiar disponible bruta;per habitant (€);;23384
2021;Teià;renda familiar disponible bruta;per habitant (índex Catalunya=100);;125,5
2021;Térmens;renda familiar disponible bruta;valor (milers €);;20227
2021;Térmens;renda familiar disponible bruta;per habitant (€);;15106
2021;Térmens;renda familiar disponible bruta;per habitant (índex Catalunya=100);;81,1
2021;Terrassa;renda familiar disponible bruta;valor (milers €);;4076207
2021;Terrassa;renda familiar disponible bruta;per habitant (€);;18309
2021;Terrassa;renda familiar disponible bruta;per habitant (índex Catalunya=100);;98,2
2021;Tiana;renda familiar disponible bruta;valor (milers €);;227206
2021;Tiana;renda familiar disponible bruta;per habitant (€);;25025
2021;Tiana;renda familiar disponible bruta;per habitant (índex Catalunya=100);;134,3
2021;Tivissa;renda familiar disponible bruta;valor (milers €);;24551
2021;Tivissa;renda familiar disponible bruta;per habitant (€);;15081
2021;Tivissa;renda familiar disponible bruta;per habitant (índex Catalunya=100);;80,9
2021;Tona;renda familiar disponible bruta;valor (milers €);;160031
2021;Tona;renda familiar disponible bruta;per habitant (€);;19140
2021;Tona;renda familiar disponible bruta;per habitant (índex Catalunya=100);;102,7
2021;Torà;renda familiar disponible bruta;valor (milers €);;20189
2021;Torà;renda familiar disponible bruta;per habitant (€);;16023
2021;Torà;renda familiar disponible bruta;per habitant (índex Catalunya=100);;86
2021;Tordera;renda familiar disponible bruta;valor (milers €);;274833
2021;Tordera;renda familiar disponible bruta;per habitant (€);;15326
2021;Tordera;renda familiar disponible bruta;per habitant (índex Catalunya=100);;82,2
2021;Torelló;renda familiar disponible bruta;valor (milers €);;269936
2021;Torelló;renda familiar disponible bruta;per habitant (€);;18442
2021;Torelló;renda familiar disponible bruta;per habitant (índex Catalunya=100);;99
2021;Torre de Claramunt, la;renda familiar disponible bruta;valor (milers €);;66299
2021;Torre de Claramunt, la;renda familiar disponible bruta;per habitant (€);;16935
2021;Torre de Claramunt, la;renda familiar disponible bruta;per habitant (índex Catalunya=100);;90,9
2021;Torredembarra;renda familiar disponible bruta;valor (milers €);;264531
2021;Torredembarra;renda familiar disponible bruta;per habitant (€);;15456
2021;Torredembarra;renda familiar disponible bruta;per habitant (índex Catalunya=100);;82,9
2021;Torrefarrera;renda familiar disponible bruta;valor (milers €);;83328
2021;Torrefarrera;renda familiar disponible bruta;per habitant (€);;17462
2021;Torrefarrera;renda familiar disponible bruta;per habitant (índex Catalunya=100);;93,7
2021;Torregrossa;renda familiar disponible bruta;valor (milers €);;31782
2021;Torregrossa;renda familiar disponible bruta;per habitant (€);;14572
2021;Torregrossa;renda familiar disponible bruta;per habitant (índex Catalunya=100);;78,2
2021;Torrelavit;renda familiar disponible bruta;valor (milers €);;28448
2021;Torrelavit;renda familiar disponible bruta;per habitant (€);;19687
2021;Torrelavit;renda familiar disponible bruta;per habitant (índex Catalunya=100);;105,6
2021;Torrelles de Foix;renda familiar disponible bruta;valor (milers €);;33773
2021;Torrelles de Foix;renda familiar disponible bruta;per habitant (€);;13370
2021;Torrelles de Foix;renda familiar disponible bruta;per habitant (índex Catalunya=100);;71,7
2021;Torrelles de Llobregat;renda familiar disponible bruta;valor (milers €);;125551
2021;Torrelles de Llobregat;renda familiar disponible bruta;per habitant (€);;20368
2021;Torrelles de Llobregat;renda familiar disponible bruta;per habitant (índex Catalunya=100);;109,3
2021;Torres de Segre;renda familiar disponible bruta;valor (milers €);;33647
2021;Torres de Segre;renda familiar disponible bruta;per habitant (€);;14648
2021;Torres de Segre;renda familiar disponible bruta;per habitant (índex Catalunya=100);;78,6
2021;Torroella de Montgrí;renda familiar disponible bruta;valor (milers €);;173805
2021;Torroella de Montgrí;renda familiar disponible bruta;per habitant (€);;14521
2021;Torroella de Montgrí;renda familiar disponible bruta;per habitant (índex Catalunya=100);;77,9
2021;Tortosa;renda familiar disponible bruta;valor (milers €);;535977
2021;Tortosa;renda familiar disponible bruta;per habitant (€);;15816
2021;Tortosa;renda familiar disponible bruta;per habitant (índex Catalunya=100);;84,9
2021;Tossa de Mar;renda familiar disponible bruta;valor (milers €);;81900
2021;Tossa de Mar;renda familiar disponible bruta;per habitant (€);;13865
2021;Tossa de Mar;renda familiar disponible bruta;per habitant (índex Catalunya=100);;74,4
2021;Tremp;renda familiar disponible bruta;valor (milers €);;98467
2021;Tremp;renda familiar disponible bruta;per habitant (€);;16743
2021;Tremp;renda familiar disponible bruta;per habitant (índex Catalunya=100);;89,8
2021;Ullà;renda familiar disponible bruta;valor (milers €);;16143
2021;Ullà;renda familiar disponible bruta;per habitant (€);;13635
2021;Ullà;renda familiar disponible bruta;per habitant (índex Catalunya=100);;73,2
2021;Ullastrell;renda familiar disponible bruta;valor (milers €);;42466
2021;Ullastrell;renda familiar disponible bruta;per habitant (€);;20050
2021;Ullastrell;renda familiar disponible bruta;per habitant (índex Catalunya=100);;107,6
2021;Ulldecona;renda familiar disponible bruta;valor (milers €);;84083
2021;Ulldecona;renda familiar disponible bruta;per habitant (€);;13177
2021;Ulldecona;renda familiar disponible bruta;per habitant (índex Catalunya=100);;70,7
2021;Vacarisses;renda familiar disponible bruta;valor (milers €);;130390
2021;Vacarisses;renda familiar disponible bruta;per habitant (€);;18107
2021;Vacarisses;renda familiar disponible bruta;per habitant (índex Catalunya=100);;97,2
2021;Vall d'en Bas, la;renda familiar disponible bruta;valor (milers €);;61935
2021;Vall d'en Bas, la;renda familiar disponible bruta;per habitant (€);;19762
2021;Vall d'en Bas, la;renda familiar disponible bruta;per habitant (índex Catalunya=100);;106
2021;Vall de Bianya, la;renda familiar disponible bruta;valor (milers €);;26850
2021;Vall de Bianya, la;renda familiar disponible bruta;per habitant (€);;20203
2021;Vall de Bianya, la;renda familiar disponible bruta;per habitant (índex Catalunya=100);;108,4
2021;Vall de Boí, la;renda familiar disponible bruta;valor (milers €);;16525
2021;Vall de Boí, la;renda familiar disponible bruta;per habitant (€);;15386
2021;Vall de Boí, la;renda familiar disponible bruta;per habitant (índex Catalunya=100);;82,6
2021;Vallbona d'Anoia;renda familiar disponible bruta;valor (milers €);;25880
2021;Vallbona d'Anoia;renda familiar disponible bruta;per habitant (€);;18645
2021;Vallbona d'Anoia;renda familiar disponible bruta;per habitant (índex Catalunya=100);;100
2021;Vallfogona de Balaguer;renda familiar disponible bruta;valor (milers €);;30617
2021;Vallfogona de Balaguer;renda familiar disponible bruta;per habitant (€);;15988
2021;Vallfogona de Balaguer;renda familiar disponible bruta;per habitant (índex Catalunya=100);;85,8
2021;Vallgorguina;renda familiar disponible bruta;valor (milers €);;56315
2021;Vallgorguina;renda familiar disponible bruta;per habitant (€);;18166
2021;Vallgorguina;renda familiar disponible bruta;per habitant (índex Catalunya=100);;97,5
2021;Vallirana;renda familiar disponible bruta;valor (milers €);;298829
2021;Vallirana;renda familiar disponible bruta;per habitant (€);;19248
2021;Vallirana;renda familiar disponible bruta;per habitant (índex Catalunya=100);;103,3
2021;Vallmoll;renda familiar disponible bruta;valor (milers €);;31143
2021;Vallmoll;renda familiar disponible bruta;per habitant (€);;16880
2021;Vallmoll;renda familiar disponible bruta;per habitant (índex Catalunya=100);;90,6
2021;Vallromanes;renda familiar disponible bruta;valor (milers €);;62023
2021;Vallromanes;renda familiar disponible bruta;per habitant (€);;23664
2021;Vallromanes;renda familiar disponible bruta;per habitant (índex Catalunya=100);;127
2021;Valls;renda familiar disponible bruta;valor (milers €);;418468
2021;Valls;renda familiar disponible bruta;per habitant (€);;16997
2021;Valls;renda familiar disponible bruta;per habitant (índex Catalunya=100);;91,2
2021;Vandellòs i l'Hospitalet de l'Infant;renda familiar disponible bruta;valor (milers €);;108027
2021;Vandellòs i l'Hospitalet de l'Infant;renda familiar disponible bruta;per habitant (€);;16189
2021;Vandellòs i l'Hospitalet de l'Infant;renda familiar disponible bruta;per habitant (índex Catalunya=100);;86,9
2021;Vendrell, el;renda familiar disponible bruta;valor (milers €);;630236
2021;Vendrell, el;renda familiar disponible bruta;per habitant (€);;16167
2021;Vendrell, el;renda familiar disponible bruta;per habitant (índex Catalunya=100);;86,7
2021;Verges;renda familiar disponible bruta;valor (milers €);;19426
2021;Verges;renda familiar disponible bruta;per habitant (€);;16491
2021;Verges;renda familiar disponible bruta;per habitant (índex Catalunya=100);;88,5
2021;Vic;renda familiar disponible bruta;valor (milers €);;829295
2021;Vic;renda familiar disponible bruta;per habitant (€);;17562
2021;Vic;renda familiar disponible bruta;per habitant (índex Catalunya=100);;94,2
2021;Vidreres;renda familiar disponible bruta;valor (milers €);;135154
2021;Vidreres;renda familiar disponible bruta;per habitant (€);;16480
2021;Vidreres;renda familiar disponible bruta;per habitant (índex Catalunya=100);;88,4
2021;Vielha e Mijaran;renda familiar disponible bruta;valor (milers €);;93767
2021;Vielha e Mijaran;renda familiar disponible bruta;per habitant (€);;16732
2021;Vielha e Mijaran;renda familiar disponible bruta;per habitant (índex Catalunya=100);;89,8
2021;Vilablareix;renda familiar disponible bruta;valor (milers €);;72002
2021;Vilablareix;renda familiar disponible bruta;per habitant (€);;21707
2021;Vilablareix;renda familiar disponible bruta;per habitant (índex Catalunya=100);;116,5
2021;Viladecans;renda familiar disponible bruta;valor (milers €);;1222987
2021;Viladecans;renda familiar disponible bruta;per habitant (€);;18342
2021;Viladecans;renda familiar disponible bruta;per habitant (índex Catalunya=100);;98,4
2021;Viladecavalls;renda familiar disponible bruta;valor (milers €);;158913
2021;Viladecavalls;renda familiar disponible bruta;per habitant (€);;20803
2021;Viladecavalls;renda familiar disponible bruta;per habitant (índex Catalunya=100);;111,6
2021;Viladrau;renda familiar disponible bruta;valor (milers €);;20678
2021;Viladrau;renda familiar disponible bruta;per habitant (€);;18764
2021;Viladrau;renda familiar disponible bruta;per habitant (índex Catalunya=100);;100,7
2021;Vilafant;renda familiar disponible bruta;valor (milers €);;93726
2021;Vilafant;renda familiar disponible bruta;per habitant (€);;16995
2021;Vilafant;renda familiar disponible bruta;per habitant (índex Catalunya=100);;91,2
2021;Vilafranca del Penedès;renda familiar disponible bruta;valor (milers €);;718326
2021;Vilafranca del Penedès;renda familiar disponible bruta;per habitant (€);;17951
2021;Vilafranca del Penedès;renda familiar disponible bruta;per habitant (índex Catalunya=100);;96,3
2021;Vilajuïga;renda familiar disponible bruta;valor (milers €);;19206
2021;Vilajuïga;renda familiar disponible bruta;per habitant (€);;16848
2021;Vilajuïga;renda familiar disponible bruta;per habitant (índex Catalunya=100);;90,4
2021;Vilallonga del Camp;renda familiar disponible bruta;valor (milers €);;39991
2021;Vilallonga del Camp;renda familiar disponible bruta;per habitant (€);;16698
2021;Vilallonga del Camp;renda familiar disponible bruta;per habitant (índex Catalunya=100);;89,6
2021;Vilamalla;renda familiar disponible bruta;valor (milers €);;17300
2021;Vilamalla;renda familiar disponible bruta;per habitant (€);;14914
2021;Vilamalla;renda familiar disponible bruta;per habitant (índex Catalunya=100);;80
2021;Vilanova de Bellpuig;renda familiar disponible bruta;valor (milers €);;18335
2021;Vilanova de Bellpuig;renda familiar disponible bruta;per habitant (€);;15292
2021;Vilanova de Bellpuig;renda familiar disponible bruta;per habitant (índex Catalunya=100);;82,1
2021;Vilanova de la Barca;renda familiar disponible bruta;valor (milers €);;16706
2021;Vilanova de la Barca;renda familiar disponible bruta;per habitant (€);;14997
2021;Vilanova de la Barca;renda familiar disponible bruta;per habitant (índex Catalunya=100);;80,5
2021;Vilanova de Segrià;renda familiar disponible bruta;valor (milers €);;15978
2021;Vilanova de Segrià;renda familiar disponible bruta;per habitant (€);;15882
2021;Vilanova de Segrià;renda familiar disponible bruta;per habitant (índex Catalunya=100);;85,2
2021;Vilanova del Camí;renda familiar disponible bruta;valor (milers €);;196005
2021;Vilanova del Camí;renda familiar disponible bruta;per habitant (€);;15413
2021;Vilanova del Camí;renda familiar disponible bruta;per habitant (índex Catalunya=100);;82,7
2021;Vilanova del Vallès;renda familiar disponible bruta;valor (milers €);;111011
2021;Vilanova del Vallès;renda familiar disponible bruta;per habitant (€);;19955
2021;Vilanova del Vallès;renda familiar disponible bruta;per habitant (índex Catalunya=100);;107,1
2021;Vilanova i la Geltrú;renda familiar disponible bruta;valor (milers €);;1255464
2021;Vilanova i la Geltrú;renda familiar disponible bruta;per habitant (€);;18587
2021;Vilanova i la Geltrú;renda familiar disponible bruta;per habitant (índex Catalunya=100);;99,7
2021;Vila-rodona;renda familiar disponible bruta;valor (milers €);;20101
2021;Vila-rodona;renda familiar disponible bruta;per habitant (€);;15321
2021;Vila-rodona;renda familiar disponible bruta;per habitant (índex Catalunya=100);;82,2
2021;Vila-seca;renda familiar disponible bruta;valor (milers €);;342134
2021;Vila-seca;renda familiar disponible bruta;per habitant (€);;14965
2021;Vila-seca;renda familiar disponible bruta;per habitant (índex Catalunya=100);;80,3
2021;Vilassar de Dalt;renda familiar disponible bruta;valor (milers €);;213935
2021;Vilassar de Dalt;renda familiar disponible bruta;per habitant (€);;23473
2021;Vilassar de Dalt;renda familiar disponible bruta;per habitant (índex Catalunya=100);;126
2021;Vilassar de Mar;renda familiar disponible bruta;valor (milers €);;456450
2021;Vilassar de Mar;renda familiar disponible bruta;per habitant (€);;21722
2021;Vilassar de Mar;renda familiar disponible bruta;per habitant (índex Catalunya=100);;116,6
2021;Vilobí d'Onyar;renda familiar disponible bruta;valor (milers €);;60711
2021;Vilobí d'Onyar;renda familiar disponible bruta;per habitant (€);;18408
2021;Vilobí d'Onyar;renda familiar disponible bruta;per habitant (índex Catalunya=100);;98,8
2021;Vilobí del Penedès;renda familiar disponible bruta;valor (milers €);;19192
2021;Vilobí del Penedès;renda familiar disponible bruta;per habitant (€);;16850
2021;Vilobí del Penedès;renda familiar disponible bruta;per habitant (índex Catalunya=100);;90,4
2021;Vinyols i els Arcs;renda familiar disponible bruta;valor (milers €);;39150
2021;Vinyols i els Arcs;renda familiar disponible bruta;per habitant (€);;17493
2021;Vinyols i els Arcs;renda familiar disponible bruta;per habitant (índex Catalunya=100);;93,9
2021;Xerta;renda familiar disponible bruta;valor (milers €);;18437
2021;Xerta;renda familiar disponible bruta;per habitant (€);;16019
2021;Xerta;renda familiar disponible bruta;per habitant (índex Catalunya=100);;86
