any;municipi;concepte;indicador;estat;valor
2020;Abrera;renda familiar disponible bruta;valor (milers €);;226983
2020;Abrera;renda familiar disponible bruta;per habitant (€);;18161
2020;Abrera;renda familiar disponible bruta;per habitant (índex Catalunya=100);;102,3
2020;Agramunt;renda familiar disponible bruta;valor (milers €);;84289
2020;Agramunt;renda familiar disponible bruta;per habitant (€);;15541
2020;Agramunt;renda familiar disponible bruta;per habitant (índex Catalunya=100);;87,6
2020;Aiguafreda;renda familiar disponible bruta;valor (milers €);;47886
2020;Aiguafreda;renda familiar disponible bruta;per habitant (€);;18930
2020;Aiguafreda;renda familiar disponible bruta;per habitant (índex Catalunya=100);;106,7
2020;Aitona;renda familiar disponible bruta;valor (milers €);;30263
2020;Aitona;renda familiar disponible bruta;per habitant (€);;12137
2020;Aitona;renda familiar disponible bruta;per habitant (índex Catalunya=100);;68,4
2020;Albatàrrec;renda familiar disponible bruta;valor (milers €);;28648
2020;Albatàrrec;renda familiar disponible bruta;per habitant (€);;13036
2020;Albatàrrec;renda familiar disponible bruta;per habitant (índex Catalunya=100);;73,5
2020;Albesa;renda familiar disponible bruta;valor (milers €);;22312
2020;Albesa;renda familiar disponible bruta;per habitant (€);;14494
2020;Albesa;renda familiar disponible bruta;per habitant (índex Catalunya=100);;81,7
2020;Albinyana;renda familiar disponible bruta;valor (milers €);;36114
2020;Albinyana;renda familiar disponible bruta;per habitant (€);;14594
2020;Albinyana;renda familiar disponible bruta;per habitant (índex Catalunya=100);;82,2
2020;Alcanar;renda familiar disponible bruta;valor (milers €);;129927
2020;Alcanar;renda familiar disponible bruta;per habitant (€);;13470
2020;Alcanar;renda familiar disponible bruta;per habitant (índex Catalunya=100);;75,9
2020;Alcarràs;renda familiar disponible bruta;valor (milers €);;128320
2020;Alcarràs;renda familiar disponible bruta;per habitant (€);;13434
2020;Alcarràs;renda familiar disponible bruta;per habitant (índex Catalunya=100);;75,7
2020;Alcoletge;renda familiar disponible bruta;valor (milers €);;51110
2020;Alcoletge;renda familiar disponible bruta;per habitant (€);;14974
2020;Alcoletge;renda familiar disponible bruta;per habitant (índex Catalunya=100);;84,4
2020;Alcover;renda familiar disponible bruta;valor (milers €);;80689
2020;Alcover;renda familiar disponible bruta;per habitant (€);;15568
2020;Alcover;renda familiar disponible bruta;per habitant (índex Catalunya=100);;87,7
2020;Aldea, l';renda familiar disponible bruta;valor (milers €);;55823
2020;Aldea, l';renda familiar disponible bruta;per habitant (€);;13429
2020;Aldea, l';renda familiar disponible bruta;per habitant (índex Catalunya=100);;75,7
2020;Alella;renda familiar disponible bruta;valor (milers €);;261611
2020;Alella;renda familiar disponible bruta;per habitant (€);;26625
2020;Alella;renda familiar disponible bruta;per habitant (índex Catalunya=100);;150
2020;Alfarràs;renda familiar disponible bruta;valor (milers €);;39731
2020;Alfarràs;renda familiar disponible bruta;per habitant (€);;14597
2020;Alfarràs;renda familiar disponible bruta;per habitant (índex Catalunya=100);;82,3
2020;Alforja;renda familiar disponible bruta;valor (milers €);;27887
2020;Alforja;renda familiar disponible bruta;per habitant (€);;15273
2020;Alforja;renda familiar disponible bruta;per habitant (índex Catalunya=100);;86,1
2020;Alguaire;renda familiar disponible bruta;valor (milers €);;43426
2020;Alguaire;renda familiar disponible bruta;per habitant (€);;14462
2020;Alguaire;renda familiar disponible bruta;per habitant (índex Catalunya=100);;81,5
2020;Almacelles;renda familiar disponible bruta;valor (milers €);;97295
2020;Almacelles;renda familiar disponible bruta;per habitant (€);;14412
2020;Almacelles;renda familiar disponible bruta;per habitant (índex Catalunya=100);;81,2
2020;Almenar;renda familiar disponible bruta;valor (milers €);;47882
2020;Almenar;renda familiar disponible bruta;per habitant (€);;14456
2020;Almenar;renda familiar disponible bruta;per habitant (índex Catalunya=100);;81,5
2020;Almoster;renda familiar disponible bruta;valor (milers €);;30711
2020;Almoster;renda familiar disponible bruta;per habitant (€);;22903
2020;Almoster;renda familiar disponible bruta;per habitant (índex Catalunya=100);;129,1
2020;Alp;renda familiar disponible bruta;valor (milers €);;26206
2020;Alp;renda familiar disponible bruta;per habitant (€);;16295
2020;Alp;renda familiar disponible bruta;per habitant (índex Catalunya=100);;91,8
2020;Alpicat;renda familiar disponible bruta;valor (milers €);;119138
2020;Alpicat;renda familiar disponible bruta;per habitant (€);;19281
2020;Alpicat;renda familiar disponible bruta;per habitant (índex Catalunya=100);;108,6
2020;Altafulla;renda familiar disponible bruta;valor (milers €);;102692
2020;Altafulla;renda familiar disponible bruta;per habitant (€);;18862
2020;Altafulla;renda familiar disponible bruta;per habitant (índex Catalunya=100);;106,3
2020;Amer;renda familiar disponible bruta;valor (milers €);;40130
2020;Amer;renda familiar disponible bruta;per habitant (€);;17361
2020;Amer;renda familiar disponible bruta;per habitant (índex Catalunya=100);;97,8
2020;Ametlla de Mar, l';renda familiar disponible bruta;valor (milers €);;92207
2020;Ametlla de Mar, l';renda familiar disponible bruta;per habitant (€);;13164
2020;Ametlla de Mar, l';renda familiar disponible bruta;per habitant (índex Catalunya=100);;74,2
2020;Ametlla del Vallès, l';renda familiar disponible bruta;valor (milers €);;200763
2020;Ametlla del Vallès, l';renda familiar disponible bruta;per habitant (€);;23072
2020;Ametlla del Vallès, l';renda familiar disponible bruta;per habitant (índex Catalunya=100);;130
2020;Ampolla, l';renda familiar disponible bruta;valor (milers €);;49708
2020;Ampolla, l';renda familiar disponible bruta;per habitant (€);;14779
2020;Ampolla, l';renda familiar disponible bruta;per habitant (índex Catalunya=100);;83,3
2020;Amposta;renda familiar disponible bruta;valor (milers €);;283519
2020;Amposta;renda familiar disponible bruta;per habitant (€);;13171
2020;Amposta;renda familiar disponible bruta;per habitant (índex Catalunya=100);;74,2
2020;Anglès;renda familiar disponible bruta;valor (milers €);;85943
2020;Anglès;renda familiar disponible bruta;per habitant (€);;15428
2020;Anglès;renda familiar disponible bruta;per habitant (índex Catalunya=100);;86,9
2020;Anglesola;renda familiar disponible bruta;valor (milers €);;20401
2020;Anglesola;renda familiar disponible bruta;per habitant (€);;15034
2020;Anglesola;renda familiar disponible bruta;per habitant (índex Catalunya=100);;84,7
2020;Arbeca;renda familiar disponible bruta;valor (milers €);;30450
2020;Arbeca;renda familiar disponible bruta;per habitant (€);;14204
2020;Arbeca;renda familiar disponible bruta;per habitant (índex Catalunya=100);;80
2020;Arboç, l';renda familiar disponible bruta;valor (milers €);;76278
2020;Arboç, l';renda familiar disponible bruta;per habitant (€);;13643
2020;Arboç, l';renda familiar disponible bruta;per habitant (índex Catalunya=100);;76,9
2020;Arbúcies;renda familiar disponible bruta;valor (milers €);;93514
2020;Arbúcies;renda familiar disponible bruta;per habitant (€);;14544
2020;Arbúcies;renda familiar disponible bruta;per habitant (índex Catalunya=100);;82
2020;Arenys de Mar;renda familiar disponible bruta;valor (milers €);;279595
2020;Arenys de Mar;renda familiar disponible bruta;per habitant (€);;17723
2020;Arenys de Mar;renda familiar disponible bruta;per habitant (índex Catalunya=100);;99,9
2020;Arenys de Munt;renda familiar disponible bruta;valor (milers €);;165059
2020;Arenys de Munt;renda familiar disponible bruta;per habitant (€);;18216
2020;Arenys de Munt;renda familiar disponible bruta;per habitant (índex Catalunya=100);;102,7
2020;Argentona;renda familiar disponible bruta;valor (milers €);;231778
2020;Argentona;renda familiar disponible bruta;per habitant (€);;18614
2020;Argentona;renda familiar disponible bruta;per habitant (índex Catalunya=100);;104,9
2020;Armentera, l';renda familiar disponible bruta;valor (milers €);;14901
2020;Armentera, l';renda familiar disponible bruta;per habitant (€);;15652
2020;Armentera, l';renda familiar disponible bruta;per habitant (índex Catalunya=100);;88,2
2020;Artés;renda familiar disponible bruta;valor (milers €);;96346
2020;Artés;renda familiar disponible bruta;per habitant (€);;16814
2020;Artés;renda familiar disponible bruta;per habitant (índex Catalunya=100);;94,7
2020;Artesa de Lleida;renda familiar disponible bruta;valor (milers €);;22540
2020;Artesa de Lleida;renda familiar disponible bruta;per habitant (€);;14948
2020;Artesa de Lleida;renda familiar disponible bruta;per habitant (índex Catalunya=100);;84,2
2020;Artesa de Segre;renda familiar disponible bruta;valor (milers €);;50701
2020;Artesa de Segre;renda familiar disponible bruta;per habitant (€);;15030
2020;Artesa de Segre;renda familiar disponible bruta;per habitant (índex Catalunya=100);;84,7
2020;Ascó;renda familiar disponible bruta;valor (milers €);;25039
2020;Ascó;renda familiar disponible bruta;per habitant (€);;15544
2020;Ascó;renda familiar disponible bruta;per habitant (índex Catalunya=100);;87,6
2020;Avià;renda familiar disponible bruta;valor (milers €);;40085
2020;Avià;renda familiar disponible bruta;per habitant (€);;18175
2020;Avià;renda familiar disponible bruta;per habitant (índex Catalunya=100);;102,4
2020;Avinyó;renda familiar disponible bruta;valor (milers €);;39566
2020;Avinyó;renda familiar disponible bruta;per habitant (€);;17423
2020;Avinyó;renda familiar disponible bruta;per habitant (índex Catalunya=100);;98,2
2020;Avinyonet de Puigventós;renda familiar disponible bruta;valor (milers €);;27652
2020;Avinyonet de Puigventós;renda familiar disponible bruta;per habitant (€);;17165
2020;Avinyonet de Puigventós;renda familiar disponible bruta;per habitant (índex Catalunya=100);;96,7
2020;Avinyonet del Penedès;renda familiar disponible bruta;valor (milers €);;28271
2020;Avinyonet del Penedès;renda familiar disponible bruta;per habitant (€);;16601
2020;Avinyonet del Penedès;renda familiar disponible bruta;per habitant (índex Catalunya=100);;93,5
2020;Badalona;renda familiar disponible bruta;valor (milers €);;3668237
2020;Badalona;renda familiar disponible bruta;per habitant (€);;16507
2020;Badalona;renda familiar disponible bruta;per habitant (índex Catalunya=100);;93
2020;Badia del Vallès;renda familiar disponible bruta;valor (milers €);;177725
2020;Badia del Vallès;renda familiar disponible bruta;per habitant (€);;13343
2020;Badia del Vallès;renda familiar disponible bruta;per habitant (índex Catalunya=100);;75,2
2020;Bagà;renda familiar disponible bruta;valor (milers €);;38557
2020;Bagà;renda familiar disponible bruta;per habitant (€);;18029
2020;Bagà;renda familiar disponible bruta;per habitant (índex Catalunya=100);;101,6
2020;Balaguer;renda familiar disponible bruta;valor (milers €);;233523
2020;Balaguer;renda familiar disponible bruta;per habitant (€);;13578
2020;Balaguer;renda familiar disponible bruta;per habitant (índex Catalunya=100);;76,5
2020;Balenyà;renda familiar disponible bruta;valor (milers €);;63253
2020;Balenyà;renda familiar disponible bruta;per habitant (€);;16525
2020;Balenyà;renda familiar disponible bruta;per habitant (índex Catalunya=100);;93,1
2020;Balsareny;renda familiar disponible bruta;valor (milers €);;56123
2020;Balsareny;renda familiar disponible bruta;per habitant (€);;17475
2020;Balsareny;renda familiar disponible bruta;per habitant (índex Catalunya=100);;98,5
2020;Banyeres del Penedès;renda familiar disponible bruta;valor (milers €);;52985
2020;Banyeres del Penedès;renda familiar disponible bruta;per habitant (€);;16411
2020;Banyeres del Penedès;renda familiar disponible bruta;per habitant (índex Catalunya=100);;92,5
2020;Banyoles;renda familiar disponible bruta;valor (milers €);;343094
2020;Banyoles;renda familiar disponible bruta;per habitant (€);;17172
2020;Banyoles;renda familiar disponible bruta;per habitant (índex Catalunya=100);;96,8
2020;Barberà del Vallès;renda familiar disponible bruta;valor (milers €);;588441
2020;Barberà del Vallès;renda familiar disponible bruta;per habitant (€);;17740
2020;Barberà del Vallès;renda familiar disponible bruta;per habitant (índex Catalunya=100);;100
2020;Barcelona;renda familiar disponible bruta;valor (milers €);;34723881
2020;Barcelona;renda familiar disponible bruta;per habitant (€);;21121
2020;Barcelona;renda familiar disponible bruta;per habitant (índex Catalunya=100);;119
2020;Bàscara;renda familiar disponible bruta;valor (milers €);;16001
2020;Bàscara;renda familiar disponible bruta;per habitant (€);;16248
2020;Bàscara;renda familiar disponible bruta;per habitant (índex Catalunya=100);;91,6
2020;Batea;renda familiar disponible bruta;valor (milers €);;24295
2020;Batea;renda familiar disponible bruta;per habitant (€);;13001
2020;Batea;renda familiar disponible bruta;per habitant (índex Catalunya=100);;73,3
2020;Begues;renda familiar disponible bruta;valor (milers €);;156819
2020;Begues;renda familiar disponible bruta;per habitant (€);;21538
2020;Begues;renda familiar disponible bruta;per habitant (índex Catalunya=100);;121,4
2020;Begur;renda familiar disponible bruta;valor (milers €);;68176
2020;Begur;renda familiar disponible bruta;per habitant (€);;17439
2020;Begur;renda familiar disponible bruta;per habitant (índex Catalunya=100);;98,3
2020;Bellcaire d'Urgell;renda familiar disponible bruta;valor (milers €);;18513
2020;Bellcaire d'Urgell;renda familiar disponible bruta;per habitant (€);;15489
2020;Bellcaire d'Urgell;renda familiar disponible bruta;per habitant (índex Catalunya=100);;87,3
2020;Bell-lloc d'Urgell;renda familiar disponible bruta;valor (milers €);;35763
2020;Bell-lloc d'Urgell;renda familiar disponible bruta;per habitant (€);;15069
2020;Bell-lloc d'Urgell;renda familiar disponible bruta;per habitant (índex Catalunya=100);;84,9
2020;Bellpuig;renda familiar disponible bruta;valor (milers €);;72726
2020;Bellpuig;renda familiar disponible bruta;per habitant (€);;14064
2020;Bellpuig;renda familiar disponible bruta;per habitant (índex Catalunya=100);;79,3
2020;Bellvei;renda familiar disponible bruta;valor (milers €);;31409
2020;Bellvei;renda familiar disponible bruta;per habitant (€);;13900
2020;Bellvei;renda familiar disponible bruta;per habitant (índex Catalunya=100);;78,3
2020;Bellver de Cerdanya;renda familiar disponible bruta;valor (milers €);;37805
2020;Bellver de Cerdanya;renda familiar disponible bruta;per habitant (€);;18386
2020;Bellver de Cerdanya;renda familiar disponible bruta;per habitant (índex Catalunya=100);;103,6
2020;Bellvís;renda familiar disponible bruta;valor (milers €);;33553
2020;Bellvís;renda familiar disponible bruta;per habitant (€);;14594
2020;Bellvís;renda familiar disponible bruta;per habitant (índex Catalunya=100);;82,2
2020;Benavent de Segrià;renda familiar disponible bruta;valor (milers €);;24701
2020;Benavent de Segrià;renda familiar disponible bruta;per habitant (€);;16431
2020;Benavent de Segrià;renda familiar disponible bruta;per habitant (índex Catalunya=100);;92,6
2020;Benissanet;renda familiar disponible bruta;valor (milers €);;15027
2020;Benissanet;renda familiar disponible bruta;per habitant (€);;13382
2020;Benissanet;renda familiar disponible bruta;per habitant (índex Catalunya=100);;75,4
2020;Berga;renda familiar disponible bruta;valor (milers €);;280350
2020;Berga;renda familiar disponible bruta;per habitant (€);;16797
2020;Berga;renda familiar disponible bruta;per habitant (índex Catalunya=100);;94,6
2020;Besalú;renda familiar disponible bruta;valor (milers €);;41656
2020;Besalú;renda familiar disponible bruta;per habitant (€);;17016
2020;Besalú;renda familiar disponible bruta;per habitant (índex Catalunya=100);;95,9
2020;Bescanó;renda familiar disponible bruta;valor (milers €);;90021
2020;Bescanó;renda familiar disponible bruta;per habitant (€);;18345
2020;Bescanó;renda familiar disponible bruta;per habitant (índex Catalunya=100);;103,4
2020;Bigues i Riells del Fai;renda familiar disponible bruta;valor (milers €);;179352
2020;Bigues i Riells del Fai;renda familiar disponible bruta;per habitant (€);;19012
2020;Bigues i Riells del Fai;renda familiar disponible bruta;per habitant (índex Catalunya=100);;107,1
2020;Bisbal d'Empordà, la;renda familiar disponible bruta;valor (milers €);;153923
2020;Bisbal d'Empordà, la;renda familiar disponible bruta;per habitant (€);;13971
2020;Bisbal d'Empordà, la;renda familiar disponible bruta;per habitant (índex Catalunya=100);;78,7
2020;Bisbal del Penedès, la;renda familiar disponible bruta;valor (milers €);;54852
2020;Bisbal del Penedès, la;renda familiar disponible bruta;per habitant (€);;14771
2020;Bisbal del Penedès, la;renda familiar disponible bruta;per habitant (índex Catalunya=100);;83,2
2020;Blanes;renda familiar disponible bruta;valor (milers €);;568565
2020;Blanes;renda familiar disponible bruta;per habitant (€);;14463
2020;Blanes;renda familiar disponible bruta;per habitant (índex Catalunya=100);;81,5
2020;Bordils;renda familiar disponible bruta;valor (milers €);;30293
2020;Bordils;renda familiar disponible bruta;per habitant (€);;17503
2020;Bordils;renda familiar disponible bruta;per habitant (índex Catalunya=100);;98,6
2020;Borges Blanques, les;renda familiar disponible bruta;valor (milers €);;90633
2020;Borges Blanques, les;renda familiar disponible bruta;per habitant (€);;14586
2020;Borges Blanques, les;renda familiar disponible bruta;per habitant (índex Catalunya=100);;82,2
2020;Borges del Camp, les;renda familiar disponible bruta;valor (milers €);;31831
2020;Borges del Camp, les;renda familiar disponible bruta;per habitant (€);;15196
2020;Borges del Camp, les;renda familiar disponible bruta;per habitant (índex Catalunya=100);;85,6
2020;Bossòst;renda familiar disponible bruta;valor (milers €);;17793
2020;Bossòst;renda familiar disponible bruta;per habitant (€);;16114
2020;Bossòst;renda familiar disponible bruta;per habitant (índex Catalunya=100);;90,8
2020;Botarell;renda familiar disponible bruta;valor (milers €);;18242
2020;Botarell;renda familiar disponible bruta;per habitant (€);;16687
2020;Botarell;renda familiar disponible bruta;per habitant (índex Catalunya=100);;94
2020;Breda;renda familiar disponible bruta;valor (milers €);;61022
2020;Breda;renda familiar disponible bruta;per habitant (€);;16382
2020;Breda;renda familiar disponible bruta;per habitant (índex Catalunya=100);;92,3
2020;Bruc, el;renda familiar disponible bruta;valor (milers €);;41724
2020;Bruc, el;renda familiar disponible bruta;per habitant (€);;19435
2020;Bruc, el;renda familiar disponible bruta;per habitant (índex Catalunya=100);;109,5
2020;Cabanyes, les;renda familiar disponible bruta;valor (milers €);;18746
2020;Cabanyes, les;renda familiar disponible bruta;per habitant (€);;18853
2020;Cabanyes, les;renda familiar disponible bruta;per habitant (índex Catalunya=100);;106,2
2020;Cabra del Camp;renda familiar disponible bruta;valor (milers €);;17212
2020;Cabra del Camp;renda familiar disponible bruta;per habitant (€);;14263
2020;Cabra del Camp;renda familiar disponible bruta;per habitant (índex Catalunya=100);;80,4
2020;Cabrera d'Anoia;renda familiar disponible bruta;valor (milers €);;22523
2020;Cabrera d'Anoia;renda familiar disponible bruta;per habitant (€);;14977
2020;Cabrera d'Anoia;renda familiar disponible bruta;per habitant (índex Catalunya=100);;84,4
2020;Cabrera de Mar;renda familiar disponible bruta;valor (milers €);;115293
2020;Cabrera de Mar;renda familiar disponible bruta;per habitant (€);;24439
2020;Cabrera de Mar;renda familiar disponible bruta;per habitant (índex Catalunya=100);;137,7
2020;Cabrils;renda familiar disponible bruta;valor (milers €);;192311
2020;Cabrils;renda familiar disponible bruta;per habitant (€);;25912
2020;Cabrils;renda familiar disponible bruta;per habitant (índex Catalunya=100);;146
2020;Cadaqués;renda familiar disponible bruta;valor (milers €);;35624
2020;Cadaqués;renda familiar disponible bruta;per habitant (€);;13224
2020;Cadaqués;renda familiar disponible bruta;per habitant (índex Catalunya=100);;74,5
2020;Calaf;renda familiar disponible bruta;valor (milers €);;53979
2020;Calaf;renda familiar disponible bruta;per habitant (€);;14862
2020;Calaf;renda familiar disponible bruta;per habitant (índex Catalunya=100);;83,7
2020;Calafell;renda familiar disponible bruta;valor (milers €);;402534
2020;Calafell;renda familiar disponible bruta;per habitant (€);;14426
2020;Calafell;renda familiar disponible bruta;per habitant (índex Catalunya=100);;81,3
2020;Calders;renda familiar disponible bruta;valor (milers €);;19140
2020;Calders;renda familiar disponible bruta;per habitant (€);;18323
2020;Calders;renda familiar disponible bruta;per habitant (índex Catalunya=100);;103,3
2020;Caldes d'Estrac;renda familiar disponible bruta;valor (milers €);;59207
2020;Caldes d'Estrac;renda familiar disponible bruta;per habitant (€);;19558
2020;Caldes d'Estrac;renda familiar disponible bruta;per habitant (índex Catalunya=100);;110,2
2020;Caldes de Malavella;renda familiar disponible bruta;valor (milers €);;129207
2020;Caldes de Malavella;renda familiar disponible bruta;per habitant (€);;16552
2020;Caldes de Malavella;renda familiar disponible bruta;per habitant (índex Catalunya=100);;93,3
2020;Caldes de Montbui;renda familiar disponible bruta;valor (milers €);;323014
2020;Caldes de Montbui;renda familiar disponible bruta;per habitant (€);;18174
2020;Caldes de Montbui;renda familiar disponible bruta;per habitant (índex Catalunya=100);;102,4
2020;Calella;renda familiar disponible bruta;valor (milers €);;274236
2020;Calella;renda familiar disponible bruta;per habitant (€);;14391
2020;Calella;renda familiar disponible bruta;per habitant (índex Catalunya=100);;81,1
2020;Calldetenes;renda familiar disponible bruta;valor (milers €);;44826
2020;Calldetenes;renda familiar disponible bruta;per habitant (€);;18067
2020;Calldetenes;renda familiar disponible bruta;per habitant (índex Catalunya=100);;101,8
2020;Callús;renda familiar disponible bruta;valor (milers €);;34686
2020;Callús;renda familiar disponible bruta;per habitant (€);;16531
2020;Callús;renda familiar disponible bruta;per habitant (índex Catalunya=100);;93,2
2020;Calonge i Sant Antoni;renda familiar disponible bruta;valor (milers €);;167760
2020;Calonge i Sant Antoni;renda familiar disponible bruta;per habitant (€);;14916
2020;Calonge i Sant Antoni;renda familiar disponible bruta;per habitant (índex Catalunya=100);;84
2020;Camarles;renda familiar disponible bruta;valor (milers €);;44699
2020;Camarles;renda familiar disponible bruta;per habitant (€);;13926
2020;Camarles;renda familiar disponible bruta;per habitant (índex Catalunya=100);;78,5
2020;Cambrils;renda familiar disponible bruta;valor (milers €);;539332
2020;Cambrils;renda familiar disponible bruta;per habitant (€);;15346
2020;Cambrils;renda familiar disponible bruta;per habitant (índex Catalunya=100);;86,5
2020;Campdevànol;renda familiar disponible bruta;valor (milers €);;59068
2020;Campdevànol;renda familiar disponible bruta;per habitant (€);;18396
2020;Campdevànol;renda familiar disponible bruta;per habitant (índex Catalunya=100);;103,7
2020;Camprodon;renda familiar disponible bruta;valor (milers €);;39776
2020;Camprodon;renda familiar disponible bruta;per habitant (€);;16900
2020;Camprodon;renda familiar disponible bruta;per habitant (índex Catalunya=100);;95,2
2020;Canet de Mar;renda familiar disponible bruta;valor (milers €);;247722
2020;Canet de Mar;renda familiar disponible bruta;per habitant (€);;16871
2020;Canet de Mar;renda familiar disponible bruta;per habitant (índex Catalunya=100);;95,1
2020;Canonja, la;renda familiar disponible bruta;valor (milers €);;85530
2020;Canonja, la;renda familiar disponible bruta;per habitant (€);;14297
2020;Canonja, la;renda familiar disponible bruta;per habitant (índex Catalunya=100);;80,6
2020;Canovelles;renda familiar disponible bruta;valor (milers €);;246603
2020;Canovelles;renda familiar disponible bruta;per habitant (€);;14660
2020;Canovelles;renda familiar disponible bruta;per habitant (índex Catalunya=100);;82,6
2020;Cànoves i Samalús;renda familiar disponible bruta;valor (milers €);;58307
2020;Cànoves i Samalús;renda familiar disponible bruta;per habitant (€);;18324
2020;Cànoves i Samalús;renda familiar disponible bruta;per habitant (índex Catalunya=100);;103,3
2020;Canyelles;renda familiar disponible bruta;valor (milers €);;85868
2020;Canyelles;renda familiar disponible bruta;per habitant (€);;18196
2020;Canyelles;renda familiar disponible bruta;per habitant (índex Catalunya=100);;102,5
2020;Capellades;renda familiar disponible bruta;valor (milers €);;88866
2020;Capellades;renda familiar disponible bruta;per habitant (€);;16653
2020;Capellades;renda familiar disponible bruta;per habitant (índex Catalunya=100);;93,8
2020;Cardedeu;renda familiar disponible bruta;valor (milers €);;334372
2020;Cardedeu;renda familiar disponible bruta;per habitant (€);;18089
2020;Cardedeu;renda familiar disponible bruta;per habitant (índex Catalunya=100);;101,9
2020;Cardona;renda familiar disponible bruta;valor (milers €);;77563
2020;Cardona;renda familiar disponible bruta;per habitant (€);;16926
2020;Cardona;renda familiar disponible bruta;per habitant (índex Catalunya=100);;95,4
2020;Cassà de la Selva;renda familiar disponible bruta;valor (milers €);;174152
2020;Cassà de la Selva;renda familiar disponible bruta;per habitant (€);;17113
2020;Cassà de la Selva;renda familiar disponible bruta;per habitant (índex Catalunya=100);;96,4
2020;Casserres;renda familiar disponible bruta;valor (milers €);;27017
2020;Casserres;renda familiar disponible bruta;per habitant (€);;16790
2020;Casserres;renda familiar disponible bruta;per habitant (índex Catalunya=100);;94,6
2020;Castell d'Aro, Platja d'Aro i s'Agaró;renda familiar disponible bruta;valor (milers €);;151164
2020;Castell d'Aro, Platja d'Aro i s'Agaró;renda familiar disponible bruta;per habitant (€);;13637
2020;Castell d'Aro, Platja d'Aro i s'Agaró;renda familiar disponible bruta;per habitant (índex Catalunya=100);;76,8
2020;Castellar del Vallès;renda familiar disponible bruta;valor (milers €);;463272
2020;Castellar del Vallès;renda familiar disponible bruta;per habitant (€);;18855
2020;Castellar del Vallès;renda familiar disponible bruta;per habitant (índex Catalunya=100);;106,2
2020;Castellbell i el Vilar;renda familiar disponible bruta;valor (milers €);;61558
2020;Castellbell i el Vilar;renda familiar disponible bruta;per habitant (€);;16378
2020;Castellbell i el Vilar;renda familiar disponible bruta;per habitant (índex Catalunya=100);;92,3
2020;Castellbisbal;renda familiar disponible bruta;valor (milers €);;229575
2020;Castellbisbal;renda familiar disponible bruta;per habitant (€);;18260
2020;Castellbisbal;renda familiar disponible bruta;per habitant (índex Catalunya=100);;102,9
2020;Castelldefels;renda familiar disponible bruta;valor (milers €);;1392821
2020;Castelldefels;renda familiar disponible bruta;per habitant (€);;20816
2020;Castelldefels;renda familiar disponible bruta;per habitant (índex Catalunya=100);;117,3
2020;Castellet i la Gornal;renda familiar disponible bruta;valor (milers €);;40580
2020;Castellet i la Gornal;renda familiar disponible bruta;per habitant (€);;16751
2020;Castellet i la Gornal;renda familiar disponible bruta;per habitant (índex Catalunya=100);;94,4
2020;Castellgalí;renda familiar disponible bruta;valor (milers €);;36802
2020;Castellgalí;renda familiar disponible bruta;per habitant (€);;17250
2020;Castellgalí;renda familiar disponible bruta;per habitant (índex Catalunya=100);;97,2
2020;Castellnou de Bages;renda familiar disponible bruta;valor (milers €);;26143
2020;Castellnou de Bages;renda familiar disponible bruta;per habitant (€);;18434
2020;Castellnou de Bages;renda familiar disponible bruta;per habitant (índex Catalunya=100);;103,9
2020;Castelló d'Empúries;renda familiar disponible bruta;valor (milers €);;135308
2020;Castelló d'Empúries;renda familiar disponible bruta;per habitant (€);;12447
2020;Castelló d'Empúries;renda familiar disponible bruta;per habitant (índex Catalunya=100);;70,1
2020;Castellterçol;renda familiar disponible bruta;valor (milers €);;44348
2020;Castellterçol;renda familiar disponible bruta;per habitant (€);;17277
2020;Castellterçol;renda familiar disponible bruta;per habitant (índex Catalunya=100);;97,4
2020;Castellvell del Camp;renda familiar disponible bruta;valor (milers €);;58948
2020;Castellvell del Camp;renda familiar disponible bruta;per habitant (€);;20534
2020;Castellvell del Camp;renda familiar disponible bruta;per habitant (índex Catalunya=100);;115,7
2020;Castellví de la Marca;renda familiar disponible bruta;valor (milers €);;26506
2020;Castellví de la Marca;renda familiar disponible bruta;per habitant (€);;16673
2020;Castellví de la Marca;renda familiar disponible bruta;per habitant (índex Catalunya=100);;94
2020;Castellví de Rosanes;renda familiar disponible bruta;valor (milers €);;39713
2020;Castellví de Rosanes;renda familiar disponible bruta;per habitant (€);;20346
2020;Castellví de Rosanes;renda familiar disponible bruta;per habitant (índex Catalunya=100);;114,6
2020;Catllar, el;renda familiar disponible bruta;valor (milers €);;88156
2020;Catllar, el;renda familiar disponible bruta;per habitant (€);;18843
2020;Catllar, el;renda familiar disponible bruta;per habitant (índex Catalunya=100);;106,2
2020;Cellera de Ter, la;renda familiar disponible bruta;valor (milers €);;32577
2020;Cellera de Ter, la;renda familiar disponible bruta;per habitant (€);;16939
2020;Cellera de Ter, la;renda familiar disponible bruta;per habitant (índex Catalunya=100);;95,5
2020;Celrà;renda familiar disponible bruta;valor (milers €);;87276
2020;Celrà;renda familiar disponible bruta;per habitant (€);;16063
2020;Celrà;renda familiar disponible bruta;per habitant (índex Catalunya=100);;90,5
2020;Centelles;renda familiar disponible bruta;valor (milers €);;131890
2020;Centelles;renda familiar disponible bruta;per habitant (€);;17652
2020;Centelles;renda familiar disponible bruta;per habitant (índex Catalunya=100);;99,5
2020;Cercs;renda familiar disponible bruta;valor (milers €);;19458
2020;Cercs;renda familiar disponible bruta;per habitant (€);;16660
2020;Cercs;renda familiar disponible bruta;per habitant (índex Catalunya=100);;93,9
2020;Cerdanyola del Vallès;renda familiar disponible bruta;valor (milers €);;1106089
2020;Cerdanyola del Vallès;renda familiar disponible bruta;per habitant (€);;19227
2020;Cerdanyola del Vallès;renda familiar disponible bruta;per habitant (índex Catalunya=100);;108,3
2020;Cervelló;renda familiar disponible bruta;valor (milers €);;179129
2020;Cervelló;renda familiar disponible bruta;per habitant (€);;19693
2020;Cervelló;renda familiar disponible bruta;per habitant (índex Catalunya=100);;111
2020;Cervera;renda familiar disponible bruta;valor (milers €);;131386
2020;Cervera;renda familiar disponible bruta;per habitant (€);;14339
2020;Cervera;renda familiar disponible bruta;per habitant (índex Catalunya=100);;80,8
2020;Cervià de Ter;renda familiar disponible bruta;valor (milers €);;16897
2020;Cervià de Ter;renda familiar disponible bruta;per habitant (€);;17910
2020;Cervià de Ter;renda familiar disponible bruta;per habitant (índex Catalunya=100);;100,9
2020;Collbató;renda familiar disponible bruta;valor (milers €);;98862
2020;Collbató;renda familiar disponible bruta;per habitant (€);;21633
2020;Collbató;renda familiar disponible bruta;per habitant (índex Catalunya=100);;121,9
2020;Constantí;renda familiar disponible bruta;valor (milers €);;84061
2020;Constantí;renda familiar disponible bruta;per habitant (€);;12477
2020;Constantí;renda familiar disponible bruta;per habitant (índex Catalunya=100);;70,3
2020;Corbera d'Ebre;renda familiar disponible bruta;valor (milers €);;13327
2020;Corbera d'Ebre;renda familiar disponible bruta;per habitant (€);;13588
2020;Corbera d'Ebre;renda familiar disponible bruta;per habitant (índex Catalunya=100);;76,6
2020;Corbera de Llobregat;renda familiar disponible bruta;valor (milers €);;281455
2020;Corbera de Llobregat;renda familiar disponible bruta;per habitant (€);;18949
2020;Corbera de Llobregat;renda familiar disponible bruta;per habitant (índex Catalunya=100);;106,8
2020;Corbins;renda familiar disponible bruta;valor (milers €);;19932
2020;Corbins;renda familiar disponible bruta;per habitant (€);;13661
2020;Corbins;renda familiar disponible bruta;per habitant (índex Catalunya=100);;77
2020;Corçà;renda familiar disponible bruta;valor (milers €);;20828
2020;Corçà;renda familiar disponible bruta;per habitant (€);;16614
2020;Corçà;renda familiar disponible bruta;per habitant (índex Catalunya=100);;93,6
2020;Cornellà de Llobregat;renda familiar disponible bruta;valor (milers €);;1483083
2020;Cornellà de Llobregat;renda familiar disponible bruta;per habitant (€);;16656
2020;Cornellà de Llobregat;renda familiar disponible bruta;per habitant (índex Catalunya=100);;93,9
2020;Cornellà del Terri;renda familiar disponible bruta;valor (milers €);;40466
2020;Cornellà del Terri;renda familiar disponible bruta;per habitant (€);;16897
2020;Cornellà del Terri;renda familiar disponible bruta;per habitant (índex Catalunya=100);;95,2
2020;Creixell;renda familiar disponible bruta;valor (milers €);;56836
2020;Creixell;renda familiar disponible bruta;per habitant (€);;14726
2020;Creixell;renda familiar disponible bruta;per habitant (índex Catalunya=100);;83
2020;Cruïlles, Monells i Sant Sadurní de l'Heura;renda familiar disponible bruta;valor (milers €);;24458
2020;Cruïlles, Monells i Sant Sadurní de l'Heura;renda familiar disponible bruta;per habitant (€);;19104
2020;Cruïlles, Monells i Sant Sadurní de l'Heura;renda familiar disponible bruta;per habitant (índex Catalunya=100);;107,7
2020;Cubelles;renda familiar disponible bruta;valor (milers €);;272043
2020;Cubelles;renda familiar disponible bruta;per habitant (€);;17365
2020;Cubelles;renda familiar disponible bruta;per habitant (índex Catalunya=100);;97,8
2020;Cunit;renda familiar disponible bruta;valor (milers €);;194744
2020;Cunit;renda familiar disponible bruta;per habitant (€);;14169
2020;Cunit;renda familiar disponible bruta;per habitant (índex Catalunya=100);;79,8
2020;Deltebre;renda familiar disponible bruta;valor (milers €);;153346
2020;Deltebre;renda familiar disponible bruta;per habitant (€);;13256
2020;Deltebre;renda familiar disponible bruta;per habitant (índex Catalunya=100);;74,7
2020;Dosrius;renda familiar disponible bruta;valor (milers €);;100494
2020;Dosrius;renda familiar disponible bruta;per habitant (€);;17914
2020;Dosrius;renda familiar disponible bruta;per habitant (índex Catalunya=100);;100,9
2020;Escala, l';renda familiar disponible bruta;valor (milers €);;147996
2020;Escala, l';renda familiar disponible bruta;per habitant (€);;14607
2020;Escala, l';renda familiar disponible bruta;per habitant (índex Catalunya=100);;82,3
2020;Esparreguera;renda familiar disponible bruta;valor (milers €);;395901
2020;Esparreguera;renda familiar disponible bruta;per habitant (€);;17844
2020;Esparreguera;renda familiar disponible bruta;per habitant (índex Catalunya=100);;100,6
2020;Espluga de Francolí, l';renda familiar disponible bruta;valor (milers €);;62337
2020;Espluga de Francolí, l';renda familiar disponible bruta;per habitant (€);;16833
2020;Espluga de Francolí, l';renda familiar disponible bruta;per habitant (índex Catalunya=100);;94,9
2020;Esplugues de Llobregat;renda familiar disponible bruta;valor (milers €);;964632
2020;Esplugues de Llobregat;renda familiar disponible bruta;per habitant (€);;20673
2020;Esplugues de Llobregat;renda familiar disponible bruta;per habitant (índex Catalunya=100);;116,5
2020;Esquirol, l';renda familiar disponible bruta;valor (milers €);;38063
2020;Esquirol, l';renda familiar disponible bruta;per habitant (€);;17556
2020;Esquirol, l';renda familiar disponible bruta;per habitant (índex Catalunya=100);;98,9
2020;Falset;renda familiar disponible bruta;valor (milers €);;43540
2020;Falset;renda familiar disponible bruta;per habitant (€);;15989
2020;Falset;renda familiar disponible bruta;per habitant (índex Catalunya=100);;90,1
2020;Figaró-Montmany;renda familiar disponible bruta;valor (milers €);;17253
2020;Figaró-Montmany;renda familiar disponible bruta;per habitant (€);;15234
2020;Figaró-Montmany;renda familiar disponible bruta;per habitant (índex Catalunya=100);;85,8
2020;Figueres;renda familiar disponible bruta;valor (milers €);;618723
2020;Figueres;renda familiar disponible bruta;per habitant (€);;13435
2020;Figueres;renda familiar disponible bruta;per habitant (índex Catalunya=100);;75,7
2020;Flaçà;renda familiar disponible bruta;valor (milers €);;17984
2020;Flaçà;renda familiar disponible bruta;per habitant (€);;16233
2020;Flaçà;renda familiar disponible bruta;per habitant (índex Catalunya=100);;91,5
2020;Flix;renda familiar disponible bruta;valor (milers €);;58874
2020;Flix;renda familiar disponible bruta;per habitant (€);;17339
2020;Flix;renda familiar disponible bruta;per habitant (índex Catalunya=100);;97,7
2020;Fogars de la Selva;renda familiar disponible bruta;valor (milers €);;24550
2020;Fogars de la Selva;renda familiar disponible bruta;per habitant (€);;16642
2020;Fogars de la Selva;renda familiar disponible bruta;per habitant (índex Catalunya=100);;93,8
2020;Folgueroles;renda familiar disponible bruta;valor (milers €);;42303
2020;Folgueroles;renda familiar disponible bruta;per habitant (€);;18866
2020;Folgueroles;renda familiar disponible bruta;per habitant (índex Catalunya=100);;106,3
2020;Fonollosa;renda familiar disponible bruta;valor (milers €);;27804
2020;Fonollosa;renda familiar disponible bruta;per habitant (€);;18961
2020;Fonollosa;renda familiar disponible bruta;per habitant (índex Catalunya=100);;106,8
2020;Fontcoberta;renda familiar disponible bruta;valor (milers €);;27323
2020;Fontcoberta;renda familiar disponible bruta;per habitant (€);;18728
2020;Fontcoberta;renda familiar disponible bruta;per habitant (índex Catalunya=100);;105,5
2020;Font-rubí;renda familiar disponible bruta;valor (milers €);;23308
2020;Font-rubí;renda familiar disponible bruta;per habitant (€);;16296
2020;Font-rubí;renda familiar disponible bruta;per habitant (índex Catalunya=100);;91,8
2020;Forallac;renda familiar disponible bruta;valor (milers €);;32783
2020;Forallac;renda familiar disponible bruta;per habitant (€);;19542
2020;Forallac;renda familiar disponible bruta;per habitant (índex Catalunya=100);;110,1
2020;Fornells de la Selva;renda familiar disponible bruta;valor (milers €);;66237
2020;Fornells de la Selva;renda familiar disponible bruta;per habitant (€);;25350
2020;Fornells de la Selva;renda familiar disponible bruta;per habitant (índex Catalunya=100);;142,9
2020;Franqueses del Vallès, les;renda familiar disponible bruta;valor (milers €);;341471
2020;Franqueses del Vallès, les;renda familiar disponible bruta;per habitant (€);;16803
2020;Franqueses del Vallès, les;renda familiar disponible bruta;per habitant (índex Catalunya=100);;94,7
2020;Fuliola, la;renda familiar disponible bruta;valor (milers €);;15778
2020;Fuliola, la;renda familiar disponible bruta;per habitant (€);;12670
2020;Fuliola, la;renda familiar disponible bruta;per habitant (índex Catalunya=100);;71,4
2020;Gandesa;renda familiar disponible bruta;valor (milers €);;42624
2020;Gandesa;renda familiar disponible bruta;per habitant (€);;13920
2020;Gandesa;renda familiar disponible bruta;per habitant (índex Catalunya=100);;78,4
2020;Garriga, la;renda familiar disponible bruta;valor (milers €);;316603
2020;Garriga, la;renda familiar disponible bruta;per habitant (€);;18990
2020;Garriga, la;renda familiar disponible bruta;per habitant (índex Catalunya=100);;107
2020;Gavà;renda familiar disponible bruta;valor (milers €);;893055
2020;Gavà;renda familiar disponible bruta;per habitant (€);;19126
2020;Gavà;renda familiar disponible bruta;per habitant (índex Catalunya=100);;107,8
2020;Gelida;renda familiar disponible bruta;valor (milers €);;130031
2020;Gelida;renda familiar disponible bruta;per habitant (€);;16856
2020;Gelida;renda familiar disponible bruta;per habitant (índex Catalunya=100);;95
2020;Gimenells i el Pla de la Font;renda familiar disponible bruta;valor (milers €);;14705
2020;Gimenells i el Pla de la Font;renda familiar disponible bruta;per habitant (€);;13335
2020;Gimenells i el Pla de la Font;renda familiar disponible bruta;per habitant (índex Catalunya=100);;75,1
2020;Girona;renda familiar disponible bruta;valor (milers €);;1765880
2020;Girona;renda familiar disponible bruta;per habitant (€);;17678
2020;Girona;renda familiar disponible bruta;per habitant (índex Catalunya=100);;99,6
2020;Gironella;renda familiar disponible bruta;valor (milers €);;83203
2020;Gironella;renda familiar disponible bruta;per habitant (€);;16904
2020;Gironella;renda familiar disponible bruta;per habitant (índex Catalunya=100);;95,3
2020;Golmés;renda familiar disponible bruta;valor (milers €);;29834
2020;Golmés;renda familiar disponible bruta;per habitant (€);;15803
2020;Golmés;renda familiar disponible bruta;per habitant (índex Catalunya=100);;89
2020;Granada, la;renda familiar disponible bruta;valor (milers €);;38615
2020;Granada, la;renda familiar disponible bruta;per habitant (€);;17452
2020;Granada, la;renda familiar disponible bruta;per habitant (índex Catalunya=100);;98,3
2020;Granollers;renda familiar disponible bruta;valor (milers €);;1123812
2020;Granollers;renda familiar disponible bruta;per habitant (€);;18027
2020;Granollers;renda familiar disponible bruta;per habitant (índex Catalunya=100);;101,6
2020;Gualba;renda familiar disponible bruta;valor (milers €);;27040
2020;Gualba;renda familiar disponible bruta;per habitant (€);;17291
2020;Gualba;renda familiar disponible bruta;per habitant (índex Catalunya=100);;97,4
2020;Guissona;renda familiar disponible bruta;valor (milers €);;105985
2020;Guissona;renda familiar disponible bruta;per habitant (€);;14860
2020;Guissona;renda familiar disponible bruta;per habitant (índex Catalunya=100);;83,7
2020;Gurb;renda familiar disponible bruta;valor (milers €);;56696
2020;Gurb;renda familiar disponible bruta;per habitant (€);;21160
2020;Gurb;renda familiar disponible bruta;per habitant (índex Catalunya=100);;119,2
2020;Horta de Sant Joan;renda familiar disponible bruta;valor (milers €);;16162
2020;Horta de Sant Joan;renda familiar disponible bruta;per habitant (€);;14314
2020;Horta de Sant Joan;renda familiar disponible bruta;per habitant (índex Catalunya=100);;80,7
2020;Hospitalet de Llobregat, l';renda familiar disponible bruta;valor (milers €);;4124568
2020;Hospitalet de Llobregat, l';renda familiar disponible bruta;per habitant (€);;15507
2020;Hospitalet de Llobregat, l';renda familiar disponible bruta;per habitant (índex Catalunya=100);;87,4
2020;Hostalets de Pierola, els;renda familiar disponible bruta;valor (milers €);;49751
2020;Hostalets de Pierola, els;renda familiar disponible bruta;per habitant (€);;16437
2020;Hostalets de Pierola, els;renda familiar disponible bruta;per habitant (índex Catalunya=100);;92,6
2020;Hostalric;renda familiar disponible bruta;valor (milers €);;66355
2020;Hostalric;renda familiar disponible bruta;per habitant (€);;15696
2020;Hostalric;renda familiar disponible bruta;per habitant (índex Catalunya=100);;88,4
2020;Igualada;renda familiar disponible bruta;valor (milers €);;670955
2020;Igualada;renda familiar disponible bruta;per habitant (€);;16416
2020;Igualada;renda familiar disponible bruta;per habitant (índex Catalunya=100);;92,5
2020;Isona i Conca Dellà;renda familiar disponible bruta;valor (milers €);;16006
2020;Isona i Conca Dellà;renda familiar disponible bruta;per habitant (€);;15436
2020;Isona i Conca Dellà;renda familiar disponible bruta;per habitant (índex Catalunya=100);;87
2020;Ivars d'Urgell;renda familiar disponible bruta;valor (milers €);;23698
2020;Ivars d'Urgell;renda familiar disponible bruta;per habitant (€);;15071
2020;Ivars d'Urgell;renda familiar disponible bruta;per habitant (índex Catalunya=100);;84,9
2020;Jonquera, la;renda familiar disponible bruta;valor (milers €);;40893
2020;Jonquera, la;renda familiar disponible bruta;per habitant (€);;12570
2020;Jonquera, la;renda familiar disponible bruta;per habitant (índex Catalunya=100);;70,8
2020;Juneda;renda familiar disponible bruta;valor (milers €);;50590
2020;Juneda;renda familiar disponible bruta;per habitant (€);;14243
2020;Juneda;renda familiar disponible bruta;per habitant (índex Catalunya=100);;80,3
2020;Linyola;renda familiar disponible bruta;valor (milers €);;37682
2020;Linyola;renda familiar disponible bruta;per habitant (€);;13610
2020;Linyola;renda familiar disponible bruta;per habitant (índex Catalunya=100);;76,7
2020;Llagosta, la;renda familiar disponible bruta;valor (milers €);;210307
2020;Llagosta, la;renda familiar disponible bruta;per habitant (€);;15695
2020;Llagosta, la;renda familiar disponible bruta;per habitant (índex Catalunya=100);;88,4
2020;Llagostera;renda familiar disponible bruta;valor (milers €);;132771
2020;Llagostera;renda familiar disponible bruta;per habitant (€);;15595
2020;Llagostera;renda familiar disponible bruta;per habitant (índex Catalunya=100);;87,9
2020;Llançà;renda familiar disponible bruta;valor (milers €);;75118
2020;Llançà;renda familiar disponible bruta;per habitant (€);;15990
2020;Llançà;renda familiar disponible bruta;per habitant (índex Catalunya=100);;90,1
2020;Lleida;renda familiar disponible bruta;valor (milers €);;2282009
2020;Lleida;renda familiar disponible bruta;per habitant (€);;16511
2020;Lleida;renda familiar disponible bruta;per habitant (índex Catalunya=100);;93
2020;Llers;renda familiar disponible bruta;valor (milers €);;20863
2020;Llers;renda familiar disponible bruta;per habitant (€);;17160
2020;Llers;renda familiar disponible bruta;per habitant (índex Catalunya=100);;96,7
2020;Lliçà d'Amunt;renda familiar disponible bruta;valor (milers €);;290675
2020;Lliçà d'Amunt;renda familiar disponible bruta;per habitant (€);;18700
2020;Lliçà d'Amunt;renda familiar disponible bruta;per habitant (índex Catalunya=100);;105,4
2020;Lliçà de Vall;renda familiar disponible bruta;valor (milers €);;142163
2020;Lliçà de Vall;renda familiar disponible bruta;per habitant (€);;21780
2020;Lliçà de Vall;renda familiar disponible bruta;per habitant (índex Catalunya=100);;122,7
2020;Llinars del Vallès;renda familiar disponible bruta;valor (milers €);;177145
2020;Llinars del Vallès;renda familiar disponible bruta;per habitant (€);;17627
2020;Llinars del Vallès;renda familiar disponible bruta;per habitant (índex Catalunya=100);;99,3
2020;Llívia;renda familiar disponible bruta;valor (milers €);;21352
2020;Llívia;renda familiar disponible bruta;per habitant (€);;14648
2020;Llívia;renda familiar disponible bruta;per habitant (índex Catalunya=100);;82,5
2020;Llorenç del Penedès;renda familiar disponible bruta;valor (milers €);;38011
2020;Llorenç del Penedès;renda familiar disponible bruta;per habitant (€);;15991
2020;Llorenç del Penedès;renda familiar disponible bruta;per habitant (índex Catalunya=100);;90,1
2020;Lloret de Mar;renda familiar disponible bruta;valor (milers €);;438696
2020;Lloret de Mar;renda familiar disponible bruta;per habitant (€);;11548
2020;Lloret de Mar;renda familiar disponible bruta;per habitant (índex Catalunya=100);;65,1
2020;Maçanet de la Selva;renda familiar disponible bruta;valor (milers €);;104825
2020;Maçanet de la Selva;renda familiar disponible bruta;per habitant (€);;14833
2020;Maçanet de la Selva;renda familiar disponible bruta;per habitant (índex Catalunya=100);;83,6
2020;Malgrat de Mar;renda familiar disponible bruta;valor (milers €);;282105
2020;Malgrat de Mar;renda familiar disponible bruta;per habitant (€);;15114
2020;Malgrat de Mar;renda familiar disponible bruta;per habitant (índex Catalunya=100);;85,2
2020;Manlleu;renda familiar disponible bruta;valor (milers €);;322969
2020;Manlleu;renda familiar disponible bruta;per habitant (€);;15655
2020;Manlleu;renda familiar disponible bruta;per habitant (índex Catalunya=100);;88,2
2020;Manresa;renda familiar disponible bruta;valor (milers €);;1283658
2020;Manresa;renda familiar disponible bruta;per habitant (€);;16531
2020;Manresa;renda familiar disponible bruta;per habitant (índex Catalunya=100);;93,2
2020;Martorell;renda familiar disponible bruta;valor (milers €);;446294
2020;Martorell;renda familiar disponible bruta;per habitant (€);;15640
2020;Martorell;renda familiar disponible bruta;per habitant (índex Catalunya=100);;88,1
2020;Martorelles;renda familiar disponible bruta;valor (milers €);;89381
2020;Martorelles;renda familiar disponible bruta;per habitant (€);;18570
2020;Martorelles;renda familiar disponible bruta;per habitant (índex Catalunya=100);;104,6
2020;Masdenverge;renda familiar disponible bruta;valor (milers €);;14882
2020;Masdenverge;renda familiar disponible bruta;per habitant (€);;13457
2020;Masdenverge;renda familiar disponible bruta;per habitant (índex Catalunya=100);;75,8
2020;Masies de Voltregà, les;renda familiar disponible bruta;valor (milers €);;59493
2020;Masies de Voltregà, les;renda familiar disponible bruta;per habitant (€);;19065
2020;Masies de Voltregà, les;renda familiar disponible bruta;per habitant (índex Catalunya=100);;107,4
2020;Masnou, el;renda familiar disponible bruta;valor (milers €);;488109
2020;Masnou, el;renda familiar disponible bruta;per habitant (€);;20690
2020;Masnou, el;renda familiar disponible bruta;per habitant (índex Catalunya=100);;116,6
2020;Masquefa;renda familiar disponible bruta;valor (milers €);;151460
2020;Masquefa;renda familiar disponible bruta;per habitant (€);;15898
2020;Masquefa;renda familiar disponible bruta;per habitant (índex Catalunya=100);;89,6
2020;Matadepera;renda familiar disponible bruta;valor (milers €);;270608
2020;Matadepera;renda familiar disponible bruta;per habitant (€);;28239
2020;Matadepera;renda familiar disponible bruta;per habitant (índex Catalunya=100);;159,1
2020;Mataró;renda familiar disponible bruta;valor (milers €);;2019266
2020;Mataró;renda familiar disponible bruta;per habitant (€);;15770
2020;Mataró;renda familiar disponible bruta;per habitant (índex Catalunya=100);;88,9
2020;Mediona;renda familiar disponible bruta;valor (milers €);;37179
2020;Mediona;renda familiar disponible bruta;per habitant (€);;15494
2020;Mediona;renda familiar disponible bruta;per habitant (índex Catalunya=100);;87,3
2020;Miralcamp;renda familiar disponible bruta;valor (milers €);;18995
2020;Miralcamp;renda familiar disponible bruta;per habitant (€);;13569
2020;Miralcamp;renda familiar disponible bruta;per habitant (índex Catalunya=100);;76,5
2020;Moià;renda familiar disponible bruta;valor (milers €);;102925
2020;Moià;renda familiar disponible bruta;per habitant (€);;16155
2020;Moià;renda familiar disponible bruta;per habitant (índex Catalunya=100);;91
2020;Molins de Rei;renda familiar disponible bruta;valor (milers €);;515855
2020;Molins de Rei;renda familiar disponible bruta;per habitant (€);;19952
2020;Molins de Rei;renda familiar disponible bruta;per habitant (índex Catalunya=100);;112,4
2020;Mollerussa;renda familiar disponible bruta;valor (milers €);;243059
2020;Mollerussa;renda familiar disponible bruta;per habitant (€);;16361
2020;Mollerussa;renda familiar disponible bruta;per habitant (índex Catalunya=100);;92,2
2020;Mollet del Vallès;renda familiar disponible bruta;valor (milers €);;857143
2020;Mollet del Vallès;renda familiar disponible bruta;per habitant (€);;16713
2020;Mollet del Vallès;renda familiar disponible bruta;per habitant (índex Catalunya=100);;94,2
2020;Monistrol de Montserrat;renda familiar disponible bruta;valor (milers €);;49851
2020;Monistrol de Montserrat;renda familiar disponible bruta;per habitant (€);;15898
2020;Monistrol de Montserrat;renda familiar disponible bruta;per habitant (índex Catalunya=100);;89,6
2020;Montblanc;renda familiar disponible bruta;valor (milers €);;123255
2020;Montblanc;renda familiar disponible bruta;per habitant (€);;16747
2020;Montblanc;renda familiar disponible bruta;per habitant (índex Catalunya=100);;94,4
2020;Montbrió del Camp;renda familiar disponible bruta;valor (milers €);;47342
2020;Montbrió del Camp;renda familiar disponible bruta;per habitant (€);;15951
2020;Montbrió del Camp;renda familiar disponible bruta;per habitant (índex Catalunya=100);;89,9
2020;Montcada i Reixac;renda familiar disponible bruta;valor (milers €);;593753
2020;Montcada i Reixac;renda familiar disponible bruta;per habitant (€);;16137
2020;Montcada i Reixac;renda familiar disponible bruta;per habitant (índex Catalunya=100);;90,9
2020;Montesquiu;renda familiar disponible bruta;valor (milers €);;16043
2020;Montesquiu;renda familiar disponible bruta;per habitant (€);;15611
2020;Montesquiu;renda familiar disponible bruta;per habitant (índex Catalunya=100);;88
2020;Montferrer i Castellbò;renda familiar disponible bruta;valor (milers €);;13470
2020;Montferrer i Castellbò;renda familiar disponible bruta;per habitant (€);;12875
2020;Montferrer i Castellbò;renda familiar disponible bruta;per habitant (índex Catalunya=100);;72,6
2020;Montgat;renda familiar disponible bruta;valor (milers €);;234965
2020;Montgat;renda familiar disponible bruta;per habitant (€);;19414
2020;Montgat;renda familiar disponible bruta;per habitant (índex Catalunya=100);;109,4
2020;Montmell, el;renda familiar disponible bruta;valor (milers €);;21738
2020;Montmell, el;renda familiar disponible bruta;per habitant (€);;13186
2020;Montmell, el;renda familiar disponible bruta;per habitant (índex Catalunya=100);;74,3
2020;Montmeló;renda familiar disponible bruta;valor (milers €);;149408
2020;Montmeló;renda familiar disponible bruta;per habitant (€);;16980
2020;Montmeló;renda familiar disponible bruta;per habitant (índex Catalunya=100);;95,7
2020;Montornès del Vallès;renda familiar disponible bruta;valor (milers €);;271458
2020;Montornès del Vallès;renda familiar disponible bruta;per habitant (€);;16260
2020;Montornès del Vallès;renda familiar disponible bruta;per habitant (índex Catalunya=100);;91,6
2020;Mont-ras;renda familiar disponible bruta;valor (milers €);;29339
2020;Mont-ras;renda familiar disponible bruta;per habitant (€);;17756
2020;Mont-ras;renda familiar disponible bruta;per habitant (índex Catalunya=100);;100,1
2020;Mont-roig del Camp;renda familiar disponible bruta;valor (milers €);;175171
2020;Mont-roig del Camp;renda familiar disponible bruta;per habitant (€);;13833
2020;Mont-roig del Camp;renda familiar disponible bruta;per habitant (índex Catalunya=100);;77,9
2020;Móra d'Ebre;renda familiar disponible bruta;valor (milers €);;93281
2020;Móra d'Ebre;renda familiar disponible bruta;per habitant (€);;16710
2020;Móra d'Ebre;renda familiar disponible bruta;per habitant (índex Catalunya=100);;94,2
2020;Móra la Nova;renda familiar disponible bruta;valor (milers €);;44302
2020;Móra la Nova;renda familiar disponible bruta;per habitant (€);;14373
2020;Móra la Nova;renda familiar disponible bruta;per habitant (índex Catalunya=100);;81
2020;Morell, el;renda familiar disponible bruta;valor (milers €);;59643
2020;Morell, el;renda familiar disponible bruta;per habitant (€);;15859
2020;Morell, el;renda familiar disponible bruta;per habitant (índex Catalunya=100);;89,4
2020;Naut Aran;renda familiar disponible bruta;valor (milers €);;29602
2020;Naut Aran;renda familiar disponible bruta;per habitant (€);;15862
2020;Naut Aran;renda familiar disponible bruta;per habitant (índex Catalunya=100);;89,4
2020;Navarcles;renda familiar disponible bruta;valor (milers €);;106037
2020;Navarcles;renda familiar disponible bruta;per habitant (€);;17618
2020;Navarcles;renda familiar disponible bruta;per habitant (índex Catalunya=100);;99,3
2020;Navàs;renda familiar disponible bruta;valor (milers €);;102868
2020;Navàs;renda familiar disponible bruta;per habitant (€);;17283
2020;Navàs;renda familiar disponible bruta;per habitant (índex Catalunya=100);;97,4
2020;Navata;renda familiar disponible bruta;valor (milers €);;27626
2020;Navata;renda familiar disponible bruta;per habitant (€);;19767
2020;Navata;renda familiar disponible bruta;per habitant (índex Catalunya=100);;111,4
2020;Òdena;renda familiar disponible bruta;valor (milers €);;57169
2020;Òdena;renda familiar disponible bruta;per habitant (€);;15534
2020;Òdena;renda familiar disponible bruta;per habitant (índex Catalunya=100);;87,5
2020;Olèrdola;renda familiar disponible bruta;valor (milers €);;66270
2020;Olèrdola;renda familiar disponible bruta;per habitant (€);;17365
2020;Olèrdola;renda familiar disponible bruta;per habitant (índex Catalunya=100);;97,9
2020;Olesa de Bonesvalls;renda familiar disponible bruta;valor (milers €);;34020
2020;Olesa de Bonesvalls;renda familiar disponible bruta;per habitant (€);;18039
2020;Olesa de Bonesvalls;renda familiar disponible bruta;per habitant (índex Catalunya=100);;101,7
2020;Olesa de Montserrat;renda familiar disponible bruta;valor (milers €);;403211
2020;Olesa de Montserrat;renda familiar disponible bruta;per habitant (€);;16812
2020;Olesa de Montserrat;renda familiar disponible bruta;per habitant (índex Catalunya=100);;94,7
2020;Oliana;renda familiar disponible bruta;valor (milers €);;29023
2020;Oliana;renda familiar disponible bruta;per habitant (€);;15857
2020;Oliana;renda familiar disponible bruta;per habitant (índex Catalunya=100);;89,4
2020;Olivella;renda familiar disponible bruta;valor (milers €);;73320
2020;Olivella;renda familiar disponible bruta;per habitant (€);;18471
2020;Olivella;renda familiar disponible bruta;per habitant (índex Catalunya=100);;104,1
2020;Olost;renda familiar disponible bruta;valor (milers €);;21214
2020;Olost;renda familiar disponible bruta;per habitant (€);;17933
2020;Olost;renda familiar disponible bruta;per habitant (índex Catalunya=100);;101,1
2020;Olot;renda familiar disponible bruta;valor (milers €);;585681
2020;Olot;renda familiar disponible bruta;per habitant (€);;16525
2020;Olot;renda familiar disponible bruta;per habitant (índex Catalunya=100);;93,1
2020;Os de Balaguer;renda familiar disponible bruta;valor (milers €);;14319
2020;Os de Balaguer;renda familiar disponible bruta;per habitant (€);;14667
2020;Os de Balaguer;renda familiar disponible bruta;per habitant (índex Catalunya=100);;82,6
2020;Palafolls;renda familiar disponible bruta;valor (milers €);;148169
2020;Palafolls;renda familiar disponible bruta;per habitant (€);;15548
2020;Palafolls;renda familiar disponible bruta;per habitant (índex Catalunya=100);;87,6
2020;Palafrugell;renda familiar disponible bruta;valor (milers €);;309907
2020;Palafrugell;renda familiar disponible bruta;per habitant (€);;13581
2020;Palafrugell;renda familiar disponible bruta;per habitant (índex Catalunya=100);;76,5
2020;Palamós;renda familiar disponible bruta;valor (milers €);;279846
2020;Palamós;renda familiar disponible bruta;per habitant (€);;15625
2020;Palamós;renda familiar disponible bruta;per habitant (índex Catalunya=100);;88
2020;Palau d'Anglesola, el;renda familiar disponible bruta;valor (milers €);;35503
2020;Palau d'Anglesola, el;renda familiar disponible bruta;per habitant (€);;15962
2020;Palau d'Anglesola, el;renda familiar disponible bruta;per habitant (índex Catalunya=100);;89,9
2020;Palau-saverdera;renda familiar disponible bruta;valor (milers €);;19145
2020;Palau-saverdera;renda familiar disponible bruta;per habitant (€);;13303
2020;Palau-saverdera;renda familiar disponible bruta;per habitant (índex Catalunya=100);;75
2020;Palau-solità i Plegamans;renda familiar disponible bruta;valor (milers €);;273252
2020;Palau-solità i Plegamans;renda familiar disponible bruta;per habitant (€);;18336
2020;Palau-solità i Plegamans;renda familiar disponible bruta;per habitant (índex Catalunya=100);;103,3
2020;Pallaresos, els;renda familiar disponible bruta;valor (milers €);;88248
2020;Pallaresos, els;renda familiar disponible bruta;per habitant (€);;18039
2020;Pallaresos, els;renda familiar disponible bruta;per habitant (índex Catalunya=100);;101,7
2020;Pallejà;renda familiar disponible bruta;valor (milers €);;227610
2020;Pallejà;renda familiar disponible bruta;per habitant (€);;19699
2020;Pallejà;renda familiar disponible bruta;per habitant (índex Catalunya=100);;111
2020;Palma de Cervelló, la;renda familiar disponible bruta;valor (milers €);;59424
2020;Palma de Cervelló, la;renda familiar disponible bruta;per habitant (€);;19913
2020;Palma de Cervelló, la;renda familiar disponible bruta;per habitant (índex Catalunya=100);;112,2
2020;Pals;renda familiar disponible bruta;valor (milers €);;39485
2020;Pals;renda familiar disponible bruta;per habitant (€);;16309
2020;Pals;renda familiar disponible bruta;per habitant (índex Catalunya=100);;91,9
2020;Papiol, el;renda familiar disponible bruta;valor (milers €);;75095
2020;Papiol, el;renda familiar disponible bruta;per habitant (€);;17987
2020;Papiol, el;renda familiar disponible bruta;per habitant (índex Catalunya=100);;101,4
2020;Parets del Vallès;renda familiar disponible bruta;valor (milers €);;344633
2020;Parets del Vallès;renda familiar disponible bruta;per habitant (€);;18181
2020;Parets del Vallès;renda familiar disponible bruta;per habitant (índex Catalunya=100);;102,4
2020;Perafort;renda familiar disponible bruta;valor (milers €);;20954
2020;Perafort;renda familiar disponible bruta;per habitant (€);;16401
2020;Perafort;renda familiar disponible bruta;per habitant (índex Catalunya=100);;92,4
2020;Peralada;renda familiar disponible bruta;valor (milers €);;35215
2020;Peralada;renda familiar disponible bruta;per habitant (€);;18759
2020;Peralada;renda familiar disponible bruta;per habitant (índex Catalunya=100);;105,7
2020;Perelló, el;renda familiar disponible bruta;valor (milers €);;35173
2020;Perelló, el;renda familiar disponible bruta;per habitant (€);;12392
2020;Perelló, el;renda familiar disponible bruta;per habitant (índex Catalunya=100);;69,8
2020;Piera;renda familiar disponible bruta;valor (milers €);;254769
2020;Piera;renda familiar disponible bruta;per habitant (€);;15632
2020;Piera;renda familiar disponible bruta;per habitant (índex Catalunya=100);;88,1
2020;Pineda de Mar;renda familiar disponible bruta;valor (milers €);;392082
2020;Pineda de Mar;renda familiar disponible bruta;per habitant (€);;14160
2020;Pineda de Mar;renda familiar disponible bruta;per habitant (índex Catalunya=100);;79,8
2020;Pinell de Brai, el;renda familiar disponible bruta;valor (milers €);;15194
2020;Pinell de Brai, el;renda familiar disponible bruta;per habitant (€);;15322
2020;Pinell de Brai, el;renda familiar disponible bruta;per habitant (índex Catalunya=100);;86,3
2020;Pla de Santa Maria, el;renda familiar disponible bruta;valor (milers €);;35658
2020;Pla de Santa Maria, el;renda familiar disponible bruta;per habitant (€);;15158
2020;Pla de Santa Maria, el;renda familiar disponible bruta;per habitant (índex Catalunya=100);;85,4
2020;Pla del Penedès, el;renda familiar disponible bruta;valor (milers €);;20095
2020;Pla del Penedès, el;renda familiar disponible bruta;per habitant (€);;15536
2020;Pla del Penedès, el;renda familiar disponible bruta;per habitant (índex Catalunya=100);;87,5
2020;Planes d'Hostoles, les;renda familiar disponible bruta;valor (milers €);;27604
2020;Planes d'Hostoles, les;renda familiar disponible bruta;per habitant (€);;16434
2020;Planes d'Hostoles, les;renda familiar disponible bruta;per habitant (índex Catalunya=100);;92,6
2020;Pobla de Claramunt, la;renda familiar disponible bruta;valor (milers €);;36349
2020;Pobla de Claramunt, la;renda familiar disponible bruta;per habitant (€);;16527
2020;Pobla de Claramunt, la;renda familiar disponible bruta;per habitant (índex Catalunya=100);;93,1
2020;Pobla de Lillet, la;renda familiar disponible bruta;valor (milers €);;19285
2020;Pobla de Lillet, la;renda familiar disponible bruta;per habitant (€);;17923
2020;Pobla de Lillet, la;renda familiar disponible bruta;per habitant (índex Catalunya=100);;101
2020;Pobla de Mafumet, la;renda familiar disponible bruta;valor (milers €);;49589
2020;Pobla de Mafumet, la;renda familiar disponible bruta;per habitant (€);;12325
2020;Pobla de Mafumet, la;renda familiar disponible bruta;per habitant (índex Catalunya=100);;69,4
2020;Pobla de Montornès, la;renda familiar disponible bruta;valor (milers €);;46951
2020;Pobla de Montornès, la;renda familiar disponible bruta;per habitant (€);;15860
2020;Pobla de Montornès, la;renda familiar disponible bruta;per habitant (índex Catalunya=100);;89,4
2020;Pobla de Segur, la;renda familiar disponible bruta;valor (milers €);;47626
2020;Pobla de Segur, la;renda familiar disponible bruta;per habitant (€);;15844
2020;Pobla de Segur, la;renda familiar disponible bruta;per habitant (índex Catalunya=100);;89,3
2020;Polinyà;renda familiar disponible bruta;valor (milers €);;143436
2020;Polinyà;renda familiar disponible bruta;per habitant (€);;16879
2020;Polinyà;renda familiar disponible bruta;per habitant (índex Catalunya=100);;95,1
2020;Pont de Suert, el;renda familiar disponible bruta;valor (milers €);;35138
2020;Pont de Suert, el;renda familiar disponible bruta;per habitant (€);;15204
2020;Pont de Suert, el;renda familiar disponible bruta;per habitant (índex Catalunya=100);;85,7
2020;Pont de Vilomara i Rocafort, el;renda familiar disponible bruta;valor (milers €);;61234
2020;Pont de Vilomara i Rocafort, el;renda familiar disponible bruta;per habitant (€);;15570
2020;Pont de Vilomara i Rocafort, el;renda familiar disponible bruta;per habitant (índex Catalunya=100);;87,7
2020;Ponts;renda familiar disponible bruta;valor (milers €);;38775
2020;Ponts;renda familiar disponible bruta;per habitant (€);;14913
2020;Ponts;renda familiar disponible bruta;per habitant (índex Catalunya=100);;84
2020;Porqueres;renda familiar disponible bruta;valor (milers €);;81102
2020;Porqueres;renda familiar disponible bruta;per habitant (€);;17409
2020;Porqueres;renda familiar disponible bruta;per habitant (índex Catalunya=100);;98,1
2020;Port de la Selva, el;renda familiar disponible bruta;valor (milers €);;18112
2020;Port de la Selva, el;renda familiar disponible bruta;per habitant (€);;18840
2020;Port de la Selva, el;renda familiar disponible bruta;per habitant (índex Catalunya=100);;106,2
2020;Portbou;renda familiar disponible bruta;valor (milers €);;16767
2020;Portbou;renda familiar disponible bruta;per habitant (€);;15906
2020;Portbou;renda familiar disponible bruta;per habitant (índex Catalunya=100);;89,6
2020;Prat de Llobregat, el;renda familiar disponible bruta;valor (milers €);;1129759
2020;Prat de Llobregat, el;renda familiar disponible bruta;per habitant (€);;17371
2020;Prat de Llobregat, el;renda familiar disponible bruta;per habitant (índex Catalunya=100);;97,9
2020;Prats de Lluçanès;renda familiar disponible bruta;valor (milers €);;46221
2020;Prats de Lluçanès;renda familiar disponible bruta;per habitant (€);;17843
2020;Prats de Lluçanès;renda familiar disponible bruta;per habitant (índex Catalunya=100);;100,5
2020;Premià de Dalt;renda familiar disponible bruta;valor (milers €);;262548
2020;Premià de Dalt;renda familiar disponible bruta;per habitant (€);;25437
2020;Premià de Dalt;renda familiar disponible bruta;per habitant (índex Catalunya=100);;143,3
2020;Premià de Mar;renda familiar disponible bruta;valor (milers €);;511898
2020;Premià de Mar;renda familiar disponible bruta;per habitant (€);;18133
2020;Premià de Mar;renda familiar disponible bruta;per habitant (índex Catalunya=100);;102,2
2020;Preses, les;renda familiar disponible bruta;valor (milers €);;33407
2020;Preses, les;renda familiar disponible bruta;per habitant (€);;18252
2020;Preses, les;renda familiar disponible bruta;per habitant (índex Catalunya=100);;102,9
2020;Puigcerdà;renda familiar disponible bruta;valor (milers €);;125896
2020;Puigcerdà;renda familiar disponible bruta;per habitant (€);;13339
2020;Puigcerdà;renda familiar disponible bruta;per habitant (índex Catalunya=100);;75,2
2020;Puigpelat;renda familiar disponible bruta;valor (milers €);;17981
2020;Puigpelat;renda familiar disponible bruta;per habitant (€);;15189
2020;Puigpelat;renda familiar disponible bruta;per habitant (índex Catalunya=100);;85,6
2020;Puig-reig;renda familiar disponible bruta;valor (milers €);;71051
2020;Puig-reig;renda familiar disponible bruta;per habitant (€);;16584
2020;Puig-reig;renda familiar disponible bruta;per habitant (índex Catalunya=100);;93,5
2020;Puigverd de Lleida;renda familiar disponible bruta;valor (milers €);;21006
2020;Puigverd de Lleida;renda familiar disponible bruta;per habitant (€);;15599
2020;Puigverd de Lleida;renda familiar disponible bruta;per habitant (índex Catalunya=100);;87,9
2020;Quart;renda familiar disponible bruta;valor (milers €);;70765
2020;Quart;renda familiar disponible bruta;per habitant (€);;19002
2020;Quart;renda familiar disponible bruta;per habitant (índex Catalunya=100);;107,1
2020;Ràpita, la;renda familiar disponible bruta;valor (milers €);;204072
2020;Ràpita, la;renda familiar disponible bruta;per habitant (€);;13461
2020;Ràpita, la;renda familiar disponible bruta;per habitant (índex Catalunya=100);;75,9
2020;Reus;renda familiar disponible bruta;valor (milers €);;1647340
2020;Reus;renda familiar disponible bruta;per habitant (€);;15414
2020;Reus;renda familiar disponible bruta;per habitant (índex Catalunya=100);;86,9
2020;Riba-roja d'Ebre;renda familiar disponible bruta;valor (milers €);;14116
2020;Riba-roja d'Ebre;renda familiar disponible bruta;per habitant (€);;12808
2020;Riba-roja d'Ebre;renda familiar disponible bruta;per habitant (índex Catalunya=100);;72,2
2020;Ribes de Freser;renda familiar disponible bruta;valor (milers €);;31636
2020;Ribes de Freser;renda familiar disponible bruta;per habitant (€);;17936
2020;Ribes de Freser;renda familiar disponible bruta;per habitant (índex Catalunya=100);;101,1
2020;Riells i Viabrea;renda familiar disponible bruta;valor (milers €);;68890
2020;Riells i Viabrea;renda familiar disponible bruta;per habitant (€);;16687
2020;Riells i Viabrea;renda familiar disponible bruta;per habitant (índex Catalunya=100);;94
2020;Riera de Gaià, la;renda familiar disponible bruta;valor (milers €);;28838
2020;Riera de Gaià, la;renda familiar disponible bruta;per habitant (€);;16473
2020;Riera de Gaià, la;renda familiar disponible bruta;per habitant (índex Catalunya=100);;92,8
2020;Ripoll;renda familiar disponible bruta;valor (milers €);;179373
2020;Ripoll;renda familiar disponible bruta;per habitant (€);;16759
2020;Ripoll;renda familiar disponible bruta;per habitant (índex Catalunya=100);;94,4
2020;Ripollet;renda familiar disponible bruta;valor (milers €);;628631
2020;Ripollet;renda familiar disponible bruta;per habitant (€);;16055
2020;Ripollet;renda familiar disponible bruta;per habitant (índex Catalunya=100);;90,5
2020;Riudarenes;renda familiar disponible bruta;valor (milers €);;114757
2020;Riudarenes;renda familiar disponible bruta;per habitant (€);;52168
2020;Riudarenes;renda familiar disponible bruta;per habitant (índex Catalunya=100);;294
2020;Riudecanyes;renda familiar disponible bruta;valor (milers €);;19179
2020;Riudecanyes;renda familiar disponible bruta;per habitant (€);;16277
2020;Riudecanyes;renda familiar disponible bruta;per habitant (índex Catalunya=100);;91,7
2020;Riudecols;renda familiar disponible bruta;valor (milers €);;20654
2020;Riudecols;renda familiar disponible bruta;per habitant (€);;16992
2020;Riudecols;renda familiar disponible bruta;per habitant (índex Catalunya=100);;95,7
2020;Riudellots de la Selva;renda familiar disponible bruta;valor (milers €);;37422
2020;Riudellots de la Selva;renda familiar disponible bruta;per habitant (€);;18407
2020;Riudellots de la Selva;renda familiar disponible bruta;per habitant (índex Catalunya=100);;103,7
2020;Riudoms;renda familiar disponible bruta;valor (milers €);;93800
2020;Riudoms;renda familiar disponible bruta;per habitant (€);;14127
2020;Riudoms;renda familiar disponible bruta;per habitant (índex Catalunya=100);;79,6
2020;Roca del Vallès, la;renda familiar disponible bruta;valor (milers €);;210213
2020;Roca del Vallès, la;renda familiar disponible bruta;per habitant (€);;19653
2020;Roca del Vallès, la;renda familiar disponible bruta;per habitant (índex Catalunya=100);;110,7
2020;Roda de Berà;renda familiar disponible bruta;valor (milers €);;102873
2020;Roda de Berà;renda familiar disponible bruta;per habitant (€);;14694
2020;Roda de Berà;renda familiar disponible bruta;per habitant (índex Catalunya=100);;82,8
2020;Roda de Ter;renda familiar disponible bruta;valor (milers €);;109185
2020;Roda de Ter;renda familiar disponible bruta;per habitant (€);;17063
2020;Roda de Ter;renda familiar disponible bruta;per habitant (índex Catalunya=100);;96,2
2020;Roquetes;renda familiar disponible bruta;valor (milers €);;114892
2020;Roquetes;renda familiar disponible bruta;per habitant (€);;14139
2020;Roquetes;renda familiar disponible bruta;per habitant (índex Catalunya=100);;79,7
2020;Roses;renda familiar disponible bruta;valor (milers €);;233526
2020;Roses;renda familiar disponible bruta;per habitant (€);;12033
2020;Roses;renda familiar disponible bruta;per habitant (índex Catalunya=100);;67,8
2020;Rosselló;renda familiar disponible bruta;valor (milers €);;49714
2020;Rosselló;renda familiar disponible bruta;per habitant (€);;15708
2020;Rosselló;renda familiar disponible bruta;per habitant (índex Catalunya=100);;88,5
2020;Rubí;renda familiar disponible bruta;valor (milers €);;1280775
2020;Rubí;renda familiar disponible bruta;per habitant (€);;16303
2020;Rubí;renda familiar disponible bruta;per habitant (índex Catalunya=100);;91,9
2020;Sabadell;renda familiar disponible bruta;valor (milers €);;3780837
2020;Sabadell;renda familiar disponible bruta;per habitant (€);;17477
2020;Sabadell;renda familiar disponible bruta;per habitant (índex Catalunya=100);;98,5
2020;Sallent;renda familiar disponible bruta;valor (milers €);;117562
2020;Sallent;renda familiar disponible bruta;per habitant (€);;17606
2020;Sallent;renda familiar disponible bruta;per habitant (índex Catalunya=100);;99,2
2020;Salou;renda familiar disponible bruta;valor (milers €);;368515
2020;Salou;renda familiar disponible bruta;per habitant (€);;12840
2020;Salou;renda familiar disponible bruta;per habitant (índex Catalunya=100);;72,4
2020;Salt;renda familiar disponible bruta;valor (milers €);;383732
2020;Salt;renda familiar disponible bruta;per habitant (€);;12252
2020;Salt;renda familiar disponible bruta;per habitant (índex Catalunya=100);;69
2020;Sant Adrià de Besòs;renda familiar disponible bruta;valor (milers €);;558858
2020;Sant Adrià de Besòs;renda familiar disponible bruta;per habitant (€);;15015
2020;Sant Adrià de Besòs;renda familiar disponible bruta;per habitant (índex Catalunya=100);;84,6
2020;Sant Andreu de la Barca;renda familiar disponible bruta;valor (milers €);;450049
2020;Sant Andreu de la Barca;renda familiar disponible bruta;per habitant (€);;16548
2020;Sant Andreu de la Barca;renda familiar disponible bruta;per habitant (índex Catalunya=100);;93,3
2020;Sant Andreu de Llavaneres;renda familiar disponible bruta;valor (milers €);;244371
2020;Sant Andreu de Llavaneres;renda familiar disponible bruta;per habitant (€);;22164
2020;Sant Andreu de Llavaneres;renda familiar disponible bruta;per habitant (índex Catalunya=100);;124,9
2020;Sant Antoni de Vilamajor;renda familiar disponible bruta;valor (milers €);;126818
2020;Sant Antoni de Vilamajor;renda familiar disponible bruta;per habitant (€);;20179
2020;Sant Antoni de Vilamajor;renda familiar disponible bruta;per habitant (índex Catalunya=100);;113,7
2020;Sant Boi de Llobregat;renda familiar disponible bruta;valor (milers €);;1427113
2020;Sant Boi de Llobregat;renda familiar disponible bruta;per habitant (€);;17073
2020;Sant Boi de Llobregat;renda familiar disponible bruta;per habitant (índex Catalunya=100);;96,2
2020;Sant Cebrià de Vallalta;renda familiar disponible bruta;valor (milers €);;61742
2020;Sant Cebrià de Vallalta;renda familiar disponible bruta;per habitant (€);;17805
2020;Sant Cebrià de Vallalta;renda familiar disponible bruta;per habitant (índex Catalunya=100);;100,3
2020;Sant Celoni;renda familiar disponible bruta;valor (milers €);;298102
2020;Sant Celoni;renda familiar disponible bruta;per habitant (€);;16447
2020;Sant Celoni;renda familiar disponible bruta;per habitant (índex Catalunya=100);;92,7
2020;Sant Climent de Llobregat;renda familiar disponible bruta;valor (milers €);;74553
2020;Sant Climent de Llobregat;renda familiar disponible bruta;per habitant (€);;17966
2020;Sant Climent de Llobregat;renda familiar disponible bruta;per habitant (índex Catalunya=100);;101,2
2020;Sant Cugat del Vallès;renda familiar disponible bruta;valor (milers €);;2376869
2020;Sant Cugat del Vallès;renda familiar disponible bruta;per habitant (€);;25426
2020;Sant Cugat del Vallès;renda familiar disponible bruta;per habitant (índex Catalunya=100);;143,3
2020;Sant Cugat Sesgarrigues;renda familiar disponible bruta;valor (milers €);;17130
2020;Sant Cugat Sesgarrigues;renda familiar disponible bruta;per habitant (€);;16981
2020;Sant Cugat Sesgarrigues;renda familiar disponible bruta;per habitant (índex Catalunya=100);;95,7
2020;Sant Esteve de Palautordera;renda familiar disponible bruta;valor (milers €);;52818
2020;Sant Esteve de Palautordera;renda familiar disponible bruta;per habitant (€);;18054
2020;Sant Esteve de Palautordera;renda familiar disponible bruta;per habitant (índex Catalunya=100);;101,7
2020;Sant Esteve Sesrovires;renda familiar disponible bruta;valor (milers €);;153625
2020;Sant Esteve Sesrovires;renda familiar disponible bruta;per habitant (€);;19993
2020;Sant Esteve Sesrovires;renda familiar disponible bruta;per habitant (índex Catalunya=100);;112,7
2020;Sant Feliu de Codines;renda familiar disponible bruta;valor (milers €);;107167
2020;Sant Feliu de Codines;renda familiar disponible bruta;per habitant (€);;16815
2020;Sant Feliu de Codines;renda familiar disponible bruta;per habitant (índex Catalunya=100);;94,8
2020;Sant Feliu de Guíxols;renda familiar disponible bruta;valor (milers €);;320630
2020;Sant Feliu de Guíxols;renda familiar disponible bruta;per habitant (€);;14679
2020;Sant Feliu de Guíxols;renda familiar disponible bruta;per habitant (índex Catalunya=100);;82,7
2020;Sant Feliu de Llobregat;renda familiar disponible bruta;valor (milers €);;871176
2020;Sant Feliu de Llobregat;renda familiar disponible bruta;per habitant (€);;19285
2020;Sant Feliu de Llobregat;renda familiar disponible bruta;per habitant (índex Catalunya=100);;108,7
2020;Sant Feliu de Pallerols;renda familiar disponible bruta;valor (milers €);;23018
2020;Sant Feliu de Pallerols;renda familiar disponible bruta;per habitant (€);;16214
2020;Sant Feliu de Pallerols;renda familiar disponible bruta;per habitant (índex Catalunya=100);;91,4
2020;Sant Fost de Campsentelles;renda familiar disponible bruta;valor (milers €);;171574
2020;Sant Fost de Campsentelles;renda familiar disponible bruta;per habitant (€);;19257
2020;Sant Fost de Campsentelles;renda familiar disponible bruta;per habitant (índex Catalunya=100);;108,5
2020;Sant Fruitós de Bages;renda familiar disponible bruta;valor (milers €);;166475
2020;Sant Fruitós de Bages;renda familiar disponible bruta;per habitant (€);;18870
2020;Sant Fruitós de Bages;renda familiar disponible bruta;per habitant (índex Catalunya=100);;106,3
2020;Sant Gregori;renda familiar disponible bruta;valor (milers €);;78014
2020;Sant Gregori;renda familiar disponible bruta;per habitant (€);;20193
2020;Sant Gregori;renda familiar disponible bruta;per habitant (índex Catalunya=100);;113,8
2020;Sant Guim de Freixenet;renda familiar disponible bruta;valor (milers €);;15670
2020;Sant Guim de Freixenet;renda familiar disponible bruta;per habitant (€);;15239
2020;Sant Guim de Freixenet;renda familiar disponible bruta;per habitant (índex Catalunya=100);;85,9
2020;Sant Hilari Sacalm;renda familiar disponible bruta;valor (milers €);;86448
2020;Sant Hilari Sacalm;renda familiar disponible bruta;per habitant (€);;15386
2020;Sant Hilari Sacalm;renda familiar disponible bruta;per habitant (índex Catalunya=100);;86,7
2020;Sant Hipòlit de Voltregà;renda familiar disponible bruta;valor (milers €);;69627
2020;Sant Hipòlit de Voltregà;renda familiar disponible bruta;per habitant (€);;19866
2020;Sant Hipòlit de Voltregà;renda familiar disponible bruta;per habitant (índex Catalunya=100);;111,9
2020;Sant Iscle de Vallalta;renda familiar disponible bruta;valor (milers €);;23774
2020;Sant Iscle de Vallalta;renda familiar disponible bruta;per habitant (€);;17282
2020;Sant Iscle de Vallalta;renda familiar disponible bruta;per habitant (índex Catalunya=100);;97,4
2020;Sant Jaume d'Enveja;renda familiar disponible bruta;valor (milers €);;46743
2020;Sant Jaume d'Enveja;renda familiar disponible bruta;per habitant (€);;13016
2020;Sant Jaume d'Enveja;renda familiar disponible bruta;per habitant (índex Catalunya=100);;73,3
2020;Sant Jaume dels Domenys;renda familiar disponible bruta;valor (milers €);;41418
2020;Sant Jaume dels Domenys;renda familiar disponible bruta;per habitant (€);;15731
2020;Sant Jaume dels Domenys;renda familiar disponible bruta;per habitant (índex Catalunya=100);;88,6
2020;Sant Joan de les Abadesses;renda familiar disponible bruta;valor (milers €);;57574
2020;Sant Joan de les Abadesses;renda familiar disponible bruta;per habitant (€);;17884
2020;Sant Joan de les Abadesses;renda familiar disponible bruta;per habitant (índex Catalunya=100);;100,8
2020;Sant Joan de Vilatorrada;renda familiar disponible bruta;valor (milers €);;181786
2020;Sant Joan de Vilatorrada;renda familiar disponible bruta;per habitant (€);;16746
2020;Sant Joan de Vilatorrada;renda familiar disponible bruta;per habitant (índex Catalunya=100);;94,4
2020;Sant Joan Despí;renda familiar disponible bruta;valor (milers €);;676870
2020;Sant Joan Despí;renda familiar disponible bruta;per habitant (€);;19920
2020;Sant Joan Despí;renda familiar disponible bruta;per habitant (índex Catalunya=100);;112,3
2020;Sant Joan les Fonts;renda familiar disponible bruta;valor (milers €);;56288
2020;Sant Joan les Fonts;renda familiar disponible bruta;per habitant (€);;18823
2020;Sant Joan les Fonts;renda familiar disponible bruta;per habitant (índex Catalunya=100);;106,1
2020;Sant Julià de Ramis;renda familiar disponible bruta;valor (milers €);;66097
2020;Sant Julià de Ramis;renda familiar disponible bruta;per habitant (€);;18899
2020;Sant Julià de Ramis;renda familiar disponible bruta;per habitant (índex Catalunya=100);;106,5
2020;Sant Julià de Vilatorta;renda familiar disponible bruta;valor (milers €);;69504
2020;Sant Julià de Vilatorta;renda familiar disponible bruta;per habitant (€);;22337
2020;Sant Julià de Vilatorta;renda familiar disponible bruta;per habitant (índex Catalunya=100);;125,9
2020;Sant Julià del Llor i Bonmatí;renda familiar disponible bruta;valor (milers €);;22486
2020;Sant Julià del Llor i Bonmatí;renda familiar disponible bruta;per habitant (€);;17460
2020;Sant Julià del Llor i Bonmatí;renda familiar disponible bruta;per habitant (índex Catalunya=100);;98,4
2020;Sant Just Desvern;renda familiar disponible bruta;valor (milers €);;510941
2020;Sant Just Desvern;renda familiar disponible bruta;per habitant (€);;27030
2020;Sant Just Desvern;renda familiar disponible bruta;per habitant (índex Catalunya=100);;152,3
2020;Sant Llorenç d'Hortons;renda familiar disponible bruta;valor (milers €);;44828
2020;Sant Llorenç d'Hortons;renda familiar disponible bruta;per habitant (€);;18304
2020;Sant Llorenç d'Hortons;renda familiar disponible bruta;per habitant (índex Catalunya=100);;103,1
2020;Sant Llorenç de Morunys;renda familiar disponible bruta;valor (milers €);;15706
2020;Sant Llorenç de Morunys;renda familiar disponible bruta;per habitant (€);;15842
2020;Sant Llorenç de Morunys;renda familiar disponible bruta;per habitant (índex Catalunya=100);;89,3
2020;Sant Llorenç Savall;renda familiar disponible bruta;valor (milers €);;41056
2020;Sant Llorenç Savall;renda familiar disponible bruta;per habitant (€);;16654
2020;Sant Llorenç Savall;renda familiar disponible bruta;per habitant (índex Catalunya=100);;93,8
2020;Sant Martí de Centelles;renda familiar disponible bruta;valor (milers €);;18685
2020;Sant Martí de Centelles;renda familiar disponible bruta;per habitant (€);;15942
2020;Sant Martí de Centelles;renda familiar disponible bruta;per habitant (índex Catalunya=100);;89,8
2020;Sant Martí de Tous;renda familiar disponible bruta;valor (milers €);;22000
2020;Sant Martí de Tous;renda familiar disponible bruta;per habitant (€);;17830
2020;Sant Martí de Tous;renda familiar disponible bruta;per habitant (índex Catalunya=100);;100,5
2020;Sant Martí Sarroca;renda familiar disponible bruta;valor (milers €);;50778
2020;Sant Martí Sarroca;renda familiar disponible bruta;per habitant (€);;15476
2020;Sant Martí Sarroca;renda familiar disponible bruta;per habitant (índex Catalunya=100);;87,2
2020;Sant Pere de Ribes;renda familiar disponible bruta;valor (milers €);;522186
2020;Sant Pere de Ribes;renda familiar disponible bruta;per habitant (€);;16933
2020;Sant Pere de Ribes;renda familiar disponible bruta;per habitant (índex Catalunya=100);;95,4
2020;Sant Pere de Riudebitlles;renda familiar disponible bruta;valor (milers €);;40677
2020;Sant Pere de Riudebitlles;renda familiar disponible bruta;per habitant (€);;16942
2020;Sant Pere de Riudebitlles;renda familiar disponible bruta;per habitant (índex Catalunya=100);;95,5
2020;Sant Pere de Torelló;renda familiar disponible bruta;valor (milers €);;43087
2020;Sant Pere de Torelló;renda familiar disponible bruta;per habitant (€);;17573
2020;Sant Pere de Torelló;renda familiar disponible bruta;per habitant (índex Catalunya=100);;99
2020;Sant Pere de Vilamajor;renda familiar disponible bruta;valor (milers €);;85062
2020;Sant Pere de Vilamajor;renda familiar disponible bruta;per habitant (€);;18493
2020;Sant Pere de Vilamajor;renda familiar disponible bruta;per habitant (índex Catalunya=100);;104,2
2020;Sant Pere Pescador;renda familiar disponible bruta;valor (milers €);;28744
2020;Sant Pere Pescador;renda familiar disponible bruta;per habitant (€);;14101
2020;Sant Pere Pescador;renda familiar disponible bruta;per habitant (índex Catalunya=100);;79,5
2020;Sant Pol de Mar;renda familiar disponible bruta;valor (milers €);;104468
2020;Sant Pol de Mar;renda familiar disponible bruta;per habitant (€);;19253
2020;Sant Pol de Mar;renda familiar disponible bruta;per habitant (índex Catalunya=100);;108,5
2020;Sant Quintí de Mediona;renda familiar disponible bruta;valor (milers €);;32950
2020;Sant Quintí de Mediona;renda familiar disponible bruta;per habitant (€);;14037
2020;Sant Quintí de Mediona;renda familiar disponible bruta;per habitant (índex Catalunya=100);;79,1
2020;Sant Quirze de Besora;renda familiar disponible bruta;valor (milers €);;37132
2020;Sant Quirze de Besora;renda familiar disponible bruta;per habitant (€);;17465
2020;Sant Quirze de Besora;renda familiar disponible bruta;per habitant (índex Catalunya=100);;98,4
2020;Sant Quirze del Vallès;renda familiar disponible bruta;valor (milers €);;457627
2020;Sant Quirze del Vallès;renda familiar disponible bruta;per habitant (€);;22685
2020;Sant Quirze del Vallès;renda familiar disponible bruta;per habitant (índex Catalunya=100);;127,8
2020;Sant Sadurní d'Anoia;renda familiar disponible bruta;valor (milers €);;233743
2020;Sant Sadurní d'Anoia;renda familiar disponible bruta;per habitant (€);;18162
2020;Sant Sadurní d'Anoia;renda familiar disponible bruta;per habitant (índex Catalunya=100);;102,3
2020;Sant Salvador de Guardiola;renda familiar disponible bruta;valor (milers €);;55701
2020;Sant Salvador de Guardiola;renda familiar disponible bruta;per habitant (€);;17360
2020;Sant Salvador de Guardiola;renda familiar disponible bruta;per habitant (índex Catalunya=100);;97,8
2020;Sant Vicenç de Castellet;renda familiar disponible bruta;valor (milers €);;145960
2020;Sant Vicenç de Castellet;renda familiar disponible bruta;per habitant (€);;14976
2020;Sant Vicenç de Castellet;renda familiar disponible bruta;per habitant (índex Catalunya=100);;84,4
2020;Sant Vicenç de Montalt;renda familiar disponible bruta;valor (milers €);;146372
2020;Sant Vicenç de Montalt;renda familiar disponible bruta;per habitant (€);;22799
2020;Sant Vicenç de Montalt;renda familiar disponible bruta;per habitant (índex Catalunya=100);;128,5
2020;Sant Vicenç de Torelló;renda familiar disponible bruta;valor (milers €);;38749
2020;Sant Vicenç de Torelló;renda familiar disponible bruta;per habitant (€);;18949
2020;Sant Vicenç de Torelló;renda familiar disponible bruta;per habitant (índex Catalunya=100);;106,8
2020;Sant Vicenç dels Horts;renda familiar disponible bruta;valor (milers €);;462854
2020;Sant Vicenç dels Horts;renda familiar disponible bruta;per habitant (€);;16524
2020;Sant Vicenç dels Horts;renda familiar disponible bruta;per habitant (índex Catalunya=100);;93,1
2020;Santa Bàrbara;renda familiar disponible bruta;valor (milers €);;50200
2020;Santa Bàrbara;renda familiar disponible bruta;per habitant (€);;13235
2020;Santa Bàrbara;renda familiar disponible bruta;per habitant (índex Catalunya=100);;74,6
2020;Santa Coloma de Cervelló;renda familiar disponible bruta;valor (milers €);;156350
2020;Santa Coloma de Cervelló;renda familiar disponible bruta;per habitant (€);;19027
2020;Santa Coloma de Cervelló;renda familiar disponible bruta;per habitant (índex Catalunya=100);;107,2
2020;Santa Coloma de Farners;renda familiar disponible bruta;valor (milers €);;207550
2020;Santa Coloma de Farners;renda familiar disponible bruta;per habitant (€);;15784
2020;Santa Coloma de Farners;renda familiar disponible bruta;per habitant (índex Catalunya=100);;88,9
2020;Santa Coloma de Gramenet;renda familiar disponible bruta;valor (milers €);;1718192
2020;Santa Coloma de Gramenet;renda familiar disponible bruta;per habitant (€);;14390
2020;Santa Coloma de Gramenet;renda familiar disponible bruta;per habitant (índex Catalunya=100);;81,1
2020;Santa Coloma de Queralt;renda familiar disponible bruta;valor (milers €);;45010
2020;Santa Coloma de Queralt;renda familiar disponible bruta;per habitant (€);;16856
2020;Santa Coloma de Queralt;renda familiar disponible bruta;per habitant (índex Catalunya=100);;95
2020;Santa Cristina d'Aro;renda familiar disponible bruta;valor (milers €);;89014
2020;Santa Cristina d'Aro;renda familiar disponible bruta;per habitant (€);;16883
2020;Santa Cristina d'Aro;renda familiar disponible bruta;per habitant (índex Catalunya=100);;95,1
2020;Santa Eugènia de Berga;renda familiar disponible bruta;valor (milers €);;39743
2020;Santa Eugènia de Berga;renda familiar disponible bruta;per habitant (€);;17713
2020;Santa Eugènia de Berga;renda familiar disponible bruta;per habitant (índex Catalunya=100);;99,8
2020;Santa Eulàlia de Riuprimer;renda familiar disponible bruta;valor (milers €);;24492
2020;Santa Eulàlia de Riuprimer;renda familiar disponible bruta;per habitant (€);;17738
2020;Santa Eulàlia de Riuprimer;renda familiar disponible bruta;per habitant (índex Catalunya=100);;100
2020;Santa Eulàlia de Ronçana;renda familiar disponible bruta;valor (milers €);;138924
2020;Santa Eulàlia de Ronçana;renda familiar disponible bruta;per habitant (€);;18600
2020;Santa Eulàlia de Ronçana;renda familiar disponible bruta;per habitant (índex Catalunya=100);;104,8
2020;Santa Margarida de Montbui;renda familiar disponible bruta;valor (milers €);;129863
2020;Santa Margarida de Montbui;renda familiar disponible bruta;per habitant (€);;12702
2020;Santa Margarida de Montbui;renda familiar disponible bruta;per habitant (índex Catalunya=100);;71,6
2020;Santa Margarida i els Monjos;renda familiar disponible bruta;valor (milers €);;127037
2020;Santa Margarida i els Monjos;renda familiar disponible bruta;per habitant (€);;16525
2020;Santa Margarida i els Monjos;renda familiar disponible bruta;per habitant (índex Catalunya=100);;93,1
2020;Santa Maria d'Oló;renda familiar disponible bruta;valor (milers €);;18155
2020;Santa Maria d'Oló;renda familiar disponible bruta;per habitant (€);;17538
2020;Santa Maria d'Oló;renda familiar disponible bruta;per habitant (índex Catalunya=100);;98,8
2020;Santa Maria de Palautordera;renda familiar disponible bruta;valor (milers €);;168359
2020;Santa Maria de Palautordera;renda familiar disponible bruta;per habitant (€);;17480
2020;Santa Maria de Palautordera;renda familiar disponible bruta;per habitant (índex Catalunya=100);;98,5
2020;Santa Oliva;renda familiar disponible bruta;valor (milers €);;47545
2020;Santa Oliva;renda familiar disponible bruta;per habitant (€);;14042
2020;Santa Oliva;renda familiar disponible bruta;per habitant (índex Catalunya=100);;79,1
2020;Santa Pau;renda familiar disponible bruta;valor (milers €);;28917
2020;Santa Pau;renda familiar disponible bruta;per habitant (€);;18421
2020;Santa Pau;renda familiar disponible bruta;per habitant (índex Catalunya=100);;103,8
2020;Santa Perpètua de Mogoda;renda familiar disponible bruta;valor (milers €);;435249
2020;Santa Perpètua de Mogoda;renda familiar disponible bruta;per habitant (€);;16732
2020;Santa Perpètua de Mogoda;renda familiar disponible bruta;per habitant (índex Catalunya=100);;94,3
2020;Santa Susanna;renda familiar disponible bruta;valor (milers €);;82101
2020;Santa Susanna;renda familiar disponible bruta;per habitant (€);;23051
2020;Santa Susanna;renda familiar disponible bruta;per habitant (índex Catalunya=100);;129,9
2020;Santpedor;renda familiar disponible bruta;valor (milers €);;140281
2020;Santpedor;renda familiar disponible bruta;per habitant (€);;18629
2020;Santpedor;renda familiar disponible bruta;per habitant (índex Catalunya=100);;105
2020;Sarral;renda familiar disponible bruta;valor (milers €);;22745
2020;Sarral;renda familiar disponible bruta;per habitant (€);;14829
2020;Sarral;renda familiar disponible bruta;per habitant (índex Catalunya=100);;83,6
2020;Sarrià de Ter;renda familiar disponible bruta;valor (milers €);;93414
2020;Sarrià de Ter;renda familiar disponible bruta;per habitant (€);;18355
2020;Sarrià de Ter;renda familiar disponible bruta;per habitant (índex Catalunya=100);;103,4
2020;Secuita, la;renda familiar disponible bruta;valor (milers €);;29632
2020;Secuita, la;renda familiar disponible bruta;per habitant (€);;17138
2020;Secuita, la;renda familiar disponible bruta;per habitant (índex Catalunya=100);;96,6
2020;Selva del Camp, la;renda familiar disponible bruta;valor (milers €);;90129
2020;Selva del Camp, la;renda familiar disponible bruta;per habitant (€);;15733
2020;Selva del Camp, la;renda familiar disponible bruta;per habitant (índex Catalunya=100);;88,7
2020;Sénia, la;renda familiar disponible bruta;valor (milers €);;70924
2020;Sénia, la;renda familiar disponible bruta;per habitant (€);;12517
2020;Sénia, la;renda familiar disponible bruta;per habitant (índex Catalunya=100);;70,5
2020;Sentmenat;renda familiar disponible bruta;valor (milers €);;162263
2020;Sentmenat;renda familiar disponible bruta;per habitant (€);;17467
2020;Sentmenat;renda familiar disponible bruta;per habitant (índex Catalunya=100);;98,4
2020;Serinyà;renda familiar disponible bruta;valor (milers €);;18289
2020;Serinyà;renda familiar disponible bruta;per habitant (€);;16177
2020;Serinyà;renda familiar disponible bruta;per habitant (índex Catalunya=100);;91,2
2020;Seròs;renda familiar disponible bruta;valor (milers €);;24317
2020;Seròs;renda familiar disponible bruta;per habitant (€);;12755
2020;Seròs;renda familiar disponible bruta;per habitant (índex Catalunya=100);;71,9
2020;Seu d'Urgell, la;renda familiar disponible bruta;valor (milers €);;169478
2020;Seu d'Urgell, la;renda familiar disponible bruta;per habitant (€);;14008
2020;Seu d'Urgell, la;renda familiar disponible bruta;per habitant (índex Catalunya=100);;78,9
2020;Seva;renda familiar disponible bruta;valor (milers €);;69494
2020;Seva;renda familiar disponible bruta;per habitant (€);;19408
2020;Seva;renda familiar disponible bruta;per habitant (índex Catalunya=100);;109,4
2020;Sils;renda familiar disponible bruta;valor (milers €);;97350
2020;Sils;renda familiar disponible bruta;per habitant (€);;15800
2020;Sils;renda familiar disponible bruta;per habitant (índex Catalunya=100);;89
2020;Sitges;renda familiar disponible bruta;valor (milers €);;635665
2020;Sitges;renda familiar disponible bruta;per habitant (€);;21601
2020;Sitges;renda familiar disponible bruta;per habitant (índex Catalunya=100);;121,7
2020;Solsona;renda familiar disponible bruta;valor (milers €);;139015
2020;Solsona;renda familiar disponible bruta;per habitant (€);;14894
2020;Solsona;renda familiar disponible bruta;per habitant (índex Catalunya=100);;83,9
2020;Sort;renda familiar disponible bruta;valor (milers €);;35513
2020;Sort;renda familiar disponible bruta;per habitant (€);;16420
2020;Sort;renda familiar disponible bruta;per habitant (índex Catalunya=100);;92,5
2020;Soses;renda familiar disponible bruta;valor (milers €);;25814
2020;Soses;renda familiar disponible bruta;per habitant (€);;14791
2020;Soses;renda familiar disponible bruta;per habitant (índex Catalunya=100);;83,3
2020;Subirats;renda familiar disponible bruta;valor (milers €);;54155
2020;Subirats;renda familiar disponible bruta;per habitant (€);;17282
2020;Subirats;renda familiar disponible bruta;per habitant (índex Catalunya=100);;97,4
2020;Súria;renda familiar disponible bruta;valor (milers €);;105254
2020;Súria;renda familiar disponible bruta;per habitant (€);;17862
2020;Súria;renda familiar disponible bruta;per habitant (índex Catalunya=100);;100,7
2020;Taradell;renda familiar disponible bruta;valor (milers €);;128880
2020;Taradell;renda familiar disponible bruta;per habitant (€);;19555
2020;Taradell;renda familiar disponible bruta;per habitant (índex Catalunya=100);;110,2
2020;Tarragona;renda familiar disponible bruta;valor (milers €);;2198512
2020;Tarragona;renda familiar disponible bruta;per habitant (€);;16067
2020;Tarragona;renda familiar disponible bruta;per habitant (índex Catalunya=100);;90,5
2020;Tàrrega;renda familiar disponible bruta;valor (milers €);;256707
2020;Tàrrega;renda familiar disponible bruta;per habitant (€);;14667
2020;Tàrrega;renda familiar disponible bruta;per habitant (índex Catalunya=100);;82,7
2020;Teià;renda familiar disponible bruta;valor (milers €);;152492
2020;Teià;renda familiar disponible bruta;per habitant (€);;23781
2020;Teià;renda familiar disponible bruta;per habitant (índex Catalunya=100);;134
2020;Térmens;renda familiar disponible bruta;valor (milers €);;19430
2020;Térmens;renda familiar disponible bruta;per habitant (€);;14649
2020;Térmens;renda familiar disponible bruta;per habitant (índex Catalunya=100);;82,5
2020;Terrassa;renda familiar disponible bruta;valor (milers €);;3818347
2020;Terrassa;renda familiar disponible bruta;per habitant (€);;17100
2020;Terrassa;renda familiar disponible bruta;per habitant (índex Catalunya=100);;96,4
2020;Tiana;renda familiar disponible bruta;valor (milers €);;213034
2020;Tiana;renda familiar disponible bruta;per habitant (€);;23980
2020;Tiana;renda familiar disponible bruta;per habitant (índex Catalunya=100);;135,1
2020;Tivissa;renda familiar disponible bruta;valor (milers €);;22728
2020;Tivissa;renda familiar disponible bruta;per habitant (€);;14096
2020;Tivissa;renda familiar disponible bruta;per habitant (índex Catalunya=100);;79,4
2020;Tona;renda familiar disponible bruta;valor (milers €);;152729
2020;Tona;renda familiar disponible bruta;per habitant (€);;18466
2020;Tona;renda familiar disponible bruta;per habitant (índex Catalunya=100);;104,1
2020;Torà;renda familiar disponible bruta;valor (milers €);;19152
2020;Torà;renda familiar disponible bruta;per habitant (€);;15961
2020;Torà;renda familiar disponible bruta;per habitant (índex Catalunya=100);;89,9
2020;Tordera;renda familiar disponible bruta;valor (milers €);;253130
2020;Tordera;renda familiar disponible bruta;per habitant (€);;14489
2020;Tordera;renda familiar disponible bruta;per habitant (índex Catalunya=100);;81,6
2020;Torelló;renda familiar disponible bruta;valor (milers €);;254099
2020;Torelló;renda familiar disponible bruta;per habitant (€);;17746
2020;Torelló;renda familiar disponible bruta;per habitant (índex Catalunya=100);;100
2020;Torre de Claramunt, la;renda familiar disponible bruta;valor (milers €);;63591
2020;Torre de Claramunt, la;renda familiar disponible bruta;per habitant (€);;16724
2020;Torre de Claramunt, la;renda familiar disponible bruta;per habitant (índex Catalunya=100);;94,2
2020;Torredembarra;renda familiar disponible bruta;valor (milers €);;241037
2020;Torredembarra;renda familiar disponible bruta;per habitant (€);;14246
2020;Torredembarra;renda familiar disponible bruta;per habitant (índex Catalunya=100);;80,3
2020;Torrefarrera;renda familiar disponible bruta;valor (milers €);;76079
2020;Torrefarrera;renda familiar disponible bruta;per habitant (€);;16432
2020;Torrefarrera;renda familiar disponible bruta;per habitant (índex Catalunya=100);;92,6
2020;Torregrossa;renda familiar disponible bruta;valor (milers €);;30125
2020;Torregrossa;renda familiar disponible bruta;per habitant (€);;13654
2020;Torregrossa;renda familiar disponible bruta;per habitant (índex Catalunya=100);;76,9
2020;Torrelavit;renda familiar disponible bruta;valor (milers €);;25433
2020;Torrelavit;renda familiar disponible bruta;per habitant (€);;17800
2020;Torrelavit;renda familiar disponible bruta;per habitant (índex Catalunya=100);;100,3
2020;Torrelles de Foix;renda familiar disponible bruta;valor (milers €);;32173
2020;Torrelles de Foix;renda familiar disponible bruta;per habitant (€);;13163
2020;Torrelles de Foix;renda familiar disponible bruta;per habitant (índex Catalunya=100);;74,2
2020;Torrelles de Llobregat;renda familiar disponible bruta;valor (milers €);;117727
2020;Torrelles de Llobregat;renda familiar disponible bruta;per habitant (€);;19426
2020;Torrelles de Llobregat;renda familiar disponible bruta;per habitant (índex Catalunya=100);;109,5
2020;Torres de Segre;renda familiar disponible bruta;valor (milers €);;30307
2020;Torres de Segre;renda familiar disponible bruta;per habitant (€);;12957
2020;Torres de Segre;renda familiar disponible bruta;per habitant (índex Catalunya=100);;73
2020;Torroella de Montgrí;renda familiar disponible bruta;valor (milers €);;159395
2020;Torroella de Montgrí;renda familiar disponible bruta;per habitant (€);;13552
2020;Torroella de Montgrí;renda familiar disponible bruta;per habitant (índex Catalunya=100);;76,4
2020;Tortosa;renda familiar disponible bruta;valor (milers €);;504579
2020;Tortosa;renda familiar disponible bruta;per habitant (€);;15047
2020;Tortosa;renda familiar disponible bruta;per habitant (índex Catalunya=100);;84,8
2020;Tossa de Mar;renda familiar disponible bruta;valor (milers €);;75484
2020;Tossa de Mar;renda familiar disponible bruta;per habitant (€);;13106
2020;Tossa de Mar;renda familiar disponible bruta;per habitant (índex Catalunya=100);;73,9
2020;Tremp;renda familiar disponible bruta;valor (milers €);;92998
2020;Tremp;renda familiar disponible bruta;per habitant (€);;15970
2020;Tremp;renda familiar disponible bruta;per habitant (índex Catalunya=100);;90
2020;Ullà;renda familiar disponible bruta;valor (milers €);;15086
2020;Ullà;renda familiar disponible bruta;per habitant (€);;13056
2020;Ullà;renda familiar disponible bruta;per habitant (índex Catalunya=100);;73,6
2020;Ullastrell;renda familiar disponible bruta;valor (milers €);;40789
2020;Ullastrell;renda familiar disponible bruta;per habitant (€);;19496
2020;Ullastrell;renda familiar disponible bruta;per habitant (índex Catalunya=100);;109,9
2020;Ulldecona;renda familiar disponible bruta;valor (milers €);;77117
2020;Ulldecona;renda familiar disponible bruta;per habitant (€);;11838
2020;Ulldecona;renda familiar disponible bruta;per habitant (índex Catalunya=100);;66,7
2020;Vacarisses;renda familiar disponible bruta;valor (milers €);;124519
2020;Vacarisses;renda familiar disponible bruta;per habitant (€);;17900
2020;Vacarisses;renda familiar disponible bruta;per habitant (índex Catalunya=100);;100,9
2020;Vall d'en Bas, la;renda familiar disponible bruta;valor (milers €);;59001
2020;Vall d'en Bas, la;renda familiar disponible bruta;per habitant (€);;19368
2020;Vall d'en Bas, la;renda familiar disponible bruta;per habitant (índex Catalunya=100);;109,1
2020;Vall de Bianya, la;renda familiar disponible bruta;valor (milers €);;24975
2020;Vall de Bianya, la;renda familiar disponible bruta;per habitant (€);;19651
2020;Vall de Bianya, la;renda familiar disponible bruta;per habitant (índex Catalunya=100);;110,7
2020;Vall de Boí, la;renda familiar disponible bruta;valor (milers €);;15231
2020;Vall de Boí, la;renda familiar disponible bruta;per habitant (€);;14543
2020;Vall de Boí, la;renda familiar disponible bruta;per habitant (índex Catalunya=100);;82
2020;Vallbona d'Anoia;renda familiar disponible bruta;valor (milers €);;24787
2020;Vallbona d'Anoia;renda familiar disponible bruta;per habitant (€);;18118
2020;Vallbona d'Anoia;renda familiar disponible bruta;per habitant (índex Catalunya=100);;102,1
2020;Vallfogona de Balaguer;renda familiar disponible bruta;valor (milers €);;28903
2020;Vallfogona de Balaguer;renda familiar disponible bruta;per habitant (€);;15353
2020;Vallfogona de Balaguer;renda familiar disponible bruta;per habitant (índex Catalunya=100);;86,5
2020;Vallgorguina;renda familiar disponible bruta;valor (milers €);;53870
2020;Vallgorguina;renda familiar disponible bruta;per habitant (€);;17869
2020;Vallgorguina;renda familiar disponible bruta;per habitant (índex Catalunya=100);;100,7
2020;Vallirana;renda familiar disponible bruta;valor (milers €);;280642
2020;Vallirana;renda familiar disponible bruta;per habitant (€);;18371
2020;Vallirana;renda familiar disponible bruta;per habitant (índex Catalunya=100);;103,5
2020;Vallmoll;renda familiar disponible bruta;valor (milers €);;30283
2020;Vallmoll;renda familiar disponible bruta;per habitant (€);;16919
2020;Vallmoll;renda familiar disponible bruta;per habitant (índex Catalunya=100);;95,3
2020;Vallromanes;renda familiar disponible bruta;valor (milers €);;64305
2020;Vallromanes;renda familiar disponible bruta;per habitant (€);;25006
2020;Vallromanes;renda familiar disponible bruta;per habitant (índex Catalunya=100);;140,9
2020;Valls;renda familiar disponible bruta;valor (milers €);;392641
2020;Valls;renda familiar disponible bruta;per habitant (€);;15959
2020;Valls;renda familiar disponible bruta;per habitant (índex Catalunya=100);;89,9
2020;Vandellòs i l'Hospitalet de l'Infant;renda familiar disponible bruta;valor (milers €);;98630
2020;Vandellòs i l'Hospitalet de l'Infant;renda familiar disponible bruta;per habitant (€);;14785
2020;Vandellòs i l'Hospitalet de l'Infant;renda familiar disponible bruta;per habitant (índex Catalunya=100);;83,3
2020;Vendrell, el;renda familiar disponible bruta;valor (milers €);;609914
2020;Vendrell, el;renda familiar disponible bruta;per habitant (€);;15861
2020;Vendrell, el;renda familiar disponible bruta;per habitant (índex Catalunya=100);;89,4
2020;Verges;renda familiar disponible bruta;valor (milers €);;18582
2020;Verges;renda familiar disponible bruta;per habitant (€);;16027
2020;Verges;renda familiar disponible bruta;per habitant (índex Catalunya=100);;90,3
2020;Vic;renda familiar disponible bruta;valor (milers €);;783414
2020;Vic;renda familiar disponible bruta;per habitant (€);;16684
2020;Vic;renda familiar disponible bruta;per habitant (índex Catalunya=100);;94
2020;Vidreres;renda familiar disponible bruta;valor (milers €);;123751
2020;Vidreres;renda familiar disponible bruta;per habitant (€);;15753
2020;Vidreres;renda familiar disponible bruta;per habitant (índex Catalunya=100);;88,8
2020;Vielha e Mijaran;renda familiar disponible bruta;valor (milers €);;87920
2020;Vielha e Mijaran;renda familiar disponible bruta;per habitant (€);;15769
2020;Vielha e Mijaran;renda familiar disponible bruta;per habitant (índex Catalunya=100);;88,9
2020;Vilablareix;renda familiar disponible bruta;valor (milers €);;63545
2020;Vilablareix;renda familiar disponible bruta;per habitant (€);;20769
2020;Vilablareix;renda familiar disponible bruta;per habitant (índex Catalunya=100);;117
2020;Viladecans;renda familiar disponible bruta;valor (milers €);;1154020
2020;Viladecans;renda familiar disponible bruta;per habitant (€);;17348
2020;Viladecans;renda familiar disponible bruta;per habitant (índex Catalunya=100);;97,8
2020;Viladecavalls;renda familiar disponible bruta;valor (milers €);;149930
2020;Viladecavalls;renda familiar disponible bruta;per habitant (€);;19774
2020;Viladecavalls;renda familiar disponible bruta;per habitant (índex Catalunya=100);;111,4
2020;Viladrau;renda familiar disponible bruta;valor (milers €);;19470
2020;Viladrau;renda familiar disponible bruta;per habitant (€);;18320
2020;Viladrau;renda familiar disponible bruta;per habitant (índex Catalunya=100);;103,2
2020;Vilafant;renda familiar disponible bruta;valor (milers €);;86721
2020;Vilafant;renda familiar disponible bruta;per habitant (€);;16286
2020;Vilafant;renda familiar disponible bruta;per habitant (índex Catalunya=100);;91,8
2020;Vilafranca del Penedès;renda familiar disponible bruta;valor (milers €);;669983
2020;Vilafranca del Penedès;renda familiar disponible bruta;per habitant (€);;16685
2020;Vilafranca del Penedès;renda familiar disponible bruta;per habitant (índex Catalunya=100);;94
2020;Vilajuïga;renda familiar disponible bruta;valor (milers €);;17491
2020;Vilajuïga;renda familiar disponible bruta;per habitant (€);;15985
2020;Vilajuïga;renda familiar disponible bruta;per habitant (índex Catalunya=100);;90,1
2020;Vilallonga del Camp;renda familiar disponible bruta;valor (milers €);;37122
2020;Vilallonga del Camp;renda familiar disponible bruta;per habitant (€);;15402
2020;Vilallonga del Camp;renda familiar disponible bruta;per habitant (índex Catalunya=100);;86,8
2020;Vilamalla;renda familiar disponible bruta;valor (milers €);;17098
2020;Vilamalla;renda familiar disponible bruta;per habitant (€);;15120
2020;Vilamalla;renda familiar disponible bruta;per habitant (índex Catalunya=100);;85,2
2020;Vilanova de Bellpuig;renda familiar disponible bruta;valor (milers €);;17041
2020;Vilanova de Bellpuig;renda familiar disponible bruta;per habitant (€);;14184
2020;Vilanova de Bellpuig;renda familiar disponible bruta;per habitant (índex Catalunya=100);;79,9
2020;Vilanova de la Barca;renda familiar disponible bruta;valor (milers €);;15719
2020;Vilanova de la Barca;renda familiar disponible bruta;per habitant (€);;14402
2020;Vilanova de la Barca;renda familiar disponible bruta;per habitant (índex Catalunya=100);;81,2
2020;Vilanova de Segrià;renda familiar disponible bruta;valor (milers €);;14459
2020;Vilanova de Segrià;renda familiar disponible bruta;per habitant (€);;14782
2020;Vilanova de Segrià;renda familiar disponible bruta;per habitant (índex Catalunya=100);;83,3
2020;Vilanova del Camí;renda familiar disponible bruta;valor (milers €);;182956
2020;Vilanova del Camí;renda familiar disponible bruta;per habitant (€);;14422
2020;Vilanova del Camí;renda familiar disponible bruta;per habitant (índex Catalunya=100);;81,3
2020;Vilanova del Vallès;renda familiar disponible bruta;valor (milers €);;109796
2020;Vilanova del Vallès;renda familiar disponible bruta;per habitant (€);;19928
2020;Vilanova del Vallès;renda familiar disponible bruta;per habitant (índex Catalunya=100);;112,3
2020;Vilanova i la Geltrú;renda familiar disponible bruta;valor (milers €);;1165874
2020;Vilanova i la Geltrú;renda familiar disponible bruta;per habitant (€);;17517
2020;Vilanova i la Geltrú;renda familiar disponible bruta;per habitant (índex Catalunya=100);;98,7
2020;Vila-rodona;renda familiar disponible bruta;valor (milers €);;19300
2020;Vila-rodona;renda familiar disponible bruta;per habitant (€);;14937
2020;Vila-rodona;renda familiar disponible bruta;per habitant (índex Catalunya=100);;84,2
2020;Vila-seca;renda familiar disponible bruta;valor (milers €);;312155
2020;Vila-seca;renda familiar disponible bruta;per habitant (€);;13762
2020;Vila-seca;renda familiar disponible bruta;per habitant (índex Catalunya=100);;77,5
2020;Vilassar de Dalt;renda familiar disponible bruta;valor (milers €);;200873
2020;Vilassar de Dalt;renda familiar disponible bruta;per habitant (€);;22372
2020;Vilassar de Dalt;renda familiar disponible bruta;per habitant (índex Catalunya=100);;126,1
2020;Vilassar de Mar;renda familiar disponible bruta;valor (milers €);;439499
2020;Vilassar de Mar;renda familiar disponible bruta;per habitant (€);;21163
2020;Vilassar de Mar;renda familiar disponible bruta;per habitant (índex Catalunya=100);;119,3
2020;Vilobí d'Onyar;renda familiar disponible bruta;valor (milers €);;57554
2020;Vilobí d'Onyar;renda familiar disponible bruta;per habitant (€);;17672
2020;Vilobí d'Onyar;renda familiar disponible bruta;per habitant (índex Catalunya=100);;99,6
2020;Vilobí del Penedès;renda familiar disponible bruta;valor (milers €);;19351
2020;Vilobí del Penedès;renda familiar disponible bruta;per habitant (€);;17314
2020;Vilobí del Penedès;renda familiar disponible bruta;per habitant (índex Catalunya=100);;97,6
2020;Vinyols i els Arcs;renda familiar disponible bruta;valor (milers €);;33811
2020;Vinyols i els Arcs;renda familiar disponible bruta;per habitant (€);;15554
2020;Vinyols i els Arcs;renda familiar disponible bruta;per habitant (índex Catalunya=100);;87,6
2020;Xerta;renda familiar disponible bruta;valor (milers €);;17045
2020;Xerta;renda familiar disponible bruta;per habitant (€);;14726
2020;Xerta;renda familiar disponible bruta;per habitant (índex Catalunya=100);;83
