any;municipi;concepte;indicador;estat;valor
2018;Abrera;renda familiar disponible bruta;valor (milers €);;219327
2018;Abrera;renda familiar disponible bruta;per habitant (€);;17824
2018;Abrera;renda familiar disponible bruta;per habitant (índex Catalunya=100);;100,7
2018;Agramunt;renda familiar disponible bruta;valor (milers €);;81214
2018;Agramunt;renda familiar disponible bruta;per habitant (€);;15184
2018;Agramunt;renda familiar disponible bruta;per habitant (índex Catalunya=100);;85,8
2018;Aiguafreda;renda familiar disponible bruta;valor (milers €);;45022
2018;Aiguafreda;renda familiar disponible bruta;per habitant (€);;18035
2018;Aiguafreda;renda familiar disponible bruta;per habitant (índex Catalunya=100);;101,9
2018;Aitona;renda familiar disponible bruta;valor (milers €);;29180
2018;Aitona;renda familiar disponible bruta;per habitant (€);;11580
2018;Aitona;renda familiar disponible bruta;per habitant (índex Catalunya=100);;65,4
2018;Albatàrrec;renda familiar disponible bruta;valor (milers €);;28273
2018;Albatàrrec;renda familiar disponible bruta;per habitant (€);;12648
2018;Albatàrrec;renda familiar disponible bruta;per habitant (índex Catalunya=100);;71,4
2018;Albesa;renda familiar disponible bruta;valor (milers €);;22168
2018;Albesa;renda familiar disponible bruta;per habitant (€);;14349
2018;Albesa;renda familiar disponible bruta;per habitant (índex Catalunya=100);;81,1
2018;Albinyana;renda familiar disponible bruta;valor (milers €);;32817
2018;Albinyana;renda familiar disponible bruta;per habitant (€);;13711
2018;Albinyana;renda familiar disponible bruta;per habitant (índex Catalunya=100);;77,4
2018;Alcanar;renda familiar disponible bruta;valor (milers €);;124263
2018;Alcanar;renda familiar disponible bruta;per habitant (€);;13045
2018;Alcanar;renda familiar disponible bruta;per habitant (índex Catalunya=100);;73,7
2018;Alcarràs;renda familiar disponible bruta;valor (milers €);;121537
2018;Alcarràs;renda familiar disponible bruta;per habitant (€);;13081
2018;Alcarràs;renda familiar disponible bruta;per habitant (índex Catalunya=100);;73,9
2018;Alcoletge;renda familiar disponible bruta;valor (milers €);;47300
2018;Alcoletge;renda familiar disponible bruta;per habitant (€);;14096
2018;Alcoletge;renda familiar disponible bruta;per habitant (índex Catalunya=100);;79,6
2018;Alcover;renda familiar disponible bruta;valor (milers €);;79335
2018;Alcover;renda familiar disponible bruta;per habitant (€);;15558
2018;Alcover;renda familiar disponible bruta;per habitant (índex Catalunya=100);;87,9
2018;Aldea, l';renda familiar disponible bruta;valor (milers €);;54282
2018;Aldea, l';renda familiar disponible bruta;per habitant (€);;13177
2018;Aldea, l';renda familiar disponible bruta;per habitant (índex Catalunya=100);;74,4
2018;Alella;renda familiar disponible bruta;valor (milers €);;262937
2018;Alella;renda familiar disponible bruta;per habitant (€);;27228
2018;Alella;renda familiar disponible bruta;per habitant (índex Catalunya=100);;153,8
2018;Alfarràs;renda familiar disponible bruta;valor (milers €);;38088
2018;Alfarràs;renda familiar disponible bruta;per habitant (€);;13815
2018;Alfarràs;renda familiar disponible bruta;per habitant (índex Catalunya=100);;78
2018;Alforja;renda familiar disponible bruta;valor (milers €);;25081
2018;Alforja;renda familiar disponible bruta;per habitant (€);;13888
2018;Alforja;renda familiar disponible bruta;per habitant (índex Catalunya=100);;78,4
2018;Alguaire;renda familiar disponible bruta;valor (milers €);;41584
2018;Alguaire;renda familiar disponible bruta;per habitant (€);;14345
2018;Alguaire;renda familiar disponible bruta;per habitant (índex Catalunya=100);;81
2018;Almacelles;renda familiar disponible bruta;valor (milers €);;95468
2018;Almacelles;renda familiar disponible bruta;per habitant (€);;14328
2018;Almacelles;renda familiar disponible bruta;per habitant (índex Catalunya=100);;80,9
2018;Almenar;renda familiar disponible bruta;valor (milers €);;47702
2018;Almenar;renda familiar disponible bruta;per habitant (€);;14191
2018;Almenar;renda familiar disponible bruta;per habitant (índex Catalunya=100);;80,2
2018;Almoster;renda familiar disponible bruta;valor (milers €);;27047
2018;Almoster;renda familiar disponible bruta;per habitant (€);;19958
2018;Almoster;renda familiar disponible bruta;per habitant (índex Catalunya=100);;112,7
2018;Alp;renda familiar disponible bruta;valor (milers €);;24765
2018;Alp;renda familiar disponible bruta;per habitant (€);;15919
2018;Alp;renda familiar disponible bruta;per habitant (índex Catalunya=100);;89,9
2018;Alpicat;renda familiar disponible bruta;valor (milers €);;112838
2018;Alpicat;renda familiar disponible bruta;per habitant (€);;18420
2018;Alpicat;renda familiar disponible bruta;per habitant (índex Catalunya=100);;104
2018;Altafulla;renda familiar disponible bruta;valor (milers €);;101169
2018;Altafulla;renda familiar disponible bruta;per habitant (€);;19467
2018;Altafulla;renda familiar disponible bruta;per habitant (índex Catalunya=100);;110
2018;Amer;renda familiar disponible bruta;valor (milers €);;39463
2018;Amer;renda familiar disponible bruta;per habitant (€);;17636
2018;Amer;renda familiar disponible bruta;per habitant (índex Catalunya=100);;99,6
2018;Ametlla de Mar, l';renda familiar disponible bruta;valor (milers €);;89303
2018;Ametlla de Mar, l';renda familiar disponible bruta;per habitant (€);;13238
2018;Ametlla de Mar, l';renda familiar disponible bruta;per habitant (índex Catalunya=100);;74,8
2018;Ametlla del Vallès, l';renda familiar disponible bruta;valor (milers €);;196380
2018;Ametlla del Vallès, l';renda familiar disponible bruta;per habitant (€);;23218
2018;Ametlla del Vallès, l';renda familiar disponible bruta;per habitant (índex Catalunya=100);;131,1
2018;Ampolla, l';renda familiar disponible bruta;valor (milers €);;46238
2018;Ampolla, l';renda familiar disponible bruta;per habitant (€);;14361
2018;Ampolla, l';renda familiar disponible bruta;per habitant (índex Catalunya=100);;81,1
2018;Amposta;renda familiar disponible bruta;valor (milers €);;275797
2018;Amposta;renda familiar disponible bruta;per habitant (€);;13180
2018;Amposta;renda familiar disponible bruta;per habitant (índex Catalunya=100);;74,4
2018;Anglès;renda familiar disponible bruta;valor (milers €);;82730
2018;Anglès;renda familiar disponible bruta;per habitant (€);;15144
2018;Anglès;renda familiar disponible bruta;per habitant (índex Catalunya=100);;85,5
2018;Anglesola;renda familiar disponible bruta;valor (milers €);;19576
2018;Anglesola;renda familiar disponible bruta;per habitant (€);;14640
2018;Anglesola;renda familiar disponible bruta;per habitant (índex Catalunya=100);;82,7
2018;Arbeca;renda familiar disponible bruta;valor (milers €);;29798
2018;Arbeca;renda familiar disponible bruta;per habitant (€);;13789
2018;Arbeca;renda familiar disponible bruta;per habitant (índex Catalunya=100);;77,9
2018;Arboç, l';renda familiar disponible bruta;valor (milers €);;73866
2018;Arboç, l';renda familiar disponible bruta;per habitant (€);;13465
2018;Arboç, l';renda familiar disponible bruta;per habitant (índex Catalunya=100);;76,1
2018;Arbúcies;renda familiar disponible bruta;valor (milers €);;93124
2018;Arbúcies;renda familiar disponible bruta;per habitant (€);;14500
2018;Arbúcies;renda familiar disponible bruta;per habitant (índex Catalunya=100);;81,9
2018;Arenys de Mar;renda familiar disponible bruta;valor (milers €);;272865
2018;Arenys de Mar;renda familiar disponible bruta;per habitant (€);;17657
2018;Arenys de Mar;renda familiar disponible bruta;per habitant (índex Catalunya=100);;99,7
2018;Arenys de Munt;renda familiar disponible bruta;valor (milers €);;157382
2018;Arenys de Munt;renda familiar disponible bruta;per habitant (€);;17945
2018;Arenys de Munt;renda familiar disponible bruta;per habitant (índex Catalunya=100);;101,4
2018;Argentona;renda familiar disponible bruta;valor (milers €);;226431
2018;Argentona;renda familiar disponible bruta;per habitant (€);;18538
2018;Argentona;renda familiar disponible bruta;per habitant (índex Catalunya=100);;104,7
2018;Armentera, l';renda familiar disponible bruta;valor (milers €);;13384
2018;Armentera, l';renda familiar disponible bruta;per habitant (€);;14702
2018;Armentera, l';renda familiar disponible bruta;per habitant (índex Catalunya=100);;83
2018;Artés;renda familiar disponible bruta;valor (milers €);;94514
2018;Artés;renda familiar disponible bruta;per habitant (€);;16839
2018;Artés;renda familiar disponible bruta;per habitant (índex Catalunya=100);;95,1
2018;Artesa de Lleida;renda familiar disponible bruta;valor (milers €);;22213
2018;Artesa de Lleida;renda familiar disponible bruta;per habitant (€);;14883
2018;Artesa de Lleida;renda familiar disponible bruta;per habitant (índex Catalunya=100);;84,1
2018;Artesa de Segre;renda familiar disponible bruta;valor (milers €);;48760
2018;Artesa de Segre;renda familiar disponible bruta;per habitant (€);;14371
2018;Artesa de Segre;renda familiar disponible bruta;per habitant (índex Catalunya=100);;81,2
2018;Ascó;renda familiar disponible bruta;valor (milers €);;25635
2018;Ascó;renda familiar disponible bruta;per habitant (€);;15554
2018;Ascó;renda familiar disponible bruta;per habitant (índex Catalunya=100);;87,9
2018;Avià;renda familiar disponible bruta;valor (milers €);;39488
2018;Avià;renda familiar disponible bruta;per habitant (€);;17711
2018;Avià;renda familiar disponible bruta;per habitant (índex Catalunya=100);;100
2018;Avinyó;renda familiar disponible bruta;valor (milers €);;38020
2018;Avinyó;renda familiar disponible bruta;per habitant (€);;16985
2018;Avinyó;renda familiar disponible bruta;per habitant (índex Catalunya=100);;95,9
2018;Avinyonet de Puigventós;renda familiar disponible bruta;valor (milers €);;26092
2018;Avinyonet de Puigventós;renda familiar disponible bruta;per habitant (€);;16648
2018;Avinyonet de Puigventós;renda familiar disponible bruta;per habitant (índex Catalunya=100);;94
2018;Avinyonet del Penedès;renda familiar disponible bruta;valor (milers €);;27712
2018;Avinyonet del Penedès;renda familiar disponible bruta;per habitant (€);;16481
2018;Avinyonet del Penedès;renda familiar disponible bruta;per habitant (índex Catalunya=100);;93,1
2018;Badalona;renda familiar disponible bruta;valor (milers €);;3558269
2018;Badalona;renda familiar disponible bruta;per habitant (€);;16345
2018;Badalona;renda familiar disponible bruta;per habitant (índex Catalunya=100);;92,3
2018;Badia del Vallès;renda familiar disponible bruta;valor (milers €);;174301
2018;Badia del Vallès;renda familiar disponible bruta;per habitant (€);;13035
2018;Badia del Vallès;renda familiar disponible bruta;per habitant (índex Catalunya=100);;73,6
2018;Bagà;renda familiar disponible bruta;valor (milers €);;37935
2018;Bagà;renda familiar disponible bruta;per habitant (€);;17752
2018;Bagà;renda familiar disponible bruta;per habitant (índex Catalunya=100);;100,3
2018;Balaguer;renda familiar disponible bruta;valor (milers €);;224898
2018;Balaguer;renda familiar disponible bruta;per habitant (€);;13409
2018;Balaguer;renda familiar disponible bruta;per habitant (índex Catalunya=100);;75,7
2018;Balenyà;renda familiar disponible bruta;valor (milers €);;59789
2018;Balenyà;renda familiar disponible bruta;per habitant (€);;15915
2018;Balenyà;renda familiar disponible bruta;per habitant (índex Catalunya=100);;89,9
2018;Balsareny;renda familiar disponible bruta;valor (milers €);;54431
2018;Balsareny;renda familiar disponible bruta;per habitant (€);;17290
2018;Balsareny;renda familiar disponible bruta;per habitant (índex Catalunya=100);;97,7
2018;Banyeres del Penedès;renda familiar disponible bruta;valor (milers €);;49227
2018;Banyeres del Penedès;renda familiar disponible bruta;per habitant (€);;15704
2018;Banyeres del Penedès;renda familiar disponible bruta;per habitant (índex Catalunya=100);;88,7
2018;Banyoles;renda familiar disponible bruta;valor (milers €);;324063
2018;Banyoles;renda familiar disponible bruta;per habitant (€);;16537
2018;Banyoles;renda familiar disponible bruta;per habitant (índex Catalunya=100);;93,4
2018;Barberà del Vallès;renda familiar disponible bruta;valor (milers €);;567989
2018;Barberà del Vallès;renda familiar disponible bruta;per habitant (€);;17265
2018;Barberà del Vallès;renda familiar disponible bruta;per habitant (índex Catalunya=100);;97,5
2018;Barcelona;renda familiar disponible bruta;valor (milers €);;34852191
2018;Barcelona;renda familiar disponible bruta;per habitant (€);;21538
2018;Barcelona;renda familiar disponible bruta;per habitant (índex Catalunya=100);;121,7
2018;Bàscara;renda familiar disponible bruta;valor (milers €);;15039
2018;Bàscara;renda familiar disponible bruta;per habitant (€);;15390
2018;Bàscara;renda familiar disponible bruta;per habitant (índex Catalunya=100);;86,9
2018;Batea;renda familiar disponible bruta;valor (milers €);;25447
2018;Batea;renda familiar disponible bruta;per habitant (€);;13573
2018;Batea;renda familiar disponible bruta;per habitant (índex Catalunya=100);;76,7
2018;Begues;renda familiar disponible bruta;valor (milers €);;151609
2018;Begues;renda familiar disponible bruta;per habitant (€);;21754
2018;Begues;renda familiar disponible bruta;per habitant (índex Catalunya=100);;122,9
2018;Begur;renda familiar disponible bruta;valor (milers €);;63550
2018;Begur;renda familiar disponible bruta;per habitant (€);;16432
2018;Begur;renda familiar disponible bruta;per habitant (índex Catalunya=100);;92,8
2018;Bellcaire d'Urgell;renda familiar disponible bruta;valor (milers €);;18649
2018;Bellcaire d'Urgell;renda familiar disponible bruta;per habitant (€);;15233
2018;Bellcaire d'Urgell;renda familiar disponible bruta;per habitant (índex Catalunya=100);;86
2018;Bell-lloc d'Urgell;renda familiar disponible bruta;valor (milers €);;36408
2018;Bell-lloc d'Urgell;renda familiar disponible bruta;per habitant (€);;15698
2018;Bell-lloc d'Urgell;renda familiar disponible bruta;per habitant (índex Catalunya=100);;88,7
2018;Bellpuig;renda familiar disponible bruta;valor (milers €);;69093
2018;Bellpuig;renda familiar disponible bruta;per habitant (€);;13641
2018;Bellpuig;renda familiar disponible bruta;per habitant (índex Catalunya=100);;77,1
2018;Bellvei;renda familiar disponible bruta;valor (milers €);;29009
2018;Bellvei;renda familiar disponible bruta;per habitant (€);;13267
2018;Bellvei;renda familiar disponible bruta;per habitant (índex Catalunya=100);;74,9
2018;Bellver de Cerdanya;renda familiar disponible bruta;valor (milers €);;32714
2018;Bellver de Cerdanya;renda familiar disponible bruta;per habitant (€);;16857
2018;Bellver de Cerdanya;renda familiar disponible bruta;per habitant (índex Catalunya=100);;95,2
2018;Bellvís;renda familiar disponible bruta;valor (milers €);;31913
2018;Bellvís;renda familiar disponible bruta;per habitant (€);;14013
2018;Bellvís;renda familiar disponible bruta;per habitant (índex Catalunya=100);;79,2
2018;Benavent de Segrià;renda familiar disponible bruta;valor (milers €);;25044
2018;Benavent de Segrià;renda familiar disponible bruta;per habitant (€);;17204
2018;Benavent de Segrià;renda familiar disponible bruta;per habitant (índex Catalunya=100);;97,2
2018;Benissanet;renda familiar disponible bruta;valor (milers €);;14985
2018;Benissanet;renda familiar disponible bruta;per habitant (€);;13162
2018;Benissanet;renda familiar disponible bruta;per habitant (índex Catalunya=100);;74,3
2018;Berga;renda familiar disponible bruta;valor (milers €);;274159
2018;Berga;renda familiar disponible bruta;per habitant (€);;16835
2018;Berga;renda familiar disponible bruta;per habitant (índex Catalunya=100);;95,1
2018;Besalú;renda familiar disponible bruta;valor (milers €);;42239
2018;Besalú;renda familiar disponible bruta;per habitant (€);;17363
2018;Besalú;renda familiar disponible bruta;per habitant (índex Catalunya=100);;98,1
2018;Bescanó;renda familiar disponible bruta;valor (milers €);;86659
2018;Bescanó;renda familiar disponible bruta;per habitant (€);;17980
2018;Bescanó;renda familiar disponible bruta;per habitant (índex Catalunya=100);;101,6
2018;Bigues i Riells del Fai;renda familiar disponible bruta;valor (milers €);;169946
2018;Bigues i Riells del Fai;renda familiar disponible bruta;per habitant (€);;18830
2018;Bigues i Riells del Fai;renda familiar disponible bruta;per habitant (índex Catalunya=100);;106,4
2018;Bisbal d'Empordà, la;renda familiar disponible bruta;valor (milers €);;151772
2018;Bisbal d'Empordà, la;renda familiar disponible bruta;per habitant (€);;14126
2018;Bisbal d'Empordà, la;renda familiar disponible bruta;per habitant (índex Catalunya=100);;79,8
2018;Bisbal del Penedès, la;renda familiar disponible bruta;valor (milers €);;49466
2018;Bisbal del Penedès, la;renda familiar disponible bruta;per habitant (€);;14214
2018;Bisbal del Penedès, la;renda familiar disponible bruta;per habitant (índex Catalunya=100);;80,3
2018;Blanes;renda familiar disponible bruta;valor (milers €);;559497
2018;Blanes;renda familiar disponible bruta;per habitant (€);;14633
2018;Blanes;renda familiar disponible bruta;per habitant (índex Catalunya=100);;82,7
2018;Bordils;renda familiar disponible bruta;valor (milers €);;30230
2018;Bordils;renda familiar disponible bruta;per habitant (€);;17846
2018;Bordils;renda familiar disponible bruta;per habitant (índex Catalunya=100);;100,8
2018;Borges Blanques, les;renda familiar disponible bruta;valor (milers €);;88356
2018;Borges Blanques, les;renda familiar disponible bruta;per habitant (€);;14565
2018;Borges Blanques, les;renda familiar disponible bruta;per habitant (índex Catalunya=100);;82,3
2018;Borges del Camp, les;renda familiar disponible bruta;valor (milers €);;30711
2018;Borges del Camp, les;renda familiar disponible bruta;per habitant (€);;14824
2018;Borges del Camp, les;renda familiar disponible bruta;per habitant (índex Catalunya=100);;83,7
2018;Bossòst;renda familiar disponible bruta;valor (milers €);;18019
2018;Bossòst;renda familiar disponible bruta;per habitant (€);;16435
2018;Bossòst;renda familiar disponible bruta;per habitant (índex Catalunya=100);;92,8
2018;Botarell;renda familiar disponible bruta;valor (milers €);;20172
2018;Botarell;renda familiar disponible bruta;per habitant (€);;18750
2018;Botarell;renda familiar disponible bruta;per habitant (índex Catalunya=100);;105,9
2018;Breda;renda familiar disponible bruta;valor (milers €);;58125
2018;Breda;renda familiar disponible bruta;per habitant (€);;15830
2018;Breda;renda familiar disponible bruta;per habitant (índex Catalunya=100);;89,4
2018;Bruc, el;renda familiar disponible bruta;valor (milers €);;41750
2018;Bruc, el;renda familiar disponible bruta;per habitant (€);;20468
2018;Bruc, el;renda familiar disponible bruta;per habitant (índex Catalunya=100);;115,6
2018;Cabanyes, les;renda familiar disponible bruta;valor (milers €);;17562
2018;Cabanyes, les;renda familiar disponible bruta;per habitant (€);;18248
2018;Cabanyes, les;renda familiar disponible bruta;per habitant (índex Catalunya=100);;103,1
2018;Cabra del Camp;renda familiar disponible bruta;valor (milers €);;15096
2018;Cabra del Camp;renda familiar disponible bruta;per habitant (€);;13069
2018;Cabra del Camp;renda familiar disponible bruta;per habitant (índex Catalunya=100);;73,8
2018;Cabrera d'Anoia;renda familiar disponible bruta;valor (milers €);;21350
2018;Cabrera d'Anoia;renda familiar disponible bruta;per habitant (€);;15317
2018;Cabrera d'Anoia;renda familiar disponible bruta;per habitant (índex Catalunya=100);;86,5
2018;Cabrera de Mar;renda familiar disponible bruta;valor (milers €);;104950
2018;Cabrera de Mar;renda familiar disponible bruta;per habitant (€);;22756
2018;Cabrera de Mar;renda familiar disponible bruta;per habitant (índex Catalunya=100);;128,5
2018;Cabrils;renda familiar disponible bruta;valor (milers €);;180082
2018;Cabrils;renda familiar disponible bruta;per habitant (€);;24674
2018;Cabrils;renda familiar disponible bruta;per habitant (índex Catalunya=100);;139,4
2018;Cadaqués;renda familiar disponible bruta;valor (milers €);;36118
2018;Cadaqués;renda familiar disponible bruta;per habitant (€);;13556
2018;Cadaqués;renda familiar disponible bruta;per habitant (índex Catalunya=100);;76,6
2018;Calaf;renda familiar disponible bruta;valor (milers €);;52923
2018;Calaf;renda familiar disponible bruta;per habitant (€);;14937
2018;Calaf;renda familiar disponible bruta;per habitant (índex Catalunya=100);;84,4
2018;Calafell;renda familiar disponible bruta;valor (milers €);;369513
2018;Calafell;renda familiar disponible bruta;per habitant (€);;14282
2018;Calafell;renda familiar disponible bruta;per habitant (índex Catalunya=100);;80,7
2018;Calders;renda familiar disponible bruta;valor (milers €);;18120
2018;Calders;renda familiar disponible bruta;per habitant (€);;19072
2018;Calders;renda familiar disponible bruta;per habitant (índex Catalunya=100);;107,7
2018;Caldes d'Estrac;renda familiar disponible bruta;valor (milers €);;61787
2018;Caldes d'Estrac;renda familiar disponible bruta;per habitant (€);;21432
2018;Caldes d'Estrac;renda familiar disponible bruta;per habitant (índex Catalunya=100);;121,1
2018;Caldes de Malavella;renda familiar disponible bruta;valor (milers €);;121917
2018;Caldes de Malavella;renda familiar disponible bruta;per habitant (€);;16433
2018;Caldes de Malavella;renda familiar disponible bruta;per habitant (índex Catalunya=100);;92,8
2018;Caldes de Montbui;renda familiar disponible bruta;valor (milers €);;311731
2018;Caldes de Montbui;renda familiar disponible bruta;per habitant (€);;17856
2018;Caldes de Montbui;renda familiar disponible bruta;per habitant (índex Catalunya=100);;100,9
2018;Calella;renda familiar disponible bruta;valor (milers €);;274121
2018;Calella;renda familiar disponible bruta;per habitant (€);;14694
2018;Calella;renda familiar disponible bruta;per habitant (índex Catalunya=100);;83
2018;Calldetenes;renda familiar disponible bruta;valor (milers €);;43576
2018;Calldetenes;renda familiar disponible bruta;per habitant (€);;17690
2018;Calldetenes;renda familiar disponible bruta;per habitant (índex Catalunya=100);;99,9
2018;Callús;renda familiar disponible bruta;valor (milers €);;33403
2018;Callús;renda familiar disponible bruta;per habitant (€);;15944
2018;Callús;renda familiar disponible bruta;per habitant (índex Catalunya=100);;90,1
2018;Calonge i Sant Antoni;renda familiar disponible bruta;valor (milers €);;158610
2018;Calonge i Sant Antoni;renda familiar disponible bruta;per habitant (€);;14658
2018;Calonge i Sant Antoni;renda familiar disponible bruta;per habitant (índex Catalunya=100);;82,8
2018;Camarles;renda familiar disponible bruta;valor (milers €);;43571
2018;Camarles;renda familiar disponible bruta;per habitant (€);;13498
2018;Camarles;renda familiar disponible bruta;per habitant (índex Catalunya=100);;76,2
2018;Cambrils;renda familiar disponible bruta;valor (milers €);;529929
2018;Cambrils;renda familiar disponible bruta;per habitant (€);;15657
2018;Cambrils;renda familiar disponible bruta;per habitant (índex Catalunya=100);;88,4
2018;Campdevànol;renda familiar disponible bruta;valor (milers €);;57371
2018;Campdevànol;renda familiar disponible bruta;per habitant (€);;17959
2018;Campdevànol;renda familiar disponible bruta;per habitant (índex Catalunya=100);;101,4
2018;Camprodon;renda familiar disponible bruta;valor (milers €);;39220
2018;Camprodon;renda familiar disponible bruta;per habitant (€);;17373
2018;Camprodon;renda familiar disponible bruta;per habitant (índex Catalunya=100);;98,1
2018;Canet de Mar;renda familiar disponible bruta;valor (milers €);;243267
2018;Canet de Mar;renda familiar disponible bruta;per habitant (€);;16932
2018;Canet de Mar;renda familiar disponible bruta;per habitant (índex Catalunya=100);;95,6
2018;Canonja, la;renda familiar disponible bruta;valor (milers €);;83707
2018;Canonja, la;renda familiar disponible bruta;per habitant (€);;14224
2018;Canonja, la;renda familiar disponible bruta;per habitant (índex Catalunya=100);;80,3
2018;Canovelles;renda familiar disponible bruta;valor (milers €);;231668
2018;Canovelles;renda familiar disponible bruta;per habitant (€);;14098
2018;Canovelles;renda familiar disponible bruta;per habitant (índex Catalunya=100);;79,6
2018;Cànoves i Samalús;renda familiar disponible bruta;valor (milers €);;53541
2018;Cànoves i Samalús;renda familiar disponible bruta;per habitant (€);;17564
2018;Cànoves i Samalús;renda familiar disponible bruta;per habitant (índex Catalunya=100);;99,2
2018;Canyelles;renda familiar disponible bruta;valor (milers €);;82020
2018;Canyelles;renda familiar disponible bruta;per habitant (€);;18320
2018;Canyelles;renda familiar disponible bruta;per habitant (índex Catalunya=100);;103,5
2018;Capellades;renda familiar disponible bruta;valor (milers €);;86484
2018;Capellades;renda familiar disponible bruta;per habitant (€);;16457
2018;Capellades;renda familiar disponible bruta;per habitant (índex Catalunya=100);;93
2018;Cardedeu;renda familiar disponible bruta;valor (milers €);;324327
2018;Cardedeu;renda familiar disponible bruta;per habitant (€);;17805
2018;Cardedeu;renda familiar disponible bruta;per habitant (índex Catalunya=100);;100,6
2018;Cardona;renda familiar disponible bruta;valor (milers €);;78228
2018;Cardona;renda familiar disponible bruta;per habitant (€);;17026
2018;Cardona;renda familiar disponible bruta;per habitant (índex Catalunya=100);;96,2
2018;Cassà de la Selva;renda familiar disponible bruta;valor (milers €);;166808
2018;Cassà de la Selva;renda familiar disponible bruta;per habitant (€);;16523
2018;Cassà de la Selva;renda familiar disponible bruta;per habitant (índex Catalunya=100);;93,3
2018;Casserres;renda familiar disponible bruta;valor (milers €);;27568
2018;Casserres;renda familiar disponible bruta;per habitant (€);;17404
2018;Casserres;renda familiar disponible bruta;per habitant (índex Catalunya=100);;98,3
2018;Castell d'Aro, Platja d'Aro i s'Agaró;renda familiar disponible bruta;valor (milers €);;148395
2018;Castell d'Aro, Platja d'Aro i s'Agaró;renda familiar disponible bruta;per habitant (€);;14062
2018;Castell d'Aro, Platja d'Aro i s'Agaró;renda familiar disponible bruta;per habitant (índex Catalunya=100);;79,4
2018;Castellar del Vallès;renda familiar disponible bruta;valor (milers €);;440554
2018;Castellar del Vallès;renda familiar disponible bruta;per habitant (€);;18308
2018;Castellar del Vallès;renda familiar disponible bruta;per habitant (índex Catalunya=100);;103,4
2018;Castellbell i el Vilar;renda familiar disponible bruta;valor (milers €);;59955
2018;Castellbell i el Vilar;renda familiar disponible bruta;per habitant (€);;16726
2018;Castellbell i el Vilar;renda familiar disponible bruta;per habitant (índex Catalunya=100);;94,5
2018;Castellbisbal;renda familiar disponible bruta;valor (milers €);;215716
2018;Castellbisbal;renda familiar disponible bruta;per habitant (€);;17486
2018;Castellbisbal;renda familiar disponible bruta;per habitant (índex Catalunya=100);;98,8
2018;Castelldefels;renda familiar disponible bruta;valor (milers €);;1401919
2018;Castelldefels;renda familiar disponible bruta;per habitant (€);;21203
2018;Castelldefels;renda familiar disponible bruta;per habitant (índex Catalunya=100);;119,8
2018;Castellet i la Gornal;renda familiar disponible bruta;valor (milers €);;36715
2018;Castellet i la Gornal;renda familiar disponible bruta;per habitant (€);;16213
2018;Castellet i la Gornal;renda familiar disponible bruta;per habitant (índex Catalunya=100);;91,6
2018;Castellgalí;renda familiar disponible bruta;valor (milers €);;32923
2018;Castellgalí;renda familiar disponible bruta;per habitant (€);;16173
2018;Castellgalí;renda familiar disponible bruta;per habitant (índex Catalunya=100);;91,4
2018;Castellnou de Bages;renda familiar disponible bruta;valor (milers €);;24165
2018;Castellnou de Bages;renda familiar disponible bruta;per habitant (€);;17986
2018;Castellnou de Bages;renda familiar disponible bruta;per habitant (índex Catalunya=100);;101,6
2018;Castelló d'Empúries;renda familiar disponible bruta;valor (milers €);;131526
2018;Castelló d'Empúries;renda familiar disponible bruta;per habitant (€);;12415
2018;Castelló d'Empúries;renda familiar disponible bruta;per habitant (índex Catalunya=100);;70,1
2018;Castellterçol;renda familiar disponible bruta;valor (milers €);;41590
2018;Castellterçol;renda familiar disponible bruta;per habitant (€);;17183
2018;Castellterçol;renda familiar disponible bruta;per habitant (índex Catalunya=100);;97,1
2018;Castellvell del Camp;renda familiar disponible bruta;valor (milers €);;55638
2018;Castellvell del Camp;renda familiar disponible bruta;per habitant (€);;19313
2018;Castellvell del Camp;renda familiar disponible bruta;per habitant (índex Catalunya=100);;109,1
2018;Castellví de la Marca;renda familiar disponible bruta;valor (milers €);;24254
2018;Castellví de la Marca;renda familiar disponible bruta;per habitant (€);;15840
2018;Castellví de la Marca;renda familiar disponible bruta;per habitant (índex Catalunya=100);;89,5
2018;Castellví de Rosanes;renda familiar disponible bruta;valor (milers €);;35738
2018;Castellví de Rosanes;renda familiar disponible bruta;per habitant (€);;19230
2018;Castellví de Rosanes;renda familiar disponible bruta;per habitant (índex Catalunya=100);;108,6
2018;Catllar, el;renda familiar disponible bruta;valor (milers €);;79898
2018;Catllar, el;renda familiar disponible bruta;per habitant (€);;18115
2018;Catllar, el;renda familiar disponible bruta;per habitant (índex Catalunya=100);;102,3
2018;Cellera de Ter, la;renda familiar disponible bruta;valor (milers €);;32291
2018;Cellera de Ter, la;renda familiar disponible bruta;per habitant (€);;16756
2018;Cellera de Ter, la;renda familiar disponible bruta;per habitant (índex Catalunya=100);;94,6
2018;Celrà;renda familiar disponible bruta;valor (milers €);;83084
2018;Celrà;renda familiar disponible bruta;per habitant (€);;15742
2018;Celrà;renda familiar disponible bruta;per habitant (índex Catalunya=100);;88,9
2018;Centelles;renda familiar disponible bruta;valor (milers €);;127311
2018;Centelles;renda familiar disponible bruta;per habitant (€);;17380
2018;Centelles;renda familiar disponible bruta;per habitant (índex Catalunya=100);;98,2
2018;Cercs;renda familiar disponible bruta;valor (milers €);;18864
2018;Cercs;renda familiar disponible bruta;per habitant (€);;16487
2018;Cercs;renda familiar disponible bruta;per habitant (índex Catalunya=100);;93,1
2018;Cerdanyola del Vallès;renda familiar disponible bruta;valor (milers €);;1088135
2018;Cerdanyola del Vallès;renda familiar disponible bruta;per habitant (€);;18938
2018;Cerdanyola del Vallès;renda familiar disponible bruta;per habitant (índex Catalunya=100);;107
2018;Cervelló;renda familiar disponible bruta;valor (milers €);;174438
2018;Cervelló;renda familiar disponible bruta;per habitant (€);;19524
2018;Cervelló;renda familiar disponible bruta;per habitant (índex Catalunya=100);;110,3
2018;Cervera;renda familiar disponible bruta;valor (milers €);;125379
2018;Cervera;renda familiar disponible bruta;per habitant (€);;13998
2018;Cervera;renda familiar disponible bruta;per habitant (índex Catalunya=100);;79,1
2018;Cervià de Ter;renda familiar disponible bruta;valor (milers €);;14579
2018;Cervià de Ter;renda familiar disponible bruta;per habitant (€);;15632
2018;Cervià de Ter;renda familiar disponible bruta;per habitant (índex Catalunya=100);;88,3
2018;Collbató;renda familiar disponible bruta;valor (milers €);;93133
2018;Collbató;renda familiar disponible bruta;per habitant (€);;21053
2018;Collbató;renda familiar disponible bruta;per habitant (índex Catalunya=100);;118,9
2018;Constantí;renda familiar disponible bruta;valor (milers €);;83120
2018;Constantí;renda familiar disponible bruta;per habitant (€);;12695
2018;Constantí;renda familiar disponible bruta;per habitant (índex Catalunya=100);;71,7
2018;Corbera d'Ebre;renda familiar disponible bruta;valor (milers €);;13452
2018;Corbera d'Ebre;renda familiar disponible bruta;per habitant (€);;13329
2018;Corbera d'Ebre;renda familiar disponible bruta;per habitant (índex Catalunya=100);;75,3
2018;Corbera de Llobregat;renda familiar disponible bruta;valor (milers €);;280269
2018;Corbera de Llobregat;renda familiar disponible bruta;per habitant (€);;19188
2018;Corbera de Llobregat;renda familiar disponible bruta;per habitant (índex Catalunya=100);;108,4
2018;Corbins;renda familiar disponible bruta;valor (milers €);;19896
2018;Corbins;renda familiar disponible bruta;per habitant (€);;14105
2018;Corbins;renda familiar disponible bruta;per habitant (índex Catalunya=100);;79,7
2018;Corçà;renda familiar disponible bruta;valor (milers €);;21145
2018;Corçà;renda familiar disponible bruta;per habitant (€);;17051
2018;Corçà;renda familiar disponible bruta;per habitant (índex Catalunya=100);;96,3
2018;Cornellà de Llobregat;renda familiar disponible bruta;valor (milers €);;1443044
2018;Cornellà de Llobregat;renda familiar disponible bruta;per habitant (€);;16562
2018;Cornellà de Llobregat;renda familiar disponible bruta;per habitant (índex Catalunya=100);;93,6
2018;Cornellà del Terri;renda familiar disponible bruta;valor (milers €);;38930
2018;Cornellà del Terri;renda familiar disponible bruta;per habitant (€);;16720
2018;Cornellà del Terri;renda familiar disponible bruta;per habitant (índex Catalunya=100);;94,4
2018;Creixell;renda familiar disponible bruta;valor (milers €);;51708
2018;Creixell;renda familiar disponible bruta;per habitant (€);;14385
2018;Creixell;renda familiar disponible bruta;per habitant (índex Catalunya=100);;81,3
2018;Cruïlles, Monells i Sant Sadurní de l'Heura;renda familiar disponible bruta;valor (milers €);;21268
2018;Cruïlles, Monells i Sant Sadurní de l'Heura;renda familiar disponible bruta;per habitant (€);;16929
2018;Cruïlles, Monells i Sant Sadurní de l'Heura;renda familiar disponible bruta;per habitant (índex Catalunya=100);;95,6
2018;Cubelles;renda familiar disponible bruta;valor (milers €);;256502
2018;Cubelles;renda familiar disponible bruta;per habitant (€);;17247
2018;Cubelles;renda familiar disponible bruta;per habitant (índex Catalunya=100);;97,4
2018;Cunit;renda familiar disponible bruta;valor (milers €);;179672
2018;Cunit;renda familiar disponible bruta;per habitant (€);;14281
2018;Cunit;renda familiar disponible bruta;per habitant (índex Catalunya=100);;80,7
2018;Deltebre;renda familiar disponible bruta;valor (milers €);;148481
2018;Deltebre;renda familiar disponible bruta;per habitant (€);;13010
2018;Deltebre;renda familiar disponible bruta;per habitant (índex Catalunya=100);;73,5
2018;Dosrius;renda familiar disponible bruta;valor (milers €);;97864
2018;Dosrius;renda familiar disponible bruta;per habitant (€);;18423
2018;Dosrius;renda familiar disponible bruta;per habitant (índex Catalunya=100);;104,1
2018;Escala, l';renda familiar disponible bruta;valor (milers €);;160008
2018;Escala, l';renda familiar disponible bruta;per habitant (€);;15809
2018;Escala, l';renda familiar disponible bruta;per habitant (índex Catalunya=100);;89,3
2018;Esparreguera;renda familiar disponible bruta;valor (milers €);;374497
2018;Esparreguera;renda familiar disponible bruta;per habitant (€);;17055
2018;Esparreguera;renda familiar disponible bruta;per habitant (índex Catalunya=100);;96,3
2018;Espluga de Francolí, l';renda familiar disponible bruta;valor (milers €);;59691
2018;Espluga de Francolí, l';renda familiar disponible bruta;per habitant (€);;16036
2018;Espluga de Francolí, l';renda familiar disponible bruta;per habitant (índex Catalunya=100);;90,6
2018;Esplugues de Llobregat;renda familiar disponible bruta;valor (milers €);;965000
2018;Esplugues de Llobregat;renda familiar disponible bruta;per habitant (€);;20924
2018;Esplugues de Llobregat;renda familiar disponible bruta;per habitant (índex Catalunya=100);;118,2
2018;Esquirol, l';renda familiar disponible bruta;valor (milers €);;39999
2018;Esquirol, l';renda familiar disponible bruta;per habitant (€);;18733
2018;Esquirol, l';renda familiar disponible bruta;per habitant (índex Catalunya=100);;105,8
2018;Falset;renda familiar disponible bruta;valor (milers €);;42267
2018;Falset;renda familiar disponible bruta;per habitant (€);;15100
2018;Falset;renda familiar disponible bruta;per habitant (índex Catalunya=100);;85,3
2018;Figaró-Montmany;renda familiar disponible bruta;valor (milers €);;16864
2018;Figaró-Montmany;renda familiar disponible bruta;per habitant (€);;15210
2018;Figaró-Montmany;renda familiar disponible bruta;per habitant (índex Catalunya=100);;85,9
2018;Figueres;renda familiar disponible bruta;valor (milers €);;624574
2018;Figueres;renda familiar disponible bruta;per habitant (€);;13767
2018;Figueres;renda familiar disponible bruta;per habitant (índex Catalunya=100);;77,8
2018;Flaçà;renda familiar disponible bruta;valor (milers €);;17398
2018;Flaçà;renda familiar disponible bruta;per habitant (€);;16441
2018;Flaçà;renda familiar disponible bruta;per habitant (índex Catalunya=100);;92,9
2018;Flix;renda familiar disponible bruta;valor (milers €);;59926
2018;Flix;renda familiar disponible bruta;per habitant (€);;17571
2018;Flix;renda familiar disponible bruta;per habitant (índex Catalunya=100);;99,3
2018;Fogars de la Selva;renda familiar disponible bruta;valor (milers €);;22871
2018;Fogars de la Selva;renda familiar disponible bruta;per habitant (€);;15951
2018;Fogars de la Selva;renda familiar disponible bruta;per habitant (índex Catalunya=100);;90,1
2018;Folgueroles;renda familiar disponible bruta;valor (milers €);;42043
2018;Folgueroles;renda familiar disponible bruta;per habitant (€);;18732
2018;Folgueroles;renda familiar disponible bruta;per habitant (índex Catalunya=100);;105,8
2018;Fonollosa;renda familiar disponible bruta;valor (milers €);;26542
2018;Fonollosa;renda familiar disponible bruta;per habitant (€);;18553
2018;Fonollosa;renda familiar disponible bruta;per habitant (índex Catalunya=100);;104,8
2018;Fontcoberta;renda familiar disponible bruta;valor (milers €);;26359
2018;Fontcoberta;renda familiar disponible bruta;per habitant (€);;18033
2018;Fontcoberta;renda familiar disponible bruta;per habitant (índex Catalunya=100);;101,9
2018;Font-rubí;renda familiar disponible bruta;valor (milers €);;21446
2018;Font-rubí;renda familiar disponible bruta;per habitant (€);;16034
2018;Font-rubí;renda familiar disponible bruta;per habitant (índex Catalunya=100);;90,6
2018;Forallac;renda familiar disponible bruta;valor (milers €);;30483
2018;Forallac;renda familiar disponible bruta;per habitant (€);;18219
2018;Forallac;renda familiar disponible bruta;per habitant (índex Catalunya=100);;102,9
2018;Fornells de la Selva;renda familiar disponible bruta;valor (milers €);;53748
2018;Fornells de la Selva;renda familiar disponible bruta;per habitant (€);;20837
2018;Fornells de la Selva;renda familiar disponible bruta;per habitant (índex Catalunya=100);;117,7
2018;Franqueses del Vallès, les;renda familiar disponible bruta;valor (milers €);;325266
2018;Franqueses del Vallès, les;renda familiar disponible bruta;per habitant (€);;16361
2018;Franqueses del Vallès, les;renda familiar disponible bruta;per habitant (índex Catalunya=100);;92,4
2018;Fuliola, la;renda familiar disponible bruta;valor (milers €);;16279
2018;Fuliola, la;renda familiar disponible bruta;per habitant (€);;13290
2018;Fuliola, la;renda familiar disponible bruta;per habitant (índex Catalunya=100);;75,1
2018;Gandesa;renda familiar disponible bruta;valor (milers €);;42343
2018;Gandesa;renda familiar disponible bruta;per habitant (€);;14087
2018;Gandesa;renda familiar disponible bruta;per habitant (índex Catalunya=100);;79,6
2018;Garriga, la;renda familiar disponible bruta;valor (milers €);;302853
2018;Garriga, la;renda familiar disponible bruta;per habitant (€);;18546
2018;Garriga, la;renda familiar disponible bruta;per habitant (índex Catalunya=100);;104,8
2018;Gavà;renda familiar disponible bruta;valor (milers €);;852965
2018;Gavà;renda familiar disponible bruta;per habitant (€);;18408
2018;Gavà;renda familiar disponible bruta;per habitant (índex Catalunya=100);;104
2018;Gelida;renda familiar disponible bruta;valor (milers €);;125345
2018;Gelida;renda familiar disponible bruta;per habitant (€);;16857
2018;Gelida;renda familiar disponible bruta;per habitant (índex Catalunya=100);;95,2
2018;Gimenells i el Pla de la Font;renda familiar disponible bruta;valor (milers €);;14577
2018;Gimenells i el Pla de la Font;renda familiar disponible bruta;per habitant (€);;13389
2018;Gimenells i el Pla de la Font;renda familiar disponible bruta;per habitant (índex Catalunya=100);;75,6
2018;Girona;renda familiar disponible bruta;valor (milers €);;1729293
2018;Girona;renda familiar disponible bruta;per habitant (€);;17576
2018;Girona;renda familiar disponible bruta;per habitant (índex Catalunya=100);;99,3
2018;Gironella;renda familiar disponible bruta;valor (milers €);;83252
2018;Gironella;renda familiar disponible bruta;per habitant (€);;17301
2018;Gironella;renda familiar disponible bruta;per habitant (índex Catalunya=100);;97,7
2018;Golmés;renda familiar disponible bruta;valor (milers €);;27417
2018;Golmés;renda familiar disponible bruta;per habitant (€);;14694
2018;Golmés;renda familiar disponible bruta;per habitant (índex Catalunya=100);;83
2018;Granada, la;renda familiar disponible bruta;valor (milers €);;37513
2018;Granada, la;renda familiar disponible bruta;per habitant (€);;17539
2018;Granada, la;renda familiar disponible bruta;per habitant (índex Catalunya=100);;99,1
2018;Granollers;renda familiar disponible bruta;valor (milers €);;1070319
2018;Granollers;renda familiar disponible bruta;per habitant (€);;17553
2018;Granollers;renda familiar disponible bruta;per habitant (índex Catalunya=100);;99,1
2018;Gualba;renda familiar disponible bruta;valor (milers €);;25815
2018;Gualba;renda familiar disponible bruta;per habitant (€);;17362
2018;Gualba;renda familiar disponible bruta;per habitant (índex Catalunya=100);;98,1
2018;Guissona;renda familiar disponible bruta;valor (milers €);;102458
2018;Guissona;renda familiar disponible bruta;per habitant (€);;14729
2018;Guissona;renda familiar disponible bruta;per habitant (índex Catalunya=100);;83,2
2018;Gurb;renda familiar disponible bruta;valor (milers €);;55039
2018;Gurb;renda familiar disponible bruta;per habitant (€);;20882
2018;Gurb;renda familiar disponible bruta;per habitant (índex Catalunya=100);;118
2018;Horta de Sant Joan;renda familiar disponible bruta;valor (milers €);;15713
2018;Horta de Sant Joan;renda familiar disponible bruta;per habitant (€);;13833
2018;Horta de Sant Joan;renda familiar disponible bruta;per habitant (índex Catalunya=100);;78,1
2018;Hospitalet de Llobregat, l';renda familiar disponible bruta;valor (milers €);;4034208
2018;Hospitalet de Llobregat, l';renda familiar disponible bruta;per habitant (€);;15438
2018;Hospitalet de Llobregat, l';renda familiar disponible bruta;per habitant (índex Catalunya=100);;87,2
2018;Hostalets de Pierola, els;renda familiar disponible bruta;valor (milers €);;46194
2018;Hostalets de Pierola, els;renda familiar disponible bruta;per habitant (€);;15641
2018;Hostalets de Pierola, els;renda familiar disponible bruta;per habitant (índex Catalunya=100);;88,4
2018;Hostalric;renda familiar disponible bruta;valor (milers €);;64740
2018;Hostalric;renda familiar disponible bruta;per habitant (€);;15761
2018;Hostalric;renda familiar disponible bruta;per habitant (índex Catalunya=100);;89
2018;Igualada;renda familiar disponible bruta;valor (milers €);;659857
2018;Igualada;renda familiar disponible bruta;per habitant (€);;16589
2018;Igualada;renda familiar disponible bruta;per habitant (índex Catalunya=100);;93,7
2018;Isona i Conca Dellà;renda familiar disponible bruta;valor (milers €);;15347
2018;Isona i Conca Dellà;renda familiar disponible bruta;per habitant (€);;15183
2018;Isona i Conca Dellà;renda familiar disponible bruta;per habitant (índex Catalunya=100);;85,8
2018;Ivars d'Urgell;renda familiar disponible bruta;valor (milers €);;22730
2018;Ivars d'Urgell;renda familiar disponible bruta;per habitant (€);;14613
2018;Ivars d'Urgell;renda familiar disponible bruta;per habitant (índex Catalunya=100);;82,5
2018;Jonquera, la;renda familiar disponible bruta;valor (milers €);;44834
2018;Jonquera, la;renda familiar disponible bruta;per habitant (€);;14095
2018;Jonquera, la;renda familiar disponible bruta;per habitant (índex Catalunya=100);;79,6
2018;Juneda;renda familiar disponible bruta;valor (milers €);;47350
2018;Juneda;renda familiar disponible bruta;per habitant (€);;13707
2018;Juneda;renda familiar disponible bruta;per habitant (índex Catalunya=100);;77,4
2018;Linyola;renda familiar disponible bruta;valor (milers €);;36208
2018;Linyola;renda familiar disponible bruta;per habitant (€);;13410
2018;Linyola;renda familiar disponible bruta;per habitant (índex Catalunya=100);;75,7
2018;Llagosta, la;renda familiar disponible bruta;valor (milers €);;204860
2018;Llagosta, la;renda familiar disponible bruta;per habitant (€);;15299
2018;Llagosta, la;renda familiar disponible bruta;per habitant (índex Catalunya=100);;86,4
2018;Llagostera;renda familiar disponible bruta;valor (milers €);;123745
2018;Llagostera;renda familiar disponible bruta;per habitant (€);;15177
2018;Llagostera;renda familiar disponible bruta;per habitant (índex Catalunya=100);;85,7
2018;Llançà;renda familiar disponible bruta;valor (milers €);;73115
2018;Llançà;renda familiar disponible bruta;per habitant (€);;15452
2018;Llançà;renda familiar disponible bruta;per habitant (índex Catalunya=100);;87,3
2018;Lleida;renda familiar disponible bruta;valor (milers €);;2246042
2018;Lleida;renda familiar disponible bruta;per habitant (€);;16537
2018;Lleida;renda familiar disponible bruta;per habitant (índex Catalunya=100);;93,4
2018;Llers;renda familiar disponible bruta;valor (milers €);;21340
2018;Llers;renda familiar disponible bruta;per habitant (€);;17660
2018;Llers;renda familiar disponible bruta;per habitant (índex Catalunya=100);;99,8
2018;Lliçà d'Amunt;renda familiar disponible bruta;valor (milers €);;275168
2018;Lliçà d'Amunt;renda familiar disponible bruta;per habitant (€);;18168
2018;Lliçà d'Amunt;renda familiar disponible bruta;per habitant (índex Catalunya=100);;102,6
2018;Lliçà de Vall;renda familiar disponible bruta;valor (milers €);;126406
2018;Lliçà de Vall;renda familiar disponible bruta;per habitant (€);;19462
2018;Lliçà de Vall;renda familiar disponible bruta;per habitant (índex Catalunya=100);;109,9
2018;Llinars del Vallès;renda familiar disponible bruta;valor (milers €);;167883
2018;Llinars del Vallès;renda familiar disponible bruta;per habitant (€);;17021
2018;Llinars del Vallès;renda familiar disponible bruta;per habitant (índex Catalunya=100);;96,1
2018;Llívia;renda familiar disponible bruta;valor (milers €);;22781
2018;Llívia;renda familiar disponible bruta;per habitant (€);;16157
2018;Llívia;renda familiar disponible bruta;per habitant (índex Catalunya=100);;91,3
2018;Llorenç del Penedès;renda familiar disponible bruta;valor (milers €);;36726
2018;Llorenç del Penedès;renda familiar disponible bruta;per habitant (€);;15633
2018;Llorenç del Penedès;renda familiar disponible bruta;per habitant (índex Catalunya=100);;88,3
2018;Lloret de Mar;renda familiar disponible bruta;valor (milers €);;445470
2018;Lloret de Mar;renda familiar disponible bruta;per habitant (€);;11973
2018;Lloret de Mar;renda familiar disponible bruta;per habitant (índex Catalunya=100);;67,6
2018;Maçanet de la Selva;renda familiar disponible bruta;valor (milers €);;98332
2018;Maçanet de la Selva;renda familiar disponible bruta;per habitant (€);;14372
2018;Maçanet de la Selva;renda familiar disponible bruta;per habitant (índex Catalunya=100);;81,2
2018;Malgrat de Mar;renda familiar disponible bruta;valor (milers €);;279838
2018;Malgrat de Mar;renda familiar disponible bruta;per habitant (€);;15316
2018;Malgrat de Mar;renda familiar disponible bruta;per habitant (índex Catalunya=100);;86,5
2018;Manlleu;renda familiar disponible bruta;valor (milers €);;310462
2018;Manlleu;renda familiar disponible bruta;per habitant (€);;15415
2018;Manlleu;renda familiar disponible bruta;per habitant (índex Catalunya=100);;87,1
2018;Manresa;renda familiar disponible bruta;valor (milers €);;1247819
2018;Manresa;renda familiar disponible bruta;per habitant (€);;16383
2018;Manresa;renda familiar disponible bruta;per habitant (índex Catalunya=100);;92,5
2018;Martorell;renda familiar disponible bruta;valor (milers €);;439249
2018;Martorell;renda familiar disponible bruta;per habitant (€);;15812
2018;Martorell;renda familiar disponible bruta;per habitant (índex Catalunya=100);;89,3
2018;Martorelles;renda familiar disponible bruta;valor (milers €);;87978
2018;Martorelles;renda familiar disponible bruta;per habitant (€);;18384
2018;Martorelles;renda familiar disponible bruta;per habitant (índex Catalunya=100);;103,8
2018;Masdenverge;renda familiar disponible bruta;valor (milers €);;14449
2018;Masdenverge;renda familiar disponible bruta;per habitant (€);;13364
2018;Masdenverge;renda familiar disponible bruta;per habitant (índex Catalunya=100);;75,5
2018;Masies de Voltregà, les;renda familiar disponible bruta;valor (milers €);;54496
2018;Masies de Voltregà, les;renda familiar disponible bruta;per habitant (€);;17607
2018;Masies de Voltregà, les;renda familiar disponible bruta;per habitant (índex Catalunya=100);;99,5
2018;Masnou, el;renda familiar disponible bruta;valor (milers €);;467661
2018;Masnou, el;renda familiar disponible bruta;per habitant (€);;20222
2018;Masnou, el;renda familiar disponible bruta;per habitant (índex Catalunya=100);;114,2
2018;Masquefa;renda familiar disponible bruta;valor (milers €);;142996
2018;Masquefa;renda familiar disponible bruta;per habitant (€);;16010
2018;Masquefa;renda familiar disponible bruta;per habitant (índex Catalunya=100);;90,4
2018;Matadepera;renda familiar disponible bruta;valor (milers €);;119642
2018;Matadepera;renda familiar disponible bruta;per habitant (€);;12879
2018;Matadepera;renda familiar disponible bruta;per habitant (índex Catalunya=100);;72,7
2018;Mataró;renda familiar disponible bruta;valor (milers €);;1973328
2018;Mataró;renda familiar disponible bruta;per habitant (€);;15663
2018;Mataró;renda familiar disponible bruta;per habitant (índex Catalunya=100);;88,5
2018;Mediona;renda familiar disponible bruta;valor (milers €);;33974
2018;Mediona;renda familiar disponible bruta;per habitant (€);;14635
2018;Mediona;renda familiar disponible bruta;per habitant (índex Catalunya=100);;82,7
2018;Miralcamp;renda familiar disponible bruta;valor (milers €);;18552
2018;Miralcamp;renda familiar disponible bruta;per habitant (€);;13650
2018;Miralcamp;renda familiar disponible bruta;per habitant (índex Catalunya=100);;77,1
2018;Moià;renda familiar disponible bruta;valor (milers €);;97053
2018;Moià;renda familiar disponible bruta;per habitant (€);;15711
2018;Moià;renda familiar disponible bruta;per habitant (índex Catalunya=100);;88,7
2018;Molins de Rei;renda familiar disponible bruta;valor (milers €);;496067
2018;Molins de Rei;renda familiar disponible bruta;per habitant (€);;19411
2018;Molins de Rei;renda familiar disponible bruta;per habitant (índex Catalunya=100);;109,6
2018;Mollerussa;renda familiar disponible bruta;valor (milers €);;218253
2018;Mollerussa;renda familiar disponible bruta;per habitant (€);;14726
2018;Mollerussa;renda familiar disponible bruta;per habitant (índex Catalunya=100);;83,2
2018;Mollet del Vallès;renda familiar disponible bruta;valor (milers €);;836213
2018;Mollet del Vallès;renda familiar disponible bruta;per habitant (€);;16365
2018;Mollet del Vallès;renda familiar disponible bruta;per habitant (índex Catalunya=100);;92,4
2018;Monistrol de Montserrat;renda familiar disponible bruta;valor (milers €);;49174
2018;Monistrol de Montserrat;renda familiar disponible bruta;per habitant (€);;16598
2018;Monistrol de Montserrat;renda familiar disponible bruta;per habitant (índex Catalunya=100);;93,8
2018;Montblanc;renda familiar disponible bruta;valor (milers €);;121853
2018;Montblanc;renda familiar disponible bruta;per habitant (€);;16641
2018;Montblanc;renda familiar disponible bruta;per habitant (índex Catalunya=100);;94
2018;Montbrió del Camp;renda familiar disponible bruta;valor (milers €);;44260
2018;Montbrió del Camp;renda familiar disponible bruta;per habitant (€);;15382
2018;Montbrió del Camp;renda familiar disponible bruta;per habitant (índex Catalunya=100);;86,9
2018;Montcada i Reixac;renda familiar disponible bruta;valor (milers €);;577728
2018;Montcada i Reixac;renda familiar disponible bruta;per habitant (€);;16116
2018;Montcada i Reixac;renda familiar disponible bruta;per habitant (índex Catalunya=100);;91
2018;Montesquiu;renda familiar disponible bruta;valor (milers €);;15562
2018;Montesquiu;renda familiar disponible bruta;per habitant (€);;16022
2018;Montesquiu;renda familiar disponible bruta;per habitant (índex Catalunya=100);;90,5
2018;Montferrer i Castellbò;renda familiar disponible bruta;valor (milers €);;13462
2018;Montferrer i Castellbò;renda familiar disponible bruta;per habitant (€);;12744
2018;Montferrer i Castellbò;renda familiar disponible bruta;per habitant (índex Catalunya=100);;72
2018;Montgat;renda familiar disponible bruta;valor (milers €);;225500
2018;Montgat;renda familiar disponible bruta;per habitant (€);;19148
2018;Montgat;renda familiar disponible bruta;per habitant (índex Catalunya=100);;108,2
2018;Montmell, el;renda familiar disponible bruta;valor (milers €);;18642
2018;Montmell, el;renda familiar disponible bruta;per habitant (€);;12701
2018;Montmell, el;renda familiar disponible bruta;per habitant (índex Catalunya=100);;71,7
2018;Montmeló;renda familiar disponible bruta;valor (milers €);;145509
2018;Montmeló;renda familiar disponible bruta;per habitant (€);;16634
2018;Montmeló;renda familiar disponible bruta;per habitant (índex Catalunya=100);;94
2018;Montornès del Vallès;renda familiar disponible bruta;valor (milers €);;263505
2018;Montornès del Vallès;renda familiar disponible bruta;per habitant (€);;16178
2018;Montornès del Vallès;renda familiar disponible bruta;per habitant (índex Catalunya=100);;91,4
2018;Mont-ras;renda familiar disponible bruta;valor (milers €);;29893
2018;Mont-ras;renda familiar disponible bruta;per habitant (€);;18025
2018;Mont-ras;renda familiar disponible bruta;per habitant (índex Catalunya=100);;101,8
2018;Mont-roig del Camp;renda familiar disponible bruta;valor (milers €);;166576
2018;Mont-roig del Camp;renda familiar disponible bruta;per habitant (€);;13825
2018;Mont-roig del Camp;renda familiar disponible bruta;per habitant (índex Catalunya=100);;78,1
2018;Móra d'Ebre;renda familiar disponible bruta;valor (milers €);;82136
2018;Móra d'Ebre;renda familiar disponible bruta;per habitant (€);;14663
2018;Móra d'Ebre;renda familiar disponible bruta;per habitant (índex Catalunya=100);;82,8
2018;Móra la Nova;renda familiar disponible bruta;valor (milers €);;42436
2018;Móra la Nova;renda familiar disponible bruta;per habitant (€);;13940
2018;Móra la Nova;renda familiar disponible bruta;per habitant (índex Catalunya=100);;78,7
2018;Morell, el;renda familiar disponible bruta;valor (milers €);;58397
2018;Morell, el;renda familiar disponible bruta;per habitant (€);;15837
2018;Morell, el;renda familiar disponible bruta;per habitant (índex Catalunya=100);;89,5
2018;Naut Aran;renda familiar disponible bruta;valor (milers €);;28682
2018;Naut Aran;renda familiar disponible bruta;per habitant (€);;16157
2018;Naut Aran;renda familiar disponible bruta;per habitant (índex Catalunya=100);;91,3
2018;Navarcles;renda familiar disponible bruta;valor (milers €);;102880
2018;Navarcles;renda familiar disponible bruta;per habitant (€);;17413
2018;Navarcles;renda familiar disponible bruta;per habitant (índex Catalunya=100);;98,4
2018;Navàs;renda familiar disponible bruta;valor (milers €);;99997
2018;Navàs;renda familiar disponible bruta;per habitant (€);;16785
2018;Navàs;renda familiar disponible bruta;per habitant (índex Catalunya=100);;94,8
2018;Navata;renda familiar disponible bruta;valor (milers €);;23499
2018;Navata;renda familiar disponible bruta;per habitant (€);;17888
2018;Navata;renda familiar disponible bruta;per habitant (índex Catalunya=100);;101
2018;Òdena;renda familiar disponible bruta;valor (milers €);;58083
2018;Òdena;renda familiar disponible bruta;per habitant (€);;16011
2018;Òdena;renda familiar disponible bruta;per habitant (índex Catalunya=100);;90,4
2018;Olèrdola;renda familiar disponible bruta;valor (milers €);;60594
2018;Olèrdola;renda familiar disponible bruta;per habitant (€);;16630
2018;Olèrdola;renda familiar disponible bruta;per habitant (índex Catalunya=100);;93,9
2018;Olesa de Bonesvalls;renda familiar disponible bruta;valor (milers €);;31003
2018;Olesa de Bonesvalls;renda familiar disponible bruta;per habitant (€);;17276
2018;Olesa de Bonesvalls;renda familiar disponible bruta;per habitant (índex Catalunya=100);;97,6
2018;Olesa de Montserrat;renda familiar disponible bruta;valor (milers €);;394995
2018;Olesa de Montserrat;renda familiar disponible bruta;per habitant (€);;16711
2018;Olesa de Montserrat;renda familiar disponible bruta;per habitant (índex Catalunya=100);;94,4
2018;Oliana;renda familiar disponible bruta;valor (milers €);;28367
2018;Oliana;renda familiar disponible bruta;per habitant (€);;15790
2018;Oliana;renda familiar disponible bruta;per habitant (índex Catalunya=100);;89,2
2018;Olivella;renda familiar disponible bruta;valor (milers €);;65750
2018;Olivella;renda familiar disponible bruta;per habitant (€);;17807
2018;Olivella;renda familiar disponible bruta;per habitant (índex Catalunya=100);;100,6
2018;Olost;renda familiar disponible bruta;valor (milers €);;20559
2018;Olost;renda familiar disponible bruta;per habitant (€);;17442
2018;Olost;renda familiar disponible bruta;per habitant (índex Catalunya=100);;98,5
2018;Olot;renda familiar disponible bruta;valor (milers €);;568244
2018;Olot;renda familiar disponible bruta;per habitant (€);;16616
2018;Olot;renda familiar disponible bruta;per habitant (índex Catalunya=100);;93,9
2018;Os de Balaguer;renda familiar disponible bruta;valor (milers €);;13535
2018;Os de Balaguer;renda familiar disponible bruta;per habitant (€);;13699
2018;Os de Balaguer;renda familiar disponible bruta;per habitant (índex Catalunya=100);;77,4
2018;Palafolls;renda familiar disponible bruta;valor (milers €);;145004
2018;Palafolls;renda familiar disponible bruta;per habitant (€);;15743
2018;Palafolls;renda familiar disponible bruta;per habitant (índex Catalunya=100);;88,9
2018;Palafrugell;renda familiar disponible bruta;valor (milers €);;309155
2018;Palafrugell;renda familiar disponible bruta;per habitant (€);;13707
2018;Palafrugell;renda familiar disponible bruta;per habitant (índex Catalunya=100);;77,4
2018;Palamós;renda familiar disponible bruta;valor (milers €);;272698
2018;Palamós;renda familiar disponible bruta;per habitant (€);;15476
2018;Palamós;renda familiar disponible bruta;per habitant (índex Catalunya=100);;87,4
2018;Palau d'Anglesola, el;renda familiar disponible bruta;valor (milers €);;33284
2018;Palau d'Anglesola, el;renda familiar disponible bruta;per habitant (€);;15263
2018;Palau d'Anglesola, el;renda familiar disponible bruta;per habitant (índex Catalunya=100);;86,2
2018;Palau-saverdera;renda familiar disponible bruta;valor (milers €);;18723
2018;Palau-saverdera;renda familiar disponible bruta;per habitant (€);;13172
2018;Palau-saverdera;renda familiar disponible bruta;per habitant (índex Catalunya=100);;74,4
2018;Palau-solità i Plegamans;renda familiar disponible bruta;valor (milers €);;267417
2018;Palau-solità i Plegamans;renda familiar disponible bruta;per habitant (€);;18224
2018;Palau-solità i Plegamans;renda familiar disponible bruta;per habitant (índex Catalunya=100);;102,9
2018;Pallaresos, els;renda familiar disponible bruta;valor (milers €);;83684
2018;Pallaresos, els;renda familiar disponible bruta;per habitant (€);;17536
2018;Pallaresos, els;renda familiar disponible bruta;per habitant (índex Catalunya=100);;99,1
2018;Pallejà;renda familiar disponible bruta;valor (milers €);;212937
2018;Pallejà;renda familiar disponible bruta;per habitant (€);;18681
2018;Pallejà;renda familiar disponible bruta;per habitant (índex Catalunya=100);;105,5
2018;Palma de Cervelló, la;renda familiar disponible bruta;valor (milers €);;59267
2018;Palma de Cervelló, la;renda familiar disponible bruta;per habitant (€);;20142
2018;Palma de Cervelló, la;renda familiar disponible bruta;per habitant (índex Catalunya=100);;113,8
2018;Pals;renda familiar disponible bruta;valor (milers €);;39505
2018;Pals;renda familiar disponible bruta;per habitant (€);;16478
2018;Pals;renda familiar disponible bruta;per habitant (índex Catalunya=100);;93,1
2018;Papiol, el;renda familiar disponible bruta;valor (milers €);;77693
2018;Papiol, el;renda familiar disponible bruta;per habitant (€);;19002
2018;Papiol, el;renda familiar disponible bruta;per habitant (índex Catalunya=100);;107,3
2018;Parets del Vallès;renda familiar disponible bruta;valor (milers €);;333669
2018;Parets del Vallès;renda familiar disponible bruta;per habitant (€);;17548
2018;Parets del Vallès;renda familiar disponible bruta;per habitant (índex Catalunya=100);;99,1
2018;Perafort;renda familiar disponible bruta;valor (milers €);;19371
2018;Perafort;renda familiar disponible bruta;per habitant (€);;15291
2018;Perafort;renda familiar disponible bruta;per habitant (índex Catalunya=100);;86,4
2018;Peralada;renda familiar disponible bruta;valor (milers €);;54805
2018;Peralada;renda familiar disponible bruta;per habitant (€);;30229
2018;Peralada;renda familiar disponible bruta;per habitant (índex Catalunya=100);;170,7
2018;Perelló, el;renda familiar disponible bruta;valor (milers €);;34030
2018;Perelló, el;renda familiar disponible bruta;per habitant (€);;12169
2018;Perelló, el;renda familiar disponible bruta;per habitant (índex Catalunya=100);;68,7
2018;Piera;renda familiar disponible bruta;valor (milers €);;239151
2018;Piera;renda familiar disponible bruta;per habitant (€);;15437
2018;Piera;renda familiar disponible bruta;per habitant (índex Catalunya=100);;87,2
2018;Pineda de Mar;renda familiar disponible bruta;valor (milers €);;377659
2018;Pineda de Mar;renda familiar disponible bruta;per habitant (€);;14188
2018;Pineda de Mar;renda familiar disponible bruta;per habitant (índex Catalunya=100);;80,1
2018;Pinell de Brai, el;renda familiar disponible bruta;valor (milers €);;14815
2018;Pinell de Brai, el;renda familiar disponible bruta;per habitant (€);;14855
2018;Pinell de Brai, el;renda familiar disponible bruta;per habitant (índex Catalunya=100);;83,9
2018;Pla de Santa Maria, el;renda familiar disponible bruta;valor (milers €);;35861
2018;Pla de Santa Maria, el;renda familiar disponible bruta;per habitant (€);;15443
2018;Pla de Santa Maria, el;renda familiar disponible bruta;per habitant (índex Catalunya=100);;87,2
2018;Pla del Penedès, el;renda familiar disponible bruta;valor (milers €);;19570
2018;Pla del Penedès, el;renda familiar disponible bruta;per habitant (€);;15597
2018;Pla del Penedès, el;renda familiar disponible bruta;per habitant (índex Catalunya=100);;88,1
2018;Planes d'Hostoles, les;renda familiar disponible bruta;valor (milers €);;26404
2018;Planes d'Hostoles, les;renda familiar disponible bruta;per habitant (€);;16101
2018;Planes d'Hostoles, les;renda familiar disponible bruta;per habitant (índex Catalunya=100);;90,9
2018;Pobla de Claramunt, la;renda familiar disponible bruta;valor (milers €);;35032
2018;Pobla de Claramunt, la;renda familiar disponible bruta;per habitant (€);;16023
2018;Pobla de Claramunt, la;renda familiar disponible bruta;per habitant (índex Catalunya=100);;90,5
2018;Pobla de Lillet, la;renda familiar disponible bruta;valor (milers €);;19555
2018;Pobla de Lillet, la;renda familiar disponible bruta;per habitant (€);;17878
2018;Pobla de Lillet, la;renda familiar disponible bruta;per habitant (índex Catalunya=100);;101
2018;Pobla de Mafumet, la;renda familiar disponible bruta;valor (milers €);;47565
2018;Pobla de Mafumet, la;renda familiar disponible bruta;per habitant (€);;12165
2018;Pobla de Mafumet, la;renda familiar disponible bruta;per habitant (índex Catalunya=100);;68,7
2018;Pobla de Montornès, la;renda familiar disponible bruta;valor (milers €);;42834
2018;Pobla de Montornès, la;renda familiar disponible bruta;per habitant (€);;15072
2018;Pobla de Montornès, la;renda familiar disponible bruta;per habitant (índex Catalunya=100);;85,1
2018;Pobla de Segur, la;renda familiar disponible bruta;valor (milers €);;45535
2018;Pobla de Segur, la;renda familiar disponible bruta;per habitant (€);;15569
2018;Pobla de Segur, la;renda familiar disponible bruta;per habitant (índex Catalunya=100);;87,9
2018;Polinyà;renda familiar disponible bruta;valor (milers €);;139263
2018;Polinyà;renda familiar disponible bruta;per habitant (€);;16545
2018;Polinyà;renda familiar disponible bruta;per habitant (índex Catalunya=100);;93,5
2018;Pont de Suert, el;renda familiar disponible bruta;valor (milers €);;33540
2018;Pont de Suert, el;renda familiar disponible bruta;per habitant (€);;15009
2018;Pont de Suert, el;renda familiar disponible bruta;per habitant (índex Catalunya=100);;84,8
2018;Pont de Vilomara i Rocafort, el;renda familiar disponible bruta;valor (milers €);;57793
2018;Pont de Vilomara i Rocafort, el;renda familiar disponible bruta;per habitant (€);;15309
2018;Pont de Vilomara i Rocafort, el;renda familiar disponible bruta;per habitant (índex Catalunya=100);;86,5
2018;Ponts;renda familiar disponible bruta;valor (milers €);;39097
2018;Ponts;renda familiar disponible bruta;per habitant (€);;15229
2018;Ponts;renda familiar disponible bruta;per habitant (índex Catalunya=100);;86
2018;Porqueres;renda familiar disponible bruta;valor (milers €);;77327
2018;Porqueres;renda familiar disponible bruta;per habitant (€);;16887
2018;Porqueres;renda familiar disponible bruta;per habitant (índex Catalunya=100);;95,4
2018;Port de la Selva, el;renda familiar disponible bruta;valor (milers €);;15479
2018;Port de la Selva, el;renda familiar disponible bruta;per habitant (€);;16280
2018;Port de la Selva, el;renda familiar disponible bruta;per habitant (índex Catalunya=100);;92
2018;Portbou;renda familiar disponible bruta;valor (milers €);;17581
2018;Portbou;renda familiar disponible bruta;per habitant (€);;16754
2018;Portbou;renda familiar disponible bruta;per habitant (índex Catalunya=100);;94,6
2018;Prat de Llobregat, el;renda familiar disponible bruta;valor (milers €);;1113540
2018;Prat de Llobregat, el;renda familiar disponible bruta;per habitant (€);;17450
2018;Prat de Llobregat, el;renda familiar disponible bruta;per habitant (índex Catalunya=100);;98,6
2018;Prats de Lluçanès;renda familiar disponible bruta;valor (milers €);;44004
2018;Prats de Lluçanès;renda familiar disponible bruta;per habitant (€);;17444
2018;Prats de Lluçanès;renda familiar disponible bruta;per habitant (índex Catalunya=100);;98,5
2018;Premià de Dalt;renda familiar disponible bruta;valor (milers €);;227133
2018;Premià de Dalt;renda familiar disponible bruta;per habitant (€);;22042
2018;Premià de Dalt;renda familiar disponible bruta;per habitant (índex Catalunya=100);;124,5
2018;Premià de Mar;renda familiar disponible bruta;valor (milers €);;508840
2018;Premià de Mar;renda familiar disponible bruta;per habitant (€);;18347
2018;Premià de Mar;renda familiar disponible bruta;per habitant (índex Catalunya=100);;103,6
2018;Preses, les;renda familiar disponible bruta;valor (milers €);;31497
2018;Preses, les;renda familiar disponible bruta;per habitant (€);;18081
2018;Preses, les;renda familiar disponible bruta;per habitant (índex Catalunya=100);;102,1
2018;Puigcerdà;renda familiar disponible bruta;valor (milers €);;121333
2018;Puigcerdà;renda familiar disponible bruta;per habitant (€);;13423
2018;Puigcerdà;renda familiar disponible bruta;per habitant (índex Catalunya=100);;75,8
2018;Puigpelat;renda familiar disponible bruta;valor (milers €);;16775
2018;Puigpelat;renda familiar disponible bruta;per habitant (€);;14549
2018;Puigpelat;renda familiar disponible bruta;per habitant (índex Catalunya=100);;82,2
2018;Puig-reig;renda familiar disponible bruta;valor (milers €);;71176
2018;Puig-reig;renda familiar disponible bruta;per habitant (€);;17274
2018;Puig-reig;renda familiar disponible bruta;per habitant (índex Catalunya=100);;97,6
2018;Puigverd de Lleida;renda familiar disponible bruta;valor (milers €);;20862
2018;Puigverd de Lleida;renda familiar disponible bruta;per habitant (€);;15643
2018;Puigverd de Lleida;renda familiar disponible bruta;per habitant (índex Catalunya=100);;88,4
2018;Quart;renda familiar disponible bruta;valor (milers €);;66252
2018;Quart;renda familiar disponible bruta;per habitant (€);;18482
2018;Quart;renda familiar disponible bruta;per habitant (índex Catalunya=100);;104,4
2018;Ràpita, la;renda familiar disponible bruta;valor (milers €);;194340
2018;Ràpita, la;renda familiar disponible bruta;per habitant (€);;13060
2018;Ràpita, la;renda familiar disponible bruta;per habitant (índex Catalunya=100);;73,8
2018;Reus;renda familiar disponible bruta;valor (milers €);;1625811
2018;Reus;renda familiar disponible bruta;per habitant (€);;15544
2018;Reus;renda familiar disponible bruta;per habitant (índex Catalunya=100);;87,8
2018;Riba-roja d'Ebre;renda familiar disponible bruta;valor (milers €);;14313
2018;Riba-roja d'Ebre;renda familiar disponible bruta;per habitant (€);;12938
2018;Riba-roja d'Ebre;renda familiar disponible bruta;per habitant (índex Catalunya=100);;73,1
2018;Ribes de Freser;renda familiar disponible bruta;valor (milers €);;31502
2018;Ribes de Freser;renda familiar disponible bruta;per habitant (€);;18005
2018;Ribes de Freser;renda familiar disponible bruta;per habitant (índex Catalunya=100);;101,7
2018;Riells i Viabrea;renda familiar disponible bruta;valor (milers €);;65405
2018;Riells i Viabrea;renda familiar disponible bruta;per habitant (€);;16381
2018;Riells i Viabrea;renda familiar disponible bruta;per habitant (índex Catalunya=100);;92,5
2018;Riera de Gaià, la;renda familiar disponible bruta;valor (milers €);;27709
2018;Riera de Gaià, la;renda familiar disponible bruta;per habitant (€);;16039
2018;Riera de Gaià, la;renda familiar disponible bruta;per habitant (índex Catalunya=100);;90,6
2018;Ripoll;renda familiar disponible bruta;valor (milers €);;174484
2018;Ripoll;renda familiar disponible bruta;per habitant (€);;16467
2018;Ripoll;renda familiar disponible bruta;per habitant (índex Catalunya=100);;93
2018;Ripollet;renda familiar disponible bruta;valor (milers €);;609036
2018;Ripollet;renda familiar disponible bruta;per habitant (€);;15848
2018;Ripollet;renda familiar disponible bruta;per habitant (índex Catalunya=100);;89,5
2018;Riudarenes;renda familiar disponible bruta;valor (milers €);;63693
2018;Riudarenes;renda familiar disponible bruta;per habitant (€);;29710
2018;Riudarenes;renda familiar disponible bruta;per habitant (índex Catalunya=100);;167,8
2018;Riudecanyes;renda familiar disponible bruta;valor (milers €);;18113
2018;Riudecanyes;renda familiar disponible bruta;per habitant (€);;15962
2018;Riudecanyes;renda familiar disponible bruta;per habitant (índex Catalunya=100);;90,2
2018;Riudecols;renda familiar disponible bruta;valor (milers €);;20587
2018;Riudecols;renda familiar disponible bruta;per habitant (€);;17291
2018;Riudecols;renda familiar disponible bruta;per habitant (índex Catalunya=100);;97,7
2018;Riudellots de la Selva;renda familiar disponible bruta;valor (milers €);;35853
2018;Riudellots de la Selva;renda familiar disponible bruta;per habitant (€);;17646
2018;Riudellots de la Selva;renda familiar disponible bruta;per habitant (índex Catalunya=100);;99,7
2018;Riudoms;renda familiar disponible bruta;valor (milers €);;90094
2018;Riudoms;renda familiar disponible bruta;per habitant (€);;13606
2018;Riudoms;renda familiar disponible bruta;per habitant (índex Catalunya=100);;76,9
2018;Roca del Vallès, la;renda familiar disponible bruta;valor (milers €);;203197
2018;Roca del Vallès, la;renda familiar disponible bruta;per habitant (€);;19112
2018;Roca del Vallès, la;renda familiar disponible bruta;per habitant (índex Catalunya=100);;108
2018;Roda de Berà;renda familiar disponible bruta;valor (milers €);;97689
2018;Roda de Berà;renda familiar disponible bruta;per habitant (€);;14952
2018;Roda de Berà;renda familiar disponible bruta;per habitant (índex Catalunya=100);;84,5
2018;Roda de Ter;renda familiar disponible bruta;valor (milers €);;103485
2018;Roda de Ter;renda familiar disponible bruta;per habitant (€);;16760
2018;Roda de Ter;renda familiar disponible bruta;per habitant (índex Catalunya=100);;94,7
2018;Roquetes;renda familiar disponible bruta;valor (milers €);;111120
2018;Roquetes;renda familiar disponible bruta;per habitant (€);;14046
2018;Roquetes;renda familiar disponible bruta;per habitant (índex Catalunya=100);;79,3
2018;Roses;renda familiar disponible bruta;valor (milers €);;245929
2018;Roses;renda familiar disponible bruta;per habitant (€);;12975
2018;Roses;renda familiar disponible bruta;per habitant (índex Catalunya=100);;73,3
2018;Rosselló;renda familiar disponible bruta;valor (milers €);;46300
2018;Rosselló;renda familiar disponible bruta;per habitant (€);;15038
2018;Rosselló;renda familiar disponible bruta;per habitant (índex Catalunya=100);;84,9
2018;Rubí;renda familiar disponible bruta;valor (milers €);;1235830
2018;Rubí;renda familiar disponible bruta;per habitant (€);;16094
2018;Rubí;renda familiar disponible bruta;per habitant (índex Catalunya=100);;90,9
2018;Sabadell;renda familiar disponible bruta;valor (milers €);;3707395
2018;Sabadell;renda familiar disponible bruta;per habitant (€);;17466
2018;Sabadell;renda familiar disponible bruta;per habitant (índex Catalunya=100);;98,7
2018;Sallent;renda familiar disponible bruta;valor (milers €);;115008
2018;Sallent;renda familiar disponible bruta;per habitant (€);;17488
2018;Sallent;renda familiar disponible bruta;per habitant (índex Catalunya=100);;98,8
2018;Salou;renda familiar disponible bruta;valor (milers €);;357565
2018;Salou;renda familiar disponible bruta;per habitant (€);;13143
2018;Salou;renda familiar disponible bruta;per habitant (índex Catalunya=100);;74,2
2018;Salt;renda familiar disponible bruta;valor (milers €);;366681
2018;Salt;renda familiar disponible bruta;per habitant (€);;12153
2018;Salt;renda familiar disponible bruta;per habitant (índex Catalunya=100);;68,6
2018;Sant Adrià de Besòs;renda familiar disponible bruta;valor (milers €);;544435
2018;Sant Adrià de Besòs;renda familiar disponible bruta;per habitant (€);;14856
2018;Sant Adrià de Besòs;renda familiar disponible bruta;per habitant (índex Catalunya=100);;83,9
2018;Sant Andreu de la Barca;renda familiar disponible bruta;valor (milers €);;442909
2018;Sant Andreu de la Barca;renda familiar disponible bruta;per habitant (€);;16278
2018;Sant Andreu de la Barca;renda familiar disponible bruta;per habitant (índex Catalunya=100);;91,9
2018;Sant Andreu de Llavaneres;renda familiar disponible bruta;valor (milers €);;233490
2018;Sant Andreu de Llavaneres;renda familiar disponible bruta;per habitant (€);;21655
2018;Sant Andreu de Llavaneres;renda familiar disponible bruta;per habitant (índex Catalunya=100);;122,3
2018;Sant Antoni de Vilamajor;renda familiar disponible bruta;valor (milers €);;116440
2018;Sant Antoni de Vilamajor;renda familiar disponible bruta;per habitant (€);;19089
2018;Sant Antoni de Vilamajor;renda familiar disponible bruta;per habitant (índex Catalunya=100);;107,8
2018;Sant Boi de Llobregat;renda familiar disponible bruta;valor (milers €);;1384317
2018;Sant Boi de Llobregat;renda familiar disponible bruta;per habitant (€);;16771
2018;Sant Boi de Llobregat;renda familiar disponible bruta;per habitant (índex Catalunya=100);;94,7
2018;Sant Cebrià de Vallalta;renda familiar disponible bruta;valor (milers €);;59559
2018;Sant Cebrià de Vallalta;renda familiar disponible bruta;per habitant (€);;17933
2018;Sant Cebrià de Vallalta;renda familiar disponible bruta;per habitant (índex Catalunya=100);;101,3
2018;Sant Celoni;renda familiar disponible bruta;valor (milers €);;287320
2018;Sant Celoni;renda familiar disponible bruta;per habitant (€);;16155
2018;Sant Celoni;renda familiar disponible bruta;per habitant (índex Catalunya=100);;91,3
2018;Sant Climent de Llobregat;renda familiar disponible bruta;valor (milers €);;73706
2018;Sant Climent de Llobregat;renda familiar disponible bruta;per habitant (€);;18053
2018;Sant Climent de Llobregat;renda familiar disponible bruta;per habitant (índex Catalunya=100);;102
2018;Sant Cugat del Vallès;renda familiar disponible bruta;valor (milers €);;2251343
2018;Sant Cugat del Vallès;renda familiar disponible bruta;per habitant (€);;24835
2018;Sant Cugat del Vallès;renda familiar disponible bruta;per habitant (índex Catalunya=100);;140,3
2018;Sant Cugat Sesgarrigues;renda familiar disponible bruta;valor (milers €);;17138
2018;Sant Cugat Sesgarrigues;renda familiar disponible bruta;per habitant (€);;17209
2018;Sant Cugat Sesgarrigues;renda familiar disponible bruta;per habitant (índex Catalunya=100);;97,2
2018;Sant Esteve de Palautordera;renda familiar disponible bruta;valor (milers €);;51236
2018;Sant Esteve de Palautordera;renda familiar disponible bruta;per habitant (€);;18446
2018;Sant Esteve de Palautordera;renda familiar disponible bruta;per habitant (índex Catalunya=100);;104,2
2018;Sant Esteve Sesrovires;renda familiar disponible bruta;valor (milers €);;148738
2018;Sant Esteve Sesrovires;renda familiar disponible bruta;per habitant (€);;19468
2018;Sant Esteve Sesrovires;renda familiar disponible bruta;per habitant (índex Catalunya=100);;110
2018;Sant Feliu de Codines;renda familiar disponible bruta;valor (milers €);;101172
2018;Sant Feliu de Codines;renda familiar disponible bruta;per habitant (€);;16302
2018;Sant Feliu de Codines;renda familiar disponible bruta;per habitant (índex Catalunya=100);;92,1
2018;Sant Feliu de Guíxols;renda familiar disponible bruta;valor (milers €);;312198
2018;Sant Feliu de Guíxols;renda familiar disponible bruta;per habitant (€);;14501
2018;Sant Feliu de Guíxols;renda familiar disponible bruta;per habitant (índex Catalunya=100);;81,9
2018;Sant Feliu de Llobregat;renda familiar disponible bruta;valor (milers €);;848958
2018;Sant Feliu de Llobregat;renda familiar disponible bruta;per habitant (€);;19171
2018;Sant Feliu de Llobregat;renda familiar disponible bruta;per habitant (índex Catalunya=100);;108,3
2018;Sant Feliu de Pallerols;renda familiar disponible bruta;valor (milers €);;22000
2018;Sant Feliu de Pallerols;renda familiar disponible bruta;per habitant (€);;16524
2018;Sant Feliu de Pallerols;renda familiar disponible bruta;per habitant (índex Catalunya=100);;93,3
2018;Sant Fost de Campsentelles;renda familiar disponible bruta;valor (milers €);;165946
2018;Sant Fost de Campsentelles;renda familiar disponible bruta;per habitant (€);;19057
2018;Sant Fost de Campsentelles;renda familiar disponible bruta;per habitant (índex Catalunya=100);;107,6
2018;Sant Fruitós de Bages;renda familiar disponible bruta;valor (milers €);;183138
2018;Sant Fruitós de Bages;renda familiar disponible bruta;per habitant (€);;21404
2018;Sant Fruitós de Bages;renda familiar disponible bruta;per habitant (índex Catalunya=100);;120,9
2018;Sant Gregori;renda familiar disponible bruta;valor (milers €);;70913
2018;Sant Gregori;renda familiar disponible bruta;per habitant (€);;19277
2018;Sant Gregori;renda familiar disponible bruta;per habitant (índex Catalunya=100);;108,9
2018;Sant Guim de Freixenet;renda familiar disponible bruta;valor (milers €);;15418
2018;Sant Guim de Freixenet;renda familiar disponible bruta;per habitant (€);;15209
2018;Sant Guim de Freixenet;renda familiar disponible bruta;per habitant (índex Catalunya=100);;85,9
2018;Sant Hilari Sacalm;renda familiar disponible bruta;valor (milers €);;85741
2018;Sant Hilari Sacalm;renda familiar disponible bruta;per habitant (€);;15555
2018;Sant Hilari Sacalm;renda familiar disponible bruta;per habitant (índex Catalunya=100);;87,9
2018;Sant Hipòlit de Voltregà;renda familiar disponible bruta;valor (milers €);;61390
2018;Sant Hipòlit de Voltregà;renda familiar disponible bruta;per habitant (€);;17856
2018;Sant Hipòlit de Voltregà;renda familiar disponible bruta;per habitant (índex Catalunya=100);;100,9
2018;Sant Iscle de Vallalta;renda familiar disponible bruta;valor (milers €);;22140
2018;Sant Iscle de Vallalta;renda familiar disponible bruta;per habitant (€);;16959
2018;Sant Iscle de Vallalta;renda familiar disponible bruta;per habitant (índex Catalunya=100);;95,8
2018;Sant Jaume d'Enveja;renda familiar disponible bruta;valor (milers €);;45358
2018;Sant Jaume d'Enveja;renda familiar disponible bruta;per habitant (€);;12832
2018;Sant Jaume d'Enveja;renda familiar disponible bruta;per habitant (índex Catalunya=100);;72,5
2018;Sant Jaume dels Domenys;renda familiar disponible bruta;valor (milers €);;38312
2018;Sant Jaume dels Domenys;renda familiar disponible bruta;per habitant (€);;14880
2018;Sant Jaume dels Domenys;renda familiar disponible bruta;per habitant (índex Catalunya=100);;84,1
2018;Sant Joan de les Abadesses;renda familiar disponible bruta;valor (milers €);;57735
2018;Sant Joan de les Abadesses;renda familiar disponible bruta;per habitant (€);;17992
2018;Sant Joan de les Abadesses;renda familiar disponible bruta;per habitant (índex Catalunya=100);;101,6
2018;Sant Joan de Vilatorrada;renda familiar disponible bruta;valor (milers €);;177205
2018;Sant Joan de Vilatorrada;renda familiar disponible bruta;per habitant (€);;16465
2018;Sant Joan de Vilatorrada;renda familiar disponible bruta;per habitant (índex Catalunya=100);;93
2018;Sant Joan Despí;renda familiar disponible bruta;valor (milers €);;659540
2018;Sant Joan Despí;renda familiar disponible bruta;per habitant (€);;19507
2018;Sant Joan Despí;renda familiar disponible bruta;per habitant (índex Catalunya=100);;110,2
2018;Sant Joan les Fonts;renda familiar disponible bruta;valor (milers €);;53355
2018;Sant Joan les Fonts;renda familiar disponible bruta;per habitant (€);;18212
2018;Sant Joan les Fonts;renda familiar disponible bruta;per habitant (índex Catalunya=100);;102,9
2018;Sant Julià de Ramis;renda familiar disponible bruta;valor (milers €);;62811
2018;Sant Julià de Ramis;renda familiar disponible bruta;per habitant (€);;18497
2018;Sant Julià de Ramis;renda familiar disponible bruta;per habitant (índex Catalunya=100);;104,5
2018;Sant Julià de Vilatorta;renda familiar disponible bruta;valor (milers €);;61771
2018;Sant Julià de Vilatorta;renda familiar disponible bruta;per habitant (€);;20134
2018;Sant Julià de Vilatorta;renda familiar disponible bruta;per habitant (índex Catalunya=100);;113,7
2018;Sant Julià del Llor i Bonmatí;renda familiar disponible bruta;valor (milers €);;22217
2018;Sant Julià del Llor i Bonmatí;renda familiar disponible bruta;per habitant (€);;17656
2018;Sant Julià del Llor i Bonmatí;renda familiar disponible bruta;per habitant (índex Catalunya=100);;99,7
2018;Sant Just Desvern;renda familiar disponible bruta;valor (milers €);;514372
2018;Sant Just Desvern;renda familiar disponible bruta;per habitant (€);;29396
2018;Sant Just Desvern;renda familiar disponible bruta;per habitant (índex Catalunya=100);;166
2018;Sant Llorenç d'Hortons;renda familiar disponible bruta;valor (milers €);;43437
2018;Sant Llorenç d'Hortons;renda familiar disponible bruta;per habitant (€);;17375
2018;Sant Llorenç d'Hortons;renda familiar disponible bruta;per habitant (índex Catalunya=100);;98,1
2018;Sant Llorenç de Morunys;renda familiar disponible bruta;valor (milers €);;16291
2018;Sant Llorenç de Morunys;renda familiar disponible bruta;per habitant (€);;17115
2018;Sant Llorenç de Morunys;renda familiar disponible bruta;per habitant (índex Catalunya=100);;96,7
2018;Sant Llorenç Savall;renda familiar disponible bruta;valor (milers €);;39281
2018;Sant Llorenç Savall;renda familiar disponible bruta;per habitant (€);;16593
2018;Sant Llorenç Savall;renda familiar disponible bruta;per habitant (índex Catalunya=100);;93,7
2018;Sant Martí de Centelles;renda familiar disponible bruta;valor (milers €);;17198
2018;Sant Martí de Centelles;renda familiar disponible bruta;per habitant (€);;15149
2018;Sant Martí de Centelles;renda familiar disponible bruta;per habitant (índex Catalunya=100);;85,6
2018;Sant Martí de Tous;renda familiar disponible bruta;valor (milers €);;21598
2018;Sant Martí de Tous;renda familiar disponible bruta;per habitant (€);;17685
2018;Sant Martí de Tous;renda familiar disponible bruta;per habitant (índex Catalunya=100);;99,9
2018;Sant Martí Sarroca;renda familiar disponible bruta;valor (milers €);;50105
2018;Sant Martí Sarroca;renda familiar disponible bruta;per habitant (€);;15462
2018;Sant Martí Sarroca;renda familiar disponible bruta;per habitant (índex Catalunya=100);;87,3
2018;Sant Pere de Ribes;renda familiar disponible bruta;valor (milers €);;497514
2018;Sant Pere de Ribes;renda familiar disponible bruta;per habitant (€);;16526
2018;Sant Pere de Ribes;renda familiar disponible bruta;per habitant (índex Catalunya=100);;93,3
2018;Sant Pere de Riudebitlles;renda familiar disponible bruta;valor (milers €);;39305
2018;Sant Pere de Riudebitlles;renda familiar disponible bruta;per habitant (€);;16741
2018;Sant Pere de Riudebitlles;renda familiar disponible bruta;per habitant (índex Catalunya=100);;94,6
2018;Sant Pere de Torelló;renda familiar disponible bruta;valor (milers €);;42509
2018;Sant Pere de Torelló;renda familiar disponible bruta;per habitant (€);;17785
2018;Sant Pere de Torelló;renda familiar disponible bruta;per habitant (índex Catalunya=100);;100,5
2018;Sant Pere de Vilamajor;renda familiar disponible bruta;valor (milers €);;80567
2018;Sant Pere de Vilamajor;renda familiar disponible bruta;per habitant (€);;18267
2018;Sant Pere de Vilamajor;renda familiar disponible bruta;per habitant (índex Catalunya=100);;103,2
2018;Sant Pere Pescador;renda familiar disponible bruta;valor (milers €);;28024
2018;Sant Pere Pescador;renda familiar disponible bruta;per habitant (€);;14082
2018;Sant Pere Pescador;renda familiar disponible bruta;per habitant (índex Catalunya=100);;79,5
2018;Sant Pol de Mar;renda familiar disponible bruta;valor (milers €);;100549
2018;Sant Pol de Mar;renda familiar disponible bruta;per habitant (€);;19444
2018;Sant Pol de Mar;renda familiar disponible bruta;per habitant (índex Catalunya=100);;109,8
2018;Sant Quintí de Mediona;renda familiar disponible bruta;valor (milers €);;33093
2018;Sant Quintí de Mediona;renda familiar disponible bruta;per habitant (€);;14962
2018;Sant Quintí de Mediona;renda familiar disponible bruta;per habitant (índex Catalunya=100);;84,5
2018;Sant Quirze de Besora;renda familiar disponible bruta;valor (milers €);;37108
2018;Sant Quirze de Besora;renda familiar disponible bruta;per habitant (€);;17574
2018;Sant Quirze de Besora;renda familiar disponible bruta;per habitant (índex Catalunya=100);;99,3
2018;Sant Quirze del Vallès;renda familiar disponible bruta;valor (milers €);;455383
2018;Sant Quirze del Vallès;renda familiar disponible bruta;per habitant (€);;22769
2018;Sant Quirze del Vallès;renda familiar disponible bruta;per habitant (índex Catalunya=100);;128,6
2018;Sant Sadurní d'Anoia;renda familiar disponible bruta;valor (milers €);;227927
2018;Sant Sadurní d'Anoia;renda familiar disponible bruta;per habitant (€);;17740
2018;Sant Sadurní d'Anoia;renda familiar disponible bruta;per habitant (índex Catalunya=100);;100,2
2018;Sant Salvador de Guardiola;renda familiar disponible bruta;valor (milers €);;53531
2018;Sant Salvador de Guardiola;renda familiar disponible bruta;per habitant (€);;17049
2018;Sant Salvador de Guardiola;renda familiar disponible bruta;per habitant (índex Catalunya=100);;96,3
2018;Sant Vicenç de Castellet;renda familiar disponible bruta;valor (milers €);;139716
2018;Sant Vicenç de Castellet;renda familiar disponible bruta;per habitant (€);;15025
2018;Sant Vicenç de Castellet;renda familiar disponible bruta;per habitant (índex Catalunya=100);;84,9
2018;Sant Vicenç de Montalt;renda familiar disponible bruta;valor (milers €);;144504
2018;Sant Vicenç de Montalt;renda familiar disponible bruta;per habitant (€);;22910
2018;Sant Vicenç de Montalt;renda familiar disponible bruta;per habitant (índex Catalunya=100);;129,4
2018;Sant Vicenç de Torelló;renda familiar disponible bruta;valor (milers €);;43299
2018;Sant Vicenç de Torelló;renda familiar disponible bruta;per habitant (€);;21524
2018;Sant Vicenç de Torelló;renda familiar disponible bruta;per habitant (índex Catalunya=100);;121,6
2018;Sant Vicenç dels Horts;renda familiar disponible bruta;valor (milers €);;455893
2018;Sant Vicenç dels Horts;renda familiar disponible bruta;per habitant (€);;16417
2018;Sant Vicenç dels Horts;renda familiar disponible bruta;per habitant (índex Catalunya=100);;92,7
2018;Santa Bàrbara;renda familiar disponible bruta;valor (milers €);;48521
2018;Santa Bàrbara;renda familiar disponible bruta;per habitant (€);;12809
2018;Santa Bàrbara;renda familiar disponible bruta;per habitant (índex Catalunya=100);;72,4
2018;Santa Coloma de Cervelló;renda familiar disponible bruta;valor (milers €);;150668
2018;Santa Coloma de Cervelló;renda familiar disponible bruta;per habitant (€);;18536
2018;Santa Coloma de Cervelló;renda familiar disponible bruta;per habitant (índex Catalunya=100);;104,7
2018;Santa Coloma de Farners;renda familiar disponible bruta;valor (milers €);;197653
2018;Santa Coloma de Farners;renda familiar disponible bruta;per habitant (€);;15450
2018;Santa Coloma de Farners;renda familiar disponible bruta;per habitant (índex Catalunya=100);;87,3
2018;Santa Coloma de Gramenet;renda familiar disponible bruta;valor (milers €);;1696235
2018;Santa Coloma de Gramenet;renda familiar disponible bruta;per habitant (€);;14343
2018;Santa Coloma de Gramenet;renda familiar disponible bruta;per habitant (índex Catalunya=100);;81
2018;Santa Coloma de Queralt;renda familiar disponible bruta;valor (milers €);;42904
2018;Santa Coloma de Queralt;renda familiar disponible bruta;per habitant (€);;16091
2018;Santa Coloma de Queralt;renda familiar disponible bruta;per habitant (índex Catalunya=100);;90,9
2018;Santa Cristina d'Aro;renda familiar disponible bruta;valor (milers €);;84652
2018;Santa Cristina d'Aro;renda familiar disponible bruta;per habitant (€);;16499
2018;Santa Cristina d'Aro;renda familiar disponible bruta;per habitant (índex Catalunya=100);;93,2
2018;Santa Eugènia de Berga;renda familiar disponible bruta;valor (milers €);;38944
2018;Santa Eugènia de Berga;renda familiar disponible bruta;per habitant (€);;17619
2018;Santa Eugènia de Berga;renda familiar disponible bruta;per habitant (índex Catalunya=100);;99,5
2018;Santa Eulàlia de Riuprimer;renda familiar disponible bruta;valor (milers €);;24604
2018;Santa Eulàlia de Riuprimer;renda familiar disponible bruta;per habitant (€);;18766
2018;Santa Eulàlia de Riuprimer;renda familiar disponible bruta;per habitant (índex Catalunya=100);;106
2018;Santa Eulàlia de Ronçana;renda familiar disponible bruta;valor (milers €);;136512
2018;Santa Eulàlia de Ronçana;renda familiar disponible bruta;per habitant (€);;18902
2018;Santa Eulàlia de Ronçana;renda familiar disponible bruta;per habitant (índex Catalunya=100);;106,8
2018;Santa Margarida de Montbui;renda familiar disponible bruta;valor (milers €);;121221
2018;Santa Margarida de Montbui;renda familiar disponible bruta;per habitant (€);;12204
2018;Santa Margarida de Montbui;renda familiar disponible bruta;per habitant (índex Catalunya=100);;68,9
2018;Santa Margarida i els Monjos;renda familiar disponible bruta;valor (milers €);;121545
2018;Santa Margarida i els Monjos;renda familiar disponible bruta;per habitant (€);;16119
2018;Santa Margarida i els Monjos;renda familiar disponible bruta;per habitant (índex Catalunya=100);;91
2018;Santa Maria d'Oló;renda familiar disponible bruta;valor (milers €);;18102
2018;Santa Maria d'Oló;renda familiar disponible bruta;per habitant (€);;17815
2018;Santa Maria d'Oló;renda familiar disponible bruta;per habitant (índex Catalunya=100);;100,6
2018;Santa Maria de Palautordera;renda familiar disponible bruta;valor (milers €);;157604
2018;Santa Maria de Palautordera;renda familiar disponible bruta;per habitant (€);;16855
2018;Santa Maria de Palautordera;renda familiar disponible bruta;per habitant (índex Catalunya=100);;95,2
2018;Santa Oliva;renda familiar disponible bruta;valor (milers €);;44620
2018;Santa Oliva;renda familiar disponible bruta;per habitant (€);;13485
2018;Santa Oliva;renda familiar disponible bruta;per habitant (índex Catalunya=100);;76,2
2018;Santa Pau;renda familiar disponible bruta;valor (milers €);;27756
2018;Santa Pau;renda familiar disponible bruta;per habitant (€);;18031
2018;Santa Pau;renda familiar disponible bruta;per habitant (índex Catalunya=100);;101,8
2018;Santa Perpètua de Mogoda;renda familiar disponible bruta;valor (milers €);;420784
2018;Santa Perpètua de Mogoda;renda familiar disponible bruta;per habitant (€);;16373
2018;Santa Perpètua de Mogoda;renda familiar disponible bruta;per habitant (índex Catalunya=100);;92,5
2018;Santa Susanna;renda familiar disponible bruta;valor (milers €);;55203
2018;Santa Susanna;renda familiar disponible bruta;per habitant (€);;16383
2018;Santa Susanna;renda familiar disponible bruta;per habitant (índex Catalunya=100);;92,5
2018;Santpedor;renda familiar disponible bruta;valor (milers €);;135798
2018;Santpedor;renda familiar disponible bruta;per habitant (€);;18197
2018;Santpedor;renda familiar disponible bruta;per habitant (índex Catalunya=100);;102,8
2018;Sarral;renda familiar disponible bruta;valor (milers €);;22024
2018;Sarral;renda familiar disponible bruta;per habitant (€);;14346
2018;Sarral;renda familiar disponible bruta;per habitant (índex Catalunya=100);;81
2018;Sarrià de Ter;renda familiar disponible bruta;valor (milers €);;88484
2018;Sarrià de Ter;renda familiar disponible bruta;per habitant (€);;17675
2018;Sarrià de Ter;renda familiar disponible bruta;per habitant (índex Catalunya=100);;99,8
2018;Secuita, la;renda familiar disponible bruta;valor (milers €);;28223
2018;Secuita, la;renda familiar disponible bruta;per habitant (€);;16631
2018;Secuita, la;renda familiar disponible bruta;per habitant (índex Catalunya=100);;93,9
2018;Selva del Camp, la;renda familiar disponible bruta;valor (milers €);;87111
2018;Selva del Camp, la;renda familiar disponible bruta;per habitant (€);;15342
2018;Selva del Camp, la;renda familiar disponible bruta;per habitant (índex Catalunya=100);;86,7
2018;Sénia, la;renda familiar disponible bruta;valor (milers €);;68733
2018;Sénia, la;renda familiar disponible bruta;per habitant (€);;11991
2018;Sénia, la;renda familiar disponible bruta;per habitant (índex Catalunya=100);;67,7
2018;Sentmenat;renda familiar disponible bruta;valor (milers €);;158487
2018;Sentmenat;renda familiar disponible bruta;per habitant (€);;17611
2018;Sentmenat;renda familiar disponible bruta;per habitant (índex Catalunya=100);;99,5
2018;Serinyà;renda familiar disponible bruta;valor (milers €);;18431
2018;Serinyà;renda familiar disponible bruta;per habitant (€);;16531
2018;Serinyà;renda familiar disponible bruta;per habitant (índex Catalunya=100);;93,4
2018;Seròs;renda familiar disponible bruta;valor (milers €);;24161
2018;Seròs;renda familiar disponible bruta;per habitant (€);;12922
2018;Seròs;renda familiar disponible bruta;per habitant (índex Catalunya=100);;73
2018;Seu d'Urgell, la;renda familiar disponible bruta;valor (milers €);;169020
2018;Seu d'Urgell, la;renda familiar disponible bruta;per habitant (€);;14025
2018;Seu d'Urgell, la;renda familiar disponible bruta;per habitant (índex Catalunya=100);;79,2
2018;Seva;renda familiar disponible bruta;valor (milers €);;64211
2018;Seva;renda familiar disponible bruta;per habitant (€);;18591
2018;Seva;renda familiar disponible bruta;per habitant (índex Catalunya=100);;105
2018;Sils;renda familiar disponible bruta;valor (milers €);;92276
2018;Sils;renda familiar disponible bruta;per habitant (€);;15570
2018;Sils;renda familiar disponible bruta;per habitant (índex Catalunya=100);;87,9
2018;Sitges;renda familiar disponible bruta;valor (milers €);;624314
2018;Sitges;renda familiar disponible bruta;per habitant (€);;21841
2018;Sitges;renda familiar disponible bruta;per habitant (índex Catalunya=100);;123,4
2018;Solsona;renda familiar disponible bruta;valor (milers €);;133983
2018;Solsona;renda familiar disponible bruta;per habitant (€);;14637
2018;Solsona;renda familiar disponible bruta;per habitant (índex Catalunya=100);;82,7
2018;Sort;renda familiar disponible bruta;valor (milers €);;34816
2018;Sort;renda familiar disponible bruta;per habitant (€);;16230
2018;Sort;renda familiar disponible bruta;per habitant (índex Catalunya=100);;91,7
2018;Soses;renda familiar disponible bruta;valor (milers €);;24834
2018;Soses;renda familiar disponible bruta;per habitant (€);;14351
2018;Soses;renda familiar disponible bruta;per habitant (índex Catalunya=100);;81,1
2018;Subirats;renda familiar disponible bruta;valor (milers €);;51166
2018;Subirats;renda familiar disponible bruta;per habitant (€);;16898
2018;Subirats;renda familiar disponible bruta;per habitant (índex Catalunya=100);;95,4
2018;Súria;renda familiar disponible bruta;valor (milers €);;102551
2018;Súria;renda familiar disponible bruta;per habitant (€);;17513
2018;Súria;renda familiar disponible bruta;per habitant (índex Catalunya=100);;98,9
2018;Taradell;renda familiar disponible bruta;valor (milers €);;118636
2018;Taradell;renda familiar disponible bruta;per habitant (€);;18614
2018;Taradell;renda familiar disponible bruta;per habitant (índex Catalunya=100);;105,1
2018;Tarragona;renda familiar disponible bruta;valor (milers €);;2171734
2018;Tarragona;renda familiar disponible bruta;per habitant (€);;16231
2018;Tarragona;renda familiar disponible bruta;per habitant (índex Catalunya=100);;91,7
2018;Tàrrega;renda familiar disponible bruta;valor (milers €);;241973
2018;Tàrrega;renda familiar disponible bruta;per habitant (€);;14367
2018;Tàrrega;renda familiar disponible bruta;per habitant (índex Catalunya=100);;81,2
2018;Teià;renda familiar disponible bruta;valor (milers €);;154780
2018;Teià;renda familiar disponible bruta;per habitant (€);;24675
2018;Teià;renda familiar disponible bruta;per habitant (índex Catalunya=100);;139,4
2018;Térmens;renda familiar disponible bruta;valor (milers €);;19050
2018;Térmens;renda familiar disponible bruta;per habitant (€);;14220
2018;Térmens;renda familiar disponible bruta;per habitant (índex Catalunya=100);;80,3
2018;Terrassa;renda familiar disponible bruta;valor (milers €);;3721664
2018;Terrassa;renda familiar disponible bruta;per habitant (€);;16986
2018;Terrassa;renda familiar disponible bruta;per habitant (índex Catalunya=100);;95,9
2018;Tiana;renda familiar disponible bruta;valor (milers €);;204511
2018;Tiana;renda familiar disponible bruta;per habitant (€);;23611
2018;Tiana;renda familiar disponible bruta;per habitant (índex Catalunya=100);;133,4
2018;Tivissa;renda familiar disponible bruta;valor (milers €);;23095
2018;Tivissa;renda familiar disponible bruta;per habitant (€);;14415
2018;Tivissa;renda familiar disponible bruta;per habitant (índex Catalunya=100);;81,4
2018;Tona;renda familiar disponible bruta;valor (milers €);;143323
2018;Tona;renda familiar disponible bruta;per habitant (€);;17720
2018;Tona;renda familiar disponible bruta;per habitant (índex Catalunya=100);;100,1
2018;Torà;renda familiar disponible bruta;valor (milers €);;19507
2018;Torà;renda familiar disponible bruta;per habitant (€);;15901
2018;Torà;renda familiar disponible bruta;per habitant (índex Catalunya=100);;89,8
2018;Tordera;renda familiar disponible bruta;valor (milers €);;240366
2018;Tordera;renda familiar disponible bruta;per habitant (€);;14259
2018;Tordera;renda familiar disponible bruta;per habitant (índex Catalunya=100);;80,5
2018;Torelló;renda familiar disponible bruta;valor (milers €);;250488
2018;Torelló;renda familiar disponible bruta;per habitant (€);;17778
2018;Torelló;renda familiar disponible bruta;per habitant (índex Catalunya=100);;100,4
2018;Torre de Claramunt, la;renda familiar disponible bruta;valor (milers €);;59605
2018;Torre de Claramunt, la;renda familiar disponible bruta;per habitant (€);;16035
2018;Torre de Claramunt, la;renda familiar disponible bruta;per habitant (índex Catalunya=100);;90,6
2018;Torredembarra;renda familiar disponible bruta;valor (milers €);;227572
2018;Torredembarra;renda familiar disponible bruta;per habitant (€);;14104
2018;Torredembarra;renda familiar disponible bruta;per habitant (índex Catalunya=100);;79,7
2018;Torrefarrera;renda familiar disponible bruta;valor (milers €);;72899
2018;Torrefarrera;renda familiar disponible bruta;per habitant (€);;16089
2018;Torrefarrera;renda familiar disponible bruta;per habitant (índex Catalunya=100);;90,9
2018;Torregrossa;renda familiar disponible bruta;valor (milers €);;29306
2018;Torregrossa;renda familiar disponible bruta;per habitant (€);;13246
2018;Torregrossa;renda familiar disponible bruta;per habitant (índex Catalunya=100);;74,8
2018;Torrelavit;renda familiar disponible bruta;valor (milers €);;25430
2018;Torrelavit;renda familiar disponible bruta;per habitant (€);;17891
2018;Torrelavit;renda familiar disponible bruta;per habitant (índex Catalunya=100);;101,1
2018;Torrelles de Foix;renda familiar disponible bruta;valor (milers €);;30026
2018;Torrelles de Foix;renda familiar disponible bruta;per habitant (€);;13001
2018;Torrelles de Foix;renda familiar disponible bruta;per habitant (índex Catalunya=100);;73,4
2018;Torrelles de Llobregat;renda familiar disponible bruta;valor (milers €);;115154
2018;Torrelles de Llobregat;renda familiar disponible bruta;per habitant (€);;19381
2018;Torrelles de Llobregat;renda familiar disponible bruta;per habitant (índex Catalunya=100);;109,5
2018;Torres de Segre;renda familiar disponible bruta;valor (milers €);;28223
2018;Torres de Segre;renda familiar disponible bruta;per habitant (€);;12548
2018;Torres de Segre;renda familiar disponible bruta;per habitant (índex Catalunya=100);;70,9
2018;Torroella de Montgrí;renda familiar disponible bruta;valor (milers €);;160656
2018;Torroella de Montgrí;renda familiar disponible bruta;per habitant (€);;14083
2018;Torroella de Montgrí;renda familiar disponible bruta;per habitant (índex Catalunya=100);;79,5
2018;Tortosa;renda familiar disponible bruta;valor (milers €);;489401
2018;Tortosa;renda familiar disponible bruta;per habitant (€);;14739
2018;Tortosa;renda familiar disponible bruta;per habitant (índex Catalunya=100);;83,3
2018;Tossa de Mar;renda familiar disponible bruta;valor (milers €);;75533
2018;Tossa de Mar;renda familiar disponible bruta;per habitant (€);;13644
2018;Tossa de Mar;renda familiar disponible bruta;per habitant (índex Catalunya=100);;77,1
2018;Tremp;renda familiar disponible bruta;valor (milers €);;89640
2018;Tremp;renda familiar disponible bruta;per habitant (€);;15558
2018;Tremp;renda familiar disponible bruta;per habitant (índex Catalunya=100);;87,9
2018;Ullà;renda familiar disponible bruta;valor (milers €);;14984
2018;Ullà;renda familiar disponible bruta;per habitant (€);;13285
2018;Ullà;renda familiar disponible bruta;per habitant (índex Catalunya=100);;75
2018;Ullastrell;renda familiar disponible bruta;valor (milers €);;39335
2018;Ullastrell;renda familiar disponible bruta;per habitant (€);;18940
2018;Ullastrell;renda familiar disponible bruta;per habitant (índex Catalunya=100);;107
2018;Ulldecona;renda familiar disponible bruta;valor (milers €);;79020
2018;Ulldecona;renda familiar disponible bruta;per habitant (€);;12450
2018;Ulldecona;renda familiar disponible bruta;per habitant (índex Catalunya=100);;70,3
2018;Vacarisses;renda familiar disponible bruta;valor (milers €);;115589
2018;Vacarisses;renda familiar disponible bruta;per habitant (€);;17583
2018;Vacarisses;renda familiar disponible bruta;per habitant (índex Catalunya=100);;99,3
2018;Vall d'en Bas, la;renda familiar disponible bruta;valor (milers €);;55268
2018;Vall d'en Bas, la;renda familiar disponible bruta;per habitant (€);;18466
2018;Vall d'en Bas, la;renda familiar disponible bruta;per habitant (índex Catalunya=100);;104,3
2018;Vall de Bianya, la;renda familiar disponible bruta;valor (milers €);;25455
2018;Vall de Bianya, la;renda familiar disponible bruta;per habitant (€);;20349
2018;Vall de Bianya, la;renda familiar disponible bruta;per habitant (índex Catalunya=100);;114,9
2018;Vall de Boí, la;renda familiar disponible bruta;valor (milers €);;16431
2018;Vall de Boí, la;renda familiar disponible bruta;per habitant (€);;15965
2018;Vall de Boí, la;renda familiar disponible bruta;per habitant (índex Catalunya=100);;90,2
2018;Vallbona d'Anoia;renda familiar disponible bruta;valor (milers €);;23884
2018;Vallbona d'Anoia;renda familiar disponible bruta;per habitant (€);;17222
2018;Vallbona d'Anoia;renda familiar disponible bruta;per habitant (índex Catalunya=100);;97,3
2018;Vallfogona de Balaguer;renda familiar disponible bruta;valor (milers €);;27679
2018;Vallfogona de Balaguer;renda familiar disponible bruta;per habitant (€);;14924
2018;Vallfogona de Balaguer;renda familiar disponible bruta;per habitant (índex Catalunya=100);;84,3
2018;Vallgorguina;renda familiar disponible bruta;valor (milers €);;50511
2018;Vallgorguina;renda familiar disponible bruta;per habitant (€);;17628
2018;Vallgorguina;renda familiar disponible bruta;per habitant (índex Catalunya=100);;99,6
2018;Vallirana;renda familiar disponible bruta;valor (milers €);;269457
2018;Vallirana;renda familiar disponible bruta;per habitant (€);;18190
2018;Vallirana;renda familiar disponible bruta;per habitant (índex Catalunya=100);;102,7
2018;Vallmoll;renda familiar disponible bruta;valor (milers €);;27814
2018;Vallmoll;renda familiar disponible bruta;per habitant (€);;15879
2018;Vallmoll;renda familiar disponible bruta;per habitant (índex Catalunya=100);;89,7
2018;Vallromanes;renda familiar disponible bruta;valor (milers €);;58773
2018;Vallromanes;renda familiar disponible bruta;per habitant (€);;23065
2018;Vallromanes;renda familiar disponible bruta;per habitant (índex Catalunya=100);;130,3
2018;Valls;renda familiar disponible bruta;valor (milers €);;391884
2018;Valls;renda familiar disponible bruta;per habitant (€);;16113
2018;Valls;renda familiar disponible bruta;per habitant (índex Catalunya=100);;91
2018;Vandellòs i l'Hospitalet de l'Infant;renda familiar disponible bruta;valor (milers €);;97046
2018;Vandellòs i l'Hospitalet de l'Infant;renda familiar disponible bruta;per habitant (€);;14987
2018;Vandellòs i l'Hospitalet de l'Infant;renda familiar disponible bruta;per habitant (índex Catalunya=100);;84,7
2018;Vendrell, el;renda familiar disponible bruta;valor (milers €);;557598
2018;Vendrell, el;renda familiar disponible bruta;per habitant (€);;14986
2018;Vendrell, el;renda familiar disponible bruta;per habitant (índex Catalunya=100);;84,6
2018;Verges;renda familiar disponible bruta;valor (milers €);;18500
2018;Verges;renda familiar disponible bruta;per habitant (€);;15930
2018;Verges;renda familiar disponible bruta;per habitant (índex Catalunya=100);;90
2018;Vic;renda familiar disponible bruta;valor (milers €);;747754
2018;Vic;renda familiar disponible bruta;per habitant (€);;16586
2018;Vic;renda familiar disponible bruta;per habitant (índex Catalunya=100);;93,7
2018;Vidreres;renda familiar disponible bruta;valor (milers €);;118644
2018;Vidreres;renda familiar disponible bruta;per habitant (€);;15541
2018;Vidreres;renda familiar disponible bruta;per habitant (índex Catalunya=100);;87,8
2018;Vielha e Mijaran;renda familiar disponible bruta;valor (milers €);;87056
2018;Vielha e Mijaran;renda familiar disponible bruta;per habitant (€);;15943
2018;Vielha e Mijaran;renda familiar disponible bruta;per habitant (índex Catalunya=100);;90,1
2018;Vilablareix;renda familiar disponible bruta;valor (milers €);;54334
2018;Vilablareix;renda familiar disponible bruta;per habitant (€);;19631
2018;Vilablareix;renda familiar disponible bruta;per habitant (índex Catalunya=100);;110,9
2018;Viladecans;renda familiar disponible bruta;valor (milers €);;1139240
2018;Viladecans;renda familiar disponible bruta;per habitant (€);;17308
2018;Viladecans;renda familiar disponible bruta;per habitant (índex Catalunya=100);;97,8
2018;Viladecavalls;renda familiar disponible bruta;valor (milers €);;142745
2018;Viladecavalls;renda familiar disponible bruta;per habitant (€);;19081
2018;Viladecavalls;renda familiar disponible bruta;per habitant (índex Catalunya=100);;107,8
2018;Viladrau;renda familiar disponible bruta;valor (milers €);;18893
2018;Viladrau;renda familiar disponible bruta;per habitant (€);;18510
2018;Viladrau;renda familiar disponible bruta;per habitant (índex Catalunya=100);;104,6
2018;Vilafant;renda familiar disponible bruta;valor (milers €);;85431
2018;Vilafant;renda familiar disponible bruta;per habitant (€);;16167
2018;Vilafant;renda familiar disponible bruta;per habitant (índex Catalunya=100);;91,3
2018;Vilafranca del Penedès;renda familiar disponible bruta;valor (milers €);;659660
2018;Vilafranca del Penedès;renda familiar disponible bruta;per habitant (€);;16569
2018;Vilafranca del Penedès;renda familiar disponible bruta;per habitant (índex Catalunya=100);;93,6
2018;Vilajuïga;renda familiar disponible bruta;valor (milers €);;17666
2018;Vilajuïga;renda familiar disponible bruta;per habitant (€);;16349
2018;Vilajuïga;renda familiar disponible bruta;per habitant (índex Catalunya=100);;92,3
2018;Vilallonga del Camp;renda familiar disponible bruta;valor (milers €);;36318
2018;Vilallonga del Camp;renda familiar disponible bruta;per habitant (€);;15318
2018;Vilallonga del Camp;renda familiar disponible bruta;per habitant (índex Catalunya=100);;86,5
2018;Vilamalla;renda familiar disponible bruta;valor (milers €);;17503
2018;Vilamalla;renda familiar disponible bruta;per habitant (€);;15352
2018;Vilamalla;renda familiar disponible bruta;per habitant (índex Catalunya=100);;86,7
2018;Vilanova de Bellpuig;renda familiar disponible bruta;valor (milers €);;17087
2018;Vilanova de Bellpuig;renda familiar disponible bruta;per habitant (€);;14428
2018;Vilanova de Bellpuig;renda familiar disponible bruta;per habitant (índex Catalunya=100);;81,5
2018;Vilanova de la Barca;renda familiar disponible bruta;valor (milers €);;15641
2018;Vilanova de la Barca;renda familiar disponible bruta;per habitant (€);;15363
2018;Vilanova de la Barca;renda familiar disponible bruta;per habitant (índex Catalunya=100);;86,8
2018;Vilanova de Segrià;renda familiar disponible bruta;valor (milers €);;13976
2018;Vilanova de Segrià;renda familiar disponible bruta;per habitant (€);;14819
2018;Vilanova de Segrià;renda familiar disponible bruta;per habitant (índex Catalunya=100);;83,7
2018;Vilanova del Camí;renda familiar disponible bruta;valor (milers €);;177495
2018;Vilanova del Camí;renda familiar disponible bruta;per habitant (€);;14295
2018;Vilanova del Camí;renda familiar disponible bruta;per habitant (índex Catalunya=100);;80,7
2018;Vilanova del Vallès;renda familiar disponible bruta;valor (milers €);;111110
2018;Vilanova del Vallès;renda familiar disponible bruta;per habitant (€);;20682
2018;Vilanova del Vallès;renda familiar disponible bruta;per habitant (índex Catalunya=100);;116,8
2018;Vilanova i la Geltrú;renda familiar disponible bruta;valor (milers €);;1119491
2018;Vilanova i la Geltrú;renda familiar disponible bruta;per habitant (€);;17114
2018;Vilanova i la Geltrú;renda familiar disponible bruta;per habitant (índex Catalunya=100);;96,7
2018;Vila-rodona;renda familiar disponible bruta;valor (milers €);;18331
2018;Vila-rodona;renda familiar disponible bruta;per habitant (€);;14580
2018;Vila-rodona;renda familiar disponible bruta;per habitant (índex Catalunya=100);;82,4
2018;Vila-seca;renda familiar disponible bruta;valor (milers €);;310117
2018;Vila-seca;renda familiar disponible bruta;per habitant (€);;13961
2018;Vila-seca;renda familiar disponible bruta;per habitant (índex Catalunya=100);;78,9
2018;Vilassar de Dalt;renda familiar disponible bruta;valor (milers €);;186971
2018;Vilassar de Dalt;renda familiar disponible bruta;per habitant (€);;20980
2018;Vilassar de Dalt;renda familiar disponible bruta;per habitant (índex Catalunya=100);;118,5
2018;Vilassar de Mar;renda familiar disponible bruta;valor (milers €);;423671
2018;Vilassar de Mar;renda familiar disponible bruta;per habitant (€);;20633
2018;Vilassar de Mar;renda familiar disponible bruta;per habitant (índex Catalunya=100);;116,5
2018;Vilobí d'Onyar;renda familiar disponible bruta;valor (milers €);;55529
2018;Vilobí d'Onyar;renda familiar disponible bruta;per habitant (€);;17422
2018;Vilobí d'Onyar;renda familiar disponible bruta;per habitant (índex Catalunya=100);;98,4
2018;Vilobí del Penedès;renda familiar disponible bruta;valor (milers €);;18148
2018;Vilobí del Penedès;renda familiar disponible bruta;per habitant (€);;16437
2018;Vilobí del Penedès;renda familiar disponible bruta;per habitant (índex Catalunya=100);;92,8
2018;Vinyols i els Arcs;renda familiar disponible bruta;valor (milers €);;32187
2018;Vinyols i els Arcs;renda familiar disponible bruta;per habitant (€);;15872
2018;Vinyols i els Arcs;renda familiar disponible bruta;per habitant (índex Catalunya=100);;89,7
2018;Xerta;renda familiar disponible bruta;valor (milers €);;16933
2018;Xerta;renda familiar disponible bruta;per habitant (€);;14576
2018;Xerta;renda familiar disponible bruta;per habitant (índex Catalunya=100);;82,3
