any;municipi;concepte;indicador;estat;valor
2015;Abrera;renda familiar disponible bruta;valor (milers €);;209872
2015;Abrera;renda familiar disponible bruta;per habitant (€);;17446
2015;Abrera;renda familiar disponible bruta;per habitant (índex Catalunya=100);;103,4
2015;Agramunt;renda familiar disponible bruta;valor (milers €);;78055
2015;Agramunt;renda familiar disponible bruta;per habitant (€);;14455
2015;Agramunt;renda familiar disponible bruta;per habitant (índex Catalunya=100);;85,7
2015;Aiguafreda;renda familiar disponible bruta;valor (milers €);;40117
2015;Aiguafreda;renda familiar disponible bruta;per habitant (€);;16376
2015;Aiguafreda;renda familiar disponible bruta;per habitant (índex Catalunya=100);;97
2015;Aitona;renda familiar disponible bruta;valor (milers €);;31022
2015;Aitona;renda familiar disponible bruta;per habitant (€);;12720
2015;Aitona;renda familiar disponible bruta;per habitant (índex Catalunya=100);;75,4
2015;Albatàrrec;renda familiar disponible bruta;valor (milers €);;27455
2015;Albatàrrec;renda familiar disponible bruta;per habitant (€);;12442
2015;Albatàrrec;renda familiar disponible bruta;per habitant (índex Catalunya=100);;73,7
2015;Albesa;renda familiar disponible bruta;valor (milers €);;21827
2015;Albesa;renda familiar disponible bruta;per habitant (€);;13720
2015;Albesa;renda familiar disponible bruta;per habitant (índex Catalunya=100);;81,3
2015;Albinyana;renda familiar disponible bruta;valor (milers €);;32124
2015;Albinyana;renda familiar disponible bruta;per habitant (€);;14012
2015;Albinyana;renda familiar disponible bruta;per habitant (índex Catalunya=100);;83
2015;Alcanar;renda familiar disponible bruta;valor (milers €);;113481
2015;Alcanar;renda familiar disponible bruta;per habitant (€);;11884
2015;Alcanar;renda familiar disponible bruta;per habitant (índex Catalunya=100);;70,4
2015;Alcarràs;renda familiar disponible bruta;valor (milers €);;114804
2015;Alcarràs;renda familiar disponible bruta;per habitant (€);;12555
2015;Alcarràs;renda familiar disponible bruta;per habitant (índex Catalunya=100);;74,4
2015;Alcoletge;renda familiar disponible bruta;valor (milers €);;44552
2015;Alcoletge;renda familiar disponible bruta;per habitant (€);;13657
2015;Alcoletge;renda familiar disponible bruta;per habitant (índex Catalunya=100);;80,9
2015;Alcover;renda familiar disponible bruta;valor (milers €);;79724
2015;Alcover;renda familiar disponible bruta;per habitant (€);;15703
2015;Alcover;renda familiar disponible bruta;per habitant (índex Catalunya=100);;93,1
2015;Aldea, l';renda familiar disponible bruta;valor (milers €);;50254
2015;Aldea, l';renda familiar disponible bruta;per habitant (€);;11952
2015;Aldea, l';renda familiar disponible bruta;per habitant (índex Catalunya=100);;70,8
2015;Alella;renda familiar disponible bruta;valor (milers €);;220130
2015;Alella;renda familiar disponible bruta;per habitant (€);;23142
2015;Alella;renda familiar disponible bruta;per habitant (índex Catalunya=100);;137,1
2015;Alfarràs;renda familiar disponible bruta;valor (milers €);;36317
2015;Alfarràs;renda familiar disponible bruta;per habitant (€);;12569
2015;Alfarràs;renda familiar disponible bruta;per habitant (índex Catalunya=100);;74,5
2015;Alforja;renda familiar disponible bruta;valor (milers €);;23670
2015;Alforja;renda familiar disponible bruta;per habitant (€);;12675
2015;Alforja;renda familiar disponible bruta;per habitant (índex Catalunya=100);;75,1
2015;Alguaire;renda familiar disponible bruta;valor (milers €);;43574
2015;Alguaire;renda familiar disponible bruta;per habitant (€);;14807
2015;Alguaire;renda familiar disponible bruta;per habitant (índex Catalunya=100);;87,7
2015;Almacelles;renda familiar disponible bruta;valor (milers €);;87606
2015;Almacelles;renda familiar disponible bruta;per habitant (€);;13184
2015;Almacelles;renda familiar disponible bruta;per habitant (índex Catalunya=100);;78,1
2015;Almenar;renda familiar disponible bruta;valor (milers €);;46839
2015;Almenar;renda familiar disponible bruta;per habitant (€);;13608
2015;Almenar;renda familiar disponible bruta;per habitant (índex Catalunya=100);;80,6
2015;Almoster;renda familiar disponible bruta;valor (milers €);;25800
2015;Almoster;renda familiar disponible bruta;per habitant (€);;18318
2015;Almoster;renda familiar disponible bruta;per habitant (índex Catalunya=100);;108,5
2015;Alp;renda familiar disponible bruta;valor (milers €);;20679
2015;Alp;renda familiar disponible bruta;per habitant (€);;13224
2015;Alp;renda familiar disponible bruta;per habitant (índex Catalunya=100);;78,4
2015;Alpicat;renda familiar disponible bruta;valor (milers €);;107434
2015;Alpicat;renda familiar disponible bruta;per habitant (€);;17536
2015;Alpicat;renda familiar disponible bruta;per habitant (índex Catalunya=100);;103,9
2015;Altafulla;renda familiar disponible bruta;valor (milers €);;86486
2015;Altafulla;renda familiar disponible bruta;per habitant (€);;17163
2015;Altafulla;renda familiar disponible bruta;per habitant (índex Catalunya=100);;101,7
2015;Amer;renda familiar disponible bruta;valor (milers €);;36280
2015;Amer;renda familiar disponible bruta;per habitant (€);;16314
2015;Amer;renda familiar disponible bruta;per habitant (índex Catalunya=100);;96,7
2015;Ametlla de Mar, l';renda familiar disponible bruta;valor (milers €);;83229
2015;Ametlla de Mar, l';renda familiar disponible bruta;per habitant (€);;11772
2015;Ametlla de Mar, l';renda familiar disponible bruta;per habitant (índex Catalunya=100);;69,8
2015;Ametlla del Vallès, l';renda familiar disponible bruta;valor (milers €);;175019
2015;Ametlla del Vallès, l';renda familiar disponible bruta;per habitant (€);;21175
2015;Ametlla del Vallès, l';renda familiar disponible bruta;per habitant (índex Catalunya=100);;125,5
2015;Ampolla, l';renda familiar disponible bruta;valor (milers €);;39674
2015;Ampolla, l';renda familiar disponible bruta;per habitant (€);;11797
2015;Ampolla, l';renda familiar disponible bruta;per habitant (índex Catalunya=100);;69,9
2015;Amposta;renda familiar disponible bruta;valor (milers €);;254115
2015;Amposta;renda familiar disponible bruta;per habitant (€);;12215
2015;Amposta;renda familiar disponible bruta;per habitant (índex Catalunya=100);;72,4
2015;Anglès;renda familiar disponible bruta;valor (milers €);;78165
2015;Anglès;renda familiar disponible bruta;per habitant (€);;14394
2015;Anglès;renda familiar disponible bruta;per habitant (índex Catalunya=100);;85,3
2015;Anglesola;renda familiar disponible bruta;valor (milers €);;19304
2015;Anglesola;renda familiar disponible bruta;per habitant (€);;14338
2015;Anglesola;renda familiar disponible bruta;per habitant (índex Catalunya=100);;85
2015;Arbeca;renda familiar disponible bruta;valor (milers €);;29546
2015;Arbeca;renda familiar disponible bruta;per habitant (€);;13087
2015;Arbeca;renda familiar disponible bruta;per habitant (índex Catalunya=100);;77,6
2015;Arboç, l';renda familiar disponible bruta;valor (milers €);;68597
2015;Arboç, l';renda familiar disponible bruta;per habitant (€);;12538
2015;Arboç, l';renda familiar disponible bruta;per habitant (índex Catalunya=100);;74,3
2015;Arbúcies;renda familiar disponible bruta;valor (milers €);;83422
2015;Arbúcies;renda familiar disponible bruta;per habitant (€);;13346
2015;Arbúcies;renda familiar disponible bruta;per habitant (índex Catalunya=100);;79,1
2015;Arenys de Mar;renda familiar disponible bruta;valor (milers €);;240670
2015;Arenys de Mar;renda familiar disponible bruta;per habitant (€);;15982
2015;Arenys de Mar;renda familiar disponible bruta;per habitant (índex Catalunya=100);;94,7
2015;Arenys de Munt;renda familiar disponible bruta;valor (milers €);;141446
2015;Arenys de Munt;renda familiar disponible bruta;per habitant (€);;16512
2015;Arenys de Munt;renda familiar disponible bruta;per habitant (índex Catalunya=100);;97,8
2015;Argentona;renda familiar disponible bruta;valor (milers €);;202310
2015;Argentona;renda familiar disponible bruta;per habitant (€);;17076
2015;Argentona;renda familiar disponible bruta;per habitant (índex Catalunya=100);;101,2
2015;Armentera, l';renda familiar disponible bruta;valor (milers €);;14131
2015;Armentera, l';renda familiar disponible bruta;per habitant (€);;15751
2015;Armentera, l';renda familiar disponible bruta;per habitant (índex Catalunya=100);;93,3
2015;Artés;renda familiar disponible bruta;valor (milers €);;87503
2015;Artés;renda familiar disponible bruta;per habitant (€);;15660
2015;Artés;renda familiar disponible bruta;per habitant (índex Catalunya=100);;92,8
2015;Artesa de Lleida;renda familiar disponible bruta;valor (milers €);;21933
2015;Artesa de Lleida;renda familiar disponible bruta;per habitant (€);;14783
2015;Artesa de Lleida;renda familiar disponible bruta;per habitant (índex Catalunya=100);;87,6
2015;Artesa de Segre;renda familiar disponible bruta;valor (milers €);;45648
2015;Artesa de Segre;renda familiar disponible bruta;per habitant (€);;12886
2015;Artesa de Segre;renda familiar disponible bruta;per habitant (índex Catalunya=100);;76,4
2015;Ascó;renda familiar disponible bruta;valor (milers €);;27483
2015;Ascó;renda familiar disponible bruta;per habitant (€);;16539
2015;Ascó;renda familiar disponible bruta;per habitant (índex Catalunya=100);;98
2015;Avià;renda familiar disponible bruta;valor (milers €);;36458
2015;Avià;renda familiar disponible bruta;per habitant (€);;16358
2015;Avià;renda familiar disponible bruta;per habitant (índex Catalunya=100);;96,9
2015;Avinyó;renda familiar disponible bruta;valor (milers €);;35254
2015;Avinyó;renda familiar disponible bruta;per habitant (€);;15930
2015;Avinyó;renda familiar disponible bruta;per habitant (índex Catalunya=100);;94,4
2015;Avinyonet de Puigventós;renda familiar disponible bruta;valor (milers €);;25477
2015;Avinyonet de Puigventós;renda familiar disponible bruta;per habitant (€);;16595
2015;Avinyonet de Puigventós;renda familiar disponible bruta;per habitant (índex Catalunya=100);;98,3
2015;Avinyonet del Penedès;renda familiar disponible bruta;valor (milers €);;28360
2015;Avinyonet del Penedès;renda familiar disponible bruta;per habitant (€);;17208
2015;Avinyonet del Penedès;renda familiar disponible bruta;per habitant (índex Catalunya=100);;102
2015;Badalona;renda familiar disponible bruta;valor (milers €);;3433605
2015;Badalona;renda familiar disponible bruta;per habitant (€);;16128
2015;Badalona;renda familiar disponible bruta;per habitant (índex Catalunya=100);;95,6
2015;Badia del Vallès;renda familiar disponible bruta;valor (milers €);;171392
2015;Badia del Vallès;renda familiar disponible bruta;per habitant (€);;12768
2015;Badia del Vallès;renda familiar disponible bruta;per habitant (índex Catalunya=100);;75,7
2015;Bagà;renda familiar disponible bruta;valor (milers €);;34877
2015;Bagà;renda familiar disponible bruta;per habitant (€);;16123
2015;Bagà;renda familiar disponible bruta;per habitant (índex Catalunya=100);;95,5
2015;Balaguer;renda familiar disponible bruta;valor (milers €);;211360
2015;Balaguer;renda familiar disponible bruta;per habitant (€);;12959
2015;Balaguer;renda familiar disponible bruta;per habitant (índex Catalunya=100);;76,8
2015;Balenyà;renda familiar disponible bruta;valor (milers €);;57570
2015;Balenyà;renda familiar disponible bruta;per habitant (€);;15755
2015;Balenyà;renda familiar disponible bruta;per habitant (índex Catalunya=100);;93,4
2015;Balsareny;renda familiar disponible bruta;valor (milers €);;53028
2015;Balsareny;renda familiar disponible bruta;per habitant (€);;16170
2015;Balsareny;renda familiar disponible bruta;per habitant (índex Catalunya=100);;95,8
2015;Banyeres del Penedès;renda familiar disponible bruta;valor (milers €);;47745
2015;Banyeres del Penedès;renda familiar disponible bruta;per habitant (€);;15544
2015;Banyeres del Penedès;renda familiar disponible bruta;per habitant (índex Catalunya=100);;92,1
2015;Banyoles;renda familiar disponible bruta;valor (milers €);;297511
2015;Banyoles;renda familiar disponible bruta;per habitant (€);;15550
2015;Banyoles;renda familiar disponible bruta;per habitant (índex Catalunya=100);;92,1
2015;Barberà del Vallès;renda familiar disponible bruta;valor (milers €);;553223
2015;Barberà del Vallès;renda familiar disponible bruta;per habitant (€);;17011
2015;Barberà del Vallès;renda familiar disponible bruta;per habitant (índex Catalunya=100);;100,8
2015;Barcelona;renda familiar disponible bruta;valor (milers €);;32604034
2015;Barcelona;renda familiar disponible bruta;per habitant (€);;20556
2015;Barcelona;renda familiar disponible bruta;per habitant (índex Catalunya=100);;121,8
2015;Bàscara;renda familiar disponible bruta;valor (milers €);;14513
2015;Bàscara;renda familiar disponible bruta;per habitant (€);;15494
2015;Bàscara;renda familiar disponible bruta;per habitant (índex Catalunya=100);;91,8
2015;Batea;renda familiar disponible bruta;valor (milers €);;23706
2015;Batea;renda familiar disponible bruta;per habitant (€);;12262
2015;Batea;renda familiar disponible bruta;per habitant (índex Catalunya=100);;72,7
2015;Begues;renda familiar disponible bruta;valor (milers €);;136271
2015;Begues;renda familiar disponible bruta;per habitant (€);;20522
2015;Begues;renda familiar disponible bruta;per habitant (índex Catalunya=100);;121,6
2015;Begur;renda familiar disponible bruta;valor (milers €);;57351
2015;Begur;renda familiar disponible bruta;per habitant (€);;14705
2015;Begur;renda familiar disponible bruta;per habitant (índex Catalunya=100);;87,1
2015;Bellcaire d'Urgell;renda familiar disponible bruta;valor (milers €);;18961
2015;Bellcaire d'Urgell;renda familiar disponible bruta;per habitant (€);;14997
2015;Bellcaire d'Urgell;renda familiar disponible bruta;per habitant (índex Catalunya=100);;88,9
2015;Bell-lloc d'Urgell;renda familiar disponible bruta;valor (milers €);;34771
2015;Bell-lloc d'Urgell;renda familiar disponible bruta;per habitant (€);;14937
2015;Bell-lloc d'Urgell;renda familiar disponible bruta;per habitant (índex Catalunya=100);;88,5
2015;Bellpuig;renda familiar disponible bruta;valor (milers €);;65199
2015;Bellpuig;renda familiar disponible bruta;per habitant (€);;13146
2015;Bellpuig;renda familiar disponible bruta;per habitant (índex Catalunya=100);;77,9
2015;Bellvei;renda familiar disponible bruta;valor (milers €);;27392
2015;Bellvei;renda familiar disponible bruta;per habitant (€);;12625
2015;Bellvei;renda familiar disponible bruta;per habitant (índex Catalunya=100);;74,8
2015;Bellver de Cerdanya;renda familiar disponible bruta;valor (milers €);;30730
2015;Bellver de Cerdanya;renda familiar disponible bruta;per habitant (€);;15294
2015;Bellver de Cerdanya;renda familiar disponible bruta;per habitant (índex Catalunya=100);;90,6
2015;Bellvís;renda familiar disponible bruta;valor (milers €);;31468
2015;Bellvís;renda familiar disponible bruta;per habitant (€);;13948
2015;Bellvís;renda familiar disponible bruta;per habitant (índex Catalunya=100);;82,7
2015;Benavent de Segrià;renda familiar disponible bruta;valor (milers €);;23665
2015;Benavent de Segrià;renda familiar disponible bruta;per habitant (€);;16169
2015;Benavent de Segrià;renda familiar disponible bruta;per habitant (índex Catalunya=100);;95,8
2015;Benissanet;renda familiar disponible bruta;valor (milers €);;14554
2015;Benissanet;renda familiar disponible bruta;per habitant (€);;11980
2015;Benissanet;renda familiar disponible bruta;per habitant (índex Catalunya=100);;71
2015;Berga;renda familiar disponible bruta;valor (milers €);;258131
2015;Berga;renda familiar disponible bruta;per habitant (€);;16015
2015;Berga;renda familiar disponible bruta;per habitant (índex Catalunya=100);;94,9
2015;Besalú;renda familiar disponible bruta;valor (milers €);;37904
2015;Besalú;renda familiar disponible bruta;per habitant (€);;15861
2015;Besalú;renda familiar disponible bruta;per habitant (índex Catalunya=100);;94
2015;Bescanó;renda familiar disponible bruta;valor (milers €);;80206
2015;Bescanó;renda familiar disponible bruta;per habitant (€);;16997
2015;Bescanó;renda familiar disponible bruta;per habitant (índex Catalunya=100);;100,7
2015;Bigues i Riells del Fai;renda familiar disponible bruta;valor (milers €);;159697
2015;Bigues i Riells del Fai;renda familiar disponible bruta;per habitant (€);;18090
2015;Bigues i Riells del Fai;renda familiar disponible bruta;per habitant (índex Catalunya=100);;107,2
2015;Bisbal d'Empordà, la;renda familiar disponible bruta;valor (milers €);;133643
2015;Bisbal d'Empordà, la;renda familiar disponible bruta;per habitant (€);;12658
2015;Bisbal d'Empordà, la;renda familiar disponible bruta;per habitant (índex Catalunya=100);;75
2015;Bisbal del Penedès, la;renda familiar disponible bruta;valor (milers €);;46124
2015;Bisbal del Penedès, la;renda familiar disponible bruta;per habitant (€);;13402
2015;Bisbal del Penedès, la;renda familiar disponible bruta;per habitant (índex Catalunya=100);;79,4
2015;Blanes;renda familiar disponible bruta;valor (milers €);;515037
2015;Blanes;renda familiar disponible bruta;per habitant (€);;13358
2015;Blanes;renda familiar disponible bruta;per habitant (índex Catalunya=100);;79,2
2015;Bordils;renda familiar disponible bruta;valor (milers €);;29013
2015;Bordils;renda familiar disponible bruta;per habitant (€);;17522
2015;Bordils;renda familiar disponible bruta;per habitant (índex Catalunya=100);;103,8
2015;Borges Blanques, les;renda familiar disponible bruta;valor (milers €);;84928
2015;Borges Blanques, les;renda familiar disponible bruta;per habitant (€);;14141
2015;Borges Blanques, les;renda familiar disponible bruta;per habitant (índex Catalunya=100);;83,8
2015;Borges del Camp, les;renda familiar disponible bruta;valor (milers €);;29170
2015;Borges del Camp, les;renda familiar disponible bruta;per habitant (€);;14004
2015;Borges del Camp, les;renda familiar disponible bruta;per habitant (índex Catalunya=100);;83
2015;Bossòst;renda familiar disponible bruta;valor (milers €);;16564
2015;Bossòst;renda familiar disponible bruta;per habitant (€);;14869
2015;Bossòst;renda familiar disponible bruta;per habitant (índex Catalunya=100);;88,1
2015;Botarell;renda familiar disponible bruta;valor (milers €);;17614
2015;Botarell;renda familiar disponible bruta;per habitant (€);;15827
2015;Botarell;renda familiar disponible bruta;per habitant (índex Catalunya=100);;93,8
2015;Breda;renda familiar disponible bruta;valor (milers €);;54730
2015;Breda;renda familiar disponible bruta;per habitant (€);;14899
2015;Breda;renda familiar disponible bruta;per habitant (índex Catalunya=100);;88,3
2015;Bruc, el;renda familiar disponible bruta;valor (milers €);;36050
2015;Bruc, el;renda familiar disponible bruta;per habitant (€);;17856
2015;Bruc, el;renda familiar disponible bruta;per habitant (índex Catalunya=100);;105,8
2015;Cabanyes, les;renda familiar disponible bruta;valor (milers €);;16122
2015;Cabanyes, les;renda familiar disponible bruta;per habitant (€);;16989
2015;Cabanyes, les;renda familiar disponible bruta;per habitant (índex Catalunya=100);;100,7
2015;Cabra del Camp;renda familiar disponible bruta;valor (milers €);;14270
2015;Cabra del Camp;renda familiar disponible bruta;per habitant (€);;12862
2015;Cabra del Camp;renda familiar disponible bruta;per habitant (índex Catalunya=100);;76,2
2015;Cabrera d'Anoia;renda familiar disponible bruta;valor (milers €);;19430
2015;Cabrera d'Anoia;renda familiar disponible bruta;per habitant (€);;14427
2015;Cabrera d'Anoia;renda familiar disponible bruta;per habitant (índex Catalunya=100);;85,5
2015;Cabrera de Mar;renda familiar disponible bruta;valor (milers €);;91387
2015;Cabrera de Mar;renda familiar disponible bruta;per habitant (€);;20424
2015;Cabrera de Mar;renda familiar disponible bruta;per habitant (índex Catalunya=100);;121
2015;Cabrils;renda familiar disponible bruta;valor (milers €);;169627
2015;Cabrils;renda familiar disponible bruta;per habitant (€);;23666
2015;Cabrils;renda familiar disponible bruta;per habitant (índex Catalunya=100);;140,2
2015;Cadaqués;renda familiar disponible bruta;valor (milers €);;30771
2015;Cadaqués;renda familiar disponible bruta;per habitant (€);;11128
2015;Cadaqués;renda familiar disponible bruta;per habitant (índex Catalunya=100);;65,9
2015;Calaf;renda familiar disponible bruta;valor (milers €);;50781
2015;Calaf;renda familiar disponible bruta;per habitant (€);;14856
2015;Calaf;renda familiar disponible bruta;per habitant (índex Catalunya=100);;88
2015;Calafell;renda familiar disponible bruta;valor (milers €);;323671
2015;Calafell;renda familiar disponible bruta;per habitant (€);;13445
2015;Calafell;renda familiar disponible bruta;per habitant (índex Catalunya=100);;79,7
2015;Calders;renda familiar disponible bruta;valor (milers €);;16177
2015;Calders;renda familiar disponible bruta;per habitant (€);;16977
2015;Calders;renda familiar disponible bruta;per habitant (índex Catalunya=100);;100,6
2015;Caldes d'Estrac;renda familiar disponible bruta;valor (milers €);;51619
2015;Caldes d'Estrac;renda familiar disponible bruta;per habitant (€);;19094
2015;Caldes d'Estrac;renda familiar disponible bruta;per habitant (índex Catalunya=100);;113,1
2015;Caldes de Malavella;renda familiar disponible bruta;valor (milers €);;113046
2015;Caldes de Malavella;renda familiar disponible bruta;per habitant (€);;15936
2015;Caldes de Malavella;renda familiar disponible bruta;per habitant (índex Catalunya=100);;94,4
2015;Caldes de Montbui;renda familiar disponible bruta;valor (milers €);;290591
2015;Caldes de Montbui;renda familiar disponible bruta;per habitant (€);;17089
2015;Caldes de Montbui;renda familiar disponible bruta;per habitant (índex Catalunya=100);;101,3
2015;Calella;renda familiar disponible bruta;valor (milers €);;250669
2015;Calella;renda familiar disponible bruta;per habitant (€);;13912
2015;Calella;renda familiar disponible bruta;per habitant (índex Catalunya=100);;82,4
2015;Calldetenes;renda familiar disponible bruta;valor (milers €);;39959
2015;Calldetenes;renda familiar disponible bruta;per habitant (€);;16738
2015;Calldetenes;renda familiar disponible bruta;per habitant (índex Catalunya=100);;99,2
2015;Callús;renda familiar disponible bruta;valor (milers €);;30274
2015;Callús;renda familiar disponible bruta;per habitant (€);;14950
2015;Callús;renda familiar disponible bruta;per habitant (índex Catalunya=100);;88,6
2015;Calonge i Sant Antoni;renda familiar disponible bruta;valor (milers €);;145117
2015;Calonge i Sant Antoni;renda familiar disponible bruta;per habitant (€);;13920
2015;Calonge i Sant Antoni;renda familiar disponible bruta;per habitant (índex Catalunya=100);;82,5
2015;Camarles;renda familiar disponible bruta;valor (milers €);;36345
2015;Camarles;renda familiar disponible bruta;per habitant (€);;10760
2015;Camarles;renda familiar disponible bruta;per habitant (índex Catalunya=100);;63,8
2015;Cambrils;renda familiar disponible bruta;valor (milers €);;489457
2015;Cambrils;renda familiar disponible bruta;per habitant (€);;14758
2015;Cambrils;renda familiar disponible bruta;per habitant (índex Catalunya=100);;87,5
2015;Campdevànol;renda familiar disponible bruta;valor (milers €);;58255
2015;Campdevànol;renda familiar disponible bruta;per habitant (€);;17545
2015;Campdevànol;renda familiar disponible bruta;per habitant (índex Catalunya=100);;104
2015;Camprodon;renda familiar disponible bruta;valor (milers €);;34204
2015;Camprodon;renda familiar disponible bruta;per habitant (€);;15192
2015;Camprodon;renda familiar disponible bruta;per habitant (índex Catalunya=100);;90
2015;Canet de Mar;renda familiar disponible bruta;valor (milers €);;222566
2015;Canet de Mar;renda familiar disponible bruta;per habitant (€);;15860
2015;Canet de Mar;renda familiar disponible bruta;per habitant (índex Catalunya=100);;94
2015;Canonja, la;renda familiar disponible bruta;valor (milers €);;80226
2015;Canonja, la;renda familiar disponible bruta;per habitant (€);;13742
2015;Canonja, la;renda familiar disponible bruta;per habitant (índex Catalunya=100);;81,4
2015;Canovelles;renda familiar disponible bruta;valor (milers €);;216034
2015;Canovelles;renda familiar disponible bruta;per habitant (€);;13659
2015;Canovelles;renda familiar disponible bruta;per habitant (índex Catalunya=100);;80,9
2015;Cànoves i Samalús;renda familiar disponible bruta;valor (milers €);;48698
2015;Cànoves i Samalús;renda familiar disponible bruta;per habitant (€);;16992
2015;Cànoves i Samalús;renda familiar disponible bruta;per habitant (índex Catalunya=100);;100,7
2015;Canyelles;renda familiar disponible bruta;valor (milers €);;74422
2015;Canyelles;renda familiar disponible bruta;per habitant (€);;17245
2015;Canyelles;renda familiar disponible bruta;per habitant (índex Catalunya=100);;102,2
2015;Capellades;renda familiar disponible bruta;valor (milers €);;84554
2015;Capellades;renda familiar disponible bruta;per habitant (€);;16146
2015;Capellades;renda familiar disponible bruta;per habitant (índex Catalunya=100);;95,7
2015;Cardedeu;renda familiar disponible bruta;valor (milers €);;304856
2015;Cardedeu;renda familiar disponible bruta;per habitant (€);;17003
2015;Cardedeu;renda familiar disponible bruta;per habitant (índex Catalunya=100);;100,8
2015;Cardona;renda familiar disponible bruta;valor (milers €);;76926
2015;Cardona;renda familiar disponible bruta;per habitant (€);;16027
2015;Cardona;renda familiar disponible bruta;per habitant (índex Catalunya=100);;95
2015;Cassà de la Selva;renda familiar disponible bruta;valor (milers €);;154274
2015;Cassà de la Selva;renda familiar disponible bruta;per habitant (€);;15749
2015;Cassà de la Selva;renda familiar disponible bruta;per habitant (índex Catalunya=100);;93,3
2015;Casserres;renda familiar disponible bruta;valor (milers €);;25045
2015;Casserres;renda familiar disponible bruta;per habitant (€);;16411
2015;Casserres;renda familiar disponible bruta;per habitant (índex Catalunya=100);;97,2
2015;Castell d'Aro, Platja d'Aro i s'Agaró;renda familiar disponible bruta;valor (milers €);;126943
2015;Castell d'Aro, Platja d'Aro i s'Agaró;renda familiar disponible bruta;per habitant (€);;12219
2015;Castell d'Aro, Platja d'Aro i s'Agaró;renda familiar disponible bruta;per habitant (índex Catalunya=100);;72,4
2015;Castellar del Vallès;renda familiar disponible bruta;valor (milers €);;399426
2015;Castellar del Vallès;renda familiar disponible bruta;per habitant (€);;17057
2015;Castellar del Vallès;renda familiar disponible bruta;per habitant (índex Catalunya=100);;101,1
2015;Castellbell i el Vilar;renda familiar disponible bruta;valor (milers €);;54680
2015;Castellbell i el Vilar;renda familiar disponible bruta;per habitant (€);;15412
2015;Castellbell i el Vilar;renda familiar disponible bruta;per habitant (índex Catalunya=100);;91,3
2015;Castellbisbal;renda familiar disponible bruta;valor (milers €);;216520
2015;Castellbisbal;renda familiar disponible bruta;per habitant (€);;17664
2015;Castellbisbal;renda familiar disponible bruta;per habitant (índex Catalunya=100);;104,7
2015;Castelldefels;renda familiar disponible bruta;valor (milers €);;1231035
2015;Castelldefels;renda familiar disponible bruta;per habitant (€);;19299
2015;Castelldefels;renda familiar disponible bruta;per habitant (índex Catalunya=100);;114,4
2015;Castellet i la Gornal;renda familiar disponible bruta;valor (milers €);;34590
2015;Castellet i la Gornal;renda familiar disponible bruta;per habitant (€);;15805
2015;Castellet i la Gornal;renda familiar disponible bruta;per habitant (índex Catalunya=100);;93,7
2015;Castellgalí;renda familiar disponible bruta;valor (milers €);;29295
2015;Castellgalí;renda familiar disponible bruta;per habitant (€);;14793
2015;Castellgalí;renda familiar disponible bruta;per habitant (índex Catalunya=100);;87,7
2015;Castellnou de Bages;renda familiar disponible bruta;valor (milers €);;20486
2015;Castellnou de Bages;renda familiar disponible bruta;per habitant (€);;16171
2015;Castellnou de Bages;renda familiar disponible bruta;per habitant (índex Catalunya=100);;95,8
2015;Castelló d'Empúries;renda familiar disponible bruta;valor (milers €);;109507
2015;Castelló d'Empúries;renda familiar disponible bruta;per habitant (€);;10383
2015;Castelló d'Empúries;renda familiar disponible bruta;per habitant (índex Catalunya=100);;61,5
2015;Castellterçol;renda familiar disponible bruta;valor (milers €);;37855
2015;Castellterçol;renda familiar disponible bruta;per habitant (€);;16172
2015;Castellterçol;renda familiar disponible bruta;per habitant (índex Catalunya=100);;95,8
2015;Castellvell del Camp;renda familiar disponible bruta;valor (milers €);;56629
2015;Castellvell del Camp;renda familiar disponible bruta;per habitant (€);;19662
2015;Castellvell del Camp;renda familiar disponible bruta;per habitant (índex Catalunya=100);;116,5
2015;Castellví de la Marca;renda familiar disponible bruta;valor (milers €);;22749
2015;Castellví de la Marca;renda familiar disponible bruta;per habitant (€);;14842
2015;Castellví de la Marca;renda familiar disponible bruta;per habitant (índex Catalunya=100);;88
2015;Castellví de Rosanes;renda familiar disponible bruta;valor (milers €);;32661
2015;Castellví de Rosanes;renda familiar disponible bruta;per habitant (€);;18429
2015;Castellví de Rosanes;renda familiar disponible bruta;per habitant (índex Catalunya=100);;109,2
2015;Catllar, el;renda familiar disponible bruta;valor (milers €);;74085
2015;Catllar, el;renda familiar disponible bruta;per habitant (€);;17598
2015;Catllar, el;renda familiar disponible bruta;per habitant (índex Catalunya=100);;104,3
2015;Cellera de Ter, la;renda familiar disponible bruta;valor (milers €);;29728
2015;Cellera de Ter, la;renda familiar disponible bruta;per habitant (€);;14616
2015;Cellera de Ter, la;renda familiar disponible bruta;per habitant (índex Catalunya=100);;86,6
2015;Celrà;renda familiar disponible bruta;valor (milers €);;81743
2015;Celrà;renda familiar disponible bruta;per habitant (€);;16003
2015;Celrà;renda familiar disponible bruta;per habitant (índex Catalunya=100);;94,8
2015;Centelles;renda familiar disponible bruta;valor (milers €);;118191
2015;Centelles;renda familiar disponible bruta;per habitant (€);;16227
2015;Centelles;renda familiar disponible bruta;per habitant (índex Catalunya=100);;96,2
2015;Cercs;renda familiar disponible bruta;valor (milers €);;21300
2015;Cercs;renda familiar disponible bruta;per habitant (€);;17907
2015;Cercs;renda familiar disponible bruta;per habitant (índex Catalunya=100);;106,1
2015;Cerdanyola del Vallès;renda familiar disponible bruta;valor (milers €);;1052155
2015;Cerdanyola del Vallès;renda familiar disponible bruta;per habitant (€);;18399
2015;Cerdanyola del Vallès;renda familiar disponible bruta;per habitant (índex Catalunya=100);;109
2015;Cervelló;renda familiar disponible bruta;valor (milers €);;168303
2015;Cervelló;renda familiar disponible bruta;per habitant (€);;19184
2015;Cervelló;renda familiar disponible bruta;per habitant (índex Catalunya=100);;113,7
2015;Cervera;renda familiar disponible bruta;valor (milers €);;119428
2015;Cervera;renda familiar disponible bruta;per habitant (€);;13450
2015;Cervera;renda familiar disponible bruta;per habitant (índex Catalunya=100);;79,7
2015;Cervià de Ter;renda familiar disponible bruta;valor (milers €);;15137
2015;Cervià de Ter;renda familiar disponible bruta;per habitant (€);;16824
2015;Cervià de Ter;renda familiar disponible bruta;per habitant (índex Catalunya=100);;99,7
2015;Collbató;renda familiar disponible bruta;valor (milers €);;89825
2015;Collbató;renda familiar disponible bruta;per habitant (€);;20643
2015;Collbató;renda familiar disponible bruta;per habitant (índex Catalunya=100);;122,3
2015;Constantí;renda familiar disponible bruta;valor (milers €);;76410
2015;Constantí;renda familiar disponible bruta;per habitant (€);;11897
2015;Constantí;renda familiar disponible bruta;per habitant (índex Catalunya=100);;70,5
2015;Corbera d'Ebre;renda familiar disponible bruta;valor (milers €);;12958
2015;Corbera d'Ebre;renda familiar disponible bruta;per habitant (€);;12055
2015;Corbera d'Ebre;renda familiar disponible bruta;per habitant (índex Catalunya=100);;71,4
2015;Corbera de Llobregat;renda familiar disponible bruta;valor (milers €);;245200
2015;Corbera de Llobregat;renda familiar disponible bruta;per habitant (€);;17426
2015;Corbera de Llobregat;renda familiar disponible bruta;per habitant (índex Catalunya=100);;103,3
2015;Corbins;renda familiar disponible bruta;valor (milers €);;20474
2015;Corbins;renda familiar disponible bruta;per habitant (€);;14955
2015;Corbins;renda familiar disponible bruta;per habitant (índex Catalunya=100);;88,6
2015;Corçà;renda familiar disponible bruta;valor (milers €);;18579
2015;Corçà;renda familiar disponible bruta;per habitant (€);;15176
2015;Corçà;renda familiar disponible bruta;per habitant (índex Catalunya=100);;89,9
2015;Cornellà de Llobregat;renda familiar disponible bruta;valor (milers €);;1393086
2015;Cornellà de Llobregat;renda familiar disponible bruta;per habitant (€);;16309
2015;Cornellà de Llobregat;renda familiar disponible bruta;per habitant (índex Catalunya=100);;96,6
2015;Cornellà del Terri;renda familiar disponible bruta;valor (milers €);;36786
2015;Cornellà del Terri;renda familiar disponible bruta;per habitant (€);;16411
2015;Cornellà del Terri;renda familiar disponible bruta;per habitant (índex Catalunya=100);;97,3
2015;Creixell;renda familiar disponible bruta;valor (milers €);;48338
2015;Creixell;renda familiar disponible bruta;per habitant (€);;13903
2015;Creixell;renda familiar disponible bruta;per habitant (índex Catalunya=100);;82,4
2015;Cruïlles, Monells i Sant Sadurní de l'Heura;renda familiar disponible bruta;valor (milers €);;21842
2015;Cruïlles, Monells i Sant Sadurní de l'Heura;renda familiar disponible bruta;per habitant (€);;17134
2015;Cruïlles, Monells i Sant Sadurní de l'Heura;renda familiar disponible bruta;per habitant (índex Catalunya=100);;101,5
2015;Cubelles;renda familiar disponible bruta;valor (milers €);;241252
2015;Cubelles;renda familiar disponible bruta;per habitant (€);;16912
2015;Cubelles;renda familiar disponible bruta;per habitant (índex Catalunya=100);;100,2
2015;Cunit;renda familiar disponible bruta;valor (milers €);;163086
2015;Cunit;renda familiar disponible bruta;per habitant (€);;13881
2015;Cunit;renda familiar disponible bruta;per habitant (índex Catalunya=100);;82,3
2015;Deltebre;renda familiar disponible bruta;valor (milers €);;131490
2015;Deltebre;renda familiar disponible bruta;per habitant (€);;11441
2015;Deltebre;renda familiar disponible bruta;per habitant (índex Catalunya=100);;67,8
2015;Dosrius;renda familiar disponible bruta;valor (milers €);;86548
2015;Dosrius;renda familiar disponible bruta;per habitant (€);;16929
2015;Dosrius;renda familiar disponible bruta;per habitant (índex Catalunya=100);;100,3
2015;Escala, l';renda familiar disponible bruta;valor (milers €);;124391
2015;Escala, l';renda familiar disponible bruta;per habitant (€);;12352
2015;Escala, l';renda familiar disponible bruta;per habitant (índex Catalunya=100);;73,2
2015;Esparreguera;renda familiar disponible bruta;valor (milers €);;360901
2015;Esparreguera;renda familiar disponible bruta;per habitant (€);;16763
2015;Esparreguera;renda familiar disponible bruta;per habitant (índex Catalunya=100);;99,3
2015;Espluga de Francolí, l';renda familiar disponible bruta;valor (milers €);;54305
2015;Espluga de Francolí, l';renda familiar disponible bruta;per habitant (€);;14310
2015;Espluga de Francolí, l';renda familiar disponible bruta;per habitant (índex Catalunya=100);;84,8
2015;Esplugues de Llobregat;renda familiar disponible bruta;valor (milers €);;876180
2015;Esplugues de Llobregat;renda familiar disponible bruta;per habitant (€);;19362
2015;Esplugues de Llobregat;renda familiar disponible bruta;per habitant (índex Catalunya=100);;114,7
2015;Esquirol, l';renda familiar disponible bruta;valor (milers €);;36531
2015;Esquirol, l';renda familiar disponible bruta;per habitant (€);;17169
2015;Esquirol, l';renda familiar disponible bruta;per habitant (índex Catalunya=100);;101,7
2015;Falset;renda familiar disponible bruta;valor (milers €);;39401
2015;Falset;renda familiar disponible bruta;per habitant (€);;13930
2015;Falset;renda familiar disponible bruta;per habitant (índex Catalunya=100);;82,5
2015;Figaró-Montmany;renda familiar disponible bruta;valor (milers €);;14786
2015;Figaró-Montmany;renda familiar disponible bruta;per habitant (€);;13618
2015;Figaró-Montmany;renda familiar disponible bruta;per habitant (índex Catalunya=100);;80,7
2015;Figueres;renda familiar disponible bruta;valor (milers €);;553567
2015;Figueres;renda familiar disponible bruta;per habitant (€);;12479
2015;Figueres;renda familiar disponible bruta;per habitant (índex Catalunya=100);;73,9
2015;Flaçà;renda familiar disponible bruta;valor (milers €);;17013
2015;Flaçà;renda familiar disponible bruta;per habitant (€);;16761
2015;Flaçà;renda familiar disponible bruta;per habitant (índex Catalunya=100);;99,3
2015;Flix;renda familiar disponible bruta;valor (milers €);;61089
2015;Flix;renda familiar disponible bruta;per habitant (€);;16707
2015;Flix;renda familiar disponible bruta;per habitant (índex Catalunya=100);;99
2015;Fogars de la Selva;renda familiar disponible bruta;valor (milers €);;24514
2015;Fogars de la Selva;renda familiar disponible bruta;per habitant (€);;17014
2015;Fogars de la Selva;renda familiar disponible bruta;per habitant (índex Catalunya=100);;100,8
2015;Folgueroles;renda familiar disponible bruta;valor (milers €);;39316
2015;Folgueroles;renda familiar disponible bruta;per habitant (€);;17410
2015;Folgueroles;renda familiar disponible bruta;per habitant (índex Catalunya=100);;103,2
2015;Fonollosa;renda familiar disponible bruta;valor (milers €);;28246
2015;Fonollosa;renda familiar disponible bruta;per habitant (€);;20374
2015;Fonollosa;renda familiar disponible bruta;per habitant (índex Catalunya=100);;120,7
2015;Fontcoberta;renda familiar disponible bruta;valor (milers €);;23654
2015;Fontcoberta;renda familiar disponible bruta;per habitant (€);;16323
2015;Fontcoberta;renda familiar disponible bruta;per habitant (índex Catalunya=100);;96,7
2015;Font-rubí;renda familiar disponible bruta;valor (milers €);;23436
2015;Font-rubí;renda familiar disponible bruta;per habitant (€);;17399
2015;Font-rubí;renda familiar disponible bruta;per habitant (índex Catalunya=100);;103,1
2015;Forallac;renda familiar disponible bruta;valor (milers €);;29424
2015;Forallac;renda familiar disponible bruta;per habitant (€);;17479
2015;Forallac;renda familiar disponible bruta;per habitant (índex Catalunya=100);;103,6
2015;Fornells de la Selva;renda familiar disponible bruta;valor (milers €);;48262
2015;Fornells de la Selva;renda familiar disponible bruta;per habitant (€);;19470
2015;Fornells de la Selva;renda familiar disponible bruta;per habitant (índex Catalunya=100);;115,4
2015;Franqueses del Vallès, les;renda familiar disponible bruta;valor (milers €);;307271
2015;Franqueses del Vallès, les;renda familiar disponible bruta;per habitant (€);;15918
2015;Franqueses del Vallès, les;renda familiar disponible bruta;per habitant (índex Catalunya=100);;94,3
2015;Fuliola, la;renda familiar disponible bruta;valor (milers €);;15485
2015;Fuliola, la;renda familiar disponible bruta;per habitant (€);;12232
2015;Fuliola, la;renda familiar disponible bruta;per habitant (índex Catalunya=100);;72,5
2015;Gandesa;renda familiar disponible bruta;valor (milers €);;39150
2015;Gandesa;renda familiar disponible bruta;per habitant (€);;13185
2015;Gandesa;renda familiar disponible bruta;per habitant (índex Catalunya=100);;78,1
2015;Garriga, la;renda familiar disponible bruta;valor (milers €);;271005
2015;Garriga, la;renda familiar disponible bruta;per habitant (€);;17238
2015;Garriga, la;renda familiar disponible bruta;per habitant (índex Catalunya=100);;102,1
2015;Gavà;renda familiar disponible bruta;valor (milers €);;845632
2015;Gavà;renda familiar disponible bruta;per habitant (€);;18423
2015;Gavà;renda familiar disponible bruta;per habitant (índex Catalunya=100);;109,2
2015;Gelida;renda familiar disponible bruta;valor (milers €);;116947
2015;Gelida;renda familiar disponible bruta;per habitant (€);;16243
2015;Gelida;renda familiar disponible bruta;per habitant (índex Catalunya=100);;96,3
2015;Gimenells i el Pla de la Font;renda familiar disponible bruta;valor (milers €);;13275
2015;Gimenells i el Pla de la Font;renda familiar disponible bruta;per habitant (€);;11981
2015;Gimenells i el Pla de la Font;renda familiar disponible bruta;per habitant (índex Catalunya=100);;71
2015;Girona;renda familiar disponible bruta;valor (milers €);;1588635
2015;Girona;renda familiar disponible bruta;per habitant (€);;16608
2015;Girona;renda familiar disponible bruta;per habitant (índex Catalunya=100);;98,4
2015;Gironella;renda familiar disponible bruta;valor (milers €);;77035
2015;Gironella;renda familiar disponible bruta;per habitant (€);;15882
2015;Gironella;renda familiar disponible bruta;per habitant (índex Catalunya=100);;94,1
2015;Golmés;renda familiar disponible bruta;valor (milers €);;24550
2015;Golmés;renda familiar disponible bruta;per habitant (€);;13685
2015;Golmés;renda familiar disponible bruta;per habitant (índex Catalunya=100);;81,1
2015;Granada, la;renda familiar disponible bruta;valor (milers €);;32945
2015;Granada, la;renda familiar disponible bruta;per habitant (€);;15878
2015;Granada, la;renda familiar disponible bruta;per habitant (índex Catalunya=100);;94,1
2015;Granollers;renda familiar disponible bruta;valor (milers €);;984990
2015;Granollers;renda familiar disponible bruta;per habitant (€);;16488
2015;Granollers;renda familiar disponible bruta;per habitant (índex Catalunya=100);;97,7
2015;Gualba;renda familiar disponible bruta;valor (milers €);;25071
2015;Gualba;renda familiar disponible bruta;per habitant (€);;17773
2015;Gualba;renda familiar disponible bruta;per habitant (índex Catalunya=100);;105,3
2015;Guissona;renda familiar disponible bruta;valor (milers €);;102570
2015;Guissona;renda familiar disponible bruta;per habitant (€);;15092
2015;Guissona;renda familiar disponible bruta;per habitant (índex Catalunya=100);;89,4
2015;Gurb;renda familiar disponible bruta;valor (milers €);;46919
2015;Gurb;renda familiar disponible bruta;per habitant (€);;18656
2015;Gurb;renda familiar disponible bruta;per habitant (índex Catalunya=100);;110,6
2015;Horta de Sant Joan;renda familiar disponible bruta;valor (milers €);;14230
2015;Horta de Sant Joan;renda familiar disponible bruta;per habitant (€);;11968
2015;Horta de Sant Joan;renda familiar disponible bruta;per habitant (índex Catalunya=100);;70,9
2015;Hospitalet de Llobregat, l';renda familiar disponible bruta;valor (milers €);;3917447
2015;Hospitalet de Llobregat, l';renda familiar disponible bruta;per habitant (€);;15654
2015;Hospitalet de Llobregat, l';renda familiar disponible bruta;per habitant (índex Catalunya=100);;92,8
2015;Hostalets de Pierola, els;renda familiar disponible bruta;valor (milers €);;42775
2015;Hostalets de Pierola, els;renda familiar disponible bruta;per habitant (€);;14836
2015;Hostalets de Pierola, els;renda familiar disponible bruta;per habitant (índex Catalunya=100);;87,9
2015;Hostalric;renda familiar disponible bruta;valor (milers €);;58113
2015;Hostalric;renda familiar disponible bruta;per habitant (€);;14617
2015;Hostalric;renda familiar disponible bruta;per habitant (índex Catalunya=100);;86,6
2015;Igualada;renda familiar disponible bruta;valor (milers €);;607334
2015;Igualada;renda familiar disponible bruta;per habitant (€);;15656
2015;Igualada;renda familiar disponible bruta;per habitant (índex Catalunya=100);;92,8
2015;Isona i Conca Dellà;renda familiar disponible bruta;valor (milers €);;15029
2015;Isona i Conca Dellà;renda familiar disponible bruta;per habitant (€);;14521
2015;Isona i Conca Dellà;renda familiar disponible bruta;per habitant (índex Catalunya=100);;86
2015;Ivars d'Urgell;renda familiar disponible bruta;valor (milers €);;23146
2015;Ivars d'Urgell;renda familiar disponible bruta;per habitant (€);;14679
2015;Ivars d'Urgell;renda familiar disponible bruta;per habitant (índex Catalunya=100);;87
2015;Jonquera, la;renda familiar disponible bruta;valor (milers €);;35989
2015;Jonquera, la;renda familiar disponible bruta;per habitant (€);;11454
2015;Jonquera, la;renda familiar disponible bruta;per habitant (índex Catalunya=100);;67,9
2015;Juneda;renda familiar disponible bruta;valor (milers €);;46160
2015;Juneda;renda familiar disponible bruta;per habitant (€);;13732
2015;Juneda;renda familiar disponible bruta;per habitant (índex Catalunya=100);;81,4
2015;Linyola;renda familiar disponible bruta;valor (milers €);;35113
2015;Linyola;renda familiar disponible bruta;per habitant (€);;13309
2015;Linyola;renda familiar disponible bruta;per habitant (índex Catalunya=100);;78,9
2015;Llagosta, la;renda familiar disponible bruta;valor (milers €);;204439
2015;Llagosta, la;renda familiar disponible bruta;per habitant (€);;15532
2015;Llagosta, la;renda familiar disponible bruta;per habitant (índex Catalunya=100);;92
2015;Llagostera;renda familiar disponible bruta;valor (milers €);;112578
2015;Llagostera;renda familiar disponible bruta;per habitant (€);;13977
2015;Llagostera;renda familiar disponible bruta;per habitant (índex Catalunya=100);;82,8
2015;Llançà;renda familiar disponible bruta;valor (milers €);;65736
2015;Llançà;renda familiar disponible bruta;per habitant (€);;13606
2015;Llançà;renda familiar disponible bruta;per habitant (índex Catalunya=100);;80,6
2015;Lleida;renda familiar disponible bruta;valor (milers €);;2059894
2015;Lleida;renda familiar disponible bruta;per habitant (€);;15199
2015;Lleida;renda familiar disponible bruta;per habitant (índex Catalunya=100);;90,1
2015;Llers;renda familiar disponible bruta;valor (milers €);;19833
2015;Llers;renda familiar disponible bruta;per habitant (€);;16832
2015;Llers;renda familiar disponible bruta;per habitant (índex Catalunya=100);;99,7
2015;Lliçà d'Amunt;renda familiar disponible bruta;valor (milers €);;266651
2015;Lliçà d'Amunt;renda familiar disponible bruta;per habitant (€);;18197
2015;Lliçà d'Amunt;renda familiar disponible bruta;per habitant (índex Catalunya=100);;107,8
2015;Lliçà de Vall;renda familiar disponible bruta;valor (milers €);;120487
2015;Lliçà de Vall;renda familiar disponible bruta;per habitant (€);;19021
2015;Lliçà de Vall;renda familiar disponible bruta;per habitant (índex Catalunya=100);;112,7
2015;Llinars del Vallès;renda familiar disponible bruta;valor (milers €);;153420
2015;Llinars del Vallès;renda familiar disponible bruta;per habitant (€);;16014
2015;Llinars del Vallès;renda familiar disponible bruta;per habitant (índex Catalunya=100);;94,9
2015;Llívia;renda familiar disponible bruta;valor (milers €);;17992
2015;Llívia;renda familiar disponible bruta;per habitant (€);;12324
2015;Llívia;renda familiar disponible bruta;per habitant (índex Catalunya=100);;73
2015;Llorenç del Penedès;renda familiar disponible bruta;valor (milers €);;32950
2015;Llorenç del Penedès;renda familiar disponible bruta;per habitant (€);;14301
2015;Llorenç del Penedès;renda familiar disponible bruta;per habitant (índex Catalunya=100);;84,7
2015;Lloret de Mar;renda familiar disponible bruta;valor (milers €);;396599
2015;Lloret de Mar;renda familiar disponible bruta;per habitant (€);;10773
2015;Lloret de Mar;renda familiar disponible bruta;per habitant (índex Catalunya=100);;63,8
2015;Maçanet de la Selva;renda familiar disponible bruta;valor (milers €);;90175
2015;Maçanet de la Selva;renda familiar disponible bruta;per habitant (€);;13343
2015;Maçanet de la Selva;renda familiar disponible bruta;per habitant (índex Catalunya=100);;79,1
2015;Malgrat de Mar;renda familiar disponible bruta;valor (milers €);;259332
2015;Malgrat de Mar;renda familiar disponible bruta;per habitant (€);;14345
2015;Malgrat de Mar;renda familiar disponible bruta;per habitant (índex Catalunya=100);;85
2015;Manlleu;renda familiar disponible bruta;valor (milers €);;286711
2015;Manlleu;renda familiar disponible bruta;per habitant (€);;14427
2015;Manlleu;renda familiar disponible bruta;per habitant (índex Catalunya=100);;85,5
2015;Manresa;renda familiar disponible bruta;valor (milers €);;1154622
2015;Manresa;renda familiar disponible bruta;per habitant (€);;15574
2015;Manresa;renda familiar disponible bruta;per habitant (índex Catalunya=100);;92,3
2015;Martorell;renda familiar disponible bruta;valor (milers €);;425296
2015;Martorell;renda familiar disponible bruta;per habitant (€);;15516
2015;Martorell;renda familiar disponible bruta;per habitant (índex Catalunya=100);;91,9
2015;Martorelles;renda familiar disponible bruta;valor (milers €);;122515
2015;Martorelles;renda familiar disponible bruta;per habitant (€);;26016
2015;Martorelles;renda familiar disponible bruta;per habitant (índex Catalunya=100);;154,2
2015;Masdenverge;renda familiar disponible bruta;valor (milers €);;13484
2015;Masdenverge;renda familiar disponible bruta;per habitant (€);;12347
2015;Masdenverge;renda familiar disponible bruta;per habitant (índex Catalunya=100);;73,2
2015;Masies de Voltregà, les;renda familiar disponible bruta;valor (milers €);;51981
2015;Masies de Voltregà, les;renda familiar disponible bruta;per habitant (€);;16653
2015;Masies de Voltregà, les;renda familiar disponible bruta;per habitant (índex Catalunya=100);;98,7
2015;Masnou, el;renda familiar disponible bruta;valor (milers €);;443672
2015;Masnou, el;renda familiar disponible bruta;per habitant (€);;19544
2015;Masnou, el;renda familiar disponible bruta;per habitant (índex Catalunya=100);;115,8
2015;Masquefa;renda familiar disponible bruta;valor (milers €);;132538
2015;Masquefa;renda familiar disponible bruta;per habitant (€);;15885
2015;Masquefa;renda familiar disponible bruta;per habitant (índex Catalunya=100);;94,1
2015;Matadepera;renda familiar disponible bruta;valor (milers €);;216154
2015;Matadepera;renda familiar disponible bruta;per habitant (€);;24297
2015;Matadepera;renda familiar disponible bruta;per habitant (índex Catalunya=100);;144
2015;Mataró;renda familiar disponible bruta;valor (milers €);;1774821
2015;Mataró;renda familiar disponible bruta;per habitant (€);;14376
2015;Mataró;renda familiar disponible bruta;per habitant (índex Catalunya=100);;85,2
2015;Mediona;renda familiar disponible bruta;valor (milers €);;30851
2015;Mediona;renda familiar disponible bruta;per habitant (€);;13632
2015;Mediona;renda familiar disponible bruta;per habitant (índex Catalunya=100);;80,8
2015;Miralcamp;renda familiar disponible bruta;valor (milers €);;18990
2015;Miralcamp;renda familiar disponible bruta;per habitant (€);;13833
2015;Miralcamp;renda familiar disponible bruta;per habitant (índex Catalunya=100);;82
2015;Moià;renda familiar disponible bruta;valor (milers €);;86188
2015;Moià;renda familiar disponible bruta;per habitant (€);;14697
2015;Moià;renda familiar disponible bruta;per habitant (índex Catalunya=100);;87,1
2015;Molins de Rei;renda familiar disponible bruta;valor (milers €);;482830
2015;Molins de Rei;renda familiar disponible bruta;per habitant (€);;19297
2015;Molins de Rei;renda familiar disponible bruta;per habitant (índex Catalunya=100);;114,4
2015;Mollerussa;renda familiar disponible bruta;valor (milers €);;194663
2015;Mollerussa;renda familiar disponible bruta;per habitant (€);;13269
2015;Mollerussa;renda familiar disponible bruta;per habitant (índex Catalunya=100);;78,6
2015;Mollet del Vallès;renda familiar disponible bruta;valor (milers €);;829121
2015;Mollet del Vallès;renda familiar disponible bruta;per habitant (€);;16184
2015;Mollet del Vallès;renda familiar disponible bruta;per habitant (índex Catalunya=100);;95,9
2015;Monistrol de Montserrat;renda familiar disponible bruta;valor (milers €);;44951
2015;Monistrol de Montserrat;renda familiar disponible bruta;per habitant (€);;15706
2015;Monistrol de Montserrat;renda familiar disponible bruta;per habitant (índex Catalunya=100);;93,1
2015;Montblanc;renda familiar disponible bruta;valor (milers €);;108540
2015;Montblanc;renda familiar disponible bruta;per habitant (€);;14933
2015;Montblanc;renda familiar disponible bruta;per habitant (índex Catalunya=100);;88,5
2015;Montbrió del Camp;renda familiar disponible bruta;valor (milers €);;38229
2015;Montbrió del Camp;renda familiar disponible bruta;per habitant (€);;13943
2015;Montbrió del Camp;renda familiar disponible bruta;per habitant (índex Catalunya=100);;82,6
2015;Montcada i Reixac;renda familiar disponible bruta;valor (milers €);;558039
2015;Montcada i Reixac;renda familiar disponible bruta;per habitant (€);;16216
2015;Montcada i Reixac;renda familiar disponible bruta;per habitant (índex Catalunya=100);;96,1
2015;Montesquiu;renda familiar disponible bruta;valor (milers €);;13449
2015;Montesquiu;renda familiar disponible bruta;per habitant (€);;14566
2015;Montesquiu;renda familiar disponible bruta;per habitant (índex Catalunya=100);;86,3
2015;Montferrer i Castellbò;renda familiar disponible bruta;valor (milers €);;13578
2015;Montferrer i Castellbò;renda familiar disponible bruta;per habitant (€);;13262
2015;Montferrer i Castellbò;renda familiar disponible bruta;per habitant (índex Catalunya=100);;78,6
2015;Montgat;renda familiar disponible bruta;valor (milers €);;218005
2015;Montgat;renda familiar disponible bruta;per habitant (€);;19122
2015;Montgat;renda familiar disponible bruta;per habitant (índex Catalunya=100);;113,3
2015;Montmell, el;renda familiar disponible bruta;valor (milers €);;15944
2015;Montmell, el;renda familiar disponible bruta;per habitant (€);;11607
2015;Montmell, el;renda familiar disponible bruta;per habitant (índex Catalunya=100);;68,8
2015;Montmeló;renda familiar disponible bruta;valor (milers €);;144175
2015;Montmeló;renda familiar disponible bruta;per habitant (€);;16474
2015;Montmeló;renda familiar disponible bruta;per habitant (índex Catalunya=100);;97,6
2015;Montornès del Vallès;renda familiar disponible bruta;valor (milers €);;247375
2015;Montornès del Vallès;renda familiar disponible bruta;per habitant (€);;15376
2015;Montornès del Vallès;renda familiar disponible bruta;per habitant (índex Catalunya=100);;91,1
2015;Mont-ras;renda familiar disponible bruta;valor (milers €);;28476
2015;Mont-ras;renda familiar disponible bruta;per habitant (€);;17056
2015;Mont-ras;renda familiar disponible bruta;per habitant (índex Catalunya=100);;101,1
2015;Mont-roig del Camp;renda familiar disponible bruta;valor (milers €);;154407
2015;Mont-roig del Camp;renda familiar disponible bruta;per habitant (€);;13170
2015;Mont-roig del Camp;renda familiar disponible bruta;per habitant (índex Catalunya=100);;78
2015;Móra d'Ebre;renda familiar disponible bruta;valor (milers €);;81152
2015;Móra d'Ebre;renda familiar disponible bruta;per habitant (€);;14924
2015;Móra d'Ebre;renda familiar disponible bruta;per habitant (índex Catalunya=100);;88,4
2015;Móra la Nova;renda familiar disponible bruta;valor (milers €);;41013
2015;Móra la Nova;renda familiar disponible bruta;per habitant (€);;13253
2015;Móra la Nova;renda familiar disponible bruta;per habitant (índex Catalunya=100);;78,5
2015;Morell, el;renda familiar disponible bruta;valor (milers €);;53750
2015;Morell, el;renda familiar disponible bruta;per habitant (€);;15208
2015;Morell, el;renda familiar disponible bruta;per habitant (índex Catalunya=100);;90,1
2015;Naut Aran;renda familiar disponible bruta;valor (milers €);;22604
2015;Naut Aran;renda familiar disponible bruta;per habitant (€);;13013
2015;Naut Aran;renda familiar disponible bruta;per habitant (índex Catalunya=100);;77,1
2015;Navarcles;renda familiar disponible bruta;valor (milers €);;95555
2015;Navarcles;renda familiar disponible bruta;per habitant (€);;16048
2015;Navarcles;renda familiar disponible bruta;per habitant (índex Catalunya=100);;95,1
2015;Navàs;renda familiar disponible bruta;valor (milers €);;94725
2015;Navàs;renda familiar disponible bruta;per habitant (€);;15715
2015;Navàs;renda familiar disponible bruta;per habitant (índex Catalunya=100);;93,1
2015;Navata;renda familiar disponible bruta;valor (milers €);;19426
2015;Navata;renda familiar disponible bruta;per habitant (€);;15039
2015;Navata;renda familiar disponible bruta;per habitant (índex Catalunya=100);;89,1
2015;Òdena;renda familiar disponible bruta;valor (milers €);;54951
2015;Òdena;renda familiar disponible bruta;per habitant (€);;15231
2015;Òdena;renda familiar disponible bruta;per habitant (índex Catalunya=100);;90,3
2015;Olèrdola;renda familiar disponible bruta;valor (milers €);;55812
2015;Olèrdola;renda familiar disponible bruta;per habitant (€);;15940
2015;Olèrdola;renda familiar disponible bruta;per habitant (índex Catalunya=100);;94,5
2015;Olesa de Bonesvalls;renda familiar disponible bruta;valor (milers €);;29120
2015;Olesa de Bonesvalls;renda familiar disponible bruta;per habitant (€);;17047
2015;Olesa de Bonesvalls;renda familiar disponible bruta;per habitant (índex Catalunya=100);;101
2015;Olesa de Montserrat;renda familiar disponible bruta;valor (milers €);;377855
2015;Olesa de Montserrat;renda familiar disponible bruta;per habitant (€);;16169
2015;Olesa de Montserrat;renda familiar disponible bruta;per habitant (índex Catalunya=100);;95,8
2015;Oliana;renda familiar disponible bruta;valor (milers €);;27793
2015;Oliana;renda familiar disponible bruta;per habitant (€);;15171
2015;Oliana;renda familiar disponible bruta;per habitant (índex Catalunya=100);;89,9
2015;Olivella;renda familiar disponible bruta;valor (milers €);;64119
2015;Olivella;renda familiar disponible bruta;per habitant (€);;18279
2015;Olivella;renda familiar disponible bruta;per habitant (índex Catalunya=100);;108,3
2015;Olost;renda familiar disponible bruta;valor (milers €);;19173
2015;Olost;renda familiar disponible bruta;per habitant (€);;16439
2015;Olost;renda familiar disponible bruta;per habitant (índex Catalunya=100);;97,4
2015;Olot;renda familiar disponible bruta;valor (milers €);;516072
2015;Olot;renda familiar disponible bruta;per habitant (€);;15494
2015;Olot;renda familiar disponible bruta;per habitant (índex Catalunya=100);;91,8
2015;Os de Balaguer;renda familiar disponible bruta;valor (milers €);;12947
2015;Os de Balaguer;renda familiar disponible bruta;per habitant (€);;12991
2015;Os de Balaguer;renda familiar disponible bruta;per habitant (índex Catalunya=100);;77
2015;Palafolls;renda familiar disponible bruta;valor (milers €);;130495
2015;Palafolls;renda familiar disponible bruta;per habitant (€);;14490
2015;Palafolls;renda familiar disponible bruta;per habitant (índex Catalunya=100);;85,9
2015;Palafrugell;renda familiar disponible bruta;valor (milers €);;270185
2015;Palafrugell;renda familiar disponible bruta;per habitant (€);;12066
2015;Palafrugell;renda familiar disponible bruta;per habitant (índex Catalunya=100);;71,5
2015;Palamós;renda familiar disponible bruta;valor (milers €);;247756
2015;Palamós;renda familiar disponible bruta;per habitant (€);;14177
2015;Palamós;renda familiar disponible bruta;per habitant (índex Catalunya=100);;84
2015;Palau d'Anglesola, el;renda familiar disponible bruta;valor (milers €);;32534
2015;Palau d'Anglesola, el;renda familiar disponible bruta;per habitant (€);;15244
2015;Palau d'Anglesola, el;renda familiar disponible bruta;per habitant (índex Catalunya=100);;90,3
2015;Palau-saverdera;renda familiar disponible bruta;valor (milers €);;16025
2015;Palau-saverdera;renda familiar disponible bruta;per habitant (€);;11130
2015;Palau-saverdera;renda familiar disponible bruta;per habitant (índex Catalunya=100);;66
2015;Palau-solità i Plegamans;renda familiar disponible bruta;valor (milers €);;249136
2015;Palau-solità i Plegamans;renda familiar disponible bruta;per habitant (€);;17299
2015;Palau-solità i Plegamans;renda familiar disponible bruta;per habitant (índex Catalunya=100);;102,5
2015;Pallaresos, els;renda familiar disponible bruta;valor (milers €);;75498
2015;Pallaresos, els;renda familiar disponible bruta;per habitant (€);;16525
2015;Pallaresos, els;renda familiar disponible bruta;per habitant (índex Catalunya=100);;97,9
2015;Pallejà;renda familiar disponible bruta;valor (milers €);;209993
2015;Pallejà;renda familiar disponible bruta;per habitant (€);;18721
2015;Pallejà;renda familiar disponible bruta;per habitant (índex Catalunya=100);;110,9
2015;Palma de Cervelló, la;renda familiar disponible bruta;valor (milers €);;53288
2015;Palma de Cervelló, la;renda familiar disponible bruta;per habitant (€);;18033
2015;Palma de Cervelló, la;renda familiar disponible bruta;per habitant (índex Catalunya=100);;106,9
2015;Pals;renda familiar disponible bruta;valor (milers €);;37174
2015;Pals;renda familiar disponible bruta;per habitant (€);;15374
2015;Pals;renda familiar disponible bruta;per habitant (índex Catalunya=100);;91,1
2015;Papiol, el;renda familiar disponible bruta;valor (milers €);;68459
2015;Papiol, el;renda familiar disponible bruta;per habitant (€);;16967
2015;Papiol, el;renda familiar disponible bruta;per habitant (índex Catalunya=100);;100,5
2015;Parets del Vallès;renda familiar disponible bruta;valor (milers €);;322398
2015;Parets del Vallès;renda familiar disponible bruta;per habitant (€);;17199
2015;Parets del Vallès;renda familiar disponible bruta;per habitant (índex Catalunya=100);;101,9
2015;Perafort;renda familiar disponible bruta;valor (milers €);;19204
2015;Perafort;renda familiar disponible bruta;per habitant (€);;14772
2015;Perafort;renda familiar disponible bruta;per habitant (índex Catalunya=100);;87,5
2015;Peralada;renda familiar disponible bruta;valor (milers €);;29817
2015;Peralada;renda familiar disponible bruta;per habitant (€);;16653
2015;Peralada;renda familiar disponible bruta;per habitant (índex Catalunya=100);;98,7
2015;Perelló, el;renda familiar disponible bruta;valor (milers €);;30712
2015;Perelló, el;renda familiar disponible bruta;per habitant (€);;10647
2015;Perelló, el;renda familiar disponible bruta;per habitant (índex Catalunya=100);;63,1
2015;Piera;renda familiar disponible bruta;valor (milers €);;220875
2015;Piera;renda familiar disponible bruta;per habitant (€);;14758
2015;Piera;renda familiar disponible bruta;per habitant (índex Catalunya=100);;87,5
2015;Pineda de Mar;renda familiar disponible bruta;valor (milers €);;338689
2015;Pineda de Mar;renda familiar disponible bruta;per habitant (€);;13157
2015;Pineda de Mar;renda familiar disponible bruta;per habitant (índex Catalunya=100);;78
2015;Pinell de Brai, el;renda familiar disponible bruta;valor (milers €);;13948
2015;Pinell de Brai, el;renda familiar disponible bruta;per habitant (€);;13654
2015;Pinell de Brai, el;renda familiar disponible bruta;per habitant (índex Catalunya=100);;80,9
2015;Pla de Santa Maria, el;renda familiar disponible bruta;valor (milers €);;33091
2015;Pla de Santa Maria, el;renda familiar disponible bruta;per habitant (€);;14323
2015;Pla de Santa Maria, el;renda familiar disponible bruta;per habitant (índex Catalunya=100);;84,9
2015;Pla del Penedès, el;renda familiar disponible bruta;valor (milers €);;17326
2015;Pla del Penedès, el;renda familiar disponible bruta;per habitant (€);;14044
2015;Pla del Penedès, el;renda familiar disponible bruta;per habitant (índex Catalunya=100);;83,2
2015;Planes d'Hostoles, les;renda familiar disponible bruta;valor (milers €);;27567
2015;Planes d'Hostoles, les;renda familiar disponible bruta;per habitant (€);;16857
2015;Planes d'Hostoles, les;renda familiar disponible bruta;per habitant (índex Catalunya=100);;99,9
2015;Pobla de Claramunt, la;renda familiar disponible bruta;valor (milers €);;34461
2015;Pobla de Claramunt, la;renda familiar disponible bruta;per habitant (€);;16027
2015;Pobla de Claramunt, la;renda familiar disponible bruta;per habitant (índex Catalunya=100);;95
2015;Pobla de Lillet, la;renda familiar disponible bruta;valor (milers €);;19300
2015;Pobla de Lillet, la;renda familiar disponible bruta;per habitant (€);;17257
2015;Pobla de Lillet, la;renda familiar disponible bruta;per habitant (índex Catalunya=100);;102,3
2015;Pobla de Mafumet, la;renda familiar disponible bruta;valor (milers €);;41769
2015;Pobla de Mafumet, la;renda familiar disponible bruta;per habitant (€);;11227
2015;Pobla de Mafumet, la;renda familiar disponible bruta;per habitant (índex Catalunya=100);;66,5
2015;Pobla de Montornès, la;renda familiar disponible bruta;valor (milers €);;40824
2015;Pobla de Montornès, la;renda familiar disponible bruta;per habitant (€);;14419
2015;Pobla de Montornès, la;renda familiar disponible bruta;per habitant (índex Catalunya=100);;85,4
2015;Pobla de Segur, la;renda familiar disponible bruta;valor (milers €);;44678
2015;Pobla de Segur, la;renda familiar disponible bruta;per habitant (€);;15208
2015;Pobla de Segur, la;renda familiar disponible bruta;per habitant (índex Catalunya=100);;90,1
2015;Polinyà;renda familiar disponible bruta;valor (milers €);;134883
2015;Polinyà;renda familiar disponible bruta;per habitant (€);;16408
2015;Polinyà;renda familiar disponible bruta;per habitant (índex Catalunya=100);;97,2
2015;Pont de Suert, el;renda familiar disponible bruta;valor (milers €);;35448
2015;Pont de Suert, el;renda familiar disponible bruta;per habitant (€);;15349
2015;Pont de Suert, el;renda familiar disponible bruta;per habitant (índex Catalunya=100);;91
2015;Pont de Vilomara i Rocafort, el;renda familiar disponible bruta;valor (milers €);;52200
2015;Pont de Vilomara i Rocafort, el;renda familiar disponible bruta;per habitant (€);;14141
2015;Pont de Vilomara i Rocafort, el;renda familiar disponible bruta;per habitant (índex Catalunya=100);;83,8
2015;Ponts;renda familiar disponible bruta;valor (milers €);;37579
2015;Ponts;renda familiar disponible bruta;per habitant (€);;14432
2015;Ponts;renda familiar disponible bruta;per habitant (índex Catalunya=100);;85,5
2015;Porqueres;renda familiar disponible bruta;valor (milers €);;70547
2015;Porqueres;renda familiar disponible bruta;per habitant (€);;15700
2015;Porqueres;renda familiar disponible bruta;per habitant (índex Catalunya=100);;93
2015;Port de la Selva, el;renda familiar disponible bruta;valor (milers €);;11444
2015;Port de la Selva, el;renda familiar disponible bruta;per habitant (€);;11771
2015;Port de la Selva, el;renda familiar disponible bruta;per habitant (índex Catalunya=100);;69,8
2015;Portbou;renda familiar disponible bruta;valor (milers €);;16766
2015;Portbou;renda familiar disponible bruta;per habitant (€);;14729
2015;Portbou;renda familiar disponible bruta;per habitant (índex Catalunya=100);;87,3
2015;Prat de Llobregat, el;renda familiar disponible bruta;valor (milers €);;1099765
2015;Prat de Llobregat, el;renda familiar disponible bruta;per habitant (€);;17556
2015;Prat de Llobregat, el;renda familiar disponible bruta;per habitant (índex Catalunya=100);;104
2015;Prats de Lluçanès;renda familiar disponible bruta;valor (milers €);;41145
2015;Prats de Lluçanès;renda familiar disponible bruta;per habitant (€);;16230
2015;Prats de Lluçanès;renda familiar disponible bruta;per habitant (índex Catalunya=100);;96,2
2015;Premià de Dalt;renda familiar disponible bruta;valor (milers €);;203642
2015;Premià de Dalt;renda familiar disponible bruta;per habitant (€);;19820
2015;Premià de Dalt;renda familiar disponible bruta;per habitant (índex Catalunya=100);;117,4
2015;Premià de Mar;renda familiar disponible bruta;valor (milers €);;478113
2015;Premià de Mar;renda familiar disponible bruta;per habitant (€);;17375
2015;Premià de Mar;renda familiar disponible bruta;per habitant (índex Catalunya=100);;103
2015;Preses, les;renda familiar disponible bruta;valor (milers €);;28648
2015;Preses, les;renda familiar disponible bruta;per habitant (€);;16485
2015;Preses, les;renda familiar disponible bruta;per habitant (índex Catalunya=100);;97,7
2015;Puigcerdà;renda familiar disponible bruta;valor (milers €);;107580
2015;Puigcerdà;renda familiar disponible bruta;per habitant (€);;12214
2015;Puigcerdà;renda familiar disponible bruta;per habitant (índex Catalunya=100);;72,4
2015;Puigpelat;renda familiar disponible bruta;valor (milers €);;15373
2015;Puigpelat;renda familiar disponible bruta;per habitant (€);;13745
2015;Puigpelat;renda familiar disponible bruta;per habitant (índex Catalunya=100);;81,4
2015;Puig-reig;renda familiar disponible bruta;valor (milers €);;65837
2015;Puig-reig;renda familiar disponible bruta;per habitant (€);;15971
2015;Puig-reig;renda familiar disponible bruta;per habitant (índex Catalunya=100);;94,6
2015;Puigverd de Lleida;renda familiar disponible bruta;valor (milers €);;20054
2015;Puigverd de Lleida;renda familiar disponible bruta;per habitant (€);;14738
2015;Puigverd de Lleida;renda familiar disponible bruta;per habitant (índex Catalunya=100);;87,3
2015;Quart;renda familiar disponible bruta;valor (milers €);;59705
2015;Quart;renda familiar disponible bruta;per habitant (€);;17649
2015;Quart;renda familiar disponible bruta;per habitant (índex Catalunya=100);;104,6
2015;Ràpita, la;renda familiar disponible bruta;valor (milers €);;173905
2015;Ràpita, la;renda familiar disponible bruta;per habitant (€);;11798
2015;Ràpita, la;renda familiar disponible bruta;per habitant (índex Catalunya=100);;69,9
2015;Reus;renda familiar disponible bruta;valor (milers €);;1486728
2015;Reus;renda familiar disponible bruta;per habitant (€);;14347
2015;Reus;renda familiar disponible bruta;per habitant (índex Catalunya=100);;85
2015;Riba-roja d'Ebre;renda familiar disponible bruta;valor (milers €);;16735
2015;Riba-roja d'Ebre;renda familiar disponible bruta;per habitant (€);;14609
2015;Riba-roja d'Ebre;renda familiar disponible bruta;per habitant (índex Catalunya=100);;86,6
2015;Ribes de Freser;renda familiar disponible bruta;valor (milers €);;30152
2015;Ribes de Freser;renda familiar disponible bruta;per habitant (€);;16801
2015;Ribes de Freser;renda familiar disponible bruta;per habitant (índex Catalunya=100);;99,6
2015;Riells i Viabrea;renda familiar disponible bruta;valor (milers €);;60780
2015;Riells i Viabrea;renda familiar disponible bruta;per habitant (€);;15659
2015;Riells i Viabrea;renda familiar disponible bruta;per habitant (índex Catalunya=100);;92,8
2015;Riera de Gaià, la;renda familiar disponible bruta;valor (milers €);;26004
2015;Riera de Gaià, la;renda familiar disponible bruta;per habitant (€);;15431
2015;Riera de Gaià, la;renda familiar disponible bruta;per habitant (índex Catalunya=100);;91,4
2015;Ripoll;renda familiar disponible bruta;valor (milers €);;171243
2015;Ripoll;renda familiar disponible bruta;per habitant (€);;16205
2015;Ripoll;renda familiar disponible bruta;per habitant (índex Catalunya=100);;96
2015;Ripollet;renda familiar disponible bruta;valor (milers €);;592702
2015;Ripollet;renda familiar disponible bruta;per habitant (€);;15867
2015;Ripollet;renda familiar disponible bruta;per habitant (índex Catalunya=100);;94
2015;Riudarenes;renda familiar disponible bruta;valor (milers €);;31140
2015;Riudarenes;renda familiar disponible bruta;per habitant (€);;14895
2015;Riudarenes;renda familiar disponible bruta;per habitant (índex Catalunya=100);;88,3
2015;Riudecanyes;renda familiar disponible bruta;valor (milers €);;17384
2015;Riudecanyes;renda familiar disponible bruta;per habitant (€);;15304
2015;Riudecanyes;renda familiar disponible bruta;per habitant (índex Catalunya=100);;90,7
2015;Riudecols;renda familiar disponible bruta;valor (milers €);;18783
2015;Riudecols;renda familiar disponible bruta;per habitant (€);;15717
2015;Riudecols;renda familiar disponible bruta;per habitant (índex Catalunya=100);;93,1
2015;Riudellots de la Selva;renda familiar disponible bruta;valor (milers €);;35427
2015;Riudellots de la Selva;renda familiar disponible bruta;per habitant (€);;17758
2015;Riudellots de la Selva;renda familiar disponible bruta;per habitant (índex Catalunya=100);;105,2
2015;Riudoms;renda familiar disponible bruta;valor (milers €);;88498
2015;Riudoms;renda familiar disponible bruta;per habitant (€);;13356
2015;Riudoms;renda familiar disponible bruta;per habitant (índex Catalunya=100);;79,1
2015;Roca del Vallès, la;renda familiar disponible bruta;valor (milers €);;189265
2015;Roca del Vallès, la;renda familiar disponible bruta;per habitant (€);;18056
2015;Roca del Vallès, la;renda familiar disponible bruta;per habitant (índex Catalunya=100);;107
2015;Roda de Berà;renda familiar disponible bruta;valor (milers €);;90440
2015;Roda de Berà;renda familiar disponible bruta;per habitant (€);;14205
2015;Roda de Berà;renda familiar disponible bruta;per habitant (índex Catalunya=100);;84,2
2015;Roda de Ter;renda familiar disponible bruta;valor (milers €);;94071
2015;Roda de Ter;renda familiar disponible bruta;per habitant (€);;15600
2015;Roda de Ter;renda familiar disponible bruta;per habitant (índex Catalunya=100);;92,4
2015;Roquetes;renda familiar disponible bruta;valor (milers €);;107203
2015;Roquetes;renda familiar disponible bruta;per habitant (€);;13208
2015;Roquetes;renda familiar disponible bruta;per habitant (índex Catalunya=100);;78,3
2015;Roses;renda familiar disponible bruta;valor (milers €);;219869
2015;Roses;renda familiar disponible bruta;per habitant (€);;11571
2015;Roses;renda familiar disponible bruta;per habitant (índex Catalunya=100);;68,6
2015;Rosselló;renda familiar disponible bruta;valor (milers €);;43324
2015;Rosselló;renda familiar disponible bruta;per habitant (€);;14567
2015;Rosselló;renda familiar disponible bruta;per habitant (índex Catalunya=100);;86,3
2015;Rubí;renda familiar disponible bruta;valor (milers €);;1169378
2015;Rubí;renda familiar disponible bruta;per habitant (€);;15703
2015;Rubí;renda familiar disponible bruta;per habitant (índex Catalunya=100);;93,1
2015;Sabadell;renda familiar disponible bruta;valor (milers €);;3446222
2015;Sabadell;renda familiar disponible bruta;per habitant (€);;16651
2015;Sabadell;renda familiar disponible bruta;per habitant (índex Catalunya=100);;98,7
2015;Sallent;renda familiar disponible bruta;valor (milers €);;110913
2015;Sallent;renda familiar disponible bruta;per habitant (€);;16856
2015;Sallent;renda familiar disponible bruta;per habitant (índex Catalunya=100);;99,9
2015;Salou;renda familiar disponible bruta;valor (milers €);;318120
2015;Salou;renda familiar disponible bruta;per habitant (€);;12049
2015;Salou;renda familiar disponible bruta;per habitant (índex Catalunya=100);;71,4
2015;Salt;renda familiar disponible bruta;valor (milers €);;327811
2015;Salt;renda familiar disponible bruta;per habitant (€);;11424
2015;Salt;renda familiar disponible bruta;per habitant (índex Catalunya=100);;67,7
2015;Sant Adrià de Besòs;renda familiar disponible bruta;valor (milers €);;531748
2015;Sant Adrià de Besòs;renda familiar disponible bruta;per habitant (€);;14898
2015;Sant Adrià de Besòs;renda familiar disponible bruta;per habitant (índex Catalunya=100);;88,3
2015;Sant Andreu de la Barca;renda familiar disponible bruta;valor (milers €);;442420
2015;Sant Andreu de la Barca;renda familiar disponible bruta;per habitant (€);;16307
2015;Sant Andreu de la Barca;renda familiar disponible bruta;per habitant (índex Catalunya=100);;96,6
2015;Sant Andreu de Llavaneres;renda familiar disponible bruta;valor (milers €);;203536
2015;Sant Andreu de Llavaneres;renda familiar disponible bruta;per habitant (€);;19512
2015;Sant Andreu de Llavaneres;renda familiar disponible bruta;per habitant (índex Catalunya=100);;115,6
2015;Sant Antoni de Vilamajor;renda familiar disponible bruta;valor (milers €);;101382
2015;Sant Antoni de Vilamajor;renda familiar disponible bruta;per habitant (€);;17519
2015;Sant Antoni de Vilamajor;renda familiar disponible bruta;per habitant (índex Catalunya=100);;103,8
2015;Sant Boi de Llobregat;renda familiar disponible bruta;valor (milers €);;1358969
2015;Sant Boi de Llobregat;renda familiar disponible bruta;per habitant (€);;16669
2015;Sant Boi de Llobregat;renda familiar disponible bruta;per habitant (índex Catalunya=100);;98,8
2015;Sant Cebrià de Vallalta;renda familiar disponible bruta;valor (milers €);;58746
2015;Sant Cebrià de Vallalta;renda familiar disponible bruta;per habitant (€);;17903
2015;Sant Cebrià de Vallalta;renda familiar disponible bruta;per habitant (índex Catalunya=100);;106,1
2015;Sant Celoni;renda familiar disponible bruta;valor (milers €);;264966
2015;Sant Celoni;renda familiar disponible bruta;per habitant (€);;15304
2015;Sant Celoni;renda familiar disponible bruta;per habitant (índex Catalunya=100);;90,7
2015;Sant Climent de Llobregat;renda familiar disponible bruta;valor (milers €);;71686
2015;Sant Climent de Llobregat;renda familiar disponible bruta;per habitant (€);;18008
2015;Sant Climent de Llobregat;renda familiar disponible bruta;per habitant (índex Catalunya=100);;106,7
2015;Sant Cugat del Vallès;renda familiar disponible bruta;valor (milers €);;1997566
2015;Sant Cugat del Vallès;renda familiar disponible bruta;per habitant (€);;22719
2015;Sant Cugat del Vallès;renda familiar disponible bruta;per habitant (índex Catalunya=100);;134,6
2015;Sant Cugat Sesgarrigues;renda familiar disponible bruta;valor (milers €);;16689
2015;Sant Cugat Sesgarrigues;renda familiar disponible bruta;per habitant (€);;17217
2015;Sant Cugat Sesgarrigues;renda familiar disponible bruta;per habitant (índex Catalunya=100);;102
2015;Sant Esteve de Palautordera;renda familiar disponible bruta;valor (milers €);;44579
2015;Sant Esteve de Palautordera;renda familiar disponible bruta;per habitant (€);;17370
2015;Sant Esteve de Palautordera;renda familiar disponible bruta;per habitant (índex Catalunya=100);;102,9
2015;Sant Esteve Sesrovires;renda familiar disponible bruta;valor (milers €);;140335
2015;Sant Esteve Sesrovires;renda familiar disponible bruta;per habitant (€);;18570
2015;Sant Esteve Sesrovires;renda familiar disponible bruta;per habitant (índex Catalunya=100);;110
2015;Sant Feliu de Codines;renda familiar disponible bruta;valor (milers €);;91377
2015;Sant Feliu de Codines;renda familiar disponible bruta;per habitant (€);;15491
2015;Sant Feliu de Codines;renda familiar disponible bruta;per habitant (índex Catalunya=100);;91,8
2015;Sant Feliu de Guíxols;renda familiar disponible bruta;valor (milers €);;285830
2015;Sant Feliu de Guíxols;renda familiar disponible bruta;per habitant (€);;13428
2015;Sant Feliu de Guíxols;renda familiar disponible bruta;per habitant (índex Catalunya=100);;79,6
2015;Sant Feliu de Llobregat;renda familiar disponible bruta;valor (milers €);;814495
2015;Sant Feliu de Llobregat;renda familiar disponible bruta;per habitant (€);;18710
2015;Sant Feliu de Llobregat;renda familiar disponible bruta;per habitant (índex Catalunya=100);;110,9
2015;Sant Feliu de Pallerols;renda familiar disponible bruta;valor (milers €);;20404
2015;Sant Feliu de Pallerols;renda familiar disponible bruta;per habitant (€);;15712
2015;Sant Feliu de Pallerols;renda familiar disponible bruta;per habitant (índex Catalunya=100);;93,1
2015;Sant Fost de Campsentelles;renda familiar disponible bruta;valor (milers €);;161553
2015;Sant Fost de Campsentelles;renda familiar disponible bruta;per habitant (€);;18852
2015;Sant Fost de Campsentelles;renda familiar disponible bruta;per habitant (índex Catalunya=100);;111,7
2015;Sant Fruitós de Bages;renda familiar disponible bruta;valor (milers €);;185581
2015;Sant Fruitós de Bages;renda familiar disponible bruta;per habitant (€);;22344
2015;Sant Fruitós de Bages;renda familiar disponible bruta;per habitant (índex Catalunya=100);;132,4
2015;Sant Gregori;renda familiar disponible bruta;valor (milers €);;61884
2015;Sant Gregori;renda familiar disponible bruta;per habitant (€);;17969
2015;Sant Gregori;renda familiar disponible bruta;per habitant (índex Catalunya=100);;106,5
2015;Sant Guim de Freixenet;renda familiar disponible bruta;valor (milers €);;14982
2015;Sant Guim de Freixenet;renda familiar disponible bruta;per habitant (€);;14187
2015;Sant Guim de Freixenet;renda familiar disponible bruta;per habitant (índex Catalunya=100);;84,1
2015;Sant Hilari Sacalm;renda familiar disponible bruta;valor (milers €);;79425
2015;Sant Hilari Sacalm;renda familiar disponible bruta;per habitant (€);;14410
2015;Sant Hilari Sacalm;renda familiar disponible bruta;per habitant (índex Catalunya=100);;85,4
2015;Sant Hipòlit de Voltregà;renda familiar disponible bruta;valor (milers €);;56768
2015;Sant Hipòlit de Voltregà;renda familiar disponible bruta;per habitant (€);;16719
2015;Sant Hipòlit de Voltregà;renda familiar disponible bruta;per habitant (índex Catalunya=100);;99,1
2015;Sant Iscle de Vallalta;renda familiar disponible bruta;valor (milers €);;19556
2015;Sant Iscle de Vallalta;renda familiar disponible bruta;per habitant (€);;15255
2015;Sant Iscle de Vallalta;renda familiar disponible bruta;per habitant (índex Catalunya=100);;90,4
2015;Sant Jaume d'Enveja;renda familiar disponible bruta;valor (milers €);;40992
2015;Sant Jaume d'Enveja;renda familiar disponible bruta;per habitant (€);;11622
2015;Sant Jaume d'Enveja;renda familiar disponible bruta;per habitant (índex Catalunya=100);;68,9
2015;Sant Jaume dels Domenys;renda familiar disponible bruta;valor (milers €);;34971
2015;Sant Jaume dels Domenys;renda familiar disponible bruta;per habitant (€);;13925
2015;Sant Jaume dels Domenys;renda familiar disponible bruta;per habitant (índex Catalunya=100);;82,5
2015;Sant Joan de les Abadesses;renda familiar disponible bruta;valor (milers €);;56824
2015;Sant Joan de les Abadesses;renda familiar disponible bruta;per habitant (€);;16964
2015;Sant Joan de les Abadesses;renda familiar disponible bruta;per habitant (índex Catalunya=100);;100,5
2015;Sant Joan de Vilatorrada;renda familiar disponible bruta;valor (milers €);;169461
2015;Sant Joan de Vilatorrada;renda familiar disponible bruta;per habitant (€);;15864
2015;Sant Joan de Vilatorrada;renda familiar disponible bruta;per habitant (índex Catalunya=100);;94
2015;Sant Joan Despí;renda familiar disponible bruta;valor (milers €);;649916
2015;Sant Joan Despí;renda familiar disponible bruta;per habitant (€);;19652
2015;Sant Joan Despí;renda familiar disponible bruta;per habitant (índex Catalunya=100);;116,5
2015;Sant Joan les Fonts;renda familiar disponible bruta;valor (milers €);;48661
2015;Sant Joan les Fonts;renda familiar disponible bruta;per habitant (€);;16989
2015;Sant Joan les Fonts;renda familiar disponible bruta;per habitant (índex Catalunya=100);;100,7
2015;Sant Julià de Ramis;renda familiar disponible bruta;valor (milers €);;59266
2015;Sant Julià de Ramis;renda familiar disponible bruta;per habitant (€);;17662
2015;Sant Julià de Ramis;renda familiar disponible bruta;per habitant (índex Catalunya=100);;104,7
2015;Sant Julià de Vilatorta;renda familiar disponible bruta;valor (milers €);;55844
2015;Sant Julià de Vilatorta;renda familiar disponible bruta;per habitant (€);;18230
2015;Sant Julià de Vilatorta;renda familiar disponible bruta;per habitant (índex Catalunya=100);;108
2015;Sant Julià del Llor i Bonmatí;renda familiar disponible bruta;valor (milers €);;21348
2015;Sant Julià del Llor i Bonmatí;renda familiar disponible bruta;per habitant (€);;16951
2015;Sant Julià del Llor i Bonmatí;renda familiar disponible bruta;per habitant (índex Catalunya=100);;100,4
2015;Sant Just Desvern;renda familiar disponible bruta;valor (milers €);;416686
2015;Sant Just Desvern;renda familiar disponible bruta;per habitant (€);;25068
2015;Sant Just Desvern;renda familiar disponible bruta;per habitant (índex Catalunya=100);;148,5
2015;Sant Llorenç d'Hortons;renda familiar disponible bruta;valor (milers €);;44161
2015;Sant Llorenç d'Hortons;renda familiar disponible bruta;per habitant (€);;17363
2015;Sant Llorenç d'Hortons;renda familiar disponible bruta;per habitant (índex Catalunya=100);;102,9
2015;Sant Llorenç de Morunys;renda familiar disponible bruta;valor (milers €);;14196
2015;Sant Llorenç de Morunys;renda familiar disponible bruta;per habitant (€);;14571
2015;Sant Llorenç de Morunys;renda familiar disponible bruta;per habitant (índex Catalunya=100);;86,3
2015;Sant Llorenç Savall;renda familiar disponible bruta;valor (milers €);;36881
2015;Sant Llorenç Savall;renda familiar disponible bruta;per habitant (€);;15592
2015;Sant Llorenç Savall;renda familiar disponible bruta;per habitant (índex Catalunya=100);;92,4
2015;Sant Martí de Centelles;renda familiar disponible bruta;valor (milers €);;16465
2015;Sant Martí de Centelles;renda familiar disponible bruta;per habitant (€);;15018
2015;Sant Martí de Centelles;renda familiar disponible bruta;per habitant (índex Catalunya=100);;89
2015;Sant Martí de Tous;renda familiar disponible bruta;valor (milers €);;18984
2015;Sant Martí de Tous;renda familiar disponible bruta;per habitant (€);;16011
2015;Sant Martí de Tous;renda familiar disponible bruta;per habitant (índex Catalunya=100);;94,9
2015;Sant Martí Sarroca;renda familiar disponible bruta;valor (milers €);;45344
2015;Sant Martí Sarroca;renda familiar disponible bruta;per habitant (€);;14741
2015;Sant Martí Sarroca;renda familiar disponible bruta;per habitant (índex Catalunya=100);;87,4
2015;Sant Pere de Ribes;renda familiar disponible bruta;valor (milers €);;463046
2015;Sant Pere de Ribes;renda familiar disponible bruta;per habitant (€);;15834
2015;Sant Pere de Ribes;renda familiar disponible bruta;per habitant (índex Catalunya=100);;93,8
2015;Sant Pere de Riudebitlles;renda familiar disponible bruta;valor (milers €);;38001
2015;Sant Pere de Riudebitlles;renda familiar disponible bruta;per habitant (€);;16126
2015;Sant Pere de Riudebitlles;renda familiar disponible bruta;per habitant (índex Catalunya=100);;95,6
2015;Sant Pere de Torelló;renda familiar disponible bruta;valor (milers €);;39014
2015;Sant Pere de Torelló;renda familiar disponible bruta;per habitant (€);;16292
2015;Sant Pere de Torelló;renda familiar disponible bruta;per habitant (índex Catalunya=100);;96,5
2015;Sant Pere de Vilamajor;renda familiar disponible bruta;valor (milers €);;75477
2015;Sant Pere de Vilamajor;renda familiar disponible bruta;per habitant (€);;17798
2015;Sant Pere de Vilamajor;renda familiar disponible bruta;per habitant (índex Catalunya=100);;105,5
2015;Sant Pere Pescador;renda familiar disponible bruta;valor (milers €);;23698
2015;Sant Pere Pescador;renda familiar disponible bruta;per habitant (€);;11376
2015;Sant Pere Pescador;renda familiar disponible bruta;per habitant (índex Catalunya=100);;67,4
2015;Sant Pol de Mar;renda familiar disponible bruta;valor (milers €);;88956
2015;Sant Pol de Mar;renda familiar disponible bruta;per habitant (€);;18109
2015;Sant Pol de Mar;renda familiar disponible bruta;per habitant (índex Catalunya=100);;107,3
2015;Sant Quintí de Mediona;renda familiar disponible bruta;valor (milers €);;28509
2015;Sant Quintí de Mediona;renda familiar disponible bruta;per habitant (€);;13542
2015;Sant Quintí de Mediona;renda familiar disponible bruta;per habitant (índex Catalunya=100);;80,2
2015;Sant Quirze de Besora;renda familiar disponible bruta;valor (milers €);;34564
2015;Sant Quirze de Besora;renda familiar disponible bruta;per habitant (€);;16478
2015;Sant Quirze de Besora;renda familiar disponible bruta;per habitant (índex Catalunya=100);;97,6
2015;Sant Quirze del Vallès;renda familiar disponible bruta;valor (milers €);;432161
2015;Sant Quirze del Vallès;renda familiar disponible bruta;per habitant (€);;22125
2015;Sant Quirze del Vallès;renda familiar disponible bruta;per habitant (índex Catalunya=100);;131,1
2015;Sant Sadurní d'Anoia;renda familiar disponible bruta;valor (milers €);;215528
2015;Sant Sadurní d'Anoia;renda familiar disponible bruta;per habitant (€);;17117
2015;Sant Sadurní d'Anoia;renda familiar disponible bruta;per habitant (índex Catalunya=100);;101,4
2015;Sant Salvador de Guardiola;renda familiar disponible bruta;valor (milers €);;49719
2015;Sant Salvador de Guardiola;renda familiar disponible bruta;per habitant (€);;15988
2015;Sant Salvador de Guardiola;renda familiar disponible bruta;per habitant (índex Catalunya=100);;94,7
2015;Sant Vicenç de Castellet;renda familiar disponible bruta;valor (milers €);;130828
2015;Sant Vicenç de Castellet;renda familiar disponible bruta;per habitant (€);;14266
2015;Sant Vicenç de Castellet;renda familiar disponible bruta;per habitant (índex Catalunya=100);;84,5
2015;Sant Vicenç de Montalt;renda familiar disponible bruta;valor (milers €);;130322
2015;Sant Vicenç de Montalt;renda familiar disponible bruta;per habitant (€);;21610
2015;Sant Vicenç de Montalt;renda familiar disponible bruta;per habitant (índex Catalunya=100);;128,1
2015;Sant Vicenç de Torelló;renda familiar disponible bruta;valor (milers €);;35100
2015;Sant Vicenç de Torelló;renda familiar disponible bruta;per habitant (€);;17822
2015;Sant Vicenç de Torelló;renda familiar disponible bruta;per habitant (índex Catalunya=100);;105,6
2015;Sant Vicenç dels Horts;renda familiar disponible bruta;valor (milers €);;431868
2015;Sant Vicenç dels Horts;renda familiar disponible bruta;per habitant (€);;15585
2015;Sant Vicenç dels Horts;renda familiar disponible bruta;per habitant (índex Catalunya=100);;92,4
2015;Santa Bàrbara;renda familiar disponible bruta;valor (milers €);;46232
2015;Santa Bàrbara;renda familiar disponible bruta;per habitant (€);;12314
2015;Santa Bàrbara;renda familiar disponible bruta;per habitant (índex Catalunya=100);;73
2015;Santa Coloma de Cervelló;renda familiar disponible bruta;valor (milers €);;151104
2015;Santa Coloma de Cervelló;renda familiar disponible bruta;per habitant (€);;18954
2015;Santa Coloma de Cervelló;renda familiar disponible bruta;per habitant (índex Catalunya=100);;112,3
2015;Santa Coloma de Farners;renda familiar disponible bruta;valor (milers €);;183691
2015;Santa Coloma de Farners;renda familiar disponible bruta;per habitant (€);;14746
2015;Santa Coloma de Farners;renda familiar disponible bruta;per habitant (índex Catalunya=100);;87,4
2015;Santa Coloma de Gramenet;renda familiar disponible bruta;valor (milers €);;1656939
2015;Santa Coloma de Gramenet;renda familiar disponible bruta;per habitant (€);;14339
2015;Santa Coloma de Gramenet;renda familiar disponible bruta;per habitant (índex Catalunya=100);;85
2015;Santa Coloma de Queralt;renda familiar disponible bruta;valor (milers €);;39847
2015;Santa Coloma de Queralt;renda familiar disponible bruta;per habitant (€);;14329
2015;Santa Coloma de Queralt;renda familiar disponible bruta;per habitant (índex Catalunya=100);;84,9
2015;Santa Cristina d'Aro;renda familiar disponible bruta;valor (milers €);;71811
2015;Santa Cristina d'Aro;renda familiar disponible bruta;per habitant (€);;14313
2015;Santa Cristina d'Aro;renda familiar disponible bruta;per habitant (índex Catalunya=100);;84,8
2015;Santa Eugènia de Berga;renda familiar disponible bruta;valor (milers €);;37850
2015;Santa Eugènia de Berga;renda familiar disponible bruta;per habitant (€);;17262
2015;Santa Eugènia de Berga;renda familiar disponible bruta;per habitant (índex Catalunya=100);;102,3
2015;Santa Eulàlia de Riuprimer;renda familiar disponible bruta;valor (milers €);;20521
2015;Santa Eulàlia de Riuprimer;renda familiar disponible bruta;per habitant (€);;16333
2015;Santa Eulàlia de Riuprimer;renda familiar disponible bruta;per habitant (índex Catalunya=100);;96,8
2015;Santa Eulàlia de Ronçana;renda familiar disponible bruta;valor (milers €);;122398
2015;Santa Eulàlia de Ronçana;renda familiar disponible bruta;per habitant (€);;17441
2015;Santa Eulàlia de Ronçana;renda familiar disponible bruta;per habitant (índex Catalunya=100);;103,3
2015;Santa Margarida de Montbui;renda familiar disponible bruta;valor (milers €);;111346
2015;Santa Margarida de Montbui;renda familiar disponible bruta;per habitant (€);;11586
2015;Santa Margarida de Montbui;renda familiar disponible bruta;per habitant (índex Catalunya=100);;68,7
2015;Santa Margarida i els Monjos;renda familiar disponible bruta;valor (milers €);;113955
2015;Santa Margarida i els Monjos;renda familiar disponible bruta;per habitant (€);;15611
2015;Santa Margarida i els Monjos;renda familiar disponible bruta;per habitant (índex Catalunya=100);;92,5
2015;Santa Maria d'Oló;renda familiar disponible bruta;valor (milers €);;16909
2015;Santa Maria d'Oló;renda familiar disponible bruta;per habitant (€);;16102
2015;Santa Maria d'Oló;renda familiar disponible bruta;per habitant (índex Catalunya=100);;95,4
2015;Santa Maria de Palautordera;renda familiar disponible bruta;valor (milers €);;143285
2015;Santa Maria de Palautordera;renda familiar disponible bruta;per habitant (€);;15766
2015;Santa Maria de Palautordera;renda familiar disponible bruta;per habitant (índex Catalunya=100);;93,4
2015;Santa Oliva;renda familiar disponible bruta;valor (milers €);;41213
2015;Santa Oliva;renda familiar disponible bruta;per habitant (€);;12701
2015;Santa Oliva;renda familiar disponible bruta;per habitant (índex Catalunya=100);;75,3
2015;Santa Pau;renda familiar disponible bruta;valor (milers €);;26700
2015;Santa Pau;renda familiar disponible bruta;per habitant (€);;17649
2015;Santa Pau;renda familiar disponible bruta;per habitant (índex Catalunya=100);;104,6
2015;Santa Perpètua de Mogoda;renda familiar disponible bruta;valor (milers €);;418384
2015;Santa Perpètua de Mogoda;renda familiar disponible bruta;per habitant (€);;16484
2015;Santa Perpètua de Mogoda;renda familiar disponible bruta;per habitant (índex Catalunya=100);;97,7
2015;Santa Susanna;renda familiar disponible bruta;valor (milers €);;53626
2015;Santa Susanna;renda familiar disponible bruta;per habitant (€);;16484
2015;Santa Susanna;renda familiar disponible bruta;per habitant (índex Catalunya=100);;97,7
2015;Santpedor;renda familiar disponible bruta;valor (milers €);;128824
2015;Santpedor;renda familiar disponible bruta;per habitant (€);;17332
2015;Santpedor;renda familiar disponible bruta;per habitant (índex Catalunya=100);;102,7
2015;Sarral;renda familiar disponible bruta;valor (milers €);;20630
2015;Sarral;renda familiar disponible bruta;per habitant (€);;13040
2015;Sarral;renda familiar disponible bruta;per habitant (índex Catalunya=100);;77,3
2015;Sarrià de Ter;renda familiar disponible bruta;valor (milers €);;88874
2015;Sarrià de Ter;renda familiar disponible bruta;per habitant (€);;18181
2015;Sarrià de Ter;renda familiar disponible bruta;per habitant (índex Catalunya=100);;107,7
2015;Secuita, la;renda familiar disponible bruta;valor (milers €);;29591
2015;Secuita, la;renda familiar disponible bruta;per habitant (€);;17616
2015;Secuita, la;renda familiar disponible bruta;per habitant (índex Catalunya=100);;104,4
2015;Selva del Camp, la;renda familiar disponible bruta;valor (milers €);;82157
2015;Selva del Camp, la;renda familiar disponible bruta;per habitant (€);;14705
2015;Selva del Camp, la;renda familiar disponible bruta;per habitant (índex Catalunya=100);;87,1
2015;Sénia, la;renda familiar disponible bruta;valor (milers €);;62892
2015;Sénia, la;renda familiar disponible bruta;per habitant (€);;10982
2015;Sénia, la;renda familiar disponible bruta;per habitant (índex Catalunya=100);;65,1
2015;Sentmenat;renda familiar disponible bruta;valor (milers €);;141343
2015;Sentmenat;renda familiar disponible bruta;per habitant (€);;16375
2015;Sentmenat;renda familiar disponible bruta;per habitant (índex Catalunya=100);;97
2015;Serinyà;renda familiar disponible bruta;valor (milers €);;16324
2015;Serinyà;renda familiar disponible bruta;per habitant (€);;14536
2015;Serinyà;renda familiar disponible bruta;per habitant (índex Catalunya=100);;86,1
2015;Seròs;renda familiar disponible bruta;valor (milers €);;24452
2015;Seròs;renda familiar disponible bruta;per habitant (€);;13144
2015;Seròs;renda familiar disponible bruta;per habitant (índex Catalunya=100);;77,9
2015;Seu d'Urgell, la;renda familiar disponible bruta;valor (milers €);;156994
2015;Seu d'Urgell, la;renda familiar disponible bruta;per habitant (€);;12928
2015;Seu d'Urgell, la;renda familiar disponible bruta;per habitant (índex Catalunya=100);;76,6
2015;Seva;renda familiar disponible bruta;valor (milers €);;58773
2015;Seva;renda familiar disponible bruta;per habitant (€);;17337
2015;Seva;renda familiar disponible bruta;per habitant (índex Catalunya=100);;102,7
2015;Sils;renda familiar disponible bruta;valor (milers €);;84886
2015;Sils;renda familiar disponible bruta;per habitant (€);;14705
2015;Sils;renda familiar disponible bruta;per habitant (índex Catalunya=100);;87,1
2015;Sitges;renda familiar disponible bruta;valor (milers €);;519585
2015;Sitges;renda familiar disponible bruta;per habitant (€);;18632
2015;Sitges;renda familiar disponible bruta;per habitant (índex Catalunya=100);;110,4
2015;Solsona;renda familiar disponible bruta;valor (milers €);;122642
2015;Solsona;renda familiar disponible bruta;per habitant (€);;13650
2015;Solsona;renda familiar disponible bruta;per habitant (índex Catalunya=100);;80,9
2015;Sort;renda familiar disponible bruta;valor (milers €);;31649
2015;Sort;renda familiar disponible bruta;per habitant (€);;14728
2015;Sort;renda familiar disponible bruta;per habitant (índex Catalunya=100);;87,3
2015;Soses;renda familiar disponible bruta;valor (milers €);;23283
2015;Soses;renda familiar disponible bruta;per habitant (€);;13874
2015;Soses;renda familiar disponible bruta;per habitant (índex Catalunya=100);;82,2
2015;Subirats;renda familiar disponible bruta;valor (milers €);;49212
2015;Subirats;renda familiar disponible bruta;per habitant (€);;16550
2015;Subirats;renda familiar disponible bruta;per habitant (índex Catalunya=100);;98,1
2015;Súria;renda familiar disponible bruta;valor (milers €);;100690
2015;Súria;renda familiar disponible bruta;per habitant (€);;17197
2015;Súria;renda familiar disponible bruta;per habitant (índex Catalunya=100);;101,9
2015;Taradell;renda familiar disponible bruta;valor (milers €);;104539
2015;Taradell;renda familiar disponible bruta;per habitant (€);;16861
2015;Taradell;renda familiar disponible bruta;per habitant (índex Catalunya=100);;99,9
2015;Tarragona;renda familiar disponible bruta;valor (milers €);;2065683
2015;Tarragona;renda familiar disponible bruta;per habitant (€);;15759
2015;Tarragona;renda familiar disponible bruta;per habitant (índex Catalunya=100);;93,4
2015;Tàrrega;renda familiar disponible bruta;valor (milers €);;221427
2015;Tàrrega;renda familiar disponible bruta;per habitant (€);;13551
2015;Tàrrega;renda familiar disponible bruta;per habitant (índex Catalunya=100);;80,3
2015;Teià;renda familiar disponible bruta;valor (milers €);;138126
2015;Teià;renda familiar disponible bruta;per habitant (€);;22425
2015;Teià;renda familiar disponible bruta;per habitant (índex Catalunya=100);;132,9
2015;Térmens;renda familiar disponible bruta;valor (milers €);;19005
2015;Térmens;renda familiar disponible bruta;per habitant (€);;12582
2015;Térmens;renda familiar disponible bruta;per habitant (índex Catalunya=100);;74,6
2015;Terrassa;renda familiar disponible bruta;valor (milers €);;3455143
2015;Terrassa;renda familiar disponible bruta;per habitant (€);;16140
2015;Terrassa;renda familiar disponible bruta;per habitant (índex Catalunya=100);;95,6
2015;Tiana;renda familiar disponible bruta;valor (milers €);;189404
2015;Tiana;renda familiar disponible bruta;per habitant (€);;22644
2015;Tiana;renda familiar disponible bruta;per habitant (índex Catalunya=100);;134,2
2015;Tivissa;renda familiar disponible bruta;valor (milers €);;22668
2015;Tivissa;renda familiar disponible bruta;per habitant (€);;13411
2015;Tivissa;renda familiar disponible bruta;per habitant (índex Catalunya=100);;79,5
2015;Tona;renda familiar disponible bruta;valor (milers €);;133650
2015;Tona;renda familiar disponible bruta;per habitant (€);;16982
2015;Tona;renda familiar disponible bruta;per habitant (índex Catalunya=100);;100,6
2015;Torà;renda familiar disponible bruta;valor (milers €);;18405
2015;Torà;renda familiar disponible bruta;per habitant (€);;15221
2015;Torà;renda familiar disponible bruta;per habitant (índex Catalunya=100);;90,2
2015;Tordera;renda familiar disponible bruta;valor (milers €);;215023
2015;Tordera;renda familiar disponible bruta;per habitant (€);;13261
2015;Tordera;renda familiar disponible bruta;per habitant (índex Catalunya=100);;78,6
2015;Torelló;renda familiar disponible bruta;valor (milers €);;222682
2015;Torelló;renda familiar disponible bruta;per habitant (€);;16281
2015;Torelló;renda familiar disponible bruta;per habitant (índex Catalunya=100);;96,5
2015;Torre de Claramunt, la;renda familiar disponible bruta;valor (milers €);;56823
2015;Torre de Claramunt, la;renda familiar disponible bruta;per habitant (€);;15206
2015;Torre de Claramunt, la;renda familiar disponible bruta;per habitant (índex Catalunya=100);;90,1
2015;Torredembarra;renda familiar disponible bruta;valor (milers €);;207176
2015;Torredembarra;renda familiar disponible bruta;per habitant (€);;13449
2015;Torredembarra;renda familiar disponible bruta;per habitant (índex Catalunya=100);;79,7
2015;Torrefarrera;renda familiar disponible bruta;valor (milers €);;68355
2015;Torrefarrera;renda familiar disponible bruta;per habitant (€);;15101
2015;Torrefarrera;renda familiar disponible bruta;per habitant (índex Catalunya=100);;89,5
2015;Torregrossa;renda familiar disponible bruta;valor (milers €);;29628
2015;Torregrossa;renda familiar disponible bruta;per habitant (€);;13470
2015;Torregrossa;renda familiar disponible bruta;per habitant (índex Catalunya=100);;79,8
2015;Torrelavit;renda familiar disponible bruta;valor (milers €);;24655
2015;Torrelavit;renda familiar disponible bruta;per habitant (€);;17634
2015;Torrelavit;renda familiar disponible bruta;per habitant (índex Catalunya=100);;104,5
2015;Torrelles de Foix;renda familiar disponible bruta;valor (milers €);;27804
2015;Torrelles de Foix;renda familiar disponible bruta;per habitant (€);;12584
2015;Torrelles de Foix;renda familiar disponible bruta;per habitant (índex Catalunya=100);;74,6
2015;Torrelles de Llobregat;renda familiar disponible bruta;valor (milers €);;105684
2015;Torrelles de Llobregat;renda familiar disponible bruta;per habitant (€);;18057
2015;Torrelles de Llobregat;renda familiar disponible bruta;per habitant (índex Catalunya=100);;107
2015;Torres de Segre;renda familiar disponible bruta;valor (milers €);;28633
2015;Torres de Segre;renda familiar disponible bruta;per habitant (€);;12921
2015;Torres de Segre;renda familiar disponible bruta;per habitant (índex Catalunya=100);;76,6
2015;Torroella de Montgrí;renda familiar disponible bruta;valor (milers €);;145076
2015;Torroella de Montgrí;renda familiar disponible bruta;per habitant (€);;12904
2015;Torroella de Montgrí;renda familiar disponible bruta;per habitant (índex Catalunya=100);;76,5
2015;Tortosa;renda familiar disponible bruta;valor (milers €);;441090
2015;Tortosa;renda familiar disponible bruta;per habitant (€);;13182
2015;Tortosa;renda familiar disponible bruta;per habitant (índex Catalunya=100);;78,1
2015;Tossa de Mar;renda familiar disponible bruta;valor (milers €);;70957
2015;Tossa de Mar;renda familiar disponible bruta;per habitant (€);;12940
2015;Tossa de Mar;renda familiar disponible bruta;per habitant (índex Catalunya=100);;76,7
2015;Tremp;renda familiar disponible bruta;valor (milers €);;88232
2015;Tremp;renda familiar disponible bruta;per habitant (€);;14742
2015;Tremp;renda familiar disponible bruta;per habitant (índex Catalunya=100);;87,4
2015;Ullà;renda familiar disponible bruta;valor (milers €);;13870
2015;Ullà;renda familiar disponible bruta;per habitant (€);;13167
2015;Ullà;renda familiar disponible bruta;per habitant (índex Catalunya=100);;78
2015;Ullastrell;renda familiar disponible bruta;valor (milers €);;36536
2015;Ullastrell;renda familiar disponible bruta;per habitant (€);;17993
2015;Ullastrell;renda familiar disponible bruta;per habitant (índex Catalunya=100);;106,6
2015;Ulldecona;renda familiar disponible bruta;valor (milers €);;70283
2015;Ulldecona;renda familiar disponible bruta;per habitant (€);;10808
2015;Ulldecona;renda familiar disponible bruta;per habitant (índex Catalunya=100);;64
2015;Vacarisses;renda familiar disponible bruta;valor (milers €);;98298
2015;Vacarisses;renda familiar disponible bruta;per habitant (€);;16020
2015;Vacarisses;renda familiar disponible bruta;per habitant (índex Catalunya=100);;94,9
2015;Vall d'en Bas, la;renda familiar disponible bruta;valor (milers €);;49860
2015;Vall d'en Bas, la;renda familiar disponible bruta;per habitant (€);;17097
2015;Vall d'en Bas, la;renda familiar disponible bruta;per habitant (índex Catalunya=100);;101,3
2015;Vall de Bianya, la;renda familiar disponible bruta;valor (milers €);;23725
2015;Vall de Bianya, la;renda familiar disponible bruta;per habitant (€);;18884
2015;Vall de Bianya, la;renda familiar disponible bruta;per habitant (índex Catalunya=100);;111,9
2015;Vall de Boí, la;renda familiar disponible bruta;valor (milers €);;14147
2015;Vall de Boí, la;renda familiar disponible bruta;per habitant (€);;13931
2015;Vall de Boí, la;renda familiar disponible bruta;per habitant (índex Catalunya=100);;82,6
2015;Vallbona d'Anoia;renda familiar disponible bruta;valor (milers €);;22812
2015;Vallbona d'Anoia;renda familiar disponible bruta;per habitant (€);;16159
2015;Vallbona d'Anoia;renda familiar disponible bruta;per habitant (índex Catalunya=100);;95,8
2015;Vallfogona de Balaguer;renda familiar disponible bruta;valor (milers €);;25649
2015;Vallfogona de Balaguer;renda familiar disponible bruta;per habitant (€);;13851
2015;Vallfogona de Balaguer;renda familiar disponible bruta;per habitant (índex Catalunya=100);;82,1
2015;Vallgorguina;renda familiar disponible bruta;valor (milers €);;45911
2015;Vallgorguina;renda familiar disponible bruta;per habitant (€);;16742
2015;Vallgorguina;renda familiar disponible bruta;per habitant (índex Catalunya=100);;99,2
2015;Vallirana;renda familiar disponible bruta;valor (milers €);;251648
2015;Vallirana;renda familiar disponible bruta;per habitant (€);;17334
2015;Vallirana;renda familiar disponible bruta;per habitant (índex Catalunya=100);;102,7
2015;Vallmoll;renda familiar disponible bruta;valor (milers €);;26812
2015;Vallmoll;renda familiar disponible bruta;per habitant (€);;16292
2015;Vallmoll;renda familiar disponible bruta;per habitant (índex Catalunya=100);;96,5
2015;Vallromanes;renda familiar disponible bruta;valor (milers €);;55658
2015;Vallromanes;renda familiar disponible bruta;per habitant (€);;22110
2015;Vallromanes;renda familiar disponible bruta;per habitant (índex Catalunya=100);;131
2015;Valls;renda familiar disponible bruta;valor (milers €);;365053
2015;Valls;renda familiar disponible bruta;per habitant (€);;15041
2015;Valls;renda familiar disponible bruta;per habitant (índex Catalunya=100);;89,1
2015;Vandellòs i l'Hospitalet de l'Infant;renda familiar disponible bruta;valor (milers €);;90219
2015;Vandellòs i l'Hospitalet de l'Infant;renda familiar disponible bruta;per habitant (€);;14767
2015;Vandellòs i l'Hospitalet de l'Infant;renda familiar disponible bruta;per habitant (índex Catalunya=100);;87,5
2015;Vendrell, el;renda familiar disponible bruta;valor (milers €);;503755
2015;Vendrell, el;renda familiar disponible bruta;per habitant (€);;13908
2015;Vendrell, el;renda familiar disponible bruta;per habitant (índex Catalunya=100);;82,4
2015;Verges;renda familiar disponible bruta;valor (milers €);;17436
2015;Verges;renda familiar disponible bruta;per habitant (€);;15129
2015;Verges;renda familiar disponible bruta;per habitant (índex Catalunya=100);;89,6
2015;Vic;renda familiar disponible bruta;valor (milers €);;672076
2015;Vic;renda familiar disponible bruta;per habitant (€);;15900
2015;Vic;renda familiar disponible bruta;per habitant (índex Catalunya=100);;94,2
2015;Vidreres;renda familiar disponible bruta;valor (milers €);;111469
2015;Vidreres;renda familiar disponible bruta;per habitant (€);;14705
2015;Vidreres;renda familiar disponible bruta;per habitant (índex Catalunya=100);;87,1
2015;Vielha e Mijaran;renda familiar disponible bruta;valor (milers €);;75462
2015;Vielha e Mijaran;renda familiar disponible bruta;per habitant (€);;14033
2015;Vielha e Mijaran;renda familiar disponible bruta;per habitant (índex Catalunya=100);;83,2
2015;Vilablareix;renda familiar disponible bruta;valor (milers €);;46397
2015;Vilablareix;renda familiar disponible bruta;per habitant (€);;18285
2015;Vilablareix;renda familiar disponible bruta;per habitant (índex Catalunya=100);;108,4
2015;Viladecans;renda familiar disponible bruta;valor (milers €);;1111710
2015;Viladecans;renda familiar disponible bruta;per habitant (€);;17090
2015;Viladecans;renda familiar disponible bruta;per habitant (índex Catalunya=100);;101,3
2015;Viladecavalls;renda familiar disponible bruta;valor (milers €);;133020
2015;Viladecavalls;renda familiar disponible bruta;per habitant (€);;18167
2015;Viladecavalls;renda familiar disponible bruta;per habitant (índex Catalunya=100);;107,7
2015;Viladrau;renda familiar disponible bruta;valor (milers €);;17610
2015;Viladrau;renda familiar disponible bruta;per habitant (€);;17308
2015;Viladrau;renda familiar disponible bruta;per habitant (índex Catalunya=100);;102,6
2015;Vilafant;renda familiar disponible bruta;valor (milers €);;79070
2015;Vilafant;renda familiar disponible bruta;per habitant (€);;14745
2015;Vilafant;renda familiar disponible bruta;per habitant (índex Catalunya=100);;87,4
2015;Vilafranca del Penedès;renda familiar disponible bruta;valor (milers €);;606267
2015;Vilafranca del Penedès;renda familiar disponible bruta;per habitant (€);;15527
2015;Vilafranca del Penedès;renda familiar disponible bruta;per habitant (índex Catalunya=100);;92
2015;Vilajuïga;renda familiar disponible bruta;valor (milers €);;16108
2015;Vilajuïga;renda familiar disponible bruta;per habitant (€);;14231
2015;Vilajuïga;renda familiar disponible bruta;per habitant (índex Catalunya=100);;84,3
2015;Vilallonga del Camp;renda familiar disponible bruta;valor (milers €);;33373
2015;Vilallonga del Camp;renda familiar disponible bruta;per habitant (€);;14899
2015;Vilallonga del Camp;renda familiar disponible bruta;per habitant (índex Catalunya=100);;88,3
2015;Vilamalla;renda familiar disponible bruta;valor (milers €);;16215
2015;Vilamalla;renda familiar disponible bruta;per habitant (€);;14769
2015;Vilamalla;renda familiar disponible bruta;per habitant (índex Catalunya=100);;87,5
2015;Vilanova de Bellpuig;renda familiar disponible bruta;valor (milers €);;16127
2015;Vilanova de Bellpuig;renda familiar disponible bruta;per habitant (€);;13833
2015;Vilanova de Bellpuig;renda familiar disponible bruta;per habitant (índex Catalunya=100);;82
2015;Vilanova de la Barca;renda familiar disponible bruta;valor (milers €);;15794
2015;Vilanova de la Barca;renda familiar disponible bruta;per habitant (€);;14977
2015;Vilanova de la Barca;renda familiar disponible bruta;per habitant (índex Catalunya=100);;88,7
2015;Vilanova de Segrià;renda familiar disponible bruta;valor (milers €);;12455
2015;Vilanova de Segrià;renda familiar disponible bruta;per habitant (€);;13518
2015;Vilanova de Segrià;renda familiar disponible bruta;per habitant (índex Catalunya=100);;80,1
2015;Vilanova del Camí;renda familiar disponible bruta;valor (milers €);;164858
2015;Vilanova del Camí;renda familiar disponible bruta;per habitant (€);;13289
2015;Vilanova del Camí;renda familiar disponible bruta;per habitant (índex Catalunya=100);;78,7
2015;Vilanova del Vallès;renda familiar disponible bruta;valor (milers €);;101928
2015;Vilanova del Vallès;renda familiar disponible bruta;per habitant (€);;19622
2015;Vilanova del Vallès;renda familiar disponible bruta;per habitant (índex Catalunya=100);;116,3
2015;Vilanova i la Geltrú;renda familiar disponible bruta;valor (milers €);;1037190
2015;Vilanova i la Geltrú;renda familiar disponible bruta;per habitant (€);;16031
2015;Vilanova i la Geltrú;renda familiar disponible bruta;per habitant (índex Catalunya=100);;95
2015;Vila-rodona;renda familiar disponible bruta;valor (milers €);;16173
2015;Vila-rodona;renda familiar disponible bruta;per habitant (€);;12797
2015;Vila-rodona;renda familiar disponible bruta;per habitant (índex Catalunya=100);;75,8
2015;Vila-seca;renda familiar disponible bruta;valor (milers €);;294294
2015;Vila-seca;renda familiar disponible bruta;per habitant (€);;13306
2015;Vila-seca;renda familiar disponible bruta;per habitant (índex Catalunya=100);;78,9
2015;Vilassar de Dalt;renda familiar disponible bruta;valor (milers €);;173256
2015;Vilassar de Dalt;renda familiar disponible bruta;per habitant (€);;19612
2015;Vilassar de Dalt;renda familiar disponible bruta;per habitant (índex Catalunya=100);;116,2
2015;Vilassar de Mar;renda familiar disponible bruta;valor (milers €);;397359
2015;Vilassar de Mar;renda familiar disponible bruta;per habitant (€);;19596
2015;Vilassar de Mar;renda familiar disponible bruta;per habitant (índex Catalunya=100);;116,1
2015;Vilobí d'Onyar;renda familiar disponible bruta;valor (milers €);;54873
2015;Vilobí d'Onyar;renda familiar disponible bruta;per habitant (€);;17583
2015;Vilobí d'Onyar;renda familiar disponible bruta;per habitant (índex Catalunya=100);;104,2
2015;Vilobí del Penedès;renda familiar disponible bruta;valor (milers €);;19306
2015;Vilobí del Penedès;renda familiar disponible bruta;per habitant (€);;17759
2015;Vilobí del Penedès;renda familiar disponible bruta;per habitant (índex Catalunya=100);;105,2
2015;Vinyols i els Arcs;renda familiar disponible bruta;valor (milers €);;28955
2015;Vinyols i els Arcs;renda familiar disponible bruta;per habitant (€);;15014
2015;Vinyols i els Arcs;renda familiar disponible bruta;per habitant (índex Catalunya=100);;89
2015;Xerta;renda familiar disponible bruta;valor (milers €);;16003
2015;Xerta;renda familiar disponible bruta;per habitant (€);;13477
2015;Xerta;renda familiar disponible bruta;per habitant (índex Catalunya=100);;79,9
