any;municipi;concepte;indicador;estat;valor
2019;Abrera;renda familiar disponible bruta;valor (milers €);;229912
2019;Abrera;renda familiar disponible bruta;per habitant (€);;18521
2019;Abrera;renda familiar disponible bruta;per habitant (índex Catalunya=100);;100,3
2019;Agramunt;renda familiar disponible bruta;valor (milers €);;86164
2019;Agramunt;renda familiar disponible bruta;per habitant (€);;16066
2019;Agramunt;renda familiar disponible bruta;per habitant (índex Catalunya=100);;87
2019;Aiguafreda;renda familiar disponible bruta;valor (milers €);;47805
2019;Aiguafreda;renda familiar disponible bruta;per habitant (€);;19110
2019;Aiguafreda;renda familiar disponible bruta;per habitant (índex Catalunya=100);;103,5
2019;Aitona;renda familiar disponible bruta;valor (milers €);;30991
2019;Aitona;renda familiar disponible bruta;per habitant (€);;12212
2019;Aitona;renda familiar disponible bruta;per habitant (índex Catalunya=100);;66,1
2019;Albatàrrec;renda familiar disponible bruta;valor (milers €);;29760
2019;Albatàrrec;renda familiar disponible bruta;per habitant (€);;13571
2019;Albatàrrec;renda familiar disponible bruta;per habitant (índex Catalunya=100);;73,5
2019;Albesa;renda familiar disponible bruta;valor (milers €);;22678
2019;Albesa;renda familiar disponible bruta;per habitant (€);;14761
2019;Albesa;renda familiar disponible bruta;per habitant (índex Catalunya=100);;79,9
2019;Albinyana;renda familiar disponible bruta;valor (milers €);;34648
2019;Albinyana;renda familiar disponible bruta;per habitant (€);;14202
2019;Albinyana;renda familiar disponible bruta;per habitant (índex Catalunya=100);;76,9
2019;Alcanar;renda familiar disponible bruta;valor (milers €);;129919
2019;Alcanar;renda familiar disponible bruta;per habitant (€);;13607
2019;Alcanar;renda familiar disponible bruta;per habitant (índex Catalunya=100);;73,7
2019;Alcarràs;renda familiar disponible bruta;valor (milers €);;131033
2019;Alcarràs;renda familiar disponible bruta;per habitant (€);;13855
2019;Alcarràs;renda familiar disponible bruta;per habitant (índex Catalunya=100);;75
2019;Alcoletge;renda familiar disponible bruta;valor (milers €);;50104
2019;Alcoletge;renda familiar disponible bruta;per habitant (€);;14855
2019;Alcoletge;renda familiar disponible bruta;per habitant (índex Catalunya=100);;80,5
2019;Alcover;renda familiar disponible bruta;valor (milers €);;82878
2019;Alcover;renda familiar disponible bruta;per habitant (€);;16184
2019;Alcover;renda familiar disponible bruta;per habitant (índex Catalunya=100);;87,7
2019;Aldea, l';renda familiar disponible bruta;valor (milers €);;55564
2019;Aldea, l';renda familiar disponible bruta;per habitant (€);;13421
2019;Aldea, l';renda familiar disponible bruta;per habitant (índex Catalunya=100);;72,7
2019;Alella;renda familiar disponible bruta;valor (milers €);;271233
2019;Alella;renda familiar disponible bruta;per habitant (€);;27873
2019;Alella;renda familiar disponible bruta;per habitant (índex Catalunya=100);;151
2019;Alfarràs;renda familiar disponible bruta;valor (milers €);;40427
2019;Alfarràs;renda familiar disponible bruta;per habitant (€);;14773
2019;Alfarràs;renda familiar disponible bruta;per habitant (índex Catalunya=100);;80
2019;Alforja;renda familiar disponible bruta;valor (milers €);;27272
2019;Alforja;renda familiar disponible bruta;per habitant (€);;15124
2019;Alforja;renda familiar disponible bruta;per habitant (índex Catalunya=100);;81,9
2019;Alguaire;renda familiar disponible bruta;valor (milers €);;44006
2019;Alguaire;renda familiar disponible bruta;per habitant (€);;14906
2019;Alguaire;renda familiar disponible bruta;per habitant (índex Catalunya=100);;80,7
2019;Almacelles;renda familiar disponible bruta;valor (milers €);;96279
2019;Almacelles;renda familiar disponible bruta;per habitant (€);;14371
2019;Almacelles;renda familiar disponible bruta;per habitant (índex Catalunya=100);;77,8
2019;Almenar;renda familiar disponible bruta;valor (milers €);;49258
2019;Almenar;renda familiar disponible bruta;per habitant (€);;14821
2019;Almenar;renda familiar disponible bruta;per habitant (índex Catalunya=100);;80,3
2019;Almoster;renda familiar disponible bruta;valor (milers €);;30565
2019;Almoster;renda familiar disponible bruta;per habitant (€);;22567
2019;Almoster;renda familiar disponible bruta;per habitant (índex Catalunya=100);;122,2
2019;Alp;renda familiar disponible bruta;valor (milers €);;27839
2019;Alp;renda familiar disponible bruta;per habitant (€);;17673
2019;Alp;renda familiar disponible bruta;per habitant (índex Catalunya=100);;95,7
2019;Alpicat;renda familiar disponible bruta;valor (milers €);;120859
2019;Alpicat;renda familiar disponible bruta;per habitant (€);;19618
2019;Alpicat;renda familiar disponible bruta;per habitant (índex Catalunya=100);;106,3
2019;Altafulla;renda familiar disponible bruta;valor (milers €);;103585
2019;Altafulla;renda familiar disponible bruta;per habitant (€);;19571
2019;Altafulla;renda familiar disponible bruta;per habitant (índex Catalunya=100);;106
2019;Amer;renda familiar disponible bruta;valor (milers €);;40407
2019;Amer;renda familiar disponible bruta;per habitant (€);;17799
2019;Amer;renda familiar disponible bruta;per habitant (índex Catalunya=100);;96,4
2019;Ametlla de Mar, l';renda familiar disponible bruta;valor (milers €);;94995
2019;Ametlla de Mar, l';renda familiar disponible bruta;per habitant (€);;13960
2019;Ametlla de Mar, l';renda familiar disponible bruta;per habitant (índex Catalunya=100);;75,6
2019;Ametlla del Vallès, l';renda familiar disponible bruta;valor (milers €);;216599
2019;Ametlla del Vallès, l';renda familiar disponible bruta;per habitant (€);;25386
2019;Ametlla del Vallès, l';renda familiar disponible bruta;per habitant (índex Catalunya=100);;137,5
2019;Ampolla, l';renda familiar disponible bruta;valor (milers €);;50286
2019;Ampolla, l';renda familiar disponible bruta;per habitant (€);;15565
2019;Ampolla, l';renda familiar disponible bruta;per habitant (índex Catalunya=100);;84,3
2019;Amposta;renda familiar disponible bruta;valor (milers €);;288494
2019;Amposta;renda familiar disponible bruta;per habitant (€);;13610
2019;Amposta;renda familiar disponible bruta;per habitant (índex Catalunya=100);;73,7
2019;Anglès;renda familiar disponible bruta;valor (milers €);;86104
2019;Anglès;renda familiar disponible bruta;per habitant (€);;15605
2019;Anglès;renda familiar disponible bruta;per habitant (índex Catalunya=100);;84,5
2019;Anglesola;renda familiar disponible bruta;valor (milers €);;21528
2019;Anglesola;renda familiar disponible bruta;per habitant (€);;15866
2019;Anglesola;renda familiar disponible bruta;per habitant (índex Catalunya=100);;85,9
2019;Arbeca;renda familiar disponible bruta;valor (milers €);;31056
2019;Arbeca;renda familiar disponible bruta;per habitant (€);;14487
2019;Arbeca;renda familiar disponible bruta;per habitant (índex Catalunya=100);;78,5
2019;Arboç, l';renda familiar disponible bruta;valor (milers €);;77359
2019;Arboç, l';renda familiar disponible bruta;per habitant (€);;13983
2019;Arboç, l';renda familiar disponible bruta;per habitant (índex Catalunya=100);;75,7
2019;Arbúcies;renda familiar disponible bruta;valor (milers €);;97309
2019;Arbúcies;renda familiar disponible bruta;per habitant (€);;15076
2019;Arbúcies;renda familiar disponible bruta;per habitant (índex Catalunya=100);;81,7
2019;Arenys de Mar;renda familiar disponible bruta;valor (milers €);;324532
2019;Arenys de Mar;renda familiar disponible bruta;per habitant (€);;20720
2019;Arenys de Mar;renda familiar disponible bruta;per habitant (índex Catalunya=100);;112,2
2019;Arenys de Munt;renda familiar disponible bruta;valor (milers €);;166687
2019;Arenys de Munt;renda familiar disponible bruta;per habitant (€);;18698
2019;Arenys de Munt;renda familiar disponible bruta;per habitant (índex Catalunya=100);;101,3
2019;Argentona;renda familiar disponible bruta;valor (milers €);;237076
2019;Argentona;renda familiar disponible bruta;per habitant (€);;19212
2019;Argentona;renda familiar disponible bruta;per habitant (índex Catalunya=100);;104,1
2019;Armentera, l';renda familiar disponible bruta;valor (milers €);;14982
2019;Armentera, l';renda familiar disponible bruta;per habitant (€);;16312
2019;Armentera, l';renda familiar disponible bruta;per habitant (índex Catalunya=100);;88,4
2019;Artés;renda familiar disponible bruta;valor (milers €);;98698
2019;Artés;renda familiar disponible bruta;per habitant (€);;17390
2019;Artés;renda familiar disponible bruta;per habitant (índex Catalunya=100);;94,2
2019;Artesa de Lleida;renda familiar disponible bruta;valor (milers €);;23035
2019;Artesa de Lleida;renda familiar disponible bruta;per habitant (€);;15405
2019;Artesa de Lleida;renda familiar disponible bruta;per habitant (índex Catalunya=100);;83,4
2019;Artesa de Segre;renda familiar disponible bruta;valor (milers €);;50361
2019;Artesa de Segre;renda familiar disponible bruta;per habitant (€);;14955
2019;Artesa de Segre;renda familiar disponible bruta;per habitant (índex Catalunya=100);;81
2019;Ascó;renda familiar disponible bruta;valor (milers €);;25466
2019;Ascó;renda familiar disponible bruta;per habitant (€);;15586
2019;Ascó;renda familiar disponible bruta;per habitant (índex Catalunya=100);;84,4
2019;Avià;renda familiar disponible bruta;valor (milers €);;41130
2019;Avià;renda familiar disponible bruta;per habitant (€);;18577
2019;Avià;renda familiar disponible bruta;per habitant (índex Catalunya=100);;100,6
2019;Avinyó;renda familiar disponible bruta;valor (milers €);;41014
2019;Avinyó;renda familiar disponible bruta;per habitant (€);;18146
2019;Avinyó;renda familiar disponible bruta;per habitant (índex Catalunya=100);;98,3
2019;Avinyonet de Puigventós;renda familiar disponible bruta;valor (milers €);;27590
2019;Avinyonet de Puigventós;renda familiar disponible bruta;per habitant (€);;17381
2019;Avinyonet de Puigventós;renda familiar disponible bruta;per habitant (índex Catalunya=100);;94,1
2019;Avinyonet del Penedès;renda familiar disponible bruta;valor (milers €);;28404
2019;Avinyonet del Penedès;renda familiar disponible bruta;per habitant (€);;16709
2019;Avinyonet del Penedès;renda familiar disponible bruta;per habitant (índex Catalunya=100);;90,5
2019;Badalona;renda familiar disponible bruta;valor (milers €);;3739546
2019;Badalona;renda familiar disponible bruta;per habitant (€);;16986
2019;Badalona;renda familiar disponible bruta;per habitant (índex Catalunya=100);;92
2019;Badia del Vallès;renda familiar disponible bruta;valor (milers €);;182473
2019;Badia del Vallès;renda familiar disponible bruta;per habitant (€);;13639
2019;Badia del Vallès;renda familiar disponible bruta;per habitant (índex Catalunya=100);;73,9
2019;Bagà;renda familiar disponible bruta;valor (milers €);;38887
2019;Bagà;renda familiar disponible bruta;per habitant (€);;18254
2019;Bagà;renda familiar disponible bruta;per habitant (índex Catalunya=100);;98,9
2019;Balaguer;renda familiar disponible bruta;valor (milers €);;242969
2019;Balaguer;renda familiar disponible bruta;per habitant (€);;14233
2019;Balaguer;renda familiar disponible bruta;per habitant (índex Catalunya=100);;77,1
2019;Balenyà;renda familiar disponible bruta;valor (milers €);;62448
2019;Balenyà;renda familiar disponible bruta;per habitant (€);;16509
2019;Balenyà;renda familiar disponible bruta;per habitant (índex Catalunya=100);;89,4
2019;Balsareny;renda familiar disponible bruta;valor (milers €);;57053
2019;Balsareny;renda familiar disponible bruta;per habitant (€);;18139
2019;Balsareny;renda familiar disponible bruta;per habitant (índex Catalunya=100);;98,2
2019;Banyeres del Penedès;renda familiar disponible bruta;valor (milers €);;52051
2019;Banyeres del Penedès;renda familiar disponible bruta;per habitant (€);;16414
2019;Banyeres del Penedès;renda familiar disponible bruta;per habitant (índex Catalunya=100);;88,9
2019;Banyoles;renda familiar disponible bruta;valor (milers €);;340798
2019;Banyoles;renda familiar disponible bruta;per habitant (€);;17206
2019;Banyoles;renda familiar disponible bruta;per habitant (índex Catalunya=100);;93,2
2019;Barberà del Vallès;renda familiar disponible bruta;valor (milers €);;596803
2019;Barberà del Vallès;renda familiar disponible bruta;per habitant (€);;17994
2019;Barberà del Vallès;renda familiar disponible bruta;per habitant (índex Catalunya=100);;97,5
2019;Barcelona;renda familiar disponible bruta;valor (milers €);;36831983
2019;Barcelona;renda familiar disponible bruta;per habitant (€);;22483
2019;Barcelona;renda familiar disponible bruta;per habitant (índex Catalunya=100);;121,8
2019;Bàscara;renda familiar disponible bruta;valor (milers €);;16168
2019;Bàscara;renda familiar disponible bruta;per habitant (€);;16515
2019;Bàscara;renda familiar disponible bruta;per habitant (índex Catalunya=100);;89,5
2019;Batea;renda familiar disponible bruta;valor (milers €);;25248
2019;Batea;renda familiar disponible bruta;per habitant (€);;13495
2019;Batea;renda familiar disponible bruta;per habitant (índex Catalunya=100);;73,1
2019;Begues;renda familiar disponible bruta;valor (milers €);;164355
2019;Begues;renda familiar disponible bruta;per habitant (€);;23013
2019;Begues;renda familiar disponible bruta;per habitant (índex Catalunya=100);;124,6
2019;Begur;renda familiar disponible bruta;valor (milers €);;67253
2019;Begur;renda familiar disponible bruta;per habitant (€);;17481
2019;Begur;renda familiar disponible bruta;per habitant (índex Catalunya=100);;94,7
2019;Bellcaire d'Urgell;renda familiar disponible bruta;valor (milers €);;18701
2019;Bellcaire d'Urgell;renda familiar disponible bruta;per habitant (€);;15620
2019;Bellcaire d'Urgell;renda familiar disponible bruta;per habitant (índex Catalunya=100);;84,6
2019;Bell-lloc d'Urgell;renda familiar disponible bruta;valor (milers €);;37493
2019;Bell-lloc d'Urgell;renda familiar disponible bruta;per habitant (€);;15934
2019;Bell-lloc d'Urgell;renda familiar disponible bruta;per habitant (índex Catalunya=100);;86,3
2019;Bellpuig;renda familiar disponible bruta;valor (milers €);;72846
2019;Bellpuig;renda familiar disponible bruta;per habitant (€);;14148
2019;Bellpuig;renda familiar disponible bruta;per habitant (índex Catalunya=100);;76,6
2019;Bellvei;renda familiar disponible bruta;valor (milers €);;31234
2019;Bellvei;renda familiar disponible bruta;per habitant (€);;14147
2019;Bellvei;renda familiar disponible bruta;per habitant (índex Catalunya=100);;76,6
2019;Bellver de Cerdanya;renda familiar disponible bruta;valor (milers €);;37901
2019;Bellver de Cerdanya;renda familiar disponible bruta;per habitant (€);;19366
2019;Bellver de Cerdanya;renda familiar disponible bruta;per habitant (índex Catalunya=100);;104,9
2019;Bellvís;renda familiar disponible bruta;valor (milers €);;34360
2019;Bellvís;renda familiar disponible bruta;per habitant (€);;15040
2019;Bellvís;renda familiar disponible bruta;per habitant (índex Catalunya=100);;81,5
2019;Benavent de Segrià;renda familiar disponible bruta;valor (milers €);;26385
2019;Benavent de Segrià;renda familiar disponible bruta;per habitant (€);;17775
2019;Benavent de Segrià;renda familiar disponible bruta;per habitant (índex Catalunya=100);;96,3
2019;Benissanet;renda familiar disponible bruta;valor (milers €);;15292
2019;Benissanet;renda familiar disponible bruta;per habitant (€);;13438
2019;Benissanet;renda familiar disponible bruta;per habitant (índex Catalunya=100);;72,8
2019;Berga;renda familiar disponible bruta;valor (milers €);;285245
2019;Berga;renda familiar disponible bruta;per habitant (€);;17225
2019;Berga;renda familiar disponible bruta;per habitant (índex Catalunya=100);;93,3
2019;Besalú;renda familiar disponible bruta;valor (milers €);;42861
2019;Besalú;renda familiar disponible bruta;per habitant (€);;17557
2019;Besalú;renda familiar disponible bruta;per habitant (índex Catalunya=100);;95,1
2019;Bescanó;renda familiar disponible bruta;valor (milers €);;88624
2019;Bescanó;renda familiar disponible bruta;per habitant (€);;18329
2019;Bescanó;renda familiar disponible bruta;per habitant (índex Catalunya=100);;99,3
2019;Bigues i Riells del Fai;renda familiar disponible bruta;valor (milers €);;179752
2019;Bigues i Riells del Fai;renda familiar disponible bruta;per habitant (€);;19535
2019;Bigues i Riells del Fai;renda familiar disponible bruta;per habitant (índex Catalunya=100);;105,8
2019;Bisbal d'Empordà, la;renda familiar disponible bruta;valor (milers €);;157259
2019;Bisbal d'Empordà, la;renda familiar disponible bruta;per habitant (€);;14435
2019;Bisbal d'Empordà, la;renda familiar disponible bruta;per habitant (índex Catalunya=100);;78,2
2019;Bisbal del Penedès, la;renda familiar disponible bruta;valor (milers €);;53117
2019;Bisbal del Penedès, la;renda familiar disponible bruta;per habitant (€);;14921
2019;Bisbal del Penedès, la;renda familiar disponible bruta;per habitant (índex Catalunya=100);;80,8
2019;Blanes;renda familiar disponible bruta;valor (milers €);;594057
2019;Blanes;renda familiar disponible bruta;per habitant (€);;15347
2019;Blanes;renda familiar disponible bruta;per habitant (índex Catalunya=100);;83,1
2019;Bordils;renda familiar disponible bruta;valor (milers €);;30750
2019;Bordils;renda familiar disponible bruta;per habitant (€);;17877
2019;Bordils;renda familiar disponible bruta;per habitant (índex Catalunya=100);;96,8
2019;Borges Blanques, les;renda familiar disponible bruta;valor (milers €);;92209
2019;Borges Blanques, les;renda familiar disponible bruta;per habitant (€);;14981
2019;Borges Blanques, les;renda familiar disponible bruta;per habitant (índex Catalunya=100);;81,1
2019;Borges del Camp, les;renda familiar disponible bruta;valor (milers €);;33298
2019;Borges del Camp, les;renda familiar disponible bruta;per habitant (€);;16170
2019;Borges del Camp, les;renda familiar disponible bruta;per habitant (índex Catalunya=100);;87,6
2019;Bossòst;renda familiar disponible bruta;valor (milers €);;19730
2019;Bossòst;renda familiar disponible bruta;per habitant (€);;17972
2019;Bossòst;renda familiar disponible bruta;per habitant (índex Catalunya=100);;97,3
2019;Botarell;renda familiar disponible bruta;valor (milers €);;19876
2019;Botarell;renda familiar disponible bruta;per habitant (€);;18417
2019;Botarell;renda familiar disponible bruta;per habitant (índex Catalunya=100);;99,8
2019;Breda;renda familiar disponible bruta;valor (milers €);;60628
2019;Breda;renda familiar disponible bruta;per habitant (€);;16482
2019;Breda;renda familiar disponible bruta;per habitant (índex Catalunya=100);;89,3
2019;Bruc, el;renda familiar disponible bruta;valor (milers €);;41739
2019;Bruc, el;renda familiar disponible bruta;per habitant (€);;20051
2019;Bruc, el;renda familiar disponible bruta;per habitant (índex Catalunya=100);;108,6
2019;Cabanyes, les;renda familiar disponible bruta;valor (milers €);;18945
2019;Cabanyes, les;renda familiar disponible bruta;per habitant (€);;19491
2019;Cabanyes, les;renda familiar disponible bruta;per habitant (índex Catalunya=100);;105,6
2019;Cabra del Camp;renda familiar disponible bruta;valor (milers €);;16243
2019;Cabra del Camp;renda familiar disponible bruta;per habitant (€);;13849
2019;Cabra del Camp;renda familiar disponible bruta;per habitant (índex Catalunya=100);;75
2019;Cabrera d'Anoia;renda familiar disponible bruta;valor (milers €);;22388
2019;Cabrera d'Anoia;renda familiar disponible bruta;per habitant (€);;15471
2019;Cabrera d'Anoia;renda familiar disponible bruta;per habitant (índex Catalunya=100);;83,8
2019;Cabrera de Mar;renda familiar disponible bruta;valor (milers €);;122674
2019;Cabrera de Mar;renda familiar disponible bruta;per habitant (€);;26351
2019;Cabrera de Mar;renda familiar disponible bruta;per habitant (índex Catalunya=100);;142,7
2019;Cabrils;renda familiar disponible bruta;valor (milers €);;204822
2019;Cabrils;renda familiar disponible bruta;per habitant (€);;27890
2019;Cabrils;renda familiar disponible bruta;per habitant (índex Catalunya=100);;151,1
2019;Cadaqués;renda familiar disponible bruta;valor (milers €);;39962
2019;Cadaqués;renda familiar disponible bruta;per habitant (€);;15136
2019;Cadaqués;renda familiar disponible bruta;per habitant (índex Catalunya=100);;82
2019;Calaf;renda familiar disponible bruta;valor (milers €);;55422
2019;Calaf;renda familiar disponible bruta;per habitant (€);;15402
2019;Calaf;renda familiar disponible bruta;per habitant (índex Catalunya=100);;83,4
2019;Calafell;renda familiar disponible bruta;valor (milers €);;399674
2019;Calafell;renda familiar disponible bruta;per habitant (€);;14846
2019;Calafell;renda familiar disponible bruta;per habitant (índex Catalunya=100);;80,4
2019;Calders;renda familiar disponible bruta;valor (milers €);;19922
2019;Calders;renda familiar disponible bruta;per habitant (€);;19947
2019;Calders;renda familiar disponible bruta;per habitant (índex Catalunya=100);;108
2019;Caldes d'Estrac;renda familiar disponible bruta;valor (milers €);;58537
2019;Caldes d'Estrac;renda familiar disponible bruta;per habitant (€);;19746
2019;Caldes d'Estrac;renda familiar disponible bruta;per habitant (índex Catalunya=100);;107
2019;Caldes de Malavella;renda familiar disponible bruta;valor (milers €);;128809
2019;Caldes de Malavella;renda familiar disponible bruta;per habitant (€);;16934
2019;Caldes de Malavella;renda familiar disponible bruta;per habitant (índex Catalunya=100);;91,7
2019;Caldes de Montbui;renda familiar disponible bruta;valor (milers €);;332930
2019;Caldes de Montbui;renda familiar disponible bruta;per habitant (€);;18876
2019;Caldes de Montbui;renda familiar disponible bruta;per habitant (índex Catalunya=100);;102,2
2019;Calella;renda familiar disponible bruta;valor (milers €);;296028
2019;Calella;renda familiar disponible bruta;per habitant (€);;15633
2019;Calella;renda familiar disponible bruta;per habitant (índex Catalunya=100);;84,7
2019;Calldetenes;renda familiar disponible bruta;valor (milers €);;44398
2019;Calldetenes;renda familiar disponible bruta;per habitant (€);;17977
2019;Calldetenes;renda familiar disponible bruta;per habitant (índex Catalunya=100);;97,4
2019;Callús;renda familiar disponible bruta;valor (milers €);;35472
2019;Callús;renda familiar disponible bruta;per habitant (€);;16778
2019;Callús;renda familiar disponible bruta;per habitant (índex Catalunya=100);;90,9
2019;Calonge i Sant Antoni;renda familiar disponible bruta;valor (milers €);;167248
2019;Calonge i Sant Antoni;renda familiar disponible bruta;per habitant (€);;15153
2019;Calonge i Sant Antoni;renda familiar disponible bruta;per habitant (índex Catalunya=100);;82,1
2019;Camarles;renda familiar disponible bruta;valor (milers €);;46462
2019;Camarles;renda familiar disponible bruta;per habitant (€);;14526
2019;Camarles;renda familiar disponible bruta;per habitant (índex Catalunya=100);;78,7
2019;Cambrils;renda familiar disponible bruta;valor (milers €);;560620
2019;Cambrils;renda familiar disponible bruta;per habitant (€);;16236
2019;Cambrils;renda familiar disponible bruta;per habitant (índex Catalunya=100);;87,9
2019;Campdevànol;renda familiar disponible bruta;valor (milers €);;59638
2019;Campdevànol;renda familiar disponible bruta;per habitant (€);;18607
2019;Campdevànol;renda familiar disponible bruta;per habitant (índex Catalunya=100);;100,8
2019;Camprodon;renda familiar disponible bruta;valor (milers €);;40536
2019;Camprodon;renda familiar disponible bruta;per habitant (€);;17829
2019;Camprodon;renda familiar disponible bruta;per habitant (índex Catalunya=100);;96,6
2019;Canet de Mar;renda familiar disponible bruta;valor (milers €);;251429
2019;Canet de Mar;renda familiar disponible bruta;per habitant (€);;17323
2019;Canet de Mar;renda familiar disponible bruta;per habitant (índex Catalunya=100);;93,8
2019;Canonja, la;renda familiar disponible bruta;valor (milers €);;87049
2019;Canonja, la;renda familiar disponible bruta;per habitant (€);;14644
2019;Canonja, la;renda familiar disponible bruta;per habitant (índex Catalunya=100);;79,3
2019;Canovelles;renda familiar disponible bruta;valor (milers €);;245669
2019;Canovelles;renda familiar disponible bruta;per habitant (€);;14723
2019;Canovelles;renda familiar disponible bruta;per habitant (índex Catalunya=100);;79,7
2019;Cànoves i Samalús;renda familiar disponible bruta;valor (milers €);;58071
2019;Cànoves i Samalús;renda familiar disponible bruta;per habitant (€);;18562
2019;Cànoves i Samalús;renda familiar disponible bruta;per habitant (índex Catalunya=100);;100,5
2019;Canyelles;renda familiar disponible bruta;valor (milers €);;87374
2019;Canyelles;renda familiar disponible bruta;per habitant (€);;19068
2019;Canyelles;renda familiar disponible bruta;per habitant (índex Catalunya=100);;103,3
2019;Capellades;renda familiar disponible bruta;valor (milers €);;91325
2019;Capellades;renda familiar disponible bruta;per habitant (€);;17161
2019;Capellades;renda familiar disponible bruta;per habitant (índex Catalunya=100);;92,9
2019;Cardedeu;renda familiar disponible bruta;valor (milers €);;341753
2019;Cardedeu;renda familiar disponible bruta;per habitant (€);;18631
2019;Cardedeu;renda familiar disponible bruta;per habitant (índex Catalunya=100);;100,9
2019;Cardona;renda familiar disponible bruta;valor (milers €);;80844
2019;Cardona;renda familiar disponible bruta;per habitant (€);;17600
2019;Cardona;renda familiar disponible bruta;per habitant (índex Catalunya=100);;95,3
2019;Cassà de la Selva;renda familiar disponible bruta;valor (milers €);;173544
2019;Cassà de la Selva;renda familiar disponible bruta;per habitant (€);;17179
2019;Cassà de la Selva;renda familiar disponible bruta;per habitant (índex Catalunya=100);;93
2019;Casserres;renda familiar disponible bruta;valor (milers €);;27077
2019;Casserres;renda familiar disponible bruta;per habitant (€);;17013
2019;Casserres;renda familiar disponible bruta;per habitant (índex Catalunya=100);;92,1
2019;Castell d'Aro, Platja d'Aro i s'Agaró;renda familiar disponible bruta;valor (milers €);;155198
2019;Castell d'Aro, Platja d'Aro i s'Agaró;renda familiar disponible bruta;per habitant (€);;14404
2019;Castell d'Aro, Platja d'Aro i s'Agaró;renda familiar disponible bruta;per habitant (índex Catalunya=100);;78
2019;Castellar del Vallès;renda familiar disponible bruta;valor (milers €);;467143
2019;Castellar del Vallès;renda familiar disponible bruta;per habitant (€);;19221
2019;Castellar del Vallès;renda familiar disponible bruta;per habitant (índex Catalunya=100);;104,1
2019;Castellbell i el Vilar;renda familiar disponible bruta;valor (milers €);;63535
2019;Castellbell i el Vilar;renda familiar disponible bruta;per habitant (€);;17416
2019;Castellbell i el Vilar;renda familiar disponible bruta;per habitant (índex Catalunya=100);;94,3
2019;Castellbisbal;renda familiar disponible bruta;valor (milers €);;227365
2019;Castellbisbal;renda familiar disponible bruta;per habitant (€);;18266
2019;Castellbisbal;renda familiar disponible bruta;per habitant (índex Catalunya=100);;98,9
2019;Castelldefels;renda familiar disponible bruta;valor (milers €);;1463918
2019;Castelldefels;renda familiar disponible bruta;per habitant (€);;21949
2019;Castelldefels;renda familiar disponible bruta;per habitant (índex Catalunya=100);;118,9
2019;Castellet i la Gornal;renda familiar disponible bruta;valor (milers €);;39825
2019;Castellet i la Gornal;renda familiar disponible bruta;per habitant (€);;17032
2019;Castellet i la Gornal;renda familiar disponible bruta;per habitant (índex Catalunya=100);;92,3
2019;Castellgalí;renda familiar disponible bruta;valor (milers €);;35965
2019;Castellgalí;renda familiar disponible bruta;per habitant (€);;17369
2019;Castellgalí;renda familiar disponible bruta;per habitant (índex Catalunya=100);;94,1
2019;Castellnou de Bages;renda familiar disponible bruta;valor (milers €);;26181
2019;Castellnou de Bages;renda familiar disponible bruta;per habitant (€);;18654
2019;Castellnou de Bages;renda familiar disponible bruta;per habitant (índex Catalunya=100);;101
2019;Castelló d'Empúries;renda familiar disponible bruta;valor (milers €);;140295
2019;Castelló d'Empúries;renda familiar disponible bruta;per habitant (€);;13056
2019;Castelló d'Empúries;renda familiar disponible bruta;per habitant (índex Catalunya=100);;70,7
2019;Castellterçol;renda familiar disponible bruta;valor (milers €);;43399
2019;Castellterçol;renda familiar disponible bruta;per habitant (€);;17472
2019;Castellterçol;renda familiar disponible bruta;per habitant (índex Catalunya=100);;94,6
2019;Castellvell del Camp;renda familiar disponible bruta;valor (milers €);;60260
2019;Castellvell del Camp;renda familiar disponible bruta;per habitant (€);;21068
2019;Castellvell del Camp;renda familiar disponible bruta;per habitant (índex Catalunya=100);;114,1
2019;Castellví de la Marca;renda familiar disponible bruta;valor (milers €);;26160
2019;Castellví de la Marca;renda familiar disponible bruta;per habitant (€);;16814
2019;Castellví de la Marca;renda familiar disponible bruta;per habitant (índex Catalunya=100);;91,1
2019;Castellví de Rosanes;renda familiar disponible bruta;valor (milers €);;37579
2019;Castellví de Rosanes;renda familiar disponible bruta;per habitant (€);;19848
2019;Castellví de Rosanes;renda familiar disponible bruta;per habitant (índex Catalunya=100);;107,5
2019;Catllar, el;renda familiar disponible bruta;valor (milers €);;86370
2019;Catllar, el;renda familiar disponible bruta;per habitant (€);;19112
2019;Catllar, el;renda familiar disponible bruta;per habitant (índex Catalunya=100);;103,5
2019;Cellera de Ter, la;renda familiar disponible bruta;valor (milers €);;33256
2019;Cellera de Ter, la;renda familiar disponible bruta;per habitant (€);;17408
2019;Cellera de Ter, la;renda familiar disponible bruta;per habitant (índex Catalunya=100);;94,3
2019;Celrà;renda familiar disponible bruta;valor (milers €);;86854
2019;Celrà;renda familiar disponible bruta;per habitant (€);;16231
2019;Celrà;renda familiar disponible bruta;per habitant (índex Catalunya=100);;87,9
2019;Centelles;renda familiar disponible bruta;valor (milers €);;135131
2019;Centelles;renda familiar disponible bruta;per habitant (€);;18347
2019;Centelles;renda familiar disponible bruta;per habitant (índex Catalunya=100);;99,4
2019;Cercs;renda familiar disponible bruta;valor (milers €);;19877
2019;Cercs;renda familiar disponible bruta;per habitant (€);;17392
2019;Cercs;renda familiar disponible bruta;per habitant (índex Catalunya=100);;94,2
2019;Cerdanyola del Vallès;renda familiar disponible bruta;valor (milers €);;1139430
2019;Cerdanyola del Vallès;renda familiar disponible bruta;per habitant (€);;19799
2019;Cerdanyola del Vallès;renda familiar disponible bruta;per habitant (índex Catalunya=100);;107,2
2019;Cervelló;renda familiar disponible bruta;valor (milers €);;184546
2019;Cervelló;renda familiar disponible bruta;per habitant (€);;20520
2019;Cervelló;renda familiar disponible bruta;per habitant (índex Catalunya=100);;111,1
2019;Cervera;renda familiar disponible bruta;valor (milers €);;128325
2019;Cervera;renda familiar disponible bruta;per habitant (€);;14135
2019;Cervera;renda familiar disponible bruta;per habitant (índex Catalunya=100);;76,6
2019;Cervià de Ter;renda familiar disponible bruta;valor (milers €);;15566
2019;Cervià de Ter;renda familiar disponible bruta;per habitant (€);;16564
2019;Cervià de Ter;renda familiar disponible bruta;per habitant (índex Catalunya=100);;89,7
2019;Collbató;renda familiar disponible bruta;valor (milers €);;100068
2019;Collbató;renda familiar disponible bruta;per habitant (€);;22391
2019;Collbató;renda familiar disponible bruta;per habitant (índex Catalunya=100);;121,3
2019;Constantí;renda familiar disponible bruta;valor (milers €);;86723
2019;Constantí;renda familiar disponible bruta;per habitant (€);;13091
2019;Constantí;renda familiar disponible bruta;per habitant (índex Catalunya=100);;70,9
2019;Corbera d'Ebre;renda familiar disponible bruta;valor (milers €);;13895
2019;Corbera d'Ebre;renda familiar disponible bruta;per habitant (€);;13946
2019;Corbera d'Ebre;renda familiar disponible bruta;per habitant (índex Catalunya=100);;75,5
2019;Corbera de Llobregat;renda familiar disponible bruta;valor (milers €);;288618
2019;Corbera de Llobregat;renda familiar disponible bruta;per habitant (€);;19589
2019;Corbera de Llobregat;renda familiar disponible bruta;per habitant (índex Catalunya=100);;106,1
2019;Corbins;renda familiar disponible bruta;valor (milers €);;20667
2019;Corbins;renda familiar disponible bruta;per habitant (€);;14454
2019;Corbins;renda familiar disponible bruta;per habitant (índex Catalunya=100);;78,3
2019;Corçà;renda familiar disponible bruta;valor (milers €);;21995
2019;Corçà;renda familiar disponible bruta;per habitant (€);;17627
2019;Corçà;renda familiar disponible bruta;per habitant (índex Catalunya=100);;95,5
2019;Cornellà de Llobregat;renda familiar disponible bruta;valor (milers €);;1519959
2019;Cornellà de Llobregat;renda familiar disponible bruta;per habitant (€);;17164
2019;Cornellà de Llobregat;renda familiar disponible bruta;per habitant (índex Catalunya=100);;93
2019;Cornellà del Terri;renda familiar disponible bruta;valor (milers €);;40991
2019;Cornellà del Terri;renda familiar disponible bruta;per habitant (€);;17327
2019;Cornellà del Terri;renda familiar disponible bruta;per habitant (índex Catalunya=100);;93,8
2019;Creixell;renda familiar disponible bruta;valor (milers €);;56739
2019;Creixell;renda familiar disponible bruta;per habitant (€);;15283
2019;Creixell;renda familiar disponible bruta;per habitant (índex Catalunya=100);;82,8
2019;Cruïlles, Monells i Sant Sadurní de l'Heura;renda familiar disponible bruta;valor (milers €);;22671
2019;Cruïlles, Monells i Sant Sadurní de l'Heura;renda familiar disponible bruta;per habitant (€);;18069
2019;Cruïlles, Monells i Sant Sadurní de l'Heura;renda familiar disponible bruta;per habitant (índex Catalunya=100);;97,9
2019;Cubelles;renda familiar disponible bruta;valor (milers €);;274481
2019;Cubelles;renda familiar disponible bruta;per habitant (€);;18001
2019;Cubelles;renda familiar disponible bruta;per habitant (índex Catalunya=100);;97,5
2019;Cunit;renda familiar disponible bruta;valor (milers €);;191578
2019;Cunit;renda familiar disponible bruta;per habitant (€);;14547
2019;Cunit;renda familiar disponible bruta;per habitant (índex Catalunya=100);;78,8
2019;Deltebre;renda familiar disponible bruta;valor (milers €);;157005
2019;Deltebre;renda familiar disponible bruta;per habitant (€);;13661
2019;Deltebre;renda familiar disponible bruta;per habitant (índex Catalunya=100);;74
2019;Dosrius;renda familiar disponible bruta;valor (milers €);;101244
2019;Dosrius;renda familiar disponible bruta;per habitant (€);;18415
2019;Dosrius;renda familiar disponible bruta;per habitant (índex Catalunya=100);;99,7
2019;Escala, l';renda familiar disponible bruta;valor (milers €);;156582
2019;Escala, l';renda familiar disponible bruta;per habitant (€);;15580
2019;Escala, l';renda familiar disponible bruta;per habitant (índex Catalunya=100);;84,4
2019;Esparreguera;renda familiar disponible bruta;valor (milers €);;394203
2019;Esparreguera;renda familiar disponible bruta;per habitant (€);;17838
2019;Esparreguera;renda familiar disponible bruta;per habitant (índex Catalunya=100);;96,6
2019;Espluga de Francolí, l';renda familiar disponible bruta;valor (milers €);;62809
2019;Espluga de Francolí, l';renda familiar disponible bruta;per habitant (€);;16907
2019;Espluga de Francolí, l';renda familiar disponible bruta;per habitant (índex Catalunya=100);;91,6
2019;Esplugues de Llobregat;renda familiar disponible bruta;valor (milers €);;1049702
2019;Esplugues de Llobregat;renda familiar disponible bruta;per habitant (€);;22554
2019;Esplugues de Llobregat;renda familiar disponible bruta;per habitant (índex Catalunya=100);;122,2
2019;Esquirol, l';renda familiar disponible bruta;valor (milers €);;40284
2019;Esquirol, l';renda familiar disponible bruta;per habitant (€);;18683
2019;Esquirol, l';renda familiar disponible bruta;per habitant (índex Catalunya=100);;101,2
2019;Falset;renda familiar disponible bruta;valor (milers €);;44411
2019;Falset;renda familiar disponible bruta;per habitant (€);;16030
2019;Falset;renda familiar disponible bruta;per habitant (índex Catalunya=100);;86,8
2019;Figaró-Montmany;renda familiar disponible bruta;valor (milers €);;17544
2019;Figaró-Montmany;renda familiar disponible bruta;per habitant (€);;15592
2019;Figaró-Montmany;renda familiar disponible bruta;per habitant (índex Catalunya=100);;84,5
2019;Figueres;renda familiar disponible bruta;valor (milers €);;651234
2019;Figueres;renda familiar disponible bruta;per habitant (€);;14205
2019;Figueres;renda familiar disponible bruta;per habitant (índex Catalunya=100);;76,9
2019;Flaçà;renda familiar disponible bruta;valor (milers €);;18540
2019;Flaçà;renda familiar disponible bruta;per habitant (€);;17164
2019;Flaçà;renda familiar disponible bruta;per habitant (índex Catalunya=100);;93
2019;Flix;renda familiar disponible bruta;valor (milers €);;60310
2019;Flix;renda familiar disponible bruta;per habitant (€);;17887
2019;Flix;renda familiar disponible bruta;per habitant (índex Catalunya=100);;96,9
2019;Fogars de la Selva;renda familiar disponible bruta;valor (milers €);;24429
2019;Fogars de la Selva;renda familiar disponible bruta;per habitant (€);;17062
2019;Fogars de la Selva;renda familiar disponible bruta;per habitant (índex Catalunya=100);;92,4
2019;Folgueroles;renda familiar disponible bruta;valor (milers €);;43839
2019;Folgueroles;renda familiar disponible bruta;per habitant (€);;19592
2019;Folgueroles;renda familiar disponible bruta;per habitant (índex Catalunya=100);;106,1
2019;Fonollosa;renda familiar disponible bruta;valor (milers €);;27570
2019;Fonollosa;renda familiar disponible bruta;per habitant (€);;19117
2019;Fonollosa;renda familiar disponible bruta;per habitant (índex Catalunya=100);;103,5
2019;Fontcoberta;renda familiar disponible bruta;valor (milers €);;26449
2019;Fontcoberta;renda familiar disponible bruta;per habitant (€);;18131
2019;Fontcoberta;renda familiar disponible bruta;per habitant (índex Catalunya=100);;98,2
2019;Font-rubí;renda familiar disponible bruta;valor (milers €);;23035
2019;Font-rubí;renda familiar disponible bruta;per habitant (€);;16799
2019;Font-rubí;renda familiar disponible bruta;per habitant (índex Catalunya=100);;91
2019;Forallac;renda familiar disponible bruta;valor (milers €);;30434
2019;Forallac;renda familiar disponible bruta;per habitant (€);;18282
2019;Forallac;renda familiar disponible bruta;per habitant (índex Catalunya=100);;99
2019;Fornells de la Selva;renda familiar disponible bruta;valor (milers €);;57655
2019;Fornells de la Selva;renda familiar disponible bruta;per habitant (€);;22304
2019;Fornells de la Selva;renda familiar disponible bruta;per habitant (índex Catalunya=100);;120,8
2019;Franqueses del Vallès, les;renda familiar disponible bruta;valor (milers €);;333443
2019;Franqueses del Vallès, les;renda familiar disponible bruta;per habitant (€);;16526
2019;Franqueses del Vallès, les;renda familiar disponible bruta;per habitant (índex Catalunya=100);;89,5
2019;Fuliola, la;renda familiar disponible bruta;valor (milers €);;16952
2019;Fuliola, la;renda familiar disponible bruta;per habitant (€);;13644
2019;Fuliola, la;renda familiar disponible bruta;per habitant (índex Catalunya=100);;73,9
2019;Gandesa;renda familiar disponible bruta;valor (milers €);;47176
2019;Gandesa;renda familiar disponible bruta;per habitant (€);;15518
2019;Gandesa;renda familiar disponible bruta;per habitant (índex Catalunya=100);;84,1
2019;Garriga, la;renda familiar disponible bruta;valor (milers €);;317004
2019;Garriga, la;renda familiar disponible bruta;per habitant (€);;19156
2019;Garriga, la;renda familiar disponible bruta;per habitant (índex Catalunya=100);;103,8
2019;Gavà;renda familiar disponible bruta;valor (milers €);;903387
2019;Gavà;renda familiar disponible bruta;per habitant (€);;19411
2019;Gavà;renda familiar disponible bruta;per habitant (índex Catalunya=100);;105,1
2019;Gelida;renda familiar disponible bruta;valor (milers €);;131194
2019;Gelida;renda familiar disponible bruta;per habitant (€);;17250
2019;Gelida;renda familiar disponible bruta;per habitant (índex Catalunya=100);;93,4
2019;Gimenells i el Pla de la Font;renda familiar disponible bruta;valor (milers €);;14945
2019;Gimenells i el Pla de la Font;renda familiar disponible bruta;per habitant (€);;13615
2019;Gimenells i el Pla de la Font;renda familiar disponible bruta;per habitant (índex Catalunya=100);;73,7
2019;Girona;renda familiar disponible bruta;valor (milers €);;1923339
2019;Girona;renda familiar disponible bruta;per habitant (€);;19288
2019;Girona;renda familiar disponible bruta;per habitant (índex Catalunya=100);;104,5
2019;Gironella;renda familiar disponible bruta;valor (milers €);;85030
2019;Gironella;renda familiar disponible bruta;per habitant (€);;17473
2019;Gironella;renda familiar disponible bruta;per habitant (índex Catalunya=100);;94,6
2019;Golmés;renda familiar disponible bruta;valor (milers €);;29092
2019;Golmés;renda familiar disponible bruta;per habitant (€);;15560
2019;Golmés;renda familiar disponible bruta;per habitant (índex Catalunya=100);;84,3
2019;Granada, la;renda familiar disponible bruta;valor (milers €);;38213
2019;Granada, la;renda familiar disponible bruta;per habitant (€);;17500
2019;Granada, la;renda familiar disponible bruta;per habitant (índex Catalunya=100);;94,8
2019;Granollers;renda familiar disponible bruta;valor (milers €);;1107560
2019;Granollers;renda familiar disponible bruta;per habitant (€);;17954
2019;Granollers;renda familiar disponible bruta;per habitant (índex Catalunya=100);;97,2
2019;Gualba;renda familiar disponible bruta;valor (milers €);;27069
2019;Gualba;renda familiar disponible bruta;per habitant (€);;17807
2019;Gualba;renda familiar disponible bruta;per habitant (índex Catalunya=100);;96,4
2019;Guissona;renda familiar disponible bruta;valor (milers €);;108331
2019;Guissona;renda familiar disponible bruta;per habitant (€);;15372
2019;Guissona;renda familiar disponible bruta;per habitant (índex Catalunya=100);;83,3
2019;Gurb;renda familiar disponible bruta;valor (milers €);;69595
2019;Gurb;renda familiar disponible bruta;per habitant (€);;26132
2019;Gurb;renda familiar disponible bruta;per habitant (índex Catalunya=100);;141,5
2019;Horta de Sant Joan;renda familiar disponible bruta;valor (milers €);;17116
2019;Horta de Sant Joan;renda familiar disponible bruta;per habitant (€);;15111
2019;Horta de Sant Joan;renda familiar disponible bruta;per habitant (índex Catalunya=100);;81,8
2019;Hospitalet de Llobregat, l';renda familiar disponible bruta;valor (milers €);;4256111
2019;Hospitalet de Llobregat, l';renda familiar disponible bruta;per habitant (€);;16051
2019;Hospitalet de Llobregat, l';renda familiar disponible bruta;per habitant (índex Catalunya=100);;86,9
2019;Hostalets de Pierola, els;renda familiar disponible bruta;valor (milers €);;50199
2019;Hostalets de Pierola, els;renda familiar disponible bruta;per habitant (€);;16851
2019;Hostalets de Pierola, els;renda familiar disponible bruta;per habitant (índex Catalunya=100);;91,3
2019;Hostalric;renda familiar disponible bruta;valor (milers €);;66645
2019;Hostalric;renda familiar disponible bruta;per habitant (€);;15968
2019;Hostalric;renda familiar disponible bruta;per habitant (índex Catalunya=100);;86,5
2019;Igualada;renda familiar disponible bruta;valor (milers €);;695603
2019;Igualada;renda familiar disponible bruta;per habitant (€);;17223
2019;Igualada;renda familiar disponible bruta;per habitant (índex Catalunya=100);;93,3
2019;Isona i Conca Dellà;renda familiar disponible bruta;valor (milers €);;15989
2019;Isona i Conca Dellà;renda familiar disponible bruta;per habitant (€);;15720
2019;Isona i Conca Dellà;renda familiar disponible bruta;per habitant (índex Catalunya=100);;85,1
2019;Ivars d'Urgell;renda familiar disponible bruta;valor (milers €);;23793
2019;Ivars d'Urgell;renda familiar disponible bruta;per habitant (€);;15326
2019;Ivars d'Urgell;renda familiar disponible bruta;per habitant (índex Catalunya=100);;83
2019;Jonquera, la;renda familiar disponible bruta;valor (milers €);;42689
2019;Jonquera, la;renda familiar disponible bruta;per habitant (€);;13226
2019;Jonquera, la;renda familiar disponible bruta;per habitant (índex Catalunya=100);;71,6
2019;Juneda;renda familiar disponible bruta;valor (milers €);;49937
2019;Juneda;renda familiar disponible bruta;per habitant (€);;14259
2019;Juneda;renda familiar disponible bruta;per habitant (índex Catalunya=100);;77,2
2019;Linyola;renda familiar disponible bruta;valor (milers €);;37254
2019;Linyola;renda familiar disponible bruta;per habitant (€);;13591
2019;Linyola;renda familiar disponible bruta;per habitant (índex Catalunya=100);;73,6
2019;Llagosta, la;renda familiar disponible bruta;valor (milers €);;215267
2019;Llagosta, la;renda familiar disponible bruta;per habitant (€);;15947
2019;Llagosta, la;renda familiar disponible bruta;per habitant (índex Catalunya=100);;86,4
2019;Llagostera;renda familiar disponible bruta;valor (milers €);;133975
2019;Llagostera;renda familiar disponible bruta;per habitant (€);;16124
2019;Llagostera;renda familiar disponible bruta;per habitant (índex Catalunya=100);;87,3
2019;Llançà;renda familiar disponible bruta;valor (milers €);;75295
2019;Llançà;renda familiar disponible bruta;per habitant (€);;16044
2019;Llançà;renda familiar disponible bruta;per habitant (índex Catalunya=100);;86,9
2019;Lleida;renda familiar disponible bruta;valor (milers €);;2318024
2019;Lleida;renda familiar disponible bruta;per habitant (€);;16864
2019;Lleida;renda familiar disponible bruta;per habitant (índex Catalunya=100);;91,3
2019;Llers;renda familiar disponible bruta;valor (milers €);;21080
2019;Llers;renda familiar disponible bruta;per habitant (€);;17436
2019;Llers;renda familiar disponible bruta;per habitant (índex Catalunya=100);;94,4
2019;Lliçà d'Amunt;renda familiar disponible bruta;valor (milers €);;293899
2019;Lliçà d'Amunt;renda familiar disponible bruta;per habitant (€);;19180
2019;Lliçà d'Amunt;renda familiar disponible bruta;per habitant (índex Catalunya=100);;103,9
2019;Lliçà de Vall;renda familiar disponible bruta;valor (milers €);;133118
2019;Lliçà de Vall;renda familiar disponible bruta;per habitant (€);;20471
2019;Lliçà de Vall;renda familiar disponible bruta;per habitant (índex Catalunya=100);;110,9
2019;Llinars del Vallès;renda familiar disponible bruta;valor (milers €);;181382
2019;Llinars del Vallès;renda familiar disponible bruta;per habitant (€);;18225
2019;Llinars del Vallès;renda familiar disponible bruta;per habitant (índex Catalunya=100);;98,7
2019;Llívia;renda familiar disponible bruta;valor (milers €);;23047
2019;Llívia;renda familiar disponible bruta;per habitant (€);;16300
2019;Llívia;renda familiar disponible bruta;per habitant (índex Catalunya=100);;88,3
2019;Llorenç del Penedès;renda familiar disponible bruta;valor (milers €);;38570
2019;Llorenç del Penedès;renda familiar disponible bruta;per habitant (€);;16200
2019;Llorenç del Penedès;renda familiar disponible bruta;per habitant (índex Catalunya=100);;87,7
2019;Lloret de Mar;renda familiar disponible bruta;valor (milers €);;471405
2019;Lloret de Mar;renda familiar disponible bruta;per habitant (€);;12411
2019;Lloret de Mar;renda familiar disponible bruta;per habitant (índex Catalunya=100);;67,2
2019;Maçanet de la Selva;renda familiar disponible bruta;valor (milers €);;112692
2019;Maçanet de la Selva;renda familiar disponible bruta;per habitant (€);;16332
2019;Maçanet de la Selva;renda familiar disponible bruta;per habitant (índex Catalunya=100);;88,5
2019;Malgrat de Mar;renda familiar disponible bruta;valor (milers €);;294474
2019;Malgrat de Mar;renda familiar disponible bruta;per habitant (€);;15965
2019;Malgrat de Mar;renda familiar disponible bruta;per habitant (índex Catalunya=100);;86,5
2019;Manlleu;renda familiar disponible bruta;valor (milers €);;320052
2019;Manlleu;renda familiar disponible bruta;per habitant (€);;15625
2019;Manlleu;renda familiar disponible bruta;per habitant (índex Catalunya=100);;84,6
2019;Manresa;renda familiar disponible bruta;valor (milers €);;1323895
2019;Manresa;renda familiar disponible bruta;per habitant (€);;17140
2019;Manresa;renda familiar disponible bruta;per habitant (índex Catalunya=100);;92,8
2019;Martorell;renda familiar disponible bruta;valor (milers €);;458301
2019;Martorell;renda familiar disponible bruta;per habitant (€);;16221
2019;Martorell;renda familiar disponible bruta;per habitant (índex Catalunya=100);;87,9
2019;Martorelles;renda familiar disponible bruta;valor (milers €);;90299
2019;Martorelles;renda familiar disponible bruta;per habitant (€);;18819
2019;Martorelles;renda familiar disponible bruta;per habitant (índex Catalunya=100);;101,9
2019;Masdenverge;renda familiar disponible bruta;valor (milers €);;15169
2019;Masdenverge;renda familiar disponible bruta;per habitant (€);;13988
2019;Masdenverge;renda familiar disponible bruta;per habitant (índex Catalunya=100);;75,8
2019;Masies de Voltregà, les;renda familiar disponible bruta;valor (milers €);;56742
2019;Masies de Voltregà, les;renda familiar disponible bruta;per habitant (€);;18320
2019;Masies de Voltregà, les;renda familiar disponible bruta;per habitant (índex Catalunya=100);;99,2
2019;Masnou, el;renda familiar disponible bruta;valor (milers €);;493002
2019;Masnou, el;renda familiar disponible bruta;per habitant (€);;21085
2019;Masnou, el;renda familiar disponible bruta;per habitant (índex Catalunya=100);;114,2
2019;Masquefa;renda familiar disponible bruta;valor (milers €);;151959
2019;Masquefa;renda familiar disponible bruta;per habitant (€);;16315
2019;Masquefa;renda familiar disponible bruta;per habitant (índex Catalunya=100);;88,4
2019;Matadepera;renda familiar disponible bruta;valor (milers €);;267379
2019;Matadepera;renda familiar disponible bruta;per habitant (€);;28451
2019;Matadepera;renda familiar disponible bruta;per habitant (índex Catalunya=100);;154,1
2019;Mataró;renda familiar disponible bruta;valor (milers €);;2070524
2019;Mataró;renda familiar disponible bruta;per habitant (€);;16256
2019;Mataró;renda familiar disponible bruta;per habitant (índex Catalunya=100);;88
2019;Mediona;renda familiar disponible bruta;valor (milers €);;35990
2019;Mediona;renda familiar disponible bruta;per habitant (€);;15337
2019;Mediona;renda familiar disponible bruta;per habitant (índex Catalunya=100);;83,1
2019;Miralcamp;renda familiar disponible bruta;valor (milers €);;19784
2019;Miralcamp;renda familiar disponible bruta;per habitant (€);;14290
2019;Miralcamp;renda familiar disponible bruta;per habitant (índex Catalunya=100);;77,4
2019;Moià;renda familiar disponible bruta;valor (milers €);;100834
2019;Moià;renda familiar disponible bruta;per habitant (€);;16081
2019;Moià;renda familiar disponible bruta;per habitant (índex Catalunya=100);;87,1
2019;Molins de Rei;renda familiar disponible bruta;valor (milers €);;529685
2019;Molins de Rei;renda familiar disponible bruta;per habitant (€);;20612
2019;Molins de Rei;renda familiar disponible bruta;per habitant (índex Catalunya=100);;111,6
2019;Mollerussa;renda familiar disponible bruta;valor (milers €);;229369
2019;Mollerussa;renda familiar disponible bruta;per habitant (€);;15454
2019;Mollerussa;renda familiar disponible bruta;per habitant (índex Catalunya=100);;83,7
2019;Mollet del Vallès;renda familiar disponible bruta;valor (milers €);;874910
2019;Mollet del Vallès;renda familiar disponible bruta;per habitant (€);;17045
2019;Mollet del Vallès;renda familiar disponible bruta;per habitant (índex Catalunya=100);;92,3
2019;Monistrol de Montserrat;renda familiar disponible bruta;valor (milers €);;51645
2019;Monistrol de Montserrat;renda familiar disponible bruta;per habitant (€);;16893
2019;Monistrol de Montserrat;renda familiar disponible bruta;per habitant (índex Catalunya=100);;91,5
2019;Montblanc;renda familiar disponible bruta;valor (milers €);;126711
2019;Montblanc;renda familiar disponible bruta;per habitant (€);;17330
2019;Montblanc;renda familiar disponible bruta;per habitant (índex Catalunya=100);;93,9
2019;Montbrió del Camp;renda familiar disponible bruta;valor (milers €);;47908
2019;Montbrió del Camp;renda familiar disponible bruta;per habitant (€);;16420
2019;Montbrió del Camp;renda familiar disponible bruta;per habitant (índex Catalunya=100);;88,9
2019;Montcada i Reixac;renda familiar disponible bruta;valor (milers €);;610848
2019;Montcada i Reixac;renda familiar disponible bruta;per habitant (€);;16749
2019;Montcada i Reixac;renda familiar disponible bruta;per habitant (índex Catalunya=100);;90,7
2019;Montesquiu;renda familiar disponible bruta;valor (milers €);;16656
2019;Montesquiu;renda familiar disponible bruta;per habitant (€);;16635
2019;Montesquiu;renda familiar disponible bruta;per habitant (índex Catalunya=100);;90,1
2019;Montferrer i Castellbò;renda familiar disponible bruta;valor (milers €);;13679
2019;Montferrer i Castellbò;renda familiar disponible bruta;per habitant (€);;13264
2019;Montferrer i Castellbò;renda familiar disponible bruta;per habitant (índex Catalunya=100);;71,8
2019;Montgat;renda familiar disponible bruta;valor (milers €);;236529
2019;Montgat;renda familiar disponible bruta;per habitant (€);;19758
2019;Montgat;renda familiar disponible bruta;per habitant (índex Catalunya=100);;107
2019;Montmell, el;renda familiar disponible bruta;valor (milers €);;20928
2019;Montmell, el;renda familiar disponible bruta;per habitant (€);;13603
2019;Montmell, el;renda familiar disponible bruta;per habitant (índex Catalunya=100);;73,7
2019;Montmeló;renda familiar disponible bruta;valor (milers €);;150655
2019;Montmeló;renda familiar disponible bruta;per habitant (€);;17177
2019;Montmeló;renda familiar disponible bruta;per habitant (índex Catalunya=100);;93
2019;Montornès del Vallès;renda familiar disponible bruta;valor (milers €);;277519
2019;Montornès del Vallès;renda familiar disponible bruta;per habitant (€);;16843
2019;Montornès del Vallès;renda familiar disponible bruta;per habitant (índex Catalunya=100);;91,2
2019;Mont-ras;renda familiar disponible bruta;valor (milers €);;32309
2019;Mont-ras;renda familiar disponible bruta;per habitant (€);;19541
2019;Mont-ras;renda familiar disponible bruta;per habitant (índex Catalunya=100);;105,8
2019;Mont-roig del Camp;renda familiar disponible bruta;valor (milers €);;180109
2019;Mont-roig del Camp;renda familiar disponible bruta;per habitant (€);;14555
2019;Mont-roig del Camp;renda familiar disponible bruta;per habitant (índex Catalunya=100);;78,8
2019;Móra d'Ebre;renda familiar disponible bruta;valor (milers €);;85771
2019;Móra d'Ebre;renda familiar disponible bruta;per habitant (€);;15234
2019;Móra d'Ebre;renda familiar disponible bruta;per habitant (índex Catalunya=100);;82,5
2019;Móra la Nova;renda familiar disponible bruta;valor (milers €);;44659
2019;Móra la Nova;renda familiar disponible bruta;per habitant (€);;14577
2019;Móra la Nova;renda familiar disponible bruta;per habitant (índex Catalunya=100);;79
2019;Morell, el;renda familiar disponible bruta;valor (milers €);;61099
2019;Morell, el;renda familiar disponible bruta;per habitant (€);;16356
2019;Morell, el;renda familiar disponible bruta;per habitant (índex Catalunya=100);;88,6
2019;Naut Aran;renda familiar disponible bruta;valor (milers €);;32332
2019;Naut Aran;renda familiar disponible bruta;per habitant (€);;18000
2019;Naut Aran;renda familiar disponible bruta;per habitant (índex Catalunya=100);;97,5
2019;Navarcles;renda familiar disponible bruta;valor (milers €);;109155
2019;Navarcles;renda familiar disponible bruta;per habitant (€);;18315
2019;Navarcles;renda familiar disponible bruta;per habitant (índex Catalunya=100);;99,2
2019;Navàs;renda familiar disponible bruta;valor (milers €);;104589
2019;Navàs;renda familiar disponible bruta;per habitant (€);;17543
2019;Navàs;renda familiar disponible bruta;per habitant (índex Catalunya=100);;95
2019;Navata;renda familiar disponible bruta;valor (milers €);;24802
2019;Navata;renda familiar disponible bruta;per habitant (€);;18089
2019;Navata;renda familiar disponible bruta;per habitant (índex Catalunya=100);;98
2019;Òdena;renda familiar disponible bruta;valor (milers €);;59695
2019;Òdena;renda familiar disponible bruta;per habitant (€);;16317
2019;Òdena;renda familiar disponible bruta;per habitant (índex Catalunya=100);;88,4
2019;Olèrdola;renda familiar disponible bruta;valor (milers €);;66408
2019;Olèrdola;renda familiar disponible bruta;per habitant (€);;17795
2019;Olèrdola;renda familiar disponible bruta;per habitant (índex Catalunya=100);;96,4
2019;Olesa de Bonesvalls;renda familiar disponible bruta;valor (milers €);;33876
2019;Olesa de Bonesvalls;renda familiar disponible bruta;per habitant (€);;18553
2019;Olesa de Bonesvalls;renda familiar disponible bruta;per habitant (índex Catalunya=100);;100,5
2019;Olesa de Montserrat;renda familiar disponible bruta;valor (milers €);;413527
2019;Olesa de Montserrat;renda familiar disponible bruta;per habitant (€);;17351
2019;Olesa de Montserrat;renda familiar disponible bruta;per habitant (índex Catalunya=100);;94
2019;Oliana;renda familiar disponible bruta;valor (milers €);;29525
2019;Oliana;renda familiar disponible bruta;per habitant (€);;16264
2019;Oliana;renda familiar disponible bruta;per habitant (índex Catalunya=100);;88,1
2019;Olivella;renda familiar disponible bruta;valor (milers €);;72121
2019;Olivella;renda familiar disponible bruta;per habitant (€);;19019
2019;Olivella;renda familiar disponible bruta;per habitant (índex Catalunya=100);;103
2019;Olost;renda familiar disponible bruta;valor (milers €);;21382
2019;Olost;renda familiar disponible bruta;per habitant (€);;18045
2019;Olost;renda familiar disponible bruta;per habitant (índex Catalunya=100);;97,7
2019;Olot;renda familiar disponible bruta;valor (milers €);;607229
2019;Olot;renda familiar disponible bruta;per habitant (€);;17405
2019;Olot;renda familiar disponible bruta;per habitant (índex Catalunya=100);;94,3
2019;Os de Balaguer;renda familiar disponible bruta;valor (milers €);;13990
2019;Os de Balaguer;renda familiar disponible bruta;per habitant (€);;14379
2019;Os de Balaguer;renda familiar disponible bruta;per habitant (índex Catalunya=100);;77,9
2019;Palafolls;renda familiar disponible bruta;valor (milers €);;153062
2019;Palafolls;renda familiar disponible bruta;per habitant (€);;16297
2019;Palafolls;renda familiar disponible bruta;per habitant (índex Catalunya=100);;88,3
2019;Palafrugell;renda familiar disponible bruta;valor (milers €);;327987
2019;Palafrugell;renda familiar disponible bruta;per habitant (€);;14417
2019;Palafrugell;renda familiar disponible bruta;per habitant (índex Catalunya=100);;78,1
2019;Palamós;renda familiar disponible bruta;valor (milers €);;288769
2019;Palamós;renda familiar disponible bruta;per habitant (€);;16276
2019;Palamós;renda familiar disponible bruta;per habitant (índex Catalunya=100);;88,2
2019;Palau d'Anglesola, el;renda familiar disponible bruta;valor (milers €);;37404
2019;Palau d'Anglesola, el;renda familiar disponible bruta;per habitant (€);;17064
2019;Palau d'Anglesola, el;renda familiar disponible bruta;per habitant (índex Catalunya=100);;92,4
2019;Palau-saverdera;renda familiar disponible bruta;valor (milers €);;20399
2019;Palau-saverdera;renda familiar disponible bruta;per habitant (€);;14248
2019;Palau-saverdera;renda familiar disponible bruta;per habitant (índex Catalunya=100);;77,2
2019;Palau-solità i Plegamans;renda familiar disponible bruta;valor (milers €);;279542
2019;Palau-solità i Plegamans;renda familiar disponible bruta;per habitant (€);;18874
2019;Palau-solità i Plegamans;renda familiar disponible bruta;per habitant (índex Catalunya=100);;102,2
2019;Pallaresos, els;renda familiar disponible bruta;valor (milers €);;88334
2019;Pallaresos, els;renda familiar disponible bruta;per habitant (€);;18290
2019;Pallaresos, els;renda familiar disponible bruta;per habitant (índex Catalunya=100);;99,1
2019;Pallejà;renda familiar disponible bruta;valor (milers €);;234848
2019;Pallejà;renda familiar disponible bruta;per habitant (€);;20470
2019;Pallejà;renda familiar disponible bruta;per habitant (índex Catalunya=100);;110,9
2019;Palma de Cervelló, la;renda familiar disponible bruta;valor (milers €);;61904
2019;Palma de Cervelló, la;renda familiar disponible bruta;per habitant (€);;20989
2019;Palma de Cervelló, la;renda familiar disponible bruta;per habitant (índex Catalunya=100);;113,7
2019;Pals;renda familiar disponible bruta;valor (milers €);;41389
2019;Pals;renda familiar disponible bruta;per habitant (€);;17495
2019;Pals;renda familiar disponible bruta;per habitant (índex Catalunya=100);;94,8
2019;Papiol, el;renda familiar disponible bruta;valor (milers €);;78952
2019;Papiol, el;renda familiar disponible bruta;per habitant (€);;19138
2019;Papiol, el;renda familiar disponible bruta;per habitant (índex Catalunya=100);;103,7
2019;Parets del Vallès;renda familiar disponible bruta;valor (milers €);;350586
2019;Parets del Vallès;renda familiar disponible bruta;per habitant (€);;18425
2019;Parets del Vallès;renda familiar disponible bruta;per habitant (índex Catalunya=100);;99,8
2019;Perafort;renda familiar disponible bruta;valor (milers €);;20826
2019;Perafort;renda familiar disponible bruta;per habitant (€);;16441
2019;Perafort;renda familiar disponible bruta;per habitant (índex Catalunya=100);;89
2019;Peralada;renda familiar disponible bruta;valor (milers €);;36096
2019;Peralada;renda familiar disponible bruta;per habitant (€);;19723
2019;Peralada;renda familiar disponible bruta;per habitant (índex Catalunya=100);;106,8
2019;Perelló, el;renda familiar disponible bruta;valor (milers €);;35728
2019;Perelló, el;renda familiar disponible bruta;per habitant (€);;12810
2019;Perelló, el;renda familiar disponible bruta;per habitant (índex Catalunya=100);;69,4
2019;Piera;renda familiar disponible bruta;valor (milers €);;253513
2019;Piera;renda familiar disponible bruta;per habitant (€);;15963
2019;Piera;renda familiar disponible bruta;per habitant (índex Catalunya=100);;86,5
2019;Pineda de Mar;renda familiar disponible bruta;valor (milers €);;408233
2019;Pineda de Mar;renda familiar disponible bruta;per habitant (€);;14960
2019;Pineda de Mar;renda familiar disponible bruta;per habitant (índex Catalunya=100);;81
2019;Pinell de Brai, el;renda familiar disponible bruta;valor (milers €);;15015
2019;Pinell de Brai, el;renda familiar disponible bruta;per habitant (€);;15024
2019;Pinell de Brai, el;renda familiar disponible bruta;per habitant (índex Catalunya=100);;81,4
2019;Pla de Santa Maria, el;renda familiar disponible bruta;valor (milers €);;36684
2019;Pla de Santa Maria, el;renda familiar disponible bruta;per habitant (€);;15642
2019;Pla de Santa Maria, el;renda familiar disponible bruta;per habitant (índex Catalunya=100);;84,7
2019;Pla del Penedès, el;renda familiar disponible bruta;valor (milers €);;20734
2019;Pla del Penedès, el;renda familiar disponible bruta;per habitant (€);;16376
2019;Pla del Penedès, el;renda familiar disponible bruta;per habitant (índex Catalunya=100);;88,7
2019;Planes d'Hostoles, les;renda familiar disponible bruta;valor (milers €);;29101
2019;Planes d'Hostoles, les;renda familiar disponible bruta;per habitant (€);;17482
2019;Planes d'Hostoles, les;renda familiar disponible bruta;per habitant (índex Catalunya=100);;94,7
2019;Pobla de Claramunt, la;renda familiar disponible bruta;valor (milers €);;36335
2019;Pobla de Claramunt, la;renda familiar disponible bruta;per habitant (€);;16585
2019;Pobla de Claramunt, la;renda familiar disponible bruta;per habitant (índex Catalunya=100);;89,8
2019;Pobla de Lillet, la;renda familiar disponible bruta;valor (milers €);;19991
2019;Pobla de Lillet, la;renda familiar disponible bruta;per habitant (€);;18348
2019;Pobla de Lillet, la;renda familiar disponible bruta;per habitant (índex Catalunya=100);;99,4
2019;Pobla de Mafumet, la;renda familiar disponible bruta;valor (milers €);;51028
2019;Pobla de Mafumet, la;renda familiar disponible bruta;per habitant (€);;12916
2019;Pobla de Mafumet, la;renda familiar disponible bruta;per habitant (índex Catalunya=100);;70
2019;Pobla de Montornès, la;renda familiar disponible bruta;valor (milers €);;45516
2019;Pobla de Montornès, la;renda familiar disponible bruta;per habitant (€);;15853
2019;Pobla de Montornès, la;renda familiar disponible bruta;per habitant (índex Catalunya=100);;85,9
2019;Pobla de Segur, la;renda familiar disponible bruta;valor (milers €);;47798
2019;Pobla de Segur, la;renda familiar disponible bruta;per habitant (€);;16070
2019;Pobla de Segur, la;renda familiar disponible bruta;per habitant (índex Catalunya=100);;87
2019;Polinyà;renda familiar disponible bruta;valor (milers €);;146245
2019;Polinyà;renda familiar disponible bruta;per habitant (€);;17247
2019;Polinyà;renda familiar disponible bruta;per habitant (índex Catalunya=100);;93,4
2019;Pont de Suert, el;renda familiar disponible bruta;valor (milers €);;36372
2019;Pont de Suert, el;renda familiar disponible bruta;per habitant (€);;16145
2019;Pont de Suert, el;renda familiar disponible bruta;per habitant (índex Catalunya=100);;87,4
2019;Pont de Vilomara i Rocafort, el;renda familiar disponible bruta;valor (milers €);;60765
2019;Pont de Vilomara i Rocafort, el;renda familiar disponible bruta;per habitant (€);;15858
2019;Pont de Vilomara i Rocafort, el;renda familiar disponible bruta;per habitant (índex Catalunya=100);;85,9
2019;Ponts;renda familiar disponible bruta;valor (milers €);;41118
2019;Ponts;renda familiar disponible bruta;per habitant (€);;15905
2019;Ponts;renda familiar disponible bruta;per habitant (índex Catalunya=100);;86,1
2019;Porqueres;renda familiar disponible bruta;valor (milers €);;79543
2019;Porqueres;renda familiar disponible bruta;per habitant (€);;17224
2019;Porqueres;renda familiar disponible bruta;per habitant (índex Catalunya=100);;93,3
2019;Port de la Selva, el;renda familiar disponible bruta;valor (milers €);;16394
2019;Port de la Selva, el;renda familiar disponible bruta;per habitant (€);;17415
2019;Port de la Selva, el;renda familiar disponible bruta;per habitant (índex Catalunya=100);;94,3
2019;Portbou;renda familiar disponible bruta;valor (milers €);;17453
2019;Portbou;renda familiar disponible bruta;per habitant (€);;16718
2019;Portbou;renda familiar disponible bruta;per habitant (índex Catalunya=100);;90,6
2019;Prat de Llobregat, el;renda familiar disponible bruta;valor (milers €);;1163477
2019;Prat de Llobregat, el;renda familiar disponible bruta;per habitant (€);;18045
2019;Prat de Llobregat, el;renda familiar disponible bruta;per habitant (índex Catalunya=100);;97,7
2019;Prats de Lluçanès;renda familiar disponible bruta;valor (milers €);;46613
2019;Prats de Lluçanès;renda familiar disponible bruta;per habitant (€);;18250
2019;Prats de Lluçanès;renda familiar disponible bruta;per habitant (índex Catalunya=100);;98,8
2019;Premià de Dalt;renda familiar disponible bruta;valor (milers €);;227603
2019;Premià de Dalt;renda familiar disponible bruta;per habitant (€);;22064
2019;Premià de Dalt;renda familiar disponible bruta;per habitant (índex Catalunya=100);;119,5
2019;Premià de Mar;renda familiar disponible bruta;valor (milers €);;534241
2019;Premià de Mar;renda familiar disponible bruta;per habitant (€);;19096
2019;Premià de Mar;renda familiar disponible bruta;per habitant (índex Catalunya=100);;103,4
2019;Preses, les;renda familiar disponible bruta;valor (milers €);;33905
2019;Preses, les;renda familiar disponible bruta;per habitant (€);;18981
2019;Preses, les;renda familiar disponible bruta;per habitant (índex Catalunya=100);;102,8
2019;Puigcerdà;renda familiar disponible bruta;valor (milers €);;131069
2019;Puigcerdà;renda familiar disponible bruta;per habitant (€);;14085
2019;Puigcerdà;renda familiar disponible bruta;per habitant (índex Catalunya=100);;76,3
2019;Puigpelat;renda familiar disponible bruta;valor (milers €);;17759
2019;Puigpelat;renda familiar disponible bruta;per habitant (€);;15311
2019;Puigpelat;renda familiar disponible bruta;per habitant (índex Catalunya=100);;82,9
2019;Puig-reig;renda familiar disponible bruta;valor (milers €);;72594
2019;Puig-reig;renda familiar disponible bruta;per habitant (€);;17205
2019;Puig-reig;renda familiar disponible bruta;per habitant (índex Catalunya=100);;93,2
2019;Puigverd de Lleida;renda familiar disponible bruta;valor (milers €);;21064
2019;Puigverd de Lleida;renda familiar disponible bruta;per habitant (€);;15832
2019;Puigverd de Lleida;renda familiar disponible bruta;per habitant (índex Catalunya=100);;85,8
2019;Quart;renda familiar disponible bruta;valor (milers €);;69570
2019;Quart;renda familiar disponible bruta;per habitant (€);;19034
2019;Quart;renda familiar disponible bruta;per habitant (índex Catalunya=100);;103,1
2019;Ràpita, la;renda familiar disponible bruta;valor (milers €);;205557
2019;Ràpita, la;renda familiar disponible bruta;per habitant (€);;13646
2019;Ràpita, la;renda familiar disponible bruta;per habitant (índex Catalunya=100);;73,9
2019;Reus;renda familiar disponible bruta;valor (milers €);;1699892
2019;Reus;renda familiar disponible bruta;per habitant (€);;16048
2019;Reus;renda familiar disponible bruta;per habitant (índex Catalunya=100);;86,9
2019;Riba-roja d'Ebre;renda familiar disponible bruta;valor (milers €);;14933
2019;Riba-roja d'Ebre;renda familiar disponible bruta;per habitant (€);;13504
2019;Riba-roja d'Ebre;renda familiar disponible bruta;per habitant (índex Catalunya=100);;73,1
2019;Ribes de Freser;renda familiar disponible bruta;valor (milers €);;32203
2019;Ribes de Freser;renda familiar disponible bruta;per habitant (€);;18456
2019;Ribes de Freser;renda familiar disponible bruta;per habitant (índex Catalunya=100);;100
2019;Riells i Viabrea;renda familiar disponible bruta;valor (milers €);;69280
2019;Riells i Viabrea;renda familiar disponible bruta;per habitant (€);;17070
2019;Riells i Viabrea;renda familiar disponible bruta;per habitant (índex Catalunya=100);;92,5
2019;Riera de Gaià, la;renda familiar disponible bruta;valor (milers €);;28577
2019;Riera de Gaià, la;renda familiar disponible bruta;per habitant (€);;16341
2019;Riera de Gaià, la;renda familiar disponible bruta;per habitant (índex Catalunya=100);;88,5
2019;Ripoll;renda familiar disponible bruta;valor (milers €);;184172
2019;Ripoll;renda familiar disponible bruta;per habitant (€);;17261
2019;Ripoll;renda familiar disponible bruta;per habitant (índex Catalunya=100);;93,5
2019;Ripollet;renda familiar disponible bruta;valor (milers €);;633465
2019;Ripollet;renda familiar disponible bruta;per habitant (€);;16298
2019;Ripollet;renda familiar disponible bruta;per habitant (índex Catalunya=100);;88,3
2019;Riudarenes;renda familiar disponible bruta;valor (milers €);;44032
2019;Riudarenes;renda familiar disponible bruta;per habitant (€);;20474
2019;Riudarenes;renda familiar disponible bruta;per habitant (índex Catalunya=100);;110,9
2019;Riudecanyes;renda familiar disponible bruta;valor (milers €);;19504
2019;Riudecanyes;renda familiar disponible bruta;per habitant (€);;17077
2019;Riudecanyes;renda familiar disponible bruta;per habitant (índex Catalunya=100);;92,5
2019;Riudecols;renda familiar disponible bruta;valor (milers €);;21566
2019;Riudecols;renda familiar disponible bruta;per habitant (€);;18094
2019;Riudecols;renda familiar disponible bruta;per habitant (índex Catalunya=100);;98
2019;Riudellots de la Selva;renda familiar disponible bruta;valor (milers €);;37401
2019;Riudellots de la Selva;renda familiar disponible bruta;per habitant (€);;18393
2019;Riudellots de la Selva;renda familiar disponible bruta;per habitant (índex Catalunya=100);;99,6
2019;Riudoms;renda familiar disponible bruta;valor (milers €);;94728
2019;Riudoms;renda familiar disponible bruta;per habitant (€);;14304
2019;Riudoms;renda familiar disponible bruta;per habitant (índex Catalunya=100);;77,5
2019;Roca del Vallès, la;renda familiar disponible bruta;valor (milers €);;214131
2019;Roca del Vallès, la;renda familiar disponible bruta;per habitant (€);;20060
2019;Roca del Vallès, la;renda familiar disponible bruta;per habitant (índex Catalunya=100);;108,6
2019;Roda de Berà;renda familiar disponible bruta;valor (milers €);;102922
2019;Roda de Berà;renda familiar disponible bruta;per habitant (€);;15365
2019;Roda de Berà;renda familiar disponible bruta;per habitant (índex Catalunya=100);;83,2
2019;Roda de Ter;renda familiar disponible bruta;valor (milers €);;108665
2019;Roda de Ter;renda familiar disponible bruta;per habitant (€);;17206
2019;Roda de Ter;renda familiar disponible bruta;per habitant (índex Catalunya=100);;93,2
2019;Roquetes;renda familiar disponible bruta;valor (milers €);;117806
2019;Roquetes;renda familiar disponible bruta;per habitant (€);;14725
2019;Roquetes;renda familiar disponible bruta;per habitant (índex Catalunya=100);;79,8
2019;Roses;renda familiar disponible bruta;valor (milers €);;252453
2019;Roses;renda familiar disponible bruta;per habitant (€);;13137
2019;Roses;renda familiar disponible bruta;per habitant (índex Catalunya=100);;71,2
2019;Rosselló;renda familiar disponible bruta;valor (milers €);;48573
2019;Rosselló;renda familiar disponible bruta;per habitant (€);;15468
2019;Rosselló;renda familiar disponible bruta;per habitant (índex Catalunya=100);;83,8
2019;Rubí;renda familiar disponible bruta;valor (milers €);;1304836
2019;Rubí;renda familiar disponible bruta;per habitant (€);;16746
2019;Rubí;renda familiar disponible bruta;per habitant (índex Catalunya=100);;90,7
2019;Sabadell;renda familiar disponible bruta;valor (milers €);;3881733
2019;Sabadell;renda familiar disponible bruta;per habitant (€);;18073
2019;Sabadell;renda familiar disponible bruta;per habitant (índex Catalunya=100);;97,9
2019;Sallent;renda familiar disponible bruta;valor (milers €);;119582
2019;Sallent;renda familiar disponible bruta;per habitant (€);;18029
2019;Sallent;renda familiar disponible bruta;per habitant (índex Catalunya=100);;97,6
2019;Salou;renda familiar disponible bruta;valor (milers €);;389150
2019;Salou;renda familiar disponible bruta;per habitant (€);;13851
2019;Salou;renda familiar disponible bruta;per habitant (índex Catalunya=100);;75
2019;Salt;renda familiar disponible bruta;valor (milers €);;388069
2019;Salt;renda familiar disponible bruta;per habitant (€);;12577
2019;Salt;renda familiar disponible bruta;per habitant (índex Catalunya=100);;68,1
2019;Sant Adrià de Besòs;renda familiar disponible bruta;valor (milers €);;569159
2019;Sant Adrià de Besòs;renda familiar disponible bruta;per habitant (€);;15385
2019;Sant Adrià de Besòs;renda familiar disponible bruta;per habitant (índex Catalunya=100);;83,3
2019;Sant Andreu de la Barca;renda familiar disponible bruta;valor (milers €);;462482
2019;Sant Andreu de la Barca;renda familiar disponible bruta;per habitant (€);;16913
2019;Sant Andreu de la Barca;renda familiar disponible bruta;per habitant (índex Catalunya=100);;91,6
2019;Sant Andreu de Llavaneres;renda familiar disponible bruta;valor (milers €);;241545
2019;Sant Andreu de Llavaneres;renda familiar disponible bruta;per habitant (€);;22131
2019;Sant Andreu de Llavaneres;renda familiar disponible bruta;per habitant (índex Catalunya=100);;119,9
2019;Sant Antoni de Vilamajor;renda familiar disponible bruta;valor (milers €);;124313
2019;Sant Antoni de Vilamajor;renda familiar disponible bruta;per habitant (€);;20195
2019;Sant Antoni de Vilamajor;renda familiar disponible bruta;per habitant (índex Catalunya=100);;109,4
2019;Sant Boi de Llobregat;renda familiar disponible bruta;valor (milers €);;1459620
2019;Sant Boi de Llobregat;renda familiar disponible bruta;per habitant (€);;17505
2019;Sant Boi de Llobregat;renda familiar disponible bruta;per habitant (índex Catalunya=100);;94,8
2019;Sant Cebrià de Vallalta;renda familiar disponible bruta;valor (milers €);;60496
2019;Sant Cebrià de Vallalta;renda familiar disponible bruta;per habitant (€);;17954
2019;Sant Cebrià de Vallalta;renda familiar disponible bruta;per habitant (índex Catalunya=100);;97,2
2019;Sant Celoni;renda familiar disponible bruta;valor (milers €);;303484
2019;Sant Celoni;renda familiar disponible bruta;per habitant (€);;16885
2019;Sant Celoni;renda familiar disponible bruta;per habitant (índex Catalunya=100);;91,5
2019;Sant Climent de Llobregat;renda familiar disponible bruta;valor (milers €);;77552
2019;Sant Climent de Llobregat;renda familiar disponible bruta;per habitant (€);;18862
2019;Sant Climent de Llobregat;renda familiar disponible bruta;per habitant (índex Catalunya=100);;102,2
2019;Sant Cugat del Vallès;renda familiar disponible bruta;valor (milers €);;2406952
2019;Sant Cugat del Vallès;renda familiar disponible bruta;per habitant (€);;26201
2019;Sant Cugat del Vallès;renda familiar disponible bruta;per habitant (índex Catalunya=100);;141,9
2019;Sant Cugat Sesgarrigues;renda familiar disponible bruta;valor (milers €);;17362
2019;Sant Cugat Sesgarrigues;renda familiar disponible bruta;per habitant (€);;17217
2019;Sant Cugat Sesgarrigues;renda familiar disponible bruta;per habitant (índex Catalunya=100);;93,3
2019;Sant Esteve de Palautordera;renda familiar disponible bruta;valor (milers €);;57040
2019;Sant Esteve de Palautordera;renda familiar disponible bruta;per habitant (€);;20122
2019;Sant Esteve de Palautordera;renda familiar disponible bruta;per habitant (índex Catalunya=100);;109
2019;Sant Esteve Sesrovires;renda familiar disponible bruta;valor (milers €);;149669
2019;Sant Esteve Sesrovires;renda familiar disponible bruta;per habitant (€);;19711
2019;Sant Esteve Sesrovires;renda familiar disponible bruta;per habitant (índex Catalunya=100);;106,8
2019;Sant Feliu de Codines;renda familiar disponible bruta;valor (milers €);;106613
2019;Sant Feliu de Codines;renda familiar disponible bruta;per habitant (€);;16936
2019;Sant Feliu de Codines;renda familiar disponible bruta;per habitant (índex Catalunya=100);;91,7
2019;Sant Feliu de Guíxols;renda familiar disponible bruta;valor (milers €);;331203
2019;Sant Feliu de Guíxols;renda familiar disponible bruta;per habitant (€);;15285
2019;Sant Feliu de Guíxols;renda familiar disponible bruta;per habitant (índex Catalunya=100);;82,8
2019;Sant Feliu de Llobregat;renda familiar disponible bruta;valor (milers €);;886663
2019;Sant Feliu de Llobregat;renda familiar disponible bruta;per habitant (€);;19790
2019;Sant Feliu de Llobregat;renda familiar disponible bruta;per habitant (índex Catalunya=100);;107,2
2019;Sant Feliu de Pallerols;renda familiar disponible bruta;valor (milers €);;23277
2019;Sant Feliu de Pallerols;renda familiar disponible bruta;per habitant (€);;16906
2019;Sant Feliu de Pallerols;renda familiar disponible bruta;per habitant (índex Catalunya=100);;91,6
2019;Sant Fost de Campsentelles;renda familiar disponible bruta;valor (milers €);;177135
2019;Sant Fost de Campsentelles;renda familiar disponible bruta;per habitant (€);;20192
2019;Sant Fost de Campsentelles;renda familiar disponible bruta;per habitant (índex Catalunya=100);;109,4
2019;Sant Fruitós de Bages;renda familiar disponible bruta;valor (milers €);;182072
2019;Sant Fruitós de Bages;renda familiar disponible bruta;per habitant (€);;20960
2019;Sant Fruitós de Bages;renda familiar disponible bruta;per habitant (índex Catalunya=100);;113,5
2019;Sant Gregori;renda familiar disponible bruta;valor (milers €);;76336
2019;Sant Gregori;renda familiar disponible bruta;per habitant (€);;20284
2019;Sant Gregori;renda familiar disponible bruta;per habitant (índex Catalunya=100);;109,9
2019;Sant Guim de Freixenet;renda familiar disponible bruta;valor (milers €);;16229
2019;Sant Guim de Freixenet;renda familiar disponible bruta;per habitant (€);;16063
2019;Sant Guim de Freixenet;renda familiar disponible bruta;per habitant (índex Catalunya=100);;87
2019;Sant Hilari Sacalm;renda familiar disponible bruta;valor (milers €);;88058
2019;Sant Hilari Sacalm;renda familiar disponible bruta;per habitant (€);;15851
2019;Sant Hilari Sacalm;renda familiar disponible bruta;per habitant (índex Catalunya=100);;85,9
2019;Sant Hipòlit de Voltregà;renda familiar disponible bruta;valor (milers €);;64991
2019;Sant Hipòlit de Voltregà;renda familiar disponible bruta;per habitant (€);;18740
2019;Sant Hipòlit de Voltregà;renda familiar disponible bruta;per habitant (índex Catalunya=100);;101,5
2019;Sant Iscle de Vallalta;renda familiar disponible bruta;valor (milers €);;23703
2019;Sant Iscle de Vallalta;renda familiar disponible bruta;per habitant (€);;17949
2019;Sant Iscle de Vallalta;renda familiar disponible bruta;per habitant (índex Catalunya=100);;97,2
2019;Sant Jaume d'Enveja;renda familiar disponible bruta;valor (milers €);;46589
2019;Sant Jaume d'Enveja;renda familiar disponible bruta;per habitant (€);;13085
2019;Sant Jaume d'Enveja;renda familiar disponible bruta;per habitant (índex Catalunya=100);;70,9
2019;Sant Jaume dels Domenys;renda familiar disponible bruta;valor (milers €);;41874
2019;Sant Jaume dels Domenys;renda familiar disponible bruta;per habitant (€);;16052
2019;Sant Jaume dels Domenys;renda familiar disponible bruta;per habitant (índex Catalunya=100);;86,9
2019;Sant Joan de les Abadesses;renda familiar disponible bruta;valor (milers €);;59189
2019;Sant Joan de les Abadesses;renda familiar disponible bruta;per habitant (€);;18464
2019;Sant Joan de les Abadesses;renda familiar disponible bruta;per habitant (índex Catalunya=100);;100
2019;Sant Joan de Vilatorrada;renda familiar disponible bruta;valor (milers €);;185411
2019;Sant Joan de Vilatorrada;renda familiar disponible bruta;per habitant (€);;17069
2019;Sant Joan de Vilatorrada;renda familiar disponible bruta;per habitant (índex Catalunya=100);;92,4
2019;Sant Joan Despí;renda familiar disponible bruta;valor (milers €);;693693
2019;Sant Joan Despí;renda familiar disponible bruta;per habitant (€);;20449
2019;Sant Joan Despí;renda familiar disponible bruta;per habitant (índex Catalunya=100);;110,8
2019;Sant Joan les Fonts;renda familiar disponible bruta;valor (milers €);;56687
2019;Sant Joan les Fonts;renda familiar disponible bruta;per habitant (€);;19109
2019;Sant Joan les Fonts;renda familiar disponible bruta;per habitant (índex Catalunya=100);;103,5
2019;Sant Julià de Ramis;renda familiar disponible bruta;valor (milers €);;69381
2019;Sant Julià de Ramis;renda familiar disponible bruta;per habitant (€);;20137
2019;Sant Julià de Ramis;renda familiar disponible bruta;per habitant (índex Catalunya=100);;109,1
2019;Sant Julià de Vilatorta;renda familiar disponible bruta;valor (milers €);;67720
2019;Sant Julià de Vilatorta;renda familiar disponible bruta;per habitant (€);;21931
2019;Sant Julià de Vilatorta;renda familiar disponible bruta;per habitant (índex Catalunya=100);;118,8
2019;Sant Julià del Llor i Bonmatí;renda familiar disponible bruta;valor (milers €);;23180
2019;Sant Julià del Llor i Bonmatí;renda familiar disponible bruta;per habitant (€);;18190
2019;Sant Julià del Llor i Bonmatí;renda familiar disponible bruta;per habitant (índex Catalunya=100);;98,5
2019;Sant Just Desvern;renda familiar disponible bruta;valor (milers €);;544784
2019;Sant Just Desvern;renda familiar disponible bruta;per habitant (€);;30111
2019;Sant Just Desvern;renda familiar disponible bruta;per habitant (índex Catalunya=100);;163,1
2019;Sant Llorenç d'Hortons;renda familiar disponible bruta;valor (milers €);;44728
2019;Sant Llorenç d'Hortons;renda familiar disponible bruta;per habitant (€);;18470
2019;Sant Llorenç d'Hortons;renda familiar disponible bruta;per habitant (índex Catalunya=100);;100
2019;Sant Llorenç de Morunys;renda familiar disponible bruta;valor (milers €);;16791
2019;Sant Llorenç de Morunys;renda familiar disponible bruta;per habitant (€);;17334
2019;Sant Llorenç de Morunys;renda familiar disponible bruta;per habitant (índex Catalunya=100);;93,9
2019;Sant Llorenç Savall;renda familiar disponible bruta;valor (milers €);;42145
2019;Sant Llorenç Savall;renda familiar disponible bruta;per habitant (€);;17621
2019;Sant Llorenç Savall;renda familiar disponible bruta;per habitant (índex Catalunya=100);;95,4
2019;Sant Martí de Centelles;renda familiar disponible bruta;valor (milers €);;18622
2019;Sant Martí de Centelles;renda familiar disponible bruta;per habitant (€);;16043
2019;Sant Martí de Centelles;renda familiar disponible bruta;per habitant (índex Catalunya=100);;86,9
2019;Sant Martí de Tous;renda familiar disponible bruta;valor (milers €);;22254
2019;Sant Martí de Tous;renda familiar disponible bruta;per habitant (€);;18056
2019;Sant Martí de Tous;renda familiar disponible bruta;per habitant (índex Catalunya=100);;97,8
2019;Sant Martí Sarroca;renda familiar disponible bruta;valor (milers €);;51032
2019;Sant Martí Sarroca;renda familiar disponible bruta;per habitant (€);;15635
2019;Sant Martí Sarroca;renda familiar disponible bruta;per habitant (índex Catalunya=100);;84,7
2019;Sant Pere de Ribes;renda familiar disponible bruta;valor (milers €);;528157
2019;Sant Pere de Ribes;renda familiar disponible bruta;per habitant (€);;17422
2019;Sant Pere de Ribes;renda familiar disponible bruta;per habitant (índex Catalunya=100);;94,4
2019;Sant Pere de Riudebitlles;renda familiar disponible bruta;valor (milers €);;40799
2019;Sant Pere de Riudebitlles;renda familiar disponible bruta;per habitant (€);;17178
2019;Sant Pere de Riudebitlles;renda familiar disponible bruta;per habitant (índex Catalunya=100);;93
2019;Sant Pere de Torelló;renda familiar disponible bruta;valor (milers €);;43791
2019;Sant Pere de Torelló;renda familiar disponible bruta;per habitant (€);;18141
2019;Sant Pere de Torelló;renda familiar disponible bruta;per habitant (índex Catalunya=100);;98,3
2019;Sant Pere de Vilamajor;renda familiar disponible bruta;valor (milers €);;87175
2019;Sant Pere de Vilamajor;renda familiar disponible bruta;per habitant (€);;19387
2019;Sant Pere de Vilamajor;renda familiar disponible bruta;per habitant (índex Catalunya=100);;105
2019;Sant Pere Pescador;renda familiar disponible bruta;valor (milers €);;32417
2019;Sant Pere Pescador;renda familiar disponible bruta;per habitant (€);;16067
2019;Sant Pere Pescador;renda familiar disponible bruta;per habitant (índex Catalunya=100);;87
2019;Sant Pol de Mar;renda familiar disponible bruta;valor (milers €);;104966
2019;Sant Pol de Mar;renda familiar disponible bruta;per habitant (€);;19815
2019;Sant Pol de Mar;renda familiar disponible bruta;per habitant (índex Catalunya=100);;107,3
2019;Sant Quintí de Mediona;renda familiar disponible bruta;valor (milers €);;32815
2019;Sant Quintí de Mediona;renda familiar disponible bruta;per habitant (€);;14351
2019;Sant Quintí de Mediona;renda familiar disponible bruta;per habitant (índex Catalunya=100);;77,7
2019;Sant Quirze de Besora;renda familiar disponible bruta;valor (milers €);;37570
2019;Sant Quirze de Besora;renda familiar disponible bruta;per habitant (€);;17610
2019;Sant Quirze de Besora;renda familiar disponible bruta;per habitant (índex Catalunya=100);;95,4
2019;Sant Quirze del Vallès;renda familiar disponible bruta;valor (milers €);;472275
2019;Sant Quirze del Vallès;renda familiar disponible bruta;per habitant (€);;23450
2019;Sant Quirze del Vallès;renda familiar disponible bruta;per habitant (índex Catalunya=100);;127
2019;Sant Sadurní d'Anoia;renda familiar disponible bruta;valor (milers €);;235357
2019;Sant Sadurní d'Anoia;renda familiar disponible bruta;per habitant (€);;18287
2019;Sant Sadurní d'Anoia;renda familiar disponible bruta;per habitant (índex Catalunya=100);;99
2019;Sant Salvador de Guardiola;renda familiar disponible bruta;valor (milers €);;55866
2019;Sant Salvador de Guardiola;renda familiar disponible bruta;per habitant (€);;17626
2019;Sant Salvador de Guardiola;renda familiar disponible bruta;per habitant (índex Catalunya=100);;95,5
2019;Sant Vicenç de Castellet;renda familiar disponible bruta;valor (milers €);;149004
2019;Sant Vicenç de Castellet;renda familiar disponible bruta;per habitant (€);;15597
2019;Sant Vicenç de Castellet;renda familiar disponible bruta;per habitant (índex Catalunya=100);;84,5
2019;Sant Vicenç de Montalt;renda familiar disponible bruta;valor (milers €);;162673
2019;Sant Vicenç de Montalt;renda familiar disponible bruta;per habitant (€);;25617
2019;Sant Vicenç de Montalt;renda familiar disponible bruta;per habitant (índex Catalunya=100);;138,7
2019;Sant Vicenç de Torelló;renda familiar disponible bruta;valor (milers €);;40484
2019;Sant Vicenç de Torelló;renda familiar disponible bruta;per habitant (€);;19921
2019;Sant Vicenç de Torelló;renda familiar disponible bruta;per habitant (índex Catalunya=100);;107,9
2019;Sant Vicenç dels Horts;renda familiar disponible bruta;valor (milers €);;477445
2019;Sant Vicenç dels Horts;renda familiar disponible bruta;per habitant (€);;17071
2019;Sant Vicenç dels Horts;renda familiar disponible bruta;per habitant (índex Catalunya=100);;92,5
2019;Santa Bàrbara;renda familiar disponible bruta;valor (milers €);;49516
2019;Santa Bàrbara;renda familiar disponible bruta;per habitant (€);;13172
2019;Santa Bàrbara;renda familiar disponible bruta;per habitant (índex Catalunya=100);;71,3
2019;Santa Coloma de Cervelló;renda familiar disponible bruta;valor (milers €);;160946
2019;Santa Coloma de Cervelló;renda familiar disponible bruta;per habitant (€);;19682
2019;Santa Coloma de Cervelló;renda familiar disponible bruta;per habitant (índex Catalunya=100);;106,6
2019;Santa Coloma de Farners;renda familiar disponible bruta;valor (milers €);;210478
2019;Santa Coloma de Farners;renda familiar disponible bruta;per habitant (€);;16195
2019;Santa Coloma de Farners;renda familiar disponible bruta;per habitant (índex Catalunya=100);;87,7
2019;Santa Coloma de Gramenet;renda familiar disponible bruta;valor (milers €);;1779926
2019;Santa Coloma de Gramenet;renda familiar disponible bruta;per habitant (€);;14965
2019;Santa Coloma de Gramenet;renda familiar disponible bruta;per habitant (índex Catalunya=100);;81,1
2019;Santa Coloma de Queralt;renda familiar disponible bruta;valor (milers €);;44752
2019;Santa Coloma de Queralt;renda familiar disponible bruta;per habitant (€);;16883
2019;Santa Coloma de Queralt;renda familiar disponible bruta;per habitant (índex Catalunya=100);;91,4
2019;Santa Cristina d'Aro;renda familiar disponible bruta;valor (milers €);;88397
2019;Santa Cristina d'Aro;renda familiar disponible bruta;per habitant (€);;17087
2019;Santa Cristina d'Aro;renda familiar disponible bruta;per habitant (índex Catalunya=100);;92,5
2019;Santa Eugènia de Berga;renda familiar disponible bruta;valor (milers €);;40424
2019;Santa Eugènia de Berga;renda familiar disponible bruta;per habitant (€);;18089
2019;Santa Eugènia de Berga;renda familiar disponible bruta;per habitant (índex Catalunya=100);;98
2019;Santa Eulàlia de Riuprimer;renda familiar disponible bruta;valor (milers €);;25683
2019;Santa Eulàlia de Riuprimer;renda familiar disponible bruta;per habitant (€);;19068
2019;Santa Eulàlia de Riuprimer;renda familiar disponible bruta;per habitant (índex Catalunya=100);;103,3
2019;Santa Eulàlia de Ronçana;renda familiar disponible bruta;valor (milers €);;143479
2019;Santa Eulàlia de Ronçana;renda familiar disponible bruta;per habitant (€);;19552
2019;Santa Eulàlia de Ronçana;renda familiar disponible bruta;per habitant (índex Catalunya=100);;105,9
2019;Santa Margarida de Montbui;renda familiar disponible bruta;valor (milers €);;130883
2019;Santa Margarida de Montbui;renda familiar disponible bruta;per habitant (€);;12945
2019;Santa Margarida de Montbui;renda familiar disponible bruta;per habitant (índex Catalunya=100);;70,1
2019;Santa Margarida i els Monjos;renda familiar disponible bruta;valor (milers €);;127271
2019;Santa Margarida i els Monjos;renda familiar disponible bruta;per habitant (€);;16643
2019;Santa Margarida i els Monjos;renda familiar disponible bruta;per habitant (índex Catalunya=100);;90,1
2019;Santa Maria d'Oló;renda familiar disponible bruta;valor (milers €);;18434
2019;Santa Maria d'Oló;renda familiar disponible bruta;per habitant (€);;18150
2019;Santa Maria d'Oló;renda familiar disponible bruta;per habitant (índex Catalunya=100);;98,3
2019;Santa Maria de Palautordera;renda familiar disponible bruta;valor (milers €);;169241
2019;Santa Maria de Palautordera;renda familiar disponible bruta;per habitant (€);;17811
2019;Santa Maria de Palautordera;renda familiar disponible bruta;per habitant (índex Catalunya=100);;96,5
2019;Santa Oliva;renda familiar disponible bruta;valor (milers €);;47450
2019;Santa Oliva;renda familiar disponible bruta;per habitant (€);;14300
2019;Santa Oliva;renda familiar disponible bruta;per habitant (índex Catalunya=100);;77,5
2019;Santa Pau;renda familiar disponible bruta;valor (milers €);;29797
2019;Santa Pau;renda familiar disponible bruta;per habitant (€);;19116
2019;Santa Pau;renda familiar disponible bruta;per habitant (índex Catalunya=100);;103,5
2019;Santa Perpètua de Mogoda;renda familiar disponible bruta;valor (milers €);;443940
2019;Santa Perpètua de Mogoda;renda familiar disponible bruta;per habitant (€);;17165
2019;Santa Perpètua de Mogoda;renda familiar disponible bruta;per habitant (índex Catalunya=100);;93
2019;Santa Susanna;renda familiar disponible bruta;valor (milers €);;57121
2019;Santa Susanna;renda familiar disponible bruta;per habitant (€);;16538
2019;Santa Susanna;renda familiar disponible bruta;per habitant (índex Catalunya=100);;89,6
2019;Santpedor;renda familiar disponible bruta;valor (milers €);;141421
2019;Santpedor;renda familiar disponible bruta;per habitant (€);;18839
2019;Santpedor;renda familiar disponible bruta;per habitant (índex Catalunya=100);;102
2019;Sarral;renda familiar disponible bruta;valor (milers €);;22658
2019;Sarral;renda familiar disponible bruta;per habitant (€);;14806
2019;Sarral;renda familiar disponible bruta;per habitant (índex Catalunya=100);;80,2
2019;Sarrià de Ter;renda familiar disponible bruta;valor (milers €);;91606
2019;Sarrià de Ter;renda familiar disponible bruta;per habitant (€);;18129
2019;Sarrià de Ter;renda familiar disponible bruta;per habitant (índex Catalunya=100);;98,2
2019;Secuita, la;renda familiar disponible bruta;valor (milers €);;30288
2019;Secuita, la;renda familiar disponible bruta;per habitant (€);;17782
2019;Secuita, la;renda familiar disponible bruta;per habitant (índex Catalunya=100);;96,3
2019;Selva del Camp, la;renda familiar disponible bruta;valor (milers €);;90872
2019;Selva del Camp, la;renda familiar disponible bruta;per habitant (€);;15935
2019;Selva del Camp, la;renda familiar disponible bruta;per habitant (índex Catalunya=100);;86,3
2019;Sénia, la;renda familiar disponible bruta;valor (milers €);;72680
2019;Sénia, la;renda familiar disponible bruta;per habitant (€);;12676
2019;Sénia, la;renda familiar disponible bruta;per habitant (índex Catalunya=100);;68,7
2019;Sentmenat;renda familiar disponible bruta;valor (milers €);;166482
2019;Sentmenat;renda familiar disponible bruta;per habitant (€);;18207
2019;Sentmenat;renda familiar disponible bruta;per habitant (índex Catalunya=100);;98,6
2019;Serinyà;renda familiar disponible bruta;valor (milers €);;18828
2019;Serinyà;renda familiar disponible bruta;per habitant (€);;16706
2019;Serinyà;renda familiar disponible bruta;per habitant (índex Catalunya=100);;90,5
2019;Seròs;renda familiar disponible bruta;valor (milers €);;24870
2019;Seròs;renda familiar disponible bruta;per habitant (€);;13068
2019;Seròs;renda familiar disponible bruta;per habitant (índex Catalunya=100);;70,8
2019;Seu d'Urgell, la;renda familiar disponible bruta;valor (milers €);;181560
2019;Seu d'Urgell, la;renda familiar disponible bruta;per habitant (€);;15037
2019;Seu d'Urgell, la;renda familiar disponible bruta;per habitant (índex Catalunya=100);;81,4
2019;Seva;renda familiar disponible bruta;valor (milers €);;69594
2019;Seva;renda familiar disponible bruta;per habitant (€);;19956
2019;Seva;renda familiar disponible bruta;per habitant (índex Catalunya=100);;108,1
2019;Sils;renda familiar disponible bruta;valor (milers €);;96701
2019;Sils;renda familiar disponible bruta;per habitant (€);;16018
2019;Sils;renda familiar disponible bruta;per habitant (índex Catalunya=100);;86,8
2019;Sitges;renda familiar disponible bruta;valor (milers €);;656935
2019;Sitges;renda familiar disponible bruta;per habitant (€);;22763
2019;Sitges;renda familiar disponible bruta;per habitant (índex Catalunya=100);;123,3
2019;Solsona;renda familiar disponible bruta;valor (milers €);;142389
2019;Solsona;renda familiar disponible bruta;per habitant (€);;15393
2019;Solsona;renda familiar disponible bruta;per habitant (índex Catalunya=100);;83,4
2019;Sort;renda familiar disponible bruta;valor (milers €);;36695
2019;Sort;renda familiar disponible bruta;per habitant (€);;17135
2019;Sort;renda familiar disponible bruta;per habitant (índex Catalunya=100);;92,8
2019;Soses;renda familiar disponible bruta;valor (milers €);;25324
2019;Soses;renda familiar disponible bruta;per habitant (€);;14606
2019;Soses;renda familiar disponible bruta;per habitant (índex Catalunya=100);;79,1
2019;Subirats;renda familiar disponible bruta;valor (milers €);;54546
2019;Subirats;renda familiar disponible bruta;per habitant (€);;17736
2019;Subirats;renda familiar disponible bruta;per habitant (índex Catalunya=100);;96,1
2019;Súria;renda familiar disponible bruta;valor (milers €);;106659
2019;Súria;renda familiar disponible bruta;per habitant (€);;18113
2019;Súria;renda familiar disponible bruta;per habitant (índex Catalunya=100);;98,1
2019;Taradell;renda familiar disponible bruta;valor (milers €);;126264
2019;Taradell;renda familiar disponible bruta;per habitant (€);;19478
2019;Taradell;renda familiar disponible bruta;per habitant (índex Catalunya=100);;105,5
2019;Tarragona;renda familiar disponible bruta;valor (milers €);;2295826
2019;Tarragona;renda familiar disponible bruta;per habitant (€);;16886
2019;Tarragona;renda familiar disponible bruta;per habitant (índex Catalunya=100);;91,5
2019;Tàrrega;renda familiar disponible bruta;valor (milers €);;257099
2019;Tàrrega;renda familiar disponible bruta;per habitant (€);;14963
2019;Tàrrega;renda familiar disponible bruta;per habitant (índex Catalunya=100);;81
2019;Teià;renda familiar disponible bruta;valor (milers €);;163682
2019;Teià;renda familiar disponible bruta;per habitant (€);;25846
2019;Teià;renda familiar disponible bruta;per habitant (índex Catalunya=100);;140
2019;Térmens;renda familiar disponible bruta;valor (milers €);;20027
2019;Térmens;renda familiar disponible bruta;per habitant (€);;15088
2019;Térmens;renda familiar disponible bruta;per habitant (índex Catalunya=100);;81,7
2019;Terrassa;renda familiar disponible bruta;valor (milers €);;3884103
2019;Terrassa;renda familiar disponible bruta;per habitant (€);;17513
2019;Terrassa;renda familiar disponible bruta;per habitant (índex Catalunya=100);;94,9
2019;Tiana;renda familiar disponible bruta;valor (milers €);;216030
2019;Tiana;renda familiar disponible bruta;per habitant (€);;24597
2019;Tiana;renda familiar disponible bruta;per habitant (índex Catalunya=100);;133,2
2019;Tivissa;renda familiar disponible bruta;valor (milers €);;24083
2019;Tivissa;renda familiar disponible bruta;per habitant (€);;15119
2019;Tivissa;renda familiar disponible bruta;per habitant (índex Catalunya=100);;81,9
2019;Tona;renda familiar disponible bruta;valor (milers €);;146335
2019;Tona;renda familiar disponible bruta;per habitant (€);;17858
2019;Tona;renda familiar disponible bruta;per habitant (índex Catalunya=100);;96,7
2019;Torà;renda familiar disponible bruta;valor (milers €);;20275
2019;Torà;renda familiar disponible bruta;per habitant (€);;16606
2019;Torà;renda familiar disponible bruta;per habitant (índex Catalunya=100);;89,9
2019;Tordera;renda familiar disponible bruta;valor (milers €);;253960
2019;Tordera;renda familiar disponible bruta;per habitant (€);;14805
2019;Tordera;renda familiar disponible bruta;per habitant (índex Catalunya=100);;80,2
2019;Torelló;renda familiar disponible bruta;valor (milers €);;258649
2019;Torelló;renda familiar disponible bruta;per habitant (€);;18223
2019;Torelló;renda familiar disponible bruta;per habitant (índex Catalunya=100);;98,7
2019;Torre de Claramunt, la;renda familiar disponible bruta;valor (milers €);;62867
2019;Torre de Claramunt, la;renda familiar disponible bruta;per habitant (€);;16852
2019;Torre de Claramunt, la;renda familiar disponible bruta;per habitant (índex Catalunya=100);;91,3
2019;Torredembarra;renda familiar disponible bruta;valor (milers €);;243246
2019;Torredembarra;renda familiar disponible bruta;per habitant (€);;14804
2019;Torredembarra;renda familiar disponible bruta;per habitant (índex Catalunya=100);;80,2
2019;Torrefarrera;renda familiar disponible bruta;valor (milers €);;76916
2019;Torrefarrera;renda familiar disponible bruta;per habitant (€);;16811
2019;Torrefarrera;renda familiar disponible bruta;per habitant (índex Catalunya=100);;91,1
2019;Torregrossa;renda familiar disponible bruta;valor (milers €);;29646
2019;Torregrossa;renda familiar disponible bruta;per habitant (€);;13374
2019;Torregrossa;renda familiar disponible bruta;per habitant (índex Catalunya=100);;72,4
2019;Torrelavit;renda familiar disponible bruta;valor (milers €);;25533
2019;Torrelavit;renda familiar disponible bruta;per habitant (€);;17966
2019;Torrelavit;renda familiar disponible bruta;per habitant (índex Catalunya=100);;97,3
2019;Torrelles de Foix;renda familiar disponible bruta;valor (milers €);;32108
2019;Torrelles de Foix;renda familiar disponible bruta;per habitant (€);;13524
2019;Torrelles de Foix;renda familiar disponible bruta;per habitant (índex Catalunya=100);;73,2
2019;Torrelles de Llobregat;renda familiar disponible bruta;valor (milers €);;119641
2019;Torrelles de Llobregat;renda familiar disponible bruta;per habitant (€);;19911
2019;Torrelles de Llobregat;renda familiar disponible bruta;per habitant (índex Catalunya=100);;107,8
2019;Torres de Segre;renda familiar disponible bruta;valor (milers €);;29913
2019;Torres de Segre;renda familiar disponible bruta;per habitant (€);;13094
2019;Torres de Segre;renda familiar disponible bruta;per habitant (índex Catalunya=100);;70,9
2019;Torroella de Montgrí;renda familiar disponible bruta;valor (milers €);;170197
2019;Torroella de Montgrí;renda familiar disponible bruta;per habitant (€);;14725
2019;Torroella de Montgrí;renda familiar disponible bruta;per habitant (índex Catalunya=100);;79,8
2019;Tortosa;renda familiar disponible bruta;valor (milers €);;511483
2019;Tortosa;renda familiar disponible bruta;per habitant (€);;15361
2019;Tortosa;renda familiar disponible bruta;per habitant (índex Catalunya=100);;83,2
2019;Tossa de Mar;renda familiar disponible bruta;valor (milers €);;81043
2019;Tossa de Mar;renda familiar disponible bruta;per habitant (€);;14371
2019;Tossa de Mar;renda familiar disponible bruta;per habitant (índex Catalunya=100);;77,8
2019;Tremp;renda familiar disponible bruta;valor (milers €);;94538
2019;Tremp;renda familiar disponible bruta;per habitant (€);;16297
2019;Tremp;renda familiar disponible bruta;per habitant (índex Catalunya=100);;88,3
2019;Ullà;renda familiar disponible bruta;valor (milers €);;15845
2019;Ullà;renda familiar disponible bruta;per habitant (€);;13816
2019;Ullà;renda familiar disponible bruta;per habitant (índex Catalunya=100);;74,8
2019;Ullastrell;renda familiar disponible bruta;valor (milers €);;42062
2019;Ullastrell;renda familiar disponible bruta;per habitant (€);;20144
2019;Ullastrell;renda familiar disponible bruta;per habitant (índex Catalunya=100);;109,1
2019;Ulldecona;renda familiar disponible bruta;valor (milers €);;79439
2019;Ulldecona;renda familiar disponible bruta;per habitant (€);;12230
2019;Ulldecona;renda familiar disponible bruta;per habitant (índex Catalunya=100);;66,2
2019;Vacarisses;renda familiar disponible bruta;valor (milers €);;124055
2019;Vacarisses;renda familiar disponible bruta;per habitant (€);;18377
2019;Vacarisses;renda familiar disponible bruta;per habitant (índex Catalunya=100);;99,5
2019;Vall d'en Bas, la;renda familiar disponible bruta;valor (milers €);;59777
2019;Vall d'en Bas, la;renda familiar disponible bruta;per habitant (€);;19775
2019;Vall d'en Bas, la;renda familiar disponible bruta;per habitant (índex Catalunya=100);;107,1
2019;Vall de Bianya, la;renda familiar disponible bruta;valor (milers €);;25543
2019;Vall de Bianya, la;renda familiar disponible bruta;per habitant (€);;20517
2019;Vall de Bianya, la;renda familiar disponible bruta;per habitant (índex Catalunya=100);;111,1
2019;Vall de Boí, la;renda familiar disponible bruta;valor (milers €);;17272
2019;Vall de Boí, la;renda familiar disponible bruta;per habitant (€);;16825
2019;Vall de Boí, la;renda familiar disponible bruta;per habitant (índex Catalunya=100);;91,1
2019;Vallbona d'Anoia;renda familiar disponible bruta;valor (milers €);;24195
2019;Vallbona d'Anoia;renda familiar disponible bruta;per habitant (€);;17711
2019;Vallbona d'Anoia;renda familiar disponible bruta;per habitant (índex Catalunya=100);;95,9
2019;Vallfogona de Balaguer;renda familiar disponible bruta;valor (milers €);;28689
2019;Vallfogona de Balaguer;renda familiar disponible bruta;per habitant (€);;15390
2019;Vallfogona de Balaguer;renda familiar disponible bruta;per habitant (índex Catalunya=100);;83,4
2019;Vallgorguina;renda familiar disponible bruta;valor (milers €);;54383
2019;Vallgorguina;renda familiar disponible bruta;per habitant (€);;18548
2019;Vallgorguina;renda familiar disponible bruta;per habitant (índex Catalunya=100);;100,5
2019;Vallirana;renda familiar disponible bruta;valor (milers €);;286463
2019;Vallirana;renda familiar disponible bruta;per habitant (€);;19049
2019;Vallirana;renda familiar disponible bruta;per habitant (índex Catalunya=100);;103,2
2019;Vallmoll;renda familiar disponible bruta;valor (milers €);;31695
2019;Vallmoll;renda familiar disponible bruta;per habitant (€);;17898
2019;Vallmoll;renda familiar disponible bruta;per habitant (índex Catalunya=100);;96,9
2019;Vallromanes;renda familiar disponible bruta;valor (milers €);;65679
2019;Vallromanes;renda familiar disponible bruta;per habitant (€);;25636
2019;Vallromanes;renda familiar disponible bruta;per habitant (índex Catalunya=100);;138,9
2019;Valls;renda familiar disponible bruta;valor (milers €);;408392
2019;Valls;renda familiar disponible bruta;per habitant (€);;16669
2019;Valls;renda familiar disponible bruta;per habitant (índex Catalunya=100);;90,3
2019;Vandellòs i l'Hospitalet de l'Infant;renda familiar disponible bruta;valor (milers €);;100746
2019;Vandellòs i l'Hospitalet de l'Infant;renda familiar disponible bruta;per habitant (€);;15303
2019;Vandellòs i l'Hospitalet de l'Infant;renda familiar disponible bruta;per habitant (índex Catalunya=100);;82,9
2019;Vendrell, el;renda familiar disponible bruta;valor (milers €);;598098
2019;Vendrell, el;renda familiar disponible bruta;per habitant (€);;15830
2019;Vendrell, el;renda familiar disponible bruta;per habitant (índex Catalunya=100);;85,7
2019;Verges;renda familiar disponible bruta;valor (milers €);;19787
2019;Verges;renda familiar disponible bruta;per habitant (€);;17179
2019;Verges;renda familiar disponible bruta;per habitant (índex Catalunya=100);;93
2019;Vic;renda familiar disponible bruta;valor (milers €);;810355
2019;Vic;renda familiar disponible bruta;per habitant (€);;17489
2019;Vic;renda familiar disponible bruta;per habitant (índex Catalunya=100);;94,7
2019;Vidreres;renda familiar disponible bruta;valor (milers €);;125567
2019;Vidreres;renda familiar disponible bruta;per habitant (€);;16261
2019;Vidreres;renda familiar disponible bruta;per habitant (índex Catalunya=100);;88,1
2019;Vielha e Mijaran;renda familiar disponible bruta;valor (milers €);;92491
2019;Vielha e Mijaran;renda familiar disponible bruta;per habitant (€);;16775
2019;Vielha e Mijaran;renda familiar disponible bruta;per habitant (índex Catalunya=100);;90,9
2019;Vilablareix;renda familiar disponible bruta;valor (milers €);;59174
2019;Vilablareix;renda familiar disponible bruta;per habitant (€);;20433
2019;Vilablareix;renda familiar disponible bruta;per habitant (índex Catalunya=100);;110,7
2019;Viladecans;renda familiar disponible bruta;valor (milers €);;1179213
2019;Viladecans;renda familiar disponible bruta;per habitant (€);;17767
2019;Viladecans;renda familiar disponible bruta;per habitant (índex Catalunya=100);;96,2
2019;Viladecavalls;renda familiar disponible bruta;valor (milers €);;150371
2019;Viladecavalls;renda familiar disponible bruta;per habitant (€);;20001
2019;Viladecavalls;renda familiar disponible bruta;per habitant (índex Catalunya=100);;108,3
2019;Viladrau;renda familiar disponible bruta;valor (milers €);;18964
2019;Viladrau;renda familiar disponible bruta;per habitant (€);;18403
2019;Viladrau;renda familiar disponible bruta;per habitant (índex Catalunya=100);;99,7
2019;Vilafant;renda familiar disponible bruta;valor (milers €);;87920
2019;Vilafant;renda familiar disponible bruta;per habitant (€);;16649
2019;Vilafant;renda familiar disponible bruta;per habitant (índex Catalunya=100);;90,2
2019;Vilafranca del Penedès;renda familiar disponible bruta;valor (milers €);;678863
2019;Vilafranca del Penedès;renda familiar disponible bruta;per habitant (€);;16985
2019;Vilafranca del Penedès;renda familiar disponible bruta;per habitant (índex Catalunya=100);;92
2019;Vilajuïga;renda familiar disponible bruta;valor (milers €);;17883
2019;Vilajuïga;renda familiar disponible bruta;per habitant (€);;16497
2019;Vilajuïga;renda familiar disponible bruta;per habitant (índex Catalunya=100);;89,4
2019;Vilallonga del Camp;renda familiar disponible bruta;valor (milers €);;38513
2019;Vilallonga del Camp;renda familiar disponible bruta;per habitant (€);;16013
2019;Vilallonga del Camp;renda familiar disponible bruta;per habitant (índex Catalunya=100);;86,7
2019;Vilamalla;renda familiar disponible bruta;valor (milers €);;17434
2019;Vilamalla;renda familiar disponible bruta;per habitant (€);;15245
2019;Vilamalla;renda familiar disponible bruta;per habitant (índex Catalunya=100);;82,6
2019;Vilanova de Bellpuig;renda familiar disponible bruta;valor (milers €);;17400
2019;Vilanova de Bellpuig;renda familiar disponible bruta;per habitant (€);;14546
2019;Vilanova de Bellpuig;renda familiar disponible bruta;per habitant (índex Catalunya=100);;78,8
2019;Vilanova de la Barca;renda familiar disponible bruta;valor (milers €);;16625
2019;Vilanova de la Barca;renda familiar disponible bruta;per habitant (€);;15907
2019;Vilanova de la Barca;renda familiar disponible bruta;per habitant (índex Catalunya=100);;86,2
2019;Vilanova de Segrià;renda familiar disponible bruta;valor (milers €);;14524
2019;Vilanova de Segrià;renda familiar disponible bruta;per habitant (€);;15045
2019;Vilanova de Segrià;renda familiar disponible bruta;per habitant (índex Catalunya=100);;81,5
2019;Vilanova del Camí;renda familiar disponible bruta;valor (milers €);;186469
2019;Vilanova del Camí;renda familiar disponible bruta;per habitant (€);;14873
2019;Vilanova del Camí;renda familiar disponible bruta;per habitant (índex Catalunya=100);;80,6
2019;Vilanova del Vallès;renda familiar disponible bruta;valor (milers €);;126279
2019;Vilanova del Vallès;renda familiar disponible bruta;per habitant (€);;23155
2019;Vilanova del Vallès;renda familiar disponible bruta;per habitant (índex Catalunya=100);;125,4
2019;Vilanova i la Geltrú;renda familiar disponible bruta;valor (milers €);;1186605
2019;Vilanova i la Geltrú;renda familiar disponible bruta;per habitant (€);;17951
2019;Vilanova i la Geltrú;renda familiar disponible bruta;per habitant (índex Catalunya=100);;97,2
2019;Vila-rodona;renda familiar disponible bruta;valor (milers €);;19246
2019;Vila-rodona;renda familiar disponible bruta;per habitant (€);;15158
2019;Vila-rodona;renda familiar disponible bruta;per habitant (índex Catalunya=100);;82,1
2019;Vila-seca;renda familiar disponible bruta;valor (milers €);;326976
2019;Vila-seca;renda familiar disponible bruta;per habitant (€);;14567
2019;Vila-seca;renda familiar disponible bruta;per habitant (índex Catalunya=100);;78,9
2019;Vilassar de Dalt;renda familiar disponible bruta;valor (milers €);;195427
2019;Vilassar de Dalt;renda familiar disponible bruta;per habitant (€);;21846
2019;Vilassar de Dalt;renda familiar disponible bruta;per habitant (índex Catalunya=100);;118,3
2019;Vilassar de Mar;renda familiar disponible bruta;valor (milers €);;445414
2019;Vilassar de Mar;renda familiar disponible bruta;per habitant (€);;21541
2019;Vilassar de Mar;renda familiar disponible bruta;per habitant (índex Catalunya=100);;116,7
2019;Vilobí d'Onyar;renda familiar disponible bruta;valor (milers €);;58220
2019;Vilobí d'Onyar;renda familiar disponible bruta;per habitant (€);;17925
2019;Vilobí d'Onyar;renda familiar disponible bruta;per habitant (índex Catalunya=100);;97,1
2019;Vilobí del Penedès;renda familiar disponible bruta;valor (milers €);;19377
2019;Vilobí del Penedès;renda familiar disponible bruta;per habitant (€);;17535
2019;Vilobí del Penedès;renda familiar disponible bruta;per habitant (índex Catalunya=100);;95
2019;Vinyols i els Arcs;renda familiar disponible bruta;valor (milers €);;32723
2019;Vinyols i els Arcs;renda familiar disponible bruta;per habitant (€);;15560
2019;Vinyols i els Arcs;renda familiar disponible bruta;per habitant (índex Catalunya=100);;84,3
2019;Xerta;renda familiar disponible bruta;valor (milers €);;17674
2019;Xerta;renda familiar disponible bruta;per habitant (€);;15260
2019;Xerta;renda familiar disponible bruta;per habitant (índex Catalunya=100);;82,7
