any;municipi;concepte;indicador;estat;valor
2016;Abrera;renda familiar disponible bruta;valor (milers €);;213254
2016;Abrera;renda familiar disponible bruta;per habitant (€);;17499
2016;Abrera;renda familiar disponible bruta;per habitant (índex Catalunya=100);;101,7
2016;Agramunt;renda familiar disponible bruta;valor (milers €);;77081
2016;Agramunt;renda familiar disponible bruta;per habitant (€);;14360
2016;Agramunt;renda familiar disponible bruta;per habitant (índex Catalunya=100);;83,5
2016;Aiguafreda;renda familiar disponible bruta;valor (milers €);;41210
2016;Aiguafreda;renda familiar disponible bruta;per habitant (€);;16624
2016;Aiguafreda;renda familiar disponible bruta;per habitant (índex Catalunya=100);;96,6
2016;Aitona;renda familiar disponible bruta;valor (milers €);;27791
2016;Aitona;renda familiar disponible bruta;per habitant (€);;11169
2016;Aitona;renda familiar disponible bruta;per habitant (índex Catalunya=100);;64,9
2016;Albatàrrec;renda familiar disponible bruta;valor (milers €);;26183
2016;Albatàrrec;renda familiar disponible bruta;per habitant (€);;11687
2016;Albatàrrec;renda familiar disponible bruta;per habitant (índex Catalunya=100);;67,9
2016;Albesa;renda familiar disponible bruta;valor (milers €);;21191
2016;Albesa;renda familiar disponible bruta;per habitant (€);;13494
2016;Albesa;renda familiar disponible bruta;per habitant (índex Catalunya=100);;78,4
2016;Albinyana;renda familiar disponible bruta;valor (milers €);;30914
2016;Albinyana;renda familiar disponible bruta;per habitant (€);;13395
2016;Albinyana;renda familiar disponible bruta;per habitant (índex Catalunya=100);;77,9
2016;Alcanar;renda familiar disponible bruta;valor (milers €);;112146
2016;Alcanar;renda familiar disponible bruta;per habitant (€);;11805
2016;Alcanar;renda familiar disponible bruta;per habitant (índex Catalunya=100);;68,6
2016;Alcarràs;renda familiar disponible bruta;valor (milers €);;109953
2016;Alcarràs;renda familiar disponible bruta;per habitant (€);;12009
2016;Alcarràs;renda familiar disponible bruta;per habitant (índex Catalunya=100);;69,8
2016;Alcoletge;renda familiar disponible bruta;valor (milers €);;43617
2016;Alcoletge;renda familiar disponible bruta;per habitant (€);;13092
2016;Alcoletge;renda familiar disponible bruta;per habitant (índex Catalunya=100);;76,1
2016;Alcover;renda familiar disponible bruta;valor (milers €);;78471
2016;Alcover;renda familiar disponible bruta;per habitant (€);;15299
2016;Alcover;renda familiar disponible bruta;per habitant (índex Catalunya=100);;88,9
2016;Aldea, l';renda familiar disponible bruta;valor (milers €);;49622
2016;Aldea, l';renda familiar disponible bruta;per habitant (€);;11818
2016;Aldea, l';renda familiar disponible bruta;per habitant (índex Catalunya=100);;68,7
2016;Alella;renda familiar disponible bruta;valor (milers €);;231147
2016;Alella;renda familiar disponible bruta;per habitant (€);;24329
2016;Alella;renda familiar disponible bruta;per habitant (índex Catalunya=100);;141,4
2016;Alfarràs;renda familiar disponible bruta;valor (milers €);;36462
2016;Alfarràs;renda familiar disponible bruta;per habitant (€);;12808
2016;Alfarràs;renda familiar disponible bruta;per habitant (índex Catalunya=100);;74,5
2016;Alforja;renda familiar disponible bruta;valor (milers €);;23346
2016;Alforja;renda familiar disponible bruta;per habitant (€);;12760
2016;Alforja;renda familiar disponible bruta;per habitant (índex Catalunya=100);;74,2
2016;Alguaire;renda familiar disponible bruta;valor (milers €);;40901
2016;Alguaire;renda familiar disponible bruta;per habitant (€);;13949
2016;Alguaire;renda familiar disponible bruta;per habitant (índex Catalunya=100);;81,1
2016;Almacelles;renda familiar disponible bruta;valor (milers €);;86474
2016;Almacelles;renda familiar disponible bruta;per habitant (€);;12905
2016;Almacelles;renda familiar disponible bruta;per habitant (índex Catalunya=100);;75
2016;Almenar;renda familiar disponible bruta;valor (milers €);;45585
2016;Almenar;renda familiar disponible bruta;per habitant (€);;13329
2016;Almenar;renda familiar disponible bruta;per habitant (índex Catalunya=100);;77,5
2016;Almoster;renda familiar disponible bruta;valor (milers €);;26093
2016;Almoster;renda familiar disponible bruta;per habitant (€);;18811
2016;Almoster;renda familiar disponible bruta;per habitant (índex Catalunya=100);;109,3
2016;Alp;renda familiar disponible bruta;valor (milers €);;21969
2016;Alp;renda familiar disponible bruta;per habitant (€);;14417
2016;Alp;renda familiar disponible bruta;per habitant (índex Catalunya=100);;83,8
2016;Alpicat;renda familiar disponible bruta;valor (milers €);;108840
2016;Alpicat;renda familiar disponible bruta;per habitant (€);;17720
2016;Alpicat;renda familiar disponible bruta;per habitant (índex Catalunya=100);;103
2016;Altafulla;renda familiar disponible bruta;valor (milers €);;86841
2016;Altafulla;renda familiar disponible bruta;per habitant (€);;17142
2016;Altafulla;renda familiar disponible bruta;per habitant (índex Catalunya=100);;99,6
2016;Amer;renda familiar disponible bruta;valor (milers €);;37246
2016;Amer;renda familiar disponible bruta;per habitant (€);;16752
2016;Amer;renda familiar disponible bruta;per habitant (índex Catalunya=100);;97,4
2016;Ametlla de Mar, l';renda familiar disponible bruta;valor (milers €);;84016
2016;Ametlla de Mar, l';renda familiar disponible bruta;per habitant (€);;12102
2016;Ametlla de Mar, l';renda familiar disponible bruta;per habitant (índex Catalunya=100);;70,3
2016;Ametlla del Vallès, l';renda familiar disponible bruta;valor (milers €);;178685
2016;Ametlla del Vallès, l';renda familiar disponible bruta;per habitant (€);;21493
2016;Ametlla del Vallès, l';renda familiar disponible bruta;per habitant (índex Catalunya=100);;124,9
2016;Ampolla, l';renda familiar disponible bruta;valor (milers €);;41869
2016;Ampolla, l';renda familiar disponible bruta;per habitant (€);;12675
2016;Ampolla, l';renda familiar disponible bruta;per habitant (índex Catalunya=100);;73,7
2016;Amposta;renda familiar disponible bruta;valor (milers €);;256823
2016;Amposta;renda familiar disponible bruta;per habitant (€);;12385
2016;Amposta;renda familiar disponible bruta;per habitant (índex Catalunya=100);;72
2016;Anglès;renda familiar disponible bruta;valor (milers €);;78551
2016;Anglès;renda familiar disponible bruta;per habitant (€);;14523
2016;Anglès;renda familiar disponible bruta;per habitant (índex Catalunya=100);;84,4
2016;Anglesola;renda familiar disponible bruta;valor (milers €);;18486
2016;Anglesola;renda familiar disponible bruta;per habitant (€);;13982
2016;Anglesola;renda familiar disponible bruta;per habitant (índex Catalunya=100);;81,3
2016;Arbeca;renda familiar disponible bruta;valor (milers €);;29441
2016;Arbeca;renda familiar disponible bruta;per habitant (€);;13145
2016;Arbeca;renda familiar disponible bruta;per habitant (índex Catalunya=100);;76,4
2016;Arboç, l';renda familiar disponible bruta;valor (milers €);;70427
2016;Arboç, l';renda familiar disponible bruta;per habitant (€);;12870
2016;Arboç, l';renda familiar disponible bruta;per habitant (índex Catalunya=100);;74,8
2016;Arbúcies;renda familiar disponible bruta;valor (milers €);;86447
2016;Arbúcies;renda familiar disponible bruta;per habitant (€);;13668
2016;Arbúcies;renda familiar disponible bruta;per habitant (índex Catalunya=100);;79,4
2016;Arenys de Mar;renda familiar disponible bruta;valor (milers €);;249495
2016;Arenys de Mar;renda familiar disponible bruta;per habitant (€);;16514
2016;Arenys de Mar;renda familiar disponible bruta;per habitant (índex Catalunya=100);;96
2016;Arenys de Munt;renda familiar disponible bruta;valor (milers €);;145041
2016;Arenys de Munt;renda familiar disponible bruta;per habitant (€);;16928
2016;Arenys de Munt;renda familiar disponible bruta;per habitant (índex Catalunya=100);;98,4
2016;Argentona;renda familiar disponible bruta;valor (milers €);;209843
2016;Argentona;renda familiar disponible bruta;per habitant (€);;17587
2016;Argentona;renda familiar disponible bruta;per habitant (índex Catalunya=100);;102,2
2016;Armentera, l';renda familiar disponible bruta;valor (milers €);;13339
2016;Armentera, l';renda familiar disponible bruta;per habitant (€);;14518
2016;Armentera, l';renda familiar disponible bruta;per habitant (índex Catalunya=100);;84,4
2016;Artés;renda familiar disponible bruta;valor (milers €);;89254
2016;Artés;renda familiar disponible bruta;per habitant (€);;16085
2016;Artés;renda familiar disponible bruta;per habitant (índex Catalunya=100);;93,5
2016;Artesa de Lleida;renda familiar disponible bruta;valor (milers €);;21585
2016;Artesa de Lleida;renda familiar disponible bruta;per habitant (€);;14476
2016;Artesa de Lleida;renda familiar disponible bruta;per habitant (índex Catalunya=100);;84,1
2016;Artesa de Segre;renda familiar disponible bruta;valor (milers €);;44575
2016;Artesa de Segre;renda familiar disponible bruta;per habitant (€);;12770
2016;Artesa de Segre;renda familiar disponible bruta;per habitant (índex Catalunya=100);;74,2
2016;Ascó;renda familiar disponible bruta;valor (milers €);;26128
2016;Ascó;renda familiar disponible bruta;per habitant (€);;15684
2016;Ascó;renda familiar disponible bruta;per habitant (índex Catalunya=100);;91,2
2016;Avià;renda familiar disponible bruta;valor (milers €);;36926
2016;Avià;renda familiar disponible bruta;per habitant (€);;16451
2016;Avià;renda familiar disponible bruta;per habitant (índex Catalunya=100);;95,6
2016;Avinyó;renda familiar disponible bruta;valor (milers €);;34856
2016;Avinyó;renda familiar disponible bruta;per habitant (€);;15776
2016;Avinyó;renda familiar disponible bruta;per habitant (índex Catalunya=100);;91,7
2016;Avinyonet de Puigventós;renda familiar disponible bruta;valor (milers €);;24831
2016;Avinyonet de Puigventós;renda familiar disponible bruta;per habitant (€);;16156
2016;Avinyonet de Puigventós;renda familiar disponible bruta;per habitant (índex Catalunya=100);;93,9
2016;Avinyonet del Penedès;renda familiar disponible bruta;valor (milers €);;28423
2016;Avinyonet del Penedès;renda familiar disponible bruta;per habitant (€);;17218
2016;Avinyonet del Penedès;renda familiar disponible bruta;per habitant (índex Catalunya=100);;100,1
2016;Badalona;renda familiar disponible bruta;valor (milers €);;3442867
2016;Badalona;renda familiar disponible bruta;per habitant (€);;16133
2016;Badalona;renda familiar disponible bruta;per habitant (índex Catalunya=100);;93,8
2016;Badia del Vallès;renda familiar disponible bruta;valor (milers €);;167789
2016;Badia del Vallès;renda familiar disponible bruta;per habitant (€);;12492
2016;Badia del Vallès;renda familiar disponible bruta;per habitant (índex Catalunya=100);;72,6
2016;Bagà;renda familiar disponible bruta;valor (milers €);;35567
2016;Bagà;renda familiar disponible bruta;per habitant (€);;16563
2016;Bagà;renda familiar disponible bruta;per habitant (índex Catalunya=100);;96,3
2016;Balaguer;renda familiar disponible bruta;valor (milers €);;216998
2016;Balaguer;renda familiar disponible bruta;per habitant (€);;13227
2016;Balaguer;renda familiar disponible bruta;per habitant (índex Catalunya=100);;76,9
2016;Balenyà;renda familiar disponible bruta;valor (milers €);;56135
2016;Balenyà;renda familiar disponible bruta;per habitant (€);;15429
2016;Balenyà;renda familiar disponible bruta;per habitant (índex Catalunya=100);;89,7
2016;Balsareny;renda familiar disponible bruta;valor (milers €);;52998
2016;Balsareny;renda familiar disponible bruta;per habitant (€);;16367
2016;Balsareny;renda familiar disponible bruta;per habitant (índex Catalunya=100);;95,1
2016;Banyeres del Penedès;renda familiar disponible bruta;valor (milers €);;46538
2016;Banyeres del Penedès;renda familiar disponible bruta;per habitant (€);;15072
2016;Banyeres del Penedès;renda familiar disponible bruta;per habitant (índex Catalunya=100);;87,6
2016;Banyoles;renda familiar disponible bruta;valor (milers €);;307996
2016;Banyoles;renda familiar disponible bruta;per habitant (€);;16032
2016;Banyoles;renda familiar disponible bruta;per habitant (índex Catalunya=100);;93,2
2016;Barberà del Vallès;renda familiar disponible bruta;valor (milers €);;554233
2016;Barberà del Vallès;renda familiar disponible bruta;per habitant (€);;16927
2016;Barberà del Vallès;renda familiar disponible bruta;per habitant (índex Catalunya=100);;98,4
2016;Barcelona;renda familiar disponible bruta;valor (milers €);;33754669
2016;Barcelona;renda familiar disponible bruta;per habitant (€);;21132
2016;Barcelona;renda familiar disponible bruta;per habitant (índex Catalunya=100);;122,8
2016;Bàscara;renda familiar disponible bruta;valor (milers €);;15054
2016;Bàscara;renda familiar disponible bruta;per habitant (€);;15678
2016;Bàscara;renda familiar disponible bruta;per habitant (índex Catalunya=100);;91,1
2016;Batea;renda familiar disponible bruta;valor (milers €);;23311
2016;Batea;renda familiar disponible bruta;per habitant (€);;12067
2016;Batea;renda familiar disponible bruta;per habitant (índex Catalunya=100);;70,1
2016;Begues;renda familiar disponible bruta;valor (milers €);;138333
2016;Begues;renda familiar disponible bruta;per habitant (€);;20566
2016;Begues;renda familiar disponible bruta;per habitant (índex Catalunya=100);;119,5
2016;Begur;renda familiar disponible bruta;valor (milers €);;60711
2016;Begur;renda familiar disponible bruta;per habitant (€);;15655
2016;Begur;renda familiar disponible bruta;per habitant (índex Catalunya=100);;91
2016;Bellcaire d'Urgell;renda familiar disponible bruta;valor (milers €);;18514
2016;Bellcaire d'Urgell;renda familiar disponible bruta;per habitant (€);;14987
2016;Bellcaire d'Urgell;renda familiar disponible bruta;per habitant (índex Catalunya=100);;87,1
2016;Bell-lloc d'Urgell;renda familiar disponible bruta;valor (milers €);;34238
2016;Bell-lloc d'Urgell;renda familiar disponible bruta;per habitant (€);;14608
2016;Bell-lloc d'Urgell;renda familiar disponible bruta;per habitant (índex Catalunya=100);;84,9
2016;Bellpuig;renda familiar disponible bruta;valor (milers €);;65511
2016;Bellpuig;renda familiar disponible bruta;per habitant (€);;13188
2016;Bellpuig;renda familiar disponible bruta;per habitant (índex Catalunya=100);;76,7
2016;Bellvei;renda familiar disponible bruta;valor (milers €);;27231
2016;Bellvei;renda familiar disponible bruta;per habitant (€);;12499
2016;Bellvei;renda familiar disponible bruta;per habitant (índex Catalunya=100);;72,7
2016;Bellver de Cerdanya;renda familiar disponible bruta;valor (milers €);;31121
2016;Bellver de Cerdanya;renda familiar disponible bruta;per habitant (€);;15621
2016;Bellver de Cerdanya;renda familiar disponible bruta;per habitant (índex Catalunya=100);;90,8
2016;Bellvís;renda familiar disponible bruta;valor (milers €);;30206
2016;Bellvís;renda familiar disponible bruta;per habitant (€);;13257
2016;Bellvís;renda familiar disponible bruta;per habitant (índex Catalunya=100);;77,1
2016;Benavent de Segrià;renda familiar disponible bruta;valor (milers €);;23044
2016;Benavent de Segrià;renda familiar disponible bruta;per habitant (€);;16063
2016;Benavent de Segrià;renda familiar disponible bruta;per habitant (índex Catalunya=100);;93,4
2016;Benissanet;renda familiar disponible bruta;valor (milers €);;14110
2016;Benissanet;renda familiar disponible bruta;per habitant (€);;11997
2016;Benissanet;renda familiar disponible bruta;per habitant (índex Catalunya=100);;69,7
2016;Berga;renda familiar disponible bruta;valor (milers €);;262651
2016;Berga;renda familiar disponible bruta;per habitant (€);;16329
2016;Berga;renda familiar disponible bruta;per habitant (índex Catalunya=100);;94,9
2016;Besalú;renda familiar disponible bruta;valor (milers €);;39320
2016;Besalú;renda familiar disponible bruta;per habitant (€);;16429
2016;Besalú;renda familiar disponible bruta;per habitant (índex Catalunya=100);;95,5
2016;Bescanó;renda familiar disponible bruta;valor (milers €);;83344
2016;Bescanó;renda familiar disponible bruta;per habitant (€);;17454
2016;Bescanó;renda familiar disponible bruta;per habitant (índex Catalunya=100);;101,5
2016;Bigues i Riells del Fai;renda familiar disponible bruta;valor (milers €);;158723
2016;Bigues i Riells del Fai;renda familiar disponible bruta;per habitant (€);;17845
2016;Bigues i Riells del Fai;renda familiar disponible bruta;per habitant (índex Catalunya=100);;103,7
2016;Bisbal d'Empordà, la;renda familiar disponible bruta;valor (milers €);;136953
2016;Bisbal d'Empordà, la;renda familiar disponible bruta;per habitant (€);;12949
2016;Bisbal d'Empordà, la;renda familiar disponible bruta;per habitant (índex Catalunya=100);;75,3
2016;Bisbal del Penedès, la;renda familiar disponible bruta;valor (milers €);;44740
2016;Bisbal del Penedès, la;renda familiar disponible bruta;per habitant (€);;12996
2016;Bisbal del Penedès, la;renda familiar disponible bruta;per habitant (índex Catalunya=100);;75,5
2016;Blanes;renda familiar disponible bruta;valor (milers €);;530207
2016;Blanes;renda familiar disponible bruta;per habitant (€);;13787
2016;Blanes;renda familiar disponible bruta;per habitant (índex Catalunya=100);;80,1
2016;Bordils;renda familiar disponible bruta;valor (milers €);;29196
2016;Bordils;renda familiar disponible bruta;per habitant (€);;17733
2016;Bordils;renda familiar disponible bruta;per habitant (índex Catalunya=100);;103,1
2016;Borges Blanques, les;renda familiar disponible bruta;valor (milers €);;83158
2016;Borges Blanques, les;renda familiar disponible bruta;per habitant (€);;13827
2016;Borges Blanques, les;renda familiar disponible bruta;per habitant (índex Catalunya=100);;80,4
2016;Borges del Camp, les;renda familiar disponible bruta;valor (milers €);;30900
2016;Borges del Camp, les;renda familiar disponible bruta;per habitant (€);;14825
2016;Borges del Camp, les;renda familiar disponible bruta;per habitant (índex Catalunya=100);;86,2
2016;Bossòst;renda familiar disponible bruta;valor (milers €);;17149
2016;Bossòst;renda familiar disponible bruta;per habitant (€);;15516
2016;Bossòst;renda familiar disponible bruta;per habitant (índex Catalunya=100);;90,2
2016;Botarell;renda familiar disponible bruta;valor (milers €);;17120
2016;Botarell;renda familiar disponible bruta;per habitant (€);;15509
2016;Botarell;renda familiar disponible bruta;per habitant (índex Catalunya=100);;90,1
2016;Breda;renda familiar disponible bruta;valor (milers €);;54594
2016;Breda;renda familiar disponible bruta;per habitant (€);;14814
2016;Breda;renda familiar disponible bruta;per habitant (índex Catalunya=100);;86,1
2016;Bruc, el;renda familiar disponible bruta;valor (milers €);;36948
2016;Bruc, el;renda familiar disponible bruta;per habitant (€);;18466
2016;Bruc, el;renda familiar disponible bruta;per habitant (índex Catalunya=100);;107,3
2016;Cabanyes, les;renda familiar disponible bruta;valor (milers €);;15919
2016;Cabanyes, les;renda familiar disponible bruta;per habitant (€);;16931
2016;Cabanyes, les;renda familiar disponible bruta;per habitant (índex Catalunya=100);;98,4
2016;Cabra del Camp;renda familiar disponible bruta;valor (milers €);;13829
2016;Cabra del Camp;renda familiar disponible bruta;per habitant (€);;12325
2016;Cabra del Camp;renda familiar disponible bruta;per habitant (índex Catalunya=100);;71,6
2016;Cabrera d'Anoia;renda familiar disponible bruta;valor (milers €);;19140
2016;Cabrera d'Anoia;renda familiar disponible bruta;per habitant (€);;14100
2016;Cabrera d'Anoia;renda familiar disponible bruta;per habitant (índex Catalunya=100);;82
2016;Cabrera de Mar;renda familiar disponible bruta;valor (milers €);;100493
2016;Cabrera de Mar;renda familiar disponible bruta;per habitant (€);;22267
2016;Cabrera de Mar;renda familiar disponible bruta;per habitant (índex Catalunya=100);;129,4
2016;Cabrils;renda familiar disponible bruta;valor (milers €);;170879
2016;Cabrils;renda familiar disponible bruta;per habitant (€);;23750
2016;Cabrils;renda familiar disponible bruta;per habitant (índex Catalunya=100);;138
2016;Cadaqués;renda familiar disponible bruta;valor (milers €);;33055
2016;Cadaqués;renda familiar disponible bruta;per habitant (€);;12038
2016;Cadaqués;renda familiar disponible bruta;per habitant (índex Catalunya=100);;70
2016;Calaf;renda familiar disponible bruta;valor (milers €);;51329
2016;Calaf;renda familiar disponible bruta;per habitant (€);;14877
2016;Calaf;renda familiar disponible bruta;per habitant (índex Catalunya=100);;86,5
2016;Calafell;renda familiar disponible bruta;valor (milers €);;327498
2016;Calafell;renda familiar disponible bruta;per habitant (€);;13395
2016;Calafell;renda familiar disponible bruta;per habitant (índex Catalunya=100);;77,9
2016;Calders;renda familiar disponible bruta;valor (milers €);;15931
2016;Calders;renda familiar disponible bruta;per habitant (€);;16757
2016;Calders;renda familiar disponible bruta;per habitant (índex Catalunya=100);;97,4
2016;Caldes d'Estrac;renda familiar disponible bruta;valor (milers €);;52049
2016;Caldes d'Estrac;renda familiar disponible bruta;per habitant (€);;18875
2016;Caldes d'Estrac;renda familiar disponible bruta;per habitant (índex Catalunya=100);;109,7
2016;Caldes de Malavella;renda familiar disponible bruta;valor (milers €);;113848
2016;Caldes de Malavella;renda familiar disponible bruta;per habitant (€);;15821
2016;Caldes de Malavella;renda familiar disponible bruta;per habitant (índex Catalunya=100);;92
2016;Caldes de Montbui;renda familiar disponible bruta;valor (milers €);;294012
2016;Caldes de Montbui;renda familiar disponible bruta;per habitant (€);;17212
2016;Caldes de Montbui;renda familiar disponible bruta;per habitant (índex Catalunya=100);;100
2016;Calella;renda familiar disponible bruta;valor (milers €);;259215
2016;Calella;renda familiar disponible bruta;per habitant (€);;14277
2016;Calella;renda familiar disponible bruta;per habitant (índex Catalunya=100);;83
2016;Calldetenes;renda familiar disponible bruta;valor (milers €);;40175
2016;Calldetenes;renda familiar disponible bruta;per habitant (€);;16731
2016;Calldetenes;renda familiar disponible bruta;per habitant (índex Catalunya=100);;97,3
2016;Callús;renda familiar disponible bruta;valor (milers €);;31377
2016;Callús;renda familiar disponible bruta;per habitant (€);;15331
2016;Callús;renda familiar disponible bruta;per habitant (índex Catalunya=100);;89,1
2016;Calonge i Sant Antoni;renda familiar disponible bruta;valor (milers €);;147354
2016;Calonge i Sant Antoni;renda familiar disponible bruta;per habitant (€);;13935
2016;Calonge i Sant Antoni;renda familiar disponible bruta;per habitant (índex Catalunya=100);;81
2016;Camarles;renda familiar disponible bruta;valor (milers €);;38487
2016;Camarles;renda familiar disponible bruta;per habitant (€);;11717
2016;Camarles;renda familiar disponible bruta;per habitant (índex Catalunya=100);;68,1
2016;Cambrils;renda familiar disponible bruta;valor (milers €);;507781
2016;Cambrils;renda familiar disponible bruta;per habitant (€);;15289
2016;Cambrils;renda familiar disponible bruta;per habitant (índex Catalunya=100);;88,9
2016;Campdevànol;renda familiar disponible bruta;valor (milers €);;56983
2016;Campdevànol;renda familiar disponible bruta;per habitant (€);;17448
2016;Campdevànol;renda familiar disponible bruta;per habitant (índex Catalunya=100);;101,4
2016;Camprodon;renda familiar disponible bruta;valor (milers €);;35546
2016;Camprodon;renda familiar disponible bruta;per habitant (€);;16092
2016;Camprodon;renda familiar disponible bruta;per habitant (índex Catalunya=100);;93,5
2016;Canet de Mar;renda familiar disponible bruta;valor (milers €);;229196
2016;Canet de Mar;renda familiar disponible bruta;per habitant (€);;16182
2016;Canet de Mar;renda familiar disponible bruta;per habitant (índex Catalunya=100);;94,1
2016;Canonja, la;renda familiar disponible bruta;valor (milers €);;80275
2016;Canonja, la;renda familiar disponible bruta;per habitant (€);;13769
2016;Canonja, la;renda familiar disponible bruta;per habitant (índex Catalunya=100);;80
2016;Canovelles;renda familiar disponible bruta;valor (milers €);;225094
2016;Canovelles;renda familiar disponible bruta;per habitant (€);;14098
2016;Canovelles;renda familiar disponible bruta;per habitant (índex Catalunya=100);;81,9
2016;Cànoves i Samalús;renda familiar disponible bruta;valor (milers €);;48564
2016;Cànoves i Samalús;renda familiar disponible bruta;per habitant (€);;16886
2016;Cànoves i Samalús;renda familiar disponible bruta;per habitant (índex Catalunya=100);;98,2
2016;Canyelles;renda familiar disponible bruta;valor (milers €);;73072
2016;Canyelles;renda familiar disponible bruta;per habitant (€);;16885
2016;Canyelles;renda familiar disponible bruta;per habitant (índex Catalunya=100);;98,1
2016;Capellades;renda familiar disponible bruta;valor (milers €);;84504
2016;Capellades;renda familiar disponible bruta;per habitant (€);;16171
2016;Capellades;renda familiar disponible bruta;per habitant (índex Catalunya=100);;94
2016;Cardedeu;renda familiar disponible bruta;valor (milers €);;309999
2016;Cardedeu;renda familiar disponible bruta;per habitant (€);;17128
2016;Cardedeu;renda familiar disponible bruta;per habitant (índex Catalunya=100);;99,6
2016;Cardona;renda familiar disponible bruta;valor (milers €);;75694
2016;Cardona;renda familiar disponible bruta;per habitant (€);;16050
2016;Cardona;renda familiar disponible bruta;per habitant (índex Catalunya=100);;93,3
2016;Cassà de la Selva;renda familiar disponible bruta;valor (milers €);;157812
2016;Cassà de la Selva;renda familiar disponible bruta;per habitant (€);;15961
2016;Cassà de la Selva;renda familiar disponible bruta;per habitant (índex Catalunya=100);;92,8
2016;Casserres;renda familiar disponible bruta;valor (milers €);;24972
2016;Casserres;renda familiar disponible bruta;per habitant (€);;16250
2016;Casserres;renda familiar disponible bruta;per habitant (índex Catalunya=100);;94,5
2016;Castell d'Aro, Platja d'Aro i s'Agaró;renda familiar disponible bruta;valor (milers €);;130958
2016;Castell d'Aro, Platja d'Aro i s'Agaró;renda familiar disponible bruta;per habitant (€);;12591
2016;Castell d'Aro, Platja d'Aro i s'Agaró;renda familiar disponible bruta;per habitant (índex Catalunya=100);;73,2
2016;Castellar del Vallès;renda familiar disponible bruta;valor (milers €);;415612
2016;Castellar del Vallès;renda familiar disponible bruta;per habitant (€);;17589
2016;Castellar del Vallès;renda familiar disponible bruta;per habitant (índex Catalunya=100);;102,2
2016;Castellbell i el Vilar;renda familiar disponible bruta;valor (milers €);;54111
2016;Castellbell i el Vilar;renda familiar disponible bruta;per habitant (€);;15140
2016;Castellbell i el Vilar;renda familiar disponible bruta;per habitant (índex Catalunya=100);;88
2016;Castellbisbal;renda familiar disponible bruta;valor (milers €);;213770
2016;Castellbisbal;renda familiar disponible bruta;per habitant (€);;17453
2016;Castellbisbal;renda familiar disponible bruta;per habitant (índex Catalunya=100);;101,5
2016;Castelldefels;renda familiar disponible bruta;valor (milers €);;1377616
2016;Castelldefels;renda familiar disponible bruta;per habitant (€);;21234
2016;Castelldefels;renda familiar disponible bruta;per habitant (índex Catalunya=100);;123,4
2016;Castellet i la Gornal;renda familiar disponible bruta;valor (milers €);;33444
2016;Castellet i la Gornal;renda familiar disponible bruta;per habitant (€);;15188
2016;Castellet i la Gornal;renda familiar disponible bruta;per habitant (índex Catalunya=100);;88,3
2016;Castellgalí;renda familiar disponible bruta;valor (milers €);;31023
2016;Castellgalí;renda familiar disponible bruta;per habitant (€);;15582
2016;Castellgalí;renda familiar disponible bruta;per habitant (índex Catalunya=100);;90,6
2016;Castellnou de Bages;renda familiar disponible bruta;valor (milers €);;21120
2016;Castellnou de Bages;renda familiar disponible bruta;per habitant (€);;16432
2016;Castellnou de Bages;renda familiar disponible bruta;per habitant (índex Catalunya=100);;95,5
2016;Castelló d'Empúries;renda familiar disponible bruta;valor (milers €);;120877
2016;Castelló d'Empúries;renda familiar disponible bruta;per habitant (€);;11489
2016;Castelló d'Empúries;renda familiar disponible bruta;per habitant (índex Catalunya=100);;66,8
2016;Castellterçol;renda familiar disponible bruta;valor (milers €);;37504
2016;Castellterçol;renda familiar disponible bruta;per habitant (€);;15989
2016;Castellterçol;renda familiar disponible bruta;per habitant (índex Catalunya=100);;92,9
2016;Castellvell del Camp;renda familiar disponible bruta;valor (milers €);;57972
2016;Castellvell del Camp;renda familiar disponible bruta;per habitant (€);;20251
2016;Castellvell del Camp;renda familiar disponible bruta;per habitant (índex Catalunya=100);;117,7
2016;Castellví de la Marca;renda familiar disponible bruta;valor (milers €);;22748
2016;Castellví de la Marca;renda familiar disponible bruta;per habitant (€);;14755
2016;Castellví de la Marca;renda familiar disponible bruta;per habitant (índex Catalunya=100);;85,8
2016;Castellví de Rosanes;renda familiar disponible bruta;valor (milers €);;33286
2016;Castellví de Rosanes;renda familiar disponible bruta;per habitant (€);;18478
2016;Castellví de Rosanes;renda familiar disponible bruta;per habitant (índex Catalunya=100);;107,4
2016;Catllar, el;renda familiar disponible bruta;valor (milers €);;74141
2016;Catllar, el;renda familiar disponible bruta;per habitant (€);;17508
2016;Catllar, el;renda familiar disponible bruta;per habitant (índex Catalunya=100);;101,8
2016;Cellera de Ter, la;renda familiar disponible bruta;valor (milers €);;30943
2016;Cellera de Ter, la;renda familiar disponible bruta;per habitant (€);;15433
2016;Cellera de Ter, la;renda familiar disponible bruta;per habitant (índex Catalunya=100);;89,7
2016;Celrà;renda familiar disponible bruta;valor (milers €);;80052
2016;Celrà;renda familiar disponible bruta;per habitant (€);;15358
2016;Celrà;renda familiar disponible bruta;per habitant (índex Catalunya=100);;89,3
2016;Centelles;renda familiar disponible bruta;valor (milers €);;122617
2016;Centelles;renda familiar disponible bruta;per habitant (€);;16752
2016;Centelles;renda familiar disponible bruta;per habitant (índex Catalunya=100);;97,4
2016;Cercs;renda familiar disponible bruta;valor (milers €);;18826
2016;Cercs;renda familiar disponible bruta;per habitant (€);;16089
2016;Cercs;renda familiar disponible bruta;per habitant (índex Catalunya=100);;93,5
2016;Cerdanyola del Vallès;renda familiar disponible bruta;valor (milers €);;1071641
2016;Cerdanyola del Vallès;renda familiar disponible bruta;per habitant (€);;18653
2016;Cerdanyola del Vallès;renda familiar disponible bruta;per habitant (índex Catalunya=100);;108,4
2016;Cervelló;renda familiar disponible bruta;valor (milers €);;181864
2016;Cervelló;renda familiar disponible bruta;per habitant (€);;20641
2016;Cervelló;renda familiar disponible bruta;per habitant (índex Catalunya=100);;120
2016;Cervera;renda familiar disponible bruta;valor (milers €);;120883
2016;Cervera;renda familiar disponible bruta;per habitant (€);;13603
2016;Cervera;renda familiar disponible bruta;per habitant (índex Catalunya=100);;79,1
2016;Cervià de Ter;renda familiar disponible bruta;valor (milers €);;15528
2016;Cervià de Ter;renda familiar disponible bruta;per habitant (€);;17298
2016;Cervià de Ter;renda familiar disponible bruta;per habitant (índex Catalunya=100);;100,5
2016;Collbató;renda familiar disponible bruta;valor (milers €);;90234
2016;Collbató;renda familiar disponible bruta;per habitant (€);;20704
2016;Collbató;renda familiar disponible bruta;per habitant (índex Catalunya=100);;120,3
2016;Constantí;renda familiar disponible bruta;valor (milers €);;77109
2016;Constantí;renda familiar disponible bruta;per habitant (€);;11915
2016;Constantí;renda familiar disponible bruta;per habitant (índex Catalunya=100);;69,3
2016;Corbera d'Ebre;renda familiar disponible bruta;valor (milers €);;13454
2016;Corbera d'Ebre;renda familiar disponible bruta;per habitant (€);;12703
2016;Corbera d'Ebre;renda familiar disponible bruta;per habitant (índex Catalunya=100);;73,8
2016;Corbera de Llobregat;renda familiar disponible bruta;valor (milers €);;254690
2016;Corbera de Llobregat;renda familiar disponible bruta;per habitant (€);;17956
2016;Corbera de Llobregat;renda familiar disponible bruta;per habitant (índex Catalunya=100);;104,4
2016;Corbins;renda familiar disponible bruta;valor (milers €);;19203
2016;Corbins;renda familiar disponible bruta;per habitant (€);;13918
2016;Corbins;renda familiar disponible bruta;per habitant (índex Catalunya=100);;80,9
2016;Corçà;renda familiar disponible bruta;valor (milers €);;19533
2016;Corçà;renda familiar disponible bruta;per habitant (€);;15934
2016;Corçà;renda familiar disponible bruta;per habitant (índex Catalunya=100);;92,6
2016;Cornellà de Llobregat;renda familiar disponible bruta;valor (milers €);;1401617
2016;Cornellà de Llobregat;renda familiar disponible bruta;per habitant (€);;16370
2016;Cornellà de Llobregat;renda familiar disponible bruta;per habitant (índex Catalunya=100);;95,2
2016;Cornellà del Terri;renda familiar disponible bruta;valor (milers €);;36963
2016;Cornellà del Terri;renda familiar disponible bruta;per habitant (€);;16306
2016;Cornellà del Terri;renda familiar disponible bruta;per habitant (índex Catalunya=100);;94,8
2016;Creixell;renda familiar disponible bruta;valor (milers €);;48872
2016;Creixell;renda familiar disponible bruta;per habitant (€);;14088
2016;Creixell;renda familiar disponible bruta;per habitant (índex Catalunya=100);;81,9
2016;Cruïlles, Monells i Sant Sadurní de l'Heura;renda familiar disponible bruta;valor (milers €);;19945
2016;Cruïlles, Monells i Sant Sadurní de l'Heura;renda familiar disponible bruta;per habitant (€);;15679
2016;Cruïlles, Monells i Sant Sadurní de l'Heura;renda familiar disponible bruta;per habitant (índex Catalunya=100);;91,1
2016;Cubelles;renda familiar disponible bruta;valor (milers €);;244665
2016;Cubelles;renda familiar disponible bruta;per habitant (€);;16957
2016;Cubelles;renda familiar disponible bruta;per habitant (índex Catalunya=100);;98,6
2016;Cunit;renda familiar disponible bruta;valor (milers €);;159594
2016;Cunit;renda familiar disponible bruta;per habitant (€);;13462
2016;Cunit;renda familiar disponible bruta;per habitant (índex Catalunya=100);;78,3
2016;Deltebre;renda familiar disponible bruta;valor (milers €);;135886
2016;Deltebre;renda familiar disponible bruta;per habitant (€);;11883
2016;Deltebre;renda familiar disponible bruta;per habitant (índex Catalunya=100);;69,1
2016;Dosrius;renda familiar disponible bruta;valor (milers €);;88050
2016;Dosrius;renda familiar disponible bruta;per habitant (€);;17239
2016;Dosrius;renda familiar disponible bruta;per habitant (índex Catalunya=100);;100,2
2016;Escala, l';renda familiar disponible bruta;valor (milers €);;127873
2016;Escala, l';renda familiar disponible bruta;per habitant (€);;12603
2016;Escala, l';renda familiar disponible bruta;per habitant (índex Catalunya=100);;73,3
2016;Esparreguera;renda familiar disponible bruta;valor (milers €);;359639
2016;Esparreguera;renda familiar disponible bruta;per habitant (€);;16615
2016;Esparreguera;renda familiar disponible bruta;per habitant (índex Catalunya=100);;96,6
2016;Espluga de Francolí, l';renda familiar disponible bruta;valor (milers €);;56757
2016;Espluga de Francolí, l';renda familiar disponible bruta;per habitant (€);;15039
2016;Espluga de Francolí, l';renda familiar disponible bruta;per habitant (índex Catalunya=100);;87,4
2016;Esplugues de Llobregat;renda familiar disponible bruta;valor (milers €);;908716
2016;Esplugues de Llobregat;renda familiar disponible bruta;per habitant (€);;20003
2016;Esplugues de Llobregat;renda familiar disponible bruta;per habitant (índex Catalunya=100);;116,3
2016;Esquirol, l';renda familiar disponible bruta;valor (milers €);;36340
2016;Esquirol, l';renda familiar disponible bruta;per habitant (€);;17005
2016;Esquirol, l';renda familiar disponible bruta;per habitant (índex Catalunya=100);;98,8
2016;Falset;renda familiar disponible bruta;valor (milers €);;41404
2016;Falset;renda familiar disponible bruta;per habitant (€);;14752
2016;Falset;renda familiar disponible bruta;per habitant (índex Catalunya=100);;85,7
2016;Figaró-Montmany;renda familiar disponible bruta;valor (milers €);;14964
2016;Figaró-Montmany;renda familiar disponible bruta;per habitant (€);;13862
2016;Figaró-Montmany;renda familiar disponible bruta;per habitant (índex Catalunya=100);;80,6
2016;Figueres;renda familiar disponible bruta;valor (milers €);;577032
2016;Figueres;renda familiar disponible bruta;per habitant (€);;12906
2016;Figueres;renda familiar disponible bruta;per habitant (índex Catalunya=100);;75
2016;Flaçà;renda familiar disponible bruta;valor (milers €);;17040
2016;Flaçà;renda familiar disponible bruta;per habitant (€);;16882
2016;Flaçà;renda familiar disponible bruta;per habitant (índex Catalunya=100);;98,1
2016;Flix;renda familiar disponible bruta;valor (milers €);;59940
2016;Flix;renda familiar disponible bruta;per habitant (€);;16726
2016;Flix;renda familiar disponible bruta;per habitant (índex Catalunya=100);;97,2
2016;Fogars de la Selva;renda familiar disponible bruta;valor (milers €);;21809
2016;Fogars de la Selva;renda familiar disponible bruta;per habitant (€);;15227
2016;Fogars de la Selva;renda familiar disponible bruta;per habitant (índex Catalunya=100);;88,5
2016;Folgueroles;renda familiar disponible bruta;valor (milers €);;40699
2016;Folgueroles;renda familiar disponible bruta;per habitant (€);;17938
2016;Folgueroles;renda familiar disponible bruta;per habitant (índex Catalunya=100);;104,3
2016;Fonollosa;renda familiar disponible bruta;valor (milers €);;27848
2016;Fonollosa;renda familiar disponible bruta;per habitant (€);;19949
2016;Fonollosa;renda familiar disponible bruta;per habitant (índex Catalunya=100);;116
2016;Fontcoberta;renda familiar disponible bruta;valor (milers €);;24438
2016;Fontcoberta;renda familiar disponible bruta;per habitant (€);;16649
2016;Fontcoberta;renda familiar disponible bruta;per habitant (índex Catalunya=100);;96,8
2016;Font-rubí;renda familiar disponible bruta;valor (milers €);;20442
2016;Font-rubí;renda familiar disponible bruta;per habitant (€);;15100
2016;Font-rubí;renda familiar disponible bruta;per habitant (índex Catalunya=100);;87,8
2016;Forallac;renda familiar disponible bruta;valor (milers €);;31267
2016;Forallac;renda familiar disponible bruta;per habitant (€);;18540
2016;Forallac;renda familiar disponible bruta;per habitant (índex Catalunya=100);;107,8
2016;Fornells de la Selva;renda familiar disponible bruta;valor (milers €);;49313
2016;Fornells de la Selva;renda familiar disponible bruta;per habitant (€);;19579
2016;Fornells de la Selva;renda familiar disponible bruta;per habitant (índex Catalunya=100);;113,8
2016;Franqueses del Vallès, les;renda familiar disponible bruta;valor (milers €);;308833
2016;Franqueses del Vallès, les;renda familiar disponible bruta;per habitant (€);;15911
2016;Franqueses del Vallès, les;renda familiar disponible bruta;per habitant (índex Catalunya=100);;92,5
2016;Fuliola, la;renda familiar disponible bruta;valor (milers €);;15302
2016;Fuliola, la;renda familiar disponible bruta;per habitant (€);;12324
2016;Fuliola, la;renda familiar disponible bruta;per habitant (índex Catalunya=100);;71,6
2016;Gandesa;renda familiar disponible bruta;valor (milers €);;38988
2016;Gandesa;renda familiar disponible bruta;per habitant (€);;13113
2016;Gandesa;renda familiar disponible bruta;per habitant (índex Catalunya=100);;76,2
2016;Garriga, la;renda familiar disponible bruta;valor (milers €);;279700
2016;Garriga, la;renda familiar disponible bruta;per habitant (€);;17620
2016;Garriga, la;renda familiar disponible bruta;per habitant (índex Catalunya=100);;102,4
2016;Gavà;renda familiar disponible bruta;valor (milers €);;856966
2016;Gavà;renda familiar disponible bruta;per habitant (€);;18624
2016;Gavà;renda familiar disponible bruta;per habitant (índex Catalunya=100);;108,3
2016;Gelida;renda familiar disponible bruta;valor (milers €);;118428
2016;Gelida;renda familiar disponible bruta;per habitant (€);;16375
2016;Gelida;renda familiar disponible bruta;per habitant (índex Catalunya=100);;95,2
2016;Gimenells i el Pla de la Font;renda familiar disponible bruta;valor (milers €);;13040
2016;Gimenells i el Pla de la Font;renda familiar disponible bruta;per habitant (€);;11983
2016;Gimenells i el Pla de la Font;renda familiar disponible bruta;per habitant (índex Catalunya=100);;69,7
2016;Girona;renda familiar disponible bruta;valor (milers €);;1663487
2016;Girona;renda familiar disponible bruta;per habitant (€);;17276
2016;Girona;renda familiar disponible bruta;per habitant (índex Catalunya=100);;100,4
2016;Gironella;renda familiar disponible bruta;valor (milers €);;77920
2016;Gironella;renda familiar disponible bruta;per habitant (€);;16232
2016;Gironella;renda familiar disponible bruta;per habitant (índex Catalunya=100);;94,3
2016;Golmés;renda familiar disponible bruta;valor (milers €);;25470
2016;Golmés;renda familiar disponible bruta;per habitant (€);;13764
2016;Golmés;renda familiar disponible bruta;per habitant (índex Catalunya=100);;80
2016;Granada, la;renda familiar disponible bruta;valor (milers €);;33393
2016;Granada, la;renda familiar disponible bruta;per habitant (€);;15969
2016;Granada, la;renda familiar disponible bruta;per habitant (índex Catalunya=100);;92,8
2016;Granollers;renda familiar disponible bruta;valor (milers €);;1010836
2016;Granollers;renda familiar disponible bruta;per habitant (€);;16804
2016;Granollers;renda familiar disponible bruta;per habitant (índex Catalunya=100);;97,7
2016;Gualba;renda familiar disponible bruta;valor (milers €);;23926
2016;Gualba;renda familiar disponible bruta;per habitant (€);;16875
2016;Gualba;renda familiar disponible bruta;per habitant (índex Catalunya=100);;98,1
2016;Guissona;renda familiar disponible bruta;valor (milers €);;96112
2016;Guissona;renda familiar disponible bruta;per habitant (€);;14039
2016;Guissona;renda familiar disponible bruta;per habitant (índex Catalunya=100);;81,6
2016;Gurb;renda familiar disponible bruta;valor (milers €);;54332
2016;Gurb;renda familiar disponible bruta;per habitant (€);;21267
2016;Gurb;renda familiar disponible bruta;per habitant (índex Catalunya=100);;123,6
2016;Horta de Sant Joan;renda familiar disponible bruta;valor (milers €);;14356
2016;Horta de Sant Joan;renda familiar disponible bruta;per habitant (€);;12297
2016;Horta de Sant Joan;renda familiar disponible bruta;per habitant (índex Catalunya=100);;71,5
2016;Hospitalet de Llobregat, l';renda familiar disponible bruta;valor (milers €);;3933280
2016;Hospitalet de Llobregat, l';renda familiar disponible bruta;per habitant (€);;15528
2016;Hospitalet de Llobregat, l';renda familiar disponible bruta;per habitant (índex Catalunya=100);;90,3
2016;Hostalets de Pierola, els;renda familiar disponible bruta;valor (milers €);;43369
2016;Hostalets de Pierola, els;renda familiar disponible bruta;per habitant (€);;14976
2016;Hostalets de Pierola, els;renda familiar disponible bruta;per habitant (índex Catalunya=100);;87,1
2016;Hostalric;renda familiar disponible bruta;valor (milers €);;58889
2016;Hostalric;renda familiar disponible bruta;per habitant (€);;14606
2016;Hostalric;renda familiar disponible bruta;per habitant (índex Catalunya=100);;84,9
2016;Igualada;renda familiar disponible bruta;valor (milers €);;628765
2016;Igualada;renda familiar disponible bruta;per habitant (€);;16061
2016;Igualada;renda familiar disponible bruta;per habitant (índex Catalunya=100);;93,4
2016;Isona i Conca Dellà;renda familiar disponible bruta;valor (milers €);;14381
2016;Isona i Conca Dellà;renda familiar disponible bruta;per habitant (€);;14126
2016;Isona i Conca Dellà;renda familiar disponible bruta;per habitant (índex Catalunya=100);;82,1
2016;Ivars d'Urgell;renda familiar disponible bruta;valor (milers €);;22196
2016;Ivars d'Urgell;renda familiar disponible bruta;per habitant (€);;14058
2016;Ivars d'Urgell;renda familiar disponible bruta;per habitant (índex Catalunya=100);;81,7
2016;Jonquera, la;renda familiar disponible bruta;valor (milers €);;38183
2016;Jonquera, la;renda familiar disponible bruta;per habitant (€);;12258
2016;Jonquera, la;renda familiar disponible bruta;per habitant (índex Catalunya=100);;71,3
2016;Juneda;renda familiar disponible bruta;valor (milers €);;45275
2016;Juneda;renda familiar disponible bruta;per habitant (€);;13437
2016;Juneda;renda familiar disponible bruta;per habitant (índex Catalunya=100);;78,1
2016;Linyola;renda familiar disponible bruta;valor (milers €);;34545
2016;Linyola;renda familiar disponible bruta;per habitant (€);;13046
2016;Linyola;renda familiar disponible bruta;per habitant (índex Catalunya=100);;75,8
2016;Llagosta, la;renda familiar disponible bruta;valor (milers €);;204341
2016;Llagosta, la;renda familiar disponible bruta;per habitant (€);;15442
2016;Llagosta, la;renda familiar disponible bruta;per habitant (índex Catalunya=100);;89,8
2016;Llagostera;renda familiar disponible bruta;valor (milers €);;119868
2016;Llagostera;renda familiar disponible bruta;per habitant (€);;14888
2016;Llagostera;renda familiar disponible bruta;per habitant (índex Catalunya=100);;86,5
2016;Llançà;renda familiar disponible bruta;valor (milers €);;70263
2016;Llançà;renda familiar disponible bruta;per habitant (€);;14809
2016;Llançà;renda familiar disponible bruta;per habitant (índex Catalunya=100);;86,1
2016;Lleida;renda familiar disponible bruta;valor (milers €);;2140692
2016;Lleida;renda familiar disponible bruta;per habitant (€);;15838
2016;Lleida;renda familiar disponible bruta;per habitant (índex Catalunya=100);;92,1
2016;Llers;renda familiar disponible bruta;valor (milers €);;20724
2016;Llers;renda familiar disponible bruta;per habitant (€);;17554
2016;Llers;renda familiar disponible bruta;per habitant (índex Catalunya=100);;102
2016;Lliçà d'Amunt;renda familiar disponible bruta;valor (milers €);;261069
2016;Lliçà d'Amunt;renda familiar disponible bruta;per habitant (€);;17667
2016;Lliçà d'Amunt;renda familiar disponible bruta;per habitant (índex Catalunya=100);;102,7
2016;Lliçà de Vall;renda familiar disponible bruta;valor (milers €);;122063
2016;Lliçà de Vall;renda familiar disponible bruta;per habitant (€);;19228
2016;Lliçà de Vall;renda familiar disponible bruta;per habitant (índex Catalunya=100);;111,8
2016;Llinars del Vallès;renda familiar disponible bruta;valor (milers €);;157324
2016;Llinars del Vallès;renda familiar disponible bruta;per habitant (€);;16239
2016;Llinars del Vallès;renda familiar disponible bruta;per habitant (índex Catalunya=100);;94,4
2016;Llívia;renda familiar disponible bruta;valor (milers €);;19371
2016;Llívia;renda familiar disponible bruta;per habitant (€);;13387
2016;Llívia;renda familiar disponible bruta;per habitant (índex Catalunya=100);;77,8
2016;Llorenç del Penedès;renda familiar disponible bruta;valor (milers €);;33837
2016;Llorenç del Penedès;renda familiar disponible bruta;per habitant (€);;14718
2016;Llorenç del Penedès;renda familiar disponible bruta;per habitant (índex Catalunya=100);;85,6
2016;Lloret de Mar;renda familiar disponible bruta;valor (milers €);;412525
2016;Lloret de Mar;renda familiar disponible bruta;per habitant (€);;11300
2016;Lloret de Mar;renda familiar disponible bruta;per habitant (índex Catalunya=100);;65,7
2016;Maçanet de la Selva;renda familiar disponible bruta;valor (milers €);;91299
2016;Maçanet de la Selva;renda familiar disponible bruta;per habitant (€);;13552
2016;Maçanet de la Selva;renda familiar disponible bruta;per habitant (índex Catalunya=100);;78,8
2016;Malgrat de Mar;renda familiar disponible bruta;valor (milers €);;264043
2016;Malgrat de Mar;renda familiar disponible bruta;per habitant (€);;14606
2016;Malgrat de Mar;renda familiar disponible bruta;per habitant (índex Catalunya=100);;84,9
2016;Manlleu;renda familiar disponible bruta;valor (milers €);;301880
2016;Manlleu;renda familiar disponible bruta;per habitant (€);;15246
2016;Manlleu;renda familiar disponible bruta;per habitant (índex Catalunya=100);;88,6
2016;Manresa;renda familiar disponible bruta;valor (milers €);;1189470
2016;Manresa;renda familiar disponible bruta;per habitant (€);;15989
2016;Manresa;renda familiar disponible bruta;per habitant (índex Catalunya=100);;92,9
2016;Martorell;renda familiar disponible bruta;valor (milers €);;424580
2016;Martorell;renda familiar disponible bruta;per habitant (€);;15478
2016;Martorell;renda familiar disponible bruta;per habitant (índex Catalunya=100);;90
2016;Martorelles;renda familiar disponible bruta;valor (milers €);;82498
2016;Martorelles;renda familiar disponible bruta;per habitant (€);;17510
2016;Martorelles;renda familiar disponible bruta;per habitant (índex Catalunya=100);;101,8
2016;Masdenverge;renda familiar disponible bruta;valor (milers €);;12936
2016;Masdenverge;renda familiar disponible bruta;per habitant (€);;11934
2016;Masdenverge;renda familiar disponible bruta;per habitant (índex Catalunya=100);;69,4
2016;Masies de Voltregà, les;renda familiar disponible bruta;valor (milers €);;51925
2016;Masies de Voltregà, les;renda familiar disponible bruta;per habitant (€);;16669
2016;Masies de Voltregà, les;renda familiar disponible bruta;per habitant (índex Catalunya=100);;96,9
2016;Masnou, el;renda familiar disponible bruta;valor (milers €);;446374
2016;Masnou, el;renda familiar disponible bruta;per habitant (€);;19495
2016;Masnou, el;renda familiar disponible bruta;per habitant (índex Catalunya=100);;113,3
2016;Masquefa;renda familiar disponible bruta;valor (milers €);;130388
2016;Masquefa;renda familiar disponible bruta;per habitant (€);;15431
2016;Masquefa;renda familiar disponible bruta;per habitant (índex Catalunya=100);;89,7
2016;Matadepera;renda familiar disponible bruta;valor (milers €);;241036
2016;Matadepera;renda familiar disponible bruta;per habitant (€);;26615
2016;Matadepera;renda familiar disponible bruta;per habitant (índex Catalunya=100);;154,7
2016;Mataró;renda familiar disponible bruta;valor (milers €);;1882739
2016;Mataró;renda familiar disponible bruta;per habitant (€);;15164
2016;Mataró;renda familiar disponible bruta;per habitant (índex Catalunya=100);;88,1
2016;Mediona;renda familiar disponible bruta;valor (milers €);;33021
2016;Mediona;renda familiar disponible bruta;per habitant (€);;14642
2016;Mediona;renda familiar disponible bruta;per habitant (índex Catalunya=100);;85,1
2016;Miralcamp;renda familiar disponible bruta;valor (milers €);;17204
2016;Miralcamp;renda familiar disponible bruta;per habitant (€);;12570
2016;Miralcamp;renda familiar disponible bruta;per habitant (índex Catalunya=100);;73,1
2016;Moià;renda familiar disponible bruta;valor (milers €);;86742
2016;Moià;renda familiar disponible bruta;per habitant (€);;14534
2016;Moià;renda familiar disponible bruta;per habitant (índex Catalunya=100);;84,5
2016;Molins de Rei;renda familiar disponible bruta;valor (milers €);;484307
2016;Molins de Rei;renda familiar disponible bruta;per habitant (€);;19209
2016;Molins de Rei;renda familiar disponible bruta;per habitant (índex Catalunya=100);;111,7
2016;Mollerussa;renda familiar disponible bruta;valor (milers €);;203537
2016;Mollerussa;renda familiar disponible bruta;per habitant (€);;13908
2016;Mollerussa;renda familiar disponible bruta;per habitant (índex Catalunya=100);;80,8
2016;Mollet del Vallès;renda familiar disponible bruta;valor (milers €);;826539
2016;Mollet del Vallès;renda familiar disponible bruta;per habitant (€);;16184
2016;Mollet del Vallès;renda familiar disponible bruta;per habitant (índex Catalunya=100);;94,1
2016;Monistrol de Montserrat;renda familiar disponible bruta;valor (milers €);;45978
2016;Monistrol de Montserrat;renda familiar disponible bruta;per habitant (€);;15969
2016;Monistrol de Montserrat;renda familiar disponible bruta;per habitant (índex Catalunya=100);;92,8
2016;Montblanc;renda familiar disponible bruta;valor (milers €);;115327
2016;Montblanc;renda familiar disponible bruta;per habitant (€);;15799
2016;Montblanc;renda familiar disponible bruta;per habitant (índex Catalunya=100);;91,8
2016;Montbrió del Camp;renda familiar disponible bruta;valor (milers €);;39918
2016;Montbrió del Camp;renda familiar disponible bruta;per habitant (€);;14231
2016;Montbrió del Camp;renda familiar disponible bruta;per habitant (índex Catalunya=100);;82,7
2016;Montcada i Reixac;renda familiar disponible bruta;valor (milers €);;553299
2016;Montcada i Reixac;renda familiar disponible bruta;per habitant (€);;15889
2016;Montcada i Reixac;renda familiar disponible bruta;per habitant (índex Catalunya=100);;92,4
2016;Montesquiu;renda familiar disponible bruta;valor (milers €);;13910
2016;Montesquiu;renda familiar disponible bruta;per habitant (€);;14901
2016;Montesquiu;renda familiar disponible bruta;per habitant (índex Catalunya=100);;86,6
2016;Montferrer i Castellbò;renda familiar disponible bruta;valor (milers €);;13290
2016;Montferrer i Castellbò;renda familiar disponible bruta;per habitant (€);;12468
2016;Montferrer i Castellbò;renda familiar disponible bruta;per habitant (índex Catalunya=100);;72,5
2016;Montgat;renda familiar disponible bruta;valor (milers €);;219046
2016;Montgat;renda familiar disponible bruta;per habitant (€);;18998
2016;Montgat;renda familiar disponible bruta;per habitant (índex Catalunya=100);;110,4
2016;Montmell, el;renda familiar disponible bruta;valor (milers €);;16865
2016;Montmell, el;renda familiar disponible bruta;per habitant (€);;12108
2016;Montmell, el;renda familiar disponible bruta;per habitant (índex Catalunya=100);;70,4
2016;Montmeló;renda familiar disponible bruta;valor (milers €);;142751
2016;Montmeló;renda familiar disponible bruta;per habitant (€);;16361
2016;Montmeló;renda familiar disponible bruta;per habitant (índex Catalunya=100);;95,1
2016;Montornès del Vallès;renda familiar disponible bruta;valor (milers €);;252311
2016;Montornès del Vallès;renda familiar disponible bruta;per habitant (€);;15620
2016;Montornès del Vallès;renda familiar disponible bruta;per habitant (índex Catalunya=100);;90,8
2016;Mont-ras;renda familiar disponible bruta;valor (milers €);;29500
2016;Mont-ras;renda familiar disponible bruta;per habitant (€);;17575
2016;Mont-ras;renda familiar disponible bruta;per habitant (índex Catalunya=100);;102,2
2016;Mont-roig del Camp;renda familiar disponible bruta;valor (milers €);;150534
2016;Mont-roig del Camp;renda familiar disponible bruta;per habitant (€);;12965
2016;Mont-roig del Camp;renda familiar disponible bruta;per habitant (índex Catalunya=100);;75,4
2016;Móra d'Ebre;renda familiar disponible bruta;valor (milers €);;82259
2016;Móra d'Ebre;renda familiar disponible bruta;per habitant (€);;14925
2016;Móra d'Ebre;renda familiar disponible bruta;per habitant (índex Catalunya=100);;86,8
2016;Móra la Nova;renda familiar disponible bruta;valor (milers €);;41055
2016;Móra la Nova;renda familiar disponible bruta;per habitant (€);;13512
2016;Móra la Nova;renda familiar disponible bruta;per habitant (índex Catalunya=100);;78,5
2016;Morell, el;renda familiar disponible bruta;valor (milers €);;53542
2016;Morell, el;renda familiar disponible bruta;per habitant (€);;14899
2016;Morell, el;renda familiar disponible bruta;per habitant (índex Catalunya=100);;86,6
2016;Naut Aran;renda familiar disponible bruta;valor (milers €);;23984
2016;Naut Aran;renda familiar disponible bruta;per habitant (€);;13731
2016;Naut Aran;renda familiar disponible bruta;per habitant (índex Catalunya=100);;79,8
2016;Navarcles;renda familiar disponible bruta;valor (milers €);;98986
2016;Navarcles;renda familiar disponible bruta;per habitant (€);;16708
2016;Navarcles;renda familiar disponible bruta;per habitant (índex Catalunya=100);;97,1
2016;Navàs;renda familiar disponible bruta;valor (milers €);;95593
2016;Navàs;renda familiar disponible bruta;per habitant (€);;15966
2016;Navàs;renda familiar disponible bruta;per habitant (índex Catalunya=100);;92,8
2016;Navata;renda familiar disponible bruta;valor (milers €);;20535
2016;Navata;renda familiar disponible bruta;per habitant (€);;15976
2016;Navata;renda familiar disponible bruta;per habitant (índex Catalunya=100);;92,9
2016;Òdena;renda familiar disponible bruta;valor (milers €);;54150
2016;Òdena;renda familiar disponible bruta;per habitant (€);;14999
2016;Òdena;renda familiar disponible bruta;per habitant (índex Catalunya=100);;87,2
2016;Olèrdola;renda familiar disponible bruta;valor (milers €);;58467
2016;Olèrdola;renda familiar disponible bruta;per habitant (€);;16566
2016;Olèrdola;renda familiar disponible bruta;per habitant (índex Catalunya=100);;96,3
2016;Olesa de Bonesvalls;renda familiar disponible bruta;valor (milers €);;28355
2016;Olesa de Bonesvalls;renda familiar disponible bruta;per habitant (€);;16486
2016;Olesa de Bonesvalls;renda familiar disponible bruta;per habitant (índex Catalunya=100);;95,8
2016;Olesa de Montserrat;renda familiar disponible bruta;valor (milers €);;379350
2016;Olesa de Montserrat;renda familiar disponible bruta;per habitant (€);;16211
2016;Olesa de Montserrat;renda familiar disponible bruta;per habitant (índex Catalunya=100);;94,2
2016;Oliana;renda familiar disponible bruta;valor (milers €);;27266
2016;Oliana;renda familiar disponible bruta;per habitant (€);;14930
2016;Oliana;renda familiar disponible bruta;per habitant (índex Catalunya=100);;86,8
2016;Olivella;renda familiar disponible bruta;valor (milers €);;62082
2016;Olivella;renda familiar disponible bruta;per habitant (€);;17465
2016;Olivella;renda familiar disponible bruta;per habitant (índex Catalunya=100);;101,5
2016;Olost;renda familiar disponible bruta;valor (milers €);;18824
2016;Olost;renda familiar disponible bruta;per habitant (€);;16008
2016;Olost;renda familiar disponible bruta;per habitant (índex Catalunya=100);;93,1
2016;Olot;renda familiar disponible bruta;valor (milers €);;533908
2016;Olot;renda familiar disponible bruta;per habitant (€);;15967
2016;Olot;renda familiar disponible bruta;per habitant (índex Catalunya=100);;92,8
2016;Os de Balaguer;renda familiar disponible bruta;valor (milers €);;12483
2016;Os de Balaguer;renda familiar disponible bruta;per habitant (€);;12413
2016;Os de Balaguer;renda familiar disponible bruta;per habitant (índex Catalunya=100);;72,2
2016;Palafolls;renda familiar disponible bruta;valor (milers €);;134197
2016;Palafolls;renda familiar disponible bruta;per habitant (€);;14860
2016;Palafolls;renda familiar disponible bruta;per habitant (índex Catalunya=100);;86,4
2016;Palafrugell;renda familiar disponible bruta;valor (milers €);;280007
2016;Palafrugell;renda familiar disponible bruta;per habitant (€);;12495
2016;Palafrugell;renda familiar disponible bruta;per habitant (índex Catalunya=100);;72,6
2016;Palamós;renda familiar disponible bruta;valor (milers €);;256434
2016;Palamós;renda familiar disponible bruta;per habitant (€);;14729
2016;Palamós;renda familiar disponible bruta;per habitant (índex Catalunya=100);;85,6
2016;Palau d'Anglesola, el;renda familiar disponible bruta;valor (milers €);;32697
2016;Palau d'Anglesola, el;renda familiar disponible bruta;per habitant (€);;15025
2016;Palau d'Anglesola, el;renda familiar disponible bruta;per habitant (índex Catalunya=100);;87,3
2016;Palau-saverdera;renda familiar disponible bruta;valor (milers €);;18492
2016;Palau-saverdera;renda familiar disponible bruta;per habitant (€);;12956
2016;Palau-saverdera;renda familiar disponible bruta;per habitant (índex Catalunya=100);;75,3
2016;Palau-solità i Plegamans;renda familiar disponible bruta;valor (milers €);;250555
2016;Palau-solità i Plegamans;renda familiar disponible bruta;per habitant (€);;17263
2016;Palau-solità i Plegamans;renda familiar disponible bruta;per habitant (índex Catalunya=100);;100,3
2016;Pallaresos, els;renda familiar disponible bruta;valor (milers €);;78984
2016;Pallaresos, els;renda familiar disponible bruta;per habitant (€);;17096
2016;Pallaresos, els;renda familiar disponible bruta;per habitant (índex Catalunya=100);;99,4
2016;Pallejà;renda familiar disponible bruta;valor (milers €);;210375
2016;Pallejà;renda familiar disponible bruta;per habitant (€);;18639
2016;Pallejà;renda familiar disponible bruta;per habitant (índex Catalunya=100);;108,3
2016;Palma de Cervelló, la;renda familiar disponible bruta;valor (milers €);;55266
2016;Palma de Cervelló, la;renda familiar disponible bruta;per habitant (€);;18583
2016;Palma de Cervelló, la;renda familiar disponible bruta;per habitant (índex Catalunya=100);;108
2016;Pals;renda familiar disponible bruta;valor (milers €);;36633
2016;Pals;renda familiar disponible bruta;per habitant (€);;15234
2016;Pals;renda familiar disponible bruta;per habitant (índex Catalunya=100);;88,6
2016;Papiol, el;renda familiar disponible bruta;valor (milers €);;67433
2016;Papiol, el;renda familiar disponible bruta;per habitant (€);;16632
2016;Papiol, el;renda familiar disponible bruta;per habitant (índex Catalunya=100);;96,7
2016;Parets del Vallès;renda familiar disponible bruta;valor (milers €);;322345
2016;Parets del Vallès;renda familiar disponible bruta;per habitant (€);;17132
2016;Parets del Vallès;renda familiar disponible bruta;per habitant (índex Catalunya=100);;99,6
2016;Perafort;renda familiar disponible bruta;valor (milers €);;19082
2016;Perafort;renda familiar disponible bruta;per habitant (€);;15042
2016;Perafort;renda familiar disponible bruta;per habitant (índex Catalunya=100);;87,4
2016;Peralada;renda familiar disponible bruta;valor (milers €);;30448
2016;Peralada;renda familiar disponible bruta;per habitant (€);;16903
2016;Peralada;renda familiar disponible bruta;per habitant (índex Catalunya=100);;98,2
2016;Perelló, el;renda familiar disponible bruta;valor (milers €);;31635
2016;Perelló, el;renda familiar disponible bruta;per habitant (€);;11015
2016;Perelló, el;renda familiar disponible bruta;per habitant (índex Catalunya=100);;64
2016;Piera;renda familiar disponible bruta;valor (milers €);;220186
2016;Piera;renda familiar disponible bruta;per habitant (€);;14585
2016;Piera;renda familiar disponible bruta;per habitant (índex Catalunya=100);;84,8
2016;Pineda de Mar;renda familiar disponible bruta;valor (milers €);;359855
2016;Pineda de Mar;renda familiar disponible bruta;per habitant (€);;13869
2016;Pineda de Mar;renda familiar disponible bruta;per habitant (índex Catalunya=100);;80,6
2016;Pinell de Brai, el;renda familiar disponible bruta;valor (milers €);;14180
2016;Pinell de Brai, el;renda familiar disponible bruta;per habitant (€);;14148
2016;Pinell de Brai, el;renda familiar disponible bruta;per habitant (índex Catalunya=100);;82,2
2016;Pla de Santa Maria, el;renda familiar disponible bruta;valor (milers €);;33577
2016;Pla de Santa Maria, el;renda familiar disponible bruta;per habitant (€);;14726
2016;Pla de Santa Maria, el;renda familiar disponible bruta;per habitant (índex Catalunya=100);;85,6
2016;Pla del Penedès, el;renda familiar disponible bruta;valor (milers €);;17986
2016;Pla del Penedès, el;renda familiar disponible bruta;per habitant (€);;14548
2016;Pla del Penedès, el;renda familiar disponible bruta;per habitant (índex Catalunya=100);;84,6
2016;Planes d'Hostoles, les;renda familiar disponible bruta;valor (milers €);;26183
2016;Planes d'Hostoles, les;renda familiar disponible bruta;per habitant (€);;16225
2016;Planes d'Hostoles, les;renda familiar disponible bruta;per habitant (índex Catalunya=100);;94,3
2016;Pobla de Claramunt, la;renda familiar disponible bruta;valor (milers €);;34067
2016;Pobla de Claramunt, la;renda familiar disponible bruta;per habitant (€);;15668
2016;Pobla de Claramunt, la;renda familiar disponible bruta;per habitant (índex Catalunya=100);;91,1
2016;Pobla de Lillet, la;renda familiar disponible bruta;valor (milers €);;18985
2016;Pobla de Lillet, la;renda familiar disponible bruta;per habitant (€);;17268
2016;Pobla de Lillet, la;renda familiar disponible bruta;per habitant (índex Catalunya=100);;100,4
2016;Pobla de Mafumet, la;renda familiar disponible bruta;valor (milers €);;43681
2016;Pobla de Mafumet, la;renda familiar disponible bruta;per habitant (€);;11447
2016;Pobla de Mafumet, la;renda familiar disponible bruta;per habitant (índex Catalunya=100);;66,5
2016;Pobla de Montornès, la;renda familiar disponible bruta;valor (milers €);;41181
2016;Pobla de Montornès, la;renda familiar disponible bruta;per habitant (€);;14692
2016;Pobla de Montornès, la;renda familiar disponible bruta;per habitant (índex Catalunya=100);;85,4
2016;Pobla de Segur, la;renda familiar disponible bruta;valor (milers €);;45181
2016;Pobla de Segur, la;renda familiar disponible bruta;per habitant (€);;15535
2016;Pobla de Segur, la;renda familiar disponible bruta;per habitant (índex Catalunya=100);;90,3
2016;Polinyà;renda familiar disponible bruta;valor (milers €);;135241
2016;Polinyà;renda familiar disponible bruta;per habitant (€);;16264
2016;Polinyà;renda familiar disponible bruta;per habitant (índex Catalunya=100);;94,5
2016;Pont de Suert, el;renda familiar disponible bruta;valor (milers €);;35107
2016;Pont de Suert, el;renda familiar disponible bruta;per habitant (€);;15394
2016;Pont de Suert, el;renda familiar disponible bruta;per habitant (índex Catalunya=100);;89,5
2016;Pont de Vilomara i Rocafort, el;renda familiar disponible bruta;valor (milers €);;53093
2016;Pont de Vilomara i Rocafort, el;renda familiar disponible bruta;per habitant (€);;14230
2016;Pont de Vilomara i Rocafort, el;renda familiar disponible bruta;per habitant (índex Catalunya=100);;82,7
2016;Ponts;renda familiar disponible bruta;valor (milers €);;38174
2016;Ponts;renda familiar disponible bruta;per habitant (€);;14687
2016;Ponts;renda familiar disponible bruta;per habitant (índex Catalunya=100);;85,4
2016;Porqueres;renda familiar disponible bruta;valor (milers €);;72868
2016;Porqueres;renda familiar disponible bruta;per habitant (€);;16062
2016;Porqueres;renda familiar disponible bruta;per habitant (índex Catalunya=100);;93,4
2016;Port de la Selva, el;renda familiar disponible bruta;valor (milers €);;14561
2016;Port de la Selva, el;renda familiar disponible bruta;per habitant (€);;15035
2016;Port de la Selva, el;renda familiar disponible bruta;per habitant (índex Catalunya=100);;87,4
2016;Portbou;renda familiar disponible bruta;valor (milers €);;17671
2016;Portbou;renda familiar disponible bruta;per habitant (€);;15916
2016;Portbou;renda familiar disponible bruta;per habitant (índex Catalunya=100);;92,5
2016;Prat de Llobregat, el;renda familiar disponible bruta;valor (milers €);;1099910
2016;Prat de Llobregat, el;renda familiar disponible bruta;per habitant (€);;17419
2016;Prat de Llobregat, el;renda familiar disponible bruta;per habitant (índex Catalunya=100);;101,2
2016;Prats de Lluçanès;renda familiar disponible bruta;valor (milers €);;41467
2016;Prats de Lluçanès;renda familiar disponible bruta;per habitant (€);;16477
2016;Prats de Lluçanès;renda familiar disponible bruta;per habitant (índex Catalunya=100);;95,8
2016;Premià de Dalt;renda familiar disponible bruta;valor (milers €);;209452
2016;Premià de Dalt;renda familiar disponible bruta;per habitant (€);;20419
2016;Premià de Dalt;renda familiar disponible bruta;per habitant (índex Catalunya=100);;118,7
2016;Premià de Mar;renda familiar disponible bruta;valor (milers €);;488437
2016;Premià de Mar;renda familiar disponible bruta;per habitant (€);;17705
2016;Premià de Mar;renda familiar disponible bruta;per habitant (índex Catalunya=100);;102,9
2016;Preses, les;renda familiar disponible bruta;valor (milers €);;30497
2016;Preses, les;renda familiar disponible bruta;per habitant (€);;17544
2016;Preses, les;renda familiar disponible bruta;per habitant (índex Catalunya=100);;102
2016;Puigcerdà;renda familiar disponible bruta;valor (milers €);;114630
2016;Puigcerdà;renda familiar disponible bruta;per habitant (€);;12936
2016;Puigcerdà;renda familiar disponible bruta;per habitant (índex Catalunya=100);;75,2
2016;Puigpelat;renda familiar disponible bruta;valor (milers €);;16411
2016;Puigpelat;renda familiar disponible bruta;per habitant (€);;14471
2016;Puigpelat;renda familiar disponible bruta;per habitant (índex Catalunya=100);;84,1
2016;Puig-reig;renda familiar disponible bruta;valor (milers €);;67165
2016;Puig-reig;renda familiar disponible bruta;per habitant (€);;16425
2016;Puig-reig;renda familiar disponible bruta;per habitant (índex Catalunya=100);;95,5
2016;Puigverd de Lleida;renda familiar disponible bruta;valor (milers €);;19185
2016;Puigverd de Lleida;renda familiar disponible bruta;per habitant (€);;14360
2016;Puigverd de Lleida;renda familiar disponible bruta;per habitant (índex Catalunya=100);;83,5
2016;Quart;renda familiar disponible bruta;valor (milers €);;61125
2016;Quart;renda familiar disponible bruta;per habitant (€);;17768
2016;Quart;renda familiar disponible bruta;per habitant (índex Catalunya=100);;103,3
2016;Ràpita, la;renda familiar disponible bruta;valor (milers €);;179788
2016;Ràpita, la;renda familiar disponible bruta;per habitant (€);;12067
2016;Ràpita, la;renda familiar disponible bruta;per habitant (índex Catalunya=100);;70,1
2016;Reus;renda familiar disponible bruta;valor (milers €);;1536212
2016;Reus;renda familiar disponible bruta;per habitant (€);;14795
2016;Reus;renda familiar disponible bruta;per habitant (índex Catalunya=100);;86
2016;Riba-roja d'Ebre;renda familiar disponible bruta;valor (milers €);;17131
2016;Riba-roja d'Ebre;renda familiar disponible bruta;per habitant (€);;15322
2016;Riba-roja d'Ebre;renda familiar disponible bruta;per habitant (índex Catalunya=100);;89,1
2016;Ribes de Freser;renda familiar disponible bruta;valor (milers €);;30040
2016;Ribes de Freser;renda familiar disponible bruta;per habitant (€);;16904
2016;Ribes de Freser;renda familiar disponible bruta;per habitant (índex Catalunya=100);;98,3
2016;Riells i Viabrea;renda familiar disponible bruta;valor (milers €);;59641
2016;Riells i Viabrea;renda familiar disponible bruta;per habitant (€);;15386
2016;Riells i Viabrea;renda familiar disponible bruta;per habitant (índex Catalunya=100);;89,4
2016;Riera de Gaià, la;renda familiar disponible bruta;valor (milers €);;26388
2016;Riera de Gaià, la;renda familiar disponible bruta;per habitant (€);;15518
2016;Riera de Gaià, la;renda familiar disponible bruta;per habitant (índex Catalunya=100);;90,2
2016;Ripoll;renda familiar disponible bruta;valor (milers €);;172704
2016;Ripoll;renda familiar disponible bruta;per habitant (€);;16361
2016;Ripoll;renda familiar disponible bruta;per habitant (índex Catalunya=100);;95,1
2016;Ripollet;renda familiar disponible bruta;valor (milers €);;591373
2016;Ripollet;renda familiar disponible bruta;per habitant (€);;15705
2016;Ripollet;renda familiar disponible bruta;per habitant (índex Catalunya=100);;91,3
2016;Riudarenes;renda familiar disponible bruta;valor (milers €);;34207
2016;Riudarenes;renda familiar disponible bruta;per habitant (€);;16240
2016;Riudarenes;renda familiar disponible bruta;per habitant (índex Catalunya=100);;94,4
2016;Riudecanyes;renda familiar disponible bruta;valor (milers €);;16918
2016;Riudecanyes;renda familiar disponible bruta;per habitant (€);;15193
2016;Riudecanyes;renda familiar disponible bruta;per habitant (índex Catalunya=100);;88,3
2016;Riudecols;renda familiar disponible bruta;valor (milers €);;19461
2016;Riudecols;renda familiar disponible bruta;per habitant (€);;16601
2016;Riudecols;renda familiar disponible bruta;per habitant (índex Catalunya=100);;96,5
2016;Riudellots de la Selva;renda familiar disponible bruta;valor (milers €);;36012
2016;Riudellots de la Selva;renda familiar disponible bruta;per habitant (€);;17992
2016;Riudellots de la Selva;renda familiar disponible bruta;per habitant (índex Catalunya=100);;104,6
2016;Riudoms;renda familiar disponible bruta;valor (milers €);;84872
2016;Riudoms;renda familiar disponible bruta;per habitant (€);;12894
2016;Riudoms;renda familiar disponible bruta;per habitant (índex Catalunya=100);;74,9
2016;Roca del Vallès, la;renda familiar disponible bruta;valor (milers €);;191734
2016;Roca del Vallès, la;renda familiar disponible bruta;per habitant (€);;18229
2016;Roca del Vallès, la;renda familiar disponible bruta;per habitant (índex Catalunya=100);;106
2016;Roda de Berà;renda familiar disponible bruta;valor (milers €);;84176
2016;Roda de Berà;renda familiar disponible bruta;per habitant (€);;13198
2016;Roda de Berà;renda familiar disponible bruta;per habitant (índex Catalunya=100);;76,7
2016;Roda de Ter;renda familiar disponible bruta;valor (milers €);;97126
2016;Roda de Ter;renda familiar disponible bruta;per habitant (€);;16073
2016;Roda de Ter;renda familiar disponible bruta;per habitant (índex Catalunya=100);;93,4
2016;Roquetes;renda familiar disponible bruta;valor (milers €);;105662
2016;Roquetes;renda familiar disponible bruta;per habitant (€);;13103
2016;Roquetes;renda familiar disponible bruta;per habitant (índex Catalunya=100);;76,2
2016;Roses;renda familiar disponible bruta;valor (milers €);;234573
2016;Roses;renda familiar disponible bruta;per habitant (€);;12445
2016;Roses;renda familiar disponible bruta;per habitant (índex Catalunya=100);;72,3
2016;Rosselló;renda familiar disponible bruta;valor (milers €);;43633
2016;Rosselló;renda familiar disponible bruta;per habitant (€);;14549
2016;Rosselló;renda familiar disponible bruta;per habitant (índex Catalunya=100);;84,6
2016;Rubí;renda familiar disponible bruta;valor (milers €);;1191725
2016;Rubí;renda familiar disponible bruta;per habitant (€);;15862
2016;Rubí;renda familiar disponible bruta;per habitant (índex Catalunya=100);;92,2
2016;Sabadell;renda familiar disponible bruta;valor (milers €);;3544929
2016;Sabadell;renda familiar disponible bruta;per habitant (€);;17008
2016;Sabadell;renda familiar disponible bruta;per habitant (índex Catalunya=100);;98,9
2016;Sallent;renda familiar disponible bruta;valor (milers €);;110969
2016;Sallent;renda familiar disponible bruta;per habitant (€);;16958
2016;Sallent;renda familiar disponible bruta;per habitant (índex Catalunya=100);;98,6
2016;Salou;renda familiar disponible bruta;valor (milers €);;331070
2016;Salou;renda familiar disponible bruta;per habitant (€);;12573
2016;Salou;renda familiar disponible bruta;per habitant (índex Catalunya=100);;73,1
2016;Salt;renda familiar disponible bruta;valor (milers €);;340487
2016;Salt;renda familiar disponible bruta;per habitant (€);;11775
2016;Salt;renda familiar disponible bruta;per habitant (índex Catalunya=100);;68,4
2016;Sant Adrià de Besòs;renda familiar disponible bruta;valor (milers €);;530637
2016;Sant Adrià de Besòs;renda familiar disponible bruta;per habitant (€);;14673
2016;Sant Adrià de Besòs;renda familiar disponible bruta;per habitant (índex Catalunya=100);;85,3
2016;Sant Andreu de la Barca;renda familiar disponible bruta;valor (milers €);;438165
2016;Sant Andreu de la Barca;renda familiar disponible bruta;per habitant (€);;16145
2016;Sant Andreu de la Barca;renda familiar disponible bruta;per habitant (índex Catalunya=100);;93,8
2016;Sant Andreu de Llavaneres;renda familiar disponible bruta;valor (milers €);;211504
2016;Sant Andreu de Llavaneres;renda familiar disponible bruta;per habitant (€);;20012
2016;Sant Andreu de Llavaneres;renda familiar disponible bruta;per habitant (índex Catalunya=100);;116,3
2016;Sant Antoni de Vilamajor;renda familiar disponible bruta;valor (milers €);;105660
2016;Sant Antoni de Vilamajor;renda familiar disponible bruta;per habitant (€);;17890
2016;Sant Antoni de Vilamajor;renda familiar disponible bruta;per habitant (índex Catalunya=100);;104
2016;Sant Boi de Llobregat;renda familiar disponible bruta;valor (milers €);;1360340
2016;Sant Boi de Llobregat;renda familiar disponible bruta;per habitant (€);;16674
2016;Sant Boi de Llobregat;renda familiar disponible bruta;per habitant (índex Catalunya=100);;96,9
2016;Sant Cebrià de Vallalta;renda familiar disponible bruta;valor (milers €);;56908
2016;Sant Cebrià de Vallalta;renda familiar disponible bruta;per habitant (€);;17373
2016;Sant Cebrià de Vallalta;renda familiar disponible bruta;per habitant (índex Catalunya=100);;101
2016;Sant Celoni;renda familiar disponible bruta;valor (milers €);;272188
2016;Sant Celoni;renda familiar disponible bruta;per habitant (€);;15569
2016;Sant Celoni;renda familiar disponible bruta;per habitant (índex Catalunya=100);;90,5
2016;Sant Climent de Llobregat;renda familiar disponible bruta;valor (milers €);;71704
2016;Sant Climent de Llobregat;renda familiar disponible bruta;per habitant (€);;17938
2016;Sant Climent de Llobregat;renda familiar disponible bruta;per habitant (índex Catalunya=100);;104,3
2016;Sant Cugat del Vallès;renda familiar disponible bruta;valor (milers €);;2135688
2016;Sant Cugat del Vallès;renda familiar disponible bruta;per habitant (€);;24014
2016;Sant Cugat del Vallès;renda familiar disponible bruta;per habitant (índex Catalunya=100);;139,6
2016;Sant Cugat Sesgarrigues;renda familiar disponible bruta;valor (milers €);;16027
2016;Sant Cugat Sesgarrigues;renda familiar disponible bruta;per habitant (€);;16494
2016;Sant Cugat Sesgarrigues;renda familiar disponible bruta;per habitant (índex Catalunya=100);;95,9
2016;Sant Esteve de Palautordera;renda familiar disponible bruta;valor (milers €);;45420
2016;Sant Esteve de Palautordera;renda familiar disponible bruta;per habitant (€);;17393
2016;Sant Esteve de Palautordera;renda familiar disponible bruta;per habitant (índex Catalunya=100);;101,1
2016;Sant Esteve Sesrovires;renda familiar disponible bruta;valor (milers €);;139016
2016;Sant Esteve Sesrovires;renda familiar disponible bruta;per habitant (€);;18308
2016;Sant Esteve Sesrovires;renda familiar disponible bruta;per habitant (índex Catalunya=100);;106,4
2016;Sant Feliu de Codines;renda familiar disponible bruta;valor (milers €);;92741
2016;Sant Feliu de Codines;renda familiar disponible bruta;per habitant (€);;15512
2016;Sant Feliu de Codines;renda familiar disponible bruta;per habitant (índex Catalunya=100);;90,2
2016;Sant Feliu de Guíxols;renda familiar disponible bruta;valor (milers €);;298262
2016;Sant Feliu de Guíxols;renda familiar disponible bruta;per habitant (€);;13956
2016;Sant Feliu de Guíxols;renda familiar disponible bruta;per habitant (índex Catalunya=100);;81,1
2016;Sant Feliu de Llobregat;renda familiar disponible bruta;valor (milers €);;837208
2016;Sant Feliu de Llobregat;renda familiar disponible bruta;per habitant (€);;19126
2016;Sant Feliu de Llobregat;renda familiar disponible bruta;per habitant (índex Catalunya=100);;111,2
2016;Sant Feliu de Pallerols;renda familiar disponible bruta;valor (milers €);;21098
2016;Sant Feliu de Pallerols;renda familiar disponible bruta;per habitant (€);;16182
2016;Sant Feliu de Pallerols;renda familiar disponible bruta;per habitant (índex Catalunya=100);;94,1
2016;Sant Fost de Campsentelles;renda familiar disponible bruta;valor (milers €);;161122
2016;Sant Fost de Campsentelles;renda familiar disponible bruta;per habitant (€);;18699
2016;Sant Fost de Campsentelles;renda familiar disponible bruta;per habitant (índex Catalunya=100);;108,7
2016;Sant Fruitós de Bages;renda familiar disponible bruta;valor (milers €);;159125
2016;Sant Fruitós de Bages;renda familiar disponible bruta;per habitant (€);;18974
2016;Sant Fruitós de Bages;renda familiar disponible bruta;per habitant (índex Catalunya=100);;110,3
2016;Sant Gregori;renda familiar disponible bruta;valor (milers €);;63415
2016;Sant Gregori;renda familiar disponible bruta;per habitant (€);;18072
2016;Sant Gregori;renda familiar disponible bruta;per habitant (índex Catalunya=100);;105
2016;Sant Guim de Freixenet;renda familiar disponible bruta;valor (milers €);;14731
2016;Sant Guim de Freixenet;renda familiar disponible bruta;per habitant (€);;14337
2016;Sant Guim de Freixenet;renda familiar disponible bruta;per habitant (índex Catalunya=100);;83,3
2016;Sant Hilari Sacalm;renda familiar disponible bruta;valor (milers €);;81081
2016;Sant Hilari Sacalm;renda familiar disponible bruta;per habitant (€);;14727
2016;Sant Hilari Sacalm;renda familiar disponible bruta;per habitant (índex Catalunya=100);;85,6
2016;Sant Hipòlit de Voltregà;renda familiar disponible bruta;valor (milers €);;58327
2016;Sant Hipòlit de Voltregà;renda familiar disponible bruta;per habitant (€);;17087
2016;Sant Hipòlit de Voltregà;renda familiar disponible bruta;per habitant (índex Catalunya=100);;99,3
2016;Sant Iscle de Vallalta;renda familiar disponible bruta;valor (milers €);;19928
2016;Sant Iscle de Vallalta;renda familiar disponible bruta;per habitant (€);;15613
2016;Sant Iscle de Vallalta;renda familiar disponible bruta;per habitant (índex Catalunya=100);;90,8
2016;Sant Jaume d'Enveja;renda familiar disponible bruta;valor (milers €);;39988
2016;Sant Jaume d'Enveja;renda familiar disponible bruta;per habitant (€);;11365
2016;Sant Jaume d'Enveja;renda familiar disponible bruta;per habitant (índex Catalunya=100);;66,1
2016;Sant Jaume dels Domenys;renda familiar disponible bruta;valor (milers €);;35397
2016;Sant Jaume dels Domenys;renda familiar disponible bruta;per habitant (€);;13952
2016;Sant Jaume dels Domenys;renda familiar disponible bruta;per habitant (índex Catalunya=100);;81,1
2016;Sant Joan de les Abadesses;renda familiar disponible bruta;valor (milers €);;56940
2016;Sant Joan de les Abadesses;renda familiar disponible bruta;per habitant (€);;17290
2016;Sant Joan de les Abadesses;renda familiar disponible bruta;per habitant (índex Catalunya=100);;100,5
2016;Sant Joan de Vilatorrada;renda familiar disponible bruta;valor (milers €);;171597
2016;Sant Joan de Vilatorrada;renda familiar disponible bruta;per habitant (€);;16037
2016;Sant Joan de Vilatorrada;renda familiar disponible bruta;per habitant (índex Catalunya=100);;93,2
2016;Sant Joan Despí;renda familiar disponible bruta;valor (milers €);;653307
2016;Sant Joan Despí;renda familiar disponible bruta;per habitant (€);;19556
2016;Sant Joan Despí;renda familiar disponible bruta;per habitant (índex Catalunya=100);;113,7
2016;Sant Joan les Fonts;renda familiar disponible bruta;valor (milers €);;50577
2016;Sant Joan les Fonts;renda familiar disponible bruta;per habitant (€);;17671
2016;Sant Joan les Fonts;renda familiar disponible bruta;per habitant (índex Catalunya=100);;102,7
2016;Sant Julià de Ramis;renda familiar disponible bruta;valor (milers €);;60035
2016;Sant Julià de Ramis;renda familiar disponible bruta;per habitant (€);;17820
2016;Sant Julià de Ramis;renda familiar disponible bruta;per habitant (índex Catalunya=100);;103,6
2016;Sant Julià de Vilatorta;renda familiar disponible bruta;valor (milers €);;58294
2016;Sant Julià de Vilatorta;renda familiar disponible bruta;per habitant (€);;19003
2016;Sant Julià de Vilatorta;renda familiar disponible bruta;per habitant (índex Catalunya=100);;110,5
2016;Sant Julià del Llor i Bonmatí;renda familiar disponible bruta;valor (milers €);;22883
2016;Sant Julià del Llor i Bonmatí;renda familiar disponible bruta;per habitant (€);;17800
2016;Sant Julià del Llor i Bonmatí;renda familiar disponible bruta;per habitant (índex Catalunya=100);;103,5
2016;Sant Just Desvern;renda familiar disponible bruta;valor (milers €);;442298
2016;Sant Just Desvern;renda familiar disponible bruta;per habitant (€);;26138
2016;Sant Just Desvern;renda familiar disponible bruta;per habitant (índex Catalunya=100);;151,9
2016;Sant Llorenç d'Hortons;renda familiar disponible bruta;valor (milers €);;46425
2016;Sant Llorenç d'Hortons;renda familiar disponible bruta;per habitant (€);;18265
2016;Sant Llorenç d'Hortons;renda familiar disponible bruta;per habitant (índex Catalunya=100);;106,2
2016;Sant Llorenç de Morunys;renda familiar disponible bruta;valor (milers €);;14898
2016;Sant Llorenç de Morunys;renda familiar disponible bruta;per habitant (€);;15454
2016;Sant Llorenç de Morunys;renda familiar disponible bruta;per habitant (índex Catalunya=100);;89,8
2016;Sant Llorenç Savall;renda familiar disponible bruta;valor (milers €);;36543
2016;Sant Llorenç Savall;renda familiar disponible bruta;per habitant (€);;15481
2016;Sant Llorenç Savall;renda familiar disponible bruta;per habitant (índex Catalunya=100);;90
2016;Sant Martí de Centelles;renda familiar disponible bruta;valor (milers €);;15445
2016;Sant Martí de Centelles;renda familiar disponible bruta;per habitant (€);;13924
2016;Sant Martí de Centelles;renda familiar disponible bruta;per habitant (índex Catalunya=100);;80,9
2016;Sant Martí de Tous;renda familiar disponible bruta;valor (milers €);;19552
2016;Sant Martí de Tous;renda familiar disponible bruta;per habitant (€);;16390
2016;Sant Martí de Tous;renda familiar disponible bruta;per habitant (índex Catalunya=100);;95,3
2016;Sant Martí Sarroca;renda familiar disponible bruta;valor (milers €);;47657
2016;Sant Martí Sarroca;renda familiar disponible bruta;per habitant (€);;15214
2016;Sant Martí Sarroca;renda familiar disponible bruta;per habitant (índex Catalunya=100);;88,4
2016;Sant Pere de Ribes;renda familiar disponible bruta;valor (milers €);;474278
2016;Sant Pere de Ribes;renda familiar disponible bruta;per habitant (€);;16068
2016;Sant Pere de Ribes;renda familiar disponible bruta;per habitant (índex Catalunya=100);;93,4
2016;Sant Pere de Riudebitlles;renda familiar disponible bruta;valor (milers €);;37568
2016;Sant Pere de Riudebitlles;renda familiar disponible bruta;per habitant (€);;16026
2016;Sant Pere de Riudebitlles;renda familiar disponible bruta;per habitant (índex Catalunya=100);;93,2
2016;Sant Pere de Torelló;renda familiar disponible bruta;valor (milers €);;39472
2016;Sant Pere de Torelló;renda familiar disponible bruta;per habitant (€);;16438
2016;Sant Pere de Torelló;renda familiar disponible bruta;per habitant (índex Catalunya=100);;95,6
2016;Sant Pere de Vilamajor;renda familiar disponible bruta;valor (milers €);;75903
2016;Sant Pere de Vilamajor;renda familiar disponible bruta;per habitant (€);;17796
2016;Sant Pere de Vilamajor;renda familiar disponible bruta;per habitant (índex Catalunya=100);;103,4
2016;Sant Pere Pescador;renda familiar disponible bruta;valor (milers €);;24681
2016;Sant Pere Pescador;renda familiar disponible bruta;per habitant (€);;12126
2016;Sant Pere Pescador;renda familiar disponible bruta;per habitant (índex Catalunya=100);;70,5
2016;Sant Pol de Mar;renda familiar disponible bruta;valor (milers €);;92669
2016;Sant Pol de Mar;renda familiar disponible bruta;per habitant (€);;18758
2016;Sant Pol de Mar;renda familiar disponible bruta;per habitant (índex Catalunya=100);;109
2016;Sant Quintí de Mediona;renda familiar disponible bruta;valor (milers €);;28584
2016;Sant Quintí de Mediona;renda familiar disponible bruta;per habitant (€);;13390
2016;Sant Quintí de Mediona;renda familiar disponible bruta;per habitant (índex Catalunya=100);;77,8
2016;Sant Quirze de Besora;renda familiar disponible bruta;valor (milers €);;35009
2016;Sant Quirze de Besora;renda familiar disponible bruta;per habitant (€);;16817
2016;Sant Quirze de Besora;renda familiar disponible bruta;per habitant (índex Catalunya=100);;97,8
2016;Sant Quirze del Vallès;renda familiar disponible bruta;valor (milers €);;444352
2016;Sant Quirze del Vallès;renda familiar disponible bruta;per habitant (€);;22552
2016;Sant Quirze del Vallès;renda familiar disponible bruta;per habitant (índex Catalunya=100);;131,1
2016;Sant Sadurní d'Anoia;renda familiar disponible bruta;valor (milers €);;226691
2016;Sant Sadurní d'Anoia;renda familiar disponible bruta;per habitant (€);;17937
2016;Sant Sadurní d'Anoia;renda familiar disponible bruta;per habitant (índex Catalunya=100);;104,3
2016;Sant Salvador de Guardiola;renda familiar disponible bruta;valor (milers €);;50227
2016;Sant Salvador de Guardiola;renda familiar disponible bruta;per habitant (€);;16147
2016;Sant Salvador de Guardiola;renda familiar disponible bruta;per habitant (índex Catalunya=100);;93,9
2016;Sant Vicenç de Castellet;renda familiar disponible bruta;valor (milers €);;130273
2016;Sant Vicenç de Castellet;renda familiar disponible bruta;per habitant (€);;14163
2016;Sant Vicenç de Castellet;renda familiar disponible bruta;per habitant (índex Catalunya=100);;82,3
2016;Sant Vicenç de Montalt;renda familiar disponible bruta;valor (milers €);;139857
2016;Sant Vicenç de Montalt;renda familiar disponible bruta;per habitant (€);;22761
2016;Sant Vicenç de Montalt;renda familiar disponible bruta;per habitant (índex Catalunya=100);;132,3
2016;Sant Vicenç de Torelló;renda familiar disponible bruta;valor (milers €);;39906
2016;Sant Vicenç de Torelló;renda familiar disponible bruta;per habitant (€);;20239
2016;Sant Vicenç de Torelló;renda familiar disponible bruta;per habitant (índex Catalunya=100);;117,6
2016;Sant Vicenç dels Horts;renda familiar disponible bruta;valor (milers €);;449246
2016;Sant Vicenç dels Horts;renda familiar disponible bruta;per habitant (€);;16196
2016;Sant Vicenç dels Horts;renda familiar disponible bruta;per habitant (índex Catalunya=100);;94,1
2016;Santa Bàrbara;renda familiar disponible bruta;valor (milers €);;45266
2016;Santa Bàrbara;renda familiar disponible bruta;per habitant (€);;11886
2016;Santa Bàrbara;renda familiar disponible bruta;per habitant (índex Catalunya=100);;69,1
2016;Santa Coloma de Cervelló;renda familiar disponible bruta;valor (milers €);;149668
2016;Santa Coloma de Cervelló;renda familiar disponible bruta;per habitant (€);;18685
2016;Santa Coloma de Cervelló;renda familiar disponible bruta;per habitant (índex Catalunya=100);;108,6
2016;Santa Coloma de Farners;renda familiar disponible bruta;valor (milers €);;184408
2016;Santa Coloma de Farners;renda familiar disponible bruta;per habitant (€);;14679
2016;Santa Coloma de Farners;renda familiar disponible bruta;per habitant (índex Catalunya=100);;85,3
2016;Santa Coloma de Gramenet;renda familiar disponible bruta;valor (milers €);;1655747
2016;Santa Coloma de Gramenet;renda familiar disponible bruta;per habitant (€);;14261
2016;Santa Coloma de Gramenet;renda familiar disponible bruta;per habitant (índex Catalunya=100);;82,9
2016;Santa Coloma de Queralt;renda familiar disponible bruta;valor (milers €);;40685
2016;Santa Coloma de Queralt;renda familiar disponible bruta;per habitant (€);;15008
2016;Santa Coloma de Queralt;renda familiar disponible bruta;per habitant (índex Catalunya=100);;87,2
2016;Santa Cristina d'Aro;renda familiar disponible bruta;valor (milers €);;75208
2016;Santa Cristina d'Aro;renda familiar disponible bruta;per habitant (€);;14823
2016;Santa Cristina d'Aro;renda familiar disponible bruta;per habitant (índex Catalunya=100);;86,2
2016;Santa Eugènia de Berga;renda familiar disponible bruta;valor (milers €);;37328
2016;Santa Eugènia de Berga;renda familiar disponible bruta;per habitant (€);;16785
2016;Santa Eugènia de Berga;renda familiar disponible bruta;per habitant (índex Catalunya=100);;97,6
2016;Santa Eulàlia de Riuprimer;renda familiar disponible bruta;valor (milers €);;21457
2016;Santa Eulàlia de Riuprimer;renda familiar disponible bruta;per habitant (€);;17012
2016;Santa Eulàlia de Riuprimer;renda familiar disponible bruta;per habitant (índex Catalunya=100);;98,9
2016;Santa Eulàlia de Ronçana;renda familiar disponible bruta;valor (milers €);;122702
2016;Santa Eulàlia de Ronçana;renda familiar disponible bruta;per habitant (€);;17396
2016;Santa Eulàlia de Ronçana;renda familiar disponible bruta;per habitant (índex Catalunya=100);;101,1
2016;Santa Margarida de Montbui;renda familiar disponible bruta;valor (milers €);;114960
2016;Santa Margarida de Montbui;renda familiar disponible bruta;per habitant (€);;11877
2016;Santa Margarida de Montbui;renda familiar disponible bruta;per habitant (índex Catalunya=100);;69
2016;Santa Margarida i els Monjos;renda familiar disponible bruta;valor (milers €);;115229
2016;Santa Margarida i els Monjos;renda familiar disponible bruta;per habitant (€);;15607
2016;Santa Margarida i els Monjos;renda familiar disponible bruta;per habitant (índex Catalunya=100);;90,7
2016;Santa Maria d'Oló;renda familiar disponible bruta;valor (milers €);;16639
2016;Santa Maria d'Oló;renda familiar disponible bruta;per habitant (€);;16084
2016;Santa Maria d'Oló;renda familiar disponible bruta;per habitant (índex Catalunya=100);;93,5
2016;Santa Maria de Palautordera;renda familiar disponible bruta;valor (milers €);;147496
2016;Santa Maria de Palautordera;renda familiar disponible bruta;per habitant (€);;16037
2016;Santa Maria de Palautordera;renda familiar disponible bruta;per habitant (índex Catalunya=100);;93,2
2016;Santa Oliva;renda familiar disponible bruta;valor (milers €);;41617
2016;Santa Oliva;renda familiar disponible bruta;per habitant (€);;12733
2016;Santa Oliva;renda familiar disponible bruta;per habitant (índex Catalunya=100);;74
2016;Santa Pau;renda familiar disponible bruta;valor (milers €);;26842
2016;Santa Pau;renda familiar disponible bruta;per habitant (€);;17814
2016;Santa Pau;renda familiar disponible bruta;per habitant (índex Catalunya=100);;103,5
2016;Santa Perpètua de Mogoda;renda familiar disponible bruta;valor (milers €);;415080
2016;Santa Perpètua de Mogoda;renda familiar disponible bruta;per habitant (€);;16288
2016;Santa Perpètua de Mogoda;renda familiar disponible bruta;per habitant (índex Catalunya=100);;94,7
2016;Santa Susanna;renda familiar disponible bruta;valor (milers €);;51979
2016;Santa Susanna;renda familiar disponible bruta;per habitant (€);;15783
2016;Santa Susanna;renda familiar disponible bruta;per habitant (índex Catalunya=100);;91,7
2016;Santpedor;renda familiar disponible bruta;valor (milers €);;128192
2016;Santpedor;renda familiar disponible bruta;per habitant (€);;17203
2016;Santpedor;renda familiar disponible bruta;per habitant (índex Catalunya=100);;100
2016;Sarral;renda familiar disponible bruta;valor (milers €);;20625
2016;Sarral;renda familiar disponible bruta;per habitant (€);;13106
2016;Sarral;renda familiar disponible bruta;per habitant (índex Catalunya=100);;76,2
2016;Sarrià de Ter;renda familiar disponible bruta;valor (milers €);;85028
2016;Sarrià de Ter;renda familiar disponible bruta;per habitant (€);;17270
2016;Sarrià de Ter;renda familiar disponible bruta;per habitant (índex Catalunya=100);;100,4
2016;Secuita, la;renda familiar disponible bruta;valor (milers €);;27566
2016;Secuita, la;renda familiar disponible bruta;per habitant (€);;16356
2016;Secuita, la;renda familiar disponible bruta;per habitant (índex Catalunya=100);;95,1
2016;Selva del Camp, la;renda familiar disponible bruta;valor (milers €);;83035
2016;Selva del Camp, la;renda familiar disponible bruta;per habitant (€);;14845
2016;Selva del Camp, la;renda familiar disponible bruta;per habitant (índex Catalunya=100);;86,3
2016;Sénia, la;renda familiar disponible bruta;valor (milers €);;63777
2016;Sénia, la;renda familiar disponible bruta;per habitant (€);;11215
2016;Sénia, la;renda familiar disponible bruta;per habitant (índex Catalunya=100);;65,2
2016;Sentmenat;renda familiar disponible bruta;valor (milers €);;144698
2016;Sentmenat;renda familiar disponible bruta;per habitant (€);;16572
2016;Sentmenat;renda familiar disponible bruta;per habitant (índex Catalunya=100);;96,3
2016;Serinyà;renda familiar disponible bruta;valor (milers €);;17214
2016;Serinyà;renda familiar disponible bruta;per habitant (€);;15394
2016;Serinyà;renda familiar disponible bruta;per habitant (índex Catalunya=100);;89,5
2016;Seròs;renda familiar disponible bruta;valor (milers €);;22310
2016;Seròs;renda familiar disponible bruta;per habitant (€);;11944
2016;Seròs;renda familiar disponible bruta;per habitant (índex Catalunya=100);;69,4
2016;Seu d'Urgell, la;renda familiar disponible bruta;valor (milers €);;161263
2016;Seu d'Urgell, la;renda familiar disponible bruta;per habitant (€);;13392
2016;Seu d'Urgell, la;renda familiar disponible bruta;per habitant (índex Catalunya=100);;77,8
2016;Seva;renda familiar disponible bruta;valor (milers €);;60593
2016;Seva;renda familiar disponible bruta;per habitant (€);;17796
2016;Seva;renda familiar disponible bruta;per habitant (índex Catalunya=100);;103,4
2016;Sils;renda familiar disponible bruta;valor (milers €);;86529
2016;Sils;renda familiar disponible bruta;per habitant (€);;14823
2016;Sils;renda familiar disponible bruta;per habitant (índex Catalunya=100);;86,2
2016;Sitges;renda familiar disponible bruta;valor (milers €);;552052
2016;Sitges;renda familiar disponible bruta;per habitant (€);;19681
2016;Sitges;renda familiar disponible bruta;per habitant (índex Catalunya=100);;114,4
2016;Solsona;renda familiar disponible bruta;valor (milers €);;122568
2016;Solsona;renda familiar disponible bruta;per habitant (€);;13612
2016;Solsona;renda familiar disponible bruta;per habitant (índex Catalunya=100);;79,1
2016;Sort;renda familiar disponible bruta;valor (milers €);;31649
2016;Sort;renda familiar disponible bruta;per habitant (€);;14952
2016;Sort;renda familiar disponible bruta;per habitant (índex Catalunya=100);;86,9
2016;Soses;renda familiar disponible bruta;valor (milers €);;21963
2016;Soses;renda familiar disponible bruta;per habitant (€);;13100
2016;Soses;renda familiar disponible bruta;per habitant (índex Catalunya=100);;76,1
2016;Subirats;renda familiar disponible bruta;valor (milers €);;48755
2016;Subirats;renda familiar disponible bruta;per habitant (€);;16306
2016;Subirats;renda familiar disponible bruta;per habitant (índex Catalunya=100);;94,8
2016;Súria;renda familiar disponible bruta;valor (milers €);;100884
2016;Súria;renda familiar disponible bruta;per habitant (€);;17251
2016;Súria;renda familiar disponible bruta;per habitant (índex Catalunya=100);;100,3
2016;Taradell;renda familiar disponible bruta;valor (milers €);;107724
2016;Taradell;renda familiar disponible bruta;per habitant (€);;17230
2016;Taradell;renda familiar disponible bruta;per habitant (índex Catalunya=100);;100,2
2016;Tarragona;renda familiar disponible bruta;valor (milers €);;2143266
2016;Tarragona;renda familiar disponible bruta;per habitant (€);;16309
2016;Tarragona;renda familiar disponible bruta;per habitant (índex Catalunya=100);;94,8
2016;Tàrrega;renda familiar disponible bruta;valor (milers €);;225736
2016;Tàrrega;renda familiar disponible bruta;per habitant (€);;13723
2016;Tàrrega;renda familiar disponible bruta;per habitant (índex Catalunya=100);;79,8
2016;Teià;renda familiar disponible bruta;valor (milers €);;144262
2016;Teià;renda familiar disponible bruta;per habitant (€);;23230
2016;Teià;renda familiar disponible bruta;per habitant (índex Catalunya=100);;135
2016;Térmens;renda familiar disponible bruta;valor (milers €);;18603
2016;Térmens;renda familiar disponible bruta;per habitant (€);;12685
2016;Térmens;renda familiar disponible bruta;per habitant (índex Catalunya=100);;73,7
2016;Terrassa;renda familiar disponible bruta;valor (milers €);;3565825
2016;Terrassa;renda familiar disponible bruta;per habitant (€);;16578
2016;Terrassa;renda familiar disponible bruta;per habitant (índex Catalunya=100);;96,4
2016;Tiana;renda familiar disponible bruta;valor (milers €);;200552
2016;Tiana;renda familiar disponible bruta;per habitant (€);;23635
2016;Tiana;renda familiar disponible bruta;per habitant (índex Catalunya=100);;137,4
2016;Tivissa;renda familiar disponible bruta;valor (milers €);;22186
2016;Tivissa;renda familiar disponible bruta;per habitant (€);;13413
2016;Tivissa;renda familiar disponible bruta;per habitant (índex Catalunya=100);;78
2016;Tona;renda familiar disponible bruta;valor (milers €);;134506
2016;Tona;renda familiar disponible bruta;per habitant (€);;16960
2016;Tona;renda familiar disponible bruta;per habitant (índex Catalunya=100);;98,6
2016;Torà;renda familiar disponible bruta;valor (milers €);;19000
2016;Torà;renda familiar disponible bruta;per habitant (€);;15830
2016;Torà;renda familiar disponible bruta;per habitant (índex Catalunya=100);;92
2016;Tordera;renda familiar disponible bruta;valor (milers €);;216509
2016;Tordera;renda familiar disponible bruta;per habitant (€);;13262
2016;Tordera;renda familiar disponible bruta;per habitant (índex Catalunya=100);;77,1
2016;Torelló;renda familiar disponible bruta;valor (milers €);;234897
2016;Torelló;renda familiar disponible bruta;per habitant (€);;17072
2016;Torelló;renda familiar disponible bruta;per habitant (índex Catalunya=100);;99,2
2016;Torre de Claramunt, la;renda familiar disponible bruta;valor (milers €);;57807
2016;Torre de Claramunt, la;renda familiar disponible bruta;per habitant (€);;15563
2016;Torre de Claramunt, la;renda familiar disponible bruta;per habitant (índex Catalunya=100);;90,5
2016;Torredembarra;renda familiar disponible bruta;valor (milers €);;209519
2016;Torredembarra;renda familiar disponible bruta;per habitant (€);;13425
2016;Torredembarra;renda familiar disponible bruta;per habitant (índex Catalunya=100);;78
2016;Torrefarrera;renda familiar disponible bruta;valor (milers €);;69702
2016;Torrefarrera;renda familiar disponible bruta;per habitant (€);;15303
2016;Torrefarrera;renda familiar disponible bruta;per habitant (índex Catalunya=100);;89
2016;Torregrossa;renda familiar disponible bruta;valor (milers €);;27044
2016;Torregrossa;renda familiar disponible bruta;per habitant (€);;12364
2016;Torregrossa;renda familiar disponible bruta;per habitant (índex Catalunya=100);;71,9
2016;Torrelavit;renda familiar disponible bruta;valor (milers €);;23751
2016;Torrelavit;renda familiar disponible bruta;per habitant (€);;16971
2016;Torrelavit;renda familiar disponible bruta;per habitant (índex Catalunya=100);;98,6
2016;Torrelles de Foix;renda familiar disponible bruta;valor (milers €);;28369
2016;Torrelles de Foix;renda familiar disponible bruta;per habitant (€);;12831
2016;Torrelles de Foix;renda familiar disponible bruta;per habitant (índex Catalunya=100);;74,6
2016;Torrelles de Llobregat;renda familiar disponible bruta;valor (milers €);;106453
2016;Torrelles de Llobregat;renda familiar disponible bruta;per habitant (€);;18068
2016;Torrelles de Llobregat;renda familiar disponible bruta;per habitant (índex Catalunya=100);;105
2016;Torres de Segre;renda familiar disponible bruta;valor (milers €);;26265
2016;Torres de Segre;renda familiar disponible bruta;per habitant (€);;11954
2016;Torres de Segre;renda familiar disponible bruta;per habitant (índex Catalunya=100);;69,5
2016;Torroella de Montgrí;renda familiar disponible bruta;valor (milers €);;151847
2016;Torroella de Montgrí;renda familiar disponible bruta;per habitant (€);;13419
2016;Torroella de Montgrí;renda familiar disponible bruta;per habitant (índex Catalunya=100);;78
2016;Tortosa;renda familiar disponible bruta;valor (milers €);;461786
2016;Tortosa;renda familiar disponible bruta;per habitant (€);;13849
2016;Tortosa;renda familiar disponible bruta;per habitant (índex Catalunya=100);;80,5
2016;Tossa de Mar;renda familiar disponible bruta;valor (milers €);;73329
2016;Tossa de Mar;renda familiar disponible bruta;per habitant (€);;13449
2016;Tossa de Mar;renda familiar disponible bruta;per habitant (índex Catalunya=100);;78,2
2016;Tremp;renda familiar disponible bruta;valor (milers €);;87551
2016;Tremp;renda familiar disponible bruta;per habitant (€);;14941
2016;Tremp;renda familiar disponible bruta;per habitant (índex Catalunya=100);;86,8
2016;Ullà;renda familiar disponible bruta;valor (milers €);;13504
2016;Ullà;renda familiar disponible bruta;per habitant (€);;12403
2016;Ullà;renda familiar disponible bruta;per habitant (índex Catalunya=100);;72,1
2016;Ullastrell;renda familiar disponible bruta;valor (milers €);;35876
2016;Ullastrell;renda familiar disponible bruta;per habitant (€);;17586
2016;Ullastrell;renda familiar disponible bruta;per habitant (índex Catalunya=100);;102,2
2016;Ulldecona;renda familiar disponible bruta;valor (milers €);;71593
2016;Ulldecona;renda familiar disponible bruta;per habitant (€);;11217
2016;Ulldecona;renda familiar disponible bruta;per habitant (índex Catalunya=100);;65,2
2016;Vacarisses;renda familiar disponible bruta;valor (milers €);;99634
2016;Vacarisses;renda familiar disponible bruta;per habitant (€);;15966
2016;Vacarisses;renda familiar disponible bruta;per habitant (índex Catalunya=100);;92,8
2016;Vall d'en Bas, la;renda familiar disponible bruta;valor (milers €);;52646
2016;Vall d'en Bas, la;renda familiar disponible bruta;per habitant (€);;17891
2016;Vall d'en Bas, la;renda familiar disponible bruta;per habitant (índex Catalunya=100);;104
2016;Vall de Bianya, la;renda familiar disponible bruta;valor (milers €);;24924
2016;Vall de Bianya, la;renda familiar disponible bruta;per habitant (€);;20083
2016;Vall de Bianya, la;renda familiar disponible bruta;per habitant (índex Catalunya=100);;116,7
2016;Vall de Boí, la;renda familiar disponible bruta;valor (milers €);;13655
2016;Vall de Boí, la;renda familiar disponible bruta;per habitant (€);;13398
2016;Vall de Boí, la;renda familiar disponible bruta;per habitant (índex Catalunya=100);;77,9
2016;Vallbona d'Anoia;renda familiar disponible bruta;valor (milers €);;22757
2016;Vallbona d'Anoia;renda familiar disponible bruta;per habitant (€);;16118
2016;Vallbona d'Anoia;renda familiar disponible bruta;per habitant (índex Catalunya=100);;93,7
2016;Vallfogona de Balaguer;renda familiar disponible bruta;valor (milers €);;25239
2016;Vallfogona de Balaguer;renda familiar disponible bruta;per habitant (€);;13675
2016;Vallfogona de Balaguer;renda familiar disponible bruta;per habitant (índex Catalunya=100);;79,5
2016;Vallgorguina;renda familiar disponible bruta;valor (milers €);;45104
2016;Vallgorguina;renda familiar disponible bruta;per habitant (€);;16297
2016;Vallgorguina;renda familiar disponible bruta;per habitant (índex Catalunya=100);;94,7
2016;Vallirana;renda familiar disponible bruta;valor (milers €);;249251
2016;Vallirana;renda familiar disponible bruta;per habitant (€);;17064
2016;Vallirana;renda familiar disponible bruta;per habitant (índex Catalunya=100);;99,2
2016;Vallmoll;renda familiar disponible bruta;valor (milers €);;26745
2016;Vallmoll;renda familiar disponible bruta;per habitant (€);;15981
2016;Vallmoll;renda familiar disponible bruta;per habitant (índex Catalunya=100);;92,9
2016;Vallromanes;renda familiar disponible bruta;valor (milers €);;65989
2016;Vallromanes;renda familiar disponible bruta;per habitant (€);;26314
2016;Vallromanes;renda familiar disponible bruta;per habitant (índex Catalunya=100);;153
2016;Valls;renda familiar disponible bruta;valor (milers €);;380560
2016;Valls;renda familiar disponible bruta;per habitant (€);;15726
2016;Valls;renda familiar disponible bruta;per habitant (índex Catalunya=100);;91,4
2016;Vandellòs i l'Hospitalet de l'Infant;renda familiar disponible bruta;valor (milers €);;91445
2016;Vandellòs i l'Hospitalet de l'Infant;renda familiar disponible bruta;per habitant (€);;14639
2016;Vandellòs i l'Hospitalet de l'Infant;renda familiar disponible bruta;per habitant (índex Catalunya=100);;85,1
2016;Vendrell, el;renda familiar disponible bruta;valor (milers €);;518978
2016;Vendrell, el;renda familiar disponible bruta;per habitant (€);;14293
2016;Vendrell, el;renda familiar disponible bruta;per habitant (índex Catalunya=100);;83,1
2016;Verges;renda familiar disponible bruta;valor (milers €);;18109
2016;Verges;renda familiar disponible bruta;per habitant (€);;15956
2016;Verges;renda familiar disponible bruta;per habitant (índex Catalunya=100);;92,7
2016;Vic;renda familiar disponible bruta;valor (milers €);;714983
2016;Vic;renda familiar disponible bruta;per habitant (€);;16599
2016;Vic;renda familiar disponible bruta;per habitant (índex Catalunya=100);;96,5
2016;Vidreres;renda familiar disponible bruta;valor (milers €);;111886
2016;Vidreres;renda familiar disponible bruta;per habitant (€);;14823
2016;Vidreres;renda familiar disponible bruta;per habitant (índex Catalunya=100);;86,2
2016;Vielha e Mijaran;renda familiar disponible bruta;valor (milers €);;79954
2016;Vielha e Mijaran;renda familiar disponible bruta;per habitant (€);;14790
2016;Vielha e Mijaran;renda familiar disponible bruta;per habitant (índex Catalunya=100);;86
2016;Vilablareix;renda familiar disponible bruta;valor (milers €);;48463
2016;Vilablareix;renda familiar disponible bruta;per habitant (€);;18639
2016;Vilablareix;renda familiar disponible bruta;per habitant (índex Catalunya=100);;108,3
2016;Viladecans;renda familiar disponible bruta;valor (milers €);;1103988
2016;Viladecans;renda familiar disponible bruta;per habitant (€);;16897
2016;Viladecans;renda familiar disponible bruta;per habitant (índex Catalunya=100);;98,2
2016;Viladecavalls;renda familiar disponible bruta;valor (milers €);;135433
2016;Viladecavalls;renda familiar disponible bruta;per habitant (€);;18427
2016;Viladecavalls;renda familiar disponible bruta;per habitant (índex Catalunya=100);;107,1
2016;Viladrau;renda familiar disponible bruta;valor (milers €);;17989
2016;Viladrau;renda familiar disponible bruta;per habitant (€);;17622
2016;Viladrau;renda familiar disponible bruta;per habitant (índex Catalunya=100);;102,4
2016;Vilafant;renda familiar disponible bruta;valor (milers €);;82587
2016;Vilafant;renda familiar disponible bruta;per habitant (€);;15494
2016;Vilafant;renda familiar disponible bruta;per habitant (índex Catalunya=100);;90,1
2016;Vilafranca del Penedès;renda familiar disponible bruta;valor (milers €);;626882
2016;Vilafranca del Penedès;renda familiar disponible bruta;per habitant (€);;15971
2016;Vilafranca del Penedès;renda familiar disponible bruta;per habitant (índex Catalunya=100);;92,8
2016;Vilajuïga;renda familiar disponible bruta;valor (milers €);;16408
2016;Vilajuïga;renda familiar disponible bruta;per habitant (€);;14771
2016;Vilajuïga;renda familiar disponible bruta;per habitant (índex Catalunya=100);;85,9
2016;Vilallonga del Camp;renda familiar disponible bruta;valor (milers €);;33862
2016;Vilallonga del Camp;renda familiar disponible bruta;per habitant (€);;14726
2016;Vilallonga del Camp;renda familiar disponible bruta;per habitant (índex Catalunya=100);;85,6
2016;Vilamalla;renda familiar disponible bruta;valor (milers €);;16067
2016;Vilamalla;renda familiar disponible bruta;per habitant (€);;14533
2016;Vilamalla;renda familiar disponible bruta;per habitant (índex Catalunya=100);;84,5
2016;Vilanova de Bellpuig;renda familiar disponible bruta;valor (milers €);;16118
2016;Vilanova de Bellpuig;renda familiar disponible bruta;per habitant (€);;13801
2016;Vilanova de Bellpuig;renda familiar disponible bruta;per habitant (índex Catalunya=100);;80,2
2016;Vilanova de la Barca;renda familiar disponible bruta;valor (milers €);;14702
2016;Vilanova de la Barca;renda familiar disponible bruta;per habitant (€);;14282
2016;Vilanova de la Barca;renda familiar disponible bruta;per habitant (índex Catalunya=100);;83
2016;Vilanova de Segrià;renda familiar disponible bruta;valor (milers €);;12538
2016;Vilanova de Segrià;renda familiar disponible bruta;per habitant (€);;13563
2016;Vilanova de Segrià;renda familiar disponible bruta;per habitant (índex Catalunya=100);;78,8
2016;Vilanova del Camí;renda familiar disponible bruta;valor (milers €);;165800
2016;Vilanova del Camí;renda familiar disponible bruta;per habitant (€);;13404
2016;Vilanova del Camí;renda familiar disponible bruta;per habitant (índex Catalunya=100);;77,9
2016;Vilanova del Vallès;renda familiar disponible bruta;valor (milers €);;104892
2016;Vilanova del Vallès;renda familiar disponible bruta;per habitant (€);;20069
2016;Vilanova del Vallès;renda familiar disponible bruta;per habitant (índex Catalunya=100);;116,7
2016;Vilanova i la Geltrú;renda familiar disponible bruta;valor (milers €);;1066162
2016;Vilanova i la Geltrú;renda familiar disponible bruta;per habitant (€);;16408
2016;Vilanova i la Geltrú;renda familiar disponible bruta;per habitant (índex Catalunya=100);;95,4
2016;Vila-rodona;renda familiar disponible bruta;valor (milers €);;16772
2016;Vila-rodona;renda familiar disponible bruta;per habitant (€);;13343
2016;Vila-rodona;renda familiar disponible bruta;per habitant (índex Catalunya=100);;77,6
2016;Vila-seca;renda familiar disponible bruta;valor (milers €);;299957
2016;Vila-seca;renda familiar disponible bruta;per habitant (€);;13645
2016;Vila-seca;renda familiar disponible bruta;per habitant (índex Catalunya=100);;79,3
2016;Vilassar de Dalt;renda familiar disponible bruta;valor (milers €);;181541
2016;Vilassar de Dalt;renda familiar disponible bruta;per habitant (€);;20540
2016;Vilassar de Dalt;renda familiar disponible bruta;per habitant (índex Catalunya=100);;119,4
2016;Vilassar de Mar;renda familiar disponible bruta;valor (milers €);;406362
2016;Vilassar de Mar;renda familiar disponible bruta;per habitant (€);;19936
2016;Vilassar de Mar;renda familiar disponible bruta;per habitant (índex Catalunya=100);;115,9
2016;Vilobí d'Onyar;renda familiar disponible bruta;valor (milers €);;54538
2016;Vilobí d'Onyar;renda familiar disponible bruta;per habitant (€);;17526
2016;Vilobí d'Onyar;renda familiar disponible bruta;per habitant (índex Catalunya=100);;101,9
2016;Vilobí del Penedès;renda familiar disponible bruta;valor (milers €);;18443
2016;Vilobí del Penedès;renda familiar disponible bruta;per habitant (€);;16873
2016;Vilobí del Penedès;renda familiar disponible bruta;per habitant (índex Catalunya=100);;98,1
2016;Vinyols i els Arcs;renda familiar disponible bruta;valor (milers €);;28709
2016;Vinyols i els Arcs;renda familiar disponible bruta;per habitant (€);;14862
2016;Vinyols i els Arcs;renda familiar disponible bruta;per habitant (índex Catalunya=100);;86,4
2016;Xerta;renda familiar disponible bruta;valor (milers €);;16191
2016;Xerta;renda familiar disponible bruta;per habitant (€);;13720
2016;Xerta;renda familiar disponible bruta;per habitant (índex Catalunya=100);;79,7
