municipi;col;r;c;value;status
Abella de la Conca;Comarca;1;1;Pallars Jussà;
Abella de la Conca;Codi;1;2;250019;
Abella de la Conca;Altitud (m);1;3;956;
Abella de la Conca;Superfície (km²);1;4;78,27;
Abella de la Conca;Població;1;5;162;
Abrera;Comarca;2;1;Baix Llobregat;
Abrera;Codi;2;2;80018;
Abrera;Altitud (m);2;3;105;
Abrera;Superfície (km²);2;4;19,94;
Abrera;Població;2;5;13207;
Àger;Comarca;3;1;Noguera;
Àger;Codi;3;2;250024;
Àger;Altitud (m);3;3;642;
Àger;Superfície (km²);3;4;160,57;
Àger;Població;3;5;635;
Agramunt;Comarca;4;1;Urgell;
Agramunt;Codi;4;2;250030;
Agramunt;Altitud (m);4;3;337;
Agramunt;Superfície (km²);4;4;79,65;
Agramunt;Població;4;5;5638;
Aguilar de Segarra;Comarca;5;1;Bages;
Aguilar de Segarra;Codi;5;2;80023;
Aguilar de Segarra;Altitud (m);5;3;480;
Aguilar de Segarra;Superfície (km²);5;4;43,32;
Aguilar de Segarra;Població;5;5;293;
Agullana;Comarca;6;1;Alt Empordà;
Agullana;Codi;6;2;170010;
Agullana;Altitud (m);6;3;166;
Agullana;Superfície (km²);6;4;27,73;
Agullana;Població;6;5;881;
Aiguafreda;Comarca;7;1;Osona;
Aiguafreda;Codi;7;2;80142;
Aiguafreda;Altitud (m);7;3;404;
Aiguafreda;Superfície (km²);7;4;7,9;
Aiguafreda;Població;7;5;2569;
Aiguamúrcia;Comarca;8;1;Alt Camp;
Aiguamúrcia;Codi;8;2;430017;
Aiguamúrcia;Altitud (m);8;3;314;
Aiguamúrcia;Superfície (km²);8;4;72,95;
Aiguamúrcia;Població;8;5;1002;
Aiguaviva;Comarca;9;1;Gironès;
Aiguaviva;Codi;9;2;170025;
Aiguaviva;Altitud (m);9;3;169;
Aiguaviva;Superfície (km²);9;4;13,91;
Aiguaviva;Població;9;5;805;
Aitona;Comarca;10;1;Segrià;
Aitona;Codi;10;2;250387;
Aitona;Altitud (m);10;3;110;
Aitona;Superfície (km²);10;4;66,9;
Aitona;Població;10;5;2575;
Alamús, els;Comarca;11;1;Segrià;
Alamús, els;Codi;11;2;250045;
Alamús, els;Altitud (m);11;3;212;
Alamús, els;Superfície (km²);11;4;20,53;
Alamús, els;Població;11;5;837;
Alàs i Cerc;Comarca;12;1;Alt Urgell;
Alàs i Cerc;Codi;12;2;250058;
Alàs i Cerc;Altitud (m);12;3;768;
Alàs i Cerc;Superfície (km²);12;4;57,67;
Alàs i Cerc;Població;12;5;320;
Albagés, l';Comarca;13;1;Garrigues;
Albagés, l';Codi;13;2;250061;
Albagés, l';Altitud (m);13;3;372;
Albagés, l';Superfície (km²);13;4;25,7;
Albagés, l';Població;13;5;339;
Albanyà;Comarca;14;1;Alt Empordà;
Albanyà;Codi;14;2;170031;
Albanyà;Altitud (m);14;3;239;
Albanyà;Superfície (km²);14;4;94,39;
Albanyà;Població;14;5;158;
Albatàrrec;Comarca;15;1;Segrià;
Albatàrrec;Codi;15;2;250077;
Albatàrrec;Altitud (m);15;3;147;
Albatàrrec;Superfície (km²);15;4;10,46;
Albatàrrec;Població;15;5;2312;
Albesa;Comarca;16;1;Noguera;
Albesa;Codi;16;2;250083;
Albesa;Altitud (m);16;3;237;
Albesa;Superfície (km²);16;4;37,61;
Albesa;Població;16;5;1582;
Albi, l';Comarca;17;1;Garrigues;
Albi, l';Codi;17;2;250096;
Albi, l';Altitud (m);17;3;526;
Albi, l';Superfície (km²);17;4;32,54;
Albi, l';Població;17;5;764;
Albinyana;Comarca;18;1;Baix Penedès;
Albinyana;Codi;18;2;430022;
Albinyana;Altitud (m);18;3;198;
Albinyana;Superfície (km²);18;4;19,37;
Albinyana;Població;18;5;2718;
Albiol, l';Comarca;19;1;Baix Camp;
Albiol, l';Codi;19;2;430038;
Albiol, l';Altitud (m);19;3;823;
Albiol, l';Superfície (km²);19;4;20,34;
Albiol, l';Població;19;5;556;
Albons;Comarca;20;1;Baix Empordà;
Albons;Codi;20;2;170046;
Albons;Altitud (m);20;3;25;
Albons;Superfície (km²);20;4;11,13;
Albons;Població;20;5;852;
Alcanar;Comarca;21;1;Montsià;
Alcanar;Codi;21;2;430043;
Alcanar;Altitud (m);21;3;72;
Alcanar;Superfície (km²);21;4;47,07;
Alcanar;Població;21;5;10048;
Alcanó;Comarca;22;1;Segrià;
Alcanó;Codi;22;2;250100;
Alcanó;Altitud (m);22;3;214;
Alcanó;Superfície (km²);22;4;21,03;
Alcanó;Població;22;5;247;
Alcarràs;Comarca;23;1;Segrià;
Alcarràs;Codi;23;2;250117;
Alcarràs;Altitud (m);23;3;137;
Alcarràs;Superfície (km²);23;4;114,29;
Alcarràs;Població;23;5;10556;
Alcoletge;Comarca;24;1;Segrià;
Alcoletge;Codi;24;2;250122;
Alcoletge;Altitud (m);24;3;213;
Alcoletge;Superfície (km²);24;4;16,7;
Alcoletge;Població;24;5;3679;
Alcover;Comarca;25;1;Alt Camp;
Alcover;Codi;25;2;430056;
Alcover;Altitud (m);25;3;243;
Alcover;Superfície (km²);25;4;46;
Alcover;Població;25;5;5357;
Aldea, l';Comarca;26;1;Baix Ebre;
Aldea, l';Codi;26;2;439044;
Aldea, l';Altitud (m);26;3;9;
Aldea, l';Superfície (km²);26;4;35,21;
Aldea, l';Població;26;5;4725;
Aldover;Comarca;27;1;Baix Ebre;
Aldover;Codi;27;2;430069;
Aldover;Altitud (m);27;3;14;
Aldover;Superfície (km²);27;4;20,2;
Aldover;Població;27;5;910;
Aleixar, l';Comarca;28;1;Baix Camp;
Aleixar, l';Codi;28;2;430075;
Aleixar, l';Altitud (m);28;3;262;
Aleixar, l';Superfície (km²);28;4;26,1;
Aleixar, l';Població;28;5;1026;
Alella;Comarca;29;1;Maresme;
Alella;Codi;29;2;80039;
Alella;Altitud (m);29;3;90;
Alella;Superfície (km²);29;4;9,58;
Alella;Població;29;5;10251;
Alfara de Carles;Comarca;30;1;Baix Ebre;
Alfara de Carles;Codi;30;2;430081;
Alfara de Carles;Altitud (m);30;3;334;
Alfara de Carles;Superfície (km²);30;4;63,87;
Alfara de Carles;Població;30;5;355;
Alfarràs;Comarca;31;1;Segrià;
Alfarràs;Codi;31;2;250138;
Alfarràs;Altitud (m);31;3;281;
Alfarràs;Superfície (km²);31;4;11,4;
Alfarràs;Població;31;5;2790;
Alfés;Comarca;32;1;Segrià;
Alfés;Codi;32;2;250143;
Alfés;Altitud (m);32;3;236;
Alfés;Superfície (km²);32;4;31,94;
Alfés;Població;32;5;284;
Alforja;Comarca;33;1;Baix Camp;
Alforja;Codi;33;2;430094;
Alforja;Altitud (m);33;3;374;
Alforja;Superfície (km²);33;4;38,24;
Alforja;Població;33;5;2031;
Algerri;Comarca;34;1;Noguera;
Algerri;Codi;34;2;250156;
Algerri;Altitud (m);34;3;345;
Algerri;Superfície (km²);34;4;54,32;
Algerri;Població;34;5;424;
Alguaire;Comarca;35;1;Segrià;
Alguaire;Codi;35;2;250169;
Alguaire;Altitud (m);35;3;304;
Alguaire;Superfície (km²);35;4;50,11;
Alguaire;Població;35;5;3057;
Alins;Comarca;36;1;Pallars Sobirà;
Alins;Codi;36;2;250175;
Alins;Altitud (m);36;3;1048;
Alins;Superfície (km²);36;4;183,19;
Alins;Població;36;5;270;
Alió;Comarca;37;1;Alt Camp;
Alió;Codi;37;2;430108;
Alió;Altitud (m);37;3;263;
Alió;Superfície (km²);37;4;7,25;
Alió;Població;37;5;499;
Almacelles;Comarca;38;1;Segrià;
Almacelles;Codi;38;2;250194;
Almacelles;Altitud (m);38;3;247;
Almacelles;Superfície (km²);38;4;49,03;
Almacelles;Població;38;5;7197;
Almatret;Comarca;39;1;Segrià;
Almatret;Codi;39;2;250208;
Almatret;Altitud (m);39;3;462;
Almatret;Superfície (km²);39;4;56,83;
Almatret;Població;39;5;292;
Almenar;Comarca;40;1;Segrià;
Almenar;Codi;40;2;250215;
Almenar;Altitud (m);40;3;329;
Almenar;Superfície (km²);40;4;66,59;
Almenar;Població;40;5;3357;
Almoster;Comarca;41;1;Baix Camp;
Almoster;Codi;41;2;430115;
Almoster;Altitud (m);41;3;290;
Almoster;Superfície (km²);41;4;5,96;
Almoster;Població;41;5;1383;
Alòs de Balaguer;Comarca;42;1;Noguera;
Alòs de Balaguer;Codi;42;2;250220;
Alòs de Balaguer;Altitud (m);42;3;297;
Alòs de Balaguer;Superfície (km²);42;4;69,08;
Alòs de Balaguer;Població;42;5;117;
Alp;Comarca;43;1;Cerdanya;
Alp;Codi;43;2;170062;
Alp;Altitud (m);43;3;1158;
Alp;Superfície (km²);43;4;44,29;
Alp;Població;43;5;1724;
Alpens;Comarca;44;1;Lluçanès;
Alpens;Codi;44;2;80044;
Alpens;Altitud (m);44;3;855;
Alpens;Superfície (km²);44;4;13,8;
Alpens;Població;44;5;267;
Alpicat;Comarca;45;1;Segrià;
Alpicat;Codi;45;2;250236;
Alpicat;Altitud (m);45;3;264;
Alpicat;Superfície (km²);45;4;15,33;
Alpicat;Població;45;5;6556;
Alt Àneu;Comarca;46;1;Pallars Sobirà;
Alt Àneu;Codi;46;2;250241;
Alt Àneu;Altitud (m);46;3;1076;
Alt Àneu;Superfície (km²);46;4;217,76;
Alt Àneu;Població;46;5;456;
Altafulla;Comarca;47;1;Tarragonès;
Altafulla;Codi;47;2;430120;
Altafulla;Altitud (m);47;3;52;
Altafulla;Superfície (km²);47;4;6,95;
Altafulla;Població;47;5;5856;
Amer;Comarca;48;1;Selva;
Amer;Codi;48;2;170078;
Amer;Altitud (m);48;3;186;
Amer;Superfície (km²);48;4;40,08;
Amer;Població;48;5;2419;
Ametlla de Mar, l';Comarca;49;1;Baix Ebre;
Ametlla de Mar, l';Codi;49;2;430136;
Ametlla de Mar, l';Altitud (m);49;3;19;
Ametlla de Mar, l';Superfície (km²);49;4;66,86;
Ametlla de Mar, l';Població;49;5;7436;
Ametlla del Vallès, l';Comarca;50;1;Vallès Oriental;
Ametlla del Vallès, l';Codi;50;2;80057;
Ametlla del Vallès, l';Altitud (m);50;3;281;
Ametlla del Vallès, l';Superfície (km²);50;4;14,24;
Ametlla del Vallès, l';Població;50;5;9473;
Ampolla, l';Comarca;51;1;Baix Ebre;
Ampolla, l';Codi;51;2;439060;
Ampolla, l';Altitud (m);51;3;8;
Ampolla, l';Superfície (km²);51;4;35,65;
Ampolla, l';Població;51;5;3809;
Amposta;Comarca;52;1;Montsià;
Amposta;Codi;52;2;430141;
Amposta;Altitud (m);52;3;8;
Amposta;Superfície (km²);52;4;138,31;
Amposta;Població;52;5;23047;
Anglès;Comarca;53;1;Selva;
Anglès;Codi;53;2;170084;
Anglès;Altitud (m);53;3;181;
Anglès;Superfície (km²);53;4;16,31;
Anglès;Població;53;5;5904;
Anglesola;Comarca;54;1;Urgell;
Anglesola;Codi;54;2;250273;
Anglesola;Altitud (m);54;3;335;
Anglesola;Superfície (km²);54;4;23,53;
Anglesola;Població;54;5;1395;
Arbeca;Comarca;55;1;Garrigues;
Arbeca;Codi;55;2;250292;
Arbeca;Altitud (m);55;3;332;
Arbeca;Superfície (km²);55;4;58,34;
Arbeca;Població;55;5;2166;
Arboç, l';Comarca;56;1;Baix Penedès;
Arboç, l';Codi;56;2;430167;
Arboç, l';Altitud (m);56;3;166;
Arboç, l';Superfície (km²);56;4;14,13;
Arboç, l';Població;56;5;5701;
Arbolí;Comarca;57;1;Baix Camp;
Arbolí;Codi;57;2;430154;
Arbolí;Altitud (m);57;3;714;
Arbolí;Superfície (km²);57;4;20,78;
Arbolí;Població;57;5;138;
Arbúcies;Comarca;58;1;Selva;
Arbúcies;Codi;58;2;170097;
Arbúcies;Altitud (m);58;3;291;
Arbúcies;Superfície (km²);58;4;86,22;
Arbúcies;Població;58;5;6635;
Arenys de Mar;Comarca;59;1;Maresme;
Arenys de Mar;Codi;59;2;80060;
Arenys de Mar;Altitud (m);59;3;10;
Arenys de Mar;Superfície (km²);59;4;6,75;
Arenys de Mar;Població;59;5;16982;
Arenys de Munt;Comarca;60;1;Maresme;
Arenys de Munt;Codi;60;2;80076;
Arenys de Munt;Altitud (m);60;3;121;
Arenys de Munt;Superfície (km²);60;4;21,29;
Arenys de Munt;Població;60;5;9527;
Argelaguer;Comarca;61;1;Garrotxa;
Argelaguer;Codi;61;2;170101;
Argelaguer;Altitud (m);61;3;183;
Argelaguer;Superfície (km²);61;4;12,54;
Argelaguer;Població;61;5;467;
Argençola;Comarca;62;1;Anoia;
Argençola;Codi;62;2;80082;
Argençola;Altitud (m);62;3;716;
Argençola;Superfície (km²);62;4;47,09;
Argençola;Població;62;5;245;
Argentera, l';Comarca;63;1;Baix Camp;
Argentera, l';Codi;63;2;430173;
Argentera, l';Altitud (m);63;3;344;
Argentera, l';Superfície (km²);63;4;10,12;
Argentera, l';Població;63;5;139;
Argentona;Comarca;64;1;Maresme;
Argentona;Codi;64;2;80095;
Argentona;Altitud (m);64;3;88;
Argentona;Superfície (km²);64;4;25,4;
Argentona;Població;64;5;12891;
Armentera, l';Comarca;65;1;Alt Empordà;
Armentera, l';Codi;65;2;170118;
Armentera, l';Altitud (m);65;3;7;
Armentera, l';Superfície (km²);65;4;5,6;
Armentera, l';Població;65;5;1076;
Arnes;Comarca;66;1;Terra Alta;
Arnes;Codi;66;2;430189;
Arnes;Altitud (m);66;3;506;
Arnes;Superfície (km²);66;4;42,97;
Arnes;Població;66;5;460;
Arres;Comarca;67;1;Aran;
Arres;Codi;67;2;250313;
Arres;Altitud (m);67;3;1224;
Arres;Superfície (km²);67;4;11,57;
Arres;Població;67;5;58;
Arsèguel;Comarca;68;1;Alt Urgell;
Arsèguel;Codi;68;2;250328;
Arsèguel;Altitud (m);68;3;950;
Arsèguel;Superfície (km²);68;4;10,59;
Arsèguel;Població;68;5;85;
Artés;Comarca;69;1;Bages;
Artés;Codi;69;2;80109;
Artés;Altitud (m);69;3;316;
Artés;Superfície (km²);69;4;17,87;
Artés;Població;69;5;6211;
Artesa de Lleida;Comarca;70;1;Segrià;
Artesa de Lleida;Codi;70;2;250334;
Artesa de Lleida;Altitud (m);70;3;202;
Artesa de Lleida;Superfície (km²);70;4;23,94;
Artesa de Lleida;Població;70;5;1545;
Artesa de Segre;Comarca;71;1;Noguera;
Artesa de Segre;Codi;71;2;250349;
Artesa de Segre;Altitud (m);71;3;318;
Artesa de Segre;Superfície (km²);71;4;175,9;
Artesa de Segre;Població;71;5;3594;
Ascó;Comarca;72;1;Ribera d'Ebre;
Ascó;Codi;72;2;430192;
Ascó;Altitud (m);72;3;70;
Ascó;Superfície (km²);72;4;73,63;
Ascó;Població;72;5;1594;
Aspa;Comarca;73;1;Segrià;
Aspa;Codi;73;2;250365;
Aspa;Altitud (m);73;3;256;
Aspa;Superfície (km²);73;4;10,21;
Aspa;Població;73;5;232;
Avellanes i Santa Linya, les;Comarca;74;1;Noguera;
Avellanes i Santa Linya, les;Codi;74;2;250371;
Avellanes i Santa Linya, les;Altitud (m);74;3;567;
Avellanes i Santa Linya, les;Superfície (km²);74;4;102,96;
Avellanes i Santa Linya, les;Població;74;5;434;
Avià;Comarca;75;1;Berguedà;
Avià;Codi;75;2;80116;
Avià;Altitud (m);75;3;677;
Avià;Superfície (km²);75;4;27,23;
Avià;Població;75;5;2263;
Avinyó;Comarca;76;1;Bages;
Avinyó;Codi;76;2;80121;
Avinyó;Altitud (m);76;3;353;
Avinyó;Superfície (km²);76;4;63,23;
Avinyó;Població;76;5;2325;
Avinyonet de Puigventós;Comarca;77;1;Alt Empordà;
Avinyonet de Puigventós;Codi;77;2;170123;
Avinyonet de Puigventós;Altitud (m);77;3;70;
Avinyonet de Puigventós;Superfície (km²);77;4;12,3;
Avinyonet de Puigventós;Població;77;5;1669;
Avinyonet del Penedès;Comarca;78;1;Alt Penedès;
Avinyonet del Penedès;Codi;78;2;80137;
Avinyonet del Penedès;Altitud (m);78;3;280;
Avinyonet del Penedès;Superfície (km²);78;4;29,13;
Avinyonet del Penedès;Població;78;5;1787;
Badalona;Comarca;79;1;Barcelonès;
Badalona;Codi;79;2;80155;
Badalona;Altitud (m);79;3;6;
Badalona;Superfície (km²);79;4;21,18;
Badalona;Població;79;5;230642;
Badia del Vallès;Comarca;80;1;Vallès Occidental;
Badia del Vallès;Codi;80;2;89045;
Badia del Vallès;Altitud (m);80;3;120;
Badia del Vallès;Superfície (km²);80;4;0,93;
Badia del Vallès;Població;80;5;13058;
Bagà;Comarca;81;1;Berguedà;
Bagà;Codi;81;2;80168;
Bagà;Altitud (m);81;3;785;
Bagà;Superfície (km²);81;4;43,13;
Bagà;Població;81;5;2167;
Baix Pallars;Comarca;82;1;Pallars Sobirà;
Baix Pallars;Codi;82;2;250390;
Baix Pallars;Altitud (m);82;3;591;
Baix Pallars;Superfície (km²);82;4;129,41;
Baix Pallars;Població;82;5;350;
Balaguer;Comarca;83;1;Noguera;
Balaguer;Codi;83;2;250404;
Balaguer;Altitud (m);83;3;233;
Balaguer;Superfície (km²);83;4;57,32;
Balaguer;Població;83;5;17667;
Balenyà;Comarca;84;1;Osona;
Balenyà;Codi;84;2;80174;
Balenyà;Altitud (m);84;3;587;
Balenyà;Superfície (km²);84;4;17,35;
Balenyà;Població;84;5;4007;
Balsareny;Comarca;85;1;Bages;
Balsareny;Codi;85;2;80180;
Balsareny;Altitud (m);85;3;327;
Balsareny;Superfície (km²);85;4;36,91;
Balsareny;Població;85;5;3354;
Banyeres del Penedès;Comarca;86;1;Baix Penedès;
Banyeres del Penedès;Codi;86;2;430206;
Banyeres del Penedès;Altitud (m);86;3;173;
Banyeres del Penedès;Superfície (km²);86;4;12,19;
Banyeres del Penedès;Població;86;5;3392;
Banyoles;Comarca;87;1;Pla de l'Estany;
Banyoles;Codi;87;2;170157;
Banyoles;Altitud (m);87;3;172;
Banyoles;Superfície (km²);87;4;11,05;
Banyoles;Població;87;5;20887;
Barbens;Comarca;88;1;Pla d'Urgell;
Barbens;Codi;88;2;250411;
Barbens;Altitud (m);88;3;283;
Barbens;Superfície (km²);88;4;7,56;
Barbens;Població;88;5;910;
Barberà de la Conca;Comarca;89;1;Conca de Barberà;
Barberà de la Conca;Codi;89;2;430213;
Barberà de la Conca;Altitud (m);89;3;475;
Barberà de la Conca;Superfície (km²);89;4;26,6;
Barberà de la Conca;Població;89;5;486;
Barberà del Vallès;Comarca;90;1;Vallès Occidental;
Barberà del Vallès;Codi;90;2;82520;
Barberà del Vallès;Altitud (m);90;3;146;
Barberà del Vallès;Superfície (km²);90;4;8,31;
Barberà del Vallès;Població;90;5;34031;
Barcelona;Comarca;91;1;Barcelonès;
Barcelona;Codi;91;2;80193;
Barcelona;Altitud (m);91;3;9;
Barcelona;Superfície (km²);91;4;101,35;
Barcelona;Població;91;5;1713247;
Baronia de Rialb, la;Comarca;92;1;Noguera;
Baronia de Rialb, la;Codi;92;2;250426;
Baronia de Rialb, la;Altitud (m);92;3;388;
Baronia de Rialb, la;Superfície (km²);92;4;145,08;
Baronia de Rialb, la;Població;92;5;216;
Bàscara;Comarca;93;1;Alt Empordà;
Bàscara;Codi;93;2;170160;
Bàscara;Altitud (m);93;3;66;
Bàscara;Superfície (km²);93;4;17,5;
Bàscara;Població;93;5;1048;
Bassella;Comarca;94;1;Alt Urgell;
Bassella;Codi;94;2;250447;
Bassella;Altitud (m);94;3;423;
Bassella;Superfície (km²);94;4;70,25;
Bassella;Població;94;5;215;
Batea;Comarca;95;1;Terra Alta;
Batea;Codi;95;2;430228;
Batea;Altitud (m);95;3;376;
Batea;Superfície (km²);95;4;128,41;
Batea;Població;95;5;1873;
Bausen;Comarca;96;1;Aran;
Bausen;Codi;96;2;250450;
Bausen;Altitud (m);96;3;931;
Bausen;Superfície (km²);96;4;17,72;
Bausen;Població;96;5;62;
Begues;Comarca;97;1;Baix Llobregat;
Begues;Codi;97;2;80207;
Begues;Altitud (m);97;3;399;
Begues;Superfície (km²);97;4;50,44;
Begues;Població;97;5;7545;
Begur;Comarca;98;1;Baix Empordà;
Begur;Codi;98;2;170139;
Begur;Altitud (m);98;3;200;
Begur;Superfície (km²);98;4;20,66;
Begur;Població;98;5;4286;
Belianes;Comarca;99;1;Urgell;
Belianes;Codi;99;2;250463;
Belianes;Altitud (m);99;3;373;
Belianes;Superfície (km²);99;4;15,69;
Belianes;Població;99;5;512;
Bellaguarda;Comarca;100;1;Garrigues;
Bellaguarda;Codi;100;2;251706;
Bellaguarda;Altitud (m);100;3;640;
Bellaguarda;Superfície (km²);100;4;17,14;
Bellaguarda;Població;100;5;287;
Bellcaire d'Empordà;Comarca;101;1;Baix Empordà;
Bellcaire d'Empordà;Codi;101;2;170182;
Bellcaire d'Empordà;Altitud (m);101;3;35;
Bellcaire d'Empordà;Superfície (km²);101;4;12,64;
Bellcaire d'Empordà;Població;101;5;722;
Bellcaire d'Urgell;Comarca;102;1;Noguera;
Bellcaire d'Urgell;Codi;102;2;250479;
Bellcaire d'Urgell;Altitud (m);102;3;267;
Bellcaire d'Urgell;Superfície (km²);102;4;31,38;
Bellcaire d'Urgell;Població;102;5;1272;
Bell-lloc d'Urgell;Comarca;103;1;Pla d'Urgell;
Bell-lloc d'Urgell;Codi;103;2;250485;
Bell-lloc d'Urgell;Altitud (m);103;3;196;
Bell-lloc d'Urgell;Superfície (km²);103;4;34,92;
Bell-lloc d'Urgell;Població;103;5;2359;
Bellmunt d'Urgell;Comarca;104;1;Noguera;
Bellmunt d'Urgell;Codi;104;2;250498;
Bellmunt d'Urgell;Altitud (m);104;3;379;
Bellmunt d'Urgell;Superfície (km²);104;4;5,11;
Bellmunt d'Urgell;Població;104;5;174;
Bellmunt del Priorat;Comarca;105;1;Priorat;
Bellmunt del Priorat;Codi;105;2;430234;
Bellmunt del Priorat;Altitud (m);105;3;261;
Bellmunt del Priorat;Superfície (km²);105;4;8,86;
Bellmunt del Priorat;Població;105;5;288;
Bellprat;Comarca;106;1;Anoia;
Bellprat;Codi;106;2;80214;
Bellprat;Altitud (m);106;3;653;
Bellprat;Superfície (km²);106;4;30,97;
Bellprat;Població;106;5;69;
Bellpuig;Comarca;107;1;Urgell;
Bellpuig;Codi;107;2;250501;
Bellpuig;Altitud (m);107;3;308;
Bellpuig;Superfície (km²);107;4;34,98;
Bellpuig;Població;107;5;5531;
Bellvei;Comarca;108;1;Baix Penedès;
Bellvei;Codi;108;2;430249;
Bellvei;Altitud (m);108;3;108;
Bellvei;Superfície (km²);108;4;8,27;
Bellvei;Població;108;5;2464;
Bellver de Cerdanya;Comarca;109;1;Cerdanya;
Bellver de Cerdanya;Codi;109;2;250518;
Bellver de Cerdanya;Altitud (m);109;3;1061;
Bellver de Cerdanya;Superfície (km²);109;4;98,15;
Bellver de Cerdanya;Població;109;5;2289;
Bellvís;Comarca;110;1;Pla d'Urgell;
Bellvís;Codi;110;2;250523;
Bellvís;Altitud (m);110;3;207;
Bellvís;Superfície (km²);110;4;46,7;
Bellvís;Població;110;5;2239;
Benavent de Segrià;Comarca;111;1;Segrià;
Benavent de Segrià;Codi;111;2;250539;
Benavent de Segrià;Altitud (m);111;3;234;
Benavent de Segrià;Superfície (km²);111;4;7,43;
Benavent de Segrià;Població;111;5;1565;
Benifallet;Comarca;112;1;Baix Ebre;
Benifallet;Codi;112;2;430252;
Benifallet;Altitud (m);112;3;19;
Benifallet;Superfície (km²);112;4;62,42;
Benifallet;Població;112;5;708;
Benissanet;Comarca;113;1;Ribera d'Ebre;
Benissanet;Codi;113;2;430265;
Benissanet;Altitud (m);113;3;26;
Benissanet;Superfície (km²);113;4;23,06;
Benissanet;Població;113;5;1191;
Berga;Comarca;114;1;Berguedà;
Berga;Codi;114;2;80229;
Berga;Altitud (m);114;3;704;
Berga;Superfície (km²);114;4;22,57;
Berga;Població;114;5;17539;
Besalú;Comarca;115;1;Garrotxa;
Besalú;Codi;115;2;170195;
Besalú;Altitud (m);115;3;151;
Besalú;Superfície (km²);115;4;4,93;
Besalú;Població;115;5;2591;
Bescanó;Comarca;116;1;Gironès;
Bescanó;Codi;116;2;170209;
Bescanó;Altitud (m);116;3;102;
Bescanó;Superfície (km²);116;4;35,92;
Bescanó;Població;116;5;5087;
Beuda;Comarca;117;1;Garrotxa;
Beuda;Codi;117;2;170216;
Beuda;Altitud (m);117;3;338;
Beuda;Superfície (km²);117;4;35,91;
Beuda;Població;117;5;202;
Bigues i Riells del Fai;Comarca;118;1;Vallès Oriental;
Bigues i Riells del Fai;Codi;118;2;80235;
Bigues i Riells del Fai;Altitud (m);118;3;307;
Bigues i Riells del Fai;Superfície (km²);118;4;28,64;
Bigues i Riells del Fai;Població;118;5;10124;
Biosca;Comarca;119;1;Solsonès;
Biosca;Codi;119;2;250557;
Biosca;Altitud (m);119;3;455;
Biosca;Superfície (km²);119;4;66,21;
Biosca;Població;119;5;185;
Bisbal d'Empordà, la;Comarca;120;1;Baix Empordà;
Bisbal d'Empordà, la;Codi;120;2;170221;
Bisbal d'Empordà, la;Altitud (m);120;3;39;
Bisbal d'Empordà, la;Superfície (km²);120;4;20,62;
Bisbal d'Empordà, la;Població;120;5;11731;
La Bisbal de Montsant;Comarca;121;1;Priorat;
La Bisbal de Montsant;Codi;121;2;430271;
La Bisbal de Montsant;Altitud (m);121;3;372;
La Bisbal de Montsant;Superfície (km²);121;4;14,14;
La Bisbal de Montsant;Població;121;5;214;
Bisbal del Penedès, la;Comarca;122;1;Baix Penedès;
Bisbal del Penedès, la;Codi;122;2;430287;
Bisbal del Penedès, la;Altitud (m);122;3;189;
Bisbal del Penedès, la;Superfície (km²);122;4;32,54;
Bisbal del Penedès, la;Població;122;5;4270;
Biure;Comarca;123;1;Alt Empordà;
Biure;Codi;123;2;172348;
Biure;Altitud (m);123;3;81;
Biure;Superfície (km²);123;4;10,02;
Biure;Població;123;5;227;
Blancafort;Comarca;124;1;Conca de Barberà;
Blancafort;Codi;124;2;430290;
Blancafort;Altitud (m);124;3;428;
Blancafort;Superfície (km²);124;4;14,48;
Blancafort;Població;124;5;392;
Blanes;Comarca;125;1;Selva;
Blanes;Codi;125;2;170237;
Blanes;Altitud (m);125;3;13;
Blanes;Superfície (km²);125;4;17,66;
Blanes;Població;125;5;42446;
Boadella i les Escaules;Comarca;126;1;Alt Empordà;
Boadella i les Escaules;Codi;126;2;170293;
Boadella i les Escaules;Altitud (m);126;3;82;
Boadella i les Escaules;Superfície (km²);126;4;10,78;
Boadella i les Escaules;Població;126;5;264;
Bolvir;Comarca;127;1;Cerdanya;
Bolvir;Codi;127;2;170242;
Bolvir;Altitud (m);127;3;1145;
Bolvir;Superfície (km²);127;4;10,34;
Bolvir;Població;127;5;493;
Bonastre;Comarca;128;1;Baix Penedès;
Bonastre;Codi;128;2;430304;
Bonastre;Altitud (m);128;3;177;
Bonastre;Superfície (km²);128;4;24,97;
Bonastre;Població;128;5;778;
Bòrdes, Es;Comarca;129;1;Aran;
Bòrdes, Es;Codi;129;2;250576;
Bòrdes, Es;Altitud (m);129;3;852;
Bòrdes, Es;Superfície (km²);129;4;21,44;
Bòrdes, Es;Població;129;5;281;
Bordils;Comarca;130;1;Gironès;
Bordils;Codi;130;2;170255;
Bordils;Altitud (m);130;3;42;
Bordils;Superfície (km²);130;4;7,32;
Bordils;Població;130;5;1824;
Borges Blanques, les;Comarca;131;1;Garrigues;
Borges Blanques, les;Codi;131;2;250582;
Borges Blanques, les;Altitud (m);131;3;304;
Borges Blanques, les;Superfície (km²);131;4;61,55;
Borges Blanques, les;Població;131;5;6458;
Borges del Camp, les;Comarca;132;1;Baix Camp;
Borges del Camp, les;Codi;132;2;430311;
Borges del Camp, les;Altitud (m);132;3;238;
Borges del Camp, les;Superfície (km²);132;4;8,24;
Borges del Camp, les;Població;132;5;2313;
Borrassà;Comarca;133;1;Alt Empordà;
Borrassà;Codi;133;2;170268;
Borrassà;Altitud (m);133;3;73;
Borrassà;Superfície (km²);133;4;9,45;
Borrassà;Població;133;5;802;
Borredà;Comarca;134;1;Berguedà;
Borredà;Codi;134;2;80240;
Borredà;Altitud (m);134;3;854;
Borredà;Superfície (km²);134;4;43,45;
Borredà;Població;134;5;434;
Bossòst;Comarca;135;1;Aran;
Bossòst;Codi;135;2;250595;
Bossòst;Altitud (m);135;3;710;
Bossòst;Superfície (km²);135;4;28,17;
Bossòst;Població;135;5;1178;
Bot;Comarca;136;1;Terra Alta;
Bot;Codi;136;2;430326;
Bot;Altitud (m);136;3;286;
Bot;Superfície (km²);136;4;34,94;
Bot;Població;136;5;545;
Botarell;Comarca;137;1;Baix Camp;
Botarell;Codi;137;2;430332;
Botarell;Altitud (m);137;3;196;
Botarell;Superfície (km²);137;4;11,95;
Botarell;Població;137;5;1156;
Bovera;Comarca;138;1;Garrigues;
Bovera;Codi;138;2;250560;
Bovera;Altitud (m);138;3;297;
Bovera;Superfície (km²);138;4;31,12;
Bovera;Població;138;5;252;
Bràfim;Comarca;139;1;Alt Camp;
Bràfim;Codi;139;2;430347;
Bràfim;Altitud (m);139;3;236;
Bràfim;Superfície (km²);139;4;6,42;
Bràfim;Població;139;5;705;
Breda;Comarca;140;1;Selva;
Breda;Codi;140;2;170274;
Breda;Altitud (m);140;3;169;
Breda;Superfície (km²);140;4;5,02;
Breda;Població;140;5;3964;
Bruc, el;Comarca;141;1;Anoia;
Bruc, el;Codi;141;2;80253;
Bruc, el;Altitud (m);141;3;489;
Bruc, el;Superfície (km²);141;4;47,2;
Bruc, el;Població;141;5;2294;
Brull, el;Comarca;142;1;Osona;
Brull, el;Codi;142;2;80266;
Brull, el;Altitud (m);142;3;843;
Brull, el;Superfície (km²);142;4;41,03;
Brull, el;Població;142;5;297;
Brunyola i Sant Martí Sapresa;Comarca;143;1;Selva;
Brunyola i Sant Martí Sapresa;Codi;143;2;170280;
Brunyola i Sant Martí Sapresa;Altitud (m);143;3;247;
Brunyola i Sant Martí Sapresa;Superfície (km²);143;4;36,82;
Brunyola i Sant Martí Sapresa;Població;143;5;399;
Cabacés;Comarca;144;1;Priorat;
Cabacés;Codi;144;2;430350;
Cabacés;Altitud (m);144;3;358;
Cabacés;Superfície (km²);144;4;31,27;
Cabacés;Població;144;5;295;
Cabanabona;Comarca;145;1;Noguera;
Cabanabona;Codi;145;2;250609;
Cabanabona;Altitud (m);145;3;421;
Cabanabona;Superfície (km²);145;4;14,16;
Cabanabona;Població;145;5;70;
Cabanelles;Comarca;146;1;Alt Empordà;
Cabanelles;Codi;146;2;170314;
Cabanelles;Altitud (m);146;3;194;
Cabanelles;Superfície (km²);146;4;55,58;
Cabanelles;Població;146;5;286;
Cabanes;Comarca;147;1;Alt Empordà;
Cabanes;Codi;147;2;170307;
Cabanes;Altitud (m);147;3;26;
Cabanes;Superfície (km²);147;4;15,02;
Cabanes;Població;147;5;998;
Cabanyes, les;Comarca;148;1;Alt Penedès;
Cabanyes, les;Codi;148;2;80272;
Cabanyes, les;Altitud (m);148;3;252;
Cabanyes, les;Superfície (km²);148;4;1,15;
Cabanyes, les;Població;148;5;1064;
Cabó;Comarca;149;1;Alt Urgell;
Cabó;Codi;149;2;250616;
Cabó;Altitud (m);149;3;768;
Cabó;Superfície (km²);149;4;80,33;
Cabó;Població;149;5;87;
Cabra del Camp;Comarca;150;1;Alt Camp;
Cabra del Camp;Codi;150;2;430363;
Cabra del Camp;Altitud (m);150;3;493;
Cabra del Camp;Superfície (km²);150;4;26,95;
Cabra del Camp;Població;150;5;1387;
Cabrera d'Anoia;Comarca;151;1;Anoia;
Cabrera d'Anoia;Codi;151;2;80288;
Cabrera d'Anoia;Altitud (m);151;3;299;
Cabrera d'Anoia;Superfície (km²);151;4;17;
Cabrera d'Anoia;Població;151;5;1777;
Cabrera de Mar;Comarca;152;1;Maresme;
Cabrera de Mar;Codi;152;2;80291;
Cabrera de Mar;Altitud (m);152;3;104;
Cabrera de Mar;Superfície (km²);152;4;8,98;
Cabrera de Mar;Població;152;5;5053;
Cabrils;Comarca;153;1;Maresme;
Cabrils;Codi;153;2;80305;
Cabrils;Altitud (m);153;3;147;
Cabrils;Superfície (km²);153;4;7,05;
Cabrils;Població;153;5;7755;
Cadaqués;Comarca;154;1;Alt Empordà;
Cadaqués;Codi;154;2;170329;
Cadaqués;Altitud (m);154;3;23;
Cadaqués;Superfície (km²);154;4;26,43;
Cadaqués;Població;154;5;2906;
Calaf;Comarca;155;1;Anoia;
Calaf;Codi;155;2;80312;
Calaf;Altitud (m);155;3;680;
Calaf;Superfície (km²);155;4;9,22;
Calaf;Població;155;5;3627;
Calafell;Comarca;156;1;Baix Penedès;
Calafell;Codi;156;2;430379;
Calafell;Altitud (m);156;3;67;
Calafell;Superfície (km²);156;4;20,38;
Calafell;Població;156;5;32429;
Calders;Comarca;157;1;Moianès;
Calders;Codi;157;2;80348;
Calders;Altitud (m);157;3;552;
Calders;Superfície (km²);157;4;33,09;
Calders;Població;157;5;1121;
Caldes d'Estrac;Comarca;158;1;Maresme;
Caldes d'Estrac;Codi;158;2;80327;
Caldes d'Estrac;Altitud (m);158;3;33;
Caldes d'Estrac;Superfície (km²);158;4;0,88;
Caldes d'Estrac;Població;158;5;3348;
Caldes de Malavella;Comarca;159;1;Selva;
Caldes de Malavella;Codi;159;2;170335;
Caldes de Malavella;Altitud (m);159;3;84;
Caldes de Malavella;Superfície (km²);159;4;57,33;
Caldes de Malavella;Població;159;5;8644;
Caldes de Montbui;Comarca;160;1;Vallès Oriental;
Caldes de Montbui;Codi;160;2;80333;
Caldes de Montbui;Altitud (m);160;3;203;
Caldes de Montbui;Superfície (km²);160;4;37,45;
Caldes de Montbui;Població;160;5;18554;
Calella;Comarca;161;1;Maresme;
Calella;Codi;161;2;80351;
Calella;Altitud (m);161;3;5;
Calella;Superfície (km²);161;4;8;
Calella;Població;161;5;20775;
Calldetenes;Comarca;162;1;Osona;
Calldetenes;Codi;162;2;80370;
Calldetenes;Altitud (m);162;3;489;
Calldetenes;Superfície (km²);162;4;5,8;
Calldetenes;Població;162;5;2724;
Callús;Comarca;163;1;Bages;
Callús;Codi;163;2;80386;
Callús;Altitud (m);163;3;260;
Callús;Superfície (km²);163;4;12,5;
Callús;Població;163;5;2193;
Calonge de Segarra;Comarca;164;1;Anoia;
Calonge de Segarra;Codi;164;2;80364;
Calonge de Segarra;Altitud (m);164;3;688;
Calonge de Segarra;Superfície (km²);164;4;37,15;
Calonge de Segarra;Població;164;5;179;
Calonge i Sant Antoni;Comarca;165;1;Baix Empordà;
Calonge i Sant Antoni;Codi;165;2;170340;
Calonge i Sant Antoni;Altitud (m);165;3;22;
Calonge i Sant Antoni;Superfície (km²);165;4;33,57;
Calonge i Sant Antoni;Població;165;5;12268;
Camarasa;Comarca;166;1;Noguera;
Camarasa;Codi;166;2;250621;
Camarasa;Altitud (m);166;3;321;
Camarasa;Superfície (km²);166;4;157,13;
Camarasa;Població;166;5;800;
Camarles;Comarca;167;1;Baix Ebre;
Camarles;Codi;167;2;439039;
Camarles;Altitud (m);167;3;13;
Camarles;Superfície (km²);167;4;25,16;
Camarles;Població;167;5;3499;
Cambrils;Comarca;168;1;Baix Camp;
Cambrils;Codi;168;2;430385;
Cambrils;Altitud (m);168;3;24;
Cambrils;Superfície (km²);168;4;35,21;
Cambrils;Població;168;5;37068;
Camós;Comarca;169;1;Pla de l'Estany;
Camós;Codi;169;2;170353;
Camós;Altitud (m);169;3;168;
Camós;Superfície (km²);169;4;15,66;
Camós;Població;169;5;700;
Campdevànol;Comarca;170;1;Ripollès;
Campdevànol;Codi;170;2;170366;
Campdevànol;Altitud (m);170;3;738;
Campdevànol;Superfície (km²);170;4;32,62;
Campdevànol;Població;170;5;3240;
Campelles;Comarca;171;1;Ripollès;
Campelles;Codi;171;2;170372;
Campelles;Altitud (m);171;3;1303;
Campelles;Superfície (km²);171;4;18,64;
Campelles;Població;171;5;163;
Campins;Comarca;172;1;Vallès Oriental;
Campins;Codi;172;2;80399;
Campins;Altitud (m);172;3;321;
Campins;Superfície (km²);172;4;7,29;
Campins;Població;172;5;588;
Campllong;Comarca;173;1;Gironès;
Campllong;Codi;173;2;170388;
Campllong;Altitud (m);173;3;113;
Campllong;Superfície (km²);173;4;8,59;
Campllong;Població;173;5;534;
Camprodon;Comarca;174;1;Ripollès;
Camprodon;Codi;174;2;170391;
Camprodon;Altitud (m);174;3;947;
Camprodon;Superfície (km²);174;4;103,38;
Camprodon;Població;174;5;2560;
Canejan;Comarca;175;1;Aran;
Canejan;Codi;175;2;250637;
Canejan;Altitud (m);175;3;906;
Canejan;Superfície (km²);175;4;48,32;
Canejan;Població;175;5;96;
Canet d'Adri;Comarca;176;1;Gironès;
Canet d'Adri;Codi;176;2;170405;
Canet d'Adri;Altitud (m);176;3;217;
Canet d'Adri;Superfície (km²);176;4;44,41;
Canet d'Adri;Població;176;5;742;
Canet de Mar;Comarca;177;1;Maresme;
Canet de Mar;Codi;177;2;80403;
Canet de Mar;Altitud (m);177;3;15;
Canet de Mar;Superfície (km²);177;4;5,56;
Canet de Mar;Població;177;5;15191;
Canonja, la;Comarca;178;1;Tarragonès;
Canonja, la;Codi;178;2;439076;
Canonja, la;Altitud (m);178;3;50;
Canonja, la;Superfície (km²);178;4;7,32;
Canonja, la;Població;178;5;5993;
Canovelles;Comarca;179;1;Vallès Oriental;
Canovelles;Codi;179;2;80410;
Canovelles;Altitud (m);179;3;175;
Canovelles;Superfície (km²);179;4;6,66;
Canovelles;Població;179;5;17445;
Cànoves i Samalús;Comarca;180;1;Vallès Oriental;
Cànoves i Samalús;Codi;180;2;80425;
Cànoves i Samalús;Altitud (m);180;3;346;
Cànoves i Samalús;Superfície (km²);180;4;29,19;
Cànoves i Samalús;Població;180;5;3393;
Cantallops;Comarca;181;1;Alt Empordà;
Cantallops;Codi;181;2;170412;
Cantallops;Altitud (m);181;3;200;
Cantallops;Superfície (km²);181;4;19,62;
Cantallops;Població;181;5;367;
Canyelles;Comarca;182;1;Garraf;
Canyelles;Codi;182;2;80431;
Canyelles;Altitud (m);182;3;142;
Canyelles;Superfície (km²);182;4;14,23;
Canyelles;Població;182;5;5494;
Capafonts;Comarca;183;1;Baix Camp;
Capafonts;Codi;183;2;430398;
Capafonts;Altitud (m);183;3;751;
Capafonts;Superfície (km²);183;4;13,35;
Capafonts;Població;183;5;101;
Capçanes;Comarca;184;1;Priorat;
Capçanes;Codi;184;2;430402;
Capçanes;Altitud (m);184;3;223;
Capçanes;Superfície (km²);184;4;22,49;
Capçanes;Població;184;5;446;
Capellades;Comarca;185;1;Anoia;
Capellades;Codi;185;2;80446;
Capellades;Altitud (m);185;3;317;
Capellades;Superfície (km²);185;4;2,94;
Capellades;Població;185;5;5598;
Capmany;Comarca;186;1;Alt Empordà;
Capmany;Codi;186;2;170427;
Capmany;Altitud (m);186;3;107;
Capmany;Superfície (km²);186;4;26,4;
Capmany;Població;186;5;677;
Capolat;Comarca;187;1;Berguedà;
Capolat;Codi;187;2;80459;
Capolat;Altitud (m);187;3;1279;
Capolat;Superfície (km²);187;4;34,13;
Capolat;Població;187;5;93;
Cardedeu;Comarca;188;1;Vallès Oriental;
Cardedeu;Codi;188;2;80462;
Cardedeu;Altitud (m);188;3;193;
Cardedeu;Superfície (km²);188;4;12,1;
Cardedeu;Població;188;5;19050;
Cardona;Comarca;189;1;Bages;
Cardona;Codi;189;2;80478;
Cardona;Altitud (m);189;3;507;
Cardona;Superfície (km²);189;4;66,7;
Cardona;Població;189;5;4540;
Carme;Comarca;190;1;Anoia;
Carme;Codi;190;2;80484;
Carme;Altitud (m);190;3;351;
Carme;Superfície (km²);190;4;11,68;
Carme;Població;190;5;860;
Caseres;Comarca;191;1;Terra Alta;
Caseres;Codi;191;2;430419;
Caseres;Altitud (m);191;3;324;
Caseres;Superfície (km²);191;4;42,9;
Caseres;Població;191;5;250;
Cassà de la Selva;Comarca;192;1;Gironès;
Cassà de la Selva;Codi;192;2;170448;
Cassà de la Selva;Altitud (m);192;3;137;
Cassà de la Selva;Superfície (km²);192;4;45,21;
Cassà de la Selva;Població;192;5;11167;
Casserres;Comarca;193;1;Berguedà;
Casserres;Codi;193;2;80497;
Casserres;Altitud (m);193;3;611;
Casserres;Superfície (km²);193;4;29,46;
Casserres;Població;193;5;1665;
Castell d'Aro, Platja d'Aro i s'Agaró;Comarca;194;1;Baix Empordà;
Castell d'Aro, Platja d'Aro i s'Agaró;Codi;194;2;170486;
Castell d'Aro, Platja d'Aro i s'Agaró;Altitud (m);194;3;5;
Castell d'Aro, Platja d'Aro i s'Agaró;Superfície (km²);194;4;21,74;
Castell d'Aro, Platja d'Aro i s'Agaró;Població;194;5;12889;
Castell de l'Areny;Comarca;195;1;Berguedà;
Castell de l'Areny;Codi;195;2;80575;
Castell de l'Areny;Altitud (m);195;3;954;
Castell de l'Areny;Superfície (km²);195;4;24,35;
Castell de l'Areny;Població;195;5;68;
Castell de Mur;Comarca;196;1;Pallars Jussà;
Castell de Mur;Codi;196;2;259046;
Castell de Mur;Altitud (m);196;3;532;
Castell de Mur;Superfície (km²);196;4;62,42;
Castell de Mur;Població;196;5;159;
Castellar de la Ribera;Comarca;197;1;Solsonès;
Castellar de la Ribera;Codi;197;2;250642;
Castellar de la Ribera;Altitud (m);197;3;657;
Castellar de la Ribera;Superfície (km²);197;4;60,19;
Castellar de la Ribera;Població;197;5;131;
Castellar de n'Hug;Comarca;198;1;Berguedà;
Castellar de n'Hug;Codi;198;2;80522;
Castellar de n'Hug;Altitud (m);198;3;1395;
Castellar de n'Hug;Superfície (km²);198;4;47,12;
Castellar de n'Hug;Població;198;5;166;
Castellar del Riu;Comarca;199;1;Berguedà;
Castellar del Riu;Codi;199;2;80500;
Castellar del Riu;Altitud (m);199;3;920;
Castellar del Riu;Superfície (km²);199;4;32,74;
Castellar del Riu;Població;199;5;151;
Castellar del Vallès;Comarca;200;1;Vallès Occidental;
Castellar del Vallès;Codi;200;2;80517;
Castellar del Vallès;Altitud (m);200;3;331;
Castellar del Vallès;Superfície (km²);200;4;44,91;
Castellar del Vallès;Població;200;5;25395;
Castellbell i el Vilar;Comarca;201;1;Bages;
Castellbell i el Vilar;Codi;201;2;80538;
Castellbell i el Vilar;Altitud (m);201;3;178;
Castellbell i el Vilar;Superfície (km²);201;4;28,47;
Castellbell i el Vilar;Població;201;5;4163;
Castellbisbal;Comarca;202;1;Vallès Occidental;
Castellbisbal;Codi;202;2;80543;
Castellbisbal;Altitud (m);202;3;132;
Castellbisbal;Superfície (km²);202;4;31,03;
Castellbisbal;Població;202;5;13058;
Castellcir;Comarca;203;1;Moianès;
Castellcir;Codi;203;2;80556;
Castellcir;Altitud (m);203;3;773;
Castellcir;Superfície (km²);203;4;34,18;
Castellcir;Població;203;5;802;
Castelldans;Comarca;204;1;Garrigues;
Castelldans;Codi;204;2;250674;
Castelldans;Altitud (m);204;3;353;
Castelldans;Superfície (km²);204;4;65,1;
Castelldans;Població;204;5;955;
Castelldefels;Comarca;205;1;Baix Llobregat;
Castelldefels;Codi;205;2;80569;
Castelldefels;Altitud (m);205;3;3;
Castelldefels;Superfície (km²);205;4;12,87;
Castelldefels;Població;205;5;69689;
Castellet i la Gornal;Comarca;206;1;Alt Penedès;
Castellet i la Gornal;Codi;206;2;80581;
Castellet i la Gornal;Altitud (m);206;3;137;
Castellet i la Gornal;Superfície (km²);206;4;47,48;
Castellet i la Gornal;Població;206;5;2773;
Castellfollit de la Roca;Comarca;207;1;Garrotxa;
Castellfollit de la Roca;Codi;207;2;170464;
Castellfollit de la Roca;Altitud (m);207;3;296;
Castellfollit de la Roca;Superfície (km²);207;4;0,73;
Castellfollit de la Roca;Població;207;5;960;
Castellfollit de Riubregós;Comarca;208;1;Anoia;
Castellfollit de Riubregós;Codi;208;2;80608;
Castellfollit de Riubregós;Altitud (m);208;3;467;
Castellfollit de Riubregós;Superfície (km²);208;4;26,21;
Castellfollit de Riubregós;Població;208;5;153;
Castellfollit del Boix;Comarca;209;1;Bages;
Castellfollit del Boix;Codi;209;2;80594;
Castellfollit del Boix;Altitud (m);209;3;700;
Castellfollit del Boix;Superfície (km²);209;4;58,9;
Castellfollit del Boix;Població;209;5;469;
Castellgalí;Comarca;210;1;Bages;
Castellgalí;Codi;210;2;80615;
Castellgalí;Altitud (m);210;3;266;
Castellgalí;Superfície (km²);210;4;17,21;
Castellgalí;Població;210;5;2411;
Castellnou de Bages;Comarca;211;1;Bages;
Castellnou de Bages;Codi;211;2;80620;
Castellnou de Bages;Altitud (m);211;3;469;
Castellnou de Bages;Superfície (km²);211;4;29,16;
Castellnou de Bages;Població;211;5;1471;
Castellnou de Seana;Comarca;212;1;Pla d'Urgell;
Castellnou de Seana;Codi;212;2;250680;
Castellnou de Seana;Altitud (m);212;3;269;
Castellnou de Seana;Superfície (km²);212;4;16,11;
Castellnou de Seana;Població;212;5;733;
Castelló d'Empúries;Comarca;213;1;Alt Empordà;
Castelló d'Empúries;Codi;213;2;170470;
Castelló d'Empúries;Altitud (m);213;3;17;
Castelló d'Empúries;Superfície (km²);213;4;42,3;
Castelló d'Empúries;Població;213;5;12275;
Castelló de Farfanya;Comarca;214;1;Noguera;
Castelló de Farfanya;Codi;214;2;250693;
Castelló de Farfanya;Altitud (m);214;3;358;
Castelló de Farfanya;Superfície (km²);214;4;52,62;
Castelló de Farfanya;Població;214;5;548;
Castellolí;Comarca;215;1;Anoia;
Castellolí;Codi;215;2;80636;
Castellolí;Altitud (m);215;3;415;
Castellolí;Superfície (km²);215;4;25,28;
Castellolí;Població;215;5;670;
Castellserà;Comarca;216;1;Urgell;
Castellserà;Codi;216;2;250707;
Castellserà;Altitud (m);216;3;267;
Castellserà;Superfície (km²);216;4;15,84;
Castellserà;Població;216;5;987;
Castellterçol;Comarca;217;1;Moianès;
Castellterçol;Codi;217;2;80641;
Castellterçol;Altitud (m);217;3;726;
Castellterçol;Superfície (km²);217;4;31,9;
Castellterçol;Població;217;5;2742;
Castellvell del Camp;Comarca;218;1;Baix Camp;
Castellvell del Camp;Codi;218;2;430424;
Castellvell del Camp;Altitud (m);218;3;219;
Castellvell del Camp;Superfície (km²);218;4;5,21;
Castellvell del Camp;Població;218;5;3001;
Castellví de la Marca;Comarca;219;1;Alt Penedès;
Castellví de la Marca;Codi;219;2;80654;
Castellví de la Marca;Altitud (m);219;3;198;
Castellví de la Marca;Superfície (km²);219;4;28,4;
Castellví de la Marca;Població;219;5;1718;
Castellví de Rosanes;Comarca;220;1;Baix Llobregat;
Castellví de Rosanes;Codi;220;2;80667;
Castellví de Rosanes;Altitud (m);220;3;178;
Castellví de Rosanes;Superfície (km²);220;4;16,38;
Castellví de Rosanes;Població;220;5;2166;
Catllar, el;Comarca;221;1;Tarragonès;
Catllar, el;Codi;221;2;430430;
Catllar, el;Altitud (m);221;3;59;
Catllar, el;Superfície (km²);221;4;26,43;
Catllar, el;Població;221;5;5387;
Cava;Comarca;222;1;Alt Urgell;
Cava;Codi;222;2;250714;
Cava;Altitud (m);222;3;1335;
Cava;Superfície (km²);222;4;42,19;
Cava;Població;222;5;38;
Cellera de Ter, la;Comarca;223;1;Selva;
Cellera de Ter, la;Codi;223;2;171899;
Cellera de Ter, la;Altitud (m);223;3;166;
Cellera de Ter, la;Superfície (km²);223;4;14,63;
Cellera de Ter, la;Població;223;5;2033;
Celrà;Comarca;224;1;Gironès;
Celrà;Codi;224;2;170499;
Celrà;Altitud (m);224;3;71;
Celrà;Superfície (km²);224;4;19,53;
Celrà;Població;224;5;5613;
Centelles;Comarca;225;1;Osona;
Centelles;Codi;225;2;80673;
Centelles;Altitud (m);225;3;496;
Centelles;Superfície (km²);225;4;15,18;
Centelles;Població;225;5;7860;
Cercs;Comarca;226;1;Berguedà;
Cercs;Codi;226;2;82687;
Cercs;Altitud (m);226;3;650;
Cercs;Superfície (km²);226;4;47,35;
Cercs;Població;226;5;1236;
Cerdanyola del Vallès;Comarca;227;1;Vallès Occidental;
Cerdanyola del Vallès;Codi;227;2;82665;
Cerdanyola del Vallès;Altitud (m);227;3;82;
Cerdanyola del Vallès;Superfície (km²);227;4;30,56;
Cerdanyola del Vallès;Població;227;5;58264;
Cervelló;Comarca;228;1;Baix Llobregat;
Cervelló;Codi;228;2;80689;
Cervelló;Altitud (m);228;3;122;
Cervelló;Superfície (km²);228;4;24,1;
Cervelló;Població;228;5;9726;
Cervera;Comarca;229;1;Segarra;
Cervera;Codi;229;2;250729;
Cervera;Altitud (m);229;3;548;
Cervera;Superfície (km²);229;4;55,19;
Cervera;Població;229;5;9630;
Cervià de les Garrigues;Comarca;230;1;Garrigues;
Cervià de les Garrigues;Codi;230;2;250735;
Cervià de les Garrigues;Altitud (m);230;3;444;
Cervià de les Garrigues;Superfície (km²);230;4;34,2;
Cervià de les Garrigues;Població;230;5;637;
Cervià de Ter;Comarca;231;1;Gironès;
Cervià de Ter;Codi;231;2;170502;
Cervià de Ter;Altitud (m);231;3;45;
Cervià de Ter;Superfície (km²);231;4;9,9;
Cervià de Ter;Població;231;5;1030;
Cistella;Comarca;232;1;Alt Empordà;
Cistella;Codi;232;2;170519;
Cistella;Altitud (m);232;3;130;
Cistella;Superfície (km²);232;4;25,55;
Cistella;Població;232;5;285;
Ciutadilla;Comarca;233;1;Urgell;
Ciutadilla;Codi;233;2;250740;
Ciutadilla;Altitud (m);233;3;519;
Ciutadilla;Superfície (km²);233;4;17,03;
Ciutadilla;Població;233;5;186;
Clariana de Cardener;Comarca;234;1;Solsonès;
Clariana de Cardener;Codi;234;2;250753;
Clariana de Cardener;Altitud (m);234;3;500;
Clariana de Cardener;Superfície (km²);234;4;40,78;
Clariana de Cardener;Població;234;5;160;
Cogul, el;Comarca;235;1;Garrigues;
Cogul, el;Codi;235;2;250766;
Cogul, el;Altitud (m);235;3;279;
Cogul, el;Superfície (km²);235;4;17,51;
Cogul, el;Població;235;5;162;
Colera;Comarca;236;1;Alt Empordà;
Colera;Codi;236;2;170545;
Colera;Altitud (m);236;3;10;
Colera;Superfície (km²);236;4;24,35;
Colera;Població;236;5;489;
Coll de Nargó;Comarca;237;1;Alt Urgell;
Coll de Nargó;Codi;237;2;250772;
Coll de Nargó;Altitud (m);237;3;573;
Coll de Nargó;Superfície (km²);237;4;151,41;
Coll de Nargó;Població;237;5;585;
Collbató;Comarca;238;1;Baix Llobregat;
Collbató;Codi;238;2;80692;
Collbató;Altitud (m);238;3;388;
Collbató;Superfície (km²);238;4;18,07;
Collbató;Població;238;5;4820;
Colldejou;Comarca;239;1;Baix Camp;
Colldejou;Codi;239;2;430458;
Colldejou;Altitud (m);239;3;431;
Colldejou;Superfície (km²);239;4;14,48;
Colldejou;Població;239;5;157;
Collsuspina;Comarca;240;1;Moianès;
Collsuspina;Codi;240;2;80706;
Collsuspina;Altitud (m);240;3;901;
Collsuspina;Superfície (km²);240;4;15,08;
Collsuspina;Població;240;5;390;
Colomers;Comarca;241;1;Baix Empordà;
Colomers;Codi;241;2;170558;
Colomers;Altitud (m);241;3;41;
Colomers;Superfície (km²);241;4;4,35;
Colomers;Població;241;5;206;
Coma i la Pedra, la;Comarca;242;1;Solsonès;
Coma i la Pedra, la;Codi;242;2;251636;
Coma i la Pedra, la;Altitud (m);242;3;1004;
Coma i la Pedra, la;Superfície (km²);242;4;60,62;
Coma i la Pedra, la;Població;242;5;278;
Conca de Dalt;Comarca;243;1;Pallars Jussà;
Conca de Dalt;Codi;243;2;251615;
Conca de Dalt;Altitud (m);243;3;507;
Conca de Dalt;Superfície (km²);243;4;166,48;
Conca de Dalt;Població;243;5;439;
Conesa;Comarca;244;1;Conca de Barberà;
Conesa;Codi;244;2;430461;
Conesa;Altitud (m);244;3;705;
Conesa;Superfície (km²);244;4;29,02;
Conesa;Població;244;5;113;
Constantí;Comarca;245;1;Tarragonès;
Constantí;Codi;245;2;430477;
Constantí;Altitud (m);245;3;81;
Constantí;Superfície (km²);245;4;30,87;
Constantí;Població;245;5;7155;
Copons;Comarca;246;1;Anoia;
Copons;Codi;246;2;80713;
Copons;Altitud (m);246;3;432;
Copons;Superfície (km²);246;4;18,66;
Copons;Població;246;5;352;
Corbera d'Ebre;Comarca;247;1;Terra Alta;
Corbera d'Ebre;Codi;247;2;430483;
Corbera d'Ebre;Altitud (m);247;3;337;
Corbera d'Ebre;Superfície (km²);247;4;53,09;
Corbera d'Ebre;Població;247;5;1024;
Corbera de Llobregat;Comarca;248;1;Baix Llobregat;
Corbera de Llobregat;Codi;248;2;80728;
Corbera de Llobregat;Altitud (m);248;3;342;
Corbera de Llobregat;Superfície (km²);248;4;18,41;
Corbera de Llobregat;Població;248;5;16044;
Corbins;Comarca;249;1;Segrià;
Corbins;Codi;249;2;250788;
Corbins;Altitud (m);249;3;211;
Corbins;Superfície (km²);249;4;21,01;
Corbins;Població;249;5;1490;
Corçà;Comarca;250;1;Baix Empordà;
Corçà;Codi;250;2;170577;
Corçà;Altitud (m);250;3;43;
Corçà;Superfície (km²);250;4;16,29;
Corçà;Població;250;5;1285;
Cornellà de Llobregat;Comarca;251;1;Baix Llobregat;
Cornellà de Llobregat;Codi;251;2;80734;
Cornellà de Llobregat;Altitud (m);251;3;27;
Cornellà de Llobregat;Superfície (km²);251;4;6,99;
Cornellà de Llobregat;Població;251;5;92255;
Cornellà del Terri;Comarca;252;1;Pla de l'Estany;
Cornellà del Terri;Codi;252;2;170561;
Cornellà del Terri;Altitud (m);252;3;96;
Cornellà del Terri;Superfície (km²);252;4;27,71;
Cornellà del Terri;Població;252;5;2413;
Cornudella de Montsant;Comarca;253;1;Priorat;
Cornudella de Montsant;Codi;253;2;430496;
Cornudella de Montsant;Altitud (m);253;3;533;
Cornudella de Montsant;Superfície (km²);253;4;63,5;
Cornudella de Montsant;Població;253;5;1014;
Creixell;Comarca;254;1;Tarragonès;
Creixell;Codi;254;2;430509;
Creixell;Altitud (m);254;3;48;
Creixell;Superfície (km²);254;4;10,46;
Creixell;Població;254;5;4244;
Crespià;Comarca;255;1;Pla de l'Estany;
Crespià;Codi;255;2;170583;
Crespià;Altitud (m);255;3;138;
Crespià;Superfície (km²);255;4;11,38;
Crespià;Població;255;5;253;
Cruïlles, Monells i Sant Sadurní de l'Heura;Comarca;256;1;Baix Empordà;
Cruïlles, Monells i Sant Sadurní de l'Heura;Codi;256;2;179011;
Cruïlles, Monells i Sant Sadurní de l'Heura;Altitud (m);256;3;110;
Cruïlles, Monells i Sant Sadurní de l'Heura;Superfície (km²);256;4;99,84;
Cruïlles, Monells i Sant Sadurní de l'Heura;Població;256;5;1347;
Cubelles;Comarca;257;1;Garraf;
Cubelles;Codi;257;2;80749;
Cubelles;Altitud (m);257;3;12;
Cubelles;Superfície (km²);257;4;13,49;
Cubelles;Població;257;5;17648;
Cubells;Comarca;258;1;Noguera;
Cubells;Codi;258;2;250791;
Cubells;Altitud (m);258;3;499;
Cubells;Superfície (km²);258;4;39,17;
Cubells;Població;258;5;354;
Cunit;Comarca;259;1;Baix Penedès;
Cunit;Codi;259;2;430516;
Cunit;Altitud (m);259;3;10;
Cunit;Superfície (km²);259;4;9,74;
Cunit;Població;259;5;16304;
Darnius;Comarca;260;1;Alt Empordà;
Darnius;Codi;260;2;170600;
Darnius;Altitud (m);260;3;193;
Darnius;Superfície (km²);260;4;34,93;
Darnius;Població;260;5;561;
Das;Comarca;261;1;Cerdanya;
Das;Codi;261;2;170617;
Das;Altitud (m);261;3;1219;
Das;Superfície (km²);261;4;14,58;
Das;Població;261;5;261;
Deltebre;Comarca;262;1;Baix Ebre;
Deltebre;Codi;262;2;439018;
Deltebre;Altitud (m);262;3;6;
Deltebre;Superfície (km²);262;4;107,44;
Deltebre;Població;262;5;12074;
Dosrius;Comarca;263;1;Maresme;
Dosrius;Codi;263;2;80752;
Dosrius;Altitud (m);263;3;147;
Dosrius;Superfície (km²);263;4;40,73;
Dosrius;Població;263;5;6307;
Duesaigües;Comarca;264;1;Baix Camp;
Duesaigües;Codi;264;2;430537;
Duesaigües;Altitud (m);264;3;268;
Duesaigües;Superfície (km²);264;4;13,58;
Duesaigües;Població;264;5;219;
Escala, l';Comarca;265;1;Alt Empordà;
Escala, l';Codi;265;2;170622;
Escala, l';Altitud (m);265;3;14;
Escala, l';Superfície (km²);265;4;16,31;
Escala, l';Població;265;5;10641;
Esparreguera;Comarca;266;1;Baix Llobregat;
Esparreguera;Codi;266;2;80765;
Esparreguera;Altitud (m);266;3;187;
Esparreguera;Superfície (km²);266;4;27,4;
Esparreguera;Població;266;5;22639;
Espinelves;Comarca;267;1;Osona;
Espinelves;Codi;267;2;170638;
Espinelves;Altitud (m);267;3;752;
Espinelves;Superfície (km²);267;4;17,43;
Espinelves;Població;267;5;262;
Espluga Calba, l';Comarca;268;1;Garrigues;
Espluga Calba, l';Codi;268;2;250812;
Espluga Calba, l';Altitud (m);268;3;434;
Espluga Calba, l';Superfície (km²);268;4;21,53;
Espluga Calba, l';Població;268;5;324;
Espluga de Francolí, l';Comarca;269;1;Conca de Barberà;
Espluga de Francolí, l';Codi;269;2;430542;
Espluga de Francolí, l';Altitud (m);269;3;411;
Espluga de Francolí, l';Superfície (km²);269;4;56,97;
Espluga de Francolí, l';Població;269;5;3892;
Esplugues de Llobregat;Comarca;270;1;Baix Llobregat;
Esplugues de Llobregat;Codi;270;2;80771;
Esplugues de Llobregat;Altitud (m);270;3;110;
Esplugues de Llobregat;Superfície (km²);270;4;4,6;
Esplugues de Llobregat;Població;270;5;48424;
Espolla;Comarca;271;1;Alt Empordà;
Espolla;Codi;271;2;170643;
Espolla;Altitud (m);271;3;124;
Espolla;Superfície (km²);271;4;43,55;
Espolla;Població;271;5;399;
Esponellà;Comarca;272;1;Pla de l'Estany;
Esponellà;Codi;272;2;170656;
Esponellà;Altitud (m);272;3;142;
Esponellà;Superfície (km²);272;4;16,06;
Esponellà;Població;272;5;444;
Espot;Comarca;273;1;Pallars Sobirà;
Espot;Codi;273;2;250827;
Espot;Altitud (m);273;3;1318;
Espot;Superfície (km²);273;4;97,3;
Espot;Població;273;5;377;
Espunyola, l';Comarca;274;1;Berguedà;
Espunyola, l';Codi;274;2;80787;
Espunyola, l';Altitud (m);274;3;803;
Espunyola, l';Superfície (km²);274;4;35,46;
Espunyola, l';Població;274;5;260;
Esquirol, l';Comarca;275;1;Osona;
Esquirol, l';Codi;275;2;82541;
Esquirol, l';Altitud (m);275;3;693;
Esquirol, l';Superfície (km²);275;4;61,8;
Esquirol, l';Població;275;5;2303;
Estamariu;Comarca;276;1;Alt Urgell;
Estamariu;Codi;276;2;250886;
Estamariu;Altitud (m);276;3;1084;
Estamariu;Superfície (km²);276;4;21,16;
Estamariu;Població;276;5;134;
Estany, l';Comarca;277;1;Moianès;
Estany, l';Codi;277;2;80790;
Estany, l';Altitud (m);277;3;870;
Estany, l';Superfície (km²);277;4;10,25;
Estany, l';Població;277;5;391;
Estaràs;Comarca;278;1;Segarra;
Estaràs;Codi;278;2;250851;
Estaràs;Altitud (m);278;3;596;
Estaràs;Superfície (km²);278;4;20,99;
Estaràs;Població;278;5;161;
Esterri d'Àneu;Comarca;279;1;Pallars Sobirà;
Esterri d'Àneu;Codi;279;2;250864;
Esterri d'Àneu;Altitud (m);279;3;957;
Esterri d'Àneu;Superfície (km²);279;4;8,49;
Esterri d'Àneu;Població;279;5;914;
Esterri de Cardós;Comarca;280;1;Pallars Sobirà;
Esterri de Cardós;Codi;280;2;250870;
Esterri de Cardós;Altitud (m);280;3;1212;
Esterri de Cardós;Superfície (km²);280;4;16,55;
Esterri de Cardós;Població;280;5;63;
Falset;Comarca;281;1;Priorat;
Falset;Codi;281;2;430555;
Falset;Altitud (m);281;3;364;
Falset;Superfície (km²);281;4;31,62;
Falset;Població;281;5;2892;
Far d'Empordà, el;Comarca;282;1;Alt Empordà;
Far d'Empordà, el;Codi;282;2;170059;
Far d'Empordà, el;Altitud (m);282;3;44;
Far d'Empordà, el;Superfície (km²);282;4;9;
Far d'Empordà, el;Població;282;5;624;
Farrera;Comarca;283;1;Pallars Sobirà;
Farrera;Codi;283;2;250899;
Farrera;Altitud (m);283;3;1294;
Farrera;Superfície (km²);283;4;61,87;
Farrera;Població;283;5;120;
Fatarella, la;Comarca;284;1;Terra Alta;
Fatarella, la;Codi;284;2;430568;
Fatarella, la;Altitud (m);284;3;487;
Fatarella, la;Superfície (km²);284;4;56,52;
Fatarella, la;Població;284;5;841;
Febró, la;Comarca;285;1;Baix Camp;
Febró, la;Codi;285;2;430574;
Febró, la;Altitud (m);285;3;754;
Febró, la;Superfície (km²);285;4;16,08;
Febró, la;Població;285;5;35;
Figaró-Montmany;Comarca;286;1;Vallès Oriental;
Figaró-Montmany;Codi;286;2;81347;
Figaró-Montmany;Altitud (m);286;3;330;
Figaró-Montmany;Superfície (km²);286;4;14,99;
Figaró-Montmany;Població;286;5;1187;
Fígols;Comarca;287;1;Berguedà;
Fígols;Codi;287;2;80804;
Fígols;Altitud (m);287;3;1154;
Fígols;Superfície (km²);287;4;29,31;
Fígols;Població;287;5;41;
Fígols i Alinyà;Comarca;288;1;Alt Urgell;
Fígols i Alinyà;Codi;288;2;259084;
Fígols i Alinyà;Altitud (m);288;3;602;
Fígols i Alinyà;Superfície (km²);288;4;101,8;
Fígols i Alinyà;Població;288;5;235;
Figuera, la;Comarca;289;1;Priorat;
Figuera, la;Codi;289;2;430580;
Figuera, la;Altitud (m);289;3;576;
Figuera, la;Superfície (km²);289;4;18,69;
Figuera, la;Població;289;5;116;
Figueres;Comarca;290;1;Alt Empordà;
Figueres;Codi;290;2;170669;
Figueres;Altitud (m);290;3;39;
Figueres;Superfície (km²);290;4;19,3;
Figueres;Població;290;5;49556;
Figuerola del Camp;Comarca;291;1;Alt Camp;
Figuerola del Camp;Codi;291;2;430593;
Figuerola del Camp;Altitud (m);291;3;474;
Figuerola del Camp;Superfície (km²);291;4;22,72;
Figuerola del Camp;Població;291;5;343;
Flaçà;Comarca;292;1;Gironès;
Flaçà;Codi;292;2;170675;
Flaçà;Altitud (m);292;3;34;
Flaçà;Superfície (km²);292;4;6,53;
Flaçà;Població;292;5;1174;
Flix;Comarca;293;1;Ribera d'Ebre;
Flix;Codi;293;2;430607;
Flix;Altitud (m);293;3;47;
Flix;Superfície (km²);293;4;116,9;
Flix;Població;293;5;3342;
Floresta, la;Comarca;294;1;Garrigues;
Floresta, la;Codi;294;2;250925;
Floresta, la;Altitud (m);294;3;316;
Floresta, la;Superfície (km²);294;4;5,46;
Floresta, la;Població;294;5;159;
Fogars de la Selva;Comarca;295;1;Selva;
Fogars de la Selva;Codi;295;2;80826;
Fogars de la Selva;Altitud (m);295;3;45;
Fogars de la Selva;Superfície (km²);295;4;32,12;
Fogars de la Selva;Població;295;5;1705;
Fogars de Montclús;Comarca;296;1;Vallès Oriental;
Fogars de Montclús;Codi;296;2;80811;
Fogars de Montclús;Altitud (m);296;3;386;
Fogars de Montclús;Superfície (km²);296;4;39,72;
Fogars de Montclús;Població;296;5;493;
Foixà;Comarca;297;1;Baix Empordà;
Foixà;Codi;297;2;170681;
Foixà;Altitud (m);297;3;85;
Foixà;Superfície (km²);297;4;18,8;
Foixà;Població;297;5;298;
Folgueroles;Comarca;298;1;Osona;
Folgueroles;Codi;298;2;80832;
Folgueroles;Altitud (m);298;3;552;
Folgueroles;Superfície (km²);298;4;10,47;
Folgueroles;Població;298;5;2262;
Fondarella;Comarca;299;1;Pla d'Urgell;
Fondarella;Codi;299;2;250931;
Fondarella;Altitud (m);299;3;243;
Fondarella;Superfície (km²);299;4;5,43;
Fondarella;Població;299;5;828;
Fonollosa;Comarca;300;1;Bages;
Fonollosa;Codi;300;2;80847;
Fonollosa;Altitud (m);300;3;525;
Fonollosa;Superfície (km²);300;4;51,67;
Fonollosa;Població;300;5;1571;
Fontanals de Cerdanya;Comarca;301;1;Cerdanya;
Fontanals de Cerdanya;Codi;301;2;170694;
Fontanals de Cerdanya;Altitud (m);301;3;1180;
Fontanals de Cerdanya;Superfície (km²);301;4;28,65;
Fontanals de Cerdanya;Població;301;5;516;
Fontanilles;Comarca;302;1;Baix Empordà;
Fontanilles;Codi;302;2;170708;
Fontanilles;Altitud (m);302;3;29;
Fontanilles;Superfície (km²);302;4;9,28;
Fontanilles;Població;302;5;170;
Fontcoberta;Comarca;303;1;Pla de l'Estany;
Fontcoberta;Codi;303;2;170715;
Fontcoberta;Altitud (m);303;3;207;
Fontcoberta;Superfície (km²);303;4;17,28;
Fontcoberta;Població;303;5;1482;
Font-rubí;Comarca;304;1;Alt Penedès;
Font-rubí;Codi;304;2;80850;
Font-rubí;Altitud (m);304;3;319;
Font-rubí;Superfície (km²);304;4;37,42;
Font-rubí;Població;304;5;1436;
Foradada;Comarca;305;1;Noguera;
Foradada;Codi;305;2;250946;
Foradada;Altitud (m);305;3;455;
Foradada;Superfície (km²);305;4;28,55;
Foradada;Població;305;5;194;
Forallac;Comarca;306;1;Baix Empordà;
Forallac;Codi;306;2;179026;
Forallac;Altitud (m);306;3;51;
Forallac;Superfície (km²);306;4;50,63;
Forallac;Població;306;5;1786;
Forès;Comarca;307;1;Conca de Barberà;
Forès;Codi;307;2;430614;
Forès;Altitud (m);307;3;866;
Forès;Superfície (km²);307;4;16,03;
Forès;Població;307;5;39;
Fornells de la Selva;Comarca;308;1;Gironès;
Fornells de la Selva;Codi;308;2;170736;
Fornells de la Selva;Altitud (m);308;3;102;
Fornells de la Selva;Superfície (km²);308;4;11,86;
Fornells de la Selva;Població;308;5;2813;
Fortià;Comarca;309;1;Alt Empordà;
Fortià;Codi;309;2;170741;
Fortià;Altitud (m);309;3;8;
Fortià;Superfície (km²);309;4;10,76;
Fortià;Població;309;5;789;
Franqueses del Vallès, les;Comarca;310;1;Vallès Oriental;
Franqueses del Vallès, les;Codi;310;2;80863;
Franqueses del Vallès, les;Altitud (m);310;3;181;
Franqueses del Vallès, les;Superfície (km²);310;4;29,14;
Franqueses del Vallès, les;Població;310;5;20855;
Freginals;Comarca;311;1;Montsià;
Freginals;Codi;311;2;430629;
Freginals;Altitud (m);311;3;126;
Freginals;Superfície (km²);311;4;17,59;
Freginals;Població;311;5;445;
Fuliola, la;Comarca;312;1;Urgell;
Fuliola, la;Codi;312;2;250962;
Fuliola, la;Altitud (m);312;3;275;
Fuliola, la;Superfície (km²);312;4;11,05;
Fuliola, la;Població;312;5;1277;
Fulleda;Comarca;313;1;Garrigues;
Fulleda;Codi;313;2;250978;
Fulleda;Altitud (m);313;3;581;
Fulleda;Superfície (km²);313;4;16,18;
Fulleda;Població;313;5;87;
Gaià;Comarca;314;1;Bages;
Gaià;Codi;314;2;80902;
Gaià;Altitud (m);314;3;481;
Gaià;Superfície (km²);314;4;39,48;
Gaià;Població;314;5;174;
Galera, la;Comarca;315;1;Montsià;
Galera, la;Codi;315;2;430635;
Galera, la;Altitud (m);315;3;112;
Galera, la;Superfície (km²);315;4;27,47;
Galera, la;Població;315;5;731;
Gallifa;Comarca;316;1;Vallès Occidental;
Gallifa;Codi;316;2;80879;
Gallifa;Altitud (m);316;3;502;
Gallifa;Superfície (km²);316;4;16,33;
Gallifa;Població;316;5;171;
Gandesa;Comarca;317;1;Terra Alta;
Gandesa;Codi;317;2;430640;
Gandesa;Altitud (m);317;3;363;
Gandesa;Superfície (km²);317;4;71,15;
Gandesa;Població;317;5;3151;
Garcia;Comarca;318;1;Ribera d'Ebre;
Garcia;Codi;318;2;430653;
Garcia;Altitud (m);318;3;73;
Garcia;Superfície (km²);318;4;52,37;
Garcia;Població;318;5;555;
Garidells, els;Comarca;319;1;Alt Camp;
Garidells, els;Codi;319;2;430666;
Garidells, els;Altitud (m);319;3;132;
Garidells, els;Superfície (km²);319;4;3,07;
Garidells, els;Població;319;5;211;
Garriga, la;Comarca;320;1;Vallès Oriental;
Garriga, la;Codi;320;2;80885;
Garriga, la;Altitud (m);320;3;252;
Garriga, la;Superfície (km²);320;4;18,8;
Garriga, la;Població;320;5;17386;
Garrigàs;Comarca;321;1;Alt Empordà;
Garrigàs;Codi;321;2;170754;
Garrigàs;Altitud (m);321;3;101;
Garrigàs;Superfície (km²);321;4;19,89;
Garrigàs;Població;321;5;479;
Garrigoles;Comarca;322;1;Baix Empordà;
Garrigoles;Codi;322;2;170767;
Garrigoles;Altitud (m);322;3;92;
Garrigoles;Superfície (km²);322;4;9,4;
Garrigoles;Població;322;5;183;
Garriguella;Comarca;323;1;Alt Empordà;
Garriguella;Codi;323;2;170773;
Garriguella;Altitud (m);323;3;56;
Garriguella;Superfície (km²);323;4;21,01;
Garriguella;Població;323;5;989;
Gavà;Comarca;324;1;Baix Llobregat;
Gavà;Codi;324;2;80898;
Gavà;Altitud (m);324;3;9;
Gavà;Superfície (km²);324;4;30,75;
Gavà;Població;324;5;48181;
Gavet de la Conca;Comarca;325;1;Pallars Jussà;
Gavet de la Conca;Codi;325;2;250984;
Gavet de la Conca;Altitud (m);325;3;421;
Gavet de la Conca;Superfície (km²);325;4;90,9;
Gavet de la Conca;Població;325;5;257;
Gelida;Comarca;326;1;Alt Penedès;
Gelida;Codi;326;2;80919;
Gelida;Altitud (m);326;3;196;
Gelida;Superfície (km²);326;4;26,7;
Gelida;Població;326;5;8192;
Ger;Comarca;327;1;Cerdanya;
Ger;Codi;327;2;170789;
Ger;Altitud (m);327;3;1135;
Ger;Superfície (km²);327;4;33,38;
Ger;Població;327;5;501;
Gimenells i el Pla de la Font;Comarca;328;1;Segrià;
Gimenells i el Pla de la Font;Codi;328;2;259123;
Gimenells i el Pla de la Font;Altitud (m);328;3;258;
Gimenells i el Pla de la Font;Superfície (km²);328;4;55,84;
Gimenells i el Pla de la Font;Població;328;5;1072;
Ginestar;Comarca;329;1;Ribera d'Ebre;
Ginestar;Codi;329;2;430672;
Ginestar;Altitud (m);329;3;26;
Ginestar;Superfície (km²);329;4;15,84;
Ginestar;Població;329;5;799;
Girona;Comarca;330;1;Gironès;
Girona;Codi;330;2;170792;
Girona;Altitud (m);330;3;70;
Girona;Superfície (km²);330;4;39,12;
Girona;Població;330;5;108352;
Gironella;Comarca;331;1;Berguedà;
Gironella;Codi;331;2;80924;
Gironella;Altitud (m);331;3;469;
Gironella;Superfície (km²);331;4;6,78;
Gironella;Població;331;5;5082;
Gisclareny;Comarca;332;1;Berguedà;
Gisclareny;Codi;332;2;80930;
Gisclareny;Altitud (m);332;3;1340;
Gisclareny;Superfície (km²);332;4;36,47;
Gisclareny;Població;332;5;28;
Godall;Comarca;333;1;Montsià;
Godall;Codi;333;2;430688;
Godall;Altitud (m);333;3;168;
Godall;Superfície (km²);333;4;33,62;
Godall;Població;333;5;600;
Golmés;Comarca;334;1;Pla d'Urgell;
Golmés;Codi;334;2;250997;
Golmés;Altitud (m);334;3;275;
Golmés;Superfície (km²);334;4;16,62;
Golmés;Població;334;5;1914;
Gombrèn;Comarca;335;1;Ripollès;
Gombrèn;Codi;335;2;170806;
Gombrèn;Altitud (m);335;3;919;
Gombrèn;Superfície (km²);335;4;43,26;
Gombrèn;Població;335;5;206;
Gósol;Comarca;336;1;Berguedà;
Gósol;Codi;336;2;251001;
Gósol;Altitud (m);336;3;1423;
Gósol;Superfície (km²);336;4;56,29;
Gósol;Població;336;5;207;
Granada, la;Comarca;337;1;Alt Penedès;
Granada, la;Codi;337;2;80945;
Granada, la;Altitud (m);337;3;272;
Granada, la;Superfície (km²);337;4;6,52;
Granada, la;Població;337;5;2281;
Granadella, la;Comarca;338;1;Garrigues;
Granadella, la;Codi;338;2;251018;
Granadella, la;Altitud (m);338;3;528;
Granadella, la;Superfície (km²);338;4;88,7;
Granadella, la;Població;338;5;751;
Granera;Comarca;339;1;Moianès;
Granera;Codi;339;2;80958;
Granera;Altitud (m);339;3;782;
Granera;Superfície (km²);339;4;23,73;
Granera;Població;339;5;83;
Granja d'Escarp, la;Comarca;340;1;Segrià;
Granja d'Escarp, la;Codi;340;2;251023;
Granja d'Escarp, la;Altitud (m);340;3;78;
Granja d'Escarp, la;Superfície (km²);340;4;38,51;
Granja d'Escarp, la;Població;340;5;994;
Granollers;Comarca;341;1;Vallès Oriental;
Granollers;Codi;341;2;80961;
Granollers;Altitud (m);341;3;145;
Granollers;Superfície (km²);341;4;14,87;
Granollers;Població;341;5;65123;
Granyanella;Comarca;342;1;Segarra;
Granyanella;Codi;342;2;251039;
Granyanella;Altitud (m);342;3;508;
Granyanella;Superfície (km²);342;4;24,35;
Granyanella;Població;342;5;154;
Granyena de les Garrigues;Comarca;343;1;Garrigues;
Granyena de les Garrigues;Codi;343;2;251057;
Granyena de les Garrigues;Altitud (m);343;3;366;
Granyena de les Garrigues;Superfície (km²);343;4;20,47;
Granyena de les Garrigues;Població;343;5;174;
Granyena de Segarra;Comarca;344;1;Segarra;
Granyena de Segarra;Codi;344;2;251044;
Granyena de Segarra;Altitud (m);344;3;636;
Granyena de Segarra;Superfície (km²);344;4;16,3;
Granyena de Segarra;Població;344;5;149;
Gratallops;Comarca;345;1;Priorat;
Gratallops;Codi;345;2;430691;
Gratallops;Altitud (m);345;3;321;
Gratallops;Superfície (km²);345;4;13,52;
Gratallops;Població;345;5;227;
Gualba;Comarca;346;1;Vallès Oriental;
Gualba;Codi;346;2;80977;
Gualba;Altitud (m);346;3;177;
Gualba;Superfície (km²);346;4;23,29;
Gualba;Població;346;5;1753;
Gualta;Comarca;347;1;Baix Empordà;
Gualta;Codi;347;2;170813;
Gualta;Altitud (m);347;3;15;
Gualta;Superfície (km²);347;4;9,02;
Gualta;Població;347;5;437;
Guardiola de Berguedà;Comarca;348;1;Berguedà;
Guardiola de Berguedà;Codi;348;2;80996;
Guardiola de Berguedà;Altitud (m);348;3;720;
Guardiola de Berguedà;Superfície (km²);348;4;61,73;
Guardiola de Berguedà;Població;348;5;962;
Guiamets, els;Comarca;349;1;Priorat;
Guiamets, els;Codi;349;2;430705;
Guiamets, els;Altitud (m);349;3;226;
Guiamets, els;Superfície (km²);349;4;12,14;
Guiamets, els;Població;349;5;253;
Guils de Cerdanya;Comarca;350;1;Cerdanya;
Guils de Cerdanya;Codi;350;2;170828;
Guils de Cerdanya;Altitud (m);350;3;1385;
Guils de Cerdanya;Superfície (km²);350;4;22,02;
Guils de Cerdanya;Població;350;5;559;
Guimerà;Comarca;351;1;Urgell;
Guimerà;Codi;351;2;251095;
Guimerà;Altitud (m);351;3;555;
Guimerà;Superfície (km²);351;4;25,76;
Guimerà;Població;351;5;253;
Guingueta d'Àneu, la;Comarca;352;1;Pallars Sobirà;
Guingueta d'Àneu, la;Codi;352;2;259031;
Guingueta d'Àneu, la;Altitud (m);352;3;919;
Guingueta d'Àneu, la;Superfície (km²);352;4;108,42;
Guingueta d'Àneu, la;Població;352;5;276;
Guissona;Comarca;353;1;Segarra;
Guissona;Codi;353;2;251109;
Guissona;Altitud (m);353;3;484;
Guissona;Superfície (km²);353;4;18,1;
Guissona;Població;353;5;7715;
Guixers;Comarca;354;1;Solsonès;
Guixers;Codi;354;2;251116;
Guixers;Altitud (m);354;3;840;
Guixers;Superfície (km²);354;4;66,44;
Guixers;Població;354;5;125;
Gurb;Comarca;355;1;Osona;
Gurb;Codi;355;2;81000;
Gurb;Altitud (m);355;3;516;
Gurb;Superfície (km²);355;4;51,57;
Gurb;Població;355;5;2738;
Horta de Sant Joan;Comarca;356;1;Terra Alta;
Horta de Sant Joan;Codi;356;2;430712;
Horta de Sant Joan;Altitud (m);356;3;542;
Horta de Sant Joan;Superfície (km²);356;4;118,99;
Horta de Sant Joan;Població;356;5;1156;
Hospitalet de Llobregat, l';Comarca;357;1;Barcelonès;
Hospitalet de Llobregat, l';Codi;357;2;81017;
Hospitalet de Llobregat, l';Altitud (m);357;3;8;
Hospitalet de Llobregat, l';Superfície (km²);357;4;12,4;
Hospitalet de Llobregat, l';Població;357;5;292161;
Hostalets de Pierola, els;Comarca;358;1;Anoia;
Hostalets de Pierola, els;Codi;358;2;81629;
Hostalets de Pierola, els;Altitud (m);358;3;361;
Hostalets de Pierola, els;Superfície (km²);358;4;33,49;
Hostalets de Pierola, els;Població;358;5;3254;
Hostalric;Comarca;359;1;Selva;
Hostalric;Codi;359;2;170834;
Hostalric;Altitud (m);359;3;189;
Hostalric;Superfície (km²);359;4;3,39;
Hostalric;Població;359;5;4464;
Igualada;Comarca;360;1;Anoia;
Igualada;Codi;360;2;81022;
Igualada;Altitud (m);360;3;313;
Igualada;Superfície (km²);360;4;8,11;
Igualada;Població;360;5;42449;
Isona i Conca Dellà;Comarca;361;1;Pallars Jussà;
Isona i Conca Dellà;Codi;361;2;251155;
Isona i Conca Dellà;Altitud (m);361;3;659;
Isona i Conca Dellà;Superfície (km²);361;4;139,37;
Isona i Conca Dellà;Població;361;5;1034;
Isòvol;Comarca;362;1;Cerdanya;
Isòvol;Codi;362;2;170849;
Isòvol;Altitud (m);362;3;1088;
Isòvol;Superfície (km²);362;4;10,81;
Isòvol;Població;362;5;314;
Ivars d'Urgell;Comarca;363;1;Pla d'Urgell;
Ivars d'Urgell;Codi;363;2;251137;
Ivars d'Urgell;Altitud (m);363;3;265;
Ivars d'Urgell;Superfície (km²);363;4;24,32;
Ivars d'Urgell;Població;363;5;1598;
Ivars de Noguera;Comarca;364;1;Noguera;
Ivars de Noguera;Codi;364;2;251121;
Ivars de Noguera;Altitud (m);364;3;314;
Ivars de Noguera;Superfície (km²);364;4;27,14;
Ivars de Noguera;Població;364;5;318;
Ivorra;Comarca;365;1;Segarra;
Ivorra;Codi;365;2;251142;
Ivorra;Altitud (m);365;3;567;
Ivorra;Superfície (km²);365;4;15,36;
Ivorra;Població;365;5;101;
Jafre;Comarca;366;1;Baix Empordà;
Jafre;Codi;366;2;170852;
Jafre;Altitud (m);366;3;44;
Jafre;Superfície (km²);366;4;6,64;
Jafre;Població;366;5;384;
Jonquera, la;Comarca;367;1;Alt Empordà;
Jonquera, la;Codi;367;2;170865;
Jonquera, la;Altitud (m);367;3;110;
Jonquera, la;Superfície (km²);367;4;56,93;
Jonquera, la;Població;367;5;3410;
Jorba;Comarca;368;1;Anoia;
Jorba;Codi;368;2;81038;
Jorba;Altitud (m);368;3;380;
Jorba;Superfície (km²);368;4;30,9;
Jorba;Població;368;5;849;
Josa i Tuixén;Comarca;369;1;Alt Urgell;
Josa i Tuixén;Codi;369;2;259101;
Josa i Tuixén;Altitud (m);369;3;1206;
Josa i Tuixén;Superfície (km²);369;4;68,16;
Josa i Tuixén;Població;369;5;110;
Juià;Comarca;370;1;Gironès;
Juià;Codi;370;2;170871;
Juià;Altitud (m);370;3;94;
Juià;Superfície (km²);370;4;8,36;
Juià;Població;370;5;320;
Juncosa;Comarca;371;1;Garrigues;
Juncosa;Codi;371;2;251180;
Juncosa;Altitud (m);371;3;575;
Juncosa;Superfície (km²);371;4;76,49;
Juncosa;Població;371;5;379;
Juneda;Comarca;372;1;Garrigues;
Juneda;Codi;372;2;251193;
Juneda;Altitud (m);372;3;264;
Juneda;Superfície (km²);372;4;47,33;
Juneda;Població;372;5;3523;
Les;Comarca;373;1;Aran;
Les;Codi;373;2;251214;
Les;Altitud (m);373;3;634;
Les;Superfície (km²);373;4;23,45;
Les;Població;373;5;1052;
Linyola;Comarca;374;1;Pla d'Urgell;
Linyola;Codi;374;2;251229;
Linyola;Altitud (m);374;3;248;
Linyola;Superfície (km²);374;4;28,66;
Linyola;Població;374;5;2755;
Llacuna, la;Comarca;375;1;Anoia;
Llacuna, la;Codi;375;2;81043;
Llacuna, la;Altitud (m);375;3;615;
Llacuna, la;Superfície (km²);375;4;52,23;
Llacuna, la;Població;375;5;961;
Lladó;Comarca;376;1;Alt Empordà;
Lladó;Codi;376;2;170887;
Lladó;Altitud (m);376;3;197;
Lladó;Superfície (km²);376;4;13,5;
Lladó;Població;376;5;823;
Lladorre;Comarca;377;1;Pallars Sobirà;
Lladorre;Codi;377;2;251235;
Lladorre;Altitud (m);377;3;1052;
Lladorre;Superfície (km²);377;4;146,98;
Lladorre;Població;377;5;246;
Lladurs;Comarca;378;1;Solsonès;
Lladurs;Codi;378;2;251240;
Lladurs;Altitud (m);378;3;834;
Lladurs;Superfície (km²);378;4;128,03;
Lladurs;Població;378;5;186;
Llagosta, la;Comarca;379;1;Vallès Oriental;
Llagosta, la;Codi;379;2;81056;
Llagosta, la;Altitud (m);379;3;45;
Llagosta, la;Superfície (km²);379;4;3,03;
Llagosta, la;Població;379;5;13254;
Llagostera;Comarca;380;1;Gironès;
Llagostera;Codi;380;2;170890;
Llagostera;Altitud (m);380;3;160;
Llagostera;Superfície (km²);380;4;76,38;
Llagostera;Població;380;5;9579;
Llambilles;Comarca;381;1;Gironès;
Llambilles;Codi;381;2;170904;
Llambilles;Altitud (m);381;3;143;
Llambilles;Superfície (km²);381;4;14,58;
Llambilles;Població;381;5;732;
Llanars;Comarca;382;1;Ripollès;
Llanars;Codi;382;2;170911;
Llanars;Altitud (m);382;3;983;
Llanars;Superfície (km²);382;4;24,73;
Llanars;Població;382;5;517;
Llançà;Comarca;383;1;Alt Empordà;
Llançà;Codi;383;2;170926;
Llançà;Altitud (m);383;3;4;
Llançà;Superfície (km²);383;4;27,98;
Llançà;Població;383;5;5033;
Llardecans;Comarca;384;1;Segrià;
Llardecans;Codi;384;2;251253;
Llardecans;Altitud (m);384;3;397;
Llardecans;Superfície (km²);384;4;66,04;
Llardecans;Població;384;5;444;
Llavorsí;Comarca;385;1;Pallars Sobirà;
Llavorsí;Codi;385;2;251266;
Llavorsí;Altitud (m);385;3;811;
Llavorsí;Superfície (km²);385;4;68,51;
Llavorsí;Població;385;5;343;
Lleida;Comarca;386;1;Segrià;
Lleida;Codi;386;2;251207;
Lleida;Altitud (m);386;3;155;
Lleida;Superfície (km²);386;4;212,3;
Lleida;Població;386;5;147369;
Llers;Comarca;387;1;Alt Empordà;
Llers;Codi;387;2;170932;
Llers;Altitud (m);387;3;142;
Llers;Superfície (km²);387;4;21,28;
Llers;Població;387;5;1268;
Lles de Cerdanya;Comarca;388;1;Cerdanya;
Lles de Cerdanya;Codi;388;2;251272;
Lles de Cerdanya;Altitud (m);388;3;1471;
Lles de Cerdanya;Superfície (km²);388;4;102,79;
Lles de Cerdanya;Població;388;5;294;
Lliçà d'Amunt;Comarca;389;1;Vallès Oriental;
Lliçà d'Amunt;Codi;389;2;81075;
Lliçà d'Amunt;Altitud (m);389;3;145;
Lliçà d'Amunt;Superfície (km²);389;4;22,33;
Lliçà d'Amunt;Població;389;5;16519;
Lliçà de Vall;Comarca;390;1;Vallès Oriental;
Lliçà de Vall;Codi;390;2;81081;
Lliçà de Vall;Altitud (m);390;3;125;
Lliçà de Vall;Superfície (km²);390;4;10,83;
Lliçà de Vall;Població;390;5;6891;
Llimiana;Comarca;391;1;Pallars Jussà;
Llimiana;Codi;391;2;251288;
Llimiana;Altitud (m);391;3;790;
Llimiana;Superfície (km²);391;4;41,68;
Llimiana;Població;391;5;130;
Llinars del Vallès;Comarca;392;1;Vallès Oriental;
Llinars del Vallès;Codi;392;2;81069;
Llinars del Vallès;Altitud (m);392;3;198;
Llinars del Vallès;Superfície (km²);392;4;27,63;
Llinars del Vallès;Població;392;5;10931;
Llívia;Comarca;393;1;Cerdanya;
Llívia;Codi;393;2;170947;
Llívia;Altitud (m);393;3;1224;
Llívia;Superfície (km²);393;4;12,93;
Llívia;Població;393;5;1572;
Lloar, el;Comarca;394;1;Priorat;
Lloar, el;Codi;394;2;430727;
Lloar, el;Altitud (m);394;3;219;
Lloar, el;Superfície (km²);394;4;6,64;
Lloar, el;Població;394;5;100;
Llobera;Comarca;395;1;Solsonès;
Llobera;Codi;395;2;251291;
Llobera;Altitud (m);395;3;855;
Llobera;Superfície (km²);395;4;39,23;
Llobera;Població;395;5;201;
Llorac;Comarca;396;1;Conca de Barberà;
Llorac;Codi;396;2;430733;
Llorac;Altitud (m);396;3;648;
Llorac;Superfície (km²);396;4;23,33;
Llorac;Població;396;5;105;
Llorenç del Penedès;Comarca;397;1;Baix Penedès;
Llorenç del Penedès;Codi;397;2;430748;
Llorenç del Penedès;Altitud (m);397;3;162;
Llorenç del Penedès;Superfície (km²);397;4;4,61;
Llorenç del Penedès;Població;397;5;2426;
Lloret de Mar;Comarca;398;1;Selva;
Lloret de Mar;Codi;398;2;170950;
Lloret de Mar;Altitud (m);398;3;5;
Lloret de Mar;Superfície (km²);398;4;48,71;
Lloret de Mar;Població;398;5;41944;
Llosses, les;Comarca;399;1;Ripollès;
Llosses, les;Codi;399;2;170963;
Llosses, les;Altitud (m);399;3;895;
Llosses, les;Superfície (km²);399;4;114,02;
Llosses, les;Població;399;5;197;
Lluçà;Comarca;400;1;Lluçanès;
Lluçà;Codi;400;2;81094;
Lluçà;Altitud (m);400;3;745;
Lluçà;Superfície (km²);400;4;52,98;
Lluçà;Població;400;5;280;
Maçanet de Cabrenys;Comarca;401;1;Alt Empordà;
Maçanet de Cabrenys;Codi;401;2;171024;
Maçanet de Cabrenys;Altitud (m);401;3;370;
Maçanet de Cabrenys;Superfície (km²);401;4;67,91;
Maçanet de Cabrenys;Població;401;5;768;
Maçanet de la Selva;Comarca;402;1;Selva;
Maçanet de la Selva;Codi;402;2;171030;
Maçanet de la Selva;Altitud (m);402;3;100;
Maçanet de la Selva;Superfície (km²);402;4;45,58;
Maçanet de la Selva;Població;402;5;8065;
Madremanya;Comarca;403;1;Gironès;
Madremanya;Codi;403;2;170979;
Madremanya;Altitud (m);403;3;177;
Madremanya;Superfície (km²);403;4;13,72;
Madremanya;Població;403;5;277;
Maià de Montcal;Comarca;404;1;Garrotxa;
Maià de Montcal;Codi;404;2;170985;
Maià de Montcal;Altitud (m);404;3;241;
Maià de Montcal;Superfície (km²);404;4;17,29;
Maià de Montcal;Població;404;5;498;
Maials;Comarca;405;1;Segrià;
Maials;Codi;405;2;251333;
Maials;Altitud (m);405;3;395;
Maials;Superfície (km²);405;4;57,08;
Maials;Població;405;5;945;
Maldà;Comarca;406;1;Urgell;
Maldà;Codi;406;2;251305;
Maldà;Altitud (m);406;3;428;
Maldà;Superfície (km²);406;4;31,36;
Maldà;Població;406;5;240;
Malgrat de Mar;Comarca;407;1;Maresme;
Malgrat de Mar;Codi;407;2;81108;
Malgrat de Mar;Altitud (m);407;3;4;
Malgrat de Mar;Superfície (km²);407;4;8,82;
Malgrat de Mar;Població;407;5;19630;
Malla;Comarca;408;1;Osona;
Malla;Codi;408;2;81115;
Malla;Altitud (m);408;3;580;
Malla;Superfície (km²);408;4;11,01;
Malla;Població;408;5;286;
Manlleu;Comarca;409;1;Osona;
Manlleu;Codi;409;2;81120;
Manlleu;Altitud (m);409;3;461;
Manlleu;Superfície (km²);409;4;17,17;
Manlleu;Població;409;5;21321;
Manresa;Comarca;410;1;Bages;
Manresa;Codi;410;2;81136;
Manresa;Altitud (m);410;3;238;
Manresa;Superfície (km²);410;4;41,64;
Manresa;Població;410;5;80692;
Marçà;Comarca;411;1;Priorat;
Marçà;Codi;411;2;430764;
Marçà;Altitud (m);411;3;315;
Marçà;Superfície (km²);411;4;16,06;
Marçà;Població;411;5;624;
Margalef;Comarca;412;1;Priorat;
Margalef;Codi;412;2;430751;
Margalef;Altitud (m);412;3;379;
Margalef;Superfície (km²);412;4;34,66;
Margalef;Població;412;5;110;
Marganell;Comarca;413;1;Bages;
Marganell;Codi;413;2;82423;
Marganell;Altitud (m);413;3;291;
Marganell;Superfície (km²);413;4;13,53;
Marganell;Població;413;5;311;
Martorell;Comarca;414;1;Baix Llobregat;
Martorell;Codi;414;2;81141;
Martorell;Altitud (m);414;3;56;
Martorell;Superfície (km²);414;4;12,76;
Martorell;Població;414;5;28989;
Martorelles;Comarca;415;1;Vallès Oriental;
Martorelles;Codi;415;2;81154;
Martorelles;Altitud (m);415;3;96;
Martorelles;Superfície (km²);415;4;3,61;
Martorelles;Població;415;5;4987;
Mas de Barberans;Comarca;416;1;Montsià;
Mas de Barberans;Codi;416;2;430770;
Mas de Barberans;Altitud (m);416;3;348;
Mas de Barberans;Superfície (km²);416;4;78,8;
Mas de Barberans;Població;416;5;535;
Masarac i Vilarnadal;Comarca;417;1;Alt Empordà;
Masarac i Vilarnadal;Codi;417;2;171002;
Masarac i Vilarnadal;Altitud (m);417;3;85;
Masarac i Vilarnadal;Superfície (km²);417;4;12,55;
Masarac i Vilarnadal;Població;417;5;291;
Masdenverge;Comarca;418;1;Montsià;
Masdenverge;Codi;418;2;430786;
Masdenverge;Altitud (m);418;3;54;
Masdenverge;Superfície (km²);418;4;14,61;
Masdenverge;Població;418;5;1145;
Masies de Roda, les;Comarca;419;1;Osona;
Masies de Roda, les;Codi;419;2;81167;
Masies de Roda, les;Altitud (m);419;3;468;
Masies de Roda, les;Superfície (km²);419;4;16,46;
Masies de Roda, les;Població;419;5;758;
Masies de Voltregà, les;Comarca;420;1;Osona;
Masies de Voltregà, les;Codi;420;2;81173;
Masies de Voltregà, les;Altitud (m);420;3;533;
Masies de Voltregà, les;Superfície (km²);420;4;22,35;
Masies de Voltregà, les;Població;420;5;3345;
Masllorenç;Comarca;421;1;Baix Penedès;
Masllorenç;Codi;421;2;430799;
Masllorenç;Altitud (m);421;3;304;
Masllorenç;Superfície (km²);421;4;6,55;
Masllorenç;Població;421;5;568;
Masnou, el;Comarca;422;1;Maresme;
Masnou, el;Codi;422;2;81189;
Masnou, el;Altitud (m);422;3;27;
Masnou, el;Superfície (km²);422;4;3,39;
Masnou, el;Població;422;5;24727;
Masó, la;Comarca;423;1;Alt Camp;
Masó, la;Codi;423;2;430803;
Masó, la;Altitud (m);423;3;115;
Masó, la;Superfície (km²);423;4;3,57;
Masó, la;Població;423;5;308;
Maspujols;Comarca;424;1;Baix Camp;
Maspujols;Codi;424;2;430810;
Maspujols;Altitud (m);424;3;214;
Maspujols;Superfície (km²);424;4;3,66;
Maspujols;Població;424;5;917;
Masquefa;Comarca;425;1;Anoia;
Masquefa;Codi;425;2;81192;
Masquefa;Altitud (m);425;3;257;
Masquefa;Superfície (km²);425;4;17,06;
Masquefa;Població;425;5;10111;
Masroig, el;Comarca;426;1;Priorat;
Masroig, el;Codi;426;2;430825;
Masroig, el;Altitud (m);426;3;192;
Masroig, el;Superfície (km²);426;4;15,51;
Masroig, el;Població;426;5;477;
Massalcoreig;Comarca;427;1;Segrià;
Massalcoreig;Codi;427;2;251312;
Massalcoreig;Altitud (m);427;3;94;
Massalcoreig;Superfície (km²);427;4;14,14;
Massalcoreig;Població;427;5;589;
Massanes;Comarca;428;1;Selva;
Massanes;Codi;428;2;171019;
Massanes;Altitud (m);428;3;164;
Massanes;Superfície (km²);428;4;26,07;
Massanes;Població;428;5;881;
Massoteres;Comarca;429;1;Segarra;
Massoteres;Codi;429;2;251327;
Massoteres;Altitud (m);429;3;502;
Massoteres;Superfície (km²);429;4;26,11;
Massoteres;Població;429;5;226;
Matadepera;Comarca;430;1;Vallès Occidental;
Matadepera;Codi;430;2;81206;
Matadepera;Altitud (m);430;3;423;
Matadepera;Superfície (km²);430;4;25,36;
Matadepera;Població;430;5;9808;
Mataró;Comarca;431;1;Maresme;
Mataró;Codi;431;2;81213;
Mataró;Altitud (m);431;3;28;
Mataró;Superfície (km²);431;4;22,53;
Mataró;Població;431;5;131370;
Mediona;Comarca;432;1;Alt Penedès;
Mediona;Codi;432;2;81228;
Mediona;Altitud (m);432;3;430;
Mediona;Superfície (km²);432;4;47,55;
Mediona;Població;432;5;2664;
Menàrguens;Comarca;433;1;Noguera;
Menàrguens;Codi;433;2;251348;
Menàrguens;Altitud (m);433;3;205;
Menàrguens;Superfície (km²);433;4;20,25;
Menàrguens;Població;433;5;802;
Meranges;Comarca;434;1;Cerdanya;
Meranges;Codi;434;2;170998;
Meranges;Altitud (m);434;3;1539;
Meranges;Superfície (km²);434;4;37,34;
Meranges;Població;434;5;111;
Mieres;Comarca;435;1;Garrotxa;
Mieres;Codi;435;2;171058;
Mieres;Altitud (m);435;3;286;
Mieres;Superfície (km²);435;4;26,29;
Mieres;Població;435;5;368;
Milà, el;Comarca;436;1;Alt Camp;
Milà, el;Codi;436;2;430831;
Milà, el;Altitud (m);436;3;166;
Milà, el;Superfície (km²);436;4;4,13;
Milà, el;Població;436;5;194;
Miralcamp;Comarca;437;1;Pla d'Urgell;
Miralcamp;Codi;437;2;251351;
Miralcamp;Altitud (m);437;3;287;
Miralcamp;Superfície (km²);437;4;14,87;
Miralcamp;Població;437;5;1359;
Miravet;Comarca;438;1;Ribera d'Ebre;
Miravet;Codi;438;2;430846;
Miravet;Altitud (m);438;3;43;
Miravet;Superfície (km²);438;4;32,33;
Miravet;Població;438;5;701;
Moià;Comarca;439;1;Moianès;
Moià;Codi;439;2;81385;
Moià;Altitud (m);439;3;717;
Moià;Superfície (km²);439;4;75,31;
Moià;Població;439;5;6807;
Molar, el;Comarca;440;1;Priorat;
Molar, el;Codi;440;2;430859;
Molar, el;Altitud (m);440;3;228;
Molar, el;Superfície (km²);440;4;22,81;
Molar, el;Població;440;5;301;
Molins de Rei;Comarca;441;1;Baix Llobregat;
Molins de Rei;Codi;441;2;81234;
Molins de Rei;Altitud (m);441;3;37;
Molins de Rei;Superfície (km²);441;4;15,94;
Molins de Rei;Població;441;5;27291;
Mollerussa;Comarca;442;1;Pla d'Urgell;
Mollerussa;Codi;442;2;251370;
Mollerussa;Altitud (m);442;3;250;
Mollerussa;Superfície (km²);442;4;7,08;
Mollerussa;Població;442;5;16016;
Mollet de Peralada;Comarca;443;1;Alt Empordà;
Mollet de Peralada;Codi;443;2;171061;
Mollet de Peralada;Altitud (m);443;3;59;
Mollet de Peralada;Superfície (km²);443;4;6,04;
Mollet de Peralada;Població;443;5;202;
Mollet del Vallès;Comarca;444;1;Vallès Oriental;
Mollet del Vallès;Codi;444;2;81249;
Mollet del Vallès;Altitud (m);444;3;65;
Mollet del Vallès;Superfície (km²);444;4;10,77;
Mollet del Vallès;Població;444;5;52759;
Molló;Comarca;445;1;Ripollès;
Molló;Codi;445;2;171077;
Molló;Altitud (m);445;3;1182;
Molló;Superfície (km²);445;4;43,09;
Molló;Població;445;5;350;
Molsosa, la;Comarca;446;1;Solsonès;
Molsosa, la;Codi;446;2;251364;
Molsosa, la;Altitud (m);446;3;667;
Molsosa, la;Superfície (km²);446;4;26,89;
Molsosa, la;Població;446;5;101;
Monistrol de Calders;Comarca;447;1;Moianès;
Monistrol de Calders;Codi;447;2;81287;
Monistrol de Calders;Altitud (m);447;3;447;
Monistrol de Calders;Superfície (km²);447;4;21,97;
Monistrol de Calders;Població;447;5;764;
Monistrol de Montserrat;Comarca;448;1;Bages;
Monistrol de Montserrat;Codi;448;2;81271;
Monistrol de Montserrat;Altitud (m);448;3;161;
Monistrol de Montserrat;Superfície (km²);448;4;11,77;
Monistrol de Montserrat;Població;448;5;3233;
Montagut i Oix;Comarca;449;1;Garrotxa;
Montagut i Oix;Codi;449;2;171096;
Montagut i Oix;Altitud (m);449;3;276;
Montagut i Oix;Superfície (km²);449;4;93,7;
Montagut i Oix;Població;449;5;1014;
Montblanc;Comarca;450;1;Conca de Barberà;
Montblanc;Codi;450;2;430862;
Montblanc;Altitud (m);450;3;350;
Montblanc;Superfície (km²);450;4;91,07;
Montblanc;Població;450;5;7568;
Montbrió del Camp;Comarca;451;1;Baix Camp;
Montbrió del Camp;Codi;451;2;430884;
Montbrió del Camp;Altitud (m);451;3;132;
Montbrió del Camp;Superfície (km²);451;4;10,7;
Montbrió del Camp;Població;451;5;3167;
Montcada i Reixac;Comarca;452;1;Vallès Occidental;
Montcada i Reixac;Codi;452;2;81252;
Montcada i Reixac;Altitud (m);452;3;36;
Montcada i Reixac;Superfície (km²);452;4;23,47;
Montcada i Reixac;Població;452;5;37446;
Montclar;Comarca;453;1;Berguedà;
Montclar;Codi;453;2;81304;
Montclar;Altitud (m);453;3;728;
Montclar;Superfície (km²);453;4;21,89;
Montclar;Població;453;5;133;
Montellà i Martinet;Comarca;454;1;Cerdanya;
Montellà i Martinet;Codi;454;2;251399;
Montellà i Martinet;Altitud (m);454;3;967;
Montellà i Martinet;Superfície (km²);454;4;54,95;
Montellà i Martinet;Població;454;5;605;
Montesquiu;Comarca;455;1;Osona;
Montesquiu;Codi;455;2;81311;
Montesquiu;Altitud (m);455;3;577;
Montesquiu;Superfície (km²);455;4;4,94;
Montesquiu;Població;455;5;1133;
Montferrer i Castellbò;Comarca;456;1;Alt Urgell;
Montferrer i Castellbò;Codi;456;2;251403;
Montferrer i Castellbò;Altitud (m);456;3;732;
Montferrer i Castellbò;Superfície (km²);456;4;176,66;
Montferrer i Castellbò;Població;456;5;1161;
Montferri;Comarca;457;1;Alt Camp;
Montferri;Codi;457;2;430897;
Montferri;Altitud (m);457;3;229;
Montferri;Superfície (km²);457;4;19,15;
Montferri;Població;457;5;509;
Montgai;Comarca;458;1;Noguera;
Montgai;Codi;458;2;251386;
Montgai;Altitud (m);458;3;286;
Montgai;Superfície (km²);458;4;28,94;
Montgai;Població;458;5;643;
Montgat;Comarca;459;1;Maresme;
Montgat;Codi;459;2;81265;
Montgat;Altitud (m);459;3;20;
Montgat;Superfície (km²);459;4;2,91;
Montgat;Població;459;5;12835;
Montmajor;Comarca;460;1;Berguedà;
Montmajor;Codi;460;2;81326;
Montmajor;Altitud (m);460;3;756;
Montmajor;Superfície (km²);460;4;76,49;
Montmajor;Població;460;5;471;
Montmaneu;Comarca;461;1;Anoia;
Montmaneu;Codi;461;2;81332;
Montmaneu;Altitud (m);461;3;709;
Montmaneu;Superfície (km²);461;4;13,62;
Montmaneu;Població;461;5;182;
Montmell, el;Comarca;462;1;Baix Penedès;
Montmell, el;Codi;462;2;430901;
Montmell, el;Altitud (m);462;3;429;
Montmell, el;Superfície (km²);462;4;72,8;
Montmell, el;Població;462;5;1945;
Montmeló;Comarca;463;1;Vallès Oriental;
Montmeló;Codi;463;2;81350;
Montmeló;Altitud (m);463;3;72;
Montmeló;Superfície (km²);463;4;4;
Montmeló;Població;463;5;8868;
Montoliu de Lleida;Comarca;464;1;Segrià;
Montoliu de Lleida;Codi;464;2;251425;
Montoliu de Lleida;Altitud (m);464;3;166;
Montoliu de Lleida;Superfície (km²);464;4;7,34;
Montoliu de Lleida;Població;464;5;491;
Montoliu de Segarra;Comarca;465;1;Segarra;
Montoliu de Segarra;Codi;465;2;251410;
Montoliu de Segarra;Altitud (m);465;3;689;
Montoliu de Segarra;Superfície (km²);465;4;29,47;
Montoliu de Segarra;Població;465;5;182;
Montornès de Segarra;Comarca;466;1;Segarra;
Montornès de Segarra;Codi;466;2;251431;
Montornès de Segarra;Altitud (m);466;3;605;
Montornès de Segarra;Superfície (km²);466;4;12,32;
Montornès de Segarra;Població;466;5;87;
Montornès del Vallès;Comarca;467;1;Vallès Oriental;
Montornès del Vallès;Codi;467;2;81363;
Montornès del Vallès;Altitud (m);467;3;116;
Montornès del Vallès;Superfície (km²);467;4;10,23;
Montornès del Vallès;Població;467;5;17062;
Mont-ral;Comarca;468;1;Alt Camp;
Mont-ral;Codi;468;2;430918;
Mont-ral;Altitud (m);468;3;888;
Mont-ral;Superfície (km²);468;4;34,72;
Mont-ral;Població;468;5;176;
Mont-ras;Comarca;469;1;Baix Empordà;
Mont-ras;Codi;469;2;171100;
Mont-ras;Altitud (m);469;3;88;
Mont-ras;Superfície (km²);469;4;12,31;
Mont-ras;Població;469;5;1690;
Mont-roig del Camp;Comarca;470;1;Baix Camp;
Mont-roig del Camp;Codi;470;2;430923;
Mont-roig del Camp;Altitud (m);470;3;120;
Mont-roig del Camp;Superfície (km²);470;4;63,32;
Mont-roig del Camp;Població;470;5;14652;
Montseny;Comarca;471;1;Vallès Oriental;
Montseny;Codi;471;2;81379;
Montseny;Altitud (m);471;3;528;
Montseny;Superfície (km²);471;4;26,77;
Montseny;Població;471;5;387;
Móra d'Ebre;Comarca;472;1;Ribera d'Ebre;
Móra d'Ebre;Codi;472;2;430939;
Móra d'Ebre;Altitud (m);472;3;38;
Móra d'Ebre;Superfície (km²);472;4;45,12;
Móra d'Ebre;Població;472;5;5841;
Móra la Nova;Comarca;473;1;Ribera d'Ebre;
Móra la Nova;Codi;473;2;430944;
Móra la Nova;Altitud (m);473;3;31;
Móra la Nova;Superfície (km²);473;4;15,93;
Móra la Nova;Població;473;5;3365;
Morell, el;Comarca;474;1;Tarragonès;
Morell, el;Codi;474;2;430957;
Morell, el;Altitud (m);474;3;104;
Morell, el;Superfície (km²);474;4;5,94;
Morell, el;Població;474;5;3811;
Morera de Montsant, la;Comarca;475;1;Priorat;
Morera de Montsant, la;Codi;475;2;430960;
Morera de Montsant, la;Altitud (m);475;3;743;
Morera de Montsant, la;Superfície (km²);475;4;52,88;
Morera de Montsant, la;Població;475;5;154;
Muntanyola;Comarca;476;1;Osona;
Muntanyola;Codi;476;2;81290;
Muntanyola;Altitud (m);476;3;807;
Muntanyola;Superfície (km²);476;4;40,3;
Muntanyola;Població;476;5;700;
Mura;Comarca;477;1;Bages;
Mura;Codi;477;2;81398;
Mura;Altitud (m);477;3;454;
Mura;Superfície (km²);477;4;47,79;
Mura;Població;477;5;234;
Nalec;Comarca;478;1;Urgell;
Nalec;Codi;478;2;251459;
Nalec;Altitud (m);478;3;487;
Nalec;Superfície (km²);478;4;9,25;
Nalec;Població;478;5;91;
Naut Aran;Comarca;479;1;Aran;
Naut Aran;Codi;479;2;250254;
Naut Aran;Altitud (m);479;3;1267;
Naut Aran;Superfície (km²);479;4;255,75;
Naut Aran;Població;479;5;1893;
Navarcles;Comarca;480;1;Bages;
Navarcles;Codi;480;2;81402;
Navarcles;Altitud (m);480;3;269;
Navarcles;Superfície (km²);480;4;5,52;
Navarcles;Població;480;5;6277;
Navàs;Comarca;481;1;Bages;
Navàs;Codi;481;2;81419;
Navàs;Altitud (m);481;3;370;
Navàs;Superfície (km²);481;4;80,62;
Navàs;Població;481;5;6242;
Navata;Comarca;482;1;Alt Empordà;
Navata;Codi;482;2;171117;
Navata;Altitud (m);482;3;145;
Navata;Superfície (km²);482;4;18,48;
Navata;Població;482;5;1504;
Navès;Comarca;483;1;Solsonès;
Navès;Codi;483;2;251462;
Navès;Altitud (m);483;3;610;
Navès;Superfície (km²);483;4;145,27;
Navès;Població;483;5;297;
Nou de Berguedà, la;Comarca;484;1;Berguedà;
Nou de Berguedà, la;Codi;484;2;81424;
Nou de Berguedà, la;Altitud (m);484;3;876;
Nou de Berguedà, la;Superfície (km²);484;4;25,01;
Nou de Berguedà, la;Població;484;5;163;
Nou de Gaià, la;Comarca;485;1;Tarragonès;
Nou de Gaià, la;Codi;485;2;430976;
Nou de Gaià, la;Altitud (m);485;3;93;
Nou de Gaià, la;Superfície (km²);485;4;4,32;
Nou de Gaià, la;Població;485;5;602;
Nulles;Comarca;486;1;Alt Camp;
Nulles;Codi;486;2;430982;
Nulles;Altitud (m);486;3;231;
Nulles;Superfície (km²);486;4;10,61;
Nulles;Població;486;5;556;
Odèn;Comarca;487;1;Solsonès;
Odèn;Codi;487;2;251484;
Odèn;Altitud (m);487;3;1130;
Odèn;Superfície (km²);487;4;114,38;
Odèn;Població;487;5;230;
Òdena;Comarca;488;1;Anoia;
Òdena;Codi;488;2;81430;
Òdena;Altitud (m);488;3;421;
Òdena;Superfície (km²);488;4;52,66;
Òdena;Població;488;5;3756;
Ogassa;Comarca;489;1;Ripollès;
Ogassa;Codi;489;2;171122;
Ogassa;Altitud (m);489;3;951;
Ogassa;Superfície (km²);489;4;45,22;
Ogassa;Població;489;5;222;
Olèrdola;Comarca;490;1;Alt Penedès;
Olèrdola;Codi;490;2;81458;
Olèrdola;Altitud (m);490;3;189;
Olèrdola;Superfície (km²);490;4;30,15;
Olèrdola;Població;490;5;3953;
Olesa de Bonesvalls;Comarca;491;1;Alt Penedès;
Olesa de Bonesvalls;Codi;491;2;81461;
Olesa de Bonesvalls;Altitud (m);491;3;265;
Olesa de Bonesvalls;Superfície (km²);491;4;30,79;
Olesa de Bonesvalls;Població;491;5;2134;
Olesa de Montserrat;Comarca;492;1;Baix Llobregat;
Olesa de Montserrat;Codi;492;2;81477;
Olesa de Montserrat;Altitud (m);492;3;124;
Olesa de Montserrat;Superfície (km²);492;4;16,63;
Olesa de Montserrat;Població;492;5;25000;
Oliana;Comarca;493;1;Alt Urgell;
Oliana;Codi;493;2;251497;
Oliana;Altitud (m);493;3;469;
Oliana;Superfície (km²);493;4;32,37;
Oliana;Població;493;5;1869;
Oliola;Comarca;494;1;Noguera;
Oliola;Codi;494;2;251500;
Oliola;Altitud (m);494;3;452;
Oliola;Superfície (km²);494;4;86,28;
Oliola;Població;494;5;192;
Olius;Comarca;495;1;Solsonès;
Olius;Codi;495;2;251517;
Olius;Altitud (m);495;3;742;
Olius;Superfície (km²);495;4;54,84;
Olius;Població;495;5;989;
Olivella;Comarca;496;1;Garraf;
Olivella;Codi;496;2;81483;
Olivella;Altitud (m);496;3;211;
Olivella;Superfície (km²);496;4;38,75;
Olivella;Població;496;5;4473;
Olost;Comarca;497;1;Lluçanès;
Olost;Codi;497;2;81496;
Olost;Altitud (m);497;3;572;
Olost;Superfície (km²);497;4;29,37;
Olost;Població;497;5;1204;
Olot;Comarca;498;1;Garrotxa;
Olot;Codi;498;2;171143;
Olot;Altitud (m);498;3;443;
Olot;Superfície (km²);498;4;29,03;
Olot;Població;498;5;39516;
Oluges, les;Comarca;499;1;Segarra;
Oluges, les;Codi;499;2;251522;
Oluges, les;Altitud (m);499;3;528;
Oluges, les;Superfície (km²);499;4;18,95;
Oluges, les;Població;499;5;167;
Olvan;Comarca;500;1;Berguedà;
Olvan;Codi;500;2;81445;
Olvan;Altitud (m);500;3;553;
Olvan;Superfície (km²);500;4;35,58;
Olvan;Població;500;5;926;
Omellons, els;Comarca;501;1;Garrigues;
Omellons, els;Codi;501;2;251538;
Omellons, els;Altitud (m);501;3;385;
Omellons, els;Superfície (km²);501;4;11,06;
Omellons, els;Població;501;5;187;
Omells de na Gaia, els;Comarca;502;1;Urgell;
Omells de na Gaia, els;Codi;502;2;251543;
Omells de na Gaia, els;Altitud (m);502;3;560;
Omells de na Gaia, els;Superfície (km²);502;4;13,48;
Omells de na Gaia, els;Població;502;5;126;
Ordis;Comarca;503;1;Alt Empordà;
Ordis;Codi;503;2;171156;
Ordis;Altitud (m);503;3;98;
Ordis;Superfície (km²);503;4;8,55;
Ordis;Població;503;5;411;
Organyà;Comarca;504;1;Alt Urgell;
Organyà;Codi;504;2;251556;
Organyà;Altitud (m);504;3;558;
Organyà;Superfície (km²);504;4;12,53;
Organyà;Població;504;5;851;
Orís;Comarca;505;1;Osona;
Orís;Codi;505;2;81509;
Orís;Altitud (m);505;3;576;
Orís;Superfície (km²);505;4;27,17;
Orís;Població;505;5;352;
Oristà;Comarca;506;1;Lluçanès;
Oristà;Codi;506;2;81516;
Oristà;Altitud (m);506;3;468;
Oristà;Superfície (km²);506;4;68,49;
Oristà;Població;506;5;556;
Orpí;Comarca;507;1;Anoia;
Orpí;Codi;507;2;81521;
Orpí;Altitud (m);507;3;375;
Orpí;Superfície (km²);507;4;15,23;
Orpí;Població;507;5;176;
Òrrius;Comarca;508;1;Maresme;
Òrrius;Codi;508;2;81537;
Òrrius;Altitud (m);508;3;259;
Òrrius;Superfície (km²);508;4;5,66;
Òrrius;Població;508;5;814;
Os de Balaguer;Comarca;509;1;Noguera;
Os de Balaguer;Codi;509;2;251569;
Os de Balaguer;Altitud (m);509;3;463;
Os de Balaguer;Superfície (km²);509;4;135,96;
Os de Balaguer;Població;509;5;1094;
Osor;Comarca;510;1;Selva;
Osor;Codi;510;2;171169;
Osor;Altitud (m);510;3;340;
Osor;Superfície (km²);510;4;52,07;
Osor;Població;510;5;429;
Ossó de Sió;Comarca;511;1;Urgell;
Ossó de Sió;Codi;511;2;251575;
Ossó de Sió;Altitud (m);511;3;391;
Ossó de Sió;Superfície (km²);511;4;26,29;
Ossó de Sió;Població;511;5;200;
Pacs del Penedès;Comarca;512;1;Alt Penedès;
Pacs del Penedès;Codi;512;2;81542;
Pacs del Penedès;Altitud (m);512;3;201;
Pacs del Penedès;Superfície (km²);512;4;6,27;
Pacs del Penedès;Població;512;5;934;
Palafolls;Comarca;513;1;Maresme;
Palafolls;Codi;513;2;81555;
Palafolls;Altitud (m);513;3;16;
Palafolls;Superfície (km²);513;4;16,56;
Palafolls;Població;513;5;10026;
Palafrugell;Comarca;514;1;Baix Empordà;
Palafrugell;Codi;514;2;171175;
Palafrugell;Altitud (m);514;3;64;
Palafrugell;Superfície (km²);514;4;26,88;
Palafrugell;Població;514;5;24556;
Palamós;Comarca;515;1;Baix Empordà;
Palamós;Codi;515;2;171181;
Palamós;Altitud (m);515;3;12;
Palamós;Superfície (km²);515;4;13,98;
Palamós;Població;515;5;18921;
Palau d'Anglesola, el;Comarca;516;1;Pla d'Urgell;
Palau d'Anglesola, el;Codi;516;2;251581;
Palau d'Anglesola, el;Altitud (m);516;3;250;
Palau d'Anglesola, el;Superfície (km²);516;4;12,27;
Palau d'Anglesola, el;Població;516;5;2225;
Palau de Santa Eulàlia;Comarca;517;1;Alt Empordà;
Palau de Santa Eulàlia;Codi;517;2;171194;
Palau de Santa Eulàlia;Altitud (m);517;3;86;
Palau de Santa Eulàlia;Superfície (km²);517;4;8,44;
Palau de Santa Eulàlia;Població;517;5;124;
Palau-sator;Comarca;518;1;Baix Empordà;
Palau-sator;Codi;518;2;171215;
Palau-sator;Altitud (m);518;3;20;
Palau-sator;Superfície (km²);518;4;12,39;
Palau-sator;Població;518;5;320;
Palau-saverdera;Comarca;519;1;Alt Empordà;
Palau-saverdera;Codi;519;2;171208;
Palau-saverdera;Altitud (m);519;3;78;
Palau-saverdera;Superfície (km²);519;4;16,45;
Palau-saverdera;Població;519;5;1524;
Palau-solità i Plegamans;Comarca;520;1;Vallès Occidental;
Palau-solità i Plegamans;Codi;520;2;81568;
Palau-solità i Plegamans;Altitud (m);520;3;130;
Palau-solità i Plegamans;Superfície (km²);520;4;14,93;
Palau-solità i Plegamans;Població;520;5;15584;
Pallaresos, els;Comarca;521;1;Tarragonès;
Pallaresos, els;Codi;521;2;431009;
Pallaresos, els;Altitud (m);521;3;120;
Pallaresos, els;Superfície (km²);521;4;5,13;
Pallaresos, els;Població;521;5;5043;
Pallejà;Comarca;522;1;Baix Llobregat;
Pallejà;Codi;522;2;81574;
Pallejà;Altitud (m);522;3;41;
Pallejà;Superfície (km²);522;4;8,3;
Pallejà;Població;522;5;11976;
Palma d'Ebre, la;Comarca;523;1;Ribera d'Ebre;
Palma d'Ebre, la;Codi;523;2;430995;
Palma d'Ebre, la;Altitud (m);523;3;335;
Palma d'Ebre, la;Superfície (km²);523;4;37,92;
Palma d'Ebre, la;Població;523;5;331;
Palma de Cervelló, la;Comarca;524;1;Baix Llobregat;
Palma de Cervelló, la;Codi;524;2;89058;
Palma de Cervelló, la;Altitud (m);524;3;100;
Palma de Cervelló, la;Superfície (km²);524;4;5,46;
Palma de Cervelló, la;Població;524;5;3059;
Palol de Revardit;Comarca;525;1;Pla de l'Estany;
Palol de Revardit;Codi;525;2;171236;
Palol de Revardit;Altitud (m);525;3;152;
Palol de Revardit;Superfície (km²);525;4;17,98;
Palol de Revardit;Població;525;5;463;
Pals;Comarca;526;1;Baix Empordà;
Pals;Codi;526;2;171241;
Pals;Altitud (m);526;3;55;
Pals;Superfície (km²);526;4;25,83;
Pals;Població;526;5;2552;
Papiol, el;Comarca;527;1;Baix Llobregat;
Papiol, el;Codi;527;2;81580;
Papiol, el;Altitud (m);527;3;135;
Papiol, el;Superfície (km²);527;4;8,95;
Papiol, el;Població;527;5;4404;
Pardines;Comarca;528;1;Ripollès;
Pardines;Codi;528;2;171254;
Pardines;Altitud (m);528;3;1226;
Pardines;Superfície (km²);528;4;31,05;
Pardines;Població;528;5;168;
Parets del Vallès;Comarca;529;1;Vallès Oriental;
Parets del Vallès;Codi;529;2;81593;
Parets del Vallès;Altitud (m);529;3;98;
Parets del Vallès;Superfície (km²);529;4;9,12;
Parets del Vallès;Població;529;5;18899;
Parlavà;Comarca;530;1;Baix Empordà;
Parlavà;Codi;530;2;171267;
Parlavà;Altitud (m);530;3;40;
Parlavà;Superfície (km²);530;4;6,18;
Parlavà;Població;530;5;435;
Passanant i Belltall;Comarca;531;1;Conca de Barberà;
Passanant i Belltall;Codi;531;2;431016;
Passanant i Belltall;Altitud (m);531;3;714;
Passanant i Belltall;Superfície (km²);531;4;27,35;
Passanant i Belltall;Població;531;5;149;
Pau;Comarca;532;1;Alt Empordà;
Pau;Codi;532;2;171289;
Pau;Altitud (m);532;3;33;
Pau;Superfície (km²);532;4;10,7;
Pau;Població;532;5;558;
Paüls;Comarca;533;1;Baix Ebre;
Paüls;Codi;533;2;431021;
Paüls;Altitud (m);533;3;378;
Paüls;Superfície (km²);533;4;43,83;
Paüls;Població;533;5;554;
Pedret i Marzà;Comarca;534;1;Alt Empordà;
Pedret i Marzà;Codi;534;2;171292;
Pedret i Marzà;Altitud (m);534;3;22;
Pedret i Marzà;Superfície (km²);534;4;8,65;
Pedret i Marzà;Població;534;5;208;
Penelles;Comarca;535;1;Noguera;
Penelles;Codi;535;2;251641;
Penelles;Altitud (m);535;3;276;
Penelles;Superfície (km²);535;4;25,51;
Penelles;Població;535;5;431;
Pera, la;Comarca;536;1;Baix Empordà;
Pera, la;Codi;536;2;171306;
Pera, la;Altitud (m);536;3;93;
Pera, la;Superfície (km²);536;4;11,54;
Pera, la;Població;536;5;449;
Perafita;Comarca;537;1;Lluçanès;
Perafita;Codi;537;2;81607;
Perafita;Altitud (m);537;3;754;
Perafita;Superfície (km²);537;4;19,59;
Perafita;Població;537;5;433;
Perafort;Comarca;538;1;Tarragonès;
Perafort;Codi;538;2;431037;
Perafort;Altitud (m);538;3;125;
Perafort;Superfície (km²);538;4;9,54;
Perafort;Població;538;5;1353;
Peralada;Comarca;539;1;Alt Empordà;
Peralada;Codi;539;2;171328;
Peralada;Altitud (m);539;3;32;
Peralada;Superfície (km²);539;4;43,61;
Peralada;Població;539;5;2087;
Peramola;Comarca;540;1;Alt Urgell;
Peramola;Codi;540;2;251654;
Peramola;Altitud (m);540;3;566;
Peramola;Superfície (km²);540;4;56,17;
Peramola;Població;540;5;339;
Perelló, el;Comarca;541;1;Baix Ebre;
Perelló, el;Codi;541;2;431042;
Perelló, el;Altitud (m);541;3;142;
Perelló, el;Superfície (km²);541;4;100,67;
Perelló, el;Població;541;5;3005;
Piera;Comarca;542;1;Anoia;
Piera;Codi;542;2;81614;
Piera;Altitud (m);542;3;324;
Piera;Superfície (km²);542;4;57,2;
Piera;Població;542;5;17884;
Piles, les;Comarca;543;1;Conca de Barberà;
Piles, les;Codi;543;2;431055;
Piles, les;Altitud (m);543;3;676;
Piles, les;Superfície (km²);543;4;22,39;
Piles, les;Població;543;5;228;
Pineda de Mar;Comarca;544;1;Maresme;
Pineda de Mar;Codi;544;2;81635;
Pineda de Mar;Altitud (m);544;3;10;
Pineda de Mar;Superfície (km²);544;4;10,74;
Pineda de Mar;Població;544;5;30071;
Pinell de Brai, el;Comarca;545;1;Terra Alta;
Pinell de Brai, el;Codi;545;2;431068;
Pinell de Brai, el;Altitud (m);545;3;189;
Pinell de Brai, el;Superfície (km²);545;4;56,99;
Pinell de Brai, el;Població;545;5;948;
Pinell de Solsonès;Comarca;546;1;Solsonès;
Pinell de Solsonès;Codi;546;2;251667;
Pinell de Solsonès;Altitud (m);546;3;800;
Pinell de Solsonès;Superfície (km²);546;4;91,11;
Pinell de Solsonès;Població;546;5;198;
Pinós;Comarca;547;1;Solsonès;
Pinós;Codi;547;2;251673;
Pinós;Altitud (m);547;3;823;
Pinós;Superfície (km²);547;4;104,32;
Pinós;Població;547;5;274;
Pira;Comarca;548;1;Conca de Barberà;
Pira;Codi;548;2;431074;
Pira;Altitud (m);548;3;385;
Pira;Superfície (km²);548;4;8,01;
Pira;Població;548;5;512;
Pla de Santa Maria, el;Comarca;549;1;Alt Camp;
Pla de Santa Maria, el;Codi;549;2;431080;
Pla de Santa Maria, el;Altitud (m);549;3;381;
Pla de Santa Maria, el;Superfície (km²);549;4;34,99;
Pla de Santa Maria, el;Població;549;5;2412;
Pla del Penedès, el;Comarca;550;1;Alt Penedès;
Pla del Penedès, el;Codi;550;2;81640;
Pla del Penedès, el;Altitud (m);550;3;216;
Pla del Penedès, el;Superfície (km²);550;4;9,56;
Pla del Penedès, el;Població;550;5;1392;
Planes d'Hostoles, les;Comarca;551;1;Garrotxa;
Planes d'Hostoles, les;Codi;551;2;171334;
Planes d'Hostoles, les;Altitud (m);551;3;370;
Planes d'Hostoles, les;Superfície (km²);551;4;37,5;
Planes d'Hostoles, les;Població;551;5;1747;
Planoles;Comarca;552;1;Ripollès;
Planoles;Codi;552;2;171349;
Planoles;Altitud (m);552;3;1136;
Planoles;Superfície (km²);552;4;18,75;
Planoles;Població;552;5;313;
Plans de Sió, els;Comarca;553;1;Segarra;
Plans de Sió, els;Codi;553;2;259118;
Plans de Sió, els;Altitud (m);553;3;412;
Plans de Sió, els;Superfície (km²);553;4;55,89;
Plans de Sió, els;Població;553;5;512;
Poal, el;Comarca;554;1;Pla d'Urgell;
Poal, el;Codi;554;2;251689;
Poal, el;Altitud (m);554;3;216;
Poal, el;Superfície (km²);554;4;8,88;
Poal, el;Població;554;5;648;
Pobla de Cérvoles, la;Comarca;555;1;Garrigues;
Pobla de Cérvoles, la;Codi;555;2;251692;
Pobla de Cérvoles, la;Altitud (m);555;3;663;
Pobla de Cérvoles, la;Superfície (km²);555;4;61,92;
Pobla de Cérvoles, la;Població;555;5;208;
Pobla de Claramunt, la;Comarca;556;1;Anoia;
Pobla de Claramunt, la;Codi;556;2;81653;
Pobla de Claramunt, la;Altitud (m);556;3;265;
Pobla de Claramunt, la;Superfície (km²);556;4;18,54;
Pobla de Claramunt, la;Població;556;5;2350;
Pobla de Lillet, la;Comarca;557;1;Berguedà;
Pobla de Lillet, la;Codi;557;2;81666;
Pobla de Lillet, la;Altitud (m);557;3;843;
Pobla de Lillet, la;Superfície (km²);557;4;51,45;
Pobla de Lillet, la;Població;557;5;1106;
Pobla de Mafumet, la;Comarca;558;1;Tarragonès;
Pobla de Mafumet, la;Codi;558;2;431093;
Pobla de Mafumet, la;Altitud (m);558;3;98;
Pobla de Mafumet, la;Superfície (km²);558;4;6,21;
Pobla de Mafumet, la;Població;558;5;4187;
Pobla de Massaluca, la;Comarca;559;1;Terra Alta;
Pobla de Massaluca, la;Codi;559;2;431107;
Pobla de Massaluca, la;Altitud (m);559;3;357;
Pobla de Massaluca, la;Superfície (km²);559;4;43,4;
Pobla de Massaluca, la;Població;559;5;344;
Pobla de Montornès, la;Comarca;560;1;Tarragonès;
Pobla de Montornès, la;Codi;560;2;431114;
Pobla de Montornès, la;Altitud (m);560;3;56;
Pobla de Montornès, la;Superfície (km²);560;4;12,29;
Pobla de Montornès, la;Població;560;5;3470;
Pobla de Segur, la;Comarca;561;1;Pallars Jussà;
Pobla de Segur, la;Codi;561;2;251713;
Pobla de Segur, la;Altitud (m);561;3;524;
Pobla de Segur, la;Superfície (km²);561;4;32,83;
Pobla de Segur, la;Població;561;5;3179;
Poboleda;Comarca;562;1;Priorat;
Poboleda;Codi;562;2;431129;
Poboleda;Altitud (m);562;3;343;
Poboleda;Superfície (km²);562;4;13,95;
Poboleda;Població;562;5;345;
Polinyà;Comarca;563;1;Vallès Occidental;
Polinyà;Codi;563;2;81672;
Polinyà;Altitud (m);563;3;123;
Polinyà;Superfície (km²);563;4;8,79;
Polinyà;Població;563;5;8572;
Pont d'Armentera, el;Comarca;564;1;Alt Camp;
Pont d'Armentera, el;Codi;564;2;431135;
Pont d'Armentera, el;Altitud (m);564;3;349;
Pont d'Armentera, el;Superfície (km²);564;4;21,67;
Pont d'Armentera, el;Població;564;5;507;
Pont de Bar, el;Comarca;565;1;Alt Urgell;
Pont de Bar, el;Codi;565;2;250306;
Pont de Bar, el;Altitud (m);565;3;861;
Pont de Bar, el;Superfície (km²);565;4;42,62;
Pont de Bar, el;Població;565;5;167;
Pont de Molins;Comarca;566;1;Alt Empordà;
Pont de Molins;Codi;566;2;171352;
Pont de Molins;Altitud (m);566;3;43;
Pont de Molins;Superfície (km²);566;4;8,66;
Pont de Molins;Població;566;5;586;
Pont de Suert, el;Comarca;567;1;Alta Ribagorça;
Pont de Suert, el;Codi;567;2;251734;
Pont de Suert, el;Altitud (m);567;3;838;
Pont de Suert, el;Superfície (km²);567;4;148,14;
Pont de Suert, el;Població;567;5;2425;
Pont de Vilomara i Rocafort, el;Comarca;568;1;Bages;
Pont de Vilomara i Rocafort, el;Codi;568;2;81825;
Pont de Vilomara i Rocafort, el;Altitud (m);568;3;202;
Pont de Vilomara i Rocafort, el;Superfície (km²);568;4;27,41;
Pont de Vilomara i Rocafort, el;Població;568;5;4201;
Pontils;Comarca;569;1;Conca de Barberà;
Pontils;Codi;569;2;431418;
Pontils;Altitud (m);569;3;551;
Pontils;Superfície (km²);569;4;67,56;
Pontils;Població;569;5;123;
Pontons;Comarca;570;1;Alt Penedès;
Pontons;Codi;570;2;81688;
Pontons;Altitud (m);570;3;584;
Pontons;Superfície (km²);570;4;25,94;
Pontons;Població;570;5;515;
Pontós;Comarca;571;1;Alt Empordà;
Pontós;Codi;571;2;171365;
Pontós;Altitud (m);571;3;94;
Pontós;Superfície (km²);571;4;13,66;
Pontós;Població;571;5;295;
Ponts;Comarca;572;1;Noguera;
Ponts;Codi;572;2;251728;
Ponts;Altitud (m);572;3;363;
Ponts;Superfície (km²);572;4;30,52;
Ponts;Població;572;5;2639;
Porqueres;Comarca;573;1;Pla de l'Estany;
Porqueres;Codi;573;2;171371;
Porqueres;Altitud (m);573;3;148;
Porqueres;Superfície (km²);573;4;33,52;
Porqueres;Població;573;5;4804;
Porrera;Comarca;574;1;Priorat;
Porrera;Codi;574;2;431140;
Porrera;Altitud (m);574;3;316;
Porrera;Superfície (km²);574;4;28,83;
Porrera;Població;574;5;407;
Port de la Selva, el;Comarca;575;1;Alt Empordà;
Port de la Selva, el;Codi;575;2;171404;
Port de la Selva, el;Altitud (m);575;3;12;
Port de la Selva, el;Superfície (km²);575;4;41,62;
Port de la Selva, el;Població;575;5;1055;
Portbou;Comarca;576;1;Alt Empordà;
Portbou;Codi;576;2;171387;
Portbou;Altitud (m);576;3;28;
Portbou;Superfície (km²);576;4;9,22;
Portbou;Població;576;5;1132;
Portella, la;Comarca;577;1;Segrià;
Portella, la;Codi;577;2;251749;
Portella, la;Altitud (m);577;3;259;
Portella, la;Superfície (km²);577;4;12,31;
Portella, la;Població;577;5;730;
Pradell de la Teixeta;Comarca;578;1;Priorat;
Pradell de la Teixeta;Codi;578;2;431153;
Pradell de la Teixeta;Altitud (m);578;3;463;
Pradell de la Teixeta;Superfície (km²);578;4;21,83;
Pradell de la Teixeta;Població;578;5;182;
Prades;Comarca;579;1;Baix Camp;
Prades;Codi;579;2;431166;
Prades;Altitud (m);579;3;950;
Prades;Superfície (km²);579;4;32,58;
Prades;Població;579;5;644;
Prat de Comte;Comarca;580;1;Terra Alta;
Prat de Comte;Codi;580;2;431172;
Prat de Comte;Altitud (m);580;3;363;
Prat de Comte;Superfície (km²);580;4;26,43;
Prat de Comte;Població;580;5;180;
Prat de Llobregat, el;Comarca;581;1;Baix Llobregat;
Prat de Llobregat, el;Codi;581;2;81691;
Prat de Llobregat, el;Altitud (m);581;3;8;
Prat de Llobregat, el;Superfície (km²);581;4;31,41;
Prat de Llobregat, el;Població;581;5;66251;
Pratdip;Comarca;582;1;Baix Camp;
Pratdip;Codi;582;2;431188;
Pratdip;Altitud (m);582;3;245;
Pratdip;Superfície (km²);582;4;36,27;
Pratdip;Població;582;5;784;
Prats de Lluçanès;Comarca;583;1;Lluçanès;
Prats de Lluçanès;Codi;583;2;81712;
Prats de Lluçanès;Altitud (m);583;3;707;
Prats de Lluçanès;Superfície (km²);583;4;13,78;
Prats de Lluçanès;Població;583;5;2759;
Prats de Rei, els;Comarca;584;1;Anoia;
Prats de Rei, els;Codi;584;2;81705;
Prats de Rei, els;Altitud (m);584;3;608;
Prats de Rei, els;Superfície (km²);584;4;26,06;
Prats de Rei, els;Població;584;5;553;
Prats i Sansor;Comarca;585;1;Cerdanya;
Prats i Sansor;Codi;585;2;251752;
Prats i Sansor;Altitud (m);585;3;1124;
Prats i Sansor;Superfície (km²);585;4;6,57;
Prats i Sansor;Població;585;5;252;
Preixana;Comarca;586;1;Urgell;
Preixana;Codi;586;2;251765;
Preixana;Altitud (m);586;3;328;
Preixana;Superfície (km²);586;4;21,52;
Preixana;Població;586;5;400;
Preixens;Comarca;587;1;Noguera;
Preixens;Codi;587;2;251771;
Preixens;Altitud (m);587;3;315;
Preixens;Superfície (km²);587;4;28,67;
Preixens;Població;587;5;399;
Premià de Dalt;Comarca;588;1;Maresme;
Premià de Dalt;Codi;588;2;82303;
Premià de Dalt;Altitud (m);588;3;142;
Premià de Dalt;Superfície (km²);588;4;6,57;
Premià de Dalt;Població;588;5;10601;
Premià de Mar;Comarca;589;1;Maresme;
Premià de Mar;Codi;589;2;81727;
Premià de Mar;Altitud (m);589;3;8;
Premià de Mar;Superfície (km²);589;4;2,11;
Premià de Mar;Població;589;5;29348;
Preses, les;Comarca;590;1;Garrotxa;
Preses, les;Codi;590;2;171390;
Preses, les;Altitud (m);590;3;474;
Preses, les;Superfície (km²);590;4;9,39;
Preses, les;Població;590;5;1946;
Prullans;Comarca;591;1;Cerdanya;
Prullans;Codi;591;2;251790;
Prullans;Altitud (m);591;3;1096;
Prullans;Superfície (km²);591;4;21,21;
Prullans;Població;591;5;270;
Puigcerdà;Comarca;592;1;Cerdanya;
Puigcerdà;Codi;592;2;171411;
Puigcerdà;Altitud (m);592;3;1202;
Puigcerdà;Superfície (km²);592;4;18,92;
Puigcerdà;Població;592;5;10053;
Puigdàlber;Comarca;593;1;Alt Penedès;
Puigdàlber;Codi;593;2;81748;
Puigdàlber;Altitud (m);593;3;239;
Puigdàlber;Superfície (km²);593;4;0,4;
Puigdàlber;Població;593;5;621;
Puiggròs;Comarca;594;1;Garrigues;
Puiggròs;Codi;594;2;251804;
Puiggròs;Altitud (m);594;3;334;
Puiggròs;Superfície (km²);594;4;9,9;
Puiggròs;Població;594;5;270;
Puigpelat;Comarca;595;1;Alt Camp;
Puigpelat;Codi;595;2;431191;
Puigpelat;Altitud (m);595;3;252;
Puigpelat;Superfície (km²);595;4;9,48;
Puigpelat;Població;595;5;1225;
Puig-reig;Comarca;596;1;Berguedà;
Puig-reig;Codi;596;2;81751;
Puig-reig;Altitud (m);596;3;455;
Puig-reig;Superfície (km²);596;4;45,75;
Puig-reig;Població;596;5;4558;
Puigverd d'Agramunt;Comarca;597;1;Urgell;
Puigverd d'Agramunt;Codi;597;2;251811;
Puigverd d'Agramunt;Altitud (m);597;3;366;
Puigverd d'Agramunt;Superfície (km²);597;4;17;
Puigverd d'Agramunt;Població;597;5;239;
Puigverd de Lleida;Comarca;598;1;Segrià;
Puigverd de Lleida;Codi;598;2;251826;
Puigverd de Lleida;Altitud (m);598;3;219;
Puigverd de Lleida;Superfície (km²);598;4;12,51;
Puigverd de Lleida;Població;598;5;1416;
Pujalt;Comarca;599;1;Anoia;
Pujalt;Codi;599;2;81764;
Pujalt;Altitud (m);599;3;770;
Pujalt;Superfície (km²);599;4;31,43;
Pujalt;Població;599;5;205;
Quar, la;Comarca;600;1;Berguedà;
Quar, la;Codi;600;2;81770;
Quar, la;Altitud (m);600;3;885;
Quar, la;Superfície (km²);600;4;38,25;
Quar, la;Població;600;5;44;
Quart;Comarca;601;1;Gironès;
Quart;Codi;601;2;171426;
Quart;Altitud (m);601;3;91;
Quart;Superfície (km²);601;4;38,09;
Quart;Població;601;5;4161;
Queralbs;Comarca;602;1;Ripollès;
Queralbs;Codi;602;2;170433;
Queralbs;Altitud (m);602;3;1236;
Queralbs;Superfície (km²);602;4;93,47;
Queralbs;Població;602;5;202;
Querol;Comarca;603;1;Alt Camp;
Querol;Codi;603;2;431205;
Querol;Altitud (m);603;3;565;
Querol;Superfície (km²);603;4;72,26;
Querol;Població;603;5;614;
Rabós;Comarca;604;1;Alt Empordà;
Rabós;Codi;604;2;171432;
Rabós;Altitud (m);604;3;106;
Rabós;Superfície (km²);604;4;45,1;
Rabós;Població;604;5;236;
Rajadell;Comarca;605;1;Bages;
Rajadell;Codi;605;2;81786;
Rajadell;Altitud (m);605;3;361;
Rajadell;Superfície (km²);605;4;45,53;
Rajadell;Població;605;5;598;
Ràpita, la;Comarca;606;1;Montsià;
Ràpita, la;Codi;606;2;431362;
Ràpita, la;Altitud (m);606;3;11;
Ràpita, la;Superfície (km²);606;4;53,72;
Ràpita, la;Població;606;5;16230;
Rasquera;Comarca;607;1;Ribera d'Ebre;
Rasquera;Codi;607;2;431212;
Rasquera;Altitud (m);607;3;174;
Rasquera;Superfície (km²);607;4;51,31;
Rasquera;Població;607;5;788;
Regencós;Comarca;608;1;Baix Empordà;
Regencós;Codi;608;2;171447;
Regencós;Altitud (m);608;3;78;
Regencós;Superfície (km²);608;4;6,27;
Regencós;Població;608;5;274;
Rellinars;Comarca;609;1;Vallès Occidental;
Rellinars;Codi;609;2;81799;
Rellinars;Altitud (m);609;3;322;
Rellinars;Superfície (km²);609;4;17,79;
Rellinars;Població;609;5;928;
Renau;Comarca;610;1;Tarragonès;
Renau;Codi;610;2;431227;
Renau;Altitud (m);610;3;175;
Renau;Superfície (km²);610;4;8,22;
Renau;Població;610;5;165;
Reus;Comarca;611;1;Baix Camp;
Reus;Codi;611;2;431233;
Reus;Altitud (m);611;3;117;
Reus;Superfície (km²);611;4;52,82;
Reus;Població;611;5;111911;
Rialp;Comarca;612;1;Pallars Sobirà;
Rialp;Codi;612;2;251832;
Rialp;Altitud (m);612;3;725;
Rialp;Superfície (km²);612;4;63,3;
Rialp;Població;612;5;651;
Riba, la;Comarca;613;1;Alt Camp;
Riba, la;Codi;613;2;431248;
Riba, la;Altitud (m);613;3;263;
Riba, la;Superfície (km²);613;4;7,99;
Riba, la;Població;613;5;574;
Riba-roja d'Ebre;Comarca;614;1;Ribera d'Ebre;
Riba-roja d'Ebre;Codi;614;2;431251;
Riba-roja d'Ebre;Altitud (m);614;3;76;
Riba-roja d'Ebre;Superfície (km²);614;4;99,14;
Riba-roja d'Ebre;Població;614;5;1127;
Ribera d'Ondara;Comarca;615;1;Segarra;
Ribera d'Ondara;Codi;615;2;259059;
Ribera d'Ondara;Altitud (m);615;3;570;
Ribera d'Ondara;Superfície (km²);615;4;54,47;
Ribera d'Ondara;Població;615;5;436;
Ribera d'Urgellet;Comarca;616;1;Alt Urgell;
Ribera d'Urgellet;Codi;616;2;251850;
Ribera d'Urgellet;Altitud (m);616;3;702;
Ribera d'Urgellet;Superfície (km²);616;4;106,96;
Ribera d'Urgellet;Població;616;5;982;
Ribes de Freser;Comarca;617;1;Ripollès;
Ribes de Freser;Codi;617;2;171450;
Ribes de Freser;Altitud (m);617;3;912;
Ribes de Freser;Superfície (km²);617;4;41,87;
Ribes de Freser;Població;617;5;1839;
Riells i Viabrea;Comarca;618;1;Selva;
Riells i Viabrea;Codi;618;2;171463;
Riells i Viabrea;Altitud (m);618;3;96;
Riells i Viabrea;Superfície (km²);618;4;26,98;
Riells i Viabrea;Població;618;5;4627;
Riera de Gaià, la;Comarca;619;1;Tarragonès;
Riera de Gaià, la;Codi;619;2;431264;
Riera de Gaià, la;Altitud (m);619;3;28;
Riera de Gaià, la;Superfície (km²);619;4;8,76;
Riera de Gaià, la;Població;619;5;1831;
Riner;Comarca;620;1;Solsonès;
Riner;Codi;620;2;251863;
Riner;Altitud (m);620;3;830;
Riner;Superfície (km²);620;4;47,1;
Riner;Població;620;5;270;
Ripoll;Comarca;621;1;Ripollès;
Ripoll;Codi;621;2;171479;
Ripoll;Altitud (m);621;3;691;
Ripoll;Superfície (km²);621;4;73,71;
Ripoll;Població;621;5;10812;
Ripollet;Comarca;622;1;Vallès Occidental;
Ripollet;Codi;622;2;81803;
Ripollet;Altitud (m);622;3;79;
Ripollet;Superfície (km²);622;4;4,33;
Ripollet;Població;622;5;39773;
Riu de Cerdanya;Comarca;623;1;Cerdanya;
Riu de Cerdanya;Codi;623;2;259139;
Riu de Cerdanya;Altitud (m);623;3;1173;
Riu de Cerdanya;Superfície (km²);623;4;12,34;
Riu de Cerdanya;Població;623;5;96;
Riudarenes;Comarca;624;1;Selva;
Riudarenes;Codi;624;2;171485;
Riudarenes;Altitud (m);624;3;84;
Riudarenes;Superfície (km²);624;4;47,6;
Riudarenes;Població;624;5;2524;
Riudaura;Comarca;625;1;Garrotxa;
Riudaura;Codi;625;2;171498;
Riudaura;Altitud (m);625;3;572;
Riudaura;Superfície (km²);625;4;23,6;
Riudaura;Població;625;5;526;
Riudecanyes;Comarca;626;1;Baix Camp;
Riudecanyes;Codi;626;2;431270;
Riudecanyes;Altitud (m);626;3;195;
Riudecanyes;Superfície (km²);626;4;17,1;
Riudecanyes;Població;626;5;1379;
Riudecols;Comarca;627;1;Baix Camp;
Riudecols;Codi;627;2;431286;
Riudecols;Altitud (m);627;3;299;
Riudecols;Superfície (km²);627;4;19,46;
Riudecols;Població;627;5;1280;
Riudellots de la Selva;Comarca;628;1;Selva;
Riudellots de la Selva;Codi;628;2;171501;
Riudellots de la Selva;Altitud (m);628;3;98;
Riudellots de la Selva;Superfície (km²);628;4;13,13;
Riudellots de la Selva;Població;628;5;2121;
Riudoms;Comarca;629;1;Baix Camp;
Riudoms;Codi;629;2;431299;
Riudoms;Altitud (m);629;3;125;
Riudoms;Superfície (km²);629;4;32,43;
Riudoms;Població;629;5;6927;
Riumors;Comarca;630;1;Alt Empordà;
Riumors;Codi;630;2;171518;
Riumors;Altitud (m);630;3;7;
Riumors;Superfície (km²);630;4;6,54;
Riumors;Població;630;5;258;
Roca del Vallès, la;Comarca;631;1;Vallès Oriental;
Roca del Vallès, la;Codi;631;2;81810;
Roca del Vallès, la;Altitud (m);631;3;123;
Roca del Vallès, la;Superfície (km²);631;4;36,9;
Roca del Vallès, la;Població;631;5;11021;
Rocafort de Queralt;Comarca;632;1;Conca de Barberà;
Rocafort de Queralt;Codi;632;2;431303;
Rocafort de Queralt;Altitud (m);632;3;566;
Rocafort de Queralt;Superfície (km²);632;4;8,47;
Rocafort de Queralt;Població;632;5;246;
Roda de Berà;Comarca;633;1;Tarragonès;
Roda de Berà;Codi;633;2;431310;
Roda de Berà;Altitud (m);633;3;57;
Roda de Berà;Superfície (km²);633;4;16,5;
Roda de Berà;Població;633;5;8240;
Roda de Ter;Comarca;634;1;Osona;
Roda de Ter;Codi;634;2;81831;
Roda de Ter;Altitud (m);634;3;443;
Roda de Ter;Superfície (km²);634;4;2,23;
Roda de Ter;Població;634;5;6948;
Rodonyà;Comarca;635;1;Alt Camp;
Rodonyà;Codi;635;2;431325;
Rodonyà;Altitud (m);635;3;312;
Rodonyà;Superfície (km²);635;4;8,49;
Rodonyà;Població;635;5;518;
Roquetes;Comarca;636;1;Baix Ebre;
Roquetes;Codi;636;2;431331;
Roquetes;Altitud (m);636;3;14;
Roquetes;Superfície (km²);636;4;136,92;
Roquetes;Població;636;5;8606;
Roses;Comarca;637;1;Alt Empordà;
Roses;Codi;637;2;171523;
Roses;Altitud (m);637;3;5;
Roses;Superfície (km²);637;4;45,91;
Roses;Població;637;5;20175;
Rosselló;Comarca;638;1;Segrià;
Rosselló;Codi;638;2;251898;
Rosselló;Altitud (m);638;3;252;
Rosselló;Superfície (km²);638;4;9,92;
Rosselló;Població;638;5;3398;
Rourell, el;Comarca;639;1;Alt Camp;
Rourell, el;Codi;639;2;431346;
Rourell, el;Altitud (m);639;3;114;
Rourell, el;Superfície (km²);639;4;2,32;
Rourell, el;Població;639;5;385;
Rubí;Comarca;640;1;Vallès Occidental;
Rubí;Codi;640;2;81846;
Rubí;Altitud (m);640;3;123;
Rubí;Superfície (km²);640;4;32,3;
Rubí;Població;640;5;82825;
Rubió;Comarca;641;1;Anoia;
Rubió;Codi;641;2;81859;
Rubió;Altitud (m);641;3;629;
Rubió;Superfície (km²);641;4;48;
Rubió;Població;641;5;228;
Rupià;Comarca;642;1;Baix Empordà;
Rupià;Codi;642;2;171539;
Rupià;Altitud (m);642;3;66;
Rupià;Superfície (km²);642;4;5,29;
Rupià;Població;642;5;323;
Rupit i Pruit;Comarca;643;1;Osona;
Rupit i Pruit;Codi;643;2;89019;
Rupit i Pruit;Altitud (m);643;3;822;
Rupit i Pruit;Superfície (km²);643;4;47,81;
Rupit i Pruit;Població;643;5;277;
Sabadell;Comarca;644;1;Vallès Occidental;
Sabadell;Codi;644;2;81878;
Sabadell;Altitud (m);644;3;190;
Sabadell;Superfície (km²);644;4;37,79;
Sabadell;Població;644;5;224589;
Sagàs;Comarca;645;1;Berguedà;
Sagàs;Codi;645;2;81884;
Sagàs;Altitud (m);645;3;738;
Sagàs;Superfície (km²);645;4;44,6;
Sagàs;Població;645;5;153;
Salàs de Pallars;Comarca;646;1;Pallars Jussà;
Salàs de Pallars;Codi;646;2;251902;
Salàs de Pallars;Altitud (m);646;3;573;
Salàs de Pallars;Superfície (km²);646;4;20,27;
Salàs de Pallars;Població;646;5;368;
Saldes;Comarca;647;1;Berguedà;
Saldes;Codi;647;2;81901;
Saldes;Altitud (m);647;3;1215;
Saldes;Superfície (km²);647;4;66,4;
Saldes;Població;647;5;301;
Sales de Llierca;Comarca;648;1;Garrotxa;
Sales de Llierca;Codi;648;2;171544;
Sales de Llierca;Altitud (m);648;3;260;
Sales de Llierca;Superfície (km²);648;4;35,82;
Sales de Llierca;Població;648;5;164;
Sallent;Comarca;649;1;Bages;
Sallent;Codi;649;2;81918;
Sallent;Altitud (m);649;3;278;
Sallent;Superfície (km²);649;4;65,22;
Sallent;Població;649;5;7043;
Salomó;Comarca;650;1;Tarragonès;
Salomó;Codi;650;2;431359;
Salomó;Altitud (m);650;3;165;
Salomó;Superfície (km²);650;4;12,21;
Salomó;Població;650;5;525;
Salou;Comarca;651;1;Tarragonès;
Salou;Codi;651;2;439057;
Salou;Altitud (m);651;3;2;
Salou;Superfície (km²);651;4;15,13;
Salou;Població;651;5;31018;
Salt;Comarca;652;1;Gironès;
Salt;Codi;652;2;171557;
Salt;Altitud (m);652;3;83;
Salt;Superfície (km²);652;4;6,64;
Salt;Població;652;5;34603;
Sanaüja;Comarca;653;1;Segarra;
Sanaüja;Codi;653;2;251919;
Sanaüja;Altitud (m);653;3;409;
Sanaüja;Superfície (km²);653;4;32,99;
Sanaüja;Població;653;5;388;
Sant Adrià de Besòs;Comarca;654;1;Barcelonès;
Sant Adrià de Besòs;Codi;654;2;81944;
Sant Adrià de Besòs;Altitud (m);654;3;14;
Sant Adrià de Besòs;Superfície (km²);654;4;3,82;
Sant Adrià de Besòs;Població;654;5;38980;
Sant Agustí de Lluçanès;Comarca;655;1;Osona;
Sant Agustí de Lluçanès;Codi;655;2;81957;
Sant Agustí de Lluçanès;Altitud (m);655;3;816;
Sant Agustí de Lluçanès;Superfície (km²);655;4;13,26;
Sant Agustí de Lluçanès;Població;655;5;106;
Sant Andreu de la Barca;Comarca;656;1;Baix Llobregat;
Sant Andreu de la Barca;Codi;656;2;81960;
Sant Andreu de la Barca;Altitud (m);656;3;42;
Sant Andreu de la Barca;Superfície (km²);656;4;5,5;
Sant Andreu de la Barca;Població;656;5;27069;
Sant Andreu de Llavaneres;Comarca;657;1;Maresme;
Sant Andreu de Llavaneres;Codi;657;2;81976;
Sant Andreu de Llavaneres;Altitud (m);657;3;114;
Sant Andreu de Llavaneres;Superfície (km²);657;4;11,83;
Sant Andreu de Llavaneres;Població;657;5;11910;
Sant Andreu Salou;Comarca;658;1;Gironès;
Sant Andreu Salou;Codi;658;2;171576;
Sant Andreu Salou;Altitud (m);658;3;132;
Sant Andreu Salou;Superfície (km²);658;4;5,96;
Sant Andreu Salou;Població;658;5;163;
Sant Aniol de Finestres;Comarca;659;1;Garrotxa;
Sant Aniol de Finestres;Codi;659;2;171833;
Sant Aniol de Finestres;Altitud (m);659;3;289;
Sant Aniol de Finestres;Superfície (km²);659;4;47,73;
Sant Aniol de Finestres;Població;659;5;381;
Sant Antoni de Vilamajor;Comarca;660;1;Vallès Oriental;
Sant Antoni de Vilamajor;Codi;660;2;81982;
Sant Antoni de Vilamajor;Altitud (m);660;3;258;
Sant Antoni de Vilamajor;Superfície (km²);660;4;13,7;
Sant Antoni de Vilamajor;Població;660;5;6722;
Sant Bartomeu del Grau;Comarca;661;1;Osona;
Sant Bartomeu del Grau;Codi;661;2;81995;
Sant Bartomeu del Grau;Altitud (m);661;3;868;
Sant Bartomeu del Grau;Superfície (km²);661;4;34,4;
Sant Bartomeu del Grau;Població;661;5;931;
Sant Boi de Llobregat;Comarca;662;1;Baix Llobregat;
Sant Boi de Llobregat;Codi;662;2;82009;
Sant Boi de Llobregat;Altitud (m);662;3;30;
Sant Boi de Llobregat;Superfície (km²);662;4;21,47;
Sant Boi de Llobregat;Població;662;5;85317;
Sant Boi de Lluçanès;Comarca;663;1;Osona;
Sant Boi de Lluçanès;Codi;663;2;82016;
Sant Boi de Lluçanès;Altitud (m);663;3;813;
Sant Boi de Lluçanès;Superfície (km²);663;4;19,48;
Sant Boi de Lluçanès;Població;663;5;600;
Sant Cebrià de Vallalta;Comarca;664;1;Maresme;
Sant Cebrià de Vallalta;Codi;664;2;82037;
Sant Cebrià de Vallalta;Altitud (m);664;3;71;
Sant Cebrià de Vallalta;Superfície (km²);664;4;15,8;
Sant Cebrià de Vallalta;Població;664;5;3855;
Sant Celoni;Comarca;665;1;Vallès Oriental;
Sant Celoni;Codi;665;2;82021;
Sant Celoni;Altitud (m);665;3;152;
Sant Celoni;Superfície (km²);665;4;65,23;
Sant Celoni;Població;665;5;18916;
Sant Climent de Llobregat;Comarca;666;1;Baix Llobregat;
Sant Climent de Llobregat;Codi;666;2;82042;
Sant Climent de Llobregat;Altitud (m);666;3;87;
Sant Climent de Llobregat;Superfície (km²);666;4;10,81;
Sant Climent de Llobregat;Població;666;5;4187;
Sant Climent Sescebes;Comarca;667;1;Alt Empordà;
Sant Climent Sescebes;Codi;667;2;171582;
Sant Climent Sescebes;Altitud (m);667;3;86;
Sant Climent Sescebes;Superfície (km²);667;4;24,37;
Sant Climent Sescebes;Població;667;5;691;
Sant Cugat del Vallès;Comarca;668;1;Vallès Occidental;
Sant Cugat del Vallès;Codi;668;2;82055;
Sant Cugat del Vallès;Altitud (m);668;3;124;
Sant Cugat del Vallès;Superfície (km²);668;4;48,23;
Sant Cugat del Vallès;Població;668;5;97959;
Sant Cugat Sesgarrigues;Comarca;669;1;Alt Penedès;
Sant Cugat Sesgarrigues;Codi;669;2;82068;
Sant Cugat Sesgarrigues;Altitud (m);669;3;266;
Sant Cugat Sesgarrigues;Superfície (km²);669;4;6,24;
Sant Cugat Sesgarrigues;Població;669;5;1037;
Sant Esteve de la Sarga;Comarca;670;1;Pallars Jussà;
Sant Esteve de la Sarga;Codi;670;2;251961;
Sant Esteve de la Sarga;Altitud (m);670;3;875;
Sant Esteve de la Sarga;Superfície (km²);670;4;92,87;
Sant Esteve de la Sarga;Població;670;5;118;
Sant Esteve de Palautordera;Comarca;671;1;Vallès Oriental;
Sant Esteve de Palautordera;Codi;671;2;82074;
Sant Esteve de Palautordera;Altitud (m);671;3;231;
Sant Esteve de Palautordera;Superfície (km²);671;4;10,64;
Sant Esteve de Palautordera;Població;671;5;3099;
Sant Esteve Sesrovires;Comarca;672;1;Baix Llobregat;
Sant Esteve Sesrovires;Codi;672;2;82080;
Sant Esteve Sesrovires;Altitud (m);672;3;183;
Sant Esteve Sesrovires;Superfície (km²);672;4;18,56;
Sant Esteve Sesrovires;Població;672;5;8112;
Sant Feliu de Buixalleu;Comarca;673;1;Selva;
Sant Feliu de Buixalleu;Codi;673;2;171595;
Sant Feliu de Buixalleu;Altitud (m);673;3;402;
Sant Feliu de Buixalleu;Superfície (km²);673;4;61,94;
Sant Feliu de Buixalleu;Població;673;5;883;
Sant Feliu de Codines;Comarca;674;1;Vallès Oriental;
Sant Feliu de Codines;Codi;674;2;82107;
Sant Feliu de Codines;Altitud (m);674;3;480;
Sant Feliu de Codines;Superfície (km²);674;4;15;
Sant Feliu de Codines;Població;674;5;6821;
Sant Feliu de Guíxols;Comarca;675;1;Baix Empordà;
Sant Feliu de Guíxols;Codi;675;2;171609;
Sant Feliu de Guíxols;Altitud (m);675;3;4;
Sant Feliu de Guíxols;Superfície (km²);675;4;16,23;
Sant Feliu de Guíxols;Població;675;5;23060;
Sant Feliu de Llobregat;Comarca;676;1;Baix Llobregat;
Sant Feliu de Llobregat;Codi;676;2;82114;
Sant Feliu de Llobregat;Altitud (m);676;3;25;
Sant Feliu de Llobregat;Superfície (km²);676;4;11,82;
Sant Feliu de Llobregat;Població;676;5;46688;
Sant Feliu de Pallerols;Comarca;677;1;Garrotxa;
Sant Feliu de Pallerols;Codi;677;2;171616;
Sant Feliu de Pallerols;Altitud (m);677;3;473;
Sant Feliu de Pallerols;Superfície (km²);677;4;34,86;
Sant Feliu de Pallerols;Població;677;5;1658;
Sant Feliu Sasserra;Comarca;678;1;Bages;
Sant Feliu Sasserra;Codi;678;2;82129;
Sant Feliu Sasserra;Altitud (m);678;3;617;
Sant Feliu Sasserra;Superfície (km²);678;4;22,36;
Sant Feliu Sasserra;Població;678;5;634;
Sant Ferriol;Comarca;679;1;Garrotxa;
Sant Ferriol;Codi;679;2;171621;
Sant Ferriol;Altitud (m);679;3;146;
Sant Ferriol;Superfície (km²);679;4;42,24;
Sant Ferriol;Població;679;5;248;
Sant Fost de Campsentelles;Comarca;680;1;Vallès Oriental;
Sant Fost de Campsentelles;Codi;680;2;82093;
Sant Fost de Campsentelles;Altitud (m);680;3;112;
Sant Fost de Campsentelles;Superfície (km²);680;4;13,15;
Sant Fost de Campsentelles;Població;680;5;9400;
Sant Fruitós de Bages;Comarca;681;1;Bages;
Sant Fruitós de Bages;Codi;681;2;82135;
Sant Fruitós de Bages;Altitud (m);681;3;247;
Sant Fruitós de Bages;Superfície (km²);681;4;22,29;
Sant Fruitós de Bages;Població;681;5;9324;
Sant Gregori;Comarca;682;1;Gironès;
Sant Gregori;Codi;682;2;171637;
Sant Gregori;Altitud (m);682;3;112;
Sant Gregori;Superfície (km²);682;4;49,17;
Sant Gregori;Població;682;5;4187;
Sant Guim de Freixenet;Comarca;683;1;Segarra;
Sant Guim de Freixenet;Codi;683;2;251924;
Sant Guim de Freixenet;Altitud (m);683;3;738;
Sant Guim de Freixenet;Superfície (km²);683;4;25,1;
Sant Guim de Freixenet;Població;683;5;1233;
Sant Guim de la Plana;Comarca;684;1;Segarra;
Sant Guim de la Plana;Codi;684;2;251977;
Sant Guim de la Plana;Altitud (m);684;3;556;
Sant Guim de la Plana;Superfície (km²);684;4;12,45;
Sant Guim de la Plana;Població;684;5;192;
Sant Hilari Sacalm;Comarca;685;1;Selva;
Sant Hilari Sacalm;Codi;685;2;171642;
Sant Hilari Sacalm;Altitud (m);685;3;803;
Sant Hilari Sacalm;Superfície (km²);685;4;83,28;
Sant Hilari Sacalm;Població;685;5;6071;
Sant Hipòlit de Voltregà;Comarca;686;1;Osona;
Sant Hipòlit de Voltregà;Codi;686;2;82153;
Sant Hipòlit de Voltregà;Altitud (m);686;3;536;
Sant Hipòlit de Voltregà;Superfície (km²);686;4;0,92;
Sant Hipòlit de Voltregà;Població;686;5;3649;
Sant Iscle de Vallalta;Comarca;687;1;Maresme;
Sant Iscle de Vallalta;Codi;687;2;81939;
Sant Iscle de Vallalta;Altitud (m);687;3;129;
Sant Iscle de Vallalta;Superfície (km²);687;4;17,77;
Sant Iscle de Vallalta;Població;687;5;1482;
Sant Jaume d'Enveja;Comarca;688;1;Montsià;
Sant Jaume d'Enveja;Codi;688;2;439023;
Sant Jaume d'Enveja;Altitud (m);688;3;7;
Sant Jaume d'Enveja;Superfície (km²);688;4;60,79;
Sant Jaume d'Enveja;Població;688;5;3759;
Sant Jaume de Frontanyà;Comarca;689;1;Berguedà;
Sant Jaume de Frontanyà;Codi;689;2;82166;
Sant Jaume de Frontanyà;Altitud (m);689;3;1072;
Sant Jaume de Frontanyà;Superfície (km²);689;4;21,26;
Sant Jaume de Frontanyà;Població;689;5;25;
Sant Jaume de Llierca;Comarca;690;1;Garrotxa;
Sant Jaume de Llierca;Codi;690;2;171655;
Sant Jaume de Llierca;Altitud (m);690;3;203;
Sant Jaume de Llierca;Superfície (km²);690;4;6,75;
Sant Jaume de Llierca;Població;690;5;861;
Sant Jaume dels Domenys;Comarca;691;1;Baix Penedès;
Sant Jaume dels Domenys;Codi;691;2;431378;
Sant Jaume dels Domenys;Altitud (m);691;3;213;
Sant Jaume dels Domenys;Superfície (km²);691;4;24,45;
Sant Jaume dels Domenys;Població;691;5;2819;
Sant Joan de les Abadesses;Comarca;692;1;Ripollès;
Sant Joan de les Abadesses;Codi;692;2;171674;
Sant Joan de les Abadesses;Altitud (m);692;3;773;
Sant Joan de les Abadesses;Superfície (km²);692;4;53,67;
Sant Joan de les Abadesses;Població;692;5;3393;
Sant Joan de Mollet;Comarca;693;1;Gironès;
Sant Joan de Mollet;Codi;693;2;171680;
Sant Joan de Mollet;Altitud (m);693;3;54;
Sant Joan de Mollet;Superfície (km²);693;4;3,15;
Sant Joan de Mollet;Població;693;5;536;
Sant Joan de Vilatorrada;Comarca;694;1;Bages;
Sant Joan de Vilatorrada;Codi;694;2;82188;
Sant Joan de Vilatorrada;Altitud (m);694;3;277;
Sant Joan de Vilatorrada;Superfície (km²);694;4;16,43;
Sant Joan de Vilatorrada;Població;694;5;11109;
Sant Joan Despí;Comarca;695;1;Baix Llobregat;
Sant Joan Despí;Codi;695;2;82172;
Sant Joan Despí;Altitud (m);695;3;10;
Sant Joan Despí;Superfície (km²);695;4;6,17;
Sant Joan Despí;Població;695;5;35811;
Sant Joan les Fonts;Comarca;696;1;Garrotxa;
Sant Joan les Fonts;Codi;696;2;171851;
Sant Joan les Fonts;Altitud (m);696;3;342;
Sant Joan les Fonts;Superfície (km²);696;4;31,94;
Sant Joan les Fonts;Població;696;5;3159;
Sant Jordi Desvalls;Comarca;697;1;Gironès;
Sant Jordi Desvalls;Codi;697;2;171668;
Sant Jordi Desvalls;Altitud (m);697;3;57;
Sant Jordi Desvalls;Superfície (km²);697;4;11,72;
Sant Jordi Desvalls;Població;697;5;881;
Sant Julià de Cerdanyola;Comarca;698;1;Berguedà;
Sant Julià de Cerdanyola;Codi;698;2;89030;
Sant Julià de Cerdanyola;Altitud (m);698;3;954;
Sant Julià de Cerdanyola;Superfície (km²);698;4;11,79;
Sant Julià de Cerdanyola;Població;698;5;234;
Sant Julià de Ramis;Comarca;699;1;Gironès;
Sant Julià de Ramis;Codi;699;2;171693;
Sant Julià de Ramis;Altitud (m);699;3;128;
Sant Julià de Ramis;Superfície (km²);699;4;18,8;
Sant Julià de Ramis;Població;699;5;3702;
Sant Julià de Vilatorta;Comarca;700;1;Osona;
Sant Julià de Vilatorta;Codi;700;2;82205;
Sant Julià de Vilatorta;Altitud (m);700;3;600;
Sant Julià de Vilatorta;Superfície (km²);700;4;15,94;
Sant Julià de Vilatorta;Població;700;5;3336;
Sant Julià del Llor i Bonmatí;Comarca;701;1;Selva;
Sant Julià del Llor i Bonmatí;Codi;701;2;179032;
Sant Julià del Llor i Bonmatí;Altitud (m);701;3;160;
Sant Julià del Llor i Bonmatí;Superfície (km²);701;4;9,73;
Sant Julià del Llor i Bonmatí;Població;701;5;1462;
Sant Just Desvern;Comarca;702;1;Baix Llobregat;
Sant Just Desvern;Codi;702;2;82212;
Sant Just Desvern;Altitud (m);702;3;122;
Sant Just Desvern;Superfície (km²);702;4;7,81;
Sant Just Desvern;Població;702;5;21045;
Sant Llorenç d'Hortons;Comarca;703;1;Alt Penedès;
Sant Llorenç d'Hortons;Codi;703;2;82227;
Sant Llorenç d'Hortons;Altitud (m);703;3;196;
Sant Llorenç d'Hortons;Superfície (km²);703;4;19,72;
Sant Llorenç d'Hortons;Població;703;5;2621;
Sant Llorenç de la Muga;Comarca;704;1;Alt Empordà;
Sant Llorenç de la Muga;Codi;704;2;171714;
Sant Llorenç de la Muga;Altitud (m);704;3;173;
Sant Llorenç de la Muga;Superfície (km²);704;4;31,84;
Sant Llorenç de la Muga;Població;704;5;247;
Sant Llorenç de Morunys;Comarca;705;1;Solsonès;
Sant Llorenç de Morunys;Codi;705;2;251930;
Sant Llorenç de Morunys;Altitud (m);705;3;925;
Sant Llorenç de Morunys;Superfície (km²);705;4;4,34;
Sant Llorenç de Morunys;Població;705;5;982;
Sant Llorenç Savall;Comarca;706;1;Vallès Occidental;
Sant Llorenç Savall;Codi;706;2;82233;
Sant Llorenç Savall;Altitud (m);706;3;466;
Sant Llorenç Savall;Superfície (km²);706;4;41,11;
Sant Llorenç Savall;Població;706;5;2591;
Sant Martí d'Albars;Comarca;707;1;Lluçanès;
Sant Martí d'Albars;Codi;707;2;82251;
Sant Martí d'Albars;Altitud (m);707;3;629;
Sant Martí d'Albars;Superfície (km²);707;4;14,73;
Sant Martí d'Albars;Població;707;5;135;
Sant Martí de Centelles;Comarca;708;1;Osona;
Sant Martí de Centelles;Codi;708;2;82248;
Sant Martí de Centelles;Altitud (m);708;3;404;
Sant Martí de Centelles;Superfície (km²);708;4;25,55;
Sant Martí de Centelles;Població;708;5;1261;
Sant Martí de Llémena;Comarca;709;1;Gironès;
Sant Martí de Llémena;Codi;709;2;171729;
Sant Martí de Llémena;Altitud (m);709;3;256;
Sant Martí de Llémena;Superfície (km²);709;4;43,13;
Sant Martí de Llémena;Població;709;5;727;
Sant Martí de Riucorb;Comarca;710;1;Urgell;
Sant Martí de Riucorb;Codi;710;2;259025;
Sant Martí de Riucorb;Altitud (m);710;3;409;
Sant Martí de Riucorb;Superfície (km²);710;4;34,9;
Sant Martí de Riucorb;Població;710;5;675;
Sant Martí de Tous;Comarca;711;1;Anoia;
Sant Martí de Tous;Codi;711;2;82264;
Sant Martí de Tous;Altitud (m);711;3;465;
Sant Martí de Tous;Superfície (km²);711;4;39,21;
Sant Martí de Tous;Població;711;5;1269;
Sant Martí Sarroca;Comarca;712;1;Alt Penedès;
Sant Martí Sarroca;Codi;712;2;82270;
Sant Martí Sarroca;Altitud (m);712;3;291;
Sant Martí Sarroca;Superfície (km²);712;4;35,27;
Sant Martí Sarroca;Població;712;5;3476;
Sant Martí Sesgueioles;Comarca;713;1;Anoia;
Sant Martí Sesgueioles;Codi;713;2;82286;
Sant Martí Sesgueioles;Altitud (m);713;3;646;
Sant Martí Sesgueioles;Superfície (km²);713;4;3,87;
Sant Martí Sesgueioles;Població;713;5;353;
Sant Martí Vell;Comarca;714;1;Gironès;
Sant Martí Vell;Codi;714;2;171735;
Sant Martí Vell;Altitud (m);714;3;65;
Sant Martí Vell;Superfície (km²);714;4;17,52;
Sant Martí Vell;Població;714;5;270;
Sant Mateu de Bages;Comarca;715;1;Bages;
Sant Mateu de Bages;Codi;715;2;82299;
Sant Mateu de Bages;Altitud (m);715;3;569;
Sant Mateu de Bages;Superfície (km²);715;4;102,92;
Sant Mateu de Bages;Població;715;5;640;
Sant Miquel de Campmajor;Comarca;716;1;Pla de l'Estany;
Sant Miquel de Campmajor;Codi;716;2;171740;
Sant Miquel de Campmajor;Altitud (m);716;3;217;
Sant Miquel de Campmajor;Superfície (km²);716;4;33,22;
Sant Miquel de Campmajor;Població;716;5;257;
Sant Miquel de Fluvià;Comarca;717;1;Alt Empordà;
Sant Miquel de Fluvià;Codi;717;2;171753;
Sant Miquel de Fluvià;Altitud (m);717;3;28;
Sant Miquel de Fluvià;Superfície (km²);717;4;3,51;
Sant Miquel de Fluvià;Població;717;5;858;
Sant Mori;Comarca;718;1;Alt Empordà;
Sant Mori;Codi;718;2;171766;
Sant Mori;Altitud (m);718;3;51;
Sant Mori;Superfície (km²);718;4;7,53;
Sant Mori;Població;718;5;167;
Sant Pau de Segúries;Comarca;719;1;Ripollès;
Sant Pau de Segúries;Codi;719;2;171772;
Sant Pau de Segúries;Altitud (m);719;3;867;
Sant Pau de Segúries;Superfície (km²);719;4;8,74;
Sant Pau de Segúries;Població;719;5;719;
Sant Pere de Ribes;Comarca;720;1;Garraf;
Sant Pere de Ribes;Codi;720;2;82310;
Sant Pere de Ribes;Altitud (m);720;3;44;
Sant Pere de Ribes;Superfície (km²);720;4;40,8;
Sant Pere de Ribes;Població;720;5;32613;
Sant Pere de Riudebitlles;Comarca;721;1;Alt Penedès;
Sant Pere de Riudebitlles;Codi;721;2;82325;
Sant Pere de Riudebitlles;Altitud (m);721;3;246;
Sant Pere de Riudebitlles;Superfície (km²);721;4;5,38;
Sant Pere de Riudebitlles;Població;721;5;2512;
Sant Pere de Torelló;Comarca;722;1;Osona;
Sant Pere de Torelló;Codi;722;2;82331;
Sant Pere de Torelló;Altitud (m);722;3;621;
Sant Pere de Torelló;Superfície (km²);722;4;55,13;
Sant Pere de Torelló;Població;722;5;2607;
Sant Pere de Vilamajor;Comarca;723;1;Vallès Oriental;
Sant Pere de Vilamajor;Codi;723;2;82346;
Sant Pere de Vilamajor;Altitud (m);723;3;305;
Sant Pere de Vilamajor;Superfície (km²);723;4;34,72;
Sant Pere de Vilamajor;Població;723;5;5069;
Sant Pere Pescador;Comarca;724;1;Alt Empordà;
Sant Pere Pescador;Codi;724;2;171788;
Sant Pere Pescador;Altitud (m);724;3;5;
Sant Pere Pescador;Superfície (km²);724;4;18,45;
Sant Pere Pescador;Població;724;5;2285;
Sant Pere Sallavinera;Comarca;725;1;Anoia;
Sant Pere Sallavinera;Codi;725;2;81897;
Sant Pere Sallavinera;Altitud (m);725;3;588;
Sant Pere Sallavinera;Superfície (km²);725;4;22,02;
Sant Pere Sallavinera;Població;725;5;177;
Sant Pol de Mar;Comarca;726;1;Maresme;
Sant Pol de Mar;Codi;726;2;82359;
Sant Pol de Mar;Altitud (m);726;3;15;
Sant Pol de Mar;Superfície (km²);726;4;7,53;
Sant Pol de Mar;Població;726;5;5778;
Sant Quintí de Mediona;Comarca;727;1;Alt Penedès;
Sant Quintí de Mediona;Codi;727;2;82362;
Sant Quintí de Mediona;Altitud (m);727;3;326;
Sant Quintí de Mediona;Superfície (km²);727;4;13,84;
Sant Quintí de Mediona;Població;727;5;2585;
Sant Quirze de Besora;Comarca;728;1;Osona;
Sant Quirze de Besora;Codi;728;2;82378;
Sant Quirze de Besora;Altitud (m);728;3;587;
Sant Quirze de Besora;Superfície (km²);728;4;8,12;
Sant Quirze de Besora;Població;728;5;2163;
Sant Quirze del Vallès;Comarca;729;1;Vallès Occidental;
Sant Quirze del Vallès;Codi;729;2;82384;
Sant Quirze del Vallès;Altitud (m);729;3;188;
Sant Quirze del Vallès;Superfície (km²);729;4;14,07;
Sant Quirze del Vallès;Població;729;5;20175;
Sant Quirze Safaja;Comarca;730;1;Moianès;
Sant Quirze Safaja;Codi;730;2;82397;
Sant Quirze Safaja;Altitud (m);730;3;627;
Sant Quirze Safaja;Superfície (km²);730;4;26,21;
Sant Quirze Safaja;Població;730;5;664;
Sant Ramon;Comarca;731;1;Segarra;
Sant Ramon;Codi;731;2;251945;
Sant Ramon;Altitud (m);731;3;641;
Sant Ramon;Superfície (km²);731;4;18,53;
Sant Ramon;Població;731;5;483;
Sant Sadurní d'Anoia;Comarca;732;1;Alt Penedès;
Sant Sadurní d'Anoia;Codi;732;2;82401;
Sant Sadurní d'Anoia;Altitud (m);732;3;162;
Sant Sadurní d'Anoia;Superfície (km²);732;4;18,96;
Sant Sadurní d'Anoia;Població;732;5;12930;
Sant Sadurní d'Osormort;Comarca;733;1;Osona;
Sant Sadurní d'Osormort;Codi;733;2;82418;
Sant Sadurní d'Osormort;Altitud (m);733;3;531;
Sant Sadurní d'Osormort;Superfície (km²);733;4;30,6;
Sant Sadurní d'Osormort;Població;733;5;86;
Sant Salvador de Guardiola;Comarca;734;1;Bages;
Sant Salvador de Guardiola;Codi;734;2;80983;
Sant Salvador de Guardiola;Altitud (m);734;3;334;
Sant Salvador de Guardiola;Superfície (km²);734;4;37,15;
Sant Salvador de Guardiola;Població;734;5;3596;
Sant Vicenç de Castellet;Comarca;735;1;Bages;
Sant Vicenç de Castellet;Codi;735;2;82628;
Sant Vicenç de Castellet;Altitud (m);735;3;176;
Sant Vicenç de Castellet;Superfície (km²);735;4;17,13;
Sant Vicenç de Castellet;Població;735;5;10167;
Sant Vicenç de Montalt;Comarca;736;1;Maresme;
Sant Vicenç de Montalt;Codi;736;2;82649;
Sant Vicenç de Montalt;Altitud (m);736;3;143;
Sant Vicenç de Montalt;Superfície (km²);736;4;8,05;
Sant Vicenç de Montalt;Població;736;5;6829;
Sant Vicenç de Torelló;Comarca;737;1;Osona;
Sant Vicenç de Torelló;Codi;737;2;82652;
Sant Vicenç de Torelló;Altitud (m);737;3;555;
Sant Vicenç de Torelló;Superfície (km²);737;4;7,04;
Sant Vicenç de Torelló;Població;737;5;2118;
Sant Vicenç dels Horts;Comarca;738;1;Baix Llobregat;
Sant Vicenç dels Horts;Codi;738;2;82634;
Sant Vicenç dels Horts;Altitud (m);738;3;22;
Sant Vicenç dels Horts;Superfície (km²);738;4;9,12;
Sant Vicenç dels Horts;Població;738;5;28760;
Santa Bàrbara;Comarca;739;1;Montsià;
Santa Bàrbara;Codi;739;2;431384;
Santa Bàrbara;Altitud (m);739;3;79;
Santa Bàrbara;Superfície (km²);739;4;28,15;
Santa Bàrbara;Població;739;5;3866;
Santa Cecília de Voltregà;Comarca;740;1;Osona;
Santa Cecília de Voltregà;Codi;740;2;82439;
Santa Cecília de Voltregà;Altitud (m);740;3;519;
Santa Cecília de Voltregà;Superfície (km²);740;4;8,63;
Santa Cecília de Voltregà;Població;740;5;197;
Santa Coloma de Cervelló;Comarca;741;1;Baix Llobregat;
Santa Coloma de Cervelló;Codi;741;2;82444;
Santa Coloma de Cervelló;Altitud (m);741;3;73;
Santa Coloma de Cervelló;Superfície (km²);741;4;7,49;
Santa Coloma de Cervelló;Població;741;5;8275;
Santa Coloma de Farners;Comarca;742;1;Selva;
Santa Coloma de Farners;Codi;742;2;171805;
Santa Coloma de Farners;Altitud (m);742;3;142;
Santa Coloma de Farners;Superfície (km²);742;4;70,64;
Santa Coloma de Farners;Població;742;5;14218;
Santa Coloma de Gramenet;Comarca;743;1;Barcelonès;
Santa Coloma de Gramenet;Codi;743;2;82457;
Santa Coloma de Gramenet;Altitud (m);743;3;56;
Santa Coloma de Gramenet;Superfície (km²);743;4;7;
Santa Coloma de Gramenet;Població;743;5;123250;
Santa Coloma de Queralt;Comarca;744;1;Conca de Barberà;
Santa Coloma de Queralt;Codi;744;2;431397;
Santa Coloma de Queralt;Altitud (m);744;3;674;
Santa Coloma de Queralt;Superfície (km²);744;4;33,85;
Santa Coloma de Queralt;Població;744;5;2832;
Santa Cristina d'Aro;Comarca;745;1;Baix Empordà;
Santa Cristina d'Aro;Codi;745;2;171812;
Santa Cristina d'Aro;Altitud (m);745;3;30;
Santa Cristina d'Aro;Superfície (km²);745;4;67,55;
Santa Cristina d'Aro;Població;745;5;5972;
Santa Eugènia de Berga;Comarca;746;1;Osona;
Santa Eugènia de Berga;Codi;746;2;82460;
Santa Eugènia de Berga;Altitud (m);746;3;538;
Santa Eugènia de Berga;Superfície (km²);746;4;7,01;
Santa Eugènia de Berga;Població;746;5;2350;
Santa Eulàlia de Riuprimer;Comarca;747;1;Osona;
Santa Eulàlia de Riuprimer;Codi;747;2;82476;
Santa Eulàlia de Riuprimer;Altitud (m);747;3;568;
Santa Eulàlia de Riuprimer;Superfície (km²);747;4;13,82;
Santa Eulàlia de Riuprimer;Població;747;5;1516;
Santa Eulàlia de Ronçana;Comarca;748;1;Vallès Oriental;
Santa Eulàlia de Ronçana;Codi;748;2;82482;
Santa Eulàlia de Ronçana;Altitud (m);748;3;236;
Santa Eulàlia de Ronçana;Superfície (km²);748;4;14,23;
Santa Eulàlia de Ronçana;Població;748;5;7955;
Santa Fe del Penedès;Comarca;749;1;Alt Penedès;
Santa Fe del Penedès;Codi;749;2;82495;
Santa Fe del Penedès;Altitud (m);749;3;240;
Santa Fe del Penedès;Superfície (km²);749;4;3,41;
Santa Fe del Penedès;Població;749;5;367;
Santa Llogaia d'Àlguema;Comarca;750;1;Alt Empordà;
Santa Llogaia d'Àlguema;Codi;750;2;171827;
Santa Llogaia d'Àlguema;Altitud (m);750;3;42;
Santa Llogaia d'Àlguema;Superfície (km²);750;4;1,94;
Santa Llogaia d'Àlguema;Població;750;5;400;
Santa Margarida de Montbui;Comarca;751;1;Anoia;
Santa Margarida de Montbui;Codi;751;2;82508;
Santa Margarida de Montbui;Altitud (m);751;3;316;
Santa Margarida de Montbui;Superfície (km²);751;4;27,59;
Santa Margarida de Montbui;Població;751;5;10601;
Santa Margarida i els Monjos;Comarca;752;1;Alt Penedès;
Santa Margarida i els Monjos;Codi;752;2;82515;
Santa Margarida i els Monjos;Altitud (m);752;3;161;
Santa Margarida i els Monjos;Superfície (km²);752;4;17,16;
Santa Margarida i els Monjos;Població;752;5;7775;
Santa Maria d'Oló;Comarca;753;1;Moianès;
Santa Maria d'Oló;Codi;753;2;82589;
Santa Maria d'Oló;Altitud (m);753;3;542;
Santa Maria d'Oló;Superfície (km²);753;4;66,21;
Santa Maria d'Oló;Població;753;5;1100;
Santa Maria de Besora;Comarca;754;1;Osona;
Santa Maria de Besora;Codi;754;2;82536;
Santa Maria de Besora;Altitud (m);754;3;866;
Santa Maria de Besora;Superfície (km²);754;4;24,73;
Santa Maria de Besora;Població;754;5;164;
Santa Maria de Martorelles;Comarca;755;1;Vallès Oriental;
Santa Maria de Martorelles;Codi;755;2;82567;
Santa Maria de Martorelles;Altitud (m);755;3;181;
Santa Maria de Martorelles;Superfície (km²);755;4;4,51;
Santa Maria de Martorelles;Població;755;5;867;
Santa Maria de Merlès;Comarca;756;1;Berguedà;
Santa Maria de Merlès;Codi;756;2;82554;
Santa Maria de Merlès;Altitud (m);756;3;532;
Santa Maria de Merlès;Superfície (km²);756;4;52,08;
Santa Maria de Merlès;Població;756;5;179;
Santa Maria de Miralles;Comarca;757;1;Anoia;
Santa Maria de Miralles;Codi;757;2;82573;
Santa Maria de Miralles;Altitud (m);757;3;543;
Santa Maria de Miralles;Superfície (km²);757;4;25,04;
Santa Maria de Miralles;Població;757;5;144;
Santa Maria de Palautordera;Comarca;758;1;Vallès Oriental;
Santa Maria de Palautordera;Codi;758;2;82592;
Santa Maria de Palautordera;Altitud (m);758;3;208;
Santa Maria de Palautordera;Superfície (km²);758;4;16,94;
Santa Maria de Palautordera;Població;758;5;10060;
Santa Oliva;Comarca;759;1;Baix Penedès;
Santa Oliva;Codi;759;2;431401;
Santa Oliva;Altitud (m);759;3;101;
Santa Oliva;Superfície (km²);759;4;9,65;
Santa Oliva;Població;759;5;3711;
Santa Pau;Comarca;760;1;Garrotxa;
Santa Pau;Codi;760;2;171848;
Santa Pau;Altitud (m);760;3;496;
Santa Pau;Superfície (km²);760;4;49,01;
Santa Pau;Població;760;5;1578;
Santa Perpètua de Mogoda;Comarca;761;1;Vallès Occidental;
Santa Perpètua de Mogoda;Codi;761;2;82606;
Santa Perpètua de Mogoda;Altitud (m);761;3;74;
Santa Perpètua de Mogoda;Superfície (km²);761;4;15,83;
Santa Perpètua de Mogoda;Població;761;5;26101;
Santa Susanna;Comarca;762;1;Maresme;
Santa Susanna;Codi;762;2;82613;
Santa Susanna;Altitud (m);762;3;10;
Santa Susanna;Superfície (km²);762;4;12,63;
Santa Susanna;Població;762;5;4049;
Santpedor;Comarca;763;1;Bages;
Santpedor;Codi;763;2;81923;
Santpedor;Altitud (m);763;3;336;
Santpedor;Superfície (km²);763;4;16,5;
Santpedor;Població;763;5;7739;
Sarral;Comarca;764;1;Conca de Barberà;
Sarral;Codi;764;2;431423;
Sarral;Altitud (m);764;3;467;
Sarral;Superfície (km²);764;4;52,39;
Sarral;Població;764;5;1647;
Sarrià de Ter;Comarca;765;1;Gironès;
Sarrià de Ter;Codi;765;2;171864;
Sarrià de Ter;Altitud (m);765;3;70;
Sarrià de Ter;Superfície (km²);765;4;4,16;
Sarrià de Ter;Població;765;5;5404;
Sarroca de Bellera;Comarca;766;1;Pallars Jussà;
Sarroca de Bellera;Codi;766;2;252017;
Sarroca de Bellera;Altitud (m);766;3;1002;
Sarroca de Bellera;Superfície (km²);766;4;87,51;
Sarroca de Bellera;Població;766;5;111;
Sarroca de Lleida;Comarca;767;1;Segrià;
Sarroca de Lleida;Codi;767;2;252000;
Sarroca de Lleida;Altitud (m);767;3;201;
Sarroca de Lleida;Superfície (km²);767;4;42,18;
Sarroca de Lleida;Població;767;5;383;
Saus, Camallera i Llampaies;Comarca;768;1;Alt Empordà;
Saus, Camallera i Llampaies;Codi;768;2;171870;
Saus, Camallera i Llampaies;Altitud (m);768;3;86;
Saus, Camallera i Llampaies;Superfície (km²);768;4;11,36;
Saus, Camallera i Llampaies;Població;768;5;908;
Savallà del Comtat;Comarca;769;1;Conca de Barberà;
Savallà del Comtat;Codi;769;2;431439;
Savallà del Comtat;Altitud (m);769;3;825;
Savallà del Comtat;Superfície (km²);769;4;14,8;
Savallà del Comtat;Població;769;5;49;
Secuita, la;Comarca;770;1;Tarragonès;
Secuita, la;Codi;770;2;431444;
Secuita, la;Altitud (m);770;3;169;
Secuita, la;Superfície (km²);770;4;17,77;
Secuita, la;Població;770;5;1848;
Selva de Mar, la;Comarca;771;1;Alt Empordà;
Selva de Mar, la;Codi;771;2;171886;
Selva de Mar, la;Altitud (m);771;3;48;
Selva de Mar, la;Superfície (km²);771;4;7,19;
Selva de Mar, la;Població;771;5;223;
Selva del Camp, la;Comarca;772;1;Baix Camp;
Selva del Camp, la;Codi;772;2;431457;
Selva del Camp, la;Altitud (m);772;3;246;
Selva del Camp, la;Superfície (km²);772;4;35,31;
Selva del Camp, la;Població;772;5;5751;
Senan;Comarca;773;1;Conca de Barberà;
Senan;Codi;773;2;431460;
Senan;Altitud (m);773;3;652;
Senan;Superfície (km²);773;4;11,7;
Senan;Població;773;5;47;
Sénia, la;Comarca;774;1;Montsià;
Sénia, la;Codi;774;2;430445;
Sénia, la;Altitud (m);774;3;369;
Sénia, la;Superfície (km²);774;4;108,41;
Sénia, la;Població;774;5;5605;
Senterada;Comarca;775;1;Pallars Jussà;
Senterada;Codi;775;2;252022;
Senterada;Altitud (m);775;3;729;
Senterada;Superfície (km²);775;4;34,45;
Senterada;Població;775;5;161;
Sentiu de Sió, la;Comarca;776;1;Noguera;
Sentiu de Sió, la;Codi;776;2;250352;
Sentiu de Sió, la;Altitud (m);776;3;281;
Sentiu de Sió, la;Superfície (km²);776;4;29,62;
Sentiu de Sió, la;Població;776;5;448;
Sentmenat;Comarca;777;1;Vallès Occidental;
Sentmenat;Codi;777;2;82671;
Sentmenat;Altitud (m);777;3;207;
Sentmenat;Superfície (km²);777;4;28,8;
Sentmenat;Població;777;5;9528;
Serinyà;Comarca;778;1;Pla de l'Estany;
Serinyà;Codi;778;2;171903;
Serinyà;Altitud (m);778;3;188;
Serinyà;Superfície (km²);778;4;17,38;
Serinyà;Població;778;5;1227;
Seròs;Comarca;779;1;Segrià;
Seròs;Codi;779;2;252043;
Seròs;Altitud (m);779;3;103;
Seròs;Superfície (km²);779;4;85,75;
Seròs;Població;779;5;1922;
Serra de Daró;Comarca;780;1;Baix Empordà;
Serra de Daró;Codi;780;2;171910;
Serra de Daró;Altitud (m);780;3;15;
Serra de Daró;Superfície (km²);780;4;7,91;
Serra de Daró;Població;780;5;241;
Setcases;Comarca;781;1;Ripollès;
Setcases;Codi;781;2;171925;
Setcases;Altitud (m);781;3;1265;
Setcases;Superfície (km²);781;4;49,12;
Setcases;Població;781;5;196;
Seu d'Urgell, la;Comarca;782;1;Alt Urgell;
Seu d'Urgell, la;Codi;782;2;252038;
Seu d'Urgell, la;Altitud (m);782;3;691;
Seu d'Urgell, la;Superfície (km²);782;4;15,45;
Seu d'Urgell, la;Població;782;5;13003;
Seva;Comarca;783;1;Osona;
Seva;Codi;783;2;82690;
Seva;Altitud (m);783;3;663;
Seva;Superfície (km²);783;4;30,4;
Seva;Població;783;5;3818;
Sidamon;Comarca;784;1;Pla d'Urgell;
Sidamon;Codi;784;2;252056;
Sidamon;Altitud (m);784;3;232;
Sidamon;Superfície (km²);784;4;8,12;
Sidamon;Població;784;5;757;
Sils;Comarca;785;1;Selva;
Sils;Codi;785;2;171931;
Sils;Altitud (m);785;3;76;
Sils;Superfície (km²);785;4;29,91;
Sils;Població;785;5;6924;
Sitges;Comarca;786;1;Garraf;
Sitges;Codi;786;2;82704;
Sitges;Altitud (m);786;3;10;
Sitges;Superfície (km²);786;4;43,85;
Sitges;Població;786;5;32690;
Siurana;Comarca;787;1;Alt Empordà;
Siurana;Codi;787;2;170524;
Siurana;Altitud (m);787;3;33;
Siurana;Superfície (km²);787;4;10,53;
Siurana;Població;787;5;188;
Sobremunt;Comarca;788;1;Lluçanès;
Sobremunt;Codi;788;2;82711;
Sobremunt;Altitud (m);788;3;881;
Sobremunt;Superfície (km²);788;4;13,8;
Sobremunt;Població;788;5;89;
Soleràs, el;Comarca;789;1;Garrigues;
Soleràs, el;Codi;789;2;252069;
Soleràs, el;Altitud (m);789;3;381;
Soleràs, el;Superfície (km²);789;4;12,23;
Soleràs, el;Població;789;5;313;
Solivella;Comarca;790;1;Conca de Barberà;
Solivella;Codi;790;2;431476;
Solivella;Altitud (m);790;3;489;
Solivella;Superfície (km²);790;4;21,37;
Solivella;Població;790;5;639;
Solsona;Comarca;791;1;Solsonès;
Solsona;Codi;791;2;252075;
Solsona;Altitud (m);791;3;664;
Solsona;Superfície (km²);791;4;17,7;
Solsona;Població;791;5;9741;
Sora;Comarca;792;1;Osona;
Sora;Codi;792;2;82726;
Sora;Altitud (m);792;3;716;
Sora;Superfície (km²);792;4;31,71;
Sora;Població;792;5;225;
Soriguera;Comarca;793;1;Pallars Sobirà;
Soriguera;Codi;793;2;252081;
Soriguera;Altitud (m);793;3;1258;
Soriguera;Superfície (km²);793;4;106,39;
Soriguera;Població;793;5;449;
Sort;Comarca;794;1;Pallars Sobirà;
Sort;Codi;794;2;252094;
Sort;Altitud (m);794;3;692;
Sort;Superfície (km²);794;4;105,05;
Sort;Població;794;5;2287;
Soses;Comarca;795;1;Segrià;
Soses;Codi;795;2;252108;
Soses;Altitud (m);795;3;118;
Soses;Superfície (km²);795;4;30,16;
Soses;Població;795;5;1884;
Subirats;Comarca;796;1;Alt Penedès;
Subirats;Codi;796;2;82732;
Subirats;Altitud (m);796;3;243;
Subirats;Superfície (km²);796;4;55,89;
Subirats;Població;796;5;3287;
Sudanell;Comarca;797;1;Segrià;
Sudanell;Codi;797;2;252115;
Sudanell;Altitud (m);797;3;152;
Sudanell;Superfície (km²);797;4;8,69;
Sudanell;Població;797;5;920;
Sunyer;Comarca;798;1;Segrià;
Sunyer;Codi;798;2;252120;
Sunyer;Altitud (m);798;3;211;
Sunyer;Superfície (km²);798;4;12,66;
Sunyer;Població;798;5;310;
Súria;Comarca;799;1;Bages;
Súria;Codi;799;2;82747;
Súria;Altitud (m);799;3;326;
Súria;Superfície (km²);799;4;23,6;
Súria;Població;799;5;6196;
Susqueda;Comarca;800;1;Selva;
Susqueda;Codi;800;2;171946;
Susqueda;Altitud (m);800;3;816;
Susqueda;Superfície (km²);800;4;50,61;
Susqueda;Població;800;5;103;
Tagamanent;Comarca;801;1;Vallès Oriental;
Tagamanent;Codi;801;2;82763;
Tagamanent;Altitud (m);801;3;354;
Tagamanent;Superfície (km²);801;4;43,31;
Tagamanent;Població;801;5;329;
Talamanca;Comarca;802;1;Bages;
Talamanca;Codi;802;2;82779;
Talamanca;Altitud (m);802;3;552;
Talamanca;Superfície (km²);802;4;29,43;
Talamanca;Població;802;5;209;
Talarn;Comarca;803;1;Pallars Jussà;
Talarn;Codi;803;2;252154;
Talarn;Altitud (m);803;3;572;
Talarn;Superfície (km²);803;4;27,95;
Talarn;Població;803;5;559;
Talavera;Comarca;804;1;Segarra;
Talavera;Codi;804;2;252167;
Talavera;Altitud (m);804;3;791;
Talavera;Superfície (km²);804;4;30,11;
Talavera;Població;804;5;281;
Tallada d'Empordà, la;Comarca;805;1;Baix Empordà;
Tallada d'Empordà, la;Codi;805;2;171959;
Tallada d'Empordà, la;Altitud (m);805;3;20;
Tallada d'Empordà, la;Superfície (km²);805;4;16,56;
Tallada d'Empordà, la;Població;805;5;485;
Taradell;Comarca;806;1;Osona;
Taradell;Codi;806;2;82785;
Taradell;Altitud (m);806;3;623;
Taradell;Superfície (km²);806;4;26,48;
Taradell;Població;806;5;6838;
Tarragona;Comarca;807;1;Tarragonès;
Tarragona;Codi;807;2;431482;
Tarragona;Altitud (m);807;3;68;
Tarragona;Superfície (km²);807;4;57,89;
Tarragona;Població;807;5;143260;
Tàrrega;Comarca;808;1;Urgell;
Tàrrega;Codi;808;2;252173;
Tàrrega;Altitud (m);808;3;373;
Tàrrega;Superfície (km²);808;4;88,36;
Tàrrega;Població;808;5;18991;
Tarrés;Comarca;809;1;Garrigues;
Tarrés;Codi;809;2;252189;
Tarrés;Altitud (m);809;3;578;
Tarrés;Superfície (km²);809;4;13,01;
Tarrés;Població;809;5;125;
Tarroja de Segarra;Comarca;810;1;Segarra;
Tarroja de Segarra;Codi;810;2;252192;
Tarroja de Segarra;Altitud (m);810;3;460;
Tarroja de Segarra;Superfície (km²);810;4;7,61;
Tarroja de Segarra;Població;810;5;163;
Tavèrnoles;Comarca;811;1;Osona;
Tavèrnoles;Codi;811;2;82750;
Tavèrnoles;Altitud (m);811;3;537;
Tavèrnoles;Superfície (km²);811;4;18,78;
Tavèrnoles;Població;811;5;354;
Tavertet;Comarca;812;1;Osona;
Tavertet;Codi;812;2;82802;
Tavertet;Altitud (m);812;3;869;
Tavertet;Superfície (km²);812;4;32,49;
Tavertet;Població;812;5;128;
Teià;Comarca;813;1;Maresme;
Teià;Codi;813;2;82819;
Teià;Altitud (m);813;3;128;
Teià;Superfície (km²);813;4;6,63;
Teià;Població;813;5;6894;
Térmens;Comarca;814;1;Noguera;
Térmens;Codi;814;2;252206;
Térmens;Altitud (m);814;3;208;
Térmens;Superfície (km²);814;4;27,54;
Térmens;Població;814;5;1345;
Terrades;Comarca;815;1;Alt Empordà;
Terrades;Codi;815;2;171962;
Terrades;Altitud (m);815;3;228;
Terrades;Superfície (km²);815;4;20,96;
Terrades;Població;815;5;337;
Terrassa;Comarca;816;1;Vallès Occidental;
Terrassa;Codi;816;2;82798;
Terrassa;Altitud (m);816;3;277;
Terrassa;Superfície (km²);816;4;70,16;
Terrassa;Població;816;5;232676;
Tiana;Comarca;817;1;Maresme;
Tiana;Codi;817;2;82824;
Tiana;Altitud (m);817;3;136;
Tiana;Superfície (km²);817;4;7,95;
Tiana;Població;817;5;9362;
Tírvia;Comarca;818;1;Pallars Sobirà;
Tírvia;Codi;818;2;252213;
Tírvia;Altitud (m);818;3;991;
Tírvia;Superfície (km²);818;4;8,5;
Tírvia;Població;818;5;139;
Tiurana;Comarca;819;1;Noguera;
Tiurana;Codi;819;2;252228;
Tiurana;Altitud (m);819;3;387;
Tiurana;Superfície (km²);819;4;15,86;
Tiurana;Població;819;5;69;
Tivenys;Comarca;820;1;Baix Ebre;
Tivenys;Codi;820;2;431495;
Tivenys;Altitud (m);820;3;13;
Tivenys;Superfície (km²);820;4;53,54;
Tivenys;Població;820;5;952;
Tivissa;Comarca;821;1;Ribera d'Ebre;
Tivissa;Codi;821;2;431508;
Tivissa;Altitud (m);821;3;309;
Tivissa;Superfície (km²);821;4;209,43;
Tivissa;Població;821;5;1657;
Tona;Comarca;822;1;Osona;
Tona;Codi;822;2;82830;
Tona;Altitud (m);822;3;596;
Tona;Superfície (km²);822;4;16,54;
Tona;Població;822;5;8513;
Torà;Comarca;823;1;Solsonès;
Torà;Codi;823;2;252234;
Torà;Altitud (m);823;3;448;
Torà;Superfície (km²);823;4;93,31;
Torà;Població;823;5;1230;
Tordera;Comarca;824;1;Maresme;
Tordera;Codi;824;2;82845;
Tordera;Altitud (m);824;3;34;
Tordera;Superfície (km²);824;4;83,97;
Tordera;Població;824;5;19047;
Torelló;Comarca;825;1;Osona;
Torelló;Codi;825;2;82858;
Torelló;Altitud (m);825;3;508;
Torelló;Superfície (km²);825;4;13;
Torelló;Població;825;5;15334;
Torms, els;Comarca;826;1;Garrigues;
Torms, els;Codi;826;2;252249;
Torms, els;Altitud (m);826;3;476;
Torms, els;Superfície (km²);826;4;13,75;
Torms, els;Població;826;5;135;
Tornabous;Comarca;827;1;Urgell;
Tornabous;Codi;827;2;252252;
Tornabous;Altitud (m);827;3;289;
Tornabous;Superfície (km²);827;4;24,17;
Tornabous;Població;827;5;828;
Torre de Cabdella, la;Comarca;828;1;Pallars Jussà;
Torre de Cabdella, la;Codi;828;2;252271;
Torre de Cabdella, la;Altitud (m);828;3;1075;
Torre de Cabdella, la;Superfície (km²);828;4;165,27;
Torre de Cabdella, la;Població;828;5;760;
Torre de Claramunt, la;Comarca;829;1;Anoia;
Torre de Claramunt, la;Codi;829;2;82861;
Torre de Claramunt, la;Altitud (m);829;3;363;
Torre de Claramunt, la;Superfície (km²);829;4;15,02;
Torre de Claramunt, la;Població;829;5;4154;
Torre de Fontaubella, la;Comarca;830;1;Priorat;
Torre de Fontaubella, la;Codi;830;2;431515;
Torre de Fontaubella, la;Altitud (m);830;3;369;
Torre de Fontaubella, la;Superfície (km²);830;4;7,11;
Torre de Fontaubella, la;Població;830;5;120;
Torre de l'Espanyol, la;Comarca;831;1;Ribera d'Ebre;
Torre de l'Espanyol, la;Codi;831;2;431520;
Torre de l'Espanyol, la;Altitud (m);831;3;164;
Torre de l'Espanyol, la;Superfície (km²);831;4;27,9;
Torre de l'Espanyol, la;Població;831;5;642;
Torrebesses;Comarca;832;1;Segrià;
Torrebesses;Codi;832;2;252265;
Torrebesses;Altitud (m);832;3;287;
Torrebesses;Superfície (km²);832;4;27,45;
Torrebesses;Població;832;5;280;
Torredembarra;Comarca;833;1;Tarragonès;
Torredembarra;Codi;833;2;431536;
Torredembarra;Altitud (m);833;3;15;
Torredembarra;Superfície (km²);833;4;8,71;
Torredembarra;Població;833;5;18190;
Torrefarrera;Comarca;834;1;Segrià;
Torrefarrera;Codi;834;2;252287;
Torrefarrera;Altitud (m);834;3;214;
Torrefarrera;Superfície (km²);834;4;23,49;
Torrefarrera;Població;834;5;4950;
Torrefeta i Florejacs;Comarca;835;1;Segarra;
Torrefeta i Florejacs;Codi;835;2;259078;
Torrefeta i Florejacs;Altitud (m);835;3;475;
Torrefeta i Florejacs;Superfície (km²);835;4;88,91;
Torrefeta i Florejacs;Població;835;5;593;
Torregrossa;Comarca;836;1;Pla d'Urgell;
Torregrossa;Codi;836;2;252304;
Torregrossa;Altitud (m);836;3;232;
Torregrossa;Superfície (km²);836;4;40,52;
Torregrossa;Població;836;5;2285;
Torrelameu;Comarca;837;1;Noguera;
Torrelameu;Codi;837;2;252311;
Torrelameu;Altitud (m);837;3;201;
Torrelameu;Superfície (km²);837;4;10,93;
Torrelameu;Població;837;5;816;
Torrelavit;Comarca;838;1;Alt Penedès;
Torrelavit;Codi;838;2;82877;
Torrelavit;Altitud (m);838;3;202;
Torrelavit;Superfície (km²);838;4;23,65;
Torrelavit;Població;838;5;1575;
Torrelles de Foix;Comarca;839;1;Alt Penedès;
Torrelles de Foix;Codi;839;2;82883;
Torrelles de Foix;Altitud (m);839;3;367;
Torrelles de Foix;Superfície (km²);839;4;36,72;
Torrelles de Foix;Població;839;5;2751;
Torrelles de Llobregat;Comarca;840;1;Baix Llobregat;
Torrelles de Llobregat;Codi;840;2;82896;
Torrelles de Llobregat;Altitud (m);840;3;126;
Torrelles de Llobregat;Superfície (km²);840;4;13,56;
Torrelles de Llobregat;Població;840;5;6162;
Torrent;Comarca;841;1;Baix Empordà;
Torrent;Codi;841;2;171978;
Torrent;Altitud (m);841;3;44;
Torrent;Superfície (km²);841;4;7,96;
Torrent;Població;841;5;181;
Torres de Segre;Comarca;842;1;Segrià;
Torres de Segre;Codi;842;2;252326;
Torres de Segre;Altitud (m);842;3;119;
Torres de Segre;Superfície (km²);842;4;50,61;
Torres de Segre;Població;842;5;2295;
Torre-serona;Comarca;843;1;Segrià;
Torre-serona;Codi;843;2;252332;
Torre-serona;Altitud (m);843;3;197;
Torre-serona;Superfície (km²);843;4;5,89;
Torre-serona;Població;843;5;419;
Torroella de Fluvià;Comarca;844;1;Alt Empordà;
Torroella de Fluvià;Codi;844;2;171984;
Torroella de Fluvià;Altitud (m);844;3;9;
Torroella de Fluvià;Superfície (km²);844;4;16,85;
Torroella de Fluvià;Població;844;5;774;
Torroella de Montgrí;Comarca;845;1;Baix Empordà;
Torroella de Montgrí;Codi;845;2;171997;
Torroella de Montgrí;Altitud (m);845;3;31;
Torroella de Montgrí;Superfície (km²);845;4;65,93;
Torroella de Montgrí;Població;845;5;12507;
Torroja del Priorat;Comarca;846;1;Priorat;
Torroja del Priorat;Codi;846;2;431541;
Torroja del Priorat;Altitud (m);846;3;332;
Torroja del Priorat;Superfície (km²);846;4;13,16;
Torroja del Priorat;Població;846;5;128;
Tortellà;Comarca;847;1;Garrotxa;
Tortellà;Codi;847;2;172001;
Tortellà;Altitud (m);847;3;276;
Tortellà;Superfície (km²);847;4;11,07;
Tortellà;Població;847;5;848;
Tortosa;Comarca;848;1;Baix Ebre;
Tortosa;Codi;848;2;431554;
Tortosa;Altitud (m);848;3;12;
Tortosa;Superfície (km²);848;4;218,51;
Tortosa;Població;848;5;36258;
Toses;Comarca;849;1;Ripollès;
Toses;Codi;849;2;172018;
Toses;Altitud (m);849;3;1444;
Toses;Superfície (km²);849;4;57,88;
Toses;Població;849;5;198;
Tossa de Mar;Comarca;850;1;Selva;
Tossa de Mar;Codi;850;2;172023;
Tossa de Mar;Altitud (m);850;3;5;
Tossa de Mar;Superfície (km²);850;4;38,58;
Tossa de Mar;Població;850;5;6293;
Tremp;Comarca;851;1;Pallars Jussà;
Tremp;Codi;851;2;252347;
Tremp;Altitud (m);851;3;468;
Tremp;Superfície (km²);851;4;302,82;
Tremp;Població;851;5;6156;
Ullà;Comarca;852;1;Baix Empordà;
Ullà;Codi;852;2;172044;
Ullà;Altitud (m);852;3;21;
Ullà;Superfície (km²);852;4;7,29;
Ullà;Població;852;5;1256;
Ullastrell;Comarca;853;1;Vallès Occidental;
Ullastrell;Codi;853;2;82900;
Ullastrell;Altitud (m);853;3;342;
Ullastrell;Superfície (km²);853;4;7,31;
Ullastrell;Població;853;5;2170;
Ullastret;Comarca;854;1;Baix Empordà;
Ullastret;Codi;854;2;172057;
Ullastret;Altitud (m);854;3;49;
Ullastret;Superfície (km²);854;4;11,09;
Ullastret;Població;854;5;252;
Ulldecona;Comarca;855;1;Montsià;
Ulldecona;Codi;855;2;431567;
Ulldecona;Altitud (m);855;3;133;
Ulldecona;Superfície (km²);855;4;126,88;
Ulldecona;Població;855;5;6814;
Ulldemolins;Comarca;856;1;Priorat;
Ulldemolins;Codi;856;2;431573;
Ulldemolins;Altitud (m);856;3;650;
Ulldemolins;Superfície (km²);856;4;38,17;
Ulldemolins;Població;856;5;390;
Ultramort;Comarca;857;1;Baix Empordà;
Ultramort;Codi;857;2;172039;
Ultramort;Altitud (m);857;3;30;
Ultramort;Superfície (km²);857;4;4,35;
Ultramort;Població;857;5;218;
Urús;Comarca;858;1;Cerdanya;
Urús;Codi;858;2;172060;
Urús;Altitud (m);858;3;1263;
Urús;Superfície (km²);858;4;17,42;
Urús;Població;858;5;201;
Vacarisses;Comarca;859;1;Vallès Occidental;
Vacarisses;Codi;859;2;82917;
Vacarisses;Altitud (m);859;3;382;
Vacarisses;Superfície (km²);859;4;40,7;
Vacarisses;Població;859;5;7710;
Vajol, la;Comarca;860;1;Alt Empordà;
Vajol, la;Codi;860;2;170144;
Vajol, la;Altitud (m);860;3;546;
Vajol, la;Superfície (km²);860;4;4,71;
Vajol, la;Població;860;5;110;
Vall d'en Bas, la;Comarca;861;1;Garrotxa;
Vall d'en Bas, la;Codi;861;2;172076;
Vall d'en Bas, la;Altitud (m);861;3;510;
Vall d'en Bas, la;Superfície (km²);861;4;90,67;
Vall d'en Bas, la;Població;861;5;3265;
Vall de Bianya, la;Comarca;862;1;Garrotxa;
Vall de Bianya, la;Codi;862;2;172082;
Vall de Bianya, la;Altitud (m);862;3;367;
Vall de Bianya, la;Superfície (km²);862;4;93,62;
Vall de Bianya, la;Població;862;5;1342;
Vall de Boí, la;Comarca;863;1;Alta Ribagorça;
Vall de Boí, la;Codi;863;2;250432;
Vall de Boí, la;Altitud (m);863;3;1111;
Vall de Boí, la;Superfície (km²);863;4;219,49;
Vall de Boí, la;Població;863;5;1129;
Vall de Cardós;Comarca;864;1;Pallars Sobirà;
Vall de Cardós;Codi;864;2;259010;
Vall de Cardós;Altitud (m);864;3;898;
Vall de Cardós;Superfície (km²);864;4;56,2;
Vall de Cardós;Població;864;5;391;
Vallbona d'Anoia;Comarca;865;1;Anoia;
Vallbona d'Anoia;Codi;865;2;82922;
Vallbona d'Anoia;Altitud (m);865;3;289;
Vallbona d'Anoia;Superfície (km²);865;4;6,45;
Vallbona d'Anoia;Població;865;5;1420;
Vallbona de les Monges;Comarca;866;1;Urgell;
Vallbona de les Monges;Codi;866;2;252385;
Vallbona de les Monges;Altitud (m);866;3;481;
Vallbona de les Monges;Superfície (km²);866;4;34,14;
Vallbona de les Monges;Població;866;5;224;
Vallcebre;Comarca;867;1;Berguedà;
Vallcebre;Codi;867;2;82938;
Vallcebre;Altitud (m);867;3;1123;
Vallcebre;Superfície (km²);867;4;27,99;
Vallcebre;Població;867;5;260;
Vallclara;Comarca;868;1;Conca de Barberà;
Vallclara;Codi;868;2;431589;
Vallclara;Altitud (m);868;3;625;
Vallclara;Superfície (km²);868;4;13,63;
Vallclara;Població;868;5;91;
Vallfogona de Balaguer;Comarca;869;1;Noguera;
Vallfogona de Balaguer;Codi;869;2;252402;
Vallfogona de Balaguer;Altitud (m);869;3;235;
Vallfogona de Balaguer;Superfície (km²);869;4;26,97;
Vallfogona de Balaguer;Població;869;5;2008;
Vallfogona de Ripollès;Comarca;870;1;Ripollès;
Vallfogona de Ripollès;Codi;870;2;171707;
Vallfogona de Ripollès;Altitud (m);870;3;956;
Vallfogona de Ripollès;Superfície (km²);870;4;39,2;
Vallfogona de Ripollès;Població;870;5;223;
Vallfogona de Riucorb;Comarca;871;1;Conca de Barberà;
Vallfogona de Riucorb;Codi;871;2;431592;
Vallfogona de Riucorb;Altitud (m);871;3;573;
Vallfogona de Riucorb;Superfície (km²);871;4;10,94;
Vallfogona de Riucorb;Població;871;5;97;
Vallgorguina;Comarca;872;1;Vallès Oriental;
Vallgorguina;Codi;872;2;82943;
Vallgorguina;Altitud (m);872;3;222;
Vallgorguina;Superfície (km²);872;4;22,13;
Vallgorguina;Població;872;5;3273;
Vallirana;Comarca;873;1;Baix Llobregat;
Vallirana;Codi;873;2;82956;
Vallirana;Altitud (m);873;3;177;
Vallirana;Superfície (km²);873;4;23,88;
Vallirana;Població;873;5;16239;
Vall-llobrega;Comarca;874;1;Baix Empordà;
Vall-llobrega;Codi;874;2;172095;
Vall-llobrega;Altitud (m);874;3;49;
Vall-llobrega;Superfície (km²);874;4;5,45;
Vall-llobrega;Població;874;5;902;
Vallmoll;Comarca;875;1;Alt Camp;
Vallmoll;Codi;875;2;431606;
Vallmoll;Altitud (m);875;3;161;
Vallmoll;Superfície (km²);875;4;16,68;
Vallmoll;Població;875;5;1997;
Vallromanes;Comarca;876;1;Vallès Oriental;
Vallromanes;Codi;876;2;82969;
Vallromanes;Altitud (m);876;3;153;
Vallromanes;Superfície (km²);876;4;10,65;
Vallromanes;Població;876;5;2782;
Valls;Comarca;877;1;Alt Camp;
Valls;Codi;877;2;431613;
Valls;Altitud (m);877;3;215;
Valls;Superfície (km²);877;4;55,28;
Valls;Població;877;5;25540;
Valls d'Aguilar, les;Comarca;878;1;Alt Urgell;
Valls d'Aguilar, les;Codi;878;2;259062;
Valls d'Aguilar, les;Altitud (m);878;3;669;
Valls d'Aguilar, les;Superfície (km²);878;4;123,81;
Valls d'Aguilar, les;Població;878;5;259;
Valls de Valira, les;Comarca;879;1;Alt Urgell;
Valls de Valira, les;Codi;879;2;252398;
Valls de Valira, les;Altitud (m);879;3;740;
Valls de Valira, les;Superfície (km²);879;4;171,25;
Valls de Valira, les;Població;879;5;848;
Vandellòs i l'Hospitalet de l'Infant;Comarca;880;1;Baix Camp;
Vandellòs i l'Hospitalet de l'Infant;Codi;880;2;431628;
Vandellòs i l'Hospitalet de l'Infant;Altitud (m);880;3;281;
Vandellòs i l'Hospitalet de l'Infant;Superfície (km²);880;4;102,67;
Vandellòs i l'Hospitalet de l'Infant;Població;880;5;7151;
Vansa i Fórnols, la;Comarca;881;1;Alt Urgell;
Vansa i Fórnols, la;Codi;881;2;259097;
Vansa i Fórnols, la;Altitud (m);881;3;989;
Vansa i Fórnols, la;Superfície (km²);881;4;106,08;
Vansa i Fórnols, la;Població;881;5;189;
Veciana;Comarca;882;1;Anoia;
Veciana;Codi;882;2;82975;
Veciana;Altitud (m);882;3;564;
Veciana;Superfície (km²);882;4;38,9;
Veciana;Població;882;5;170;
Vendrell, el;Comarca;883;1;Baix Penedès;
Vendrell, el;Codi;883;2;431634;
Vendrell, el;Altitud (m);883;3;49;
Vendrell, el;Superfície (km²);883;4;36,8;
Vendrell, el;Població;883;5;41195;
Ventalló;Comarca;884;1;Alt Empordà;
Ventalló;Codi;884;2;172109;
Ventalló;Altitud (m);884;3;28;
Ventalló;Superfície (km²);884;4;25,05;
Ventalló;Població;884;5;922;
Verdú;Comarca;885;1;Urgell;
Verdú;Codi;885;2;252424;
Verdú;Altitud (m);885;3;434;
Verdú;Superfície (km²);885;4;35,79;
Verdú;Població;885;5;874;
Verges;Comarca;886;1;Baix Empordà;
Verges;Codi;886;2;172116;
Verges;Altitud (m);886;3;23;
Verges;Superfície (km²);886;4;9,7;
Verges;Població;886;5;1160;
Vespella de Gaià;Comarca;887;1;Tarragonès;
Vespella de Gaià;Codi;887;2;431649;
Vespella de Gaià;Altitud (m);887;3;191;
Vespella de Gaià;Superfície (km²);887;4;18,04;
Vespella de Gaià;Població;887;5;502;
Vic;Comarca;888;1;Osona;
Vic;Codi;888;2;82981;
Vic;Altitud (m);888;3;484;
Vic;Superfície (km²);888;4;30,58;
Vic;Població;888;5;50405;
Vidrà;Comarca;889;1;Osona;
Vidrà;Codi;889;2;172121;
Vidrà;Altitud (m);889;3;982;
Vidrà;Superfície (km²);889;4;34,39;
Vidrà;Població;889;5;167;
Vidreres;Comarca;890;1;Selva;
Vidreres;Codi;890;2;172137;
Vidreres;Altitud (m);890;3;93;
Vidreres;Superfície (km²);890;4;48,05;
Vidreres;Població;890;5;8852;
Vielha e Mijaran;Comarca;891;1;Aran;
Vielha e Mijaran;Codi;891;2;252430;
Vielha e Mijaran;Altitud (m);891;3;974;
Vielha e Mijaran;Superfície (km²);891;4;211,74;
Vielha e Mijaran;Població;891;5;5857;
Vilabella;Comarca;892;1;Alt Camp;
Vilabella;Codi;892;2;431652;
Vilabella;Altitud (m);892;3;254;
Vilabella;Superfície (km²);892;4;18,19;
Vilabella;Població;892;5;731;
Vilabertran;Comarca;893;1;Alt Empordà;
Vilabertran;Codi;893;2;172142;
Vilabertran;Altitud (m);893;3;19;
Vilabertran;Superfície (km²);893;4;2,29;
Vilabertran;Població;893;5;962;
Vilablareix;Comarca;894;1;Gironès;
Vilablareix;Codi;894;2;172155;
Vilablareix;Altitud (m);894;3;99;
Vilablareix;Superfície (km²);894;4;6,17;
Vilablareix;Població;894;5;4079;
Vilada;Comarca;895;1;Berguedà;
Vilada;Codi;895;2;82994;
Vilada;Altitud (m);895;3;757;
Vilada;Superfície (km²);895;4;22,34;
Vilada;Població;895;5;430;
Viladamat;Comarca;896;1;Alt Empordà;
Viladamat;Codi;896;2;172174;
Viladamat;Altitud (m);896;3;13;
Viladamat;Superfície (km²);896;4;11,73;
Viladamat;Població;896;5;499;
Viladasens;Comarca;897;1;Gironès;
Viladasens;Codi;897;2;172168;
Viladasens;Altitud (m);897;3;96;
Viladasens;Superfície (km²);897;4;15,74;
Viladasens;Població;897;5;205;
Viladecans;Comarca;898;1;Baix Llobregat;
Viladecans;Codi;898;2;83015;
Viladecans;Altitud (m);898;3;18;
Viladecans;Superfície (km²);898;4;20,4;
Viladecans;Població;898;5;67536;
Viladecavalls;Comarca;899;1;Vallès Occidental;
Viladecavalls;Codi;899;2;83008;
Viladecavalls;Altitud (m);899;3;274;
Viladecavalls;Superfície (km²);899;4;20,09;
Viladecavalls;Població;899;5;7816;
Vilademuls;Comarca;900;1;Pla de l'Estany;
Vilademuls;Codi;900;2;172180;
Vilademuls;Altitud (m);900;3;120;
Vilademuls;Superfície (km²);900;4;61,54;
Vilademuls;Població;900;5;898;
Viladrau;Comarca;901;1;Osona;
Viladrau;Codi;901;2;172207;
Viladrau;Altitud (m);901;3;821;
Viladrau;Superfície (km²);901;4;50,73;
Viladrau;Població;901;5;1182;
Vilafant;Comarca;902;1;Alt Empordà;
Vilafant;Codi;902;2;172214;
Vilafant;Altitud (m);902;3;54;
Vilafant;Superfície (km²);902;4;8,36;
Vilafant;Població;902;5;5664;
Vilafranca del Penedès;Comarca;903;1;Alt Penedès;
Vilafranca del Penedès;Codi;903;2;83054;
Vilafranca del Penedès;Altitud (m);903;3;223;
Vilafranca del Penedès;Superfície (km²);903;4;19,65;
Vilafranca del Penedès;Població;903;5;42561;
Vilagrassa;Comarca;904;1;Urgell;
Vilagrassa;Codi;904;2;252445;
Vilagrassa;Altitud (m);904;3;355;
Vilagrassa;Superfície (km²);904;4;19,87;
Vilagrassa;Població;904;5;627;
Vilajuïga;Comarca;905;1;Alt Empordà;
Vilajuïga;Codi;905;2;172235;
Vilajuïga;Altitud (m);905;3;31;
Vilajuïga;Superfície (km²);905;4;13,13;
Vilajuïga;Població;905;5;1180;
Vilalba dels Arcs;Comarca;906;1;Terra Alta;
Vilalba dels Arcs;Codi;906;2;431750;
Vilalba dels Arcs;Altitud (m);906;3;450;
Vilalba dels Arcs;Superfície (km²);906;4;67,25;
Vilalba dels Arcs;Població;906;5;613;
Vilalba Sasserra;Comarca;907;1;Vallès Oriental;
Vilalba Sasserra;Codi;907;2;83067;
Vilalba Sasserra;Altitud (m);907;3;200;
Vilalba Sasserra;Superfície (km²);907;4;6,05;
Vilalba Sasserra;Població;907;5;790;
Vilaller;Comarca;908;1;Alta Ribagorça;
Vilaller;Codi;908;2;252458;
Vilaller;Altitud (m);908;3;981;
Vilaller;Superfície (km²);908;4;59,23;
Vilaller;Població;908;5;497;
Vilallonga de Ter;Comarca;909;1;Ripollès;
Vilallonga de Ter;Codi;909;2;172240;
Vilallonga de Ter;Altitud (m);909;3;1067;
Vilallonga de Ter;Superfície (km²);909;4;64,2;
Vilallonga de Ter;Població;909;5;396;
Vilallonga del Camp;Comarca;910;1;Tarragonès;
Vilallonga del Camp;Codi;910;2;431665;
Vilallonga del Camp;Altitud (m);910;3;124;
Vilallonga del Camp;Superfície (km²);910;4;9,04;
Vilallonga del Camp;Població;910;5;2494;
Vilamacolum;Comarca;911;1;Alt Empordà;
Vilamacolum;Codi;911;2;172253;
Vilamacolum;Altitud (m);911;3;5;
Vilamacolum;Superfície (km²);911;4;5,57;
Vilamacolum;Població;911;5;401;
Vilamalla;Comarca;912;1;Alt Empordà;
Vilamalla;Codi;912;2;172266;
Vilamalla;Altitud (m);912;3;45;
Vilamalla;Superfície (km²);912;4;8,77;
Vilamalla;Població;912;5;1202;
Vilamaniscle;Comarca;913;1;Alt Empordà;
Vilamaniscle;Codi;913;2;172272;
Vilamaniscle;Altitud (m);913;3;169;
Vilamaniscle;Superfície (km²);913;4;5,46;
Vilamaniscle;Població;913;5;185;
Vilamòs;Comarca;914;1;Aran;
Vilamòs;Codi;914;2;252477;
Vilamòs;Altitud (m);914;3;1255;
Vilamòs;Superfície (km²);914;4;15,44;
Vilamòs;Població;914;5;174;
Vilanant;Comarca;915;1;Alt Empordà;
Vilanant;Codi;915;2;172288;
Vilanant;Altitud (m);915;3;98;
Vilanant;Superfície (km²);915;4;16,87;
Vilanant;Població;915;5;405;
Vilanova d'Escornalbou;Comarca;916;1;Baix Camp;
Vilanova d'Escornalbou;Codi;916;2;431671;
Vilanova d'Escornalbou;Altitud (m);916;3;226;
Vilanova d'Escornalbou;Superfície (km²);916;4;17,16;
Vilanova d'Escornalbou;Població;916;5;615;
Vilanova de Bellpuig;Comarca;917;1;Pla d'Urgell;
Vilanova de Bellpuig;Codi;917;2;252483;
Vilanova de Bellpuig;Altitud (m);917;3;290;
Vilanova de Bellpuig;Superfície (km²);917;4;13,98;
Vilanova de Bellpuig;Població;917;5;1149;
Vilanova de l'Aguda;Comarca;918;1;Noguera;
Vilanova de l'Aguda;Codi;918;2;252496;
Vilanova de l'Aguda;Altitud (m);918;3;409;
Vilanova de l'Aguda;Superfície (km²);918;4;53,68;
Vilanova de l'Aguda;Població;918;5;194;
Vilanova de la Barca;Comarca;919;1;Segrià;
Vilanova de la Barca;Codi;919;2;252542;
Vilanova de la Barca;Altitud (m);919;3;195;
Vilanova de la Barca;Superfície (km²);919;4;21,55;
Vilanova de la Barca;Població;919;5;1160;
Vilanova de Meià;Comarca;920;1;Noguera;
Vilanova de Meià;Codi;920;2;252509;
Vilanova de Meià;Altitud (m);920;3;633;
Vilanova de Meià;Superfície (km²);920;4;105,24;
Vilanova de Meià;Població;920;5;478;
Vilanova de Prades;Comarca;921;1;Conca de Barberà;
Vilanova de Prades;Codi;921;2;431687;
Vilanova de Prades;Altitud (m);921;3;893;
Vilanova de Prades;Superfície (km²);921;4;21,51;
Vilanova de Prades;Població;921;5;110;
Vilanova de Sau;Comarca;922;1;Osona;
Vilanova de Sau;Codi;922;2;83036;
Vilanova de Sau;Altitud (m);922;3;558;
Vilanova de Sau;Superfície (km²);922;4;58,84;
Vilanova de Sau;Població;922;5;325;
Vilanova de Segrià;Comarca;923;1;Segrià;
Vilanova de Segrià;Codi;923;2;252516;
Vilanova de Segrià;Altitud (m);923;3;255;
Vilanova de Segrià;Superfície (km²);923;4;8,51;
Vilanova de Segrià;Població;923;5;1088;
Vilanova del Camí;Comarca;924;1;Anoia;
Vilanova del Camí;Codi;924;2;83020;
Vilanova del Camí;Altitud (m);924;3;302;
Vilanova del Camí;Superfície (km²);924;4;10,28;
Vilanova del Camí;Població;924;5;12886;
Vilanova del Vallès;Comarca;925;1;Vallès Oriental;
Vilanova del Vallès;Codi;925;2;89024;
Vilanova del Vallès;Altitud (m);925;3;91;
Vilanova del Vallès;Superfície (km²);925;4;15,2;
Vilanova del Vallès;Població;925;5;5697;
Vilanova i la Geltrú;Comarca;926;1;Garraf;
Vilanova i la Geltrú;Codi;926;2;83073;
Vilanova i la Geltrú;Altitud (m);926;3;22;
Vilanova i la Geltrú;Superfície (km²);926;4;33,99;
Vilanova i la Geltrú;Població;926;5;71305;
Vilaplana;Comarca;927;1;Baix Camp;
Vilaplana;Codi;927;2;431690;
Vilaplana;Altitud (m);927;3;366;
Vilaplana;Superfície (km²);927;4;23,2;
Vilaplana;Població;927;5;558;
Vila-rodona;Comarca;928;1;Alt Camp;
Vila-rodona;Codi;928;2;431704;
Vila-rodona;Altitud (m);928;3;259;
Vila-rodona;Superfície (km²);928;4;33,11;
Vila-rodona;Població;928;5;1388;
Vila-sacra;Comarca;929;1;Alt Empordà;
Vila-sacra;Codi;929;2;172305;
Vila-sacra;Altitud (m);929;3;16;
Vila-sacra;Superfície (km²);929;4;6,03;
Vila-sacra;Població;929;5;879;
Vila-sana;Comarca;930;1;Pla d'Urgell;
Vila-sana;Codi;930;2;252521;
Vila-sana;Altitud (m);930;3;249;
Vila-sana;Superfície (km²);930;4;19,1;
Vila-sana;Població;930;5;754;
Vila-seca;Comarca;931;1;Tarragonès;
Vila-seca;Codi;931;2;431711;
Vila-seca;Altitud (m);931;3;45;
Vila-seca;Superfície (km²);931;4;21,64;
Vila-seca;Població;931;5;24158;
Vilassar de Dalt;Comarca;932;1;Maresme;
Vilassar de Dalt;Codi;932;2;82140;
Vilassar de Dalt;Altitud (m);932;3;142;
Vilassar de Dalt;Superfície (km²);932;4;8,86;
Vilassar de Dalt;Població;932;5;9433;
Vilassar de Mar;Comarca;933;1;Maresme;
Vilassar de Mar;Codi;933;2;82191;
Vilassar de Mar;Altitud (m);933;3;10;
Vilassar de Mar;Superfície (km²);933;4;4;
Vilassar de Mar;Població;933;5;21234;
Vilaür;Comarca;934;1;Alt Empordà;
Vilaür;Codi;934;2;172229;
Vilaür;Altitud (m);934;3;65;
Vilaür;Superfície (km²);934;4;5,49;
Vilaür;Població;934;5;163;
Vilaverd;Comarca;935;1;Conca de Barberà;
Vilaverd;Codi;935;2;431726;
Vilaverd;Altitud (m);935;3;269;
Vilaverd;Superfície (km²);935;4;12,61;
Vilaverd;Població;935;5;494;
Vilella Alta, la;Comarca;936;1;Priorat;
Vilella Alta, la;Codi;936;2;431732;
Vilella Alta, la;Altitud (m);936;3;327;
Vilella Alta, la;Superfície (km²);936;4;5,15;
Vilella Alta, la;Població;936;5;130;
Vilella Baixa, la;Comarca;937;1;Priorat;
Vilella Baixa, la;Codi;937;2;431747;
Vilella Baixa, la;Altitud (m);937;3;218;
Vilella Baixa, la;Superfície (km²);937;4;5,62;
Vilella Baixa, la;Població;937;5;202;
Vilobí d'Onyar;Comarca;938;1;Selva;
Vilobí d'Onyar;Codi;938;2;172333;
Vilobí d'Onyar;Altitud (m);938;3;122;
Vilobí d'Onyar;Superfície (km²);938;4;32,59;
Vilobí d'Onyar;Població;938;5;3298;
Vilobí del Penedès;Comarca;939;1;Alt Penedès;
Vilobí del Penedès;Codi;939;2;83041;
Vilobí del Penedès;Altitud (m);939;3;286;
Vilobí del Penedès;Superfície (km²);939;4;9,34;
Vilobí del Penedès;Població;939;5;1157;
Vilopriu;Comarca;940;1;Baix Empordà;
Vilopriu;Codi;940;2;172327;
Vilopriu;Altitud (m);940;3;82;
Vilopriu;Superfície (km²);940;4;16,38;
Vilopriu;Població;940;5;220;
Vilosell, el;Comarca;941;1;Garrigues;
Vilosell, el;Codi;941;2;252537;
Vilosell, el;Altitud (m);941;3;665;
Vilosell, el;Superfície (km²);941;4;18,88;
Vilosell, el;Població;941;5;178;
Vimbodí i Poblet;Comarca;942;1;Conca de Barberà;
Vimbodí i Poblet;Codi;942;2;431763;
Vimbodí i Poblet;Altitud (m);942;3;496;
Vimbodí i Poblet;Superfície (km²);942;4;66,09;
Vimbodí i Poblet;Població;942;5;889;
Vinaixa;Comarca;943;1;Garrigues;
Vinaixa;Codi;943;2;252555;
Vinaixa;Altitud (m);943;3;479;
Vinaixa;Superfície (km²);943;4;37,59;
Vinaixa;Població;943;5;435;
Vinebre;Comarca;944;1;Ribera d'Ebre;
Vinebre;Codi;944;2;431779;
Vinebre;Altitud (m);944;3;34;
Vinebre;Superfície (km²);944;4;26,44;
Vinebre;Població;944;5;428;
Vinyols i els Arcs;Comarca;945;1;Baix Camp;
Vinyols i els Arcs;Codi;945;2;431785;
Vinyols i els Arcs;Altitud (m);945;3;95;
Vinyols i els Arcs;Superfície (km²);945;4;10,83;
Vinyols i els Arcs;Població;945;5;2470;
Viver i Serrateix;Comarca;946;1;Berguedà;
Viver i Serrateix;Codi;946;2;83089;
Viver i Serrateix;Altitud (m);946;3;729;
Viver i Serrateix;Superfície (km²);946;4;66,8;
Viver i Serrateix;Població;946;5;178;
Xerta;Comarca;947;1;Baix Ebre;
Xerta;Codi;947;2;430521;
Xerta;Altitud (m);947;3;12;
Xerta;Superfície (km²);947;4;32,39;
Xerta;Població;947;5;1186;
