concepte,any,municipi,renda familiar disponible bruta,renda familiar disponible bruta,renda familiar disponible bruta
indicador,,,per habitant (índex Catalunya=100),per habitant (€),valor (milers €)
0,2000.0,Abrera,86.4,10200.0,84783.0
1,2000.0,Alcanar,88.2,10400.0,83608.0
2,2000.0,Alella,133.1,15700.0,133790.0
3,2000.0,Almacelles,104.7,12400.0,69334.0
4,2000.0,"Ametlla del Vallès, l'",139.9,16500.0,95846.0
5,2000.0,Amposta,93.2,11000.0,182191.0
6,2000.0,Anglès,101.6,12000.0,59878.0
7,2000.0,Arbúcies,102.3,12100.0,61814.0
8,2000.0,Arenys de Mar,99.3,11700.0,149092.0
9,2000.0,Arenys de Munt,95.9,11300.0,72172.0
10,2000.0,Argentona,104.1,12300.0,118443.0
11,2000.0,Badalona,81.4,9600.0,2008427.0
12,2000.0,Badia del Vallès,69.3,8200.0,125028.0
13,2000.0,Balaguer,102.2,12100.0,161243.0
14,2000.0,Banyoles,112.6,13300.0,202777.0
15,2000.0,Barberà del Vallès,84.7,10000.0,267039.0
16,2000.0,Barcelona,113.7,13400.0,20143312.0
17,2000.0,Berga,95.0,11200.0,161646.0
18,2000.0,Bigues i Riells del Fai,108.2,12800.0,71109.0
19,2000.0,"Bisbal d'Empordà, la",101.5,12000.0,99336.0
20,2000.0,Blanes,95.7,11300.0,350168.0
21,2000.0,"Borges Blanques, les",112.1,13200.0,69450.0
22,2000.0,Calafell,104.8,12400.0,158035.0
23,2000.0,Caldes de Montbui,104.4,12300.0,155564.0
24,2000.0,Calella,90.5,10700.0,143582.0
25,2000.0,Calonge i Sant Antoni,92.4,10900.0,76235.0
26,2000.0,Cambrils,104.3,12300.0,251816.0
27,2000.0,Canet de Mar,93.7,11100.0,114579.0
28,2000.0,Canovelles,82.7,9800.0,127542.0
29,2000.0,Cardedeu,103.7,12200.0,151248.0
30,2000.0,Cardona,88.5,10400.0,57894.0
31,2000.0,Cassà de la Selva,109.1,12900.0,100243.0
32,2000.0,"Castell d'Aro, Platja d'Aro i s'Agaró",106.6,12600.0,86820.0
33,2000.0,Castellar del Vallès,100.7,11900.0,211406.0
34,2000.0,Castellbisbal,94.7,11200.0,92646.0
35,2000.0,Castelldefels,98.5,11600.0,534172.0
36,2000.0,Castelló d'Empúries,89.1,10500.0,69187.0
37,2000.0,Centelles,103.0,12200.0,70613.0
38,2000.0,Cerdanyola del Vallès,95.2,11200.0,596937.0
39,2000.0,Cervelló,97.8,11500.0,71327.0
40,2000.0,Cervera,110.7,13100.0,98994.0
41,2000.0,Constantí,81.8,9700.0,48424.0
42,2000.0,Corbera de Llobregat,108.9,12900.0,120004.0
43,2000.0,Cornellà de Llobregat,84.4,10000.0,807843.0
44,2000.0,Cubelles,86.0,10200.0,68642.0
45,2000.0,Cunit,95.1,11200.0,69027.0
46,2000.0,Deltebre,87.6,10300.0,106729.0
47,2000.0,"Escala, l'",106.8,12600.0,78986.0
48,2000.0,Esparreguera,88.8,10500.0,182757.0
49,2000.0,Esplugues de Llobregat,95.9,11300.0,517368.0
50,2000.0,Falset,98.1,11600.0,28741.0
51,2000.0,Figueres,106.4,12600.0,430181.0
52,2000.0,"Franqueses del Vallès, les",91.0,10700.0,135507.0
53,2000.0,Gandesa,101.2,11900.0,31025.0
54,2000.0,"Garriga, la",103.7,12200.0,143841.0
55,2000.0,Gavà,90.0,10600.0,418605.0
56,2000.0,Girona,124.2,14700.0,1091356.0
57,2000.0,Granollers,97.9,11600.0,612883.0
58,2000.0,"Hospitalet de Llobregat, l'",83.2,9800.0,2377576.0
59,2000.0,Igualada,102.4,12100.0,395544.0
60,2000.0,"Llagosta, la",77.5,9200.0,110072.0
61,2000.0,Llagostera,95.0,11200.0,65479.0
62,2000.0,Lleida,112.5,13300.0,1495532.0
63,2000.0,Llinars del Vallès,90.2,10700.0,74632.0
64,2000.0,Lliçà d'Amunt,95.0,11200.0,111105.0
65,2000.0,Lliçà de Vall,102.7,12100.0,62499.0
66,2000.0,Lloret de Mar,103.5,12200.0,254306.0
67,2000.0,Malgrat de Mar,89.7,10600.0,147908.0
68,2000.0,Manlleu,95.3,11300.0,199088.0
69,2000.0,Manresa,101.6,12000.0,765330.0
70,2000.0,Martorell,88.5,10500.0,229178.0
71,2000.0,"Masnou, el",108.7,12800.0,270712.0
72,2000.0,Matadepera,176.3,20800.0,146983.0
73,2000.0,Mataró,83.1,9800.0,1038753.0
74,2000.0,Molins de Rei,102.8,12100.0,242277.0
75,2000.0,Mollerussa,109.8,13000.0,125971.0
76,2000.0,Mollet del Vallès,84.9,10000.0,466792.0
77,2000.0,Mont-roig del Camp,94.1,11100.0,75825.0
78,2000.0,Montblanc,103.0,12200.0,73915.0
79,2000.0,Montcada i Reixac,87.4,10300.0,292221.0
80,2000.0,Montgat,94.8,11200.0,93617.0
81,2000.0,Montmeló,82.2,9700.0,82689.0
82,2000.0,Montornès del Vallès,85.4,10100.0,127045.0
83,2000.0,Móra d'Ebre,108.4,12800.0,61452.0
84,2000.0,Navarcles,94.5,11200.0,59549.0
85,2000.0,Navàs,93.4,11000.0,62333.0
86,2000.0,Olesa de Montserrat,88.8,10500.0,183025.0
87,2000.0,Olot,116.6,13800.0,387570.0
88,2000.0,Palafolls,79.8,9400.0,51201.0
89,2000.0,Palafrugell,97.1,11500.0,210624.0
90,2000.0,Palamós,105.3,12400.0,187539.0
91,2000.0,Palau-solità i Plegamans,99.5,11800.0,132239.0
92,2000.0,Pallejà,107.0,12600.0,94808.0
93,2000.0,Parets del Vallès,91.2,10800.0,158236.0
94,2000.0,Piera,84.3,10000.0,88213.0
95,2000.0,Pineda de Mar,79.4,9400.0,191844.0
96,2000.0,"Pont de Suert, el",110.7,13100.0,28200.0
97,2000.0,"Prat de Llobregat, el",80.8,9500.0,601082.0
98,2000.0,Premià de Dalt,117.6,13900.0,125060.0
99,2000.0,Premià de Mar,90.0,10600.0,279918.0
100,2000.0,Puigcerdà,113.7,13400.0,95047.0
101,2000.0,Reus,98.1,11600.0,1037612.0
102,2000.0,Ripoll,112.2,13200.0,142283.0
103,2000.0,Ripollet,81.7,9600.0,291393.0
104,2000.0,Riudoms,94.0,11100.0,58224.0
105,2000.0,"Roca del Vallès, la",98.9,11700.0,87387.0
106,2000.0,Roda de Ter,94.0,11100.0,57413.0
107,2000.0,Roquetes,96.3,11400.0,72739.0
108,2000.0,Roses,95.4,11300.0,148875.0
109,2000.0,Rubí,81.7,9600.0,573388.0
110,2000.0,"Ràpita, la",97.4,11500.0,130336.0
111,2000.0,Sabadell,94.6,11200.0,2060367.0
112,2000.0,Sallent,90.9,10700.0,76800.0
113,2000.0,Salou,105.5,12500.0,168225.0
114,2000.0,Salt,95.8,11300.0,251617.0
115,2000.0,Sant Adrià de Besòs,76.7,9100.0,293786.0
116,2000.0,Sant Andreu de Llavaneres,142.3,16800.0,122844.0
117,2000.0,Sant Andreu de la Barca,83.5,9900.0,204189.0
118,2000.0,Sant Boi de Llobregat,79.3,9400.0,743533.0
119,2000.0,Sant Celoni,93.9,11100.0,141724.0
120,2000.0,Sant Cugat del Vallès,145.4,17200.0,931013.0
121,2000.0,Sant Esteve Sesrovires,84.7,10000.0,52376.0
122,2000.0,Sant Feliu de Guíxols,97.5,11500.0,213465.0
123,2000.0,Sant Feliu de Llobregat,91.1,10800.0,419629.0
124,2000.0,Sant Fost de Campsentelles,108.8,12800.0,82113.0
125,2000.0,Sant Fruitós de Bages,104.4,12300.0,69424.0
126,2000.0,Sant Joan Despí,95.4,11300.0,314605.0
127,2000.0,Sant Joan de Vilatorrada,86.5,10200.0,94546.0
128,2000.0,Sant Just Desvern,138.8,16400.0,231117.0
129,2000.0,Sant Pere de Ribes,87.8,10400.0,232614.0
130,2000.0,Sant Quirze del Vallès,120.6,14200.0,184800.0
131,2000.0,Sant Sadurní d'Anoia,97.8,11500.0,111653.0
132,2000.0,Sant Vicenç de Castellet,88.0,10400.0,74769.0
133,2000.0,Sant Vicenç dels Horts,77.9,9200.0,226654.0
134,2000.0,Santa Coloma de Farners,110.5,13000.0,117379.0
135,2000.0,Santa Coloma de Gramenet,75.8,9000.0,1043892.0
136,2000.0,Santa Margarida de Montbui,75.0,8900.0,80552.0
137,2000.0,Santa Maria de Palautordera,94.4,11100.0,71705.0
138,2000.0,Santa Perpètua de Mogoda,90.3,10700.0,204224.0
139,2000.0,Santpedor,99.6,11800.0,63458.0
140,2000.0,Sentmenat,93.9,11100.0,63715.0
141,2000.0,"Seu d'Urgell, la",101.3,12000.0,131840.0
142,2000.0,Sitges,118.0,13900.0,277212.0
143,2000.0,Solsona,106.8,12600.0,93676.0
144,2000.0,Sort,127.1,15000.0,27150.0
145,2000.0,"Sénia, la",91.0,10700.0,55614.0
146,2000.0,Súria,91.2,10800.0,66170.0
147,2000.0,Taradell,97.8,11500.0,58672.0
148,2000.0,Tarragona,106.4,12600.0,1439730.0
149,2000.0,Teià,144.9,17100.0,91382.0
150,2000.0,Terrassa,90.8,10700.0,1857455.0
151,2000.0,Tiana,128.3,15100.0,88123.0
152,2000.0,Tona,97.7,11500.0,68278.0
153,2000.0,Tordera,83.8,9900.0,98457.0
154,2000.0,Torelló,98.7,11600.0,142222.0
155,2000.0,Torredembarra,97.8,11500.0,125041.0
156,2000.0,Torroella de Montgrí,105.7,12500.0,107175.0
157,2000.0,Tortosa,103.5,12200.0,362432.0
158,2000.0,Tremp,117.4,13900.0,74597.0
159,2000.0,Tàrrega,116.2,13700.0,173337.0
160,2000.0,Ulldecona,90.0,10600.0,58316.0
161,2000.0,Vallirana,103.0,12200.0,111846.0
162,2000.0,Valls,106.1,12500.0,256549.0
163,2000.0,"Vendrell, el",100.6,11900.0,275099.0
164,2000.0,Vic,101.5,12000.0,384732.0
165,2000.0,Vielha e Mijaran,138.3,16300.0,68344.0
166,2000.0,Vila-seca,88.6,10500.0,138821.0
167,2000.0,Viladecans,79.1,9300.0,528678.0
168,2000.0,Viladecavalls,92.9,11000.0,64626.0
169,2000.0,Vilafranca del Penedès,97.2,11500.0,348998.0
170,2000.0,Vilanova del Camí,77.2,9100.0,93684.0
171,2000.0,Vilanova i la Geltrú,90.5,10700.0,565250.0
172,2000.0,Vilassar de Dalt,108.7,12800.0,96004.0
173,2000.0,Vilassar de Mar,112.2,13200.0,227564.0
174,2001.0,Abrera,87.1,10600.0,91987.0
175,2001.0,Alcanar,89.6,10900.0,90674.0
176,2001.0,Alella,140.1,17100.0,148991.0
177,2001.0,Almacelles,109.9,13400.0,76647.0
178,2001.0,"Ametlla de Mar, l'",103.1,12600.0,64603.0
179,2001.0,"Ametlla del Vallès, l'",142.9,17500.0,106878.0
180,2001.0,Amposta,94.5,11500.0,197047.0
181,2001.0,Arbúcies,105.2,12900.0,68283.0
182,2001.0,Arenys de Mar,95.7,11700.0,151641.0
183,2001.0,Arenys de Munt,97.4,11900.0,79360.0
184,2001.0,Argentona,107.8,13200.0,130760.0
185,2001.0,Badalona,79.9,9800.0,2046797.0
186,2001.0,Badia del Vallès,62.7,7700.0,113592.0
187,2001.0,Balaguer,97.4,11900.0,161708.0
188,2001.0,Banyoles,113.1,13800.0,215915.0
189,2001.0,Barberà del Vallès,84.0,10300.0,275360.0
190,2001.0,Barcelona,113.0,13800.0,20938272.0
191,2001.0,Berga,92.8,11300.0,167227.0
192,2001.0,Bigues i Riells del Fai,112.7,13800.0,80835.0
193,2001.0,"Bisbal d'Empordà, la",106.0,13000.0,107563.0
194,2001.0,Blanes,97.0,11900.0,382159.0
195,2001.0,"Borges Blanques, les",110.4,13500.0,71486.0
196,2001.0,Cabrils,159.6,19500.0,100110.0
197,2001.0,Calafell,111.5,13600.0,190507.0
198,2001.0,Caldes de Montbui,103.0,12600.0,163799.0
199,2001.0,Calella,93.1,11400.0,161266.0
200,2001.0,Calonge i Sant Antoni,98.5,12000.0,89549.0
201,2001.0,Cambrils,107.6,13200.0,284003.0
202,2001.0,Canet de Mar,94.4,11500.0,124833.0
203,2001.0,Canovelles,79.3,9700.0,128421.0
204,2001.0,Cardedeu,106.4,13000.0,167714.0
205,2001.0,Cardona,91.9,11200.0,61283.0
206,2001.0,Cassà de la Selva,110.2,13500.0,106979.0
207,2001.0,"Castell d'Aro, Platja d'Aro i s'Agaró",114.3,14000.0,103366.0
208,2001.0,Castellar del Vallès,99.0,12100.0,222583.0
209,2001.0,Castellbisbal,95.6,11700.0,105427.0
210,2001.0,Castelldefels,101.5,12400.0,594094.0
211,2001.0,Castelló d'Empúries,94.4,11500.0,83126.0
212,2001.0,Centelles,102.0,12500.0,73347.0
213,2001.0,Cerdanyola del Vallès,95.8,11700.0,631193.0
214,2001.0,Cervelló,103.9,12700.0,81377.0
215,2001.0,Cervera,103.3,12600.0,99910.0
216,2001.0,Constantí,79.5,9700.0,49610.0
217,2001.0,Corbera de Llobregat,110.4,13500.0,133277.0
218,2001.0,Cornellà de Llobregat,80.2,9800.0,798991.0
219,2001.0,Cubelles,91.7,11200.0,82717.0
220,2001.0,Cunit,103.5,12600.0,83386.0
221,2001.0,Deltebre,93.9,11500.0,120086.0
222,2001.0,"Escala, l'",114.9,14000.0,88690.0
223,2001.0,Esparreguera,86.7,10600.0,193611.0
224,2001.0,Esplugues de Llobregat,98.0,12000.0,549252.0
225,2001.0,Falset,98.1,12000.0,30568.0
226,2001.0,Figueres,104.4,12800.0,444483.0
227,2001.0,"Franqueses del Vallès, les",91.2,11100.0,147725.0
228,2001.0,Gandesa,104.2,12700.0,33909.0
229,2001.0,"Garriga, la",103.6,12700.0,153726.0
230,2001.0,Gavà,89.5,10900.0,441727.0
231,2001.0,Girona,125.0,15300.0,1166137.0
232,2001.0,Granollers,95.2,11600.0,629896.0
233,2001.0,"Hospitalet de Llobregat, l'",81.0,9900.0,2409850.0
234,2001.0,Igualada,102.4,12500.0,414783.0
235,2001.0,"Llagosta, la",76.8,9400.0,114840.0
236,2001.0,Llagostera,97.9,12000.0,71648.0
237,2001.0,Lleida,112.6,13800.0,1569304.0
238,2001.0,Llinars del Vallès,94.1,11500.0,83363.0
239,2001.0,Lliçà d'Amunt,97.9,12000.0,125857.0
240,2001.0,Lliçà de Vall,108.1,13200.0,70249.0
241,2001.0,Lloret de Mar,100.2,12200.0,275665.0
242,2001.0,Malgrat de Mar,89.3,10900.0,159215.0
243,2001.0,Manlleu,92.2,11300.0,203387.0
244,2001.0,Manresa,98.6,12000.0,779062.0
245,2001.0,Martorell,88.0,10800.0,247730.0
246,2001.0,"Masnou, el",108.3,13200.0,280107.0
247,2001.0,Masquefa,90.0,11000.0,60005.0
248,2001.0,Matadepera,182.7,22300.0,163004.0
249,2001.0,Mataró,83.5,10200.0,1104009.0
250,2001.0,Molins de Rei,102.6,12500.0,259567.0
251,2001.0,Mollerussa,110.4,13500.0,135193.0
252,2001.0,Mollet del Vallès,83.6,10200.0,488319.0
253,2001.0,Mont-roig del Camp,102.5,12500.0,90202.0
254,2001.0,Montblanc,103.3,12600.0,78096.0
255,2001.0,Montcada i Reixac,83.9,10300.0,299190.0
256,2001.0,Montgat,92.3,11300.0,96491.0
257,2001.0,Montmeló,82.8,10100.0,87417.0
258,2001.0,Montornès del Vallès,83.8,10200.0,132782.0
259,2001.0,Móra d'Ebre,110.6,13500.0,64605.0
260,2001.0,Navarcles,90.1,11000.0,59271.0
261,2001.0,Navàs,89.4,10900.0,61051.0
262,2001.0,Olesa de Montserrat,89.4,10900.0,198008.0
263,2001.0,Olot,115.1,14100.0,402402.0
264,2001.0,Palafolls,83.2,10200.0,59232.0
265,2001.0,Palafrugell,97.9,12000.0,225545.0
266,2001.0,Palamós,101.4,12400.0,191199.0
267,2001.0,Palau-solità i Plegamans,101.2,12400.0,142286.0
268,2001.0,Pallejà,108.2,13200.0,105431.0
269,2001.0,Parets del Vallès,92.9,11400.0,171635.0
270,2001.0,Piera,84.4,10300.0,99948.0
271,2001.0,Pineda de Mar,82.0,10000.0,214547.0
272,2001.0,Polinyà,89.0,10900.0,54466.0
273,2001.0,"Pont de Suert, el",111.1,13600.0,29300.0
274,2001.0,"Prat de Llobregat, el",79.2,9700.0,610632.0
275,2001.0,Premià de Dalt,129.6,15800.0,146473.0
276,2001.0,Premià de Mar,90.6,11100.0,295738.0
277,2001.0,Puigcerdà,117.8,14400.0,108257.0
278,2001.0,Reus,98.6,12100.0,1094630.0
279,2001.0,Ripoll,110.0,13400.0,145106.0
280,2001.0,Ripollet,81.1,9900.0,306983.0
281,2001.0,Riudoms,98.9,12100.0,64397.0
282,2001.0,"Roca del Vallès, la",97.1,11900.0,92223.0
283,2001.0,Roda de Ter,88.5,10800.0,56734.0
284,2001.0,Roquetes,90.8,11100.0,72561.0
285,2001.0,Roses,95.7,11700.0,162530.0
286,2001.0,Rubí,81.7,10000.0,613503.0
287,2001.0,"Ràpita, la",100.7,12300.0,142931.0
288,2001.0,Sabadell,91.0,11100.0,2069716.0
289,2001.0,Sallent,87.9,10700.0,76432.0
290,2001.0,Salou,110.7,13500.0,198266.0
291,2001.0,Salt,89.0,10900.0,248374.0
292,2001.0,Sant Adrià de Besòs,75.0,9200.0,298218.0
293,2001.0,Sant Andreu de Llavaneres,147.0,18000.0,139768.0
294,2001.0,Sant Andreu de la Barca,81.9,10000.0,218702.0
295,2001.0,Sant Boi de Llobregat,77.7,9500.0,756910.0
296,2001.0,Sant Celoni,90.7,11100.0,144865.0
297,2001.0,Sant Cugat del Vallès,148.6,18200.0,1049836.0
298,2001.0,Sant Esteve Sesrovires,87.0,10600.0,57958.0
299,2001.0,Sant Feliu de Guíxols,97.9,12000.0,225368.0
300,2001.0,Sant Feliu de Llobregat,91.2,11100.0,447648.0
301,2001.0,Sant Fost de Campsentelles,108.7,13300.0,87636.0
302,2001.0,Sant Fruitós de Bages,101.7,12400.0,73034.0
303,2001.0,Sant Hilari Sacalm,102.4,12500.0,64469.0
304,2001.0,Sant Joan Despí,94.7,11600.0,331762.0
305,2001.0,Sant Joan de Vilatorrada,87.6,10700.0,100458.0
306,2001.0,Sant Just Desvern,141.8,17300.0,248977.0
307,2001.0,Sant Pere de Ribes,87.7,10700.0,250428.0
308,2001.0,Sant Quirze del Vallès,124.0,15200.0,205939.0
309,2001.0,Sant Sadurní d'Anoia,97.1,11900.0,118116.0
310,2001.0,Sant Vicenç de Castellet,86.4,10600.0,75606.0
311,2001.0,Sant Vicenç dels Horts,77.8,9500.0,238575.0
312,2001.0,Santa Coloma de Cervelló,99.0,12100.0,64658.0
313,2001.0,Santa Coloma de Farners,103.3,12600.0,116901.0
314,2001.0,Santa Coloma de Gramenet,73.1,8900.0,1035220.0
315,2001.0,Santa Margarida de Montbui,73.2,8900.0,81132.0
316,2001.0,Santa Margarida i els Monjos,81.4,10000.0,49819.0
317,2001.0,Santa Maria de Palautordera,92.7,11300.0,75798.0
318,2001.0,Santa Perpètua de Mogoda,92.9,11400.0,219852.0
319,2001.0,Santpedor,100.6,12300.0,67144.0
320,2001.0,Sentmenat,89.9,11000.0,65145.0
321,2001.0,"Seu d'Urgell, la",100.0,12200.0,137703.0
322,2001.0,Sitges,117.8,14400.0,300209.0
323,2001.0,Solsona,109.5,13400.0,101775.0
324,2001.0,Sort,144.6,17700.0,32912.0
325,2001.0,"Sénia, la",87.4,10700.0,58183.0
326,2001.0,Súria,88.9,10900.0,66728.0
327,2001.0,Taradell,98.8,12100.0,63390.0
328,2001.0,Tarragona,106.8,13100.0,1516715.0
329,2001.0,Teià,152.9,18700.0,102661.0
330,2001.0,Terrassa,88.4,10800.0,1912987.0
331,2001.0,Tiana,126.3,15400.0,93944.0
332,2001.0,Tona,96.1,11700.0,71345.0
333,2001.0,Tordera,83.7,10200.0,104499.0
334,2001.0,Torelló,95.1,11600.0,143686.0
335,2001.0,Torredembarra,103.0,12600.0,142790.0
336,2001.0,Torroella de Montgrí,107.4,13100.0,116292.0
337,2001.0,Tortosa,99.4,12200.0,366109.0
338,2001.0,Tremp,115.5,14100.0,75926.0
339,2001.0,Tàrrega,116.7,14300.0,185053.0
340,2001.0,Ulldecona,88.1,10800.0,61998.0
341,2001.0,Vallirana,97.0,11900.0,117810.0
342,2001.0,Valls,104.4,12800.0,265499.0
343,2001.0,"Vendrell, el",105.4,12900.0,314146.0
344,2001.0,Vic,98.6,12000.0,401347.0
345,2001.0,Vielha e Mijaran,141.5,17300.0,74238.0
346,2001.0,Vila-seca,89.4,10900.0,149299.0
347,2001.0,Viladecans,77.3,9400.0,544626.0
348,2001.0,Viladecavalls,95.5,11700.0,71980.0
349,2001.0,Vilafranca del Penedès,95.3,11700.0,365513.0
350,2001.0,Vilanova del Camí,77.2,9400.0,98027.0
351,2001.0,Vilanova i la Geltrú,91.3,11200.0,605240.0
352,2001.0,Vilassar de Dalt,116.1,14200.0,108129.0
353,2001.0,Vilassar de Mar,114.5,14000.0,245423.0
354,2002.0,Abrera,85.5,11100.0,99936.0
355,2002.0,Agramunt,103.3,13400.0,68121.0
356,2002.0,Alcanar,89.8,11700.0,100015.0
357,2002.0,Alella,142.7,18500.0,163622.0
358,2002.0,Almacelles,109.5,14200.0,81488.0
359,2002.0,"Ametlla de Mar, l'",98.5,12800.0,70721.0
360,2002.0,"Ametlla del Vallès, l'",143.6,18700.0,122160.0
361,2002.0,Amposta,95.2,12400.0,217327.0
362,2002.0,Anglès,100.7,13100.0,65903.0
363,2002.0,Arbúcies,105.8,13800.0,75752.0
364,2002.0,Arenys de Mar,91.2,11900.0,157293.0
365,2002.0,Arenys de Munt,94.3,12300.0,84630.0
366,2002.0,Argentona,103.0,13400.0,136223.0
367,2002.0,Badalona,77.2,10000.0,2132374.0
368,2002.0,Badia del Vallès,61.5,8000.0,116523.0
369,2002.0,Balaguer,98.0,12700.0,177015.0
370,2002.0,Banyoles,111.4,14500.0,231981.0
371,2002.0,Barberà del Vallès,80.9,10500.0,284204.0
372,2002.0,Barcelona,109.3,14200.0,22089359.0
373,2002.0,Berga,91.7,11900.0,181467.0
374,2002.0,Bigues i Riells del Fai,108.6,14100.0,87763.0
375,2002.0,"Bisbal d'Empordà, la",108.0,14000.0,118855.0
376,2002.0,Blanes,94.5,12300.0,413963.0
377,2002.0,"Borges Blanques, les",111.5,14500.0,77404.0
378,2002.0,Cabrils,161.6,21000.0,115354.0
379,2002.0,Calafell,111.3,14500.0,220777.0
380,2002.0,Caldes de Montbui,98.9,12900.0,173862.0
381,2002.0,Calella,86.8,11300.0,168919.0
382,2002.0,Calonge i Sant Antoni,97.4,12700.0,101087.0
383,2002.0,Cambrils,106.6,13900.0,316984.0
384,2002.0,Canet de Mar,86.9,11300.0,128743.0
385,2002.0,Canovelles,76.3,9900.0,134200.0
386,2002.0,Capellades,84.1,10900.0,55516.0
387,2002.0,Cardedeu,104.8,13600.0,184098.0
388,2002.0,Cardona,94.1,12200.0,65492.0
389,2002.0,Cassà de la Selva,106.5,13800.0,111939.0
390,2002.0,"Castell d'Aro, Platja d'Aro i s'Agaró",111.7,14500.0,113180.0
391,2002.0,Castellar del Vallès,96.4,12500.0,235471.0
392,2002.0,Castellbisbal,91.1,11800.0,113335.0
393,2002.0,Castelldefels,96.5,12500.0,635826.0
394,2002.0,Castelló d'Empúries,86.3,11200.0,87985.0
395,2002.0,Centelles,97.4,12700.0,76535.0
396,2002.0,Cerdanyola del Vallès,91.9,11900.0,657954.0
397,2002.0,Cervelló,100.1,13000.0,87001.0
398,2002.0,Cervera,102.0,13300.0,109717.0
399,2002.0,Constantí,79.2,10300.0,54185.0
400,2002.0,Corbera de Llobregat,106.1,13800.0,145500.0
401,2002.0,Cornellà de Llobregat,77.9,10100.0,834052.0
402,2002.0,Cubelles,86.6,11300.0,91670.0
403,2002.0,Cunit,100.7,13100.0,92717.0
404,2002.0,Deltebre,95.0,12400.0,131200.0
405,2002.0,"Escala, l'",112.7,14600.0,98078.0
406,2002.0,Esparreguera,83.4,10800.0,206650.0
407,2002.0,Esplugues de Llobregat,95.7,12400.0,574912.0
408,2002.0,Falset,97.4,12700.0,32751.0
409,2002.0,Figueres,105.4,13700.0,490122.0
410,2002.0,"Franqueses del Vallès, les",88.1,11400.0,158593.0
411,2002.0,Gandesa,101.1,13100.0,36138.0
412,2002.0,"Garriga, la",101.9,13300.0,165415.0
413,2002.0,Gavà,87.0,11300.0,471719.0
414,2002.0,Girona,123.2,16000.0,1271128.0
415,2002.0,Granollers,92.4,12000.0,663732.0
416,2002.0,"Hospitalet de Llobregat, l'",78.8,10200.0,2514414.0
417,2002.0,Igualada,98.3,12800.0,433023.0
418,2002.0,"Llagosta, la",74.4,9700.0,120729.0
419,2002.0,Llagostera,93.2,12100.0,74888.0
420,2002.0,Lleida,110.2,14300.0,1668500.0
421,2002.0,Llinars del Vallès,88.9,11500.0,86589.0
422,2002.0,Lliçà d'Amunt,91.4,11900.0,132209.0
423,2002.0,Lliçà de Vall,102.4,13300.0,72706.0
424,2002.0,Lloret de Mar,93.3,12100.0,296477.0
425,2002.0,Malgrat de Mar,83.4,10800.0,165652.0
426,2002.0,Manlleu,89.6,11700.0,214262.0
427,2002.0,Manresa,95.0,12300.0,819195.0
428,2002.0,Martorell,82.8,10800.0,258698.0
429,2002.0,"Masnou, el",108.5,14100.0,297615.0
430,2002.0,Masquefa,85.2,11100.0,65941.0
431,2002.0,Matadepera,178.8,23200.0,172261.0
432,2002.0,Mataró,81.0,10500.0,1164909.0
433,2002.0,Molins de Rei,99.0,12900.0,277558.0
434,2002.0,Mollerussa,107.9,14000.0,145891.0
435,2002.0,Mollet del Vallès,80.1,10400.0,513813.0
436,2002.0,Mont-roig del Camp,101.9,13200.0,101588.0
437,2002.0,Montblanc,100.1,13000.0,82186.0
438,2002.0,Montcada i Reixac,80.4,10500.0,313701.0
439,2002.0,Montgat,89.9,11700.0,102023.0
440,2002.0,Montmeló,80.1,10400.0,90678.0
441,2002.0,Montornès del Vallès,79.4,10300.0,137617.0
442,2002.0,Móra d'Ebre,109.3,14200.0,68392.0
443,2002.0,Navarcles,88.6,11500.0,62449.0
444,2002.0,Navàs,90.1,11700.0,65764.0
445,2002.0,Olesa de Montserrat,86.1,11200.0,214230.0
446,2002.0,Olot,114.1,14800.0,433448.0
447,2002.0,Palafolls,78.7,10200.0,63137.0
448,2002.0,Palafrugell,94.8,12300.0,238883.0
449,2002.0,Palamós,100.8,13100.0,207176.0
450,2002.0,Palau-solità i Plegamans,99.4,12900.0,151924.0
451,2002.0,Pallejà,104.8,13600.0,113978.0
452,2002.0,Parets del Vallès,87.7,11400.0,177080.0
453,2002.0,Piera,77.9,10100.0,106673.0
454,2002.0,Pineda de Mar,77.3,10000.0,225117.0
455,2002.0,Polinyà,85.6,11100.0,59840.0
456,2002.0,"Pont de Suert, el",113.3,14700.0,31881.0
457,2002.0,"Prat de Llobregat, el",77.2,10000.0,634288.0
458,2002.0,Premià de Dalt,126.2,16400.0,155059.0
459,2002.0,Premià de Mar,87.7,11400.0,308883.0
460,2002.0,Puigcerdà,112.8,14700.0,115886.0
461,2002.0,Reus,99.2,12900.0,1199546.0
462,2002.0,Ripoll,110.5,14400.0,155133.0
463,2002.0,Ripollet,78.2,10200.0,324557.0
464,2002.0,Riudoms,102.3,13300.0,71911.0
465,2002.0,"Roca del Vallès, la",93.2,12100.0,98915.0
466,2002.0,Roda de Ter,86.8,11300.0,60136.0
467,2002.0,Roquetes,91.3,11900.0,79985.0
468,2002.0,Roses,92.3,12000.0,173488.0
469,2002.0,Rubí,77.7,10100.0,644164.0
470,2002.0,"Ràpita, la",102.3,13300.0,158491.0
471,2002.0,Sabadell,89.0,11600.0,2187696.0
472,2002.0,Sallent,84.6,11000.0,77988.0
473,2002.0,Salou,100.2,13000.0,210364.0
474,2002.0,Salt,84.6,11000.0,262523.0
475,2002.0,Sant Adrià de Besòs,71.6,9300.0,304956.0
476,2002.0,Sant Andreu de Llavaneres,136.3,17700.0,146566.0
477,2002.0,Sant Andreu de la Barca,78.1,10200.0,232020.0
478,2002.0,Sant Boi de Llobregat,75.7,9800.0,791486.0
479,2002.0,Sant Celoni,88.1,11400.0,154807.0
480,2002.0,Sant Cugat del Vallès,140.5,18300.0,1122705.0
481,2002.0,Sant Esteve Sesrovires,80.1,10400.0,59178.0
482,2002.0,Sant Feliu de Guíxols,97.5,12700.0,243696.0
483,2002.0,Sant Feliu de Llobregat,88.8,11500.0,474858.0
484,2002.0,Sant Fost de Campsentelles,106.7,13900.0,94081.0
485,2002.0,Sant Fruitós de Bages,99.4,12900.0,79932.0
486,2002.0,Sant Hilari Sacalm,100.5,13100.0,69235.0
487,2002.0,Sant Joan Despí,91.5,11900.0,351139.0
488,2002.0,Sant Joan de Vilatorrada,85.4,11100.0,105904.0
489,2002.0,Sant Just Desvern,140.6,18300.0,268366.0
490,2002.0,Sant Pere de Ribes,85.4,11100.0,269488.0
491,2002.0,Sant Quirze del Vallès,120.9,15700.0,224961.0
492,2002.0,Sant Sadurní d'Anoia,94.3,12300.0,127461.0
493,2002.0,Sant Vicenç de Castellet,82.8,10800.0,77902.0
494,2002.0,Sant Vicenç dels Horts,76.1,9900.0,253613.0
495,2002.0,Santa Coloma de Cervelló,92.0,12000.0,70828.0
496,2002.0,Santa Coloma de Farners,104.9,13600.0,130427.0
497,2002.0,Santa Coloma de Gramenet,70.4,9200.0,1060164.0
498,2002.0,Santa Margarida de Montbui,72.0,9400.0,85683.0
499,2002.0,Santa Margarida i els Monjos,76.5,9900.0,53338.0
500,2002.0,Santa Maria de Palautordera,87.8,11400.0,80717.0
501,2002.0,Santa Perpètua de Mogoda,87.3,11300.0,227727.0
502,2002.0,Santpedor,98.4,12800.0,70872.0
503,2002.0,Sentmenat,86.4,11200.0,69890.0
504,2002.0,"Seu d'Urgell, la",94.8,12300.0,142760.0
505,2002.0,Sitges,114.1,14800.0,326288.0
506,2002.0,Solsona,104.9,13600.0,106488.0
507,2002.0,Sort,127.5,16600.0,31652.0
508,2002.0,"Sénia, la",89.9,11700.0,66085.0
509,2002.0,Súria,85.5,11100.0,68340.0
510,2002.0,Taradell,94.1,12200.0,66020.0
511,2002.0,Tarragona,106.3,13800.0,1646249.0
512,2002.0,Teià,150.7,19600.0,110744.0
513,2002.0,Terrassa,85.4,11100.0,2020621.0
514,2002.0,Tiana,127.9,16600.0,105711.0
515,2002.0,Tona,94.9,12300.0,78145.0
516,2002.0,Tordera,82.5,10700.0,113480.0
517,2002.0,Torelló,90.8,11800.0,147597.0
518,2002.0,Torredembarra,101.9,13200.0,157002.0
519,2002.0,Torroella de Montgrí,99.8,13000.0,119321.0
520,2002.0,Tortosa,99.7,13000.0,399016.0
521,2002.0,Tremp,115.5,15000.0,81732.0
522,2002.0,Tàrrega,115.5,15000.0,201301.0
523,2002.0,Ulldecona,88.9,11600.0,68382.0
524,2002.0,Vallirana,93.0,12100.0,130556.0
525,2002.0,Valls,104.3,13600.0,289451.0
526,2002.0,"Vendrell, el",103.6,13500.0,349050.0
527,2002.0,Vic,93.2,12100.0,419922.0
528,2002.0,Vidreres,93.5,12200.0,65898.0
529,2002.0,Vielha e Mijaran,149.4,19400.0,86404.0
530,2002.0,Vila-seca,89.3,11600.0,164195.0
531,2002.0,Viladecans,75.3,9800.0,575259.0
532,2002.0,Viladecavalls,90.5,11800.0,76109.0
533,2002.0,Vilafranca del Penedès,91.0,11800.0,386293.0
534,2002.0,Vilanova del Camí,73.1,9500.0,100887.0
535,2002.0,Vilanova i la Geltrú,87.2,11300.0,636580.0
536,2002.0,Vilassar de Dalt,113.9,14800.0,115231.0
537,2002.0,Vilassar de Mar,111.4,14500.0,260897.0
538,2003.0,Abrera,87.9,11700.0,108792.0
539,2003.0,Agramunt,109.0,14500.0,74679.0
540,2003.0,Alcanar,92.0,12300.0,107888.0
541,2003.0,Alella,141.1,18800.0,166108.0
542,2003.0,Almacelles,111.6,14900.0,85642.0
543,2003.0,"Ametlla de Mar, l'",93.7,12500.0,74081.0
544,2003.0,"Ametlla del Vallès, l'",129.2,17200.0,119349.0
545,2003.0,Amposta,99.7,13300.0,239141.0
546,2003.0,Anglès,105.1,14000.0,71019.0
547,2003.0,Arbúcies,102.8,13700.0,77915.0
548,2003.0,Arenys de Mar,94.4,12600.0,168911.0
549,2003.0,Arenys de Munt,96.7,12900.0,91267.0
550,2003.0,Argentona,103.2,13800.0,142395.0
551,2003.0,Badalona,82.5,11000.0,2360341.0
552,2003.0,Badia del Vallès,70.5,9400.0,135624.0
553,2003.0,Balaguer,98.1,13100.0,186965.0
554,2003.0,Banyoles,112.9,15000.0,245756.0
555,2003.0,Barberà del Vallès,89.5,11900.0,324251.0
556,2003.0,Barcelona,111.2,14800.0,23407718.0
557,2003.0,Begues,116.4,15500.0,79910.0
558,2003.0,Berga,94.2,12600.0,195819.0
559,2003.0,Bigues i Riells del Fai,106.4,14200.0,92395.0
560,2003.0,"Bisbal d'Empordà, la",111.3,14800.0,130035.0
561,2003.0,Blanes,93.3,12400.0,435399.0
562,2003.0,"Borges Blanques, les",116.4,15500.0,83671.0
563,2003.0,Cabrils,154.1,20500.0,120193.0
564,2003.0,Calafell,110.1,14700.0,243125.0
565,2003.0,Caldes de Montbui,97.4,13000.0,187473.0
566,2003.0,Calella,87.1,11600.0,182302.0
567,2003.0,Calonge i Sant Antoni,95.7,12800.0,108655.0
568,2003.0,Cambrils,104.6,13900.0,335656.0
569,2003.0,Canet de Mar,90.6,12100.0,143465.0
570,2003.0,Canovelles,82.1,10900.0,151528.0
571,2003.0,Capellades,90.4,12000.0,61731.0
572,2003.0,Cardedeu,104.7,13900.0,197940.0
573,2003.0,Cardona,95.7,12700.0,67449.0
574,2003.0,Cassà de la Selva,108.9,14500.0,119561.0
575,2003.0,"Castell d'Aro, Platja d'Aro i s'Agaró",114.8,15300.0,125274.0
576,2003.0,Castellar del Vallès,101.8,13600.0,260380.0
577,2003.0,Castellbisbal,91.6,12200.0,122877.0
578,2003.0,Castelldefels,94.4,12600.0,668583.0
579,2003.0,Castelló d'Empúries,89.8,12000.0,95353.0
580,2003.0,Centelles,100.2,13300.0,83164.0
581,2003.0,Cerdanyola del Vallès,98.3,13100.0,731801.0
582,2003.0,Cervelló,93.8,12500.0,86433.0
583,2003.0,Cervera,104.1,13900.0,117858.0
584,2003.0,Constantí,82.6,11000.0,59316.0
585,2003.0,Corbera de Llobregat,103.0,13700.0,152187.0
586,2003.0,Cornellà de Llobregat,83.1,11100.0,920128.0
587,2003.0,Cubelles,83.8,11200.0,101063.0
588,2003.0,Cunit,99.7,13300.0,102459.0
589,2003.0,Deltebre,101.8,13600.0,145505.0
590,2003.0,"Escala, l'",112.6,15000.0,108407.0
591,2003.0,Esparreguera,85.1,11300.0,224269.0
592,2003.0,Esplugues de Llobregat,100.9,13400.0,621088.0
593,2003.0,Falset,99.4,13200.0,34578.0
594,2003.0,Figueres,105.7,14100.0,516600.0
595,2003.0,"Franqueses del Vallès, les",91.7,12200.0,176479.0
596,2003.0,Gandesa,105.6,14100.0,40022.0
597,2003.0,"Garriga, la",104.8,14000.0,178488.0
598,2003.0,Gavà,88.9,11800.0,506556.0
599,2003.0,Girona,120.4,16000.0,1321014.0
600,2003.0,Granollers,97.2,13000.0,727701.0
601,2003.0,"Hospitalet de Llobregat, l'",82.7,11000.0,2737683.0
602,2003.0,Igualada,102.5,13700.0,475048.0
603,2003.0,"Llagosta, la",81.2,10800.0,138294.0
604,2003.0,Llagostera,96.8,12900.0,82206.0
605,2003.0,Lleida,109.5,14600.0,1736607.0
606,2003.0,Llinars del Vallès,93.2,12400.0,96000.0
607,2003.0,Lliçà d'Amunt,96.3,12800.0,150370.0
608,2003.0,Lliçà de Vall,104.0,13900.0,77743.0
609,2003.0,Lloret de Mar,92.5,12300.0,320387.0
610,2003.0,Malgrat de Mar,87.9,11700.0,186169.0
611,2003.0,Manlleu,96.8,12900.0,240430.0
612,2003.0,Manresa,98.5,13100.0,890809.0
613,2003.0,Martorell,86.3,11500.0,285073.0
614,2003.0,"Masnou, el",113.3,15100.0,318544.0
615,2003.0,Masquefa,84.1,11200.0,72192.0
616,2003.0,Matadepera,185.9,24800.0,187372.0
617,2003.0,Mataró,84.9,11300.0,1278838.0
618,2003.0,Molins de Rei,100.6,13400.0,298002.0
619,2003.0,Mollerussa,107.7,14300.0,155768.0
620,2003.0,Mollet del Vallès,86.0,11500.0,576910.0
621,2003.0,Mont-roig del Camp,104.0,13900.0,111576.0
622,2003.0,Montblanc,104.5,13900.0,89545.0
623,2003.0,Montcada i Reixac,85.3,11400.0,348304.0
624,2003.0,Montgat,94.0,12500.0,110375.0
625,2003.0,Montmeló,87.6,11700.0,102016.0
626,2003.0,Montornès del Vallès,85.1,11300.0,156135.0
627,2003.0,Móra d'Ebre,108.7,14500.0,71027.0
628,2003.0,Navarcles,93.2,12400.0,67913.0
629,2003.0,Navàs,98.7,13100.0,74204.0
630,2003.0,Olesa de Montserrat,88.7,11800.0,237012.0
631,2003.0,Olot,116.2,15500.0,463451.0
632,2003.0,Palafolls,82.3,11000.0,71033.0
633,2003.0,Palafrugell,98.1,13100.0,257820.0
634,2003.0,Palamós,99.0,13200.0,212424.0
635,2003.0,Palau-solità i Plegamans,101.0,13500.0,164285.0
636,2003.0,Pallejà,99.2,13200.0,120917.0
637,2003.0,Parets del Vallès,93.2,12400.0,196652.0
638,2003.0,Piera,79.6,10600.0,118316.0
639,2003.0,Pineda de Mar,81.8,10900.0,252889.0
640,2003.0,Polinyà,86.2,11500.0,65288.0
641,2003.0,"Pont de Suert, el",110.8,14800.0,32325.0
642,2003.0,"Prat de Llobregat, el",82.7,11000.0,696741.0
643,2003.0,Premià de Dalt,127.4,17000.0,163328.0
644,2003.0,Premià de Mar,91.2,12100.0,332743.0
645,2003.0,Puigcerdà,113.5,15100.0,124078.0
646,2003.0,Reus,100.8,13400.0,1282667.0
647,2003.0,Ripoll,114.3,15200.0,163514.0
648,2003.0,Ripollet,83.0,11100.0,365010.0
649,2003.0,Riudoms,105.1,14000.0,77235.0
650,2003.0,"Roca del Vallès, la",96.4,12800.0,109422.0
651,2003.0,Roda de Ter,96.2,12800.0,68728.0
652,2003.0,Roquetes,95.3,12700.0,87979.0
653,2003.0,Roses,96.9,12900.0,189791.0
654,2003.0,Rubí,82.6,11000.0,722593.0
655,2003.0,"Ràpita, la",98.3,13100.0,161662.0
656,2003.0,Sabadell,94.9,12600.0,2430891.0
657,2003.0,Sallent,91.7,12200.0,86802.0
658,2003.0,Salou,98.6,13100.0,231081.0
659,2003.0,Salt,85.2,11300.0,286060.0
660,2003.0,Sant Adrià de Besòs,77.3,10300.0,338442.0
661,2003.0,Sant Andreu de Llavaneres,138.4,18400.0,158168.0
662,2003.0,Sant Andreu de la Barca,81.3,10800.0,254585.0
663,2003.0,Sant Boi de Llobregat,81.0,10800.0,870601.0
664,2003.0,Sant Celoni,89.1,11900.0,166355.0
665,2003.0,Sant Cugat del Vallès,134.1,17900.0,1145552.0
666,2003.0,Sant Esteve Sesrovires,84.1,11200.0,65878.0
667,2003.0,Sant Feliu de Guíxols,100.4,13400.0,261914.0
668,2003.0,Sant Feliu de Llobregat,93.7,12500.0,521185.0
669,2003.0,Sant Fost de Campsentelles,108.9,14500.0,100796.0
670,2003.0,Sant Fruitós de Bages,102.1,13600.0,88649.0
671,2003.0,Sant Hilari Sacalm,106.4,14200.0,76858.0
672,2003.0,Sant Joan Despí,94.3,12600.0,378442.0
673,2003.0,Sant Joan de Vilatorrada,91.2,12200.0,118740.0
674,2003.0,Sant Just Desvern,135.7,18100.0,268570.0
675,2003.0,Sant Pere de Ribes,88.6,11800.0,295269.0
676,2003.0,Sant Quirze del Vallès,115.8,15400.0,234864.0
677,2003.0,Sant Sadurní d'Anoia,99.3,13200.0,143839.0
678,2003.0,Sant Vicenç de Castellet,89.9,12000.0,89062.0
679,2003.0,Sant Vicenç dels Horts,81.2,10800.0,284047.0
680,2003.0,Santa Coloma de Cervelló,91.9,12200.0,78791.0
681,2003.0,Santa Coloma de Farners,107.7,14400.0,141958.0
682,2003.0,Santa Coloma de Gramenet,76.7,10200.0,1188729.0
683,2003.0,Santa Eulàlia de Ronçana,106.7,14200.0,75686.0
684,2003.0,Santa Margarida de Montbui,79.1,10500.0,97709.0
685,2003.0,Santa Margarida i els Monjos,80.5,10700.0,60301.0
686,2003.0,Santa Maria de Palautordera,89.4,11900.0,88208.0
687,2003.0,Santa Perpètua de Mogoda,92.7,12300.0,256163.0
688,2003.0,Santpedor,102.3,13600.0,77919.0
689,2003.0,Sentmenat,91.0,12100.0,79018.0
690,2003.0,"Seu d'Urgell, la",97.9,13000.0,154246.0
691,2003.0,Sitges,111.1,14800.0,339078.0
692,2003.0,Solsona,108.8,14500.0,116322.0
693,2003.0,Sort,142.5,19000.0,37283.0
694,2003.0,"Sénia, la",96.2,12800.0,73502.0
695,2003.0,Súria,91.4,12200.0,75155.0
696,2003.0,Taradell,101.0,13500.0,73925.0
697,2003.0,Tarragona,105.9,14100.0,1726744.0
698,2003.0,Teià,149.5,19900.0,114276.0
699,2003.0,Terrassa,90.2,12000.0,2246658.0
700,2003.0,Tiana,122.6,16300.0,108650.0
701,2003.0,Tona,98.3,13100.0,86515.0
702,2003.0,Tordera,83.7,11200.0,125889.0
703,2003.0,Torelló,96.6,12900.0,162863.0
704,2003.0,Torredembarra,104.9,14000.0,171914.0
705,2003.0,Torroella de Montgrí,103.1,13700.0,131205.0
706,2003.0,Tortosa,102.6,13700.0,431456.0
707,2003.0,Tremp,116.8,15600.0,86273.0
708,2003.0,Tàrrega,118.6,15800.0,218169.0
709,2003.0,Ulldecona,95.3,12700.0,76487.0
710,2003.0,Vallirana,94.2,12600.0,143064.0
711,2003.0,Valls,106.3,14200.0,310888.0
712,2003.0,"Vendrell, el",106.7,14200.0,390725.0
713,2003.0,Vic,97.4,13000.0,466790.0
714,2003.0,Vidreres,95.1,12700.0,71709.0
715,2003.0,Vielha e Mijaran,149.1,19900.0,93231.0
716,2003.0,Vila-seca,89.7,12000.0,175605.0
717,2003.0,Viladecans,82.0,10900.0,652022.0
718,2003.0,Viladecavalls,93.9,12500.0,84329.0
719,2003.0,Vilafranca del Penedès,94.1,12500.0,425148.0
720,2003.0,Vilanova del Camí,78.1,10400.0,114067.0
721,2003.0,Vilanova i la Geltrú,89.9,12000.0,698699.0
722,2003.0,Vilassar de Dalt,116.0,15500.0,121469.0
723,2003.0,Vilassar de Mar,112.0,14900.0,275112.0
724,2004.0,Abrera,86.8,12200.0,117456.0
725,2004.0,Agramunt,104.5,14700.0,77570.0
726,2004.0,Alcanar,92.5,13000.0,118155.0
727,2004.0,Alcarràs,128.5,18100.0,92723.0
728,2004.0,Alella,153.2,21500.0,191349.0
729,2004.0,Almacelles,104.2,14600.0,86979.0
730,2004.0,"Ametlla de Mar, l'",87.6,12300.0,76758.0
731,2004.0,"Ametlla del Vallès, l'",138.3,19400.0,140254.0
732,2004.0,Amposta,98.6,13900.0,255952.0
733,2004.0,Anglès,102.4,14400.0,73994.0
734,2004.0,Arbúcies,98.4,13800.0,81401.0
735,2004.0,Arenys de Mar,97.9,13800.0,187732.0
736,2004.0,Arenys de Munt,99.3,14000.0,101624.0
737,2004.0,Argentona,108.2,15200.0,161704.0
738,2004.0,Badalona,79.0,11100.0,2405349.0
739,2004.0,Badia del Vallès,65.7,9200.0,131856.0
740,2004.0,Balaguer,93.1,13100.0,195165.0
741,2004.0,Banyoles,111.2,15600.0,260566.0
742,2004.0,Barberà del Vallès,88.2,12400.0,340892.0
743,2004.0,Barcelona,114.4,16100.000000000002,25491573.0
744,2004.0,Begues,123.5,17400.0,93339.0
745,2004.0,Berga,96.7,13600.0,216871.0
746,2004.0,Bigues i Riells del Fai,110.3,15500.0,106845.0
747,2004.0,"Bisbal d'Empordà, la",104.6,14700.0,132883.0
748,2004.0,Blanes,92.5,13000.0,469874.0
749,2004.0,"Borges Blanques, les",112.0,15700.0,86091.0
750,2004.0,Cabrils,165.4,23200.0,142237.0
751,2004.0,Calafell,107.8,15200.0,274117.0
752,2004.0,Caldes de Montbui,94.6,13300.0,203696.0
753,2004.0,Calella,86.2,12100.0,199465.0
754,2004.0,Calonge i Sant Antoni,98.6,13900.0,124134.0
755,2004.0,Cambrils,101.6,14300.0,362900.0
756,2004.0,Canet de Mar,92.0,12900.0,158219.0
757,2004.0,Canovelles,76.3,10700.0,153798.0
758,2004.0,Capellades,89.2,12500.0,65468.0
759,2004.0,Cardedeu,107.1,15100.0,222315.0
760,2004.0,Cardona,97.7,13700.0,72118.0
761,2004.0,Cassà de la Selva,107.1,15100.0,127499.0
762,2004.0,"Castell d'Aro, Platja d'Aro i s'Agaró",108.4,15200.0,134892.0
763,2004.0,Castellar del Vallès,102.7,14400.0,287909.0
764,2004.0,Castellbisbal,92.8,13000.0,138265.0
765,2004.0,Castelldefels,96.3,13500.0,748554.0
766,2004.0,Castelló d'Empúries,88.8,12500.0,105772.0
767,2004.0,Centelles,98.9,13900.0,88969.0
768,2004.0,Cerdanyola del Vallès,97.7,13700.0,777094.0
769,2004.0,Cervelló,96.3,13500.0,96928.0
770,2004.0,Cervera,96.1,13500.0,118258.0
771,2004.0,Constantí,77.8,10900.0,60519.0
772,2004.0,Corbera de Llobregat,107.9,15200.0,176704.0
773,2004.0,Cornellà de Llobregat,80.8,11400.0,950827.0
774,2004.0,Cubelles,86.0,12100.0,121882.0
775,2004.0,Cunit,95.2,13400.0,114367.0
776,2004.0,Deltebre,98.1,13800.0,149593.0
777,2004.0,"Escala, l'",108.8,15300.0,120568.0
778,2004.0,Esparreguera,84.9,11900.0,244071.0
779,2004.0,Esplugues de Llobregat,99.5,14000.0,646126.0
780,2004.0,Falset,95.4,13400.0,35419.0
781,2004.0,Figueres,105.6,14800.0,563167.0
782,2004.0,"Franqueses del Vallès, les",89.8,12600.0,188913.0
783,2004.0,Gandesa,101.1,14200.0,41976.0
784,2004.0,"Garriga, la",107.0,15000.0,198423.0
785,2004.0,Gavà,88.9,12500.0,546538.0
786,2004.0,Gelida,97.0,13600.0,75036.0
787,2004.0,Girona,125.7,17700.0,1503476.0
788,2004.0,Granollers,95.5,13400.0,766543.0
789,2004.0,"Hospitalet de Llobregat, l'",79.9,11200.0,2826591.0
790,2004.0,Igualada,102.4,14400.0,511637.0
791,2004.0,"Llagosta, la",75.9,10700.0,140873.0
792,2004.0,Llagostera,96.3,13500.0,89512.0
793,2004.0,Lleida,108.7,15300.0,1867678.0
794,2004.0,Llinars del Vallès,92.8,13000.0,104368.0
795,2004.0,Lliçà d'Amunt,94.3,13300.0,161968.0
796,2004.0,Lliçà de Vall,107.0,15000.0,86579.0
797,2004.0,Lloret de Mar,92.1,12900.0,362486.0
798,2004.0,Malgrat de Mar,86.3,12100.0,200006.0
799,2004.0,Manlleu,90.2,12700.0,242367.0
800,2004.0,Manresa,99.3,14000.0,968983.0
801,2004.0,Martorell,84.1,11800.0,299883.0
802,2004.0,"Masnou, el",115.6,16200.0,346375.0
803,2004.0,Masquefa,83.7,11800.0,80827.0
804,2004.0,Matadepera,195.1,27400.0,214856.0
805,2004.0,Mataró,83.3,11700.0,1351173.0
806,2004.0,Molins de Rei,102.8,14400.0,329191.0
807,2004.0,Mollerussa,100.7,14200.0,162170.0
808,2004.0,Mollet del Vallès,81.7,11500.0,584831.0
809,2004.0,Mont-roig del Camp,97.6,13700.0,117316.0
810,2004.0,Montblanc,102.6,14400.0,94521.0
811,2004.0,Montcada i Reixac,84.5,11900.0,372166.0
812,2004.0,Montgat,97.1,13700.0,122551.0
813,2004.0,Montmeló,84.6,11900.0,104168.0
814,2004.0,Montornès del Vallès,80.5,11300.0,159765.0
815,2004.0,Móra d'Ebre,108.3,15200.0,75847.0
816,2004.0,Navarcles,91.9,12900.0,71935.0
817,2004.0,Navàs,97.9,13800.0,78337.0
818,2004.0,Olesa de Montserrat,88.2,12400.0,256615.0
819,2004.0,Olot,109.0,15300.0,471567.0
820,2004.0,Palafolls,82.8,11600.0,79850.0
821,2004.0,Palafrugell,94.4,13300.0,267353.0
822,2004.0,Palamós,96.5,13600.0,223972.0
823,2004.0,Palau-solità i Plegamans,101.6,14300.0,180787.0
824,2004.0,Pallejà,97.3,13700.0,136272.0
825,2004.0,Parets del Vallès,91.5,12900.0,206410.0
826,2004.0,Piera,79.1,11100.0,131574.0
827,2004.0,Pineda de Mar,82.1,11500.0,278363.0
828,2004.0,Polinyà,86.0,12100.0,74190.0
829,2004.0,"Pont de Suert, el",111.4,15700.0,35373.0
830,2004.0,"Prat de Llobregat, el",79.7,11200.0,707931.0
831,2004.0,Premià de Dalt,133.1,18700.0,182125.0
832,2004.0,Premià de Mar,92.6,13000.0,358701.0
833,2004.0,Puigcerdà,107.4,15100.0,129851.0
834,2004.0,Reus,99.1,13900.0,1365971.0
835,2004.0,Ripoll,110.1,15500.0,166218.0
836,2004.0,Ripollet,80.3,11300.0,385627.0
837,2004.0,Riudoms,100.2,14100.0,79794.0
838,2004.0,"Roca del Vallès, la",99.4,14000.0,123085.0
839,2004.0,Roda de Ter,91.4,12800.0,69449.0
840,2004.0,Roquetes,88.2,12400.0,88332.0
841,2004.0,Roses,94.7,13300.0,201132.0
842,2004.0,Rubí,81.1,11400.0,766666.0
843,2004.0,"Ràpita, la",95.7,13400.0,173333.0
844,2004.0,Sabadell,93.9,13200.0,2574625.0
845,2004.0,Sallent,92.0,12900.0,91754.0
846,2004.0,Salou,95.2,13400.0,256657.0
847,2004.0,Salt,78.6,11000.0,294140.0
848,2004.0,Sant Adrià de Besòs,74.6,10500.0,345128.0
849,2004.0,Sant Andreu de Llavaneres,142.1,20000.0,178545.0
850,2004.0,Sant Andreu de la Barca,79.8,11200.0,272254.0
851,2004.0,Sant Boi de Llobregat,78.9,11100.0,896653.0
852,2004.0,Sant Celoni,89.4,12600.0,184393.0
853,2004.0,Sant Cugat del Vallès,141.8,19900.0,1350922.0
854,2004.0,Sant Esteve Sesrovires,87.8,12300.0,75780.0
855,2004.0,Sant Feliu de Codines,95.0,13300.0,68795.0
856,2004.0,Sant Feliu de Guíxols,97.8,13700.0,275003.0
857,2004.0,Sant Feliu de Llobregat,93.4,13100.0,552548.0
858,2004.0,Sant Fost de Campsentelles,111.3,15600.0,111863.0
859,2004.0,Sant Fruitós de Bages,106.4,14900.0,101157.0
860,2004.0,Sant Hilari Sacalm,103.2,14500.0,79308.0
861,2004.0,Sant Joan Despí,95.7,13500.0,412966.0
862,2004.0,Sant Joan de Vilatorrada,89.4,12600.0,125117.0
863,2004.0,Sant Just Desvern,145.3,20400.0,308143.0
864,2004.0,Sant Pere de Ribes,90.2,12700.0,325599.0
865,2004.0,Sant Quirze del Vallès,124.6,17500.0,282824.0
866,2004.0,Sant Sadurní d'Anoia,100.7,14100.0,158405.0
867,2004.0,Sant Vicenç de Castellet,85.9,12100.0,92167.0
868,2004.0,Sant Vicenç dels Horts,77.4,10900.0,289249.0
869,2004.0,Santa Coloma de Cervelló,96.3,13500.0,92128.0
870,2004.0,Santa Coloma de Farners,104.6,14700.0,151357.0
871,2004.0,Santa Coloma de Gramenet,74.1,10400.0,1221475.0
872,2004.0,Santa Eulàlia de Ronçana,109.4,15400.0,86725.0
873,2004.0,Santa Margarida de Montbui,72.6,10200.0,95781.0
874,2004.0,Santa Margarida i els Monjos,81.0,11400.0,66184.0
875,2004.0,Santa Maria de Palautordera,89.6,12600.0,96077.0
876,2004.0,Santa Perpètua de Mogoda,92.2,13000.0,273783.0
877,2004.0,Santpedor,103.4,14500.0,86215.0
878,2004.0,Sentmenat,90.1,12700.0,86184.0
879,2004.0,"Seu d'Urgell, la",98.9,13900.0,168432.0
880,2004.0,Sitges,116.3,16300.0,389194.0
881,2004.0,Solsona,102.6,14400.0,120433.0
882,2004.0,Sort,139.9,19700.0,40468.0
883,2004.0,"Sénia, la",93.7,13200.0,77069.0
884,2004.0,Súria,91.7,12900.0,79841.0
885,2004.0,Taradell,98.5,13800.0,77042.0
886,2004.0,Tarragona,105.8,14900.0,1871043.0
887,2004.0,Teià,161.6,22700.0,131540.0
888,2004.0,Terrassa,90.0,12600.0,2428531.0
889,2004.0,Tiana,134.8,18900.0,131368.0
890,2004.0,Tona,94.7,13300.0,91499.0
891,2004.0,Tordera,83.4,11700.0,142538.0
892,2004.0,Torelló,93.4,13100.0,169180.0
893,2004.0,Torredembarra,103.3,14500.0,186877.0
894,2004.0,Torroella de Montgrí,98.8,13900.0,138377.0
895,2004.0,Tortosa,102.8,14400.0,474537.0
896,2004.0,Tossa de Mar,113.3,15900.0,81694.0
897,2004.0,Tremp,113.7,16000.0,86765.0
898,2004.0,Tàrrega,112.4,15800.0,227517.0
899,2004.0,Ulldecona,94.4,13300.0,82107.0
900,2004.0,Vallirana,95.1,13400.0,160521.0
901,2004.0,Valls,101.7,14300.0,322067.0
902,2004.0,"Vendrell, el",103.5,14500.0,424420.0
903,2004.0,Vic,93.8,13200.0,490536.0
904,2004.0,Vidreres,94.7,13300.0,79678.0
905,2004.0,Vielha e Mijaran,137.4,19300.0,95179.0
906,2004.0,Vila-seca,87.6,12300.0,189925.0
907,2004.0,Viladecans,80.0,11200.0,680996.0
908,2004.0,Viladecavalls,94.5,13300.0,91165.0
909,2004.0,Vilafranca del Penedès,95.6,13400.0,472076.0
910,2004.0,Vilanova del Camí,73.5,10300.0,117178.0
911,2004.0,Vilanova i la Geltrú,91.5,12900.0,777120.0
912,2004.0,Vilassar de Dalt,122.6,17200.0,137078.0
913,2004.0,Vilassar de Mar,117.2,16500.0,308399.0
914,2005.0,Abrera,88.2,13200.0,132051.0
915,2005.0,Agramunt,97.8,14600.0,78794.0
916,2005.0,Alcanar,89.9,13400.0,126851.0
917,2005.0,Alcarràs,118.6,17700.0,99029.0
918,2005.0,Alella,158.3,23600.0,211684.0
919,2005.0,Almacelles,96.9,14400.0,87679.0
920,2005.0,"Ametlla de Mar, l'",84.4,12600.0,82883.0
921,2005.0,"Ametlla del Vallès, l'",145.5,21700.0,160840.0
922,2005.0,Amposta,99.5,14800.0,280575.0
923,2005.0,Anglès,97.2,14500.0,75312.0
924,2005.0,Arbúcies,95.3,14200.0,86913.0
925,2005.0,Arenys de Mar,100.8,15000.0,209459.0
926,2005.0,Arenys de Munt,102.5,15300.0,115210.0
927,2005.0,Argentona,111.0,16500.0,182250.0
928,2005.0,Badalona,79.2,11800.0,2596466.0
929,2005.0,Badia del Vallès,64.7,9600.0,136674.0
930,2005.0,Balaguer,86.4,12900.0,199851.0
931,2005.0,Banyoles,109.5,16300.0,279289.0
932,2005.0,Barberà del Vallès,89.0,13300.0,374339.0
933,2005.0,Barcelona,115.3,17200.0,27484261.0
934,2005.0,Begues,130.2,19400.0,108311.0
935,2005.0,Berga,98.1,14600.0,238633.0
936,2005.0,Bigues i Riells del Fai,111.8,16700.0,122603.0
937,2005.0,"Bisbal d'Empordà, la",105.3,15700.0,144789.0
938,2005.0,Blanes,92.7,13800.0,514660.0
939,2005.0,"Borges Blanques, les",103.1,15400.0,85424.0
940,2005.0,Cabrils,173.8,25900.0,165383.0
941,2005.0,Calafell,105.8,15800.0,310648.0
942,2005.0,Caldes de Malavella,102.3,15200.0,83458.0
943,2005.0,Caldes de Montbui,95.9,14300.0,224931.0
944,2005.0,Calella,87.2,13000.0,224825.0
945,2005.0,Calonge i Sant Antoni,100.7,15000.0,139656.0
946,2005.0,Cambrils,97.8,14600.0,394090.0
947,2005.0,Canet de Mar,94.3,14000.0,176969.0
948,2005.0,Canovelles,76.4,11400.0,168882.0
949,2005.0,Capellades,91.1,13600.0,72504.0
950,2005.0,Cardedeu,108.3,16100.000000000002,246805.0
951,2005.0,Cardona,99.8,14900.0,77790.0
952,2005.0,Cassà de la Selva,106.7,15900.0,138212.0
953,2005.0,"Castell d'Aro, Platja d'Aro i s'Agaró",105.3,15700.0,149081.0
954,2005.0,Castellar del Vallès,104.9,15600.0,326593.0
955,2005.0,Castellbisbal,93.2,13900.0,153567.0
956,2005.0,Castelldefels,97.6,14500.0,839017.0
957,2005.0,Castelló d'Empúries,86.1,12800.0,123065.0
958,2005.0,Centelles,101.5,15100.0,99509.0
959,2005.0,Cerdanyola del Vallès,98.4,14700.0,843996.0
960,2005.0,Cervelló,95.9,14300.0,107315.0
961,2005.0,Cervera,87.2,13000.0,118540.0
962,2005.0,Constantí,74.4,11100.0,63345.0
963,2005.0,Corbera de Llobregat,108.9,16200.0,201472.0
964,2005.0,Cornellà de Llobregat,79.7,11900.0,999629.0
965,2005.0,Cubelles,93.0,13900.0,155633.0
966,2005.0,Cunit,92.0,13700.0,130654.0
967,2005.0,Deltebre,99.6,14800.0,161422.0
968,2005.0,"Escala, l'",106.2,15800.0,135408.0
969,2005.0,Esparreguera,86.1,12800.0,268784.0
970,2005.0,Esplugues de Llobregat,99.6,14800.0,692527.0
971,2005.0,Falset,98.3,14700.0,39378.0
972,2005.0,Figueres,103.8,15500.0,607548.0
973,2005.0,"Franqueses del Vallès, les",92.5,13800.0,213733.0
974,2005.0,Gandesa,95.2,14200.0,43387.0
975,2005.0,"Garriga, la",107.3,16000.0,219176.0
976,2005.0,Gavà,90.6,13500.0,599312.0
977,2005.0,Gelida,99.1,14800.0,85875.0
978,2005.0,Girona,121.7,18100.0,1601085.0
979,2005.0,Granollers,94.9,14100.0,825763.0
980,2005.0,"Hospitalet de Llobregat, l'",79.1,11800.0,2954410.0
981,2005.0,Igualada,104.7,15600.0,567705.0
982,2005.0,"Llagosta, la",74.4,11100.0,150333.0
983,2005.0,Llagostera,96.5,14400.0,99363.0
984,2005.0,Lleida,98.8,14700.0,1842613.0
985,2005.0,Llinars del Vallès,97.6,14500.0,120597.0
986,2005.0,Lliçà d'Amunt,94.9,14100.0,179470.0
987,2005.0,Lliçà de Vall,113.1,16800.0,99867.0
988,2005.0,Lloret de Mar,92.0,13700.0,426114.0
989,2005.0,Malgrat de Mar,86.7,12900.0,221978.0
990,2005.0,Manlleu,89.3,13300.0,262464.0
991,2005.0,Manresa,100.4,15000.0,1062857.0
992,2005.0,Martorell,84.5,12600.0,326808.0
993,2005.0,"Masnou, el",118.3,17600.0,381732.0
994,2005.0,Masquefa,87.9,13100.0,94888.0
995,2005.0,Matadepera,192.9,28700.0,231865.0
996,2005.0,Mataró,85.8,12800.0,1505243.0
997,2005.0,Maçanet de la Selva,82.2,12300.0,67787.0
998,2005.0,Moià,97.2,14500.0,76337.0
999,2005.0,Molins de Rei,104.9,15600.0,362838.0
1000,2005.0,Mollerussa,91.6,13600.0,166480.0
1001,2005.0,Mollet del Vallès,81.9,12200.0,628478.0
1002,2005.0,Mont-roig del Camp,93.5,13900.0,127879.0
1003,2005.0,Montblanc,99.6,14800.0,99468.0
1004,2005.0,Montcada i Reixac,86.5,12900.0,411676.0
1005,2005.0,Montgat,101.9,15200.0,140773.0
1006,2005.0,Montmeló,84.5,12600.0,111642.0
1007,2005.0,Montornès del Vallès,83.5,12400.0,178609.0
1008,2005.0,Móra d'Ebre,104.0,15500.0,78331.0
1009,2005.0,Navarcles,94.3,14100.0,79847.0
1010,2005.0,Navàs,100.3,14900.0,86269.0
1011,2005.0,Olesa de Montserrat,90.0,13400.0,287224.0
1012,2005.0,Olot,105.7,15800.0,497851.0
1013,2005.0,Palafolls,83.7,12500.0,91602.0
1014,2005.0,Palafrugell,92.5,13800.0,288310.0
1015,2005.0,Palamós,95.5,14200.0,242138.0
1016,2005.0,Palau-solità i Plegamans,102.2,15200.0,199119.0
1017,2005.0,Pallejà,98.5,14700.0,152070.0
1018,2005.0,Parets del Vallès,93.9,14000.0,228265.0
1019,2005.0,Piera,81.5,12100.0,152924.0
1020,2005.0,Pineda de Mar,84.1,12500.0,314416.0
1021,2005.0,Polinyà,86.8,12900.0,85322.0
1022,2005.0,"Pont de Suert, el",106.4,15900.0,36674.0
1023,2005.0,"Prat de Llobregat, el",81.0,12100.0,762421.0
1024,2005.0,Premià de Dalt,137.9,20600.0,202019.0
1025,2005.0,Premià de Mar,95.3,14200.0,393970.0
1026,2005.0,Puigcerdà,109.6,16300.0,144530.0
1027,2005.0,Reus,97.2,14500.0,1458278.0
1028,2005.0,Ripoll,109.6,16300.0,176361.0
1029,2005.0,Ripollet,81.6,12200.0,426344.0
1030,2005.0,Riudoms,99.5,14800.0,86610.0
1031,2005.0,"Roca del Vallès, la",100.6,15000.0,137636.0
1032,2005.0,Roda de Ter,92.6,13800.0,75820.0
1033,2005.0,Roquetes,87.8,13100.0,96018.0
1034,2005.0,Roses,92.1,13700.0,224472.0
1035,2005.0,Rubí,82.8,12300.0,851860.0
1036,2005.0,"Ràpita, la",94.5,14100.0,187837.0
1037,2005.0,Sabadell,94.6,14100.0,2801261.0
1038,2005.0,Sallent,93.0,13900.0,98667.0
1039,2005.0,Salou,90.8,13500.0,286331.0
1040,2005.0,Salt,77.4,11500.0,319408.0
1041,2005.0,Sant Adrià de Besòs,75.3,11200.0,367491.0
1042,2005.0,Sant Andreu de Llavaneres,142.7,21300.0,198240.0
1043,2005.0,Sant Andreu de la Barca,80.6,12000.0,301889.0
1044,2005.0,Sant Boi de Llobregat,80.0,11900.0,968325.0
1045,2005.0,Sant Celoni,89.4,13300.0,203958.0
1046,2005.0,Sant Cugat del Vallès,138.4,20600.0,1488407.0
1047,2005.0,Sant Esteve Sesrovires,88.0,13100.0,84546.0
1048,2005.0,Sant Feliu de Codines,96.5,14400.0,76925.0
1049,2005.0,Sant Feliu de Guíxols,96.5,14400.0,296256.0
1050,2005.0,Sant Feliu de Llobregat,94.0,14000.0,593447.0
1051,2005.0,Sant Fost de Campsentelles,114.4,17000.0,125091.0
1052,2005.0,Sant Fruitós de Bages,110.4,16500.0,115505.0
1053,2005.0,Sant Hilari Sacalm,102.7,15300.0,83105.0
1054,2005.0,Sant Joan Despí,96.7,14400.0,451357.0
1055,2005.0,Sant Joan de Vilatorrada,89.8,13400.0,136733.0
1056,2005.0,Sant Just Desvern,143.7,21400.0,327731.0
1057,2005.0,Sant Pere de Ribes,92.0,13700.0,363240.0
1058,2005.0,Sant Quirze del Vallès,125.3,18700.0,314790.0
1059,2005.0,Sant Sadurní d'Anoia,103.0,15400.0,176410.0
1060,2005.0,Sant Vicenç de Castellet,89.3,13300.0,103603.0
1061,2005.0,Sant Vicenç dels Horts,78.5,11700.0,314217.0
1062,2005.0,Santa Coloma de Cervelló,98.2,14600.0,104457.0
1063,2005.0,Santa Coloma de Farners,103.8,15500.0,163368.0
1064,2005.0,Santa Coloma de Gramenet,74.4,11100.0,1315547.0
1065,2005.0,Santa Eulàlia de Ronçana,107.0,15900.0,95026.0
1066,2005.0,Santa Margarida de Montbui,73.6,11000.0,105353.0
1067,2005.0,Santa Margarida i els Monjos,84.3,12600.0,76340.0
1068,2005.0,Santa Maria de Palautordera,92.1,13700.0,108860.0
1069,2005.0,Santa Perpètua de Mogoda,94.4,14100.0,302691.0
1070,2005.0,Santpedor,106.6,15900.0,97674.0
1071,2005.0,Sentmenat,92.9,13800.0,98280.0
1072,2005.0,"Seu d'Urgell, la",95.7,14300.0,177129.0
1073,2005.0,Sitges,117.2,17500.0,437464.0
1074,2005.0,Solsona,95.0,14200.0,123158.0
1075,2005.0,Sort,136.9,20400.0,44381.0
1076,2005.0,"Sénia, la",91.6,13700.0,81526.0
1077,2005.0,Súria,93.1,13900.0,86657.0
1078,2005.0,Taradell,100.5,15000.0,85173.0
1079,2005.0,Tarragona,102.1,15200.0,1971952.0
1080,2005.0,Teià,161.8,24100.0,141058.0
1081,2005.0,Terrassa,91.3,13600.0,2686018.0
1082,2005.0,Tiana,135.6,20200.0,145288.0
1083,2005.0,Tona,95.6,14200.0,102231.0
1084,2005.0,Tordera,84.3,12600.0,163347.0
1085,2005.0,Torelló,94.4,14100.0,184775.0
1086,2005.0,Torredembarra,101.8,15200.0,207315.0
1087,2005.0,Torroella de Montgrí,97.7,14600.0,151457.0
1088,2005.0,Tortosa,102.0,15200.0,516388.0
1089,2005.0,Tossa de Mar,109.5,16300.0,87093.0
1090,2005.0,Tremp,117.7,17500.0,93713.0
1091,2005.0,Tàrrega,106.2,15800.0,237051.0
1092,2005.0,Ulldecona,96.6,14400.0,90316.0
1093,2005.0,Vallirana,97.4,14500.0,183323.0
1094,2005.0,Valls,101.0,15100.0,347543.0
1095,2005.0,Vandellòs i l'Hospitalet de l'Infant,90.6,13500.0,68439.0
1096,2005.0,"Vendrell, el",101.7,15200.0,470999.0
1097,2005.0,Vic,95.2,14200.0,543190.0
1098,2005.0,Vidreres,94.6,14100.0,90821.0
1099,2005.0,Vielha e Mijaran,129.5,19300.0,98991.0
1100,2005.0,Vila-seca,85.6,12800.0,211566.0
1101,2005.0,Viladecans,82.4,12300.0,750523.0
1102,2005.0,Viladecavalls,96.8,14400.0,100442.0
1103,2005.0,Vilafranca del Penedès,96.7,14400.0,522494.0
1104,2005.0,Vilanova del Camí,73.9,11000.0,129843.0
1105,2005.0,Vilanova i la Geltrú,92.7,13800.0,858086.0
1106,2005.0,Vilassar de Dalt,126.5,18900.0,154073.0
1107,2005.0,Vilassar de Mar,119.7,17800.0,338422.0
1108,2006.0,Abrera,86.7,13600.0,142922.0
1109,2006.0,Agramunt,101.1,15800.0,85894.0
1110,2006.0,Alcanar,89.8,14000.0,137472.0
1111,2006.0,Alcarràs,110.9,17300.0,107886.0
1112,2006.0,Alella,163.4,25600.0,230093.0
1113,2006.0,Almacelles,100.2,15700.0,95486.0
1114,2006.0,Alpicat,121.7,19000.0,104488.0
1115,2006.0,"Ametlla de Mar, l'",85.9,13400.0,92810.0
1116,2006.0,"Ametlla del Vallès, l'",145.3,22700.0,172134.0
1117,2006.0,Amposta,100.2,15700.0,304944.0
1118,2006.0,Anglès,98.4,15400.0,80703.0
1119,2006.0,Arbúcies,97.5,15200.0,95306.0
1120,2006.0,Arenys de Mar,101.6,15900.0,223882.0
1121,2006.0,Arenys de Munt,103.8,16200.0,126060.0
1122,2006.0,Argentona,112.4,17600.0,198257.0
1123,2006.0,Artés,89.7,14000.0,71910.0
1124,2006.0,Badalona,79.8,12500.0,2731191.0
1125,2006.0,Badia del Vallès,65.0,10200.0,142870.0
1126,2006.0,Balaguer,89.2,14000.0,219654.0
1127,2006.0,Banyoles,114.3,17900.0,310647.0
1128,2006.0,Barberà del Vallès,89.0,13900.0,402519.0
1129,2006.0,Barcelona,114.5,17900.0,28637982.0
1130,2006.0,Begues,126.9,19800.0,115000.0
1131,2006.0,Berga,99.1,15500.0,255969.0
1132,2006.0,Bigues i Riells del Fai,111.5,17400.0,133950.0
1133,2006.0,"Bisbal d'Empordà, la",110.1,17200.0,162446.0
1134,2006.0,Blanes,91.6,14300.0,545527.0
1135,2006.0,"Borges Blanques, les",105.1,16400.0,92967.0
1136,2006.0,Cabrils,174.2,27200.0,180196.0
1137,2006.0,Calafell,103.7,16200.0,343723.0
1138,2006.0,Caldes de Malavella,102.9,16100.000000000002,94486.0
1139,2006.0,Caldes de Montbui,95.7,15000.0,240181.0
1140,2006.0,Calella,87.7,13700.0,244788.0
1141,2006.0,Calonge i Sant Antoni,102.9,16100.000000000002,156576.0
1142,2006.0,Cambrils,96.5,15100.0,429598.0
1143,2006.0,Canet de Mar,96.7,15100.0,196076.0
1144,2006.0,Canovelles,75.0,11700.0,180122.0
1145,2006.0,Capellades,89.6,14000.0,75440.0
1146,2006.0,Cardedeu,106.7,16700.0,261292.0
1147,2006.0,Cardona,101.8,15900.0,82697.0
1148,2006.0,Cassà de la Selva,111.3,17400.0,154751.0
1149,2006.0,"Castell d'Aro, Platja d'Aro i s'Agaró",109.7,17200.0,167620.0
1150,2006.0,Castellar del Vallès,104.4,16300.0,353702.0
1151,2006.0,Castellbisbal,93.7,14600.0,167075.0
1152,2006.0,Castelldefels,97.3,15200.0,894383.0
1153,2006.0,Castelló d'Empúries,87.8,13700.0,141775.0
1154,2006.0,Centelles,99.7,15600.0,105801.0
1155,2006.0,Cerdanyola del Vallès,97.6,15300.0,882947.0
1156,2006.0,Cervelló,91.7,14300.0,111975.0
1157,2006.0,Cervera,91.5,14300.0,131321.0
1158,2006.0,Constantí,73.6,11500.0,69040.0
1159,2006.0,Corbera de Llobregat,108.3,16900.0,219540.0
1160,2006.0,Cornellà de Llobregat,78.6,12300.0,1037041.0
1161,2006.0,Cubelles,90.6,14200.0,174323.0
1162,2006.0,Cunit,88.6,13900.0,146365.0
1163,2006.0,Deltebre,100.7,15800.0,172280.0
1164,2006.0,"Escala, l'",106.3,16600.0,150829.0
1165,2006.0,Esparreguera,85.1,13300.0,281954.0
1166,2006.0,Esplugues de Llobregat,99.6,15600.0,724569.0
1167,2006.0,Falset,99.9,15600.0,42632.0
1168,2006.0,Figueres,106.2,16600.0,670854.0
1169,2006.0,"Franqueses del Vallès, les",91.7,14300.0,230460.0
1170,2006.0,Gandesa,97.6,15300.0,46778.0
1171,2006.0,"Garriga, la",109.0,17000.0,239714.0
1172,2006.0,Gavà,89.9,14000.0,626662.0
1173,2006.0,Gelida,99.4,15500.0,94199.0
1174,2006.0,Girona,122.9,19200.0,1748945.0
1175,2006.0,Granollers,93.7,14600.0,862708.0
1176,2006.0,Guissona,86.6,13500.0,70224.0
1177,2006.0,"Hospitalet de Llobregat, l'",78.8,12300.0,3081899.0
1178,2006.0,Igualada,104.9,16400.0,604737.0
1179,2006.0,"Llagosta, la",73.6,11500.0,156523.0
1180,2006.0,Llagostera,98.4,15400.0,110583.0
1181,2006.0,Lleida,102.1,16000.0,2014769.0
1182,2006.0,Llinars del Vallès,98.2,15400.0,130551.0
1183,2006.0,Lliçà d'Amunt,92.9,14500.0,191857.0
1184,2006.0,Lliçà de Vall,109.7,17100.0,103917.0
1185,2006.0,Lloret de Mar,92.2,14400.0,488696.0
1186,2006.0,Malgrat de Mar,87.7,13700.0,242508.0
1187,2006.0,Manlleu,87.2,13600.0,273283.0
1188,2006.0,Manresa,99.7,15600.0,1129257.0
1189,2006.0,Martorell,83.4,13000.0,339097.0
1190,2006.0,"Masnou, el",117.6,18400.0,402494.0
1191,2006.0,Masquefa,86.9,13600.0,103054.0
1192,2006.0,Matadepera,194.5,30400.0,249904.0
1193,2006.0,Mataró,86.7,13500.0,1610912.0
1194,2006.0,Maçanet de la Selva,81.7,12800.0,76443.0
1195,2006.0,Moià,99.3,15500.0,84523.0
1196,2006.0,Molins de Rei,103.9,16300.0,381198.0
1197,2006.0,Mollerussa,93.1,14600.0,186367.0
1198,2006.0,Mollet del Vallès,82.7,12900.0,666172.0
1199,2006.0,Mont-roig del Camp,94.6,14800.0,146043.0
1200,2006.0,Montblanc,101.1,15800.0,107358.0
1201,2006.0,Montcada i Reixac,86.7,13600.0,435644.0
1202,2006.0,Montgat,100.2,15700.0,150436.0
1203,2006.0,Montmeló,83.9,13100.0,116734.0
1204,2006.0,Montornès del Vallès,79.5,12400.0,181649.0
1205,2006.0,Móra d'Ebre,104.8,16400.0,84602.0
1206,2006.0,Navarcles,93.8,14700.0,83976.0
1207,2006.0,Navàs,101.3,15800.0,93240.0
1208,2006.0,Olesa de Montserrat,89.3,14000.0,306862.0
1209,2006.0,Olot,108.0,16900.0,542539.0
1210,2006.0,Palafolls,82.5,12900.0,100843.0
1211,2006.0,Palafrugell,93.8,14700.0,313147.0
1212,2006.0,Palamós,99.8,15600.0,269990.0
1213,2006.0,Palau-solità i Plegamans,101.9,15900.0,214333.0
1214,2006.0,Pallejà,96.7,15100.0,161493.0
1215,2006.0,Parets del Vallès,93.8,14700.0,242870.0
1216,2006.0,Piera,81.8,12800.0,170030.0
1217,2006.0,Pineda de Mar,84.4,13200.0,337000.0
1218,2006.0,Polinyà,88.1,13800.0,95546.0
1219,2006.0,"Pont de Suert, el",106.6,16700.0,39372.0
1220,2006.0,"Prat de Llobregat, el",81.2,12700.0,797633.0
1221,2006.0,Premià de Dalt,135.9,21300.0,209113.0
1222,2006.0,Premià de Mar,94.9,14800.0,411243.0
1223,2006.0,Puigcerdà,112.8,17600.0,157191.0
1224,2006.0,Reus,96.7,15100.0,1562303.0
1225,2006.0,Ripoll,111.6,17500.0,189446.0
1226,2006.0,Ripollet,82.2,12900.0,456949.0
1227,2006.0,Riudoms,99.0,15500.0,93474.0
1228,2006.0,"Roca del Vallès, la",101.1,15800.0,150803.0
1229,2006.0,Roda de Berà,95.1,14900.0,80126.0
1230,2006.0,Roda de Ter,93.7,14600.0,82052.0
1231,2006.0,Roquetes,86.9,13600.0,102795.0
1232,2006.0,Roses,90.8,14200.0,250767.0
1233,2006.0,Rubí,83.5,13000.0,916663.0
1234,2006.0,"Ràpita, la",93.8,14700.0,203401.0
1235,2006.0,Sabadell,94.3,14700.0,2964723.0
1236,2006.0,Sallent,94.1,14700.0,104639.0
1237,2006.0,Salou,90.4,14100.0,322054.0
1238,2006.0,Salt,75.6,11800.0,329233.0
1239,2006.0,Sant Adrià de Besòs,76.1,11900.0,388351.0
1240,2006.0,Sant Andreu de Llavaneres,140.5,22000.0,211011.0
1241,2006.0,Sant Andreu de la Barca,79.8,12500.0,318992.0
1242,2006.0,Sant Boi de Llobregat,80.1,12500.0,1015159.0
1243,2006.0,Sant Celoni,90.0,14100.0,221825.0
1244,2006.0,Sant Cugat del Vallès,136.0,21300.0,1574435.0
1245,2006.0,Sant Esteve Sesrovires,86.8,13600.0,90210.0
1246,2006.0,Sant Feliu de Codines,97.4,15200.0,83084.0
1247,2006.0,Sant Feliu de Guíxols,100.7,15700.0,330875.0
1248,2006.0,Sant Feliu de Llobregat,93.8,14700.0,621750.0
1249,2006.0,Sant Fost de Campsentelles,112.0,17500.0,131856.0
1250,2006.0,Sant Fruitós de Bages,108.4,17000.0,124137.0
1251,2006.0,Sant Hilari Sacalm,102.5,16000.0,87447.0
1252,2006.0,Sant Joan Despí,96.6,15100.0,476755.0
1253,2006.0,Sant Joan de Vilatorrada,89.1,13900.0,145059.0
1254,2006.0,Sant Just Desvern,143.9,22500.0,345448.0
1255,2006.0,Sant Pere de Ribes,91.8,14400.0,390183.0
1256,2006.0,Sant Quirze del Vallès,122.1,19100.0,333746.0
1257,2006.0,Sant Sadurní d'Anoia,103.6,16200.0,189546.0
1258,2006.0,Sant Vicenç de Castellet,91.2,14300.0,113558.0
1259,2006.0,Sant Vicenç de Montalt,149.2,23300.0,121235.0
1260,2006.0,Sant Vicenç dels Horts,78.8,12300.0,333399.0
1261,2006.0,Santa Coloma de Cervelló,97.4,15200.0,112840.0
1262,2006.0,Santa Coloma de Farners,103.5,16200.0,175245.0
1263,2006.0,Santa Coloma de Gramenet,74.4,11600.0,1371140.0
1264,2006.0,Santa Eulàlia de Ronçana,107.6,16800.0,105728.0
1265,2006.0,Santa Margarida de Montbui,73.7,11500.0,112533.0
1266,2006.0,Santa Margarida i els Monjos,84.7,13200.0,83938.0
1267,2006.0,Santa Maria de Palautordera,91.4,14300.0,116650.0
1268,2006.0,Santa Perpètua de Mogoda,92.0,14400.0,324279.0
1269,2006.0,Santpedor,104.5,16300.0,104767.0
1270,2006.0,Sentmenat,92.9,14500.0,105882.0
1271,2006.0,"Seu d'Urgell, la",96.1,15000.0,189101.0
1272,2006.0,Sitges,116.0,18100.0,470217.0
1273,2006.0,Solsona,97.4,15200.0,135356.0
1274,2006.0,Sort,139.0,21700.0,48792.0
1275,2006.0,"Sénia, la",94.4,14800.0,89147.0
1276,2006.0,Súria,93.4,14600.0,92414.0
1277,2006.0,Taradell,101.2,15800.0,92031.0
1278,2006.0,Tarragona,101.8,15900.0,2111528.0
1279,2006.0,Teià,159.8,25000.0,147904.0
1280,2006.0,Terrassa,90.8,14200.0,2853720.0
1281,2006.0,Tiana,133.2,20800.0,153271.0
1282,2006.0,Tona,94.6,14800.0,110220.0
1283,2006.0,Tordera,84.0,13100.0,180136.0
1284,2006.0,Torelló,92.9,14500.0,194110.0
1285,2006.0,Torredembarra,101.1,15800.0,225716.0
1286,2006.0,Torroella de Montgrí,100.3,15700.0,168736.0
1287,2006.0,Tortosa,101.8,15900.0,549991.0
1288,2006.0,Tossa de Mar,111.1,17400.0,96328.0
1289,2006.0,Tremp,115.9,18100.0,103303.0
1290,2006.0,Tàrrega,104.5,16300.0,249916.0
1291,2006.0,Ulldecona,97.3,15200.0,97371.0
1292,2006.0,Vacarisses,87.2,13600.0,71782.0
1293,2006.0,Vallirana,97.0,15200.0,199113.0
1294,2006.0,Valls,100.7,15700.0,371952.0
1295,2006.0,Vandellòs i l'Hospitalet de l'Infant,88.7,13900.0,73209.0
1296,2006.0,"Vendrell, el",100.4,15700.0,512321.0
1297,2006.0,Vic,95.5,14900.0,575322.0
1298,2006.0,Vidreres,94.3,14700.0,100966.0
1299,2006.0,Vielha e Mijaran,132.1,20600.0,109343.0
1300,2006.0,Vila-seca,82.3,12900.0,231464.0
1301,2006.0,Viladecans,81.9,12800.0,787173.0
1302,2006.0,Viladecavalls,97.6,15300.0,107708.0
1303,2006.0,Vilafant,101.1,15800.0,80707.0
1304,2006.0,Vilafranca del Penedès,97.7,15300.0,560225.0
1305,2006.0,Vilanova del Camí,74.7,11700.0,141543.0
1306,2006.0,Vilanova i la Geltrú,92.9,14500.0,915663.0
1307,2006.0,Vilassar de Dalt,124.9,19500.0,164160.0
1308,2006.0,Vilassar de Mar,119.6,18700.0,356249.0
1309,2007.0,Abrera,84.6,13800.0,152608.0
1310,2007.0,Agramunt,105.2,17200.0,94503.0
1311,2007.0,Alcanar,88.7,14500.0,148154.0
1312,2007.0,Alcarràs,108.3,17700.0,121840.0
1313,2007.0,Alella,159.3,26000.0,237279.0
1314,2007.0,Almacelles,102.0,16600.0,103398.0
1315,2007.0,Alpicat,121.4,19800.0,114304.0
1316,2007.0,"Ametlla de Mar, l'",85.0,13900.0,100536.0
1317,2007.0,"Ametlla del Vallès, l'",147.3,24000.0,185337.0
1318,2007.0,Amposta,98.9,16100.000000000002,326199.0
1319,2007.0,Anglès,97.6,15900.0,85354.0
1320,2007.0,"Arboç, l'",84.6,13800.0,72032.0
1321,2007.0,Arbúcies,97.1,15800.0,101328.0
1322,2007.0,Arenys de Mar,103.2,16800.0,240904.0
1323,2007.0,Arenys de Munt,106.1,17300.0,136940.0
1324,2007.0,Argentona,113.8,18600.0,213006.0
1325,2007.0,Artés,91.9,15000.0,78583.0
1326,2007.0,Badalona,82.4,13400.0,2899841.0
1327,2007.0,Badia del Vallès,67.6,11000.0,153210.0
1328,2007.0,Balaguer,89.4,14600.0,234159.0
1329,2007.0,Banyoles,106.5,17400.0,307133.0
1330,2007.0,Barberà del Vallès,89.6,14600.0,434639.0
1331,2007.0,Barcelona,114.7,18700.0,30032981.0
1332,2007.0,Begues,127.8,20900.0,124881.0
1333,2007.0,Berga,100.2,16300.0,275192.0
1334,2007.0,Bigues i Riells del Fai,110.7,18100.0,144420.0
1335,2007.0,"Bisbal d'Empordà, la",105.5,17200.0,170040.0
1336,2007.0,Blanes,90.8,14800.0,573891.0
1337,2007.0,"Borges Blanques, les",106.1,17300.0,101079.0
1338,2007.0,Cabrils,172.4,28100.0,190303.0
1339,2007.0,Calafell,103.1,16800.0,376805.0
1340,2007.0,Caldes de Malavella,100.2,16300.0,102390.0
1341,2007.0,Caldes de Montbui,95.8,15600.0,255331.0
1342,2007.0,Calella,87.8,14300.0,262475.0
1343,2007.0,Calonge i Sant Antoni,96.6,15800.0,161017.0
1344,2007.0,Cambrils,93.2,15200.0,456449.0
1345,2007.0,Canet de Mar,97.8,16000.0,211989.0
1346,2007.0,Canovelles,75.0,12200.0,192838.0
1347,2007.0,Capellades,92.8,15100.0,82112.0
1348,2007.0,Cardedeu,107.1,17500.0,278457.0
1349,2007.0,Cardona,104.6,17100.0,88259.0
1350,2007.0,Cassà de la Selva,105.0,17100.0,156286.0
1351,2007.0,"Castell d'Aro, Platja d'Aro i s'Agaró",104.5,17000.0,169773.0
1352,2007.0,Castellar del Vallès,104.1,17000.0,379127.0
1353,2007.0,Castellbisbal,94.6,15400.0,179974.0
1354,2007.0,Castelldefels,97.4,15900.0,949478.0
1355,2007.0,Castelló d'Empúries,83.8,13700.0,152289.0
1356,2007.0,Centelles,100.6,16400.0,115210.0
1357,2007.0,Cerdanyola del Vallès,98.8,16100.000000000002,936453.0
1358,2007.0,Cervelló,91.0,14800.0,119719.0
1359,2007.0,Cervera,94.6,15400.0,141542.0
1360,2007.0,Constantí,73.5,12000.0,75455.0
1361,2007.0,Corbera de Llobregat,108.3,17700.0,234612.0
1362,2007.0,Cornellà de Llobregat,80.3,13100.0,1111331.0
1363,2007.0,Cubelles,90.6,14800.0,192241.0
1364,2007.0,Cunit,89.0,14500.0,165790.0
1365,2007.0,Deltebre,99.9,16300.0,183484.0
1366,2007.0,"Escala, l'",104.5,17000.0,163308.0
1367,2007.0,Esparreguera,86.3,14100.0,300651.0
1368,2007.0,Esplugues de Llobregat,100.3,16400.0,759672.0
1369,2007.0,Falset,94.0,15300.0,42542.0
1370,2007.0,Figueres,103.5,16900.0,708408.0
1371,2007.0,"Franqueses del Vallès, les",91.3,14900.0,248072.0
1372,2007.0,Gandesa,95.3,15500.0,48285.0
1373,2007.0,"Garriga, la",110.1,18000.0,258466.0
1374,2007.0,Gavà,90.7,14800.0,664972.0
1375,2007.0,Gelida,102.9,16800.0,106978.0
1376,2007.0,Girona,116.5,19000.0,1773275.0
1377,2007.0,Granollers,94.6,15400.0,917843.0
1378,2007.0,Guissona,87.3,14200.0,77897.0
1379,2007.0,"Hospitalet de Llobregat, l'",79.0,12900.0,3259165.0
1380,2007.0,Igualada,105.7,17200.0,647225.0
1381,2007.0,"Llagosta, la",75.9,12400.0,168241.0
1382,2007.0,Llagostera,92.7,15100.0,112919.0
1383,2007.0,Lleida,102.4,16700.0,2163431.0
1384,2007.0,Llinars del Vallès,96.3,15700.0,136778.0
1385,2007.0,Lliçà d'Amunt,91.4,14900.0,203588.0
1386,2007.0,Lliçà de Vall,109.4,17900.0,109516.0
1387,2007.0,Lloret de Mar,91.3,14900.0,541816.0
1388,2007.0,Malgrat de Mar,87.8,14300.0,258373.0
1389,2007.0,Manlleu,87.3,14200.0,288972.0
1390,2007.0,Manresa,99.9,16300.0,1207780.0
1391,2007.0,Martorell,84.8,13800.0,359648.0
1392,2007.0,"Masnou, el",120.5,19700.0,432587.0
1393,2007.0,Masquefa,87.4,14300.0,112480.0
1394,2007.0,Matadepera,188.6,30800.0,257304.0
1395,2007.0,Mataró,88.9,14500.0,1732502.0
1396,2007.0,Maçanet de la Selva,77.8,12700.0,81587.0
1397,2007.0,Moià,100.1,16300.0,91023.0
1398,2007.0,Molins de Rei,105.9,17300.0,409204.0
1399,2007.0,Mollerussa,91.9,15000.0,200506.0
1400,2007.0,Mollet del Vallès,83.7,13600.0,704769.0
1401,2007.0,Mont-roig del Camp,92.1,15000.0,160998.0
1402,2007.0,Montblanc,93.5,15300.0,105958.0
1403,2007.0,Montcada i Reixac,88.6,14500.0,468900.0
1404,2007.0,Montgat,100.4,16400.0,162499.0
1405,2007.0,Montmeló,86.5,14100.0,125257.0
1406,2007.0,Montornès del Vallès,81.3,13300.0,197433.0
1407,2007.0,Móra d'Ebre,101.1,16500.0,88537.0
1408,2007.0,Navarcles,97.3,15900.0,91654.0
1409,2007.0,Navàs,104.1,17000.0,102628.0
1410,2007.0,Olesa de Montserrat,89.1,14500.0,328408.0
1411,2007.0,Olot,105.6,17200.0,561871.0
1412,2007.0,Palafolls,83.9,13700.0,112489.0
1413,2007.0,Palafrugell,91.4,14900.0,324520.0
1414,2007.0,Palamós,95.1,15500.0,272718.0
1415,2007.0,Palau-solità i Plegamans,102.5,16700.0,230102.0
1416,2007.0,Pallejà,96.1,15700.0,171057.0
1417,2007.0,Parets del Vallès,94.1,15400.0,260657.0
1418,2007.0,Piera,83.0,13500.0,187387.0
1419,2007.0,Pineda de Mar,85.6,14000.0,359503.0
1420,2007.0,Polinyà,87.6,14300.0,103656.0
1421,2007.0,"Pont de Suert, el",106.8,17400.0,43311.0
1422,2007.0,"Prat de Llobregat, el",82.9,13500.0,849255.0
1423,2007.0,Premià de Dalt,133.7,21800.0,214323.0
1424,2007.0,Premià de Mar,98.7,16100.000000000002,443844.0
1425,2007.0,Puigcerdà,112.5,18400.0,168080.0
1426,2007.0,Reus,94.8,15500.0,1644178.0
1427,2007.0,Ripoll,109.4,17900.0,195312.0
1428,2007.0,Ripollet,83.1,13600.0,487654.0
1429,2007.0,Riudoms,96.8,15800.0,99005.0
1430,2007.0,"Roca del Vallès, la",100.8,16400.0,161837.0
1431,2007.0,Roda de Berà,91.8,15000.0,86768.0
1432,2007.0,Roda de Ter,94.8,15500.0,89173.0
1433,2007.0,Roquetes,86.2,14100.0,110155.0
1434,2007.0,Roses,90.8,14800.0,278584.0
1435,2007.0,Rubí,85.9,14000.0,997405.0
1436,2007.0,"Ràpita, la",93.4,15200.0,225335.0
1437,2007.0,Sabadell,95.7,15600.0,3167259.0
1438,2007.0,Sallent,96.4,15700.0,111221.0
1439,2007.0,Salou,90.6,14800.0,363310.0
1440,2007.0,Salt,71.3,11600.0,328390.0
1441,2007.0,Sant Adrià de Besòs,77.1,12600.0,414829.0
1442,2007.0,Sant Andreu de Llavaneres,139.2,22700.0,224218.0
1443,2007.0,Sant Andreu de la Barca,79.6,13000.0,337912.0
1444,2007.0,Sant Antoni de Vilamajor,119.1,19400.0,101274.0
1445,2007.0,Sant Boi de Llobregat,81.4,13300.0,1075624.0
1446,2007.0,Sant Celoni,90.9,14800.0,241628.0
1447,2007.0,Sant Cugat del Vallès,133.1,21700.0,1634732.0
1448,2007.0,Sant Esteve Sesrovires,89.2,14600.0,98993.0
1449,2007.0,Sant Feliu de Codines,99.0,16100.000000000002,89750.0
1450,2007.0,Sant Feliu de Guíxols,97.5,15900.0,340924.0
1451,2007.0,Sant Feliu de Llobregat,95.3,15600.0,660121.0
1452,2007.0,Sant Fost de Campsentelles,111.9,18300.0,142347.0
1453,2007.0,Sant Fruitós de Bages,108.7,17700.0,135030.0
1454,2007.0,Sant Hilari Sacalm,101.1,16500.0,92885.0
1455,2007.0,Sant Joan Despí,96.6,15800.0,498724.0
1456,2007.0,Sant Joan de Vilatorrada,90.4,14700.0,155849.0
1457,2007.0,Sant Just Desvern,140.2,22900.0,351815.0
1458,2007.0,Sant Pere de Ribes,93.3,15200.0,422937.0
1459,2007.0,Sant Quirze del Vallès,124.8,20400.0,366972.0
1460,2007.0,Sant Sadurní d'Anoia,105.2,17200.0,203346.0
1461,2007.0,Sant Vicenç de Castellet,92.3,15100.0,123210.0
1462,2007.0,Sant Vicenç de Montalt,151.3,24700.0,132055.0
1463,2007.0,Sant Vicenç dels Horts,79.7,13000.0,354878.0
1464,2007.0,Santa Coloma de Cervelló,97.4,15900.0,120516.0
1465,2007.0,Santa Coloma de Farners,101.4,16500.0,186134.0
1466,2007.0,Santa Coloma de Gramenet,71.7,11700.0,1368295.0
1467,2007.0,Santa Eulàlia de Ronçana,105.5,17200.0,112910.0
1468,2007.0,Santa Margarida de Montbui,76.9,12500.0,122966.0
1469,2007.0,Santa Margarida i els Monjos,85.3,13900.0,92037.0
1470,2007.0,Santa Maria de Palautordera,93.0,15200.0,127824.0
1471,2007.0,Santa Perpètua de Mogoda,89.2,14600.0,347639.0
1472,2007.0,Santpedor,104.9,17100.0,114213.0
1473,2007.0,"Selva del Camp, la",89.7,14600.0,75580.0
1474,2007.0,Sentmenat,94.6,15400.0,115854.0
1475,2007.0,"Seu d'Urgell, la",96.2,15700.0,201479.0
1476,2007.0,Sitges,114.9,18700.0,499378.0
1477,2007.0,Solsona,98.9,16100.000000000002,146555.0
1478,2007.0,Sort,136.5,22300.0,51630.0
1479,2007.0,"Sénia, la",91.5,14900.0,92091.0
1480,2007.0,Súria,95.5,15600.0,99925.0
1481,2007.0,Taradell,102.1,16700.0,98237.0
1482,2007.0,Tarragona,101.6,16600.0,2250699.0
1483,2007.0,Teià,156.4,25500.0,152540.0
1484,2007.0,Terrassa,92.7,15100.0,3086461.0
1485,2007.0,Tiana,137.4,22400.0,167292.0
1486,2007.0,Tona,94.0,15300.0,117903.0
1487,2007.0,Tordera,83.6,13600.0,196498.0
1488,2007.0,Torelló,93.4,15200.0,206605.0
1489,2007.0,Torredembarra,100.9,16500.0,243464.0
1490,2007.0,Torroella de Montgrí,96.5,15700.0,176055.0
1491,2007.0,Tortosa,100.8,16400.0,580322.0
1492,2007.0,Tossa de Mar,109.5,17900.0,102812.0
1493,2007.0,Tremp,109.7,17900.0,109279.0
1494,2007.0,Tàrrega,101.7,16600.0,262563.0
1495,2007.0,Ulldecona,96.5,15800.0,106733.0
1496,2007.0,Vacarisses,88.6,14500.0,81104.0
1497,2007.0,Vallirana,98.5,16100.000000000002,217561.0
1498,2007.0,Valls,99.9,16300.0,396438.0
1499,2007.0,Vandellòs i l'Hospitalet de l'Infant,85.4,13900.0,77156.0
1500,2007.0,"Vendrell, el",100.0,16300.0,557057.0
1501,2007.0,Vic,97.2,15900.0,612587.0
1502,2007.0,Vidreres,92.5,15100.0,108144.0
1503,2007.0,Vielha e Mijaran,128.2,20900.0,115197.0
1504,2007.0,Vila-seca,82.1,13400.0,259261.0
1505,2007.0,Viladecans,83.1,13600.0,842141.0
1506,2007.0,Viladecavalls,99.0,16200.0,115082.0
1507,2007.0,Vilafant,92.7,15100.0,79448.0
1508,2007.0,Vilafranca del Penedès,100.7,16400.0,607745.0
1509,2007.0,Vilanova del Camí,76.5,12500.0,153717.0
1510,2007.0,Vilanova i la Geltrú,95.3,15600.0,996112.0
1511,2007.0,Vilassar de Dalt,126.0,20600.0,175759.0
1512,2007.0,Vilassar de Mar,121.8,19900.0,378995.0
1513,2008.0,Abrera,85.6,14900.0,167123.0
1514,2008.0,Agramunt,100.9,17600.0,96215.0
1515,2008.0,Alcanar,92.0,16000.0,164060.0
1516,2008.0,Alcarràs,102.0,17800.0,131489.0
1517,2008.0,Alella,154.7,26900.0,247974.0
1518,2008.0,Almacelles,92.8,16100.000000000002,101670.0
1519,2008.0,Alpicat,121.9,21200.0,124749.0
1520,2008.0,"Ametlla de Mar, l'",87.2,15200.0,112625.0
1521,2008.0,"Ametlla del Vallès, l'",137.2,23900.0,185105.0
1522,2008.0,Amposta,100.1,17400.0,354633.0
1523,2008.0,Anglès,97.5,17000.0,89475.0
1524,2008.0,"Arboç, l'",88.4,15400.0,80873.0
1525,2008.0,Arbúcies,96.3,16800.0,105323.0
1526,2008.0,Arenys de Mar,101.0,17600.0,252418.0
1527,2008.0,Arenys de Munt,104.1,18100.0,145014.0
1528,2008.0,Argentona,104.6,18200.0,208235.0
1529,2008.0,Artés,91.3,15900.0,83977.0
1530,2008.0,Badalona,84.3,14700.0,3164326.0
1531,2008.0,Badia del Vallès,69.2,12000.0,162482.0
1532,2008.0,Balaguer,89.9,15600.0,250662.0
1533,2008.0,Banyoles,104.9,18300.0,325522.0
1534,2008.0,Barberà del Vallès,91.9,16000.0,481930.0
1535,2008.0,Barcelona,113.9,19800.0,31824787.0
1536,2008.0,Begues,117.0,20400.0,123716.0
1537,2008.0,Berga,97.8,17000.0,289496.0
1538,2008.0,Bigues i Riells del Fai,101.9,17700.0,144905.0
1539,2008.0,"Bisbal d'Empordà, la",102.9,17900.0,178198.0
1540,2008.0,Blanes,93.4,16200.0,616016.0
1541,2008.0,"Borges Blanques, les",103.5,18000.0,104845.0
1542,2008.0,Cabrils,157.2,27400.0,186323.0
1543,2008.0,Calafell,103.8,18100.0,414267.0
1544,2008.0,Caldes de Malavella,102.1,17800.0,112114.0
1545,2008.0,Caldes de Montbui,94.7,16500.0,271119.0
1546,2008.0,Calella,81.4,14200.0,260426.0
1547,2008.0,Calonge i Sant Antoni,102.0,17700.0,180967.0
1548,2008.0,Cambrils,96.0,16700.0,511970.0
1549,2008.0,Canet de Mar,96.4,16800.0,223081.0
1550,2008.0,Canovelles,76.2,13300.0,207920.0
1551,2008.0,Capellades,94.2,16400.0,88987.0
1552,2008.0,Cardedeu,98.8,17200.0,276938.0
1553,2008.0,Cardona,103.2,18000.0,91629.0
1554,2008.0,Cassà de la Selva,105.2,18300.0,168409.0
1555,2008.0,"Castell d'Aro, Platja d'Aro i s'Agaró",96.6,16800.0,166969.0
1556,2008.0,Castellar del Vallès,101.8,17700.0,396549.0
1557,2008.0,Castellbisbal,93.4,16300.0,189495.0
1558,2008.0,Castelldefels,96.2,16700.0,1009721.0
1559,2008.0,Castelló d'Empúries,78.5,13700.0,155952.0
1560,2008.0,Centelles,96.5,16800.0,119779.0
1561,2008.0,Cerdanyola del Vallès,100.5,17500.0,1006157.0
1562,2008.0,Cervelló,96.6,16800.0,137149.0
1563,2008.0,Cervera,94.4,16400.0,150866.0
1564,2008.0,Constantí,77.2,13400.0,83621.0
1565,2008.0,Corbera de Llobregat,103.7,18100.0,242265.0
1566,2008.0,Cornellà de Llobregat,84.2,14700.0,1237636.0
1567,2008.0,Cubelles,89.8,15600.0,206322.0
1568,2008.0,Cunit,96.4,16800.0,195817.0
1569,2008.0,Deltebre,100.9,17600.0,201478.0
1570,2008.0,"Escala, l'",100.3,17400.0,167331.0
1571,2008.0,Esparreguera,87.9,15300.0,325741.0
1572,2008.0,Esplugues de Llobregat,102.3,17800.0,817989.0
1573,2008.0,Falset,101.6,17700.0,48956.0
1574,2008.0,Figueres,104.3,18100.0,750901.0
1575,2008.0,"Franqueses del Vallès, les",89.0,15500.0,264285.0
1576,2008.0,Gandesa,90.9,15800.0,50391.0
1577,2008.0,"Garriga, la",105.2,18300.0,266761.0
1578,2008.0,Gavà,94.0,16400.0,733724.0
1579,2008.0,Gelida,99.6,17300.0,115937.0
1580,2008.0,Girona,115.2,20000.0,1871098.0
1581,2008.0,Gironella,102.0,17700.0,88842.0
1582,2008.0,Granollers,92.3,16100.000000000002,955016.0
1583,2008.0,Guissona,84.8,14800.0,86291.0
1584,2008.0,"Hospitalet de Llobregat, l'",80.8,14100.0,3564661.0
1585,2008.0,Igualada,99.9,17400.0,662541.0
1586,2008.0,"Llagosta, la",74.4,12900.0,175061.0
1587,2008.0,Llagostera,93.0,16200.0,121884.0
1588,2008.0,Llançà,112.6,19600.0,96880.0
1589,2008.0,Lleida,101.8,17700.0,2332723.0
1590,2008.0,Llinars del Vallès,93.9,16300.0,143816.0
1591,2008.0,Lliçà d'Amunt,84.9,14800.0,203321.0
1592,2008.0,Lliçà de Vall,107.5,18700.0,114938.0
1593,2008.0,Lloret de Mar,90.4,15700.0,581029.0
1594,2008.0,Malgrat de Mar,87.1,15100.0,274723.0
1595,2008.0,Manlleu,86.0,15000.0,306152.0
1596,2008.0,Manresa,99.8,17400.0,1295845.0
1597,2008.0,Martorell,86.4,15000.0,390879.0
1598,2008.0,"Masnou, el",120.5,21000.0,458995.0
1599,2008.0,Masquefa,85.4,14900.0,118962.0
1600,2008.0,Matadepera,175.9,30600.0,256340.0
1601,2008.0,Mataró,91.8,16000.0,1904006.0
1602,2008.0,Maçanet de la Selva,80.2,14000.0,90111.0
1603,2008.0,Moià,94.0,16400.0,91511.0
1604,2008.0,Molins de Rei,109.2,19000.0,447825.0
1605,2008.0,Mollerussa,91.0,15800.0,217048.0
1606,2008.0,Mollet del Vallès,83.9,14600.0,750489.0
1607,2008.0,Mont-roig del Camp,92.8,16100.000000000002,181385.0
1608,2008.0,Montblanc,96.0,16700.0,117612.0
1609,2008.0,Montcada i Reixac,89.0,15500.0,502827.0
1610,2008.0,Montgat,101.8,17700.0,177872.0
1611,2008.0,Montmeló,87.7,15300.0,134018.0
1612,2008.0,Montornès del Vallès,78.5,13700.0,205704.0
1613,2008.0,Móra d'Ebre,103.9,18100.0,97258.0
1614,2008.0,Navarcles,96.7,16800.0,97479.0
1615,2008.0,Navàs,100.9,17600.0,106948.0
1616,2008.0,Olesa de Montserrat,88.5,15400.0,350168.0
1617,2008.0,Olot,102.7,17900.0,585199.0
1618,2008.0,Palafolls,83.8,14600.0,122023.0
1619,2008.0,Palafrugell,95.0,16500.0,355975.0
1620,2008.0,Palamós,93.4,16300.0,282652.0
1621,2008.0,Palau-solità i Plegamans,98.9,17200.0,236304.0
1622,2008.0,Pallejà,96.9,16900.0,183620.0
1623,2008.0,Parets del Vallès,92.9,16200.0,277643.0
1624,2008.0,Piera,82.7,14400.0,201640.0
1625,2008.0,Pineda de Mar,83.8,14600.0,375301.0
1626,2008.0,Polinyà,87.4,15200.0,112480.0
1627,2008.0,"Pont de Suert, el",107.1,18600.0,46184.0
1628,2008.0,"Prat de Llobregat, el",87.0,15100.0,940815.0
1629,2008.0,Premià de Dalt,124.0,21600.0,210977.0
1630,2008.0,Premià de Mar,98.9,17200.0,466730.0
1631,2008.0,Puigcerdà,109.9,19100.0,167605.0
1632,2008.0,Reus,100.7,17500.0,1840739.0
1633,2008.0,Ripoll,104.4,18200.0,198568.0
1634,2008.0,Ripollet,84.1,14600.0,526520.0
1635,2008.0,Riudoms,96.3,16800.0,105027.0
1636,2008.0,"Roca del Vallès, la",98.7,17200.0,171331.0
1637,2008.0,Roda de Berà,95.9,16700.0,99122.0
1638,2008.0,Roda de Ter,86.7,15100.0,89057.0
1639,2008.0,Roquetes,87.9,15300.0,122595.0
1640,2008.0,Roses,86.5,15100.0,286904.0
1641,2008.0,Rubí,85.9,14900.0,1062248.0
1642,2008.0,"Ràpita, la",93.3,16200.0,243246.0
1643,2008.0,Sabadell,98.7,17200.0,3457331.0
1644,2008.0,Sallent,98.0,17100.0,119108.0
1645,2008.0,Salou,89.9,15700.0,399521.0
1646,2008.0,Salt,74.0,12900.0,370227.0
1647,2008.0,Sant Adrià de Besòs,78.0,13600.0,451082.0
1648,2008.0,Sant Andreu de Llavaneres,130.5,22700.0,226363.0
1649,2008.0,Sant Andreu de la Barca,83.1,14500.0,374721.0
1650,2008.0,Sant Antoni de Vilamajor,111.6,19400.0,103036.0
1651,2008.0,Sant Boi de Llobregat,85.0,14800.0,1192255.0
1652,2008.0,Sant Celoni,88.1,15300.0,252573.0
1653,2008.0,Sant Cugat del Vallès,130.3,22700.0,1729934.0
1654,2008.0,Sant Esteve Sesrovires,90.2,15700.0,108908.0
1655,2008.0,Sant Feliu de Codines,95.9,16700.0,93075.0
1656,2008.0,Sant Feliu de Guíxols,100.2,17400.0,368710.0
1657,2008.0,Sant Feliu de Llobregat,97.5,17000.0,713750.0
1658,2008.0,Sant Fost de Campsentelles,105.0,18300.0,145610.0
1659,2008.0,Sant Fruitós de Bages,107.3,18700.0,144625.0
1660,2008.0,Sant Hilari Sacalm,101.3,17600.0,97198.0
1661,2008.0,Sant Joan Despí,99.6,17300.0,543059.0
1662,2008.0,Sant Joan de Vilatorrada,92.0,16000.0,168876.0
1663,2008.0,Sant Just Desvern,143.3,24900.0,382504.0
1664,2008.0,Sant Pere de Ribes,95.6,16600.0,459759.0
1665,2008.0,Sant Quirze del Vallès,120.1,20900.0,376183.0
1666,2008.0,Sant Sadurní d'Anoia,104.8,18200.0,219696.0
1667,2008.0,Sant Vicenç de Castellet,90.6,15800.0,130715.0
1668,2008.0,Sant Vicenç de Montalt,136.1,23700.0,129304.0
1669,2008.0,Sant Vicenç dels Horts,81.5,14200.0,384915.0
1670,2008.0,Santa Coloma de Cervelló,97.1,16900.0,128032.0
1671,2008.0,Santa Coloma de Farners,101.4,17600.0,195725.0
1672,2008.0,Santa Coloma de Gramenet,74.4,12900.0,1522982.0
1673,2008.0,Santa Eulàlia de Ronçana,101.2,17600.0,116794.0
1674,2008.0,Santa Margarida de Montbui,79.5,13800.0,134104.0
1675,2008.0,Santa Margarida i els Monjos,84.2,14700.0,100617.0
1676,2008.0,Santa Maria de Palautordera,88.4,15400.0,132109.0
1677,2008.0,Santa Perpètua de Mogoda,88.8,15500.0,374377.0
1678,2008.0,Santpedor,101.3,17600.0,118542.0
1679,2008.0,"Selva del Camp, la",93.3,16200.0,84198.0
1680,2008.0,Sentmenat,93.9,16300.0,124232.0
1681,2008.0,"Seu d'Urgell, la",97.8,17000.0,212236.0
1682,2008.0,Sitges,112.1,19500.0,523055.0
1683,2008.0,Solsona,95.8,16700.0,153560.0
1684,2008.0,Sort,124.6,21700.0,50331.0
1685,2008.0,"Sénia, la",93.2,16200.0,97746.0
1686,2008.0,Súria,95.9,16700.0,105887.0
1687,2008.0,Taradell,97.5,17000.0,100355.0
1688,2008.0,Tarragona,108.1,18800.0,2545961.0
1689,2008.0,Teià,150.5,26200.0,156124.0
1690,2008.0,Terrassa,95.1,16500.0,3386158.0
1691,2008.0,Tiana,133.9,23300.0,173685.0
1692,2008.0,Tona,92.3,16100.000000000002,125832.0
1693,2008.0,Tordera,84.6,14700.0,219169.0
1694,2008.0,Torelló,95.4,16600.0,226960.0
1695,2008.0,Torredembarra,102.1,17800.0,262405.0
1696,2008.0,Torrelles de Llobregat,100.3,17500.0,91357.0
1697,2008.0,Torroella de Montgrí,92.3,16100.000000000002,179118.0
1698,2008.0,Tortosa,97.1,16900.0,592385.0
1699,2008.0,Tossa de Mar,108.2,18800.0,106363.0
1700,2008.0,Tremp,112.9,19700.0,115489.0
1701,2008.0,Tàrrega,99.7,17300.0,277801.0
1702,2008.0,Ulldecona,94.0,16300.0,113017.0
1703,2008.0,Vacarisses,84.5,14700.0,84100.0
1704,2008.0,Vallirana,96.6,16800.0,230147.0
1705,2008.0,Valls,101.7,17700.0,432414.0
1706,2008.0,Vandellòs i l'Hospitalet de l'Infant,90.3,15700.0,87669.0
1707,2008.0,"Vendrell, el",103.2,18000.0,617351.0
1708,2008.0,Vic,95.1,16500.0,648342.0
1709,2008.0,Vidreres,98.4,17100.0,120987.0
1710,2008.0,Vielha e Mijaran,119.6,20800.0,112983.0
1711,2008.0,Vila-seca,84.1,14600.0,291580.0
1712,2008.0,Viladecans,86.5,15100.0,933392.0
1713,2008.0,Viladecavalls,97.4,16900.0,120476.0
1714,2008.0,Vilafant,95.6,16600.0,85747.0
1715,2008.0,Vilafranca del Penedès,99.6,17300.0,655579.0
1716,2008.0,Vilanova del Camí,79.9,13900.0,172453.0
1717,2008.0,Vilanova i la Geltrú,97.1,16900.0,1082577.0
1718,2008.0,Vilassar de Dalt,124.8,21700.0,185419.0
1719,2008.0,Vilassar de Mar,117.3,20400.0,388868.0
1720,2009.0,Abrera,85.3,14900.0,168484.0
1721,2009.0,Agramunt,104.5,18200.0,99616.0
1722,2009.0,Alcanar,93.5,16300.0,167338.0
1723,2009.0,Alcarràs,99.5,17300.0,134390.0
1724,2009.0,Alcover,94.9,16500.0,83156.0
1725,2009.0,Alella,154.5,26900.0,252475.0
1726,2009.0,Almacelles,95.6,16700.0,106935.0
1727,2009.0,Alpicat,118.7,20700.0,123512.0
1728,2009.0,"Ametlla de Mar, l'",83.9,14600.0,108942.0
1729,2009.0,"Ametlla del Vallès, l'",132.0,23000.0,182124.0
1730,2009.0,Amposta,100.3,17500.0,362237.0
1731,2009.0,Anglès,98.3,17100.0,91569.0
1732,2009.0,"Arboç, l'",89.3,15600.0,82620.0
1733,2009.0,Arbúcies,96.7,16900.0,107191.0
1734,2009.0,Arenys de Mar,99.5,17300.0,251319.0
1735,2009.0,Arenys de Munt,101.4,17700.0,144461.0
1736,2009.0,Argentona,105.6,18400.0,212548.0
1737,2009.0,Artés,90.6,15800.0,85092.0
1738,2009.0,Badalona,84.2,14700.0,3196817.0
1739,2009.0,Badia del Vallès,70.9,12400.0,166056.0
1740,2009.0,Balaguer,90.6,15800.0,256295.0
1741,2009.0,Banyoles,106.7,18600.0,340415.0
1742,2009.0,Barberà del Vallès,92.8,16200.0,498515.0
1743,2009.0,Barcelona,114.4,19900.0,32085371.0
1744,2009.0,Begues,112.6,19600.0,122061.0
1745,2009.0,Berga,98.2,17100.0,292629.0
1746,2009.0,Bigues i Riells del Fai,98.1,17100.0,143747.0
1747,2009.0,"Bisbal d'Empordà, la",103.6,18100.0,182012.0
1748,2009.0,Blanes,88.8,15500.0,594974.0
1749,2009.0,"Borges Blanques, les",101.5,17700.0,103878.0
1750,2009.0,Cabrils,151.2,26400.0,183407.0
1751,2009.0,Calafell,103.1,18000.0,425642.0
1752,2009.0,Caldes de Malavella,99.0,17300.0,112930.0
1753,2009.0,Caldes de Montbui,95.6,16700.0,278507.0
1754,2009.0,Calella,81.5,14200.0,261801.0
1755,2009.0,Calonge i Sant Antoni,101.4,17700.0,183664.0
1756,2009.0,Cambrils,97.4,17000.0,534593.0
1757,2009.0,Canet de Mar,95.4,16600.0,225871.0
1758,2009.0,Canovelles,77.3,13500.0,213222.0
1759,2009.0,Capellades,93.3,16300.0,88791.0
1760,2009.0,Cardedeu,100.1,17400.0,287958.0
1761,2009.0,Cardona,103.2,18000.0,91836.0
1762,2009.0,Cassà de la Selva,104.7,18200.0,171047.0
1763,2009.0,"Castell d'Aro, Platja d'Aro i s'Agaró",95.4,16600.0,168045.0
1764,2009.0,Castellar del Vallès,102.5,17900.0,404506.0
1765,2009.0,Castellbisbal,92.6,16100.000000000002,191634.0
1766,2009.0,Castelldefels,95.0,16600.0,1014494.0
1767,2009.0,Castelló d'Empúries,74.5,13000.0,151593.0
1768,2009.0,Centelles,96.3,16800.0,120795.0
1769,2009.0,Cerdanyola del Vallès,103.0,18000.0,1032605.0
1770,2009.0,Cervelló,96.0,16700.0,139776.0
1771,2009.0,Cervera,93.7,16300.0,151151.0
1772,2009.0,Constantí,79.1,13800.0,85741.0
1773,2009.0,Corbera de Llobregat,100.6,17500.0,240665.0
1774,2009.0,Cornellà de Llobregat,84.4,14700.0,1259924.0
1775,2009.0,Cubelles,88.3,15400.0,208904.0
1776,2009.0,Cunit,93.1,16200.0,195186.0
1777,2009.0,Deltebre,101.0,17600.0,205783.0
1778,2009.0,"Escala, l'",98.8,17200.0,169636.0
1779,2009.0,Esparreguera,85.9,15000.0,323771.0
1780,2009.0,Esplugues de Llobregat,102.0,17800.0,819083.0
1781,2009.0,Falset,106.9,18600.0,52526.0
1782,2009.0,Figueres,100.2,17500.0,734062.0
1783,2009.0,"Franqueses del Vallès, les",88.7,15500.0,272686.0
1784,2009.0,Gandesa,94.4,16500.0,52876.0
1785,2009.0,"Garriga, la",105.8,18400.0,273191.0
1786,2009.0,Gavà,92.6,16100.000000000002,734265.0
1787,2009.0,Gelida,98.5,17200.0,117795.0
1788,2009.0,Girona,115.8,20200.0,1898440.0
1789,2009.0,Gironella,102.5,17900.0,90017.0
1790,2009.0,Granollers,93.7,16300.0,969184.0
1791,2009.0,Guissona,82.3,14300.0,88113.0
1792,2009.0,"Hospitalet de Llobregat, l'",80.9,14100.0,3610467.0
1793,2009.0,Igualada,98.8,17200.0,665942.0
1794,2009.0,"Llagosta, la",74.6,13000.0,176541.0
1795,2009.0,Llagostera,97.3,17000.0,130028.0
1796,2009.0,Llançà,108.5,18900.0,94657.0
1797,2009.0,Lleida,101.9,17800.0,2381582.0
1798,2009.0,Llinars del Vallès,94.8,16500.0,148328.0
1799,2009.0,Lliçà d'Amunt,86.6,15100.0,212008.0
1800,2009.0,Lliçà de Vall,105.4,18400.0,114582.0
1801,2009.0,Lloret de Mar,86.0,15000.0,569496.0
1802,2009.0,Malgrat de Mar,86.6,15100.0,276723.0
1803,2009.0,Manlleu,86.1,15000.0,306815.0
1804,2009.0,Manresa,99.6,17400.0,1305916.0
1805,2009.0,Martorell,86.2,15000.0,395880.0
1806,2009.0,"Masnou, el",117.3,20400.0,453130.0
1807,2009.0,Masquefa,84.5,14700.0,120035.0
1808,2009.0,Matadepera,176.1,30700.0,259436.0
1809,2009.0,Mataró,92.0,16000.0,1940473.0
1810,2009.0,Maçanet de la Selva,79.1,13800.0,91967.0
1811,2009.0,Moià,90.5,15800.0,88764.0
1812,2009.0,Molins de Rei,108.1,18800.0,448484.0
1813,2009.0,Mollerussa,88.8,15500.0,220606.0
1814,2009.0,Mollet del Vallès,84.4,14700.0,761072.0
1815,2009.0,Mont-roig del Camp,87.6,15300.0,180208.0
1816,2009.0,Montblanc,98.2,17100.0,123193.0
1817,2009.0,Montcada i Reixac,90.8,15800.0,521170.0
1818,2009.0,Montgat,100.0,17400.0,179741.0
1819,2009.0,Montmeló,87.8,15300.0,135474.0
1820,2009.0,Montornès del Vallès,78.4,13700.0,210777.0
1821,2009.0,Móra d'Ebre,107.1,18700.0,103255.0
1822,2009.0,Navarcles,99.2,17300.0,101405.0
1823,2009.0,Navàs,100.2,17500.0,106935.0
1824,2009.0,Olesa de Montserrat,86.8,15100.0,349894.0
1825,2009.0,Olot,103.6,18100.0,597626.0
1826,2009.0,Palafolls,82.3,14400.0,123198.0
1827,2009.0,Palafrugell,96.1,16800.0,365762.0
1828,2009.0,Palamós,93.6,16300.0,286696.0
1829,2009.0,Palau-solità i Plegamans,97.9,17100.0,236771.0
1830,2009.0,Pallejà,95.3,16600.0,183222.0
1831,2009.0,Parets del Vallès,93.1,16200.0,283383.0
1832,2009.0,Piera,81.4,14200.0,203037.0
1833,2009.0,Pineda de Mar,83.9,14600.0,376994.0
1834,2009.0,Polinyà,86.6,15100.0,114612.0
1835,2009.0,"Pont de Suert, el",105.8,18500.0,45771.0
1836,2009.0,"Prat de Llobregat, el",87.1,15200.0,948459.0
1837,2009.0,Premià de Dalt,125.4,21900.0,216354.0
1838,2009.0,Premià de Mar,98.0,17100.0,466312.0
1839,2009.0,Puigcerdà,107.5,18700.0,158722.0
1840,2009.0,Reus,97.9,17100.0,1791556.0
1841,2009.0,Ripoll,105.1,18300.0,200258.0
1842,2009.0,Ripollet,84.9,14800.0,538970.0
1843,2009.0,Riudoms,96.4,16800.0,106503.0
1844,2009.0,"Roca del Vallès, la",99.0,17300.0,174379.0
1845,2009.0,Roda de Berà,96.2,16800.0,101784.0
1846,2009.0,Roda de Ter,88.7,15500.0,93283.0
1847,2009.0,Roquetes,90.7,15800.0,127562.0
1848,2009.0,Roses,79.3,13800.0,269518.0
1849,2009.0,Rubí,87.3,15200.0,1094671.0
1850,2009.0,"Ràpita, la",95.7,16700.0,252320.0
1851,2009.0,Sabadell,98.7,17200.0,3494959.0
1852,2009.0,Sallent,98.3,17100.0,119475.0
1853,2009.0,Salou,84.8,14800.0,387645.0
1854,2009.0,Salt,73.3,12800.0,376563.0
1855,2009.0,Sant Adrià de Besòs,78.5,13700.0,460995.0
1856,2009.0,Sant Andreu de Llavaneres,125.9,22000.0,222391.0
1857,2009.0,Sant Andreu de la Barca,82.3,14300.0,375160.0
1858,2009.0,Sant Antoni de Vilamajor,111.6,19500.0,104709.0
1859,2009.0,Sant Boi de Llobregat,84.7,14800.0,1198907.0
1860,2009.0,Sant Celoni,88.3,15400.0,256212.0
1861,2009.0,Sant Cugat del Vallès,130.9,22800.0,1802795.0
1862,2009.0,Sant Esteve Sesrovires,90.8,15800.0,113359.0
1863,2009.0,Sant Feliu de Codines,97.5,17000.0,96623.0
1864,2009.0,Sant Feliu de Guíxols,100.0,17400.0,371902.0
1865,2009.0,Sant Feliu de Llobregat,96.3,16800.0,711428.0
1866,2009.0,Sant Fost de Campsentelles,103.3,18000.0,146593.0
1867,2009.0,Sant Fruitós de Bages,107.3,18700.0,148689.0
1868,2009.0,Sant Hilari Sacalm,100.1,17400.0,96222.0
1869,2009.0,Sant Joan Despí,98.2,17100.0,543079.0
1870,2009.0,Sant Joan de Vilatorrada,92.2,16100.000000000002,171211.0
1871,2009.0,Sant Just Desvern,146.0,25500.0,397911.0
1872,2009.0,Sant Pere de Ribes,94.2,16400.0,456831.0
1873,2009.0,Sant Pol de Mar,128.9,22500.0,113083.0
1874,2009.0,Sant Quirze del Vallès,119.7,20900.0,380383.0
1875,2009.0,Sant Sadurní d'Anoia,103.5,18000.0,221106.0
1876,2009.0,Sant Vicenç de Castellet,91.8,16000.0,135898.0
1877,2009.0,Sant Vicenç de Montalt,130.5,22700.0,128265.0
1878,2009.0,Sant Vicenç dels Horts,80.7,14100.0,386223.0
1879,2009.0,Santa Coloma de Cervelló,95.3,16600.0,127588.0
1880,2009.0,Santa Coloma de Farners,98.8,17200.0,195872.0
1881,2009.0,Santa Coloma de Gramenet,74.6,13000.0,1548970.0
1882,2009.0,Santa Eulàlia de Ronçana,98.2,17100.0,114983.0
1883,2009.0,Santa Margarida de Montbui,80.0,13900.0,135601.0
1884,2009.0,Santa Margarida i els Monjos,84.7,14800.0,102662.0
1885,2009.0,Santa Maria de Palautordera,87.0,15200.0,133576.0
1886,2009.0,Santa Perpètua de Mogoda,90.0,15700.0,386908.0
1887,2009.0,Santpedor,100.0,17400.0,119717.0
1888,2009.0,"Selva del Camp, la",94.3,16400.0,87569.0
1889,2009.0,Sentmenat,94.3,16400.0,128911.0
1890,2009.0,"Seu d'Urgell, la",95.7,16700.0,208689.0
1891,2009.0,Sils,93.6,16300.0,82141.0
1892,2009.0,Sitges,108.6,18900.0,517769.0
1893,2009.0,Solsona,95.6,16700.0,153439.0
1894,2009.0,Sort,123.1,21500.0,49887.0
1895,2009.0,"Sénia, la",98.9,17200.0,102891.0
1896,2009.0,Súria,97.3,17000.0,106807.0
1897,2009.0,Taradell,96.8,16900.0,101245.0
1898,2009.0,Tarragona,109.4,19100.0,2613452.0
1899,2009.0,Teià,152.1,26500.0,159530.0
1900,2009.0,Terrassa,94.7,16500.0,3430559.0
1901,2009.0,Tiana,133.0,23200.0,176155.0
1902,2009.0,Tona,91.0,15900.0,125774.0
1903,2009.0,Tordera,83.0,14500.0,221604.0
1904,2009.0,Torelló,95.0,16600.0,228503.0
1905,2009.0,Torredembarra,103.1,18000.0,269241.0
1906,2009.0,Torrelles de Llobregat,97.0,16900.0,91290.0
1907,2009.0,Torroella de Montgrí,93.3,16300.0,182348.0
1908,2009.0,Tortosa,101.9,17800.0,606274.0
1909,2009.0,Tossa de Mar,102.8,17900.0,102618.0
1910,2009.0,Tremp,112.8,19700.0,117242.0
1911,2009.0,Tàrrega,100.4,17500.0,287605.0
1912,2009.0,Ulldecona,95.6,16700.0,118163.0
1913,2009.0,Vacarisses,82.9,14400.0,84297.0
1914,2009.0,Vallirana,93.2,16200.0,226248.0
1915,2009.0,Valls,102.3,17800.0,439438.0
1916,2009.0,Vandellòs i l'Hospitalet de l'Infant,91.0,15900.0,90321.0
1917,2009.0,"Vendrell, el",103.6,18100.0,631399.0
1918,2009.0,Vic,94.1,16400.0,654662.0
1919,2009.0,Vidreres,92.0,16000.0,115989.0
1920,2009.0,Vielha e Mijaran,115.8,20200.0,109646.0
1921,2009.0,Vila-seca,83.5,14500.0,300231.0
1922,2009.0,Viladecans,85.8,15000.0,939723.0
1923,2009.0,Viladecavalls,97.1,16900.0,121620.0
1924,2009.0,Vilafant,95.7,16700.0,86861.0
1925,2009.0,Vilafranca del Penedès,98.6,17200.0,657860.0
1926,2009.0,Vilanova del Camí,79.9,13900.0,174467.0
1927,2009.0,Vilanova i la Geltrú,96.9,16900.0,1096639.0
1928,2009.0,Vilassar de Dalt,123.8,21600.0,185919.0
1929,2009.0,Vilassar de Mar,114.7,20000.0,386298.0
1930,2010.0,Abrera,86.7,14600.0,166471.0
1931,2010.0,Agramunt,104.0,17500.0,95980.0
1932,2010.0,Alcanar,92.2,15600.0,160048.0
1933,2010.0,Alcarràs,97.3,16400.0,131955.0
1934,2010.0,Alcover,93.6,15800.0,79746.0
1935,2010.0,Alella,151.9,25600.0,242423.0
1936,2010.0,Almacelles,93.0,15700.0,101948.0
1937,2010.0,Alpicat,117.7,19900.0,119869.0
1938,2010.0,"Ametlla de Mar, l'",81.7,13800.0,102138.0
1939,2010.0,"Ametlla del Vallès, l'",129.7,21900.0,175212.0
1940,2010.0,Amposta,97.4,16400.0,342383.0
1941,2010.0,Anglès,98.1,16600.0,89099.0
1942,2010.0,"Arboç, l'",88.4,14900.0,80182.0
1943,2010.0,Arbúcies,94.7,16000.0,102651.0
1944,2010.0,Arenys de Mar,99.1,16700.0,244255.0
1945,2010.0,Arenys de Munt,100.7,17000.0,141468.0
1946,2010.0,Argentona,106.8,18000.0,209359.0
1947,2010.0,Artés,89.1,15000.0,82141.0
1948,2010.0,Badalona,85.7,14500.0,3150113.0
1949,2010.0,Badia del Vallès,73.1,12300.0,165797.0
1950,2010.0,Balaguer,89.6,15100.0,246330.0
1951,2010.0,Banyoles,106.0,17900.0,334648.0
1952,2010.0,Barberà del Vallès,91.5,15400.0,483394.0
1953,2010.0,Barcelona,114.5,19300.0,31038101.0
1954,2010.0,Begues,109.1,18400.0,115982.0
1955,2010.0,Berga,97.3,16400.0,279751.0
1956,2010.0,Bigues i Riells del Fai,96.2,16200.0,139498.0
1957,2010.0,"Bisbal d'Empordà, la",102.9,17400.0,175780.0
1958,2010.0,Blanes,90.1,15200.0,583519.0
1959,2010.0,"Borges Blanques, les",102.1,17200.0,100964.0
1960,2010.0,Cabrils,149.9,25300.0,178913.0
1961,2010.0,Calafell,100.7,17000.0,409696.0
1962,2010.0,Caldes de Malavella,97.4,16400.0,110000.0
1963,2010.0,Caldes de Montbui,95.6,16100.000000000002,272144.0
1964,2010.0,Calella,82.8,14000.0,257695.0
1965,2010.0,Calonge i Sant Antoni,99.9,16900.0,176496.0
1966,2010.0,Cambrils,96.5,16300.0,523817.0
1967,2010.0,Canet de Mar,94.0,15900.0,219358.0
1968,2010.0,Canovelles,79.4,13400.0,210923.0
1969,2010.0,Capellades,93.2,15700.0,85627.0
1970,2010.0,Cardedeu,98.1,16600.0,278851.0
1971,2010.0,Cardona,103.6,17500.0,88665.0
1972,2010.0,Cassà de la Selva,104.1,17600.0,166908.0
1973,2010.0,"Castell d'Aro, Platja d'Aro i s'Agaró",95.4,16100.000000000002,163248.0
1974,2010.0,Castellar del Vallès,101.4,17100.0,389985.0
1975,2010.0,Castellbisbal,91.8,15500.0,186327.0
1976,2010.0,Castelldefels,93.7,15800.0,977623.0
1977,2010.0,Castelló d'Empúries,74.8,12600.0,145729.0
1978,2010.0,Centelles,94.4,15900.0,115943.0
1979,2010.0,Cerdanyola del Vallès,103.1,17400.0,997549.0
1980,2010.0,Cervelló,93.8,15800.0,134405.0
1981,2010.0,Cervera,93.7,15800.0,146547.0
1982,2010.0,Constantí,80.4,13600.0,86073.0
1983,2010.0,Corbera de Llobregat,99.1,16700.0,231357.0
1984,2010.0,Cornellà de Llobregat,85.7,14500.0,1245043.0
1985,2010.0,Cubelles,88.2,14900.0,206105.0
1986,2010.0,Cunit,90.4,15300.0,186307.0
1987,2010.0,Deltebre,98.6,16600.0,197413.0
1988,2010.0,Dosrius,90.8,15300.0,76747.0
1989,2010.0,"Escala, l'",96.8,16300.0,163762.0
1990,2010.0,Esparreguera,86.1,14500.0,315331.0
1991,2010.0,Esplugues de Llobregat,103.6,17500.0,805028.0
1992,2010.0,Falset,105.5,17800.0,50801.0
1993,2010.0,Figueres,99.0,16700.0,711978.0
1994,2010.0,"Franqueses del Vallès, les",88.2,14900.0,270154.0
1995,2010.0,Gandesa,93.5,15800.0,50553.0
1996,2010.0,"Garriga, la",105.2,17800.0,265423.0
1997,2010.0,Gavà,93.0,15700.0,716724.0
1998,2010.0,Gelida,97.0,16400.0,114788.0
1999,2010.0,Girona,115.8,19500.0,1843183.0
2000,2010.0,Gironella,100.4,16900.0,85749.0
2001,2010.0,Granollers,94.1,15900.0,937959.0
2002,2010.0,Guissona,82.5,13900.0,88305.0
2003,2010.0,"Hospitalet de Llobregat, l'",81.8,13800.0,3527313.0
2004,2010.0,Igualada,98.3,16600.0,643705.0
2005,2010.0,"Llagosta, la",76.3,12900.0,174308.0
2006,2010.0,Llagostera,96.6,16300.0,127661.0
2007,2010.0,Llançà,105.9,17900.0,88612.0
2008,2010.0,Lleida,101.4,17100.0,2315519.0
2009,2010.0,Llinars del Vallès,93.5,15800.0,143726.0
2010,2010.0,Lliçà d'Amunt,87.5,14800.0,209764.0
2011,2010.0,Lliçà de Vall,105.3,17800.0,111905.0
2012,2010.0,Lloret de Mar,82.5,13900.0,535943.0
2013,2010.0,Malgrat de Mar,87.2,14700.0,269578.0
2014,2010.0,Manlleu,87.9,14800.0,301857.0
2015,2010.0,Manresa,99.2,16700.0,1259516.0
2016,2010.0,Martorell,86.8,14600.0,392187.0
2017,2010.0,"Masnou, el",116.2,19600.0,436687.0
2018,2010.0,Masquefa,84.1,14200.0,116734.0
2019,2010.0,Matadepera,175.4,29600.0,250054.0
2020,2010.0,Mataró,93.2,15700.0,1919396.0
2021,2010.0,Maçanet de la Selva,79.0,13300.0,90485.0
2022,2010.0,Moià,90.0,15200.0,85622.0
2023,2010.0,Molins de Rei,108.0,18200.0,438685.0
2024,2010.0,Mollerussa,86.9,14700.0,212114.0
2025,2010.0,Mollet del Vallès,86.3,14600.0,753584.0
2026,2010.0,Mont-roig del Camp,85.5,14400.0,174988.0
2027,2010.0,Montblanc,102.9,17400.0,125742.0
2028,2010.0,Montcada i Reixac,91.1,15400.0,512956.0
2029,2010.0,Montgat,98.0,16500.0,174407.0
2030,2010.0,Montmeló,87.5,14800.0,130458.0
2031,2010.0,Montornès del Vallès,79.9,13500.0,211705.0
2032,2010.0,Móra d'Ebre,108.1,18200.0,100662.0
2033,2010.0,Navarcles,99.0,16700.0,98182.0
2034,2010.0,Navàs,99.4,16800.0,102185.0
2035,2010.0,Olesa de Montserrat,87.1,14700.0,344653.0
2036,2010.0,Olot,102.6,17300.0,575054.0
2037,2010.0,Palafolls,80.7,13600.0,119405.0
2038,2010.0,Palafrugell,95.6,16100.000000000002,356226.0
2039,2010.0,Palamós,94.5,15900.0,278551.0
2040,2010.0,Palau-solità i Plegamans,97.5,16500.0,230745.0
2041,2010.0,Pallejà,95.0,16000.0,178219.0
2042,2010.0,Parets del Vallès,93.4,15800.0,279308.0
2043,2010.0,Piera,80.7,13600.0,198617.0
2044,2010.0,Pineda de Mar,85.4,14400.0,369874.0
2045,2010.0,Polinyà,86.3,14600.0,112975.0
2046,2010.0,"Pont de Suert, el",107.7,18200.0,44825.0
2047,2010.0,"Prat de Llobregat, el",88.0,14800.0,929213.0
2048,2010.0,Premià de Dalt,122.2,20600.0,206315.0
2049,2010.0,Premià de Mar,97.1,16400.0,454584.0
2050,2010.0,Puigcerdà,106.5,18000.0,150568.0
2051,2010.0,Reus,98.7,16700.0,1747158.0
2052,2010.0,Ripoll,105.0,17700.0,192517.0
2053,2010.0,Ripollet,87.1,14700.0,537737.0
2054,2010.0,Riudoms,97.1,16400.0,104215.0
2055,2010.0,"Roca del Vallès, la",98.0,16500.0,168030.0
2056,2010.0,Roda de Berà,95.0,16000.0,98283.0
2057,2010.0,Roda de Ter,91.3,15400.0,94050.0
2058,2010.0,Roquetes,91.2,15400.0,123516.0
2059,2010.0,Roses,80.6,13600.0,261286.0
2060,2010.0,Rubí,89.7,15100.0,1097767.0
2061,2010.0,"Ràpita, la",94.4,15900.0,239664.0
2062,2010.0,Sabadell,98.9,16700.0,3404071.0
2063,2010.0,Sallent,99.1,16700.0,114595.0
2064,2010.0,Salou,81.5,13800.0,358642.0
2065,2010.0,Salt,75.8,12800.0,379484.0
2066,2010.0,Sant Adrià de Besòs,80.0,13500.0,457621.0
2067,2010.0,Sant Andreu de Llavaneres,123.1,20800.0,212597.0
2068,2010.0,Sant Andreu de la Barca,83.1,14000.0,371891.0
2069,2010.0,Sant Antoni de Vilamajor,108.7,18300.0,99874.0
2070,2010.0,Sant Boi de Llobregat,85.8,14500.0,1180837.0
2071,2010.0,Sant Celoni,89.5,15100.0,252083.0
2072,2010.0,Sant Cugat del Vallès,129.6,21900.0,1774228.0
2073,2010.0,Sant Esteve Sesrovires,89.9,15200.0,110512.0
2074,2010.0,Sant Feliu de Codines,95.3,16100.000000000002,93849.0
2075,2010.0,Sant Feliu de Guíxols,100.0,16900.0,359057.0
2076,2010.0,Sant Feliu de Llobregat,96.6,16300.0,693206.0
2077,2010.0,Sant Fost de Campsentelles,102.0,17200.0,141843.0
2078,2010.0,Sant Fruitós de Bages,105.2,17700.0,143174.0
2079,2010.0,Sant Hilari Sacalm,100.7,17000.0,93564.0
2080,2010.0,Sant Joan Despí,98.4,16600.0,530370.0
2081,2010.0,Sant Joan de Vilatorrada,91.9,15500.0,165166.0
2082,2010.0,Sant Just Desvern,143.7,24200.0,384748.0
2083,2010.0,Sant Pere de Ribes,95.0,16000.0,448710.0
2084,2010.0,Sant Pol de Mar,127.8,21600.0,108175.0
2085,2010.0,Sant Quirze del Vallès,117.7,19900.0,368529.0
2086,2010.0,Sant Sadurní d'Anoia,103.4,17400.0,214986.0
2087,2010.0,Sant Vicenç de Castellet,91.2,15400.0,134970.0
2088,2010.0,Sant Vicenç de Montalt,127.5,21500.0,123667.0
2089,2010.0,Sant Vicenç dels Horts,81.0,13700.0,378685.0
2090,2010.0,Santa Coloma de Cervelló,95.8,16200.0,125824.0
2091,2010.0,Santa Coloma de Farners,98.0,16500.0,192845.0
2092,2010.0,Santa Coloma de Gramenet,75.8,12800.0,1530132.0
2093,2010.0,Santa Eulàlia de Ronçana,97.2,16400.0,111263.0
2094,2010.0,Santa Margarida de Montbui,81.3,13700.0,133320.0
2095,2010.0,Santa Margarida i els Monjos,86.9,14700.0,102273.0
2096,2010.0,Santa Maria de Palautordera,87.3,14700.0,131818.0
2097,2010.0,Santa Perpètua de Mogoda,90.6,15300.0,379371.0
2098,2010.0,Santpedor,97.8,16500.0,115903.0
2099,2010.0,"Selva del Camp, la",97.0,16400.0,88932.0
2100,2010.0,Sentmenat,91.9,15500.0,125820.0
2101,2010.0,"Seu d'Urgell, la",94.8,16000.0,199375.0
2102,2010.0,Sils,92.1,15500.0,81032.0
2103,2010.0,Sitges,107.9,18200.0,505930.0
2104,2010.0,Solsona,93.9,15800.0,146139.0
2105,2010.0,Sort,120.1,20300.0,46959.0
2106,2010.0,"Sénia, la",98.0,16500.0,97598.0
2107,2010.0,Súria,96.6,16300.0,101292.0
2108,2010.0,Taradell,94.8,16000.0,97737.0
2109,2010.0,Tarragona,107.2,18100.0,2482707.0
2110,2010.0,Teià,149.5,25200.0,152651.0
2111,2010.0,Terrassa,95.5,16100.000000000002,3377497.0
2112,2010.0,Tiana,129.6,21900.0,170229.0
2113,2010.0,Tona,90.6,15300.0,122578.0
2114,2010.0,Tordera,81.7,13800.0,215586.0
2115,2010.0,Torelló,94.1,15900.0,220295.0
2116,2010.0,Torredembarra,102.1,17200.0,260570.0
2117,2010.0,Torrelles de Llobregat,96.2,16200.0,89538.0
2118,2010.0,Torroella de Montgrí,93.2,15700.0,175035.0
2119,2010.0,Tortosa,103.6,17500.0,586042.0
2120,2010.0,Tossa de Mar,99.8,16800.0,96266.0
2121,2010.0,Tremp,110.4,18600.0,115022.0
2122,2010.0,Tàrrega,100.9,17000.0,283559.0
2123,2010.0,Ulldecona,92.6,15600.0,112103.0
2124,2010.0,Vacarisses,82.6,13900.0,83552.0
2125,2010.0,Vallirana,92.0,15500.0,219007.0
2126,2010.0,Valls,102.5,17300.0,426077.0
2127,2010.0,Vandellòs i l'Hospitalet de l'Infant,92.0,15500.0,89929.0
2128,2010.0,"Vendrell, el",103.4,17400.0,617364.0
2129,2010.0,Vic,93.9,15800.0,641576.0
2130,2010.0,Vidreres,91.7,15500.0,113744.0
2131,2010.0,Vielha e Mijaran,112.8,19000.0,102656.0
2132,2010.0,Vila-seca,82.4,13900.0,294447.0
2133,2010.0,Viladecans,86.6,14600.0,928471.0
2134,2010.0,Viladecavalls,98.4,16600.0,119892.0
2135,2010.0,Vilafant,96.6,16300.0,85002.0
2136,2010.0,Vilafranca del Penedès,99.8,16800.0,648293.0
2137,2010.0,Vilanova del Camí,81.8,13800.0,172793.0
2138,2010.0,Vilanova i la Geltrú,96.2,16200.0,1061315.0
2139,2010.0,Vilassar de Dalt,123.0,20700.0,179923.0
2140,2010.0,Vilassar de Mar,113.7,19200.0,373920.0
2141,2011.0,Abrera,101.5,17000.0,197898.0
2142,2011.0,Agramunt,86.3,14400.0,80786.0
2143,2011.0,Alcanar,73.0,12200.0,127946.0
2144,2011.0,Alcarràs,85.5,14300.0,120811.0
2145,2011.0,Alcover,87.0,14500.0,74269.0
2146,2011.0,Alella,135.7,22700.0,216369.0
2147,2011.0,Almacelles,82.6,13800.0,91371.0
2148,2011.0,Alpicat,106.8,17800.0,109409.0
2149,2011.0,Altafulla,108.8,18200.0,86722.0
2150,2011.0,"Ametlla de Mar, l'",65.3,10900.0,82487.0
2151,2011.0,"Ametlla del Vallès, l'",120.3,20100.0,163158.0
2152,2011.0,Amposta,74.5,12400.0,263340.0
2153,2011.0,Anglès,87.8,14700.0,81900.0
2154,2011.0,"Arboç, l'",81.2,13600.0,74308.0
2155,2011.0,Arbúcies,81.2,13600.0,89805.0
2156,2011.0,Arenys de Mar,95.8,16000.0,238052.0
2157,2011.0,Arenys de Munt,95.5,15900.0,135133.0
2158,2011.0,Argentona,104.0,17400.0,204728.0
2159,2011.0,Artés,96.1,16000.0,89078.0
2160,2011.0,Badalona,91.1,15200.0,3334049.0
2161,2011.0,Badia del Vallès,70.6,11800.0,159825.0
2162,2011.0,Balaguer,80.2,13400.0,224761.0
2163,2011.0,Banyoles,94.3,15700.0,301792.0
2164,2011.0,Barberà del Vallès,97.4,16300.0,522957.0
2165,2011.0,Barcelona,122.7,20500.0,32985313.0
2166,2011.0,Begues,123.3,20600.0,132536.0
2167,2011.0,Berga,97.3,16300.0,274739.0
2168,2011.0,Bigues i Riells del Fai,100.5,16800.0,146703.0
2169,2011.0,"Bisbal d'Empordà, la",79.8,13300.0,139231.0
2170,2011.0,Blanes,80.0,13400.0,523325.0
2171,2011.0,"Borges Blanques, les",90.4,15100.0,90629.0
2172,2011.0,Cabrils,131.1,21900.0,156208.0
2173,2011.0,Calafell,80.4,13400.0,330978.0
2174,2011.0,Caldes de Malavella,88.2,14700.0,101971.0
2175,2011.0,Caldes de Montbui,102.6,17100.0,294150.0
2176,2011.0,Calella,81.8,13700.0,252969.0
2177,2011.0,Calonge i Sant Antoni,83.5,13900.0,149089.0
2178,2011.0,Cambrils,88.2,14700.0,487235.0
2179,2011.0,Canet de Mar,93.8,15700.0,220236.0
2180,2011.0,"Canonja, la",77.2,12900.0,73011.0
2181,2011.0,Canovelles,81.6,13600.0,216786.0
2182,2011.0,Capellades,95.7,16000.0,87223.0
2183,2011.0,Cardedeu,102.9,17200.0,296739.0
2184,2011.0,Cardona,102.4,17100.0,86757.0
2185,2011.0,Cassà de la Selva,94.4,15800.0,154140.0
2186,2011.0,"Castell d'Aro, Platja d'Aro i s'Agaró",77.0,12900.0,133198.0
2187,2011.0,Castellar del Vallès,101.5,16900.0,393617.0
2188,2011.0,Castellbisbal,98.6,16500.0,202525.0
2189,2011.0,Castelldefels,106.3,17800.0,1113565.0
2190,2011.0,Castelló d'Empúries,58.8,9800.0,114278.0
2191,2011.0,Celrà,89.5,15000.0,71787.0
2192,2011.0,Centelles,98.4,16400.0,119931.0
2193,2011.0,Cerdanyola del Vallès,105.4,17600.0,1019260.0
2194,2011.0,Cervelló,109.8,18300.0,157851.0
2195,2011.0,Cervera,82.9,13800.0,129845.0
2196,2011.0,Constantí,70.9,11800.0,78613.0
2197,2011.0,Corbera de Llobregat,103.8,17300.0,243958.0
2198,2011.0,Cornellà de Llobregat,93.2,15600.0,1351990.0
2199,2011.0,Cubelles,97.1,16200.0,229589.0
2200,2011.0,Cunit,78.9,13200.0,164853.0
2201,2011.0,Deltebre,68.4,11400.0,138526.0
2202,2011.0,Dosrius,96.0,16000.0,82158.0
2203,2011.0,"Escala, l'",72.3,12100.0,125110.0
2204,2011.0,Esparreguera,93.8,15700.0,341653.0
2205,2011.0,Esplugues de Llobregat,115.2,19200.0,893200.0
2206,2011.0,Falset,86.5,14500.0,41831.0
2207,2011.0,Figueres,76.2,12700.0,563285.0
2208,2011.0,"Franqueses del Vallès, les",94.3,15800.0,296031.0
2209,2011.0,Gandesa,81.1,13500.0,42535.0
2210,2011.0,"Garriga, la",106.6,17800.0,272353.0
2211,2011.0,Gavà,104.1,17400.0,801700.0
2212,2011.0,Gelida,97.3,16300.0,114936.0
2213,2011.0,Girona,99.3,16600.0,1594931.0
2214,2011.0,Gironella,94.8,15800.0,80183.0
2215,2011.0,Granollers,98.6,16500.0,983703.0
2216,2011.0,Guissona,86.5,14500.0,95843.0
2217,2011.0,"Hospitalet de Llobregat, l'",90.4,15100.0,3854867.0
2218,2011.0,Igualada,97.9,16400.0,639634.0
2219,2011.0,"Llagosta, la",86.2,14400.0,196151.0
2220,2011.0,Llagostera,85.8,14300.0,115570.0
2221,2011.0,Llançà,82.6,13800.0,69529.0
2222,2011.0,Lleida,93.2,15600.0,2143223.0
2223,2011.0,Llinars del Vallès,95.9,16000.0,149823.0
2224,2011.0,Lliçà d'Amunt,98.9,16500.0,239048.0
2225,2011.0,Lliçà de Vall,106.6,17800.0,113487.0
2226,2011.0,Lloret de Mar,58.0,9700.0,386604.0
2227,2011.0,Malgrat de Mar,84.2,14100.0,258617.0
2228,2011.0,Manlleu,87.9,14700.0,299139.0
2229,2011.0,Manresa,99.6,16600.0,1270055.0
2230,2011.0,Martorell,91.1,15200.0,420258.0
2231,2011.0,"Masnou, el",114.9,19200.0,430548.0
2232,2011.0,Masquefa,90.0,15000.0,125178.0
2233,2011.0,Matadepera,163.8,27400.0,235285.0
2234,2011.0,Mataró,87.6,14600.0,1804292.0
2235,2011.0,Maçanet de la Selva,70.9,11800.0,83124.0
2236,2011.0,Moià,95.4,15900.0,91521.0
2237,2011.0,Molins de Rei,113.8,19000.0,466400.0
2238,2011.0,Mollerussa,83.3,13900.0,203294.0
2239,2011.0,Mollet del Vallès,92.4,15400.0,804446.0
2240,2011.0,Mont-roig del Camp,73.4,12300.0,153499.0
2241,2011.0,Montblanc,94.0,15700.0,114764.0
2242,2011.0,Montcada i Reixac,91.5,15300.0,524855.0
2243,2011.0,Montgat,110.7,18500.0,198737.0
2244,2011.0,Montmeló,96.4,16100.000000000002,142291.0
2245,2011.0,Montornès del Vallès,89.2,14900.0,239199.0
2246,2011.0,Móra d'Ebre,93.3,15600.0,86877.0
2247,2011.0,Navarcles,96.1,16000.0,95454.0
2248,2011.0,Navàs,98.5,16500.0,100999.0
2249,2011.0,Olesa de Montserrat,93.7,15700.0,372679.0
2250,2011.0,Olot,95.1,15900.0,533021.0
2251,2011.0,Palafolls,85.1,14200.0,127242.0
2252,2011.0,Palafrugell,76.1,12700.0,287181.0
2253,2011.0,Palamós,85.8,14300.0,253257.0
2254,2011.0,Palau-solità i Plegamans,99.4,16600.0,238629.0
2255,2011.0,Pallejà,110.8,18500.0,207323.0
2256,2011.0,Parets del Vallès,98.9,16500.0,301221.0
2257,2011.0,Piera,83.2,13900.0,207025.0
2258,2011.0,Pineda de Mar,80.2,13400.0,347478.0
2259,2011.0,Polinyà,92.1,15400.0,123356.0
2260,2011.0,"Pont de Suert, el",92.2,15400.0,38279.0
2261,2011.0,"Prat de Llobregat, el",97.9,16300.0,1029375.0
2262,2011.0,Premià de Dalt,120.9,20200.0,205483.0
2263,2011.0,Premià de Mar,102.3,17100.0,479925.0
2264,2011.0,Puigcerdà,80.4,13400.0,117962.0
2265,2011.0,Reus,85.8,14300.0,1524091.0
2266,2011.0,Ripoll,100.3,16700.0,182279.0
2267,2011.0,Ripollet,90.7,15100.0,564506.0
2268,2011.0,Riudoms,82.3,13700.0,88762.0
2269,2011.0,"Roca del Vallès, la",108.0,18000.0,185999.0
2270,2011.0,Roda de Berà,85.8,14300.0,89548.0
2271,2011.0,Roda de Ter,91.5,15300.0,93842.0
2272,2011.0,Roquetes,80.0,13400.0,109455.0
2273,2011.0,Roses,64.7,10800.0,210434.0
2274,2011.0,Rubí,91.5,15300.0,1130774.0
2275,2011.0,"Ràpita, la",73.6,12300.0,185581.0
2276,2011.0,Sabadell,99.1,16600.0,3429392.0
2277,2011.0,Sallent,100.2,16700.0,114803.0
2278,2011.0,Salou,71.4,11900.0,312691.0
2279,2011.0,Salt,66.5,11100.0,333216.0
2280,2011.0,Sant Adrià de Besòs,88.9,14900.0,507154.0
2281,2011.0,Sant Andreu de Llavaneres,114.4,19100.0,199098.0
2282,2011.0,Sant Andreu de la Barca,92.8,15500.0,419145.0
2283,2011.0,Sant Antoni de Vilamajor,104.6,17500.0,97911.0
2284,2011.0,Sant Boi de Llobregat,94.8,15800.0,1306422.0
2285,2011.0,Sant Celoni,93.5,15600.0,264760.0
2286,2011.0,Sant Cugat del Vallès,135.9,22700.0,1903419.0
2287,2011.0,Sant Esteve Sesrovires,107.1,17900.0,132963.0
2288,2011.0,Sant Feliu de Codines,91.3,15300.0,91937.0
2289,2011.0,Sant Feliu de Guíxols,81.5,13600.0,294834.0
2290,2011.0,Sant Feliu de Llobregat,106.3,17800.0,766217.0
2291,2011.0,Sant Fost de Campsentelles,105.0,17500.0,147389.0
2292,2011.0,Sant Fruitós de Bages,118.1,19700.0,161521.0
2293,2011.0,Sant Hilari Sacalm,89.2,14900.0,84178.0
2294,2011.0,Sant Joan Despí,112.6,18800.0,609757.0
2295,2011.0,Sant Joan de Vilatorrada,92.6,15500.0,166139.0
2296,2011.0,Sant Just Desvern,144.7,24200.0,385978.0
2297,2011.0,Sant Pere de Ribes,92.6,15500.0,442716.0
2298,2011.0,Sant Pol de Mar,111.7,18700.0,94164.0
2299,2011.0,Sant Quirze del Vallès,130.0,21700.0,411849.0
2300,2011.0,Sant Sadurní d'Anoia,104.5,17500.0,215974.0
2301,2011.0,Sant Vicenç de Castellet,85.6,14300.0,131351.0
2302,2011.0,Sant Vicenç de Montalt,124.9,20900.0,121805.0
2303,2011.0,Sant Vicenç dels Horts,87.9,14700.0,410315.0
2304,2011.0,Santa Coloma de Cervelló,106.3,17700.0,140243.0
2305,2011.0,Santa Coloma de Farners,84.1,14000.0,171098.0
2306,2011.0,Santa Coloma de Gramenet,81.0,13500.0,1625308.0
2307,2011.0,Santa Cristina d'Aro,84.0,14000.0,70625.0
2308,2011.0,Santa Eulàlia de Ronçana,100.9,16900.0,116946.0
2309,2011.0,Santa Margarida de Montbui,71.9,12000.0,116886.0
2310,2011.0,Santa Margarida i els Monjos,95.7,16000.0,112711.0
2311,2011.0,Santa Maria de Palautordera,90.6,15100.0,137959.0
2312,2011.0,Santa Perpètua de Mogoda,93.9,15700.0,398193.0
2313,2011.0,Santpedor,108.0,18000.0,129218.0
2314,2011.0,"Selva del Camp, la",91.6,15300.0,85091.0
2315,2011.0,Sentmenat,96.4,16100.000000000002,135916.0
2316,2011.0,"Seu d'Urgell, la",84.1,14100.0,176921.0
2317,2011.0,Sils,86.5,14400.0,79571.0
2318,2011.0,Sitges,105.2,17600.0,500129.0
2319,2011.0,Solsona,85.0,14200.0,131162.0
2320,2011.0,Sort,93.8,15700.0,36184.0
2321,2011.0,"Sénia, la",73.6,12300.0,73543.0
2322,2011.0,Súria,99.0,16500.0,102826.0
2323,2011.0,Taradell,102.9,17200.0,106204.0
2324,2011.0,Tarragona,96.8,16200.0,2153111.0
2325,2011.0,Teià,143.9,24000.0,147330.0
2326,2011.0,Terrassa,95.2,15900.0,3401930.0
2327,2011.0,Tiana,131.0,21900.0,175576.0
2328,2011.0,Tona,83.9,14000.0,113321.0
2329,2011.0,Tordera,78.7,13100.0,211140.0
2330,2011.0,Torelló,96.0,16000.0,222373.0
2331,2011.0,Torredembarra,85.0,14200.0,217026.0
2332,2011.0,Torrelles de Llobregat,104.6,17500.0,98985.0
2333,2011.0,Torroella de Montgrí,78.7,13100.0,148696.0
2334,2011.0,Tortosa,86.0,14400.0,489674.0
2335,2011.0,Tossa de Mar,76.3,12800.0,74474.0
2336,2011.0,Tremp,91.4,15300.0,100095.0
2337,2011.0,Tàrrega,83.2,13900.0,233850.0
2338,2011.0,Ulldecona,63.5,10600.0,77316.0
2339,2011.0,Vacarisses,88.4,14800.0,91342.0
2340,2011.0,Vallirana,98.5,16400.0,236741.0
2341,2011.0,Valls,91.5,15300.0,380506.0
2342,2011.0,Vandellòs i l'Hospitalet de l'Infant,88.4,14800.0,87573.0
2343,2011.0,"Vendrell, el",84.6,14100.0,513134.0
2344,2011.0,Vic,97.1,16200.0,663763.0
2345,2011.0,Vidreres,83.8,14000.0,105995.0
2346,2011.0,Vielha e Mijaran,85.3,14300.0,78316.0
2347,2011.0,Vila-seca,78.9,13200.0,287232.0
2348,2011.0,Viladecans,96.8,16200.0,1044143.0
2349,2011.0,Viladecavalls,104.6,17500.0,128783.0
2350,2011.0,Vilafant,85.5,14300.0,77189.0
2351,2011.0,Vilafranca del Penedès,97.9,16400.0,634491.0
2352,2011.0,Vilanova del Camí,78.1,13000.0,164043.0
2353,2011.0,Vilanova del Vallès,109.0,18200.0,91072.0
2354,2011.0,Vilanova i la Geltrú,93.8,15700.0,1032736.0
2355,2011.0,Vilassar de Dalt,117.6,19600.0,172541.0
2356,2011.0,Vilassar de Mar,118.0,19700.0,390009.0
2357,2012.0,Abrera,101.7,16500.0,195793.0
2358,2012.0,Agramunt,87.1,14100.0,78814.0
2359,2012.0,Alcanar,76.3,12400.0,128631.0
2360,2012.0,Alcarràs,82.1,13300.0,116626.0
2361,2012.0,Alcover,88.6,14400.0,73653.0
2362,2012.0,Alella,137.1,22300.0,213192.0
2363,2012.0,Almacelles,84.0,13600.0,90328.0
2364,2012.0,Alpicat,106.3,17300.0,105921.0
2365,2012.0,Altafulla,108.6,17600.0,85446.0
2366,2012.0,"Ametlla de Mar, l'",64.7,10500.0,79470.0
2367,2012.0,"Ametlla del Vallès, l'",121.7,19800.0,161492.0
2368,2012.0,Amposta,74.6,12100.0,256607.0
2369,2012.0,Anglès,87.3,14200.0,79086.0
2370,2012.0,"Arboç, l'",81.0,13100.0,71832.0
2371,2012.0,Arbúcies,83.0,13500.0,87662.0
2372,2012.0,Arenys de Mar,96.2,15600.0,234488.0
2373,2012.0,Arenys de Munt,99.3,16100.000000000002,136919.0
2374,2012.0,Argentona,104.8,17000.0,201185.0
2375,2012.0,Artés,95.2,15400.0,85796.0
2376,2012.0,Badalona,91.6,14900.0,3246956.0
2377,2012.0,Badia del Vallès,72.2,11700.0,158170.0
2378,2012.0,Balaguer,80.2,13000.0,216951.0
2379,2012.0,Banyoles,94.3,15300.0,293833.0
2380,2012.0,Barberà del Vallès,98.0,15900.0,514954.0
2381,2012.0,Barcelona,121.2,19700.0,31533082.0
2382,2012.0,Begues,125.8,20400.0,132709.0
2383,2012.0,Berga,99.3,16100.000000000002,269024.0
2384,2012.0,Bigues i Riells del Fai,98.7,16000.0,139836.0
2385,2012.0,"Bisbal d'Empordà, la",79.2,12900.0,136174.0
2386,2012.0,Blanes,80.2,13000.0,506721.0
2387,2012.0,"Borges Blanques, les",89.9,14600.0,88055.0
2388,2012.0,Cabrils,134.9,21900.0,155603.0
2389,2012.0,Calafell,80.7,13100.0,320343.0
2390,2012.0,Caldes de Malavella,89.6,14600.0,100588.0
2391,2012.0,Caldes de Montbui,104.9,17000.0,291967.0
2392,2012.0,Calella,83.6,13600.0,249235.0
2393,2012.0,Calonge i Sant Antoni,82.4,13400.0,141400.0
2394,2012.0,Cambrils,87.1,14100.0,471924.0
2395,2012.0,Canet de Mar,93.6,15200.0,213381.0
2396,2012.0,"Canonja, la",79.5,12900.0,73475.0
2397,2012.0,Canovelles,81.0,13200.0,210277.0
2398,2012.0,Capellades,101.2,16400.0,88523.0
2399,2012.0,Cardedeu,103.2,16800.0,291612.0
2400,2012.0,Cardona,109.3,17800.0,88859.0
2401,2012.0,Cassà de la Selva,96.2,15600.0,152501.0
2402,2012.0,"Castell d'Aro, Platja d'Aro i s'Agaró",75.7,12300.0,129041.0
2403,2012.0,Castellar del Vallès,100.5,16300.0,380480.0
2404,2012.0,Castellbisbal,98.3,16000.0,196821.0
2405,2012.0,Castelldefels,104.5,17000.0,1060770.0
2406,2012.0,Castelló d'Empúries,57.5,9300.0,108398.0
2407,2012.0,Celrà,92.0,14900.0,73134.0
2408,2012.0,Centelles,99.0,16100.000000000002,116833.0
2409,2012.0,Cerdanyola del Vallès,106.8,17300.0,997429.0
2410,2012.0,Cervelló,111.3,18100.0,155753.0
2411,2012.0,Cervera,87.7,14200.0,132311.0
2412,2012.0,Constantí,69.9,11400.0,76192.0
2413,2012.0,Corbera de Llobregat,103.1,16700.0,236818.0
2414,2012.0,Cornellà de Llobregat,94.2,15300.0,1320657.0
2415,2012.0,Cubelles,96.4,15700.0,223046.0
2416,2012.0,Cunit,80.8,13100.0,163255.0
2417,2012.0,Deltebre,69.2,11200.0,135161.0
2418,2012.0,Dosrius,96.0,15600.0,80093.0
2419,2012.0,"Escala, l'",73.2,11900.0,122370.0
2420,2012.0,Esparreguera,94.7,15400.0,333619.0
2421,2012.0,Esplugues de Llobregat,114.4,18600.0,860235.0
2422,2012.0,Falset,86.1,14000.0,40084.0
2423,2012.0,Figueres,76.6,12400.0,550295.0
2424,2012.0,"Franqueses del Vallès, les",94.2,15300.0,290032.0
2425,2012.0,Gandesa,83.5,13600.0,42229.0
2426,2012.0,"Garriga, la",105.3,17100.0,264230.0
2427,2012.0,Gavà,103.6,16800.0,774163.0
2428,2012.0,Gelida,84.5,13700.0,97175.0
2429,2012.0,Girona,98.9,16100.000000000002,1538085.0
2430,2012.0,Gironella,98.1,15900.0,79521.0
2431,2012.0,Granollers,98.4,16000.0,952529.0
2432,2012.0,Guissona,85.2,13800.0,93404.0
2433,2012.0,"Hospitalet de Llobregat, l'",91.6,14900.0,3765331.0
2434,2012.0,Igualada,97.0,15800.0,613939.0
2435,2012.0,"Llagosta, la",87.6,14200.0,191497.0
2436,2012.0,Llagostera,87.0,14100.0,113772.0
2437,2012.0,Llançà,82.9,13500.0,66747.0
2438,2012.0,Lleida,92.8,15100.0,2074167.0
2439,2012.0,Llinars del Vallès,95.5,15500.0,146952.0
2440,2012.0,Lliçà d'Amunt,100.1,16300.0,236661.0
2441,2012.0,Lliçà de Vall,109.4,17800.0,113389.0
2442,2012.0,Lloret de Mar,57.9,9400.0,376039.0
2443,2012.0,Malgrat de Mar,84.5,13700.0,251379.0
2444,2012.0,Manlleu,88.6,14400.0,291774.0
2445,2012.0,Manresa,97.1,15800.0,1196306.0
2446,2012.0,Martorell,90.7,14700.0,409965.0
2447,2012.0,"Masnou, el",114.3,18600.0,415866.0
2448,2012.0,Masquefa,90.5,14700.0,122987.0
2449,2012.0,Matadepera,149.2,24200.0,210468.0
2450,2012.0,Mataró,87.5,14200.0,1748805.0
2451,2012.0,Maçanet de la Selva,75.4,12200.0,86280.0
2452,2012.0,Moià,98.2,15900.0,91578.0
2453,2012.0,Molins de Rei,114.0,18500.0,455737.0
2454,2012.0,Mollerussa,82.5,13400.0,196986.0
2455,2012.0,Mollet del Vallès,93.4,15200.0,786236.0
2456,2012.0,Mont-roig del Camp,72.6,11800.0,149616.0
2457,2012.0,Montblanc,95.8,15600.0,113977.0
2458,2012.0,Montcada i Reixac,92.0,14900.0,517391.0
2459,2012.0,Montgat,110.6,18000.0,195250.0
2460,2012.0,Montmeló,98.1,15900.0,140243.0
2461,2012.0,Montornès del Vallès,89.8,14600.0,234692.0
2462,2012.0,Móra d'Ebre,94.1,15300.0,84443.0
2463,2012.0,Navarcles,97.1,15800.0,93629.0
2464,2012.0,Navàs,101.1,16400.0,100280.0
2465,2012.0,Olesa de Montserrat,94.7,15400.0,363814.0
2466,2012.0,Olot,95.7,15500.0,520051.0
2467,2012.0,Palafolls,84.9,13800.0,123882.0
2468,2012.0,Palafrugell,74.3,12100.0,272467.0
2469,2012.0,Palamós,85.4,13900.0,243619.0
2470,2012.0,Palau-solità i Plegamans,100.5,16300.0,235188.0
2471,2012.0,Pallejà,112.4,18200.0,203203.0
2472,2012.0,Parets del Vallès,99.0,16100.000000000002,296550.0
2473,2012.0,Piera,84.8,13800.0,206261.0
2474,2012.0,Pineda de Mar,79.9,13000.0,335975.0
2475,2012.0,Polinyà,92.0,14900.0,120931.0
2476,2012.0,"Pont de Suert, el",93.1,15100.0,36912.0
2477,2012.0,"Prat de Llobregat, el",99.4,16100.000000000002,1013206.0
2478,2012.0,Premià de Dalt,123.5,20000.0,205018.0
2479,2012.0,Premià de Mar,102.5,16600.0,464731.0
2480,2012.0,Puigcerdà,77.8,12600.0,111558.0
2481,2012.0,Reus,85.6,13900.0,1473771.0
2482,2012.0,Ripoll,101.4,16500.0,178187.0
2483,2012.0,Ripollet,90.7,14700.0,547270.0
2484,2012.0,Riudoms,84.3,13700.0,88216.0
2485,2012.0,"Roca del Vallès, la",108.7,17700.0,182706.0
2486,2012.0,Roda de Berà,85.3,13900.0,87282.0
2487,2012.0,Roda de Ter,92.9,15100.0,92222.0
2488,2012.0,Roquetes,81.1,13200.0,107700.0
2489,2012.0,Roses,66.1,10700.0,209019.0
2490,2012.0,Rubí,90.9,14800.0,1094542.0
2491,2012.0,"Ràpita, la",75.1,12200.0,183332.0
2492,2012.0,Sabadell,99.2,16100.000000000002,3331558.0
2493,2012.0,Sallent,103.2,16800.0,113974.0
2494,2012.0,Salou,70.5,11400.0,303044.0
2495,2012.0,Salt,67.1,10900.0,323932.0
2496,2012.0,Sant Adrià de Besòs,89.2,14500.0,497421.0
2497,2012.0,Sant Andreu de Llavaneres,114.0,18500.0,193761.0
2498,2012.0,Sant Andreu de la Barca,93.2,15100.0,409802.0
2499,2012.0,Sant Antoni de Vilamajor,107.1,17400.0,98856.0
2500,2012.0,Sant Boi de Llobregat,94.8,15400.0,1270924.0
2501,2012.0,Sant Celoni,94.1,15300.0,261411.0
2502,2012.0,Sant Cugat del Vallès,133.2,21600.0,1842024.0
2503,2012.0,Sant Esteve Sesrovires,107.6,17500.0,130436.0
2504,2012.0,Sant Feliu de Codines,92.6,15000.0,90837.0
2505,2012.0,Sant Feliu de Guíxols,80.6,13100.0,283317.0
2506,2012.0,Sant Feliu de Llobregat,107.7,17500.0,758252.0
2507,2012.0,Sant Fost de Campsentelles,106.9,17400.0,146745.0
2508,2012.0,Sant Fruitós de Bages,106.8,17300.0,142335.0
2509,2012.0,Sant Hilari Sacalm,90.7,14700.0,82970.0
2510,2012.0,Sant Joan Despí,114.6,18600.0,604984.0
2511,2012.0,Sant Joan de Vilatorrada,93.8,15200.0,163372.0
2512,2012.0,Sant Just Desvern,141.0,22900.0,371567.0
2513,2012.0,Sant Pere de Ribes,92.6,15000.0,429171.0
2514,2012.0,Sant Pol de Mar,112.0,18200.0,91446.0
2515,2012.0,Sant Quirze del Vallès,129.6,21000.0,402319.0
2516,2012.0,Sant Sadurní d'Anoia,105.0,17000.0,212955.0
2517,2012.0,Sant Vicenç de Castellet,85.5,13900.0,129035.0
2518,2012.0,Sant Vicenç de Montalt,130.1,21100.0,123992.0
2519,2012.0,Sant Vicenç dels Horts,88.6,14400.0,401492.0
2520,2012.0,Santa Coloma de Cervelló,107.9,17500.0,139206.0
2521,2012.0,Santa Coloma de Farners,84.6,13700.0,168682.0
2522,2012.0,Santa Coloma de Gramenet,81.8,13300.0,1582840.0
2523,2012.0,Santa Cristina d'Aro,82.6,13400.0,67654.0
2524,2012.0,Santa Eulàlia de Ronçana,102.4,16600.0,116253.0
2525,2012.0,Santa Margarida de Montbui,74.1,12000.0,116274.0
2526,2012.0,Santa Margarida i els Monjos,95.4,15500.0,111139.0
2527,2012.0,Santa Maria de Palautordera,92.6,15000.0,137656.0
2528,2012.0,Santa Perpètua de Mogoda,95.7,15500.0,395330.0
2529,2012.0,Santpedor,108.2,17600.0,126867.0
2530,2012.0,"Selva del Camp, la",91.7,14900.0,82936.0
2531,2012.0,Sentmenat,92.5,15000.0,128405.0
2532,2012.0,"Seu d'Urgell, la",84.0,13600.0,168877.0
2533,2012.0,Sils,86.8,14100.0,78683.0
2534,2012.0,Sitges,104.3,16900.0,485671.0
2535,2012.0,Solsona,85.4,13900.0,127180.0
2536,2012.0,Sort,94.0,15300.0,34651.0
2537,2012.0,"Sénia, la",72.3,11700.0,69820.0
2538,2012.0,Súria,102.0,16600.0,101539.0
2539,2012.0,Taradell,104.3,16900.0,104693.0
2540,2012.0,Tarragona,96.3,15600.0,2074819.0
2541,2012.0,Teià,142.7,23200.0,141348.0
2542,2012.0,Terrassa,95.2,15500.0,3315614.0
2543,2012.0,Tiana,129.1,21000.0,170222.0
2544,2012.0,Tona,100.8,16400.0,131671.0
2545,2012.0,Tordera,78.5,12800.0,206788.0
2546,2012.0,Torelló,100.5,16300.0,225207.0
2547,2012.0,Torredembarra,85.6,13900.0,211537.0
2548,2012.0,Torrelles de Llobregat,105.2,17100.0,97510.0
2549,2012.0,Torroella de Montgrí,80.1,13000.0,147263.0
2550,2012.0,Tortosa,86.8,14100.0,476217.0
2551,2012.0,Tossa de Mar,74.4,12100.0,70246.0
2552,2012.0,Tremp,94.9,15400.0,97818.0
2553,2012.0,Tàrrega,83.4,13500.0,224435.0
2554,2012.0,Ulldecona,65.1,10600.0,76203.0
2555,2012.0,Vacarisses,88.9,14400.0,89728.0
2556,2012.0,Vallirana,98.0,15900.0,230041.0
2557,2012.0,Valls,91.8,14900.0,369106.0
2558,2012.0,Vandellòs i l'Hospitalet de l'Infant,90.8,14700.0,87499.0
2559,2012.0,"Vendrell, el",84.0,13600.0,497169.0
2560,2012.0,Vic,97.8,15900.0,653313.0
2561,2012.0,Vidreres,85.5,13900.0,105259.0
2562,2012.0,Vielha e Mijaran,87.2,14200.0,76805.0
2563,2012.0,Vila-seca,79.6,12900.0,280704.0
2564,2012.0,Viladecans,96.8,15700.0,1018374.0
2565,2012.0,Viladecavalls,104.1,16900.0,124584.0
2566,2012.0,Vilafant,85.3,13800.0,74790.0
2567,2012.0,Vilafranca del Penedès,97.4,15800.0,613967.0
2568,2012.0,Vilanova del Camí,78.8,12800.0,160078.0
2569,2012.0,Vilanova del Vallès,111.2,18100.0,91816.0
2570,2012.0,Vilanova i la Geltrú,93.7,15200.0,996026.0
2571,2012.0,Vilassar de Dalt,118.5,19200.0,169402.0
2572,2012.0,Vilassar de Mar,117.6,19100.0,378414.0
2573,2013.0,Abrera,100.9,16300.0,194685.0
2574,2013.0,Agramunt,90.3,14600.0,80171.0
2575,2013.0,Alcanar,76.2,12300.0,121750.0
2576,2013.0,Alcarràs,87.0,14000.0,125856.0
2577,2013.0,Alcover,89.8,14500.0,74207.0
2578,2013.0,Alella,137.7,22200.0,212204.0
2579,2013.0,Almacelles,85.1,13700.0,90357.0
2580,2013.0,Alpicat,107.0,17300.0,106353.0
2581,2013.0,Altafulla,103.9,16700.0,82490.0
2582,2013.0,"Ametlla de Mar, l'",65.7,10600.0,78548.0
2583,2013.0,"Ametlla del Vallès, l'",119.1,19200.0,157511.0
2584,2013.0,Amposta,73.4,11800.0,250218.0
2585,2013.0,Anglès,85.1,13700.0,75927.0
2586,2013.0,"Arboç, l'",77.2,12500.0,68145.0
2587,2013.0,Arbúcies,81.4,13100.0,83834.0
2588,2013.0,Arenys de Mar,95.3,15400.0,231739.0
2589,2013.0,Arenys de Munt,96.6,15600.0,132703.0
2590,2013.0,Argentona,100.5,16200.0,191230.0
2591,2013.0,Artés,94.0,15200.0,84660.0
2592,2013.0,Badalona,92.2,14900.0,3208511.0
2593,2013.0,Badia del Vallès,71.1,11500.0,154230.0
2594,2013.0,Balaguer,78.9,12700.0,208884.0
2595,2013.0,Banyoles,92.1,14900.0,284991.0
2596,2013.0,Barberà del Vallès,97.5,15700.0,508759.0
2597,2013.0,Barcelona,123.1,19900.0,31531616.0
2598,2013.0,Begues,120.9,19500.0,127434.0
2599,2013.0,Berga,98.4,15900.0,261229.0
2600,2013.0,Bigues i Riells del Fai,100.2,16200.0,141242.0
2601,2013.0,"Bisbal d'Empordà, la",76.0,12300.0,130012.0
2602,2013.0,Blanes,79.3,12800.0,495743.0
2603,2013.0,"Borges Blanques, les",90.7,14600.0,88373.0
2604,2013.0,Cabrils,133.9,21600.0,153363.0
2605,2013.0,Calafell,79.8,12900.0,312214.0
2606,2013.0,Caldes de Malavella,91.2,14700.0,102275.0
2607,2013.0,Caldes de Montbui,101.1,16300.0,277830.0
2608,2013.0,Calella,82.7,13300.0,242336.0
2609,2013.0,Calonge i Sant Antoni,82.8,13400.0,138881.0
2610,2013.0,Cambrils,87.4,14100.0,469960.0
2611,2013.0,Canet de Mar,93.2,15000.0,209719.0
2612,2013.0,"Canonja, la",79.4,12800.0,73455.0
2613,2013.0,Canovelles,85.4,13800.0,218697.0
2614,2013.0,Capellades,97.7,15700.0,83629.0
2615,2013.0,Cardedeu,101.7,16400.0,286893.0
2616,2013.0,Cardona,102.6,16500.0,81391.0
2617,2013.0,Cassà de la Selva,97.0,15600.0,151978.0
2618,2013.0,"Castell d'Aro, Platja d'Aro i s'Agaró",74.7,12000.0,127369.0
2619,2013.0,Castellar del Vallès,98.7,15900.0,370949.0
2620,2013.0,Castellbisbal,97.1,15700.0,193055.0
2621,2013.0,Castelldefels,105.3,17000.0,1061293.0
2622,2013.0,Castelló d'Empúries,59.0,9500.0,108777.0
2623,2013.0,Celrà,92.5,14900.0,73673.0
2624,2013.0,Centelles,98.5,15900.0,115070.0
2625,2013.0,Cerdanyola del Vallès,108.3,17500.0,998141.0
2626,2013.0,Cervelló,108.2,17400.0,151288.0
2627,2013.0,Cervera,80.4,13000.0,118027.0
2628,2013.0,Constantí,69.9,11300.0,74389.0
2629,2013.0,Corbera de Llobregat,101.0,16300.0,230019.0
2630,2013.0,Cornellà de Llobregat,94.4,15200.0,1302661.0
2631,2013.0,Cubelles,95.6,15400.0,220199.0
2632,2013.0,Cunit,80.8,13000.0,157740.0
2633,2013.0,Deltebre,71.2,11500.0,136000.0
2634,2013.0,Dosrius,95.9,15500.0,78881.0
2635,2013.0,"Escala, l'",72.8,11700.0,118555.0
2636,2013.0,Esparreguera,95.7,15400.0,333014.0
2637,2013.0,Esplugues de Llobregat,113.9,18400.0,843240.0
2638,2013.0,Falset,86.0,13900.0,39467.0
2639,2013.0,Figueres,75.6,12200.0,539474.0
2640,2013.0,"Franqueses del Vallès, les",92.7,14900.0,283855.0
2641,2013.0,Gandesa,81.4,13100.0,40526.0
2642,2013.0,"Garriga, la",103.5,16700.0,260007.0
2643,2013.0,Gavà,104.6,16900.0,773391.0
2644,2013.0,Gelida,96.7,15600.0,111029.0
2645,2013.0,Girona,98.6,15900.0,1515667.0
2646,2013.0,Gironella,95.7,15400.0,76252.0
2647,2013.0,Granollers,96.8,15600.0,927640.0
2648,2013.0,Guissona,84.0,13500.0,92066.0
2649,2013.0,"Hospitalet de Llobregat, l'",92.1,14800.0,3723267.0
2650,2013.0,Igualada,94.3,15200.0,589155.0
2651,2013.0,"Llagosta, la",88.2,14200.0,189808.0
2652,2013.0,Llagostera,87.3,14100.0,113214.0
2653,2013.0,Llançà,80.5,13000.0,63371.0
2654,2013.0,Lleida,92.4,14900.0,2040044.0
2655,2013.0,Llinars del Vallès,94.3,15200.0,144174.0
2656,2013.0,Lliçà d'Amunt,97.1,15700.0,228291.0
2657,2013.0,Lliçà de Vall,109.5,17700.0,112088.0
2658,2013.0,Lloret de Mar,57.9,9300.0,364228.0
2659,2013.0,Malgrat de Mar,84.9,13700.0,249252.0
2660,2013.0,Manlleu,89.6,14400.0,290302.0
2661,2013.0,Manresa,94.8,15300.0,1147281.0
2662,2013.0,Martorell,89.9,14500.0,401499.0
2663,2013.0,"Masnou, el",114.8,18500.0,414818.0
2664,2013.0,Masquefa,88.5,14300.0,119693.0
2665,2013.0,Matadepera,139.6,22500.0,197143.0
2666,2013.0,Mataró,85.4,13800.0,1689782.0
2667,2013.0,Maçanet de la Selva,75.8,12200.0,85095.0
2668,2013.0,Moià,90.8,14600.0,83626.0
2669,2013.0,Molins de Rei,114.6,18500.0,457183.0
2670,2013.0,Mollerussa,79.7,12800.0,189854.0
2671,2013.0,Mollet del Vallès,92.9,15000.0,771877.0
2672,2013.0,Mont-roig del Camp,75.8,12200.0,152325.0
2673,2013.0,Montblanc,94.7,15300.0,111711.0
2674,2013.0,Montcada i Reixac,92.4,14900.0,513059.0
2675,2013.0,Montgat,110.9,17900.0,197717.0
2676,2013.0,Montmeló,97.6,15700.0,138622.0
2677,2013.0,Montornès del Vallès,89.1,14400.0,231004.0
2678,2013.0,Móra d'Ebre,91.5,14800.0,81072.0
2679,2013.0,Navarcles,95.5,15400.0,91386.0
2680,2013.0,Navàs,94.7,15300.0,92850.0
2681,2013.0,Olesa de Montserrat,94.3,15200.0,355757.0
2682,2013.0,Olot,94.0,15200.0,506256.0
2683,2013.0,Palafolls,83.9,13500.0,121257.0
2684,2013.0,Palafrugell,73.0,11800.0,264723.0
2685,2013.0,Palamós,85.3,13800.0,241307.0
2686,2013.0,Palau-solità i Plegamans,98.5,15900.0,228292.0
2687,2013.0,Pallejà,112.1,18100.0,200865.0
2688,2013.0,Parets del Vallès,99.3,16000.0,296826.0
2689,2013.0,Piera,83.0,13400.0,200382.0
2690,2013.0,Pineda de Mar,79.0,12700.0,328157.0
2691,2013.0,Polinyà,90.3,14600.0,118660.0
2692,2013.0,"Pont de Suert, el",97.4,15700.0,37409.0
2693,2013.0,"Prat de Llobregat, el",100.8,16300.0,1015877.0
2694,2013.0,Premià de Dalt,118.8,19100.0,195197.0
2695,2013.0,Premià de Mar,103.0,16600.0,461945.0
2696,2013.0,Puigcerdà,76.9,12400.0,108873.0
2697,2013.0,Reus,86.0,13900.0,1459403.0
2698,2013.0,Ripoll,99.6,16100.000000000002,172474.0
2699,2013.0,Ripollet,90.8,14600.0,542023.0
2700,2013.0,Riudoms,86.9,14000.0,90707.0
2701,2013.0,"Roca del Vallès, la",105.9,17100.0,177462.0
2702,2013.0,Roda de Berà,82.7,13300.0,84201.0
2703,2013.0,Roda de Ter,93.0,15000.0,90760.0
2704,2013.0,Roquetes,80.7,13000.0,106588.0
2705,2013.0,Roses,67.2,10800.0,209031.0
2706,2013.0,Rubí,90.2,14500.0,1075701.0
2707,2013.0,"Ràpita, la",73.6,11900.0,177846.0
2708,2013.0,Sabadell,97.6,15700.0,3246883.0
2709,2013.0,Sallent,103.2,16600.0,112140.0
2710,2013.0,Salou,70.8,11400.0,302300.0
2711,2013.0,Salt,66.3,10700.0,316228.0
2712,2013.0,Sant Adrià de Besòs,88.1,14200.0,492583.0
2713,2013.0,Sant Andreu de Llavaneres,114.1,18400.0,192228.0
2714,2013.0,Sant Andreu de la Barca,93.7,15100.0,407906.0
2715,2013.0,Sant Antoni de Vilamajor,105.0,16900.0,96059.0
2716,2013.0,Sant Boi de Llobregat,93.5,15100.0,1242614.0
2717,2013.0,Sant Celoni,91.5,14700.0,253027.0
2718,2013.0,Sant Cugat del Vallès,133.0,21400.0,1846622.0
2719,2013.0,Sant Esteve Sesrovires,107.6,17400.0,129515.0
2720,2013.0,Sant Feliu de Codines,89.6,14400.0,85561.0
2721,2013.0,Sant Feliu de Guíxols,80.5,13000.0,279336.0
2722,2013.0,Sant Feliu de Llobregat,108.1,17400.0,754195.0
2723,2013.0,Sant Fost de Campsentelles,105.3,17000.0,145060.0
2724,2013.0,Sant Fruitós de Bages,110.4,17800.0,145800.0
2725,2013.0,Sant Hilari Sacalm,87.5,14100.0,79171.0
2726,2013.0,Sant Joan Despí,114.4,18500.0,600675.0
2727,2013.0,Sant Joan de Vilatorrada,94.1,15200.0,161894.0
2728,2013.0,Sant Just Desvern,141.5,22800.0,375235.0
2729,2013.0,Sant Pere de Ribes,90.7,14600.0,418413.0
2730,2013.0,Sant Pol de Mar,108.6,17500.0,87107.0
2731,2013.0,Sant Quirze del Vallès,129.0,20800.0,402808.0
2732,2013.0,Sant Sadurní d'Anoia,101.7,16400.0,205481.0
2733,2013.0,Sant Vicenç de Castellet,83.6,13500.0,124970.0
2734,2013.0,Sant Vicenç de Montalt,128.3,20700.0,122192.0
2735,2013.0,Sant Vicenç dels Horts,87.8,14200.0,394185.0
2736,2013.0,Santa Coloma de Cervelló,108.1,17400.0,138865.0
2737,2013.0,Santa Coloma de Farners,84.4,13600.0,168434.0
2738,2013.0,Santa Coloma de Gramenet,81.9,13200.0,1558423.0
2739,2013.0,Santa Cristina d'Aro,86.1,13900.0,70495.0
2740,2013.0,Santa Eulàlia de Ronçana,96.7,15600.0,109641.0
2741,2013.0,Santa Margarida de Montbui,66.4,10700.0,103136.0
2742,2013.0,Santa Margarida i els Monjos,90.4,14600.0,106020.0
2743,2013.0,Santa Maria de Palautordera,91.0,14700.0,133587.0
2744,2013.0,Santa Perpètua de Mogoda,94.6,15300.0,385688.0
2745,2013.0,Santpedor,104.4,16800.0,122900.0
2746,2013.0,"Selva del Camp, la",91.1,14700.0,81895.0
2747,2013.0,Sentmenat,93.3,15000.0,129291.0
2748,2013.0,"Seu d'Urgell, la",80.7,13000.0,160578.0
2749,2013.0,Sils,84.8,13700.0,77526.0
2750,2013.0,Sitges,107.6,17400.0,489855.0
2751,2013.0,Solsona,86.5,13900.0,126873.0
2752,2013.0,Sort,90.4,14600.0,32573.0
2753,2013.0,"Sénia, la",69.9,11300.0,66291.0
2754,2013.0,Súria,101.3,16300.0,98112.0
2755,2013.0,Taradell,102.7,16600.0,101806.0
2756,2013.0,Tarragona,95.8,15500.0,2039560.0
2757,2013.0,Teià,137.0,22100.0,134060.0
2758,2013.0,Terrassa,92.7,14900.0,3199005.0
2759,2013.0,Tiana,132.4,21400.0,174452.0
2760,2013.0,Tona,98.9,15900.0,126775.0
2761,2013.0,Tordera,78.0,12600.0,203153.0
2762,2013.0,Torelló,97.1,15700.0,215328.0
2763,2013.0,Torredembarra,83.2,13400.0,205350.0
2764,2013.0,Torrelles de Llobregat,104.8,16900.0,97169.0
2765,2013.0,Torroella de Montgrí,79.8,12900.0,144731.0
2766,2013.0,Tortosa,85.9,13800.0,464601.0
2767,2013.0,Tossa de Mar,75.2,12100.0,69085.0
2768,2013.0,Tremp,96.9,15600.0,96844.0
2769,2013.0,Tàrrega,82.3,13300.0,218866.0
2770,2013.0,Ulldecona,67.2,10800.0,75898.0
2771,2013.0,Vacarisses,88.7,14300.0,88698.0
2772,2013.0,Vallirana,96.3,15500.0,224708.0
2773,2013.0,Valls,91.8,14800.0,363708.0
2774,2013.0,Vandellòs i l'Hospitalet de l'Infant,90.6,14600.0,87456.0
2775,2013.0,"Vendrell, el",82.8,13400.0,486478.0
2776,2013.0,Vic,96.6,15600.0,642869.0
2777,2013.0,Vidreres,87.1,14000.0,106627.0
2778,2013.0,Vielha e Mijaran,85.2,13700.0,74420.0
2779,2013.0,Vila-seca,81.2,13100.0,283678.0
2780,2013.0,Viladecans,96.8,15600.0,1010019.0
2781,2013.0,Viladecavalls,104.9,16900.0,124394.0
2782,2013.0,Vilafant,88.3,14200.0,76417.0
2783,2013.0,Vilafranca del Penedès,95.6,15400.0,598889.0
2784,2013.0,Vilanova del Camí,76.2,12300.0,153271.0
2785,2013.0,Vilanova del Vallès,109.4,17600.0,91174.0
2786,2013.0,Vilanova i la Geltrú,92.7,15000.0,973959.0
2787,2013.0,Vilassar de Dalt,114.8,18500.0,162436.0
2788,2013.0,Vilassar de Mar,118.6,19100.0,380076.0
2789,2014.0,Abrera,102.0,16800.0,201304.0
2790,2014.0,Agramunt,90.4,14900.0,81225.0
2791,2014.0,Alcanar,76.2,12600.0,120312.0
2792,2014.0,Alcarràs,85.2,14000.0,128035.0
2793,2014.0,Alcover,92.4,15200.0,77567.0
2794,2014.0,Alella,135.6,22400.0,212873.0
2795,2014.0,Almacelles,87.5,14400.0,95050.0
2796,2014.0,Alpicat,106.3,17500.0,107840.0
2797,2014.0,Altafulla,102.0,16800.0,84093.0
2798,2014.0,"Ametlla de Mar, l'",66.5,11000.0,78384.0
2799,2014.0,"Ametlla del Vallès, l'",119.8,19700.0,162456.0
2800,2014.0,Amposta,72.9,12000.0,252148.0
2801,2014.0,Anglès,85.5,14100.0,77440.0
2802,2014.0,"Arboç, l'",75.5,12400.0,67992.0
2803,2014.0,Arbúcies,81.8,13500.0,84897.0
2804,2014.0,Arenys de Mar,94.3,15500.0,234502.0
2805,2014.0,Arenys de Munt,94.1,15500.0,132932.0
2806,2014.0,Argentona,105.3,17400.0,204950.0
2807,2014.0,Artés,93.2,15400.0,86231.0
2808,2014.0,Badalona,92.2,15200.0,3245332.0
2809,2014.0,Badia del Vallès,71.3,11700.0,157854.0
2810,2014.0,Balaguer,78.9,13000.0,212032.0
2811,2014.0,Banyoles,93.2,15400.0,294500.0
2812,2014.0,Barberà del Vallès,97.8,16100.000000000002,521199.0
2813,2014.0,Barcelona,123.3,20300.0,32137557.0
2814,2014.0,Begues,121.3,20000.0,131468.0
2815,2014.0,Berga,98.0,16200.0,262351.0
2816,2014.0,Bigues i Riells del Fai,99.5,16400.0,144175.0
2817,2014.0,"Bisbal d'Empordà, la",74.7,12300.0,130207.0
2818,2014.0,Blanes,79.4,13100.0,505884.0
2819,2014.0,"Borges Blanques, les",89.3,14700.0,88598.0
2820,2014.0,Cabrils,139.7,23000.0,163991.0
2821,2014.0,Calafell,78.6,13000.0,311983.0
2822,2014.0,Caldes de Malavella,92.0,15200.0,106880.0
2823,2014.0,Caldes de Montbui,101.8,16800.0,285065.0
2824,2014.0,Calella,82.2,13600.0,244193.0
2825,2014.0,Calonge i Sant Antoni,82.0,13500.0,139974.0
2826,2014.0,Cambrils,87.7,14500.0,478868.0
2827,2014.0,Canet de Mar,90.6,14900.0,208285.0
2828,2014.0,"Canonja, la",78.9,13000.0,75458.0
2829,2014.0,Canovelles,85.4,14100.0,222415.0
2830,2014.0,Capellades,96.8,16000.0,83926.0
2831,2014.0,Cardedeu,100.3,16500.0,292154.0
2832,2014.0,Cardona,100.6,16600.0,80717.0
2833,2014.0,Cassà de la Selva,95.8,15800.0,154054.0
2834,2014.0,"Castell d'Aro, Platja d'Aro i s'Agaró",73.5,12100.0,126821.0
2835,2014.0,Castellar del Vallès,98.8,16300.0,379288.0
2836,2014.0,Castellbisbal,97.7,16100.000000000002,198252.0
2837,2014.0,Castelldefels,105.3,17400.0,1091887.0
2838,2014.0,Castelló d'Empúries,60.0,9900.0,107830.0
2839,2014.0,Celrà,91.5,15100.0,75288.0
2840,2014.0,Centelles,96.5,15900.0,115161.0
2841,2014.0,Cerdanyola del Vallès,107.8,17800.0,1013123.0
2842,2014.0,Cervelló,106.6,17600.0,153594.0
2843,2014.0,Cervera,80.2,13200.0,118271.0
2844,2014.0,Constantí,70.4,11600.0,74861.0
2845,2014.0,Corbera de Llobregat,102.6,16900.0,238273.0
2846,2014.0,Cornellà de Llobregat,94.2,15500.0,1326757.0
2847,2014.0,Cubelles,95.7,15800.0,224173.0
2848,2014.0,Cunit,80.5,13300.0,156892.0
2849,2014.0,Deltebre,71.9,11800.0,137583.0
2850,2014.0,Dosrius,97.7,16100.000000000002,82240.0
2851,2014.0,"Escala, l'",71.5,11800.0,117486.0
2852,2014.0,Esparreguera,95.8,15800.0,339149.0
2853,2014.0,Esplugues de Llobregat,115.0,19000.0,860608.0
2854,2014.0,Falset,89.1,14700.0,41658.0
2855,2014.0,Figueres,74.3,12200.0,542426.0
2856,2014.0,"Franqueses del Vallès, les",92.5,15200.0,292025.0
2857,2014.0,Gandesa,83.2,13700.0,41389.0
2858,2014.0,"Garriga, la",101.8,16800.0,262190.0
2859,2014.0,Gavà,104.3,17200.0,789088.0
2860,2014.0,Gelida,97.6,16100.000000000002,115333.0
2861,2014.0,Girona,98.8,16300.0,1550855.0
2862,2014.0,Gironella,94.5,15600.0,76673.0
2863,2014.0,Granollers,97.3,16000.0,954607.0
2864,2014.0,Guissona,88.2,14500.0,98884.0
2865,2014.0,"Hospitalet de Llobregat, l'",91.3,15000.0,3751946.0
2866,2014.0,Igualada,94.3,15500.0,600196.0
2867,2014.0,"Llagosta, la",88.0,14500.0,191947.0
2868,2014.0,Llagostera,84.0,13800.0,111162.0
2869,2014.0,Llançà,80.3,13200.0,64323.0
2870,2014.0,Lleida,92.5,15200.0,2072232.0
2871,2014.0,Llinars del Vallès,94.3,15500.0,147348.0
2872,2014.0,Lliçà d'Amunt,97.7,16100.000000000002,235075.0
2873,2014.0,Lliçà de Vall,109.7,18100.0,114258.0
2874,2014.0,Lloret de Mar,60.3,9900.0,373596.0
2875,2014.0,Malgrat de Mar,83.8,13800.0,250440.0
2876,2014.0,Manlleu,84.4,13900.0,277475.0
2877,2014.0,Manresa,94.7,15600.0,1160370.0
2878,2014.0,Martorell,91.0,15000.0,412686.0
2879,2014.0,"Masnou, el",118.5,19500.0,439850.0
2880,2014.0,Masquefa,88.3,14500.0,121423.0
2881,2014.0,Matadepera,142.2,23400.0,206567.0
2882,2014.0,Mataró,84.4,13900.0,1708145.0
2883,2014.0,Maçanet de la Selva,77.1,12700.0,86725.0
2884,2014.0,Moià,89.0,14700.0,84566.0
2885,2014.0,Molins de Rei,114.9,18900.0,471508.0
2886,2014.0,Mollerussa,80.1,13200.0,194707.0
2887,2014.0,Mollet del Vallès,93.0,15300.0,785961.0
2888,2014.0,Mont-roig del Camp,76.6,12600.0,151597.0
2889,2014.0,Montblanc,95.7,15800.0,114693.0
2890,2014.0,Montcada i Reixac,93.0,15300.0,523593.0
2891,2014.0,Montgat,109.6,18100.0,203213.0
2892,2014.0,Montmeló,97.5,16100.000000000002,141116.0
2893,2014.0,Montornès del Vallès,88.7,14600.0,234880.0
2894,2014.0,Móra d'Ebre,91.6,15100.0,82285.0
2895,2014.0,Navarcles,95.4,15700.0,93679.0
2896,2014.0,Navàs,95.6,15800.0,95465.0
2897,2014.0,Olesa de Montserrat,93.6,15400.0,359464.0
2898,2014.0,Olot,93.8,15500.0,515291.0
2899,2014.0,Palafolls,84.2,13900.0,124537.0
2900,2014.0,Palafrugell,72.0,11900.0,265291.0
2901,2014.0,Palamós,83.4,13700.0,241271.0
2902,2014.0,Palau-solità i Plegamans,99.9,16500.0,236315.0
2903,2014.0,Pallejà,110.5,18200.0,203336.0
2904,2014.0,Parets del Vallès,99.1,16300.0,304841.0
2905,2014.0,Piera,83.5,13800.0,205784.0
2906,2014.0,Pineda de Mar,78.5,12900.0,331272.0
2907,2014.0,Polinyà,92.2,15200.0,124310.0
2908,2014.0,"Pont de Suert, el",94.7,15600.0,36553.0
2909,2014.0,"Prat de Llobregat, el",101.0,16600.0,1036759.0
2910,2014.0,Premià de Dalt,120.4,19800.0,202574.0
2911,2014.0,Premià de Mar,102.0,16800.0,465011.0
2912,2014.0,Puigcerdà,75.3,12400.0,108804.0
2913,2014.0,Reus,86.0,14200.0,1474683.0
2914,2014.0,Ripoll,98.4,16200.0,172615.0
2915,2014.0,Ripollet,90.6,14900.0,554003.0
2916,2014.0,Riudoms,84.7,14000.0,92033.0
2917,2014.0,"Roca del Vallès, la",105.4,17400.0,181243.0
2918,2014.0,Roda de Berà,80.8,13300.0,84051.0
2919,2014.0,Roda de Ter,92.1,15200.0,91491.0
2920,2014.0,Roquetes,80.1,13200.0,107724.0
2921,2014.0,Roses,67.6,11100.0,213026.0
2922,2014.0,Rubí,90.0,14800.0,1096317.0
2923,2014.0,"Ràpita, la",71.5,11800.0,174501.0
2924,2014.0,Sabadell,97.5,16100.000000000002,3315256.0
2925,2014.0,Sallent,105.6,17400.0,116029.0
2926,2014.0,Salou,70.7,11700.0,307977.0
2927,2014.0,Salt,66.1,10900.0,316671.0
2928,2014.0,Sant Adrià de Besòs,86.3,14200.0,499877.0
2929,2014.0,Sant Andreu de Llavaneres,116.1,19100.0,198940.0
2930,2014.0,Sant Andreu de la Barca,94.2,15500.0,419393.0
2931,2014.0,Sant Antoni de Vilamajor,102.8,16900.0,96634.0
2932,2014.0,Sant Boi de Llobregat,95.4,15700.0,1285781.0
2933,2014.0,Sant Celoni,92.0,15200.0,259954.0
2934,2014.0,Sant Cugat del Vallès,133.9,22100.0,1917885.0
2935,2014.0,Sant Esteve Sesrovires,107.8,17800.0,133238.0
2936,2014.0,Sant Feliu de Codines,91.4,15100.0,88215.0
2937,2014.0,Sant Feliu de Guíxols,79.7,13100.0,280266.0
2938,2014.0,Sant Feliu de Llobregat,108.3,17900.0,773161.0
2939,2014.0,Sant Fost de Campsentelles,106.3,17500.0,150123.0
2940,2014.0,Sant Fruitós de Bages,109.4,18000.0,148386.0
2941,2014.0,Sant Hilari Sacalm,89.0,14700.0,81650.0
2942,2014.0,Sant Joan Despí,114.7,18900.0,619744.0
2943,2014.0,Sant Joan de Vilatorrada,94.2,15500.0,165422.0
2944,2014.0,Sant Just Desvern,145.7,24000.0,392566.0
2945,2014.0,Sant Pere de Ribes,91.1,15000.0,435534.0
2946,2014.0,Sant Pol de Mar,107.8,17800.0,87652.0
2947,2014.0,Sant Quirze del Vallès,128.7,21200.0,412596.0
2948,2014.0,Sant Sadurní d'Anoia,104.8,17300.0,216756.0
2949,2014.0,Sant Vicenç de Castellet,82.9,13700.0,125753.0
2950,2014.0,Sant Vicenç de Montalt,124.2,20500.0,121741.0
2951,2014.0,Sant Vicenç dels Horts,87.8,14500.0,401670.0
2952,2014.0,Santa Coloma de Cervelló,106.9,17600.0,139979.0
2953,2014.0,Santa Coloma de Farners,83.5,13800.0,171529.0
2954,2014.0,Santa Coloma de Gramenet,82.0,13500.0,1571528.0
2955,2014.0,Santa Cristina d'Aro,84.9,14000.0,70692.0
2956,2014.0,Santa Eulàlia de Ronçana,97.9,16100.000000000002,113608.0
2957,2014.0,Santa Margarida de Montbui,67.2,11100.0,106559.0
2958,2014.0,Santa Margarida i els Monjos,92.0,15200.0,110395.0
2959,2014.0,Santa Maria de Palautordera,91.6,15100.0,136675.0
2960,2014.0,Santa Perpètua de Mogoda,93.8,15500.0,390521.0
2961,2014.0,Santpedor,104.4,17200.0,126626.0
2962,2014.0,"Selva del Camp, la",90.7,14900.0,83396.0
2963,2014.0,Sentmenat,94.3,15500.0,133496.0
2964,2014.0,"Seu d'Urgell, la",80.8,13300.0,162953.0
2965,2014.0,Sils,85.5,14100.0,80871.0
2966,2014.0,Sitges,110.9,18300.0,507426.0
2967,2014.0,Solsona,84.2,13900.0,125162.0
2968,2014.0,Sort,89.8,14800.0,32480.0
2969,2014.0,"Sénia, la",68.3,11300.0,65533.0
2970,2014.0,Súria,102.8,16900.0,100207.0
2971,2014.0,Taradell,100.0,16500.0,101293.0
2972,2014.0,Tarragona,95.9,15800.0,2074965.0
2973,2014.0,Teià,131.9,21700.0,132738.0
2974,2014.0,Terrassa,93.8,15500.0,3306767.0
2975,2014.0,Tiana,133.1,21900.0,180917.0
2976,2014.0,Tona,101.5,16700.0,132071.0
2977,2014.0,Tordera,76.3,12600.0,203351.0
2978,2014.0,Torelló,97.3,16000.0,219693.0
2979,2014.0,Torredembarra,79.5,13100.0,201375.0
2980,2014.0,Torrelles de Llobregat,105.3,17400.0,100798.0
2981,2014.0,Torroella de Montgrí,79.6,13100.0,146813.0
2982,2014.0,Tortosa,84.0,13800.0,463667.0
2983,2014.0,Tossa de Mar,76.0,12500.0,69758.0
2984,2014.0,Tremp,93.1,15400.0,93824.0
2985,2014.0,Tàrrega,82.7,13600.0,223007.0
2986,2014.0,Ulldecona,67.7,11200.0,75229.0
2987,2014.0,Vacarisses,89.5,14700.0,90552.0
2988,2014.0,Vallirana,96.5,15900.0,230139.0
2989,2014.0,Valls,92.1,15200.0,370300.0
2990,2014.0,Vandellòs i l'Hospitalet de l'Infant,87.8,14500.0,87514.0
2991,2014.0,"Vendrell, el",80.8,13300.0,483390.0
2992,2014.0,Vic,97.8,16100.000000000002,670318.0
2993,2014.0,Vidreres,85.7,14100.0,107466.0
2994,2014.0,Vielha e Mijaran,85.2,14000.0,75716.0
2995,2014.0,Vila-seca,78.9,13000.0,286659.0
2996,2014.0,Viladecans,98.0,16200.0,1046510.0
2997,2014.0,Viladecavalls,101.6,16700.0,122697.0
2998,2014.0,Vilafant,87.1,14400.0,77267.0
2999,2014.0,Vilafranca del Penedès,95.2,15700.0,610574.0
3000,2014.0,Vilanova del Camí,76.5,12600.0,156821.0
3001,2014.0,Vilanova del Vallès,109.5,18000.0,93937.0
3002,2014.0,Vilanova i la Geltrú,93.4,15400.0,996948.0
3003,2014.0,Vilassar de Dalt,116.5,19200.0,168937.0
3004,2014.0,Vilassar de Mar,117.6,19400.0,388255.0
3005,2015.0,Abrera,103.4,17446000.0,209872.0
3006,2015.0,Agramunt,85.7,14455000.0,78055.0
3007,2015.0,Aiguafreda,97.0,16376000.0,40117.0
3008,2015.0,Aitona,75.4,12720000.0,31022.0
3009,2015.0,Albatàrrec,73.7,12442000.0,27455.0
3010,2015.0,Albesa,81.3,13720000.0,21827.0
3011,2015.0,Albinyana,83.0,14012000.0,32124.0
3012,2015.0,Alcanar,70.4,11884000.0,113481.0
3013,2015.0,Alcarràs,74.4,12555000.0,114804.0
3014,2015.0,Alcoletge,80.9,13657000.0,44552.0
3015,2015.0,Alcover,93.1,15703000.0,79724.0
3016,2015.0,"Aldea, l'",70.8,11952000.0,50254.0
3017,2015.0,Alella,137.1,23142000.0,220130.0
3018,2015.0,Alfarràs,74.5,12569000.0,36317.0
3019,2015.0,Alforja,75.1,12675000.0,23670.0
3020,2015.0,Alguaire,87.7,14807000.0,43574.0
3021,2015.0,Almacelles,78.1,13184000.0,87606.0
3022,2015.0,Almenar,80.6,13608000.0,46839.0
3023,2015.0,Almoster,108.5,18318000.0,25800.0
3024,2015.0,Alp,78.4,13224000.0,20679.0
3025,2015.0,Alpicat,103.9,17536000.0,107434.0
3026,2015.0,Altafulla,101.7,17163000.0,86486.0
3027,2015.0,Amer,96.7,16314000.0,36280.0
3028,2015.0,"Ametlla de Mar, l'",69.8,11772000.0,83229.0
3029,2015.0,"Ametlla del Vallès, l'",125.5,21175000.0,175019.0
3030,2015.0,"Ampolla, l'",69.9,11797000.0,39674.0
3031,2015.0,Amposta,72.4,12215000.0,254115.0
3032,2015.0,Anglesola,85.0,14338000.0,19304.0
3033,2015.0,Anglès,85.3,14394000.0,78165.0
3034,2015.0,Arbeca,77.6,13087000.0,29546.0
3035,2015.0,"Arboç, l'",74.3,12538000.0,68597.0
3036,2015.0,Arbúcies,79.1,13346000.0,83422.0
3037,2015.0,Arenys de Mar,94.7,15982000.0,240670.0
3038,2015.0,Arenys de Munt,97.8,16512000.0,141446.0
3039,2015.0,Argentona,101.2,17076000.0,202310.0
3040,2015.0,"Armentera, l'",93.3,15751000.0,14131.0
3041,2015.0,Artesa de Lleida,87.6,14783000.0,21933.0
3042,2015.0,Artesa de Segre,76.4,12886000.0,45648.0
3043,2015.0,Artés,92.8,15660000.0,87503.0
3044,2015.0,Ascó,98.0,16539000.0,27483.0
3045,2015.0,Avinyonet de Puigventós,98.3,16595000.0,25477.0
3046,2015.0,Avinyonet del Penedès,102.0,17208000.0,28360.0
3047,2015.0,Avinyó,94.4,15930000.0,35254.0
3048,2015.0,Avià,96.9,16358000.0,36458.0
3049,2015.0,Badalona,95.6,16128000.0,3433605.0
3050,2015.0,Badia del Vallès,75.7,12768000.0,171392.0
3051,2015.0,Bagà,95.5,16123000.0,34877.0
3052,2015.0,Balaguer,76.8,12959000.0,211360.0
3053,2015.0,Balenyà,93.4,15755000.0,57570.0
3054,2015.0,Balsareny,95.8,16170000.0,53028.0
3055,2015.0,Banyeres del Penedès,92.1,15544000.0,47745.0
3056,2015.0,Banyoles,92.1,15550000.0,297511.0
3057,2015.0,Barberà del Vallès,100.8,17011000.0,553223.0
3058,2015.0,Barcelona,121.8,20556000.0,32604034.0
3059,2015.0,Batea,72.7,12262000.0,23706.0
3060,2015.0,Begues,121.6,20522000.0,136271.0
3061,2015.0,Begur,87.1,14705000.0,57351.0
3062,2015.0,Bell-lloc d'Urgell,88.5,14937000.0,34771.0
3063,2015.0,Bellcaire d'Urgell,88.9,14997000.0,18961.0
3064,2015.0,Bellpuig,77.9,13146000.0,65199.0
3065,2015.0,Bellvei,74.8,12625000.0,27392.0
3066,2015.0,Bellver de Cerdanya,90.6,15294000.0,30730.0
3067,2015.0,Bellvís,82.7,13948000.0,31468.0
3068,2015.0,Benavent de Segrià,95.8,16169000.0,23665.0
3069,2015.0,Benissanet,71.0,11980000.0,14554.0
3070,2015.0,Berga,94.9,16015000.0,258131.0
3071,2015.0,Besalú,94.0,15861000.0,37904.0
3072,2015.0,Bescanó,100.7,16997000.0,80206.0
3073,2015.0,Bigues i Riells del Fai,107.2,18090000.0,159697.0
3074,2015.0,"Bisbal d'Empordà, la",75.0,12658000.0,133643.0
3075,2015.0,"Bisbal del Penedès, la",79.4,13402000.0,46124.0
3076,2015.0,Blanes,79.2,13358000.0,515037.0
3077,2015.0,Bordils,103.8,17522000.0,29013.0
3078,2015.0,"Borges Blanques, les",83.8,14141000.0,84928.0
3079,2015.0,"Borges del Camp, les",83.0,14004000.0,29170.0
3080,2015.0,Bossòst,88.1,14869000.0,16564.0
3081,2015.0,Botarell,93.8,15827000.0,17614.0
3082,2015.0,Breda,88.3,14899000.0,54730.0
3083,2015.0,"Bruc, el",105.8,17856000.0,36050.0
3084,2015.0,Bàscara,91.8,15494000.0,14513.0
3085,2015.0,"Cabanyes, les",100.7,16989000.0,16122.0
3086,2015.0,Cabra del Camp,76.2,12862000.0,14270.0
3087,2015.0,Cabrera d'Anoia,85.5,14427000.0,19430.0
3088,2015.0,Cabrera de Mar,121.0,20424000.0,91387.0
3089,2015.0,Cabrils,140.2,23666000.0,169627.0
3090,2015.0,Cadaqués,65.9,11128000.0,30771.0
3091,2015.0,Calaf,88.0,14856000.0,50781.0
3092,2015.0,Calafell,79.7,13445000.0,323671.0
3093,2015.0,Calders,100.6,16977000.0,16177.0
3094,2015.0,Caldes d'Estrac,113.1,19094000.0,51619.0
3095,2015.0,Caldes de Malavella,94.4,15936000.0,113046.0
3096,2015.0,Caldes de Montbui,101.3,17089000.0,290591.0
3097,2015.0,Calella,82.4,13912000.0,250669.0
3098,2015.0,Calldetenes,99.2,16738000.0,39959.0
3099,2015.0,Callús,88.6,14950000.0,30274.0
3100,2015.0,Calonge i Sant Antoni,82.5,13920000.0,145117.0
3101,2015.0,Camarles,63.8,10760000.0,36345.0
3102,2015.0,Cambrils,87.5,14758000.0,489457.0
3103,2015.0,Campdevànol,104.0,17545000.0,58255.0
3104,2015.0,Camprodon,90.0,15192000.0,34204.0
3105,2015.0,Canet de Mar,94.0,15860000.0,222566.0
3106,2015.0,"Canonja, la",81.4,13742000.0,80226.0
3107,2015.0,Canovelles,80.9,13659000.0,216034.0
3108,2015.0,Canyelles,102.2,17245000.0,74422.0
3109,2015.0,Capellades,95.7,16146000.0,84554.0
3110,2015.0,Cardedeu,100.8,17003000.0,304856.0
3111,2015.0,Cardona,95.0,16027000.0,76926.0
3112,2015.0,Casserres,97.2,16411000.0,25045.0
3113,2015.0,Cassà de la Selva,93.3,15749000.0,154274.0
3114,2015.0,"Castell d'Aro, Platja d'Aro i s'Agaró",72.4,12219000.0,126943.0
3115,2015.0,Castellar del Vallès,101.1,17057000.0,399426.0
3116,2015.0,Castellbell i el Vilar,91.3,15412000.0,54680.0
3117,2015.0,Castellbisbal,104.7,17664000.0,216520.0
3118,2015.0,Castelldefels,114.4,19299000.0,1231035.0
3119,2015.0,Castellet i la Gornal,93.7,15805000.0,34590.0
3120,2015.0,Castellgalí,87.7,14793000.0,29295.0
3121,2015.0,Castellnou de Bages,95.8,16171000.0,20486.0
3122,2015.0,Castellterçol,95.8,16172000.0,37855.0
3123,2015.0,Castellvell del Camp,116.5,19662000.0,56629.0
3124,2015.0,Castellví de Rosanes,109.2,18429000.0,32661.0
3125,2015.0,Castellví de la Marca,88.0,14842000.0,22749.0
3126,2015.0,Castelló d'Empúries,61.5,10383000.0,109507.0
3127,2015.0,"Catllar, el",104.3,17598000.0,74085.0
3128,2015.0,"Cellera de Ter, la",86.6,14616000.0,29728.0
3129,2015.0,Celrà,94.8,16003000.0,81743.0
3130,2015.0,Centelles,96.2,16227000.0,118191.0
3131,2015.0,Cercs,106.1,17907000.0,21300.0
3132,2015.0,Cerdanyola del Vallès,109.0,18399000.0,1052155.0
3133,2015.0,Cervelló,113.7,19184000.0,168303.0
3134,2015.0,Cervera,79.7,13450000.0,119428.0
3135,2015.0,Cervià de Ter,99.7,16824000.0,15137.0
3136,2015.0,Collbató,122.3,20643000.0,89825.0
3137,2015.0,Constantí,70.5,11897000.0,76410.0
3138,2015.0,Corbera d'Ebre,71.4,12055000.0,12958.0
3139,2015.0,Corbera de Llobregat,103.3,17426000.0,245200.0
3140,2015.0,Corbins,88.6,14955000.0,20474.0
3141,2015.0,Cornellà de Llobregat,96.6,16309000.0,1393086.0
3142,2015.0,Cornellà del Terri,97.3,16411000.0,36786.0
3143,2015.0,Corçà,89.9,15176000.0,18579.0
3144,2015.0,Creixell,82.4,13903000.0,48338.0
3145,2015.0,"Cruïlles, Monells i Sant Sadurní de l'Heura",101.5,17134000.0,21842.0
3146,2015.0,Cubelles,100.2,16912000.0,241252.0
3147,2015.0,Cunit,82.3,13881000.0,163086.0
3148,2015.0,Cànoves i Samalús,100.7,16992000.0,48698.0
3149,2015.0,Deltebre,67.8,11441000.0,131490.0
3150,2015.0,Dosrius,100.3,16929000.0,86548.0
3151,2015.0,"Escala, l'",73.2,12352000.0,124391.0
3152,2015.0,Esparreguera,99.3,16763000.0,360901.0
3153,2015.0,"Espluga de Francolí, l'",84.8,14310000.0,54305.0
3154,2015.0,Esplugues de Llobregat,114.7,19362000.0,876180.0
3155,2015.0,"Esquirol, l'",101.7,17169000.0,36531.0
3156,2015.0,Falset,82.5,13930000.0,39401.0
3157,2015.0,Figaró-Montmany,80.7,13618000.0,14786.0
3158,2015.0,Figueres,73.9,12479000.0,553567.0
3159,2015.0,Flaçà,99.3,16761000.0,17013.0
3160,2015.0,Flix,99.0,16707000.0,61089.0
3161,2015.0,Fogars de la Selva,100.8,17014000.0,24514.0
3162,2015.0,Folgueroles,103.2,17410000.0,39316.0
3163,2015.0,Fonollosa,120.7,20374000.0,28246.0
3164,2015.0,Font-rubí,103.1,17399000.0,23436.0
3165,2015.0,Fontcoberta,96.7,16323000.0,23654.0
3166,2015.0,Forallac,103.6,17479000.0,29424.0
3167,2015.0,Fornells de la Selva,115.4,19470000.0,48262.0
3168,2015.0,"Franqueses del Vallès, les",94.3,15918000.0,307271.0
3169,2015.0,"Fuliola, la",72.5,12232000.0,15485.0
3170,2015.0,Gandesa,78.1,13185000.0,39150.0
3171,2015.0,"Garriga, la",102.1,17238000.0,271005.0
3172,2015.0,Gavà,109.2,18423000.0,845632.0
3173,2015.0,Gelida,96.3,16243000.0,116947.0
3174,2015.0,Gimenells i el Pla de la Font,71.0,11981000.0,13275.0
3175,2015.0,Girona,98.4,16608000.0,1588635.0
3176,2015.0,Gironella,94.1,15882000.0,77035.0
3177,2015.0,Golmés,81.1,13685000.0,24550.0
3178,2015.0,"Granada, la",94.1,15878000.0,32945.0
3179,2015.0,Granollers,97.7,16488000.0,984990.0
3180,2015.0,Gualba,105.3,17773000.0,25071.0
3181,2015.0,Guissona,89.4,15092000.0,102570.0
3182,2015.0,Gurb,110.6,18656000.0,46919.0
3183,2015.0,Horta de Sant Joan,70.9,11968000.0,14230.0
3184,2015.0,"Hospitalet de Llobregat, l'",92.8,15654000.0,3917447.0
3185,2015.0,"Hostalets de Pierola, els",87.9,14836000.0,42775.0
3186,2015.0,Hostalric,86.6,14617000.0,58113.0
3187,2015.0,Igualada,92.8,15656000.0,607334.0
3188,2015.0,Isona i Conca Dellà,86.0,14521000.0,15029.0
3189,2015.0,Ivars d'Urgell,87.0,14679000.0,23146.0
3190,2015.0,"Jonquera, la",67.9,11454000.0,35989.0
3191,2015.0,Juneda,81.4,13732000.0,46160.0
3192,2015.0,Linyola,78.9,13309000.0,35113.0
3193,2015.0,"Llagosta, la",92.0,15532000.0,204439.0
3194,2015.0,Llagostera,82.8,13977000.0,112578.0
3195,2015.0,Llançà,80.6,13606000.0,65736.0
3196,2015.0,Lleida,90.1,15199000.0,2059894.0
3197,2015.0,Llers,99.7,16832000.0,19833.0
3198,2015.0,Llinars del Vallès,94.9,16014000.0,153420.0
3199,2015.0,Lliçà d'Amunt,107.8,18197000.0,266651.0
3200,2015.0,Lliçà de Vall,112.7,19021000.0,120487.0
3201,2015.0,Llorenç del Penedès,84.7,14301000.0,32950.0
3202,2015.0,Lloret de Mar,63.8,10773000.0,396599.0
3203,2015.0,Llívia,73.0,12324000.0,17992.0
3204,2015.0,Malgrat de Mar,85.0,14345000.0,259332.0
3205,2015.0,Manlleu,85.5,14427000.0,286711.0
3206,2015.0,Manresa,92.3,15574000.0,1154622.0
3207,2015.0,Martorell,91.9,15516000.0,425296.0
3208,2015.0,Martorelles,154.2,26016000.0,122515.0
3209,2015.0,Masdenverge,73.2,12347000.0,13484.0
3210,2015.0,"Masies de Voltregà, les",98.7,16653000.0,51981.0
3211,2015.0,"Masnou, el",115.8,19544000.0,443672.0
3212,2015.0,Masquefa,94.1,15885000.0,132538.0
3213,2015.0,Matadepera,144.0,24297000.0,216154.0
3214,2015.0,Mataró,85.2,14376000.0,1774821.0
3215,2015.0,Maçanet de la Selva,79.1,13343000.0,90175.0
3216,2015.0,Mediona,80.8,13632000.0,30851.0
3217,2015.0,Miralcamp,82.0,13833000.0,18990.0
3218,2015.0,Moià,87.1,14697000.0,86188.0
3219,2015.0,Molins de Rei,114.4,19297000.0,482830.0
3220,2015.0,Mollerussa,78.6,13269000.0,194663.0
3221,2015.0,Mollet del Vallès,95.9,16184000.0,829121.0
3222,2015.0,Monistrol de Montserrat,93.1,15706000.0,44951.0
3223,2015.0,Mont-ras,101.1,17056000.0,28476.0
3224,2015.0,Mont-roig del Camp,78.0,13170000.0,154407.0
3225,2015.0,Montblanc,88.5,14933000.0,108540.0
3226,2015.0,Montbrió del Camp,82.6,13943000.0,38229.0
3227,2015.0,Montcada i Reixac,96.1,16216000.0,558039.0
3228,2015.0,Montesquiu,86.3,14566000.0,13449.0
3229,2015.0,Montferrer i Castellbò,78.6,13262000.0,13578.0
3230,2015.0,Montgat,113.3,19122000.0,218005.0
3231,2015.0,"Montmell, el",68.8,11607000.0,15944.0
3232,2015.0,Montmeló,97.6,16474000.0,144175.0
3233,2015.0,Montornès del Vallès,91.1,15376000.0,247375.0
3234,2015.0,"Morell, el",90.1,15208000.0,53750.0
3235,2015.0,Móra d'Ebre,88.4,14924000.0,81152.0
3236,2015.0,Móra la Nova,78.5,13253000.0,41013.0
3237,2015.0,Naut Aran,77.1,13013000.0,22604.0
3238,2015.0,Navarcles,95.1,16048000.0,95555.0
3239,2015.0,Navata,89.1,15039000.0,19426.0
3240,2015.0,Navàs,93.1,15715000.0,94725.0
3241,2015.0,Olesa de Bonesvalls,101.0,17047000.0,29120.0
3242,2015.0,Olesa de Montserrat,95.8,16169000.0,377855.0
3243,2015.0,Oliana,89.9,15171000.0,27793.0
3244,2015.0,Olivella,108.3,18279000.0,64119.0
3245,2015.0,Olost,97.4,16439000.0,19173.0
3246,2015.0,Olot,91.8,15494000.0,516072.0
3247,2015.0,Olèrdola,94.5,15940000.0,55812.0
3248,2015.0,Os de Balaguer,77.0,12991000.0,12947.0
3249,2015.0,Palafolls,85.9,14490000.0,130495.0
3250,2015.0,Palafrugell,71.5,12066000.0,270185.0
3251,2015.0,Palamós,84.0,14177000.0,247756.0
3252,2015.0,"Palau d'Anglesola, el",90.3,15244000.0,32534.0
3253,2015.0,Palau-saverdera,66.0,11130000.0,16025.0
3254,2015.0,Palau-solità i Plegamans,102.5,17299000.0,249136.0
3255,2015.0,"Pallaresos, els",97.9,16525000.0,75498.0
3256,2015.0,Pallejà,110.9,18721000.0,209993.0
3257,2015.0,"Palma de Cervelló, la",106.9,18033000.0,53288.0
3258,2015.0,Pals,91.1,15374000.0,37174.0
3259,2015.0,"Papiol, el",100.5,16967000.0,68459.0
3260,2015.0,Parets del Vallès,101.9,17199000.0,322398.0
3261,2015.0,Perafort,87.5,14772000.0,19204.0
3262,2015.0,Peralada,98.7,16653000.0,29817.0
3263,2015.0,"Perelló, el",63.1,10647000.0,30712.0
3264,2015.0,Piera,87.5,14758000.0,220875.0
3265,2015.0,Pineda de Mar,78.0,13157000.0,338689.0
3266,2015.0,"Pinell de Brai, el",80.9,13654000.0,13948.0
3267,2015.0,"Pla de Santa Maria, el",84.9,14323000.0,33091.0
3268,2015.0,"Pla del Penedès, el",83.2,14044000.0,17326.0
3269,2015.0,"Planes d'Hostoles, les",99.9,16857000.0,27567.0
3270,2015.0,"Pobla de Claramunt, la",95.0,16027000.0,34461.0
3271,2015.0,"Pobla de Lillet, la",102.3,17257000.0,19300.0
3272,2015.0,"Pobla de Mafumet, la",66.5,11227000.0,41769.0
3273,2015.0,"Pobla de Montornès, la",85.4,14419000.0,40824.0
3274,2015.0,"Pobla de Segur, la",90.1,15208000.0,44678.0
3275,2015.0,Polinyà,97.2,16408000.0,134883.0
3276,2015.0,"Pont de Suert, el",91.0,15349000.0,35448.0
3277,2015.0,"Pont de Vilomara i Rocafort, el",83.8,14141000.0,52200.0
3278,2015.0,Ponts,85.5,14432000.0,37579.0
3279,2015.0,Porqueres,93.0,15700000.0,70547.0
3280,2015.0,"Port de la Selva, el",69.8,11771000.0,11444.0
3281,2015.0,Portbou,87.3,14729000.0,16766.0
3282,2015.0,"Prat de Llobregat, el",104.0,17556000.0,1099765.0
3283,2015.0,Prats de Lluçanès,96.2,16230000.0,41145.0
3284,2015.0,Premià de Dalt,117.4,19820000.0,203642.0
3285,2015.0,Premià de Mar,103.0,17375000.0,478113.0
3286,2015.0,"Preses, les",97.7,16485000.0,28648.0
3287,2015.0,Puig-reig,94.6,15971000.0,65837.0
3288,2015.0,Puigcerdà,72.4,12214000.0,107580.0
3289,2015.0,Puigpelat,81.4,13745000.0,15373.0
3290,2015.0,Puigverd de Lleida,87.3,14738000.0,20054.0
3291,2015.0,Quart,104.6,17649000.0,59705.0
3292,2015.0,Reus,85.0,14347000.0,1486728.0
3293,2015.0,Riba-roja d'Ebre,86.6,14609000.0,16735.0
3294,2015.0,Ribes de Freser,99.6,16801000.0,30152.0
3295,2015.0,Riells i Viabrea,92.8,15659000.0,60780.0
3296,2015.0,"Riera de Gaià, la",91.4,15431000.0,26004.0
3297,2015.0,Ripoll,96.0,16205000.0,171243.0
3298,2015.0,Ripollet,94.0,15867000.0,592702.0
3299,2015.0,Riudarenes,88.3,14895000.0,31140.0
3300,2015.0,Riudecanyes,90.7,15304000.0,17384.0
3301,2015.0,Riudecols,93.1,15717000.0,18783.0
3302,2015.0,Riudellots de la Selva,105.2,17758000.0,35427.0
3303,2015.0,Riudoms,79.1,13356000.0,88498.0
3304,2015.0,"Roca del Vallès, la",107.0,18056000.0,189265.0
3305,2015.0,Roda de Berà,84.2,14205000.0,90440.0
3306,2015.0,Roda de Ter,92.4,15600000.0,94071.0
3307,2015.0,Roquetes,78.3,13208000.0,107203.0
3308,2015.0,Roses,68.6,11571000.0,219869.0
3309,2015.0,Rosselló,86.3,14567000.0,43324.0
3310,2015.0,Rubí,93.1,15703000.0,1169378.0
3311,2015.0,"Ràpita, la",69.9,11798000.0,173905.0
3312,2015.0,Sabadell,98.7,16651000.0,3446222.0
3313,2015.0,Sallent,99.9,16856000.0,110913.0
3314,2015.0,Salou,71.4,12049000.0,318120.0
3315,2015.0,Salt,67.7,11424000.0,327811.0
3316,2015.0,Sant Adrià de Besòs,88.3,14898000.0,531748.0
3317,2015.0,Sant Andreu de Llavaneres,115.6,19512000.0,203536.0
3318,2015.0,Sant Andreu de la Barca,96.6,16307000.0,442420.0
3319,2015.0,Sant Antoni de Vilamajor,103.8,17519000.0,101382.0
3320,2015.0,Sant Boi de Llobregat,98.8,16669000.0,1358969.0
3321,2015.0,Sant Cebrià de Vallalta,106.1,17903000.0,58746.0
3322,2015.0,Sant Celoni,90.7,15304000.0,264966.0
3323,2015.0,Sant Climent de Llobregat,106.7,18008000.0,71686.0
3324,2015.0,Sant Cugat Sesgarrigues,102.0,17217000.0,16689.0
3325,2015.0,Sant Cugat del Vallès,134.6,22719000.0,1997566.0
3326,2015.0,Sant Esteve Sesrovires,110.0,18570000.0,140335.0
3327,2015.0,Sant Esteve de Palautordera,102.9,17370000.0,44579.0
3328,2015.0,Sant Feliu de Codines,91.8,15491000.0,91377.0
3329,2015.0,Sant Feliu de Guíxols,79.6,13428000.0,285830.0
3330,2015.0,Sant Feliu de Llobregat,110.9,18710000.0,814495.0
3331,2015.0,Sant Feliu de Pallerols,93.1,15712000.0,20404.0
3332,2015.0,Sant Fost de Campsentelles,111.7,18852000.0,161553.0
3333,2015.0,Sant Fruitós de Bages,132.4,22344000.0,185581.0
3334,2015.0,Sant Gregori,106.5,17969000.0,61884.0
3335,2015.0,Sant Guim de Freixenet,84.1,14187000.0,14982.0
3336,2015.0,Sant Hilari Sacalm,85.4,14410000.0,79425.0
3337,2015.0,Sant Hipòlit de Voltregà,99.1,16719000.0,56768.0
3338,2015.0,Sant Iscle de Vallalta,90.4,15255000.0,19556.0
3339,2015.0,Sant Jaume d'Enveja,68.9,11622000.0,40992.0
3340,2015.0,Sant Jaume dels Domenys,82.5,13925000.0,34971.0
3341,2015.0,Sant Joan Despí,116.5,19652000.0,649916.0
3342,2015.0,Sant Joan de Vilatorrada,94.0,15864000.0,169461.0
3343,2015.0,Sant Joan de les Abadesses,100.5,16964000.0,56824.0
3344,2015.0,Sant Joan les Fonts,100.7,16989000.0,48661.0
3345,2015.0,Sant Julià de Ramis,104.7,17662000.0,59266.0
3346,2015.0,Sant Julià de Vilatorta,108.0,18230000.0,55844.0
3347,2015.0,Sant Julià del Llor i Bonmatí,100.4,16951000.0,21348.0
3348,2015.0,Sant Just Desvern,148.5,25068000.0,416686.0
3349,2015.0,Sant Llorenç Savall,92.4,15592000.0,36881.0
3350,2015.0,Sant Llorenç d'Hortons,102.9,17363000.0,44161.0
3351,2015.0,Sant Llorenç de Morunys,86.3,14571000.0,14196.0
3352,2015.0,Sant Martí Sarroca,87.4,14741000.0,45344.0
3353,2015.0,Sant Martí de Centelles,89.0,15018000.0,16465.0
3354,2015.0,Sant Martí de Tous,94.9,16011000.0,18984.0
3355,2015.0,Sant Pere Pescador,67.4,11376000.0,23698.0
3356,2015.0,Sant Pere de Ribes,93.8,15834000.0,463046.0
3357,2015.0,Sant Pere de Riudebitlles,95.6,16126000.0,38001.0
3358,2015.0,Sant Pere de Torelló,96.5,16292000.0,39014.0
3359,2015.0,Sant Pere de Vilamajor,105.5,17798000.0,75477.0
3360,2015.0,Sant Pol de Mar,107.3,18109000.0,88956.0
3361,2015.0,Sant Quintí de Mediona,80.2,13542000.0,28509.0
3362,2015.0,Sant Quirze de Besora,97.6,16478000.0,34564.0
3363,2015.0,Sant Quirze del Vallès,131.1,22125000.0,432161.0
3364,2015.0,Sant Sadurní d'Anoia,101.4,17117000.0,215528.0
3365,2015.0,Sant Salvador de Guardiola,94.7,15988000.0,49719.0
3366,2015.0,Sant Vicenç de Castellet,84.5,14266000.0,130828.0
3367,2015.0,Sant Vicenç de Montalt,128.1,21610000.0,130322.0
3368,2015.0,Sant Vicenç de Torelló,105.6,17822000.0,35100.0
3369,2015.0,Sant Vicenç dels Horts,92.4,15585000.0,431868.0
3370,2015.0,Santa Bàrbara,73.0,12314000.0,46232.0
3371,2015.0,Santa Coloma de Cervelló,112.3,18954000.0,151104.0
3372,2015.0,Santa Coloma de Farners,87.4,14746000.0,183691.0
3373,2015.0,Santa Coloma de Gramenet,85.0,14339000.0,1656939.0
3374,2015.0,Santa Coloma de Queralt,84.9,14329000.0,39847.0
3375,2015.0,Santa Cristina d'Aro,84.8,14313000.0,71811.0
3376,2015.0,Santa Eugènia de Berga,102.3,17262000.0,37850.0
3377,2015.0,Santa Eulàlia de Riuprimer,96.8,16333000.0,20521.0
3378,2015.0,Santa Eulàlia de Ronçana,103.3,17441000.0,122398.0
3379,2015.0,Santa Margarida de Montbui,68.7,11586000.0,111346.0
3380,2015.0,Santa Margarida i els Monjos,92.5,15611000.0,113955.0
3381,2015.0,Santa Maria d'Oló,95.4,16102000.0,16909.0
3382,2015.0,Santa Maria de Palautordera,93.4,15766000.0,143285.0
3383,2015.0,Santa Oliva,75.3,12701000.0,41213.0
3384,2015.0,Santa Pau,104.6,17649000.0,26700.0
3385,2015.0,Santa Perpètua de Mogoda,97.7,16484000.0,418384.0
3386,2015.0,Santa Susanna,97.7,16484000.0,53626.0
3387,2015.0,Santpedor,102.7,17332000.0,128824.0
3388,2015.0,Sarral,77.3,13040000.0,20630.0
3389,2015.0,Sarrià de Ter,107.7,18181000.0,88874.0
3390,2015.0,"Secuita, la",104.4,17616000.0,29591.0
3391,2015.0,"Selva del Camp, la",87.1,14705000.0,82157.0
3392,2015.0,Sentmenat,97.0,16375000.0,141343.0
3393,2015.0,Serinyà,86.1,14536000.0,16324.0
3394,2015.0,Seròs,77.9,13144000.0,24452.0
3395,2015.0,"Seu d'Urgell, la",76.6,12928000.0,156994.0
3396,2015.0,Seva,102.7,17337000.0,58773.0
3397,2015.0,Sils,87.1,14705000.0,84886.0
3398,2015.0,Sitges,110.4,18632000.0,519585.0
3399,2015.0,Solsona,80.9,13650000.0,122642.0
3400,2015.0,Sort,87.3,14728000.0,31649.0
3401,2015.0,Soses,82.2,13874000.0,23283.0
3402,2015.0,Subirats,98.1,16550000.0,49212.0
3403,2015.0,"Sénia, la",65.1,10982000.0,62892.0
3404,2015.0,Súria,101.9,17197000.0,100690.0
3405,2015.0,Taradell,99.9,16861000.0,104539.0
3406,2015.0,Tarragona,93.4,15759000.0,2065683.0
3407,2015.0,Teià,132.9,22425000.0,138126.0
3408,2015.0,Terrassa,95.6,16140000.0,3455143.0
3409,2015.0,Tiana,134.2,22644000.0,189404.0
3410,2015.0,Tivissa,79.5,13411000.0,22668.0
3411,2015.0,Tona,100.6,16982000.0,133650.0
3412,2015.0,Tordera,78.6,13261000.0,215023.0
3413,2015.0,Torelló,96.5,16281000.0,222682.0
3414,2015.0,"Torre de Claramunt, la",90.1,15206000.0,56823.0
3415,2015.0,Torredembarra,79.7,13449000.0,207176.0
3416,2015.0,Torrefarrera,89.5,15101000.0,68355.0
3417,2015.0,Torregrossa,79.8,13470000.0,29628.0
3418,2015.0,Torrelavit,104.5,17634000.0,24655.0
3419,2015.0,Torrelles de Foix,74.6,12584000.0,27804.0
3420,2015.0,Torrelles de Llobregat,107.0,18057000.0,105684.0
3421,2015.0,Torres de Segre,76.6,12921000.0,28633.0
3422,2015.0,Torroella de Montgrí,76.5,12904000.0,145076.0
3423,2015.0,Tortosa,78.1,13182000.0,441090.0
3424,2015.0,Torà,90.2,15221000.0,18405.0
3425,2015.0,Tossa de Mar,76.7,12940000.0,70957.0
3426,2015.0,Tremp,87.4,14742000.0,88232.0
3427,2015.0,Tàrrega,80.3,13551000.0,221427.0
3428,2015.0,Térmens,74.6,12582000.0,19005.0
3429,2015.0,Ullastrell,106.6,17993000.0,36536.0
3430,2015.0,Ulldecona,64.0,10808000.0,70283.0
3431,2015.0,Ullà,78.0,13167000.0,13870.0
3432,2015.0,Vacarisses,94.9,16020000.0,98298.0
3433,2015.0,"Vall d'en Bas, la",101.3,17097000.0,49860.0
3434,2015.0,"Vall de Bianya, la",111.9,18884000.0,23725.0
3435,2015.0,"Vall de Boí, la",82.6,13931000.0,14147.0
3436,2015.0,Vallbona d'Anoia,95.8,16159000.0,22812.0
3437,2015.0,Vallfogona de Balaguer,82.1,13851000.0,25649.0
3438,2015.0,Vallgorguina,99.2,16742000.0,45911.0
3439,2015.0,Vallirana,102.7,17334000.0,251648.0
3440,2015.0,Vallmoll,96.5,16292000.0,26812.0
3441,2015.0,Vallromanes,131.0,22110000.0,55658.0
3442,2015.0,Valls,89.1,15041000.0,365053.0
3443,2015.0,Vandellòs i l'Hospitalet de l'Infant,87.5,14767000.0,90219.0
3444,2015.0,"Vendrell, el",82.4,13908000.0,503755.0
3445,2015.0,Verges,89.6,15129000.0,17436.0
3446,2015.0,Vic,94.2,15900000.0,672076.0
3447,2015.0,Vidreres,87.1,14705000.0,111469.0
3448,2015.0,Vielha e Mijaran,83.2,14033000.0,75462.0
3449,2015.0,Vila-rodona,75.8,12797000.0,16173.0
3450,2015.0,Vila-seca,78.9,13306000.0,294294.0
3451,2015.0,Vilablareix,108.4,18285000.0,46397.0
3452,2015.0,Viladecans,101.3,17090000.0,1111710.0
3453,2015.0,Viladecavalls,107.7,18167000.0,133020.0
3454,2015.0,Viladrau,102.6,17308000.0,17610.0
3455,2015.0,Vilafant,87.4,14745000.0,79070.0
3456,2015.0,Vilafranca del Penedès,92.0,15527000.0,606267.0
3457,2015.0,Vilajuïga,84.3,14231000.0,16108.0
3458,2015.0,Vilallonga del Camp,88.3,14899000.0,33373.0
3459,2015.0,Vilamalla,87.5,14769000.0,16215.0
3460,2015.0,Vilanova de Bellpuig,82.0,13833000.0,16127.0
3461,2015.0,Vilanova de Segrià,80.1,13518000.0,12455.0
3462,2015.0,Vilanova de la Barca,88.7,14977000.0,15794.0
3463,2015.0,Vilanova del Camí,78.7,13289000.0,164858.0
3464,2015.0,Vilanova del Vallès,116.3,19622000.0,101928.0
3465,2015.0,Vilanova i la Geltrú,95.0,16031000.0,1037190.0
3466,2015.0,Vilassar de Dalt,116.2,19612000.0,173256.0
3467,2015.0,Vilassar de Mar,116.1,19596000.0,397359.0
3468,2015.0,Vilobí d'Onyar,104.2,17583000.0,54873.0
3469,2015.0,Vilobí del Penedès,105.2,17759000.0,19306.0
3470,2015.0,Vinyols i els Arcs,89.0,15014000.0,28955.0
3471,2015.0,Xerta,79.9,13477000.0,16003.0
3472,2015.0,Òdena,90.3,15231000.0,54951.0
3473,2016.0,Abrera,101.7,17499000.0,213254.0
3474,2016.0,Agramunt,83.5,14360000.0,77081.0
3475,2016.0,Aiguafreda,96.6,16624000.0,41210.0
3476,2016.0,Aitona,64.9,11169000.0,27791.0
3477,2016.0,Albatàrrec,67.9,11687000.0,26183.0
3478,2016.0,Albesa,78.4,13494000.0,21191.0
3479,2016.0,Albinyana,77.9,13395000.0,30914.0
3480,2016.0,Alcanar,68.6,11805000.0,112146.0
3481,2016.0,Alcarràs,69.8,12009000.0,109953.0
3482,2016.0,Alcoletge,76.1,13092000.0,43617.0
3483,2016.0,Alcover,88.9,15299000.0,78471.0
3484,2016.0,"Aldea, l'",68.7,11818000.0,49622.0
3485,2016.0,Alella,141.4,24329000.0,231147.0
3486,2016.0,Alfarràs,74.5,12808000.0,36462.0
3487,2016.0,Alforja,74.2,12760000.0,23346.0
3488,2016.0,Alguaire,81.1,13949000.0,40901.0
3489,2016.0,Almacelles,75.0,12905000.0,86474.0
3490,2016.0,Almenar,77.5,13329000.0,45585.0
3491,2016.0,Almoster,109.3,18811000.0,26093.0
3492,2016.0,Alp,83.8,14417000.0,21969.0
3493,2016.0,Alpicat,103.0,17720000.0,108840.0
3494,2016.0,Altafulla,99.6,17142000.0,86841.0
3495,2016.0,Amer,97.4,16752000.0,37246.0
3496,2016.0,"Ametlla de Mar, l'",70.3,12102000.0,84016.0
3497,2016.0,"Ametlla del Vallès, l'",124.9,21493000.0,178685.0
3498,2016.0,"Ampolla, l'",73.7,12675000.0,41869.0
3499,2016.0,Amposta,72.0,12385000.0,256823.0
3500,2016.0,Anglesola,81.3,13982000.0,18486.0
3501,2016.0,Anglès,84.4,14523000.0,78551.0
3502,2016.0,Arbeca,76.4,13145000.0,29441.0
3503,2016.0,"Arboç, l'",74.8,12870000.0,70427.0
3504,2016.0,Arbúcies,79.4,13668000.0,86447.0
3505,2016.0,Arenys de Mar,96.0,16514000.0,249495.0
3506,2016.0,Arenys de Munt,98.4,16928000.0,145041.0
3507,2016.0,Argentona,102.2,17587000.0,209843.0
3508,2016.0,"Armentera, l'",84.4,14518000.0,13339.0
3509,2016.0,Artesa de Lleida,84.1,14476000.0,21585.0
3510,2016.0,Artesa de Segre,74.2,12770000.0,44575.0
3511,2016.0,Artés,93.5,16085000.0,89254.0
3512,2016.0,Ascó,91.2,15684000.0,26128.0
3513,2016.0,Avinyonet de Puigventós,93.9,16156000.0,24831.0
3514,2016.0,Avinyonet del Penedès,100.1,17218000.0,28423.0
3515,2016.0,Avinyó,91.7,15776000.0,34856.0
3516,2016.0,Avià,95.6,16451000.0,36926.0
3517,2016.0,Badalona,93.8,16133000.0,3442867.0
3518,2016.0,Badia del Vallès,72.6,12492000.0,167789.0
3519,2016.0,Bagà,96.3,16563000.0,35567.0
3520,2016.0,Balaguer,76.9,13227000.0,216998.0
3521,2016.0,Balenyà,89.7,15429000.0,56135.0
3522,2016.0,Balsareny,95.1,16367000.0,52998.0
3523,2016.0,Banyeres del Penedès,87.6,15072000.0,46538.0
3524,2016.0,Banyoles,93.2,16032000.0,307996.0
3525,2016.0,Barberà del Vallès,98.4,16927000.0,554233.0
3526,2016.0,Barcelona,122.8,21132000.0,33754669.0
3527,2016.0,Batea,70.1,12067000.0,23311.0
3528,2016.0,Begues,119.5,20566000.0,138333.0
3529,2016.0,Begur,91.0,15655000.0,60711.0
3530,2016.0,Bell-lloc d'Urgell,84.9,14608000.0,34238.0
3531,2016.0,Bellcaire d'Urgell,87.1,14987000.0,18514.0
3532,2016.0,Bellpuig,76.7,13188000.0,65511.0
3533,2016.0,Bellvei,72.7,12499000.0,27231.0
3534,2016.0,Bellver de Cerdanya,90.8,15621000.0,31121.0
3535,2016.0,Bellvís,77.1,13257000.0,30206.0
3536,2016.0,Benavent de Segrià,93.4,16063000.0,23044.0
3537,2016.0,Benissanet,69.7,11997000.0,14110.0
3538,2016.0,Berga,94.9,16329000.0,262651.0
3539,2016.0,Besalú,95.5,16429000.0,39320.0
3540,2016.0,Bescanó,101.5,17454000.0,83344.0
3541,2016.0,Bigues i Riells del Fai,103.7,17845000.0,158723.0
3542,2016.0,"Bisbal d'Empordà, la",75.3,12949000.0,136953.0
3543,2016.0,"Bisbal del Penedès, la",75.5,12996000.0,44740.0
3544,2016.0,Blanes,80.1,13787000.0,530207.0
3545,2016.0,Bordils,103.1,17733000.0,29196.0
3546,2016.0,"Borges Blanques, les",80.4,13827000.0,83158.0
3547,2016.0,"Borges del Camp, les",86.2,14825000.0,30900.0
3548,2016.0,Bossòst,90.2,15516000.0,17149.0
3549,2016.0,Botarell,90.1,15509000.0,17120.0
3550,2016.0,Breda,86.1,14814000.0,54594.0
3551,2016.0,"Bruc, el",107.3,18466000.0,36948.0
3552,2016.0,Bàscara,91.1,15678000.0,15054.0
3553,2016.0,"Cabanyes, les",98.4,16931000.0,15919.0
3554,2016.0,Cabra del Camp,71.6,12325000.0,13829.0
3555,2016.0,Cabrera d'Anoia,82.0,14100000.0,19140.0
3556,2016.0,Cabrera de Mar,129.4,22267000.0,100493.0
3557,2016.0,Cabrils,138.0,23750000.0,170879.0
3558,2016.0,Cadaqués,70.0,12038000.0,33055.0
3559,2016.0,Calaf,86.5,14877000.0,51329.0
3560,2016.0,Calafell,77.9,13395000.0,327498.0
3561,2016.0,Calders,97.4,16757000.0,15931.0
3562,2016.0,Caldes d'Estrac,109.7,18875000.0,52049.0
3563,2016.0,Caldes de Malavella,92.0,15821000.0,113848.0
3564,2016.0,Caldes de Montbui,100.0,17212000.0,294012.0
3565,2016.0,Calella,83.0,14277000.0,259215.0
3566,2016.0,Calldetenes,97.3,16731000.0,40175.0
3567,2016.0,Callús,89.1,15331000.0,31377.0
3568,2016.0,Calonge i Sant Antoni,81.0,13935000.0,147354.0
3569,2016.0,Camarles,68.1,11717000.0,38487.0
3570,2016.0,Cambrils,88.9,15289000.0,507781.0
3571,2016.0,Campdevànol,101.4,17448000.0,56983.0
3572,2016.0,Camprodon,93.5,16092000.0,35546.0
3573,2016.0,Canet de Mar,94.1,16182000.0,229196.0
3574,2016.0,"Canonja, la",80.0,13769000.0,80275.0
3575,2016.0,Canovelles,81.9,14098000.0,225094.0
3576,2016.0,Canyelles,98.1,16885000.0,73072.0
3577,2016.0,Capellades,94.0,16171000.0,84504.0
3578,2016.0,Cardedeu,99.6,17128000.0,309999.0
3579,2016.0,Cardona,93.3,16050000.0,75694.0
3580,2016.0,Casserres,94.5,16250000.0,24972.0
3581,2016.0,Cassà de la Selva,92.8,15961000.0,157812.0
3582,2016.0,"Castell d'Aro, Platja d'Aro i s'Agaró",73.2,12591000.0,130958.0
3583,2016.0,Castellar del Vallès,102.2,17589000.0,415612.0
3584,2016.0,Castellbell i el Vilar,88.0,15140000.0,54111.0
3585,2016.0,Castellbisbal,101.5,17453000.0,213770.0
3586,2016.0,Castelldefels,123.4,21234000.0,1377616.0
3587,2016.0,Castellet i la Gornal,88.3,15188000.0,33444.0
3588,2016.0,Castellgalí,90.6,15582000.0,31023.0
3589,2016.0,Castellnou de Bages,95.5,16432000.0,21120.0
3590,2016.0,Castellterçol,92.9,15989000.0,37504.0
3591,2016.0,Castellvell del Camp,117.7,20251000.0,57972.0
3592,2016.0,Castellví de Rosanes,107.4,18478000.0,33286.0
3593,2016.0,Castellví de la Marca,85.8,14755000.0,22748.0
3594,2016.0,Castelló d'Empúries,66.8,11489000.0,120877.0
3595,2016.0,"Catllar, el",101.8,17508000.0,74141.0
3596,2016.0,"Cellera de Ter, la",89.7,15433000.0,30943.0
3597,2016.0,Celrà,89.3,15358000.0,80052.0
3598,2016.0,Centelles,97.4,16752000.0,122617.0
3599,2016.0,Cercs,93.5,16089000.0,18826.0
3600,2016.0,Cerdanyola del Vallès,108.4,18653000.0,1071641.0
3601,2016.0,Cervelló,120.0,20641000.0,181864.0
3602,2016.0,Cervera,79.1,13603000.0,120883.0
3603,2016.0,Cervià de Ter,100.5,17298000.0,15528.0
3604,2016.0,Collbató,120.3,20704000.0,90234.0
3605,2016.0,Constantí,69.3,11915000.0,77109.0
3606,2016.0,Corbera d'Ebre,73.8,12703000.0,13454.0
3607,2016.0,Corbera de Llobregat,104.4,17956000.0,254690.0
3608,2016.0,Corbins,80.9,13918000.0,19203.0
3609,2016.0,Cornellà de Llobregat,95.2,16370000.0,1401617.0
3610,2016.0,Cornellà del Terri,94.8,16306000.0,36963.0
3611,2016.0,Corçà,92.6,15934000.0,19533.0
3612,2016.0,Creixell,81.9,14088000.0,48872.0
3613,2016.0,"Cruïlles, Monells i Sant Sadurní de l'Heura",91.1,15679000.0,19945.0
3614,2016.0,Cubelles,98.6,16957000.0,244665.0
3615,2016.0,Cunit,78.3,13462000.0,159594.0
3616,2016.0,Cànoves i Samalús,98.2,16886000.0,48564.0
3617,2016.0,Deltebre,69.1,11883000.0,135886.0
3618,2016.0,Dosrius,100.2,17239000.0,88050.0
3619,2016.0,"Escala, l'",73.3,12603000.0,127873.0
3620,2016.0,Esparreguera,96.6,16615000.0,359639.0
3621,2016.0,"Espluga de Francolí, l'",87.4,15039000.0,56757.0
3622,2016.0,Esplugues de Llobregat,116.3,20003000.0,908716.0
3623,2016.0,"Esquirol, l'",98.8,17005000.0,36340.0
3624,2016.0,Falset,85.7,14752000.0,41404.0
3625,2016.0,Figaró-Montmany,80.6,13862000.0,14964.0
3626,2016.0,Figueres,75.0,12906000.0,577032.0
3627,2016.0,Flaçà,98.1,16882000.0,17040.0
3628,2016.0,Flix,97.2,16726000.0,59940.0
3629,2016.0,Fogars de la Selva,88.5,15227000.0,21809.0
3630,2016.0,Folgueroles,104.3,17938000.0,40699.0
3631,2016.0,Fonollosa,116.0,19949000.0,27848.0
3632,2016.0,Font-rubí,87.8,15100000.0,20442.0
3633,2016.0,Fontcoberta,96.8,16649000.0,24438.0
3634,2016.0,Forallac,107.8,18540000.0,31267.0
3635,2016.0,Fornells de la Selva,113.8,19579000.0,49313.0
3636,2016.0,"Franqueses del Vallès, les",92.5,15911000.0,308833.0
3637,2016.0,"Fuliola, la",71.6,12324000.0,15302.0
3638,2016.0,Gandesa,76.2,13113000.0,38988.0
3639,2016.0,"Garriga, la",102.4,17620000.0,279700.0
3640,2016.0,Gavà,108.3,18624000.0,856966.0
3641,2016.0,Gelida,95.2,16375000.0,118428.0
3642,2016.0,Gimenells i el Pla de la Font,69.7,11983000.0,13040.0
3643,2016.0,Girona,100.4,17276000.0,1663487.0
3644,2016.0,Gironella,94.3,16232000.0,77920.0
3645,2016.0,Golmés,80.0,13764000.0,25470.0
3646,2016.0,"Granada, la",92.8,15969000.0,33393.0
3647,2016.0,Granollers,97.7,16804000.0,1010836.0
3648,2016.0,Gualba,98.1,16875000.0,23926.0
3649,2016.0,Guissona,81.6,14039000.0,96112.0
3650,2016.0,Gurb,123.6,21267000.0,54332.0
3651,2016.0,Horta de Sant Joan,71.5,12297000.0,14356.0
3652,2016.0,"Hospitalet de Llobregat, l'",90.3,15528000.0,3933280.0
3653,2016.0,"Hostalets de Pierola, els",87.1,14976000.0,43369.0
3654,2016.0,Hostalric,84.9,14606000.0,58889.0
3655,2016.0,Igualada,93.4,16061000.0,628765.0
3656,2016.0,Isona i Conca Dellà,82.1,14126000.0,14381.0
3657,2016.0,Ivars d'Urgell,81.7,14058000.0,22196.0
3658,2016.0,"Jonquera, la",71.3,12258000.0,38183.0
3659,2016.0,Juneda,78.1,13437000.0,45275.0
3660,2016.0,Linyola,75.8,13046000.0,34545.0
3661,2016.0,"Llagosta, la",89.8,15442000.0,204341.0
3662,2016.0,Llagostera,86.5,14888000.0,119868.0
3663,2016.0,Llançà,86.1,14809000.0,70263.0
3664,2016.0,Lleida,92.1,15838000.0,2140692.0
3665,2016.0,Llers,102.0,17554000.0,20724.0
3666,2016.0,Llinars del Vallès,94.4,16239000.0,157324.0
3667,2016.0,Lliçà d'Amunt,102.7,17667000.0,261069.0
3668,2016.0,Lliçà de Vall,111.8,19228000.0,122063.0
3669,2016.0,Llorenç del Penedès,85.6,14718000.0,33837.0
3670,2016.0,Lloret de Mar,65.7,11300000.0,412525.0
3671,2016.0,Llívia,77.8,13387000.0,19371.0
3672,2016.0,Malgrat de Mar,84.9,14606000.0,264043.0
3673,2016.0,Manlleu,88.6,15246000.0,301880.0
3674,2016.0,Manresa,92.9,15989000.0,1189470.0
3675,2016.0,Martorell,90.0,15478000.0,424580.0
3676,2016.0,Martorelles,101.8,17510000.0,82498.0
3677,2016.0,Masdenverge,69.4,11934000.0,12936.0
3678,2016.0,"Masies de Voltregà, les",96.9,16669000.0,51925.0
3679,2016.0,"Masnou, el",113.3,19495000.0,446374.0
3680,2016.0,Masquefa,89.7,15431000.0,130388.0
3681,2016.0,Matadepera,154.7,26615000.0,241036.0
3682,2016.0,Mataró,88.1,15164000.0,1882739.0
3683,2016.0,Maçanet de la Selva,78.8,13552000.0,91299.0
3684,2016.0,Mediona,85.1,14642000.0,33021.0
3685,2016.0,Miralcamp,73.1,12570000.0,17204.0
3686,2016.0,Moià,84.5,14534000.0,86742.0
3687,2016.0,Molins de Rei,111.7,19209000.0,484307.0
3688,2016.0,Mollerussa,80.8,13908000.0,203537.0
3689,2016.0,Mollet del Vallès,94.1,16184000.0,826539.0
3690,2016.0,Monistrol de Montserrat,92.8,15969000.0,45978.0
3691,2016.0,Mont-ras,102.2,17575000.0,29500.0
3692,2016.0,Mont-roig del Camp,75.4,12965000.0,150534.0
3693,2016.0,Montblanc,91.8,15799000.0,115327.0
3694,2016.0,Montbrió del Camp,82.7,14231000.0,39918.0
3695,2016.0,Montcada i Reixac,92.4,15889000.0,553299.0
3696,2016.0,Montesquiu,86.6,14901000.0,13910.0
3697,2016.0,Montferrer i Castellbò,72.5,12468000.0,13290.0
3698,2016.0,Montgat,110.4,18998000.0,219046.0
3699,2016.0,"Montmell, el",70.4,12108000.0,16865.0
3700,2016.0,Montmeló,95.1,16361000.0,142751.0
3701,2016.0,Montornès del Vallès,90.8,15620000.0,252311.0
3702,2016.0,"Morell, el",86.6,14899000.0,53542.0
3703,2016.0,Móra d'Ebre,86.8,14925000.0,82259.0
3704,2016.0,Móra la Nova,78.5,13512000.0,41055.0
3705,2016.0,Naut Aran,79.8,13731000.0,23984.0
3706,2016.0,Navarcles,97.1,16708000.0,98986.0
3707,2016.0,Navata,92.9,15976000.0,20535.0
3708,2016.0,Navàs,92.8,15966000.0,95593.0
3709,2016.0,Olesa de Bonesvalls,95.8,16486000.0,28355.0
3710,2016.0,Olesa de Montserrat,94.2,16211000.0,379350.0
3711,2016.0,Oliana,86.8,14930000.0,27266.0
3712,2016.0,Olivella,101.5,17465000.0,62082.0
3713,2016.0,Olost,93.1,16008000.0,18824.0
3714,2016.0,Olot,92.8,15967000.0,533908.0
3715,2016.0,Olèrdola,96.3,16566000.0,58467.0
3716,2016.0,Os de Balaguer,72.2,12413000.0,12483.0
3717,2016.0,Palafolls,86.4,14860000.0,134197.0
3718,2016.0,Palafrugell,72.6,12495000.0,280007.0
3719,2016.0,Palamós,85.6,14729000.0,256434.0
3720,2016.0,"Palau d'Anglesola, el",87.3,15025000.0,32697.0
3721,2016.0,Palau-saverdera,75.3,12956000.0,18492.0
3722,2016.0,Palau-solità i Plegamans,100.3,17263000.0,250555.0
3723,2016.0,"Pallaresos, els",99.4,17096000.0,78984.0
3724,2016.0,Pallejà,108.3,18639000.0,210375.0
3725,2016.0,"Palma de Cervelló, la",108.0,18583000.0,55266.0
3726,2016.0,Pals,88.6,15234000.0,36633.0
3727,2016.0,"Papiol, el",96.7,16632000.0,67433.0
3728,2016.0,Parets del Vallès,99.6,17132000.0,322345.0
3729,2016.0,Perafort,87.4,15042000.0,19082.0
3730,2016.0,Peralada,98.2,16903000.0,30448.0
3731,2016.0,"Perelló, el",64.0,11015000.0,31635.0
3732,2016.0,Piera,84.8,14585000.0,220186.0
3733,2016.0,Pineda de Mar,80.6,13869000.0,359855.0
3734,2016.0,"Pinell de Brai, el",82.2,14148000.0,14180.0
3735,2016.0,"Pla de Santa Maria, el",85.6,14726000.0,33577.0
3736,2016.0,"Pla del Penedès, el",84.6,14548000.0,17986.0
3737,2016.0,"Planes d'Hostoles, les",94.3,16225000.0,26183.0
3738,2016.0,"Pobla de Claramunt, la",91.1,15668000.0,34067.0
3739,2016.0,"Pobla de Lillet, la",100.4,17268000.0,18985.0
3740,2016.0,"Pobla de Mafumet, la",66.5,11447000.0,43681.0
3741,2016.0,"Pobla de Montornès, la",85.4,14692000.0,41181.0
3742,2016.0,"Pobla de Segur, la",90.3,15535000.0,45181.0
3743,2016.0,Polinyà,94.5,16264000.0,135241.0
3744,2016.0,"Pont de Suert, el",89.5,15394000.0,35107.0
3745,2016.0,"Pont de Vilomara i Rocafort, el",82.7,14230000.0,53093.0
3746,2016.0,Ponts,85.4,14687000.0,38174.0
3747,2016.0,Porqueres,93.4,16062000.0,72868.0
3748,2016.0,"Port de la Selva, el",87.4,15035000.0,14561.0
3749,2016.0,Portbou,92.5,15916000.0,17671.0
3750,2016.0,"Prat de Llobregat, el",101.2,17419000.0,1099910.0
3751,2016.0,Prats de Lluçanès,95.8,16477000.0,41467.0
3752,2016.0,Premià de Dalt,118.7,20419000.0,209452.0
3753,2016.0,Premià de Mar,102.9,17705000.0,488437.0
3754,2016.0,"Preses, les",102.0,17544000.0,30497.0
3755,2016.0,Puig-reig,95.5,16425000.0,67165.0
3756,2016.0,Puigcerdà,75.2,12936000.0,114630.0
3757,2016.0,Puigpelat,84.1,14471000.0,16411.0
3758,2016.0,Puigverd de Lleida,83.5,14360000.0,19185.0
3759,2016.0,Quart,103.3,17768000.0,61125.0
3760,2016.0,Reus,86.0,14795000.0,1536212.0
3761,2016.0,Riba-roja d'Ebre,89.1,15322000.0,17131.0
3762,2016.0,Ribes de Freser,98.3,16904000.0,30040.0
3763,2016.0,Riells i Viabrea,89.4,15386000.0,59641.0
3764,2016.0,"Riera de Gaià, la",90.2,15518000.0,26388.0
3765,2016.0,Ripoll,95.1,16361000.0,172704.0
3766,2016.0,Ripollet,91.3,15705000.0,591373.0
3767,2016.0,Riudarenes,94.4,16240000.0,34207.0
3768,2016.0,Riudecanyes,88.3,15193000.0,16918.0
3769,2016.0,Riudecols,96.5,16601000.0,19461.0
3770,2016.0,Riudellots de la Selva,104.6,17992000.0,36012.0
3771,2016.0,Riudoms,74.9,12894000.0,84872.0
3772,2016.0,"Roca del Vallès, la",106.0,18229000.0,191734.0
3773,2016.0,Roda de Berà,76.7,13198000.0,84176.0
3774,2016.0,Roda de Ter,93.4,16073000.0,97126.0
3775,2016.0,Roquetes,76.2,13103000.0,105662.0
3776,2016.0,Roses,72.3,12445000.0,234573.0
3777,2016.0,Rosselló,84.6,14549000.0,43633.0
3778,2016.0,Rubí,92.2,15862000.0,1191725.0
3779,2016.0,"Ràpita, la",70.1,12067000.0,179788.0
3780,2016.0,Sabadell,98.9,17008000.0,3544929.0
3781,2016.0,Sallent,98.6,16958000.0,110969.0
3782,2016.0,Salou,73.1,12573000.0,331070.0
3783,2016.0,Salt,68.4,11775000.0,340487.0
3784,2016.0,Sant Adrià de Besòs,85.3,14673000.0,530637.0
3785,2016.0,Sant Andreu de Llavaneres,116.3,20012000.0,211504.0
3786,2016.0,Sant Andreu de la Barca,93.8,16145000.0,438165.0
3787,2016.0,Sant Antoni de Vilamajor,104.0,17890000.0,105660.0
3788,2016.0,Sant Boi de Llobregat,96.9,16674000.0,1360340.0
3789,2016.0,Sant Cebrià de Vallalta,101.0,17373000.0,56908.0
3790,2016.0,Sant Celoni,90.5,15569000.0,272188.0
3791,2016.0,Sant Climent de Llobregat,104.3,17938000.0,71704.0
3792,2016.0,Sant Cugat Sesgarrigues,95.9,16494000.0,16027.0
3793,2016.0,Sant Cugat del Vallès,139.6,24014000.0,2135688.0
3794,2016.0,Sant Esteve Sesrovires,106.4,18308000.0,139016.0
3795,2016.0,Sant Esteve de Palautordera,101.1,17393000.0,45420.0
3796,2016.0,Sant Feliu de Codines,90.2,15512000.0,92741.0
3797,2016.0,Sant Feliu de Guíxols,81.1,13956000.0,298262.0
3798,2016.0,Sant Feliu de Llobregat,111.2,19126000.0,837208.0
3799,2016.0,Sant Feliu de Pallerols,94.1,16182000.0,21098.0
3800,2016.0,Sant Fost de Campsentelles,108.7,18699000.0,161122.0
3801,2016.0,Sant Fruitós de Bages,110.3,18974000.0,159125.0
3802,2016.0,Sant Gregori,105.0,18072000.0,63415.0
3803,2016.0,Sant Guim de Freixenet,83.3,14337000.0,14731.0
3804,2016.0,Sant Hilari Sacalm,85.6,14727000.0,81081.0
3805,2016.0,Sant Hipòlit de Voltregà,99.3,17087000.0,58327.0
3806,2016.0,Sant Iscle de Vallalta,90.8,15613000.0,19928.0
3807,2016.0,Sant Jaume d'Enveja,66.1,11365000.0,39988.0
3808,2016.0,Sant Jaume dels Domenys,81.1,13952000.0,35397.0
3809,2016.0,Sant Joan Despí,113.7,19556000.0,653307.0
3810,2016.0,Sant Joan de Vilatorrada,93.2,16037000.0,171597.0
3811,2016.0,Sant Joan de les Abadesses,100.5,17290000.0,56940.0
3812,2016.0,Sant Joan les Fonts,102.7,17671000.0,50577.0
3813,2016.0,Sant Julià de Ramis,103.6,17820000.0,60035.0
3814,2016.0,Sant Julià de Vilatorta,110.5,19003000.0,58294.0
3815,2016.0,Sant Julià del Llor i Bonmatí,103.5,17800000.0,22883.0
3816,2016.0,Sant Just Desvern,151.9,26138000.0,442298.0
3817,2016.0,Sant Llorenç Savall,90.0,15481000.0,36543.0
3818,2016.0,Sant Llorenç d'Hortons,106.2,18265000.0,46425.0
3819,2016.0,Sant Llorenç de Morunys,89.8,15454000.0,14898.0
3820,2016.0,Sant Martí Sarroca,88.4,15214000.0,47657.0
3821,2016.0,Sant Martí de Centelles,80.9,13924000.0,15445.0
3822,2016.0,Sant Martí de Tous,95.3,16390000.0,19552.0
3823,2016.0,Sant Pere Pescador,70.5,12126000.0,24681.0
3824,2016.0,Sant Pere de Ribes,93.4,16068000.0,474278.0
3825,2016.0,Sant Pere de Riudebitlles,93.2,16026000.0,37568.0
3826,2016.0,Sant Pere de Torelló,95.6,16438000.0,39472.0
3827,2016.0,Sant Pere de Vilamajor,103.4,17796000.0,75903.0
3828,2016.0,Sant Pol de Mar,109.0,18758000.0,92669.0
3829,2016.0,Sant Quintí de Mediona,77.8,13390000.0,28584.0
3830,2016.0,Sant Quirze de Besora,97.8,16817000.0,35009.0
3831,2016.0,Sant Quirze del Vallès,131.1,22552000.0,444352.0
3832,2016.0,Sant Sadurní d'Anoia,104.3,17937000.0,226691.0
3833,2016.0,Sant Salvador de Guardiola,93.9,16147000.0,50227.0
3834,2016.0,Sant Vicenç de Castellet,82.3,14163000.0,130273.0
3835,2016.0,Sant Vicenç de Montalt,132.3,22761000.0,139857.0
3836,2016.0,Sant Vicenç de Torelló,117.6,20239000.0,39906.0
3837,2016.0,Sant Vicenç dels Horts,94.1,16196000.0,449246.0
3838,2016.0,Santa Bàrbara,69.1,11886000.0,45266.0
3839,2016.0,Santa Coloma de Cervelló,108.6,18685000.0,149668.0
3840,2016.0,Santa Coloma de Farners,85.3,14679000.0,184408.0
3841,2016.0,Santa Coloma de Gramenet,82.9,14261000.0,1655747.0
3842,2016.0,Santa Coloma de Queralt,87.2,15008000.0,40685.0
3843,2016.0,Santa Cristina d'Aro,86.2,14823000.0,75208.0
3844,2016.0,Santa Eugènia de Berga,97.6,16785000.0,37328.0
3845,2016.0,Santa Eulàlia de Riuprimer,98.9,17012000.0,21457.0
3846,2016.0,Santa Eulàlia de Ronçana,101.1,17396000.0,122702.0
3847,2016.0,Santa Margarida de Montbui,69.0,11877000.0,114960.0
3848,2016.0,Santa Margarida i els Monjos,90.7,15607000.0,115229.0
3849,2016.0,Santa Maria d'Oló,93.5,16084000.0,16639.0
3850,2016.0,Santa Maria de Palautordera,93.2,16037000.0,147496.0
3851,2016.0,Santa Oliva,74.0,12733000.0,41617.0
3852,2016.0,Santa Pau,103.5,17814000.0,26842.0
3853,2016.0,Santa Perpètua de Mogoda,94.7,16288000.0,415080.0
3854,2016.0,Santa Susanna,91.7,15783000.0,51979.0
3855,2016.0,Santpedor,100.0,17203000.0,128192.0
3856,2016.0,Sarral,76.2,13106000.0,20625.0
3857,2016.0,Sarrià de Ter,100.4,17270000.0,85028.0
3858,2016.0,"Secuita, la",95.1,16356000.0,27566.0
3859,2016.0,"Selva del Camp, la",86.3,14845000.0,83035.0
3860,2016.0,Sentmenat,96.3,16572000.0,144698.0
3861,2016.0,Serinyà,89.5,15394000.0,17214.0
3862,2016.0,Seròs,69.4,11944000.0,22310.0
3863,2016.0,"Seu d'Urgell, la",77.8,13392000.0,161263.0
3864,2016.0,Seva,103.4,17796000.0,60593.0
3865,2016.0,Sils,86.2,14823000.0,86529.0
3866,2016.0,Sitges,114.4,19681000.0,552052.0
3867,2016.0,Solsona,79.1,13612000.0,122568.0
3868,2016.0,Sort,86.9,14952000.0,31649.0
3869,2016.0,Soses,76.1,13100000.0,21963.0
3870,2016.0,Subirats,94.8,16306000.0,48755.0
3871,2016.0,"Sénia, la",65.2,11215000.0,63777.0
3872,2016.0,Súria,100.3,17251000.0,100884.0
3873,2016.0,Taradell,100.2,17230000.0,107724.0
3874,2016.0,Tarragona,94.8,16309000.0,2143266.0
3875,2016.0,Teià,135.0,23230000.0,144262.0
3876,2016.0,Terrassa,96.4,16578000.0,3565825.0
3877,2016.0,Tiana,137.4,23635000.0,200552.0
3878,2016.0,Tivissa,78.0,13413000.0,22186.0
3879,2016.0,Tona,98.6,16960000.0,134506.0
3880,2016.0,Tordera,77.1,13262000.0,216509.0
3881,2016.0,Torelló,99.2,17072000.0,234897.0
3882,2016.0,"Torre de Claramunt, la",90.5,15563000.0,57807.0
3883,2016.0,Torredembarra,78.0,13425000.0,209519.0
3884,2016.0,Torrefarrera,89.0,15303000.0,69702.0
3885,2016.0,Torregrossa,71.9,12364000.0,27044.0
3886,2016.0,Torrelavit,98.6,16971000.0,23751.0
3887,2016.0,Torrelles de Foix,74.6,12831000.0,28369.0
3888,2016.0,Torrelles de Llobregat,105.0,18068000.0,106453.0
3889,2016.0,Torres de Segre,69.5,11954000.0,26265.0
3890,2016.0,Torroella de Montgrí,78.0,13419000.0,151847.0
3891,2016.0,Tortosa,80.5,13849000.0,461786.0
3892,2016.0,Torà,92.0,15830000.0,19000.0
3893,2016.0,Tossa de Mar,78.2,13449000.0,73329.0
3894,2016.0,Tremp,86.8,14941000.0,87551.0
3895,2016.0,Tàrrega,79.8,13723000.0,225736.0
3896,2016.0,Térmens,73.7,12685000.0,18603.0
3897,2016.0,Ullastrell,102.2,17586000.0,35876.0
3898,2016.0,Ulldecona,65.2,11217000.0,71593.0
3899,2016.0,Ullà,72.1,12403000.0,13504.0
3900,2016.0,Vacarisses,92.8,15966000.0,99634.0
3901,2016.0,"Vall d'en Bas, la",104.0,17891000.0,52646.0
3902,2016.0,"Vall de Bianya, la",116.7,20083000.0,24924.0
3903,2016.0,"Vall de Boí, la",77.9,13398000.0,13655.0
3904,2016.0,Vallbona d'Anoia,93.7,16118000.0,22757.0
3905,2016.0,Vallfogona de Balaguer,79.5,13675000.0,25239.0
3906,2016.0,Vallgorguina,94.7,16297000.0,45104.0
3907,2016.0,Vallirana,99.2,17064000.0,249251.0
3908,2016.0,Vallmoll,92.9,15981000.0,26745.0
3909,2016.0,Vallromanes,153.0,26314000.0,65989.0
3910,2016.0,Valls,91.4,15726000.0,380560.0
3911,2016.0,Vandellòs i l'Hospitalet de l'Infant,85.1,14639000.0,91445.0
3912,2016.0,"Vendrell, el",83.1,14293000.0,518978.0
3913,2016.0,Verges,92.7,15956000.0,18109.0
3914,2016.0,Vic,96.5,16599000.0,714983.0
3915,2016.0,Vidreres,86.2,14823000.0,111886.0
3916,2016.0,Vielha e Mijaran,86.0,14790000.0,79954.0
3917,2016.0,Vila-rodona,77.6,13343000.0,16772.0
3918,2016.0,Vila-seca,79.3,13645000.0,299957.0
3919,2016.0,Vilablareix,108.3,18639000.0,48463.0
3920,2016.0,Viladecans,98.2,16897000.0,1103988.0
3921,2016.0,Viladecavalls,107.1,18427000.0,135433.0
3922,2016.0,Viladrau,102.4,17622000.0,17989.0
3923,2016.0,Vilafant,90.1,15494000.0,82587.0
3924,2016.0,Vilafranca del Penedès,92.8,15971000.0,626882.0
3925,2016.0,Vilajuïga,85.9,14771000.0,16408.0
3926,2016.0,Vilallonga del Camp,85.6,14726000.0,33862.0
3927,2016.0,Vilamalla,84.5,14533000.0,16067.0
3928,2016.0,Vilanova de Bellpuig,80.2,13801000.0,16118.0
3929,2016.0,Vilanova de Segrià,78.8,13563000.0,12538.0
3930,2016.0,Vilanova de la Barca,83.0,14282000.0,14702.0
3931,2016.0,Vilanova del Camí,77.9,13404000.0,165800.0
3932,2016.0,Vilanova del Vallès,116.7,20069000.0,104892.0
3933,2016.0,Vilanova i la Geltrú,95.4,16408000.0,1066162.0
3934,2016.0,Vilassar de Dalt,119.4,20540000.0,181541.0
3935,2016.0,Vilassar de Mar,115.9,19936000.0,406362.0
3936,2016.0,Vilobí d'Onyar,101.9,17526000.0,54538.0
3937,2016.0,Vilobí del Penedès,98.1,16873000.0,18443.0
3938,2016.0,Vinyols i els Arcs,86.4,14862000.0,28709.0
3939,2016.0,Xerta,79.7,13720000.0,16191.0
3940,2016.0,Òdena,87.2,14999000.0,54150.0
3941,2017.0,Abrera,99.8,17437.0,213583.0
3942,2017.0,Agramunt,86.5,15115.0,81181.0
3943,2017.0,Aiguafreda,100.2,17514.0,43780.0
3944,2017.0,Aitona,67.6,11808.0,29516.0
3945,2017.0,Albatàrrec,69.3,12113.0,27408.0
3946,2017.0,Albesa,81.5,14247.0,22227.0
3947,2017.0,Albinyana,77.1,13469.0,31584.0
3948,2017.0,Alcanar,71.3,12458.0,118232.0
3949,2017.0,Alcarràs,71.7,12523.0,115465.0
3950,2017.0,Alcoletge,77.0,13448.0,45109.0
3951,2017.0,Alcover,83.7,14632.0,75264.0
3952,2017.0,"Aldea, l'",72.8,12717.0,52648.0
3953,2017.0,Alella,156.9,27406.0,262301.0
3954,2017.0,Alfarràs,75.1,13123.0,36721.0
3955,2017.0,Alforja,71.6,12515.0,22585.0
3956,2017.0,Alguaire,82.0,14320.0,41518.0
3957,2017.0,Almacelles,77.5,13539.0,90680.0
3958,2017.0,Almenar,78.2,13662.0,46409.0
3959,2017.0,Almoster,113.9,19896.0,27057.0
3960,2017.0,Alp,87.7,15329.0,23399.0
3961,2017.0,Alpicat,103.1,18017.0,110675.0
3962,2017.0,Altafulla,100.1,17493.0,89487.0
3963,2017.0,Amer,98.0,17124.0,37961.0
3964,2017.0,"Ametlla de Mar, l'",71.2,12445.0,84476.0
3965,2017.0,"Ametlla del Vallès, l'",124.1,21675.0,182200.0
3966,2017.0,"Ampolla, l'",76.0,13272.0,43532.0
3967,2017.0,Amposta,72.1,12600.0,261984.0
3968,2017.0,Anglesola,82.2,14357.0,18938.0
3969,2017.0,Anglès,85.5,14936.0,80959.0
3970,2017.0,Arbeca,75.7,13223.0,29146.0
3971,2017.0,"Arboç, l'",74.7,13059.0,71460.0
3972,2017.0,Arbúcies,80.6,14077.0,89788.0
3973,2017.0,Arenys de Mar,97.6,17048.0,260045.0
3974,2017.0,Arenys de Munt,100.5,17564.0,152299.0
3975,2017.0,Argentona,103.5,18082.0,218039.0
3976,2017.0,"Armentera, l'",87.0,15202.0,13990.0
3977,2017.0,Artesa de Lleida,85.5,14946.0,22484.0
3978,2017.0,Artesa de Segre,79.4,13878.0,47683.0
3979,2017.0,Artés,95.5,16692.0,92911.0
3980,2017.0,Ascó,90.1,15743.0,26144.0
3981,2017.0,Avinyonet de Puigventós,94.5,16504.0,25518.0
3982,2017.0,Avinyonet del Penedès,71.0,12398.0,20508.0
3983,2017.0,Avinyó,93.9,16399.0,36487.0
3984,2017.0,Avià,96.9,16926.0,37972.0
3985,2017.0,Badalona,93.7,16369.0,3520295.0
3986,2017.0,Badia del Vallès,72.0,12579.0,168674.0
3987,2017.0,Bagà,100.0,17480.0,37489.0
3988,2017.0,Balaguer,76.1,13291.0,220021.0
3989,2017.0,Balenyà,91.9,16060.0,59136.0
3990,2017.0,Balsareny,95.9,16751.0,53495.0
3991,2017.0,Banyeres del Penedès,88.6,15471.0,48123.0
3992,2017.0,Banyoles,93.2,16289.0,315953.0
3993,2017.0,Barberà del Vallès,97.8,17091.0,560085.0
3994,2017.0,Barcelona,122.3,21371.0,34356010.0
3995,2017.0,Batea,74.2,12956.0,24637.0
3996,2017.0,Begues,124.7,21783.0,148992.0
3997,2017.0,Begur,91.8,16047.0,62097.0
3998,2017.0,Bell-lloc d'Urgell,94.9,16574.0,38433.0
3999,2017.0,Bellcaire d'Urgell,87.9,15365.0,18893.0
4000,2017.0,Bellpuig,79.2,13831.0,69101.0
4001,2017.0,Bellvei,72.6,12690.0,27685.0
4002,2017.0,Bellver de Cerdanya,93.3,16294.0,32149.0
4003,2017.0,Bellvís,78.8,13771.0,31463.0
4004,2017.0,Benavent de Segrià,99.1,17310.0,24724.0
4005,2017.0,Benissanet,72.5,12670.0,14473.0
4006,2017.0,Berga,95.7,16717.0,269372.0
4007,2017.0,Besalú,100.6,17572.0,42343.0
4008,2017.0,Bescanó,101.1,17657.0,85031.0
4009,2017.0,Bigues i Riells del Fai,105.6,18443.0,165107.0
4010,2017.0,"Bisbal d'Empordà, la",78.8,13760.0,146428.0
4011,2017.0,"Bisbal del Penedès, la",76.5,13371.0,46083.0
4012,2017.0,Blanes,81.6,14250.0,545028.0
4013,2017.0,Bordils,104.8,18305.0,30314.0
4014,2017.0,"Borges Blanques, les",82.1,14339.0,86388.0
4015,2017.0,"Borges del Camp, les",86.2,15054.0,31507.0
4016,2017.0,Bossòst,94.2,16453.0,18114.0
4017,2017.0,Botarell,96.3,16830.0,18188.0
4018,2017.0,Breda,86.0,15027.0,55345.0
4019,2017.0,"Bruc, el",114.0,19918.0,40014.0
4020,2017.0,Bàscara,87.6,15309.0,14857.0
4021,2017.0,"Cabanyes, les",101.0,17638.0,16791.0
4022,2017.0,Cabra del Camp,72.6,12693.0,14443.0
4023,2017.0,Cabrera d'Anoia,82.8,14472.0,19841.0
4024,2017.0,Cabrera de Mar,134.9,23569.0,107713.0
4025,2017.0,Cabrils,139.9,24446.0,176719.0
4026,2017.0,Cadaqués,78.2,13656.0,36954.0
4027,2017.0,Calaf,91.9,16060.0,56443.0
4028,2017.0,Calafell,79.1,13825.0,346420.0
4029,2017.0,Calders,106.7,18649.0,17666.0
4030,2017.0,Caldes d'Estrac,105.0,18353.0,51477.0
4031,2017.0,Caldes de Malavella,93.3,16301.0,118975.0
4032,2017.0,Caldes de Montbui,102.0,17825.0,307747.0
4033,2017.0,Calella,84.0,14683.0,269696.0
4034,2017.0,Calldetenes,96.7,16902.0,41306.0
4035,2017.0,Callús,90.5,15809.0,32603.0
4036,2017.0,Calonge i Sant Antoni,81.5,14243.0,152034.0
4037,2017.0,Camarles,72.4,12653.0,41087.0
4038,2017.0,Cambrils,89.0,15549.0,518025.0
4039,2017.0,Campdevànol,103.0,17989.0,57715.0
4040,2017.0,Camprodon,98.3,17182.0,38263.0
4041,2017.0,Canet de Mar,95.9,16750.0,239833.0
4042,2017.0,"Canonja, la",79.9,13966.0,81499.0
4043,2017.0,Canovelles,80.4,14055.0,227427.0
4044,2017.0,Canyelles,101.5,17728.0,77369.0
4045,2017.0,Capellades,92.0,16073.0,83927.0
4046,2017.0,Cardedeu,99.9,17453.0,316454.0
4047,2017.0,Cardona,96.6,16869.0,78409.0
4048,2017.0,Casserres,96.8,16912.0,26387.0
4049,2017.0,Cassà de la Selva,93.2,16284.0,163592.0
4050,2017.0,"Castell d'Aro, Platja d'Aro i s'Agaró",75.8,13243.0,137954.0
4051,2017.0,Castellar del Vallès,102.8,17964.0,428419.0
4052,2017.0,Castellbell i el Vilar,89.3,15608.0,55817.0
4053,2017.0,Castellbisbal,99.5,17378.0,213479.0
4054,2017.0,Castelldefels,127.3,22243.0,1459756.0
4055,2017.0,Castellet i la Gornal,88.6,15480.0,34531.0
4056,2017.0,Castellgalí,91.8,16040.0,32349.0
4057,2017.0,Castellnou de Bages,105.3,18400.0,23906.0
4058,2017.0,Castellterçol,93.2,16284.0,38742.0
4059,2017.0,Castellvell del Camp,109.6,19152.0,55087.0
4060,2017.0,Castellví de Rosanes,106.7,18636.0,34114.0
4061,2017.0,Castellví de la Marca,89.4,15614.0,24008.0
4062,2017.0,Castelló d'Empúries,69.4,12127.0,127875.0
4063,2017.0,"Catllar, el",106.4,18586.0,80050.0
4064,2017.0,"Cellera de Ter, la",94.1,16436.0,32257.0
4065,2017.0,Celrà,87.3,15253.0,80123.0
4066,2017.0,Centelles,97.8,17093.0,125411.0
4067,2017.0,Cercs,93.1,16261.0,18796.0
4068,2017.0,Cerdanyola del Vallès,107.7,18812.0,1083420.0
4069,2017.0,Cervelló,110.6,19328.0,171385.0
4070,2017.0,Cervera,77.1,13469.0,119878.0
4071,2017.0,Cervià de Ter,99.3,17352.0,15841.0
4072,2017.0,Collbató,125.7,21958.0,96398.0
4073,2017.0,Constantí,68.7,12003.0,78241.0
4074,2017.0,Corbera d'Ebre,76.9,13428.0,13871.0
4075,2017.0,Corbera de Llobregat,106.4,18585.0,268058.0
4076,2017.0,Corbins,81.2,14188.0,19791.0
4077,2017.0,Cornellà de Llobregat,93.8,16380.0,1411789.0
4078,2017.0,Cornellà del Terri,95.0,16593.0,37968.0
4079,2017.0,Corçà,94.2,16450.0,20213.0
4080,2017.0,Creixell,80.3,14031.0,49151.0
4081,2017.0,"Cruïlles, Monells i Sant Sadurní de l'Heura",122.4,21392.0,27042.0
4082,2017.0,Cubelles,99.2,17329.0,253311.0
4083,2017.0,Cunit,77.2,13496.0,163692.0
4084,2017.0,Cànoves i Samalús,100.5,17559.0,51649.0
4085,2017.0,Deltebre,70.9,12395.0,141410.0
4086,2017.0,Dosrius,102.2,17858.0,92374.0
4087,2017.0,"Escala, l'",92.3,16125.0,163841.0
4088,2017.0,Esparreguera,96.8,16908.0,368407.0
4089,2017.0,"Espluga de Francolí, l'",89.5,15634.0,58516.0
4090,2017.0,Esplugues de Llobregat,115.1,20116.0,920286.0
4091,2017.0,"Esquirol, l'",102.3,17878.0,38024.0
4092,2017.0,Falset,85.8,14993.0,41876.0
4093,2017.0,Figaró-Montmany,81.3,14196.0,15469.0
4094,2017.0,Figueres,75.9,13260.0,597421.0
4095,2017.0,Flaçà,93.5,16340.0,16990.0
4096,2017.0,Flix,98.0,17120.0,59969.0
4097,2017.0,Fogars de la Selva,92.1,16091.0,23116.0
4098,2017.0,Folgueroles,105.8,18489.0,41811.0
4099,2017.0,Fonollosa,103.4,18063.0,25517.0
4100,2017.0,Font-rubí,88.1,15384.0,20774.0
4101,2017.0,Fontcoberta,97.0,16948.0,24901.0
4102,2017.0,Forallac,102.9,17973.0,30242.0
4103,2017.0,Fornells de la Selva,112.8,19702.0,50584.0
4104,2017.0,"Franqueses del Vallès, les",91.7,16028.0,314390.0
4105,2017.0,"Fuliola, la",74.9,13078.0,15963.0
4106,2017.0,Gandesa,79.6,13910.0,41510.0
4107,2017.0,"Garriga, la",106.1,18532.0,297542.0
4108,2017.0,Gavà,102.6,17923.0,828821.0
4109,2017.0,Gelida,94.3,16479.0,120376.0
4110,2017.0,Gimenells i el Pla de la Font,76.0,13271.0,14428.0
4111,2017.0,Girona,101.0,17641.0,1715224.0
4112,2017.0,Gironella,96.6,16881.0,81162.0
4113,2017.0,Golmés,81.8,14297.0,26725.0
4114,2017.0,"Granada, la",92.9,16237.0,34296.0
4115,2017.0,Granollers,97.7,17076.0,1035679.0
4116,2017.0,Gualba,99.7,17424.0,25221.0
4117,2017.0,Guissona,84.0,14670.0,101321.0
4118,2017.0,Gurb,123.9,21643.0,56389.0
4119,2017.0,Horta de Sant Joan,75.2,13138.0,15090.0
4120,2017.0,"Hospitalet de Llobregat, l'",87.9,15365.0,3950898.0
4121,2017.0,"Hostalets de Pierola, els",85.0,14857.0,43347.0
4122,2017.0,Hostalric,89.9,15698.0,63791.0
4123,2017.0,Igualada,93.5,16334.0,644460.0
4124,2017.0,Isona i Conca Dellà,87.7,15329.0,15533.0
4125,2017.0,Ivars d'Urgell,83.3,14559.0,22885.0
4126,2017.0,"Jonquera, la",73.8,12887.0,40181.0
4127,2017.0,Juneda,79.3,13852.0,47205.0
4128,2017.0,Linyola,77.4,13527.0,35968.0
4129,2017.0,"Llagosta, la",87.4,15270.0,203306.0
4130,2017.0,Llagostera,85.9,15009.0,121020.0
4131,2017.0,Llançà,86.9,15186.0,71605.0
4132,2017.0,Lleida,92.9,16234.0,2192636.0
4133,2017.0,Llers,102.5,17905.0,21404.0
4134,2017.0,Llinars del Vallès,95.6,16700.0,163046.0
4135,2017.0,Lliçà d'Amunt,102.0,17817.0,266825.0
4136,2017.0,Lliçà de Vall,115.1,20105.0,128939.0
4137,2017.0,Llorenç del Penedès,86.9,15187.0,34993.0
4138,2017.0,Lloret de Mar,66.6,11640.0,425825.0
4139,2017.0,Llívia,83.2,14531.0,20626.0
4140,2017.0,Malgrat de Mar,86.1,15038.0,273052.0
4141,2017.0,Manlleu,86.3,15071.0,299536.0
4142,2017.0,Manresa,93.0,16256.0,1219555.0
4143,2017.0,Martorell,89.1,15575.0,428940.0
4144,2017.0,Martorelles,100.6,17585.0,83586.0
4145,2017.0,Masdenverge,72.4,12649.0,13624.0
4146,2017.0,"Masies de Voltregà, les",99.0,17292.0,53551.0
4147,2017.0,"Masnou, el",113.4,19818.0,456150.0
4148,2017.0,Masquefa,89.6,15649.0,134321.0
4149,2017.0,Matadepera,159.8,27915.0,257264.0
4150,2017.0,Mataró,87.8,15338.0,1916492.0
4151,2017.0,Maçanet de la Selva,80.5,14072.0,95299.0
4152,2017.0,Mediona,81.6,14255.0,32523.0
4153,2017.0,Miralcamp,75.2,13140.0,17880.0
4154,2017.0,Moià,89.5,15636.0,95134.0
4155,2017.0,Molins de Rei,111.0,19390.0,492153.0
4156,2017.0,Mollerussa,81.6,14265.0,210339.0
4157,2017.0,Mollet del Vallès,92.3,16123.0,821858.0
4158,2017.0,Monistrol de Montserrat,93.6,16352.0,47724.0
4159,2017.0,Mont-ras,105.7,18459.0,31016.0
4160,2017.0,Mont-roig del Camp,77.8,13593.0,160075.0
4161,2017.0,Montblanc,93.3,16302.0,119549.0
4162,2017.0,Montbrió del Camp,81.5,14237.0,40357.0
4163,2017.0,Montcada i Reixac,91.2,15930.0,561473.0
4164,2017.0,Montesquiu,89.2,15587.0,14858.0
4165,2017.0,Montferrer i Castellbò,72.9,12745.0,13769.0
4166,2017.0,Montgat,109.6,19157.0,222868.0
4167,2017.0,"Montmell, el",71.1,12417.0,17566.0
4168,2017.0,Montmeló,94.5,16512.0,144301.0
4169,2017.0,Montornès del Vallès,89.6,15662.0,253741.0
4170,2017.0,"Morell, el",86.6,15125.0,55174.0
4171,2017.0,Móra d'Ebre,84.9,14833.0,82501.0
4172,2017.0,Móra la Nova,79.6,13908.0,42164.0
4173,2017.0,Naut Aran,86.8,15172.0,26750.0
4174,2017.0,Navarcles,96.3,16831.0,99379.0
4175,2017.0,Navata,100.9,17622.0,22527.0
4176,2017.0,Navàs,95.1,16612.0,99133.0
4177,2017.0,Olesa de Bonesvalls,98.2,17163.0,30090.0
4178,2017.0,Olesa de Montserrat,93.9,16404.0,385075.0
4179,2017.0,Oliana,90.1,15743.0,28370.0
4180,2017.0,Olivella,98.7,17248.0,62670.0
4181,2017.0,Olost,96.2,16814.0,19826.0
4182,2017.0,Olot,94.3,16470.0,555169.0
4183,2017.0,Olèrdola,95.8,16741.0,59818.0
4184,2017.0,Os de Balaguer,76.7,13402.0,13388.0
4185,2017.0,Palafolls,86.3,15077.0,137144.0
4186,2017.0,Palafrugell,74.3,12977.0,290970.0
4187,2017.0,Palamós,87.0,15205.0,266568.0
4188,2017.0,"Palau d'Anglesola, el",85.6,14958.0,32699.0
4189,2017.0,Palau-saverdera,75.2,13139.0,18559.0
4190,2017.0,Palau-solità i Plegamans,102.7,17936.0,261789.0
4191,2017.0,"Pallaresos, els",98.7,17247.0,81012.0
4192,2017.0,Pallejà,108.5,18961.0,215360.0
4193,2017.0,"Palma de Cervelló, la",112.7,19694.0,58410.0
4194,2017.0,Pals,90.6,15825.0,38374.0
4195,2017.0,"Papiol, el",102.0,17819.0,72509.0
4196,2017.0,Parets del Vallès,98.9,17288.0,327552.0
4197,2017.0,Perafort,84.5,14755.0,18617.0
4198,2017.0,Peralada,107.1,18719.0,34040.0
4199,2017.0,"Perelló, el",65.8,11489.0,32744.0
4200,2017.0,Piera,84.9,14832.0,226764.0
4201,2017.0,Pineda de Mar,81.1,14162.0,370569.0
4202,2017.0,"Pinell de Brai, el",83.3,14557.0,14504.0
4203,2017.0,"Pla de Santa Maria, el",85.7,14967.0,34264.0
4204,2017.0,"Pla del Penedès, el",87.0,15205.0,18859.0
4205,2017.0,"Planes d'Hostoles, les",91.4,15973.0,25784.0
4206,2017.0,"Pobla de Claramunt, la",90.6,15828.0,34584.0
4207,2017.0,"Pobla de Lillet, la",105.1,18355.0,20118.0
4208,2017.0,"Pobla de Mafumet, la",65.9,11522.0,44727.0
4209,2017.0,"Pobla de Montornès, la",82.6,14426.0,40646.0
4210,2017.0,"Pobla de Segur, la",89.4,15622.0,45358.0
4211,2017.0,Polinyà,93.5,16333.0,136638.0
4212,2017.0,"Pont de Suert, el",89.5,15635.0,35269.0
4213,2017.0,"Pont de Vilomara i Rocafort, el",82.8,14470.0,54456.0
4214,2017.0,Ponts,85.6,14961.0,38624.0
4215,2017.0,Porqueres,96.4,16845.0,76961.0
4216,2017.0,"Port de la Selva, el",87.1,15212.0,14637.0
4217,2017.0,Portbou,93.9,16404.0,17481.0
4218,2017.0,"Prat de Llobregat, el",98.8,17268.0,1096431.0
4219,2017.0,Prats de Lluçanès,100.1,17492.0,43845.0
4220,2017.0,Premià de Dalt,120.1,20988.0,215232.0
4221,2017.0,Premià de Mar,102.6,17933.0,496803.0
4222,2017.0,"Preses, les",111.3,19440.0,33652.0
4223,2017.0,Puig-reig,97.7,17061.0,69591.0
4224,2017.0,Puigcerdà,76.0,13286.0,118200.0
4225,2017.0,Puigpelat,78.3,13675.0,15738.0
4226,2017.0,Puigverd de Lleida,82.2,14361.0,19123.0
4227,2017.0,Quart,105.7,18462.0,64946.0
4228,2017.0,Reus,86.7,15144.0,1574129.0
4229,2017.0,Riba-roja d'Ebre,90.3,15775.0,17350.0
4230,2017.0,Ribes de Freser,100.3,17525.0,30952.0
4231,2017.0,Riells i Viabrea,92.7,16195.0,63244.0
4232,2017.0,"Riera de Gaià, la",92.2,16105.0,27478.0
4233,2017.0,Ripoll,98.0,17128.0,181064.0
4234,2017.0,Ripollet,89.6,15654.0,595324.0
4235,2017.0,Riudarenes,97.6,17056.0,36364.0
4236,2017.0,Riudecanyes,88.1,15399.0,17293.0
4237,2017.0,Riudecols,95.3,16642.0,19685.0
4238,2017.0,Riudellots de la Selva,102.2,17863.0,35989.0
4239,2017.0,Riudoms,75.6,13214.0,86962.0
4240,2017.0,"Roca del Vallès, la",106.0,18528.0,195810.0
4241,2017.0,Roda de Berà,79.6,13907.0,89306.0
4242,2017.0,Roda de Ter,93.9,16413.0,99987.0
4243,2017.0,Roquetes,76.8,13414.0,106735.0
4244,2017.0,Roses,72.7,12705.0,238879.0
4245,2017.0,Rosselló,82.9,14475.0,44142.0
4246,2017.0,Rubí,90.6,15832.0,1200237.0
4247,2017.0,"Ràpita, la",70.7,12357.0,184152.0
4248,2017.0,Sabadell,98.5,17215.0,3620608.0
4249,2017.0,Sallent,99.2,17330.0,113608.0
4250,2017.0,Salou,73.9,12905.0,342787.0
4251,2017.0,Salt,68.4,11943.0,352287.0
4252,2017.0,Sant Adrià de Besòs,83.5,14597.0,530644.0
4253,2017.0,Sant Andreu de Llavaneres,114.0,19920.0,212743.0
4254,2017.0,Sant Andreu de la Barca,92.1,16099.0,436223.0
4255,2017.0,Sant Antoni de Vilamajor,106.1,18544.0,111848.0
4256,2017.0,Sant Boi de Llobregat,95.2,16641.0,1362173.0
4257,2017.0,Sant Cebrià de Vallalta,101.8,17783.0,58410.0
4258,2017.0,Sant Celoni,90.9,15883.0,279801.0
4259,2017.0,Sant Climent de Llobregat,102.7,17950.0,72511.0
4260,2017.0,Sant Cugat Sesgarrigues,97.6,17044.0,16711.0
4261,2017.0,Sant Cugat del Vallès,139.6,24391.0,2192052.0
4262,2017.0,Sant Esteve Sesrovires,105.8,18481.0,141790.0
4263,2017.0,Sant Esteve de Palautordera,107.3,18746.0,50433.0
4264,2017.0,Sant Feliu de Codines,92.1,16088.0,98066.0
4265,2017.0,Sant Feliu de Guíxols,83.4,14572.0,312119.0
4266,2017.0,Sant Feliu de Llobregat,109.6,19146.0,841972.0
4267,2017.0,Sant Feliu de Pallerols,95.3,16643.0,21932.0
4268,2017.0,Sant Fost de Campsentelles,107.9,18847.0,163329.0
4269,2017.0,Sant Fruitós de Bages,109.5,19139.0,162218.0
4270,2017.0,Sant Gregori,110.5,19310.0,69492.0
4271,2017.0,Sant Guim de Freixenet,85.2,14888.0,15137.0
4272,2017.0,Sant Hilari Sacalm,87.1,15224.0,83804.0
4273,2017.0,Sant Hipòlit de Voltregà,100.4,17540.0,60077.0
4274,2017.0,Sant Iscle de Vallalta,95.1,16615.0,21390.0
4275,2017.0,Sant Jaume d'Enveja,71.1,12426.0,43669.0
4276,2017.0,Sant Jaume dels Domenys,81.0,14160.0,36030.0
4277,2017.0,Sant Joan Despí,111.4,19456.0,655720.0
4278,2017.0,Sant Joan de Vilatorrada,93.1,16272.0,174335.0
4279,2017.0,Sant Joan de les Abadesses,104.6,18278.0,59068.0
4280,2017.0,Sant Joan les Fonts,101.4,17717.0,51277.0
4281,2017.0,Sant Julià de Ramis,103.5,18092.0,60978.0
4282,2017.0,Sant Julià de Vilatorta,116.1,20280.0,62132.0
4283,2017.0,Sant Julià del Llor i Bonmatí,100.3,17519.0,22416.0
4284,2017.0,Sant Just Desvern,145.6,25440.0,437739.0
4285,2017.0,Sant Llorenç Savall,92.0,16079.0,37952.0
4286,2017.0,Sant Llorenç d'Hortons,97.9,17108.0,43829.0
4287,2017.0,Sant Llorenç de Morunys,93.6,16356.0,15530.0
4288,2017.0,Sant Martí Sarroca,84.7,14803.0,47379.0
4289,2017.0,Sant Martí de Centelles,85.2,14884.0,16601.0
4290,2017.0,Sant Martí de Tous,96.8,16918.0,20333.0
4291,2017.0,Sant Pere Pescador,77.3,13506.0,26880.0
4292,2017.0,Sant Pere de Ribes,92.3,16126.0,482448.0
4293,2017.0,Sant Pere de Riudebitlles,93.7,16370.0,38156.0
4294,2017.0,Sant Pere de Torelló,98.6,17235.0,41377.0
4295,2017.0,Sant Pere de Vilamajor,102.1,17846.0,77248.0
4296,2017.0,Sant Pol de Mar,106.6,18623.0,94137.0
4297,2017.0,Sant Quintí de Mediona,79.8,13945.0,30198.0
4298,2017.0,Sant Quirze de Besora,86.7,15150.0,31450.0
4299,2017.0,Sant Quirze del Vallès,127.4,22256.0,441890.0
4300,2017.0,Sant Sadurní d'Anoia,100.0,17477.0,222911.0
4301,2017.0,Sant Salvador de Guardiola,94.5,16502.0,51474.0
4302,2017.0,Sant Vicenç de Castellet,84.4,14751.0,135763.0
4303,2017.0,Sant Vicenç de Montalt,126.3,22065.0,137721.0
4304,2017.0,Sant Vicenç de Torelló,106.0,18523.0,36741.0
4305,2017.0,Sant Vicenç dels Horts,91.7,16015.0,443874.0
4306,2017.0,Santa Bàrbara,69.7,12173.0,46555.0
4307,2017.0,Santa Coloma de Cervelló,105.9,18511.0,149281.0
4308,2017.0,Santa Coloma de Farners,88.2,15411.0,195567.0
4309,2017.0,Santa Coloma de Gramenet,80.9,14142.0,1658294.0
4310,2017.0,Santa Coloma de Queralt,92.7,16204.0,43614.0
4311,2017.0,Santa Cristina d'Aro,88.0,15374.0,78625.0
4312,2017.0,Santa Eugènia de Berga,96.4,16847.0,37355.0
4313,2017.0,Santa Eulàlia de Riuprimer,107.9,18847.0,24209.0
4314,2017.0,Santa Eulàlia de Ronçana,103.4,18062.0,128889.0
4315,2017.0,Santa Margarida de Montbui,68.5,11963.0,117454.0
4316,2017.0,Santa Margarida i els Monjos,91.7,16021.0,119524.0
4317,2017.0,Santa Maria d'Oló,100.5,17551.0,17898.0
4318,2017.0,Santa Maria de Palautordera,96.2,16813.0,155976.0
4319,2017.0,Santa Oliva,73.9,12918.0,42713.0
4320,2017.0,Santa Pau,109.1,19057.0,29199.0
4321,2017.0,Santa Perpètua de Mogoda,92.9,16236.0,415268.0
4322,2017.0,Santa Susanna,93.0,16252.0,54017.0
4323,2017.0,Santpedor,102.7,17937.0,133567.0
4324,2017.0,Sarral,79.8,13941.0,21602.0
4325,2017.0,Sarrià de Ter,99.1,17312.0,85869.0
4326,2017.0,"Secuita, la",92.4,16136.0,27273.0
4327,2017.0,"Selva del Camp, la",85.7,14979.0,84239.0
4328,2017.0,Sentmenat,98.4,17197.0,152472.0
4329,2017.0,Serinyà,91.0,15904.0,17593.0
4330,2017.0,Seròs,73.3,12813.0,23797.0
4331,2017.0,"Seu d'Urgell, la",79.0,13809.0,165695.0
4332,2017.0,Seva,105.6,18446.0,63135.0
4333,2017.0,Sils,87.6,15305.0,89606.0
4334,2017.0,Sitges,120.2,20994.0,593958.0
4335,2017.0,Solsona,81.5,14244.0,129205.0
4336,2017.0,Sort,92.7,16204.0,34554.0
4337,2017.0,Soses,80.8,14112.0,24124.0
4338,2017.0,Subirats,95.2,16628.0,49992.0
4339,2017.0,"Sénia, la",66.9,11681.0,66628.0
4340,2017.0,Súria,100.6,17573.0,102801.0
4341,2017.0,Taradell,103.5,18080.0,114023.0
4342,2017.0,Tarragona,92.3,16127.0,2131872.0
4343,2017.0,Teià,136.8,23895.0,149154.0
4344,2017.0,Terrassa,96.0,16770.0,3638443.0
4345,2017.0,Tiana,132.6,23160.0,198399.0
4346,2017.0,Tivissa,78.1,13639.0,22326.0
4347,2017.0,Tona,100.0,17469.0,140298.0
4348,2017.0,Tordera,78.9,13777.0,228336.0
4349,2017.0,Torelló,100.1,17493.0,243601.0
4350,2017.0,"Torre de Claramunt, la",89.1,15564.0,57806.0
4351,2017.0,Torredembarra,77.7,13570.0,215676.0
4352,2017.0,Torrefarrera,88.5,15455.0,70421.0
4353,2017.0,Torregrossa,73.4,12830.0,28279.0
4354,2017.0,Torrelavit,100.5,17567.0,24754.0
4355,2017.0,Torrelles de Foix,76.3,13334.0,30037.0
4356,2017.0,Torrelles de Llobregat,106.5,18609.0,109783.0
4357,2017.0,Torres de Segre,70.3,12287.0,27330.0
4358,2017.0,Torroella de Montgrí,79.2,13831.0,156836.0
4359,2017.0,Tortosa,82.3,14382.0,477543.0
4360,2017.0,Torà,92.6,16176.0,19619.0
4361,2017.0,Tossa de Mar,78.1,13640.0,74793.0
4362,2017.0,Tremp,88.0,15368.0,88890.0
4363,2017.0,Tàrrega,81.6,14254.0,236749.0
4364,2017.0,Térmens,78.8,13775.0,19225.0
4365,2017.0,Ullastrell,105.5,18429.0,37900.0
4366,2017.0,Ulldecona,66.5,11619.0,73692.0
4367,2017.0,Ullà,77.1,13472.0,15088.0
4368,2017.0,Vacarisses,96.0,16775.0,107217.0
4369,2017.0,"Vall d'en Bas, la",105.8,18479.0,54844.0
4370,2017.0,"Vall de Bianya, la",115.3,20139.0,25214.0
4371,2017.0,"Vall de Boí, la",87.1,15212.0,15600.0
4372,2017.0,Vallbona d'Anoia,94.6,16523.0,23240.0
4373,2017.0,Vallfogona de Balaguer,81.9,14308.0,26513.0
4374,2017.0,Vallgorguina,97.4,17021.0,47878.0
4375,2017.0,Vallirana,100.2,17515.0,257650.0
4376,2017.0,Vallmoll,92.4,16143.0,27812.0
4377,2017.0,Vallromanes,128.9,22528.0,56640.0
4378,2017.0,Valls,91.5,15987.0,386465.0
4379,2017.0,Vandellòs i l'Hospitalet de l'Infant,83.1,14513.0,92588.0
4380,2017.0,"Vendrell, el",83.4,14577.0,534895.0
4381,2017.0,Verges,94.0,16417.0,18960.0
4382,2017.0,Vic,100.6,17579.0,773525.0
4383,2017.0,Vidreres,86.5,15115.0,114658.0
4384,2017.0,Vielha e Mijaran,88.3,15419.0,83777.0
4385,2017.0,Vila-rodona,80.3,14024.0,17643.0
4386,2017.0,Vila-seca,76.9,13440.0,297002.0
4387,2017.0,Vilablareix,111.3,19443.0,51987.0
4388,2017.0,Viladecans,96.2,16808.0,1101683.0
4389,2017.0,Viladecavalls,106.5,18608.0,138036.0
4390,2017.0,Viladrau,104.5,18256.0,18629.0
4391,2017.0,Vilafant,91.4,15963.0,84962.0
4392,2017.0,Vilafranca del Penedès,92.7,16196.0,641835.0
4393,2017.0,Vilajuïga,89.6,15647.0,17063.0
4394,2017.0,Vilallonga del Camp,85.4,14916.0,34971.0
4395,2017.0,Vilamalla,87.4,15267.0,17155.0
4396,2017.0,Vilanova de Bellpuig,82.5,14413.0,16886.0
4397,2017.0,Vilanova de Segrià,82.1,14352.0,13300.0
4398,2017.0,Vilanova de la Barca,84.7,14806.0,15137.0
4399,2017.0,Vilanova del Camí,78.9,13780.0,170255.0
4400,2017.0,Vilanova del Vallès,119.1,20811.0,110207.0
4401,2017.0,Vilanova i la Geltrú,96.1,16797.0,1093948.0
4402,2017.0,Vilassar de Dalt,117.0,20439.0,181344.0
4403,2017.0,Vilassar de Mar,118.8,20756.0,424186.0
4404,2017.0,Vilobí d'Onyar,97.2,16980.0,53007.0
4405,2017.0,Vilobí del Penedès,97.0,16944.0,18561.0
4406,2017.0,Vinyols i els Arcs,88.7,15494.0,30419.0
4407,2017.0,Xerta,81.2,14194.0,16599.0
4408,2017.0,Òdena,89.3,15597.0,56362.0
4409,2018.0,Abrera,100.7,17824.0,219327.0
4410,2018.0,Agramunt,85.8,15184.0,81214.0
4411,2018.0,Aiguafreda,101.9,18035.0,45022.0
4412,2018.0,Aitona,65.4,11580.0,29180.0
4413,2018.0,Albatàrrec,71.4,12648.0,28273.0
4414,2018.0,Albesa,81.1,14349.0,22168.0
4415,2018.0,Albinyana,77.4,13711.0,32817.0
4416,2018.0,Alcanar,73.7,13045.0,124263.0
4417,2018.0,Alcarràs,73.9,13081.0,121537.0
4418,2018.0,Alcoletge,79.6,14096.0,47300.0
4419,2018.0,Alcover,87.9,15558.0,79335.0
4420,2018.0,"Aldea, l'",74.4,13177.0,54282.0
4421,2018.0,Alella,153.8,27228.0,262937.0
4422,2018.0,Alfarràs,78.0,13815.0,38088.0
4423,2018.0,Alforja,78.4,13888.0,25081.0
4424,2018.0,Alguaire,81.0,14345.0,41584.0
4425,2018.0,Almacelles,80.9,14328.0,95468.0
4426,2018.0,Almenar,80.2,14191.0,47702.0
4427,2018.0,Almoster,112.7,19958.0,27047.0
4428,2018.0,Alp,89.9,15919.0,24765.0
4429,2018.0,Alpicat,104.0,18420.0,112838.0
4430,2018.0,Altafulla,110.0,19467.0,101169.0
4431,2018.0,Amer,99.6,17636.0,39463.0
4432,2018.0,"Ametlla de Mar, l'",74.8,13238.0,89303.0
4433,2018.0,"Ametlla del Vallès, l'",131.1,23218.0,196380.0
4434,2018.0,"Ampolla, l'",81.1,14361.0,46238.0
4435,2018.0,Amposta,74.4,13180.0,275797.0
4436,2018.0,Anglesola,82.7,14640.0,19576.0
4437,2018.0,Anglès,85.5,15144.0,82730.0
4438,2018.0,Arbeca,77.9,13789.0,29798.0
4439,2018.0,"Arboç, l'",76.1,13465.0,73866.0
4440,2018.0,Arbúcies,81.9,14500.0,93124.0
4441,2018.0,Arenys de Mar,99.7,17657.0,272865.0
4442,2018.0,Arenys de Munt,101.4,17945.0,157382.0
4443,2018.0,Argentona,104.7,18538.0,226431.0
4444,2018.0,"Armentera, l'",83.0,14702.0,13384.0
4445,2018.0,Artesa de Lleida,84.1,14883.0,22213.0
4446,2018.0,Artesa de Segre,81.2,14371.0,48760.0
4447,2018.0,Artés,95.1,16839.0,94514.0
4448,2018.0,Ascó,87.9,15554.0,25635.0
4449,2018.0,Avinyonet de Puigventós,94.0,16648.0,26092.0
4450,2018.0,Avinyonet del Penedès,93.1,16481.0,27712.0
4451,2018.0,Avinyó,95.9,16985.0,38020.0
4452,2018.0,Avià,100.0,17711.0,39488.0
4453,2018.0,Badalona,92.3,16345.0,3558269.0
4454,2018.0,Badia del Vallès,73.6,13035.0,174301.0
4455,2018.0,Bagà,100.3,17752.0,37935.0
4456,2018.0,Balaguer,75.7,13409.0,224898.0
4457,2018.0,Balenyà,89.9,15915.0,59789.0
4458,2018.0,Balsareny,97.7,17290.0,54431.0
4459,2018.0,Banyeres del Penedès,88.7,15704.0,49227.0
4460,2018.0,Banyoles,93.4,16537.0,324063.0
4461,2018.0,Barberà del Vallès,97.5,17265.0,567989.0
4462,2018.0,Barcelona,121.7,21538.0,34852191.0
4463,2018.0,Batea,76.7,13573.0,25447.0
4464,2018.0,Begues,122.9,21754.0,151609.0
4465,2018.0,Begur,92.8,16432.0,63550.0
4466,2018.0,Bell-lloc d'Urgell,88.7,15698.0,36408.0
4467,2018.0,Bellcaire d'Urgell,86.0,15233.0,18649.0
4468,2018.0,Bellpuig,77.1,13641.0,69093.0
4469,2018.0,Bellvei,74.9,13267.0,29009.0
4470,2018.0,Bellver de Cerdanya,95.2,16857.0,32714.0
4471,2018.0,Bellvís,79.2,14013.0,31913.0
4472,2018.0,Benavent de Segrià,97.2,17204.0,25044.0
4473,2018.0,Benissanet,74.3,13162.0,14985.0
4474,2018.0,Berga,95.1,16835.0,274159.0
4475,2018.0,Besalú,98.1,17363.0,42239.0
4476,2018.0,Bescanó,101.6,17980.0,86659.0
4477,2018.0,Bigues i Riells del Fai,106.4,18830.0,169946.0
4478,2018.0,"Bisbal d'Empordà, la",79.8,14126.0,151772.0
4479,2018.0,"Bisbal del Penedès, la",80.3,14214.0,49466.0
4480,2018.0,Blanes,82.7,14633.0,559497.0
4481,2018.0,Bordils,100.8,17846.0,30230.0
4482,2018.0,"Borges Blanques, les",82.3,14565.0,88356.0
4483,2018.0,"Borges del Camp, les",83.7,14824.0,30711.0
4484,2018.0,Bossòst,92.8,16435.0,18019.0
4485,2018.0,Botarell,105.9,18750.0,20172.0
4486,2018.0,Breda,89.4,15830.0,58125.0
4487,2018.0,"Bruc, el",115.6,20468.0,41750.0
4488,2018.0,Bàscara,86.9,15390.0,15039.0
4489,2018.0,"Cabanyes, les",103.1,18248.0,17562.0
4490,2018.0,Cabra del Camp,73.8,13069.0,15096.0
4491,2018.0,Cabrera d'Anoia,86.5,15317.0,21350.0
4492,2018.0,Cabrera de Mar,128.5,22756.0,104950.0
4493,2018.0,Cabrils,139.4,24674.0,180082.0
4494,2018.0,Cadaqués,76.6,13556.0,36118.0
4495,2018.0,Calaf,84.4,14937.0,52923.0
4496,2018.0,Calafell,80.7,14282.0,369513.0
4497,2018.0,Calders,107.7,19072.0,18120.0
4498,2018.0,Caldes d'Estrac,121.1,21432.0,61787.0
4499,2018.0,Caldes de Malavella,92.8,16433.0,121917.0
4500,2018.0,Caldes de Montbui,100.9,17856.0,311731.0
4501,2018.0,Calella,83.0,14694.0,274121.0
4502,2018.0,Calldetenes,99.9,17690.0,43576.0
4503,2018.0,Callús,90.1,15944.0,33403.0
4504,2018.0,Calonge i Sant Antoni,82.8,14658.0,158610.0
4505,2018.0,Camarles,76.2,13498.0,43571.0
4506,2018.0,Cambrils,88.4,15657.0,529929.0
4507,2018.0,Campdevànol,101.4,17959.0,57371.0
4508,2018.0,Camprodon,98.1,17373.0,39220.0
4509,2018.0,Canet de Mar,95.6,16932.0,243267.0
4510,2018.0,"Canonja, la",80.3,14224.0,83707.0
4511,2018.0,Canovelles,79.6,14098.0,231668.0
4512,2018.0,Canyelles,103.5,18320.0,82020.0
4513,2018.0,Capellades,93.0,16457.0,86484.0
4514,2018.0,Cardedeu,100.6,17805.0,324327.0
4515,2018.0,Cardona,96.2,17026.0,78228.0
4516,2018.0,Casserres,98.3,17404.0,27568.0
4517,2018.0,Cassà de la Selva,93.3,16523.0,166808.0
4518,2018.0,"Castell d'Aro, Platja d'Aro i s'Agaró",79.4,14062.0,148395.0
4519,2018.0,Castellar del Vallès,103.4,18308.0,440554.0
4520,2018.0,Castellbell i el Vilar,94.5,16726.0,59955.0
4521,2018.0,Castellbisbal,98.8,17486.0,215716.0
4522,2018.0,Castelldefels,119.8,21203.0,1401919.0
4523,2018.0,Castellet i la Gornal,91.6,16213.0,36715.0
4524,2018.0,Castellgalí,91.4,16173.0,32923.0
4525,2018.0,Castellnou de Bages,101.6,17986.0,24165.0
4526,2018.0,Castellterçol,97.1,17183.0,41590.0
4527,2018.0,Castellvell del Camp,109.1,19313.0,55638.0
4528,2018.0,Castellví de Rosanes,108.6,19230.0,35738.0
4529,2018.0,Castellví de la Marca,89.5,15840.0,24254.0
4530,2018.0,Castelló d'Empúries,70.1,12415.0,131526.0
4531,2018.0,"Catllar, el",102.3,18115.0,79898.0
4532,2018.0,"Cellera de Ter, la",94.6,16756.0,32291.0
4533,2018.0,Celrà,88.9,15742.0,83084.0
4534,2018.0,Centelles,98.2,17380.0,127311.0
4535,2018.0,Cercs,93.1,16487.0,18864.0
4536,2018.0,Cerdanyola del Vallès,107.0,18938.0,1088135.0
4537,2018.0,Cervelló,110.3,19524.0,174438.0
4538,2018.0,Cervera,79.1,13998.0,125379.0
4539,2018.0,Cervià de Ter,88.3,15632.0,14579.0
4540,2018.0,Collbató,118.9,21053.0,93133.0
4541,2018.0,Constantí,71.7,12695.0,83120.0
4542,2018.0,Corbera d'Ebre,75.3,13329.0,13452.0
4543,2018.0,Corbera de Llobregat,108.4,19188.0,280269.0
4544,2018.0,Corbins,79.7,14105.0,19896.0
4545,2018.0,Cornellà de Llobregat,93.6,16562.0,1443044.0
4546,2018.0,Cornellà del Terri,94.4,16720.0,38930.0
4547,2018.0,Corçà,96.3,17051.0,21145.0
4548,2018.0,Creixell,81.3,14385.0,51708.0
4549,2018.0,"Cruïlles, Monells i Sant Sadurní de l'Heura",95.6,16929.0,21268.0
4550,2018.0,Cubelles,97.4,17247.0,256502.0
4551,2018.0,Cunit,80.7,14281.0,179672.0
4552,2018.0,Cànoves i Samalús,99.2,17564.0,53541.0
4553,2018.0,Deltebre,73.5,13010.0,148481.0
4554,2018.0,Dosrius,104.1,18423.0,97864.0
4555,2018.0,"Escala, l'",89.3,15809.0,160008.0
4556,2018.0,Esparreguera,96.3,17055.0,374497.0
4557,2018.0,"Espluga de Francolí, l'",90.6,16036.0,59691.0
4558,2018.0,Esplugues de Llobregat,118.2,20924.0,965000.0
4559,2018.0,"Esquirol, l'",105.8,18733.0,39999.0
4560,2018.0,Falset,85.3,15100.0,42267.0
4561,2018.0,Figaró-Montmany,85.9,15210.0,16864.0
4562,2018.0,Figueres,77.8,13767.0,624574.0
4563,2018.0,Flaçà,92.9,16441.0,17398.0
4564,2018.0,Flix,99.3,17571.0,59926.0
4565,2018.0,Fogars de la Selva,90.1,15951.0,22871.0
4566,2018.0,Folgueroles,105.8,18732.0,42043.0
4567,2018.0,Fonollosa,104.8,18553.0,26542.0
4568,2018.0,Font-rubí,90.6,16034.0,21446.0
4569,2018.0,Fontcoberta,101.9,18033.0,26359.0
4570,2018.0,Forallac,102.9,18219.0,30483.0
4571,2018.0,Fornells de la Selva,117.7,20837.0,53748.0
4572,2018.0,"Franqueses del Vallès, les",92.4,16361.0,325266.0
4573,2018.0,"Fuliola, la",75.1,13290.0,16279.0
4574,2018.0,Gandesa,79.6,14087.0,42343.0
4575,2018.0,"Garriga, la",104.8,18546.0,302853.0
4576,2018.0,Gavà,104.0,18408.0,852965.0
4577,2018.0,Gelida,95.2,16857.0,125345.0
4578,2018.0,Gimenells i el Pla de la Font,75.6,13389.0,14577.0
4579,2018.0,Girona,99.3,17576.0,1729293.0
4580,2018.0,Gironella,97.7,17301.0,83252.0
4581,2018.0,Golmés,83.0,14694.0,27417.0
4582,2018.0,"Granada, la",99.1,17539.0,37513.0
4583,2018.0,Granollers,99.1,17553.0,1070319.0
4584,2018.0,Gualba,98.1,17362.0,25815.0
4585,2018.0,Guissona,83.2,14729.0,102458.0
4586,2018.0,Gurb,118.0,20882.0,55039.0
4587,2018.0,Horta de Sant Joan,78.1,13833.0,15713.0
4588,2018.0,"Hospitalet de Llobregat, l'",87.2,15438.0,4034208.0
4589,2018.0,"Hostalets de Pierola, els",88.4,15641.0,46194.0
4590,2018.0,Hostalric,89.0,15761.0,64740.0
4591,2018.0,Igualada,93.7,16589.0,659857.0
4592,2018.0,Isona i Conca Dellà,85.8,15183.0,15347.0
4593,2018.0,Ivars d'Urgell,82.5,14613.0,22730.0
4594,2018.0,"Jonquera, la",79.6,14095.0,44834.0
4595,2018.0,Juneda,77.4,13707.0,47350.0
4596,2018.0,Linyola,75.7,13410.0,36208.0
4597,2018.0,"Llagosta, la",86.4,15299.0,204860.0
4598,2018.0,Llagostera,85.7,15177.0,123745.0
4599,2018.0,Llançà,87.3,15452.0,73115.0
4600,2018.0,Lleida,93.4,16537.0,2246042.0
4601,2018.0,Llers,99.8,17660.0,21340.0
4602,2018.0,Llinars del Vallès,96.1,17021.0,167883.0
4603,2018.0,Lliçà d'Amunt,102.6,18168.0,275168.0
4604,2018.0,Lliçà de Vall,109.9,19462.0,126406.0
4605,2018.0,Llorenç del Penedès,88.3,15633.0,36726.0
4606,2018.0,Lloret de Mar,67.6,11973.0,445470.0
4607,2018.0,Llívia,91.3,16157.0,22781.0
4608,2018.0,Malgrat de Mar,86.5,15316.0,279838.0
4609,2018.0,Manlleu,87.1,15415.0,310462.0
4610,2018.0,Manresa,92.5,16383.0,1247819.0
4611,2018.0,Martorell,89.3,15812.0,439249.0
4612,2018.0,Martorelles,103.8,18384.0,87978.0
4613,2018.0,Masdenverge,75.5,13364.0,14449.0
4614,2018.0,"Masies de Voltregà, les",99.5,17607.0,54496.0
4615,2018.0,"Masnou, el",114.2,20222.0,467661.0
4616,2018.0,Masquefa,90.4,16010.0,142996.0
4617,2018.0,Matadepera,72.7,12879.0,119642.0
4618,2018.0,Mataró,88.5,15663.0,1973328.0
4619,2018.0,Maçanet de la Selva,81.2,14372.0,98332.0
4620,2018.0,Mediona,82.7,14635.0,33974.0
4621,2018.0,Miralcamp,77.1,13650.0,18552.0
4622,2018.0,Moià,88.7,15711.0,97053.0
4623,2018.0,Molins de Rei,109.6,19411.0,496067.0
4624,2018.0,Mollerussa,83.2,14726.0,218253.0
4625,2018.0,Mollet del Vallès,92.4,16365.0,836213.0
4626,2018.0,Monistrol de Montserrat,93.8,16598.0,49174.0
4627,2018.0,Mont-ras,101.8,18025.0,29893.0
4628,2018.0,Mont-roig del Camp,78.1,13825.0,166576.0
4629,2018.0,Montblanc,94.0,16641.0,121853.0
4630,2018.0,Montbrió del Camp,86.9,15382.0,44260.0
4631,2018.0,Montcada i Reixac,91.0,16116.0,577728.0
4632,2018.0,Montesquiu,90.5,16022.0,15562.0
4633,2018.0,Montferrer i Castellbò,72.0,12744.0,13462.0
4634,2018.0,Montgat,108.2,19148.0,225500.0
4635,2018.0,"Montmell, el",71.7,12701.0,18642.0
4636,2018.0,Montmeló,94.0,16634.0,145509.0
4637,2018.0,Montornès del Vallès,91.4,16178.0,263505.0
4638,2018.0,"Morell, el",89.5,15837.0,58397.0
4639,2018.0,Móra d'Ebre,82.8,14663.0,82136.0
4640,2018.0,Móra la Nova,78.7,13940.0,42436.0
4641,2018.0,Naut Aran,91.3,16157.0,28682.0
4642,2018.0,Navarcles,98.4,17413.0,102880.0
4643,2018.0,Navata,101.0,17888.0,23499.0
4644,2018.0,Navàs,94.8,16785.0,99997.0
4645,2018.0,Olesa de Bonesvalls,97.6,17276.0,31003.0
4646,2018.0,Olesa de Montserrat,94.4,16711.0,394995.0
4647,2018.0,Oliana,89.2,15790.0,28367.0
4648,2018.0,Olivella,100.6,17807.0,65750.0
4649,2018.0,Olost,98.5,17442.0,20559.0
4650,2018.0,Olot,93.9,16616.0,568244.0
4651,2018.0,Olèrdola,93.9,16630.0,60594.0
4652,2018.0,Os de Balaguer,77.4,13699.0,13535.0
4653,2018.0,Palafolls,88.9,15743.0,145004.0
4654,2018.0,Palafrugell,77.4,13707.0,309155.0
4655,2018.0,Palamós,87.4,15476.0,272698.0
4656,2018.0,"Palau d'Anglesola, el",86.2,15263.0,33284.0
4657,2018.0,Palau-saverdera,74.4,13172.0,18723.0
4658,2018.0,Palau-solità i Plegamans,102.9,18224.0,267417.0
4659,2018.0,"Pallaresos, els",99.1,17536.0,83684.0
4660,2018.0,Pallejà,105.5,18681.0,212937.0
4661,2018.0,"Palma de Cervelló, la",113.8,20142.0,59267.0
4662,2018.0,Pals,93.1,16478.0,39505.0
4663,2018.0,"Papiol, el",107.3,19002.0,77693.0
4664,2018.0,Parets del Vallès,99.1,17548.0,333669.0
4665,2018.0,Perafort,86.4,15291.0,19371.0
4666,2018.0,Peralada,170.7,30229.0,54805.0
4667,2018.0,"Perelló, el",68.7,12169.0,34030.0
4668,2018.0,Piera,87.2,15437.0,239151.0
4669,2018.0,Pineda de Mar,80.1,14188.0,377659.0
4670,2018.0,"Pinell de Brai, el",83.9,14855.0,14815.0
4671,2018.0,"Pla de Santa Maria, el",87.2,15443.0,35861.0
4672,2018.0,"Pla del Penedès, el",88.1,15597.0,19570.0
4673,2018.0,"Planes d'Hostoles, les",90.9,16101.0,26404.0
4674,2018.0,"Pobla de Claramunt, la",90.5,16023.0,35032.0
4675,2018.0,"Pobla de Lillet, la",101.0,17878.0,19555.0
4676,2018.0,"Pobla de Mafumet, la",68.7,12165.0,47565.0
4677,2018.0,"Pobla de Montornès, la",85.1,15072.0,42834.0
4678,2018.0,"Pobla de Segur, la",87.9,15569.0,45535.0
4679,2018.0,Polinyà,93.5,16545.0,139263.0
4680,2018.0,"Pont de Suert, el",84.8,15009.0,33540.0
4681,2018.0,"Pont de Vilomara i Rocafort, el",86.5,15309.0,57793.0
4682,2018.0,Ponts,86.0,15229.0,39097.0
4683,2018.0,Porqueres,95.4,16887.0,77327.0
4684,2018.0,"Port de la Selva, el",92.0,16280.0,15479.0
4685,2018.0,Portbou,94.6,16754.0,17581.0
4686,2018.0,"Prat de Llobregat, el",98.6,17450.0,1113540.0
4687,2018.0,Prats de Lluçanès,98.5,17444.0,44004.0
4688,2018.0,Premià de Dalt,124.5,22042.0,227133.0
4689,2018.0,Premià de Mar,103.6,18347.0,508840.0
4690,2018.0,"Preses, les",102.1,18081.0,31497.0
4691,2018.0,Puig-reig,97.6,17274.0,71176.0
4692,2018.0,Puigcerdà,75.8,13423.0,121333.0
4693,2018.0,Puigpelat,82.2,14549.0,16775.0
4694,2018.0,Puigverd de Lleida,88.4,15643.0,20862.0
4695,2018.0,Quart,104.4,18482.0,66252.0
4696,2018.0,Reus,87.8,15544.0,1625811.0
4697,2018.0,Riba-roja d'Ebre,73.1,12938.0,14313.0
4698,2018.0,Ribes de Freser,101.7,18005.0,31502.0
4699,2018.0,Riells i Viabrea,92.5,16381.0,65405.0
4700,2018.0,"Riera de Gaià, la",90.6,16039.0,27709.0
4701,2018.0,Ripoll,93.0,16467.0,174484.0
4702,2018.0,Ripollet,89.5,15848.0,609036.0
4703,2018.0,Riudarenes,167.8,29710.0,63693.0
4704,2018.0,Riudecanyes,90.2,15962.0,18113.0
4705,2018.0,Riudecols,97.7,17291.0,20587.0
4706,2018.0,Riudellots de la Selva,99.7,17646.0,35853.0
4707,2018.0,Riudoms,76.9,13606.0,90094.0
4708,2018.0,"Roca del Vallès, la",108.0,19112.0,203197.0
4709,2018.0,Roda de Berà,84.5,14952.0,97689.0
4710,2018.0,Roda de Ter,94.7,16760.0,103485.0
4711,2018.0,Roquetes,79.3,14046.0,111120.0
4712,2018.0,Roses,73.3,12975.0,245929.0
4713,2018.0,Rosselló,84.9,15038.0,46300.0
4714,2018.0,Rubí,90.9,16094.0,1235830.0
4715,2018.0,"Ràpita, la",73.8,13060.0,194340.0
4716,2018.0,Sabadell,98.7,17466.0,3707395.0
4717,2018.0,Sallent,98.8,17488.0,115008.0
4718,2018.0,Salou,74.2,13143.0,357565.0
4719,2018.0,Salt,68.6,12153.0,366681.0
4720,2018.0,Sant Adrià de Besòs,83.9,14856.0,544435.0
4721,2018.0,Sant Andreu de Llavaneres,122.3,21655.0,233490.0
4722,2018.0,Sant Andreu de la Barca,91.9,16278.0,442909.0
4723,2018.0,Sant Antoni de Vilamajor,107.8,19089.0,116440.0
4724,2018.0,Sant Boi de Llobregat,94.7,16771.0,1384317.0
4725,2018.0,Sant Cebrià de Vallalta,101.3,17933.0,59559.0
4726,2018.0,Sant Celoni,91.3,16155.0,287320.0
4727,2018.0,Sant Climent de Llobregat,102.0,18053.0,73706.0
4728,2018.0,Sant Cugat Sesgarrigues,97.2,17209.0,17138.0
4729,2018.0,Sant Cugat del Vallès,140.3,24835.0,2251343.0
4730,2018.0,Sant Esteve Sesrovires,110.0,19468.0,148738.0
4731,2018.0,Sant Esteve de Palautordera,104.2,18446.0,51236.0
4732,2018.0,Sant Feliu de Codines,92.1,16302.0,101172.0
4733,2018.0,Sant Feliu de Guíxols,81.9,14501.0,312198.0
4734,2018.0,Sant Feliu de Llobregat,108.3,19171.0,848958.0
4735,2018.0,Sant Feliu de Pallerols,93.3,16524.0,22000.0
4736,2018.0,Sant Fost de Campsentelles,107.6,19057.0,165946.0
4737,2018.0,Sant Fruitós de Bages,120.9,21404.0,183138.0
4738,2018.0,Sant Gregori,108.9,19277.0,70913.0
4739,2018.0,Sant Guim de Freixenet,85.9,15209.0,15418.0
4740,2018.0,Sant Hilari Sacalm,87.9,15555.0,85741.0
4741,2018.0,Sant Hipòlit de Voltregà,100.9,17856.0,61390.0
4742,2018.0,Sant Iscle de Vallalta,95.8,16959.0,22140.0
4743,2018.0,Sant Jaume d'Enveja,72.5,12832.0,45358.0
4744,2018.0,Sant Jaume dels Domenys,84.1,14880.0,38312.0
4745,2018.0,Sant Joan Despí,110.2,19507.0,659540.0
4746,2018.0,Sant Joan de Vilatorrada,93.0,16465.0,177205.0
4747,2018.0,Sant Joan de les Abadesses,101.6,17992.0,57735.0
4748,2018.0,Sant Joan les Fonts,102.9,18212.0,53355.0
4749,2018.0,Sant Julià de Ramis,104.5,18497.0,62811.0
4750,2018.0,Sant Julià de Vilatorta,113.7,20134.0,61771.0
4751,2018.0,Sant Julià del Llor i Bonmatí,99.7,17656.0,22217.0
4752,2018.0,Sant Just Desvern,166.0,29396.0,514372.0
4753,2018.0,Sant Llorenç Savall,93.7,16593.0,39281.0
4754,2018.0,Sant Llorenç d'Hortons,98.1,17375.0,43437.0
4755,2018.0,Sant Llorenç de Morunys,96.7,17115.0,16291.0
4756,2018.0,Sant Martí Sarroca,87.3,15462.0,50105.0
4757,2018.0,Sant Martí de Centelles,85.6,15149.0,17198.0
4758,2018.0,Sant Martí de Tous,99.9,17685.0,21598.0
4759,2018.0,Sant Pere Pescador,79.5,14082.0,28024.0
4760,2018.0,Sant Pere de Ribes,93.3,16526.0,497514.0
4761,2018.0,Sant Pere de Riudebitlles,94.6,16741.0,39305.0
4762,2018.0,Sant Pere de Torelló,100.5,17785.0,42509.0
4763,2018.0,Sant Pere de Vilamajor,103.2,18267.0,80567.0
4764,2018.0,Sant Pol de Mar,109.8,19444.0,100549.0
4765,2018.0,Sant Quintí de Mediona,84.5,14962.0,33093.0
4766,2018.0,Sant Quirze de Besora,99.3,17574.0,37108.0
4767,2018.0,Sant Quirze del Vallès,128.6,22769.0,455383.0
4768,2018.0,Sant Sadurní d'Anoia,100.2,17740.0,227927.0
4769,2018.0,Sant Salvador de Guardiola,96.3,17049.0,53531.0
4770,2018.0,Sant Vicenç de Castellet,84.9,15025.0,139716.0
4771,2018.0,Sant Vicenç de Montalt,129.4,22910.0,144504.0
4772,2018.0,Sant Vicenç de Torelló,121.6,21524.0,43299.0
4773,2018.0,Sant Vicenç dels Horts,92.7,16417.0,455893.0
4774,2018.0,Santa Bàrbara,72.4,12809.0,48521.0
4775,2018.0,Santa Coloma de Cervelló,104.7,18536.0,150668.0
4776,2018.0,Santa Coloma de Farners,87.3,15450.0,197653.0
4777,2018.0,Santa Coloma de Gramenet,81.0,14343.0,1696235.0
4778,2018.0,Santa Coloma de Queralt,90.9,16091.0,42904.0
4779,2018.0,Santa Cristina d'Aro,93.2,16499.0,84652.0
4780,2018.0,Santa Eugènia de Berga,99.5,17619.0,38944.0
4781,2018.0,Santa Eulàlia de Riuprimer,106.0,18766.0,24604.0
4782,2018.0,Santa Eulàlia de Ronçana,106.8,18902.0,136512.0
4783,2018.0,Santa Margarida de Montbui,68.9,12204.0,121221.0
4784,2018.0,Santa Margarida i els Monjos,91.0,16119.0,121545.0
4785,2018.0,Santa Maria d'Oló,100.6,17815.0,18102.0
4786,2018.0,Santa Maria de Palautordera,95.2,16855.0,157604.0
4787,2018.0,Santa Oliva,76.2,13485.0,44620.0
4788,2018.0,Santa Pau,101.8,18031.0,27756.0
4789,2018.0,Santa Perpètua de Mogoda,92.5,16373.0,420784.0
4790,2018.0,Santa Susanna,92.5,16383.0,55203.0
4791,2018.0,Santpedor,102.8,18197.0,135798.0
4792,2018.0,Sarral,81.0,14346.0,22024.0
4793,2018.0,Sarrià de Ter,99.8,17675.0,88484.0
4794,2018.0,"Secuita, la",93.9,16631.0,28223.0
4795,2018.0,"Selva del Camp, la",86.7,15342.0,87111.0
4796,2018.0,Sentmenat,99.5,17611.0,158487.0
4797,2018.0,Serinyà,93.4,16531.0,18431.0
4798,2018.0,Seròs,73.0,12922.0,24161.0
4799,2018.0,"Seu d'Urgell, la",79.2,14025.0,169020.0
4800,2018.0,Seva,105.0,18591.0,64211.0
4801,2018.0,Sils,87.9,15570.0,92276.0
4802,2018.0,Sitges,123.4,21841.0,624314.0
4803,2018.0,Solsona,82.7,14637.0,133983.0
4804,2018.0,Sort,91.7,16230.0,34816.0
4805,2018.0,Soses,81.1,14351.0,24834.0
4806,2018.0,Subirats,95.4,16898.0,51166.0
4807,2018.0,"Sénia, la",67.7,11991.0,68733.0
4808,2018.0,Súria,98.9,17513.0,102551.0
4809,2018.0,Taradell,105.1,18614.0,118636.0
4810,2018.0,Tarragona,91.7,16231.0,2171734.0
4811,2018.0,Teià,139.4,24675.0,154780.0
4812,2018.0,Terrassa,95.9,16986.0,3721664.0
4813,2018.0,Tiana,133.4,23611.0,204511.0
4814,2018.0,Tivissa,81.4,14415.0,23095.0
4815,2018.0,Tona,100.1,17720.0,143323.0
4816,2018.0,Tordera,80.5,14259.0,240366.0
4817,2018.0,Torelló,100.4,17778.0,250488.0
4818,2018.0,"Torre de Claramunt, la",90.6,16035.0,59605.0
4819,2018.0,Torredembarra,79.7,14104.0,227572.0
4820,2018.0,Torrefarrera,90.9,16089.0,72899.0
4821,2018.0,Torregrossa,74.8,13246.0,29306.0
4822,2018.0,Torrelavit,101.1,17891.0,25430.0
4823,2018.0,Torrelles de Foix,73.4,13001.0,30026.0
4824,2018.0,Torrelles de Llobregat,109.5,19381.0,115154.0
4825,2018.0,Torres de Segre,70.9,12548.0,28223.0
4826,2018.0,Torroella de Montgrí,79.5,14083.0,160656.0
4827,2018.0,Tortosa,83.3,14739.0,489401.0
4828,2018.0,Torà,89.8,15901.0,19507.0
4829,2018.0,Tossa de Mar,77.1,13644.0,75533.0
4830,2018.0,Tremp,87.9,15558.0,89640.0
4831,2018.0,Tàrrega,81.2,14367.0,241973.0
4832,2018.0,Térmens,80.3,14220.0,19050.0
4833,2018.0,Ullastrell,107.0,18940.0,39335.0
4834,2018.0,Ulldecona,70.3,12450.0,79020.0
4835,2018.0,Ullà,75.0,13285.0,14984.0
4836,2018.0,Vacarisses,99.3,17583.0,115589.0
4837,2018.0,"Vall d'en Bas, la",104.3,18466.0,55268.0
4838,2018.0,"Vall de Bianya, la",114.9,20349.0,25455.0
4839,2018.0,"Vall de Boí, la",90.2,15965.0,16431.0
4840,2018.0,Vallbona d'Anoia,97.3,17222.0,23884.0
4841,2018.0,Vallfogona de Balaguer,84.3,14924.0,27679.0
4842,2018.0,Vallgorguina,99.6,17628.0,50511.0
4843,2018.0,Vallirana,102.7,18190.0,269457.0
4844,2018.0,Vallmoll,89.7,15879.0,27814.0
4845,2018.0,Vallromanes,130.3,23065.0,58773.0
4846,2018.0,Valls,91.0,16113.0,391884.0
4847,2018.0,Vandellòs i l'Hospitalet de l'Infant,84.7,14987.0,97046.0
4848,2018.0,"Vendrell, el",84.6,14986.0,557598.0
4849,2018.0,Verges,90.0,15930.0,18500.0
4850,2018.0,Vic,93.7,16586.0,747754.0
4851,2018.0,Vidreres,87.8,15541.0,118644.0
4852,2018.0,Vielha e Mijaran,90.1,15943.0,87056.0
4853,2018.0,Vila-rodona,82.4,14580.0,18331.0
4854,2018.0,Vila-seca,78.9,13961.0,310117.0
4855,2018.0,Vilablareix,110.9,19631.0,54334.0
4856,2018.0,Viladecans,97.8,17308.0,1139240.0
4857,2018.0,Viladecavalls,107.8,19081.0,142745.0
4858,2018.0,Viladrau,104.6,18510.0,18893.0
4859,2018.0,Vilafant,91.3,16167.0,85431.0
4860,2018.0,Vilafranca del Penedès,93.6,16569.0,659660.0
4861,2018.0,Vilajuïga,92.3,16349.0,17666.0
4862,2018.0,Vilallonga del Camp,86.5,15318.0,36318.0
4863,2018.0,Vilamalla,86.7,15352.0,17503.0
4864,2018.0,Vilanova de Bellpuig,81.5,14428.0,17087.0
4865,2018.0,Vilanova de Segrià,83.7,14819.0,13976.0
4866,2018.0,Vilanova de la Barca,86.8,15363.0,15641.0
4867,2018.0,Vilanova del Camí,80.7,14295.0,177495.0
4868,2018.0,Vilanova del Vallès,116.8,20682.0,111110.0
4869,2018.0,Vilanova i la Geltrú,96.7,17114.0,1119491.0
4870,2018.0,Vilassar de Dalt,118.5,20980.0,186971.0
4871,2018.0,Vilassar de Mar,116.5,20633.0,423671.0
4872,2018.0,Vilobí d'Onyar,98.4,17422.0,55529.0
4873,2018.0,Vilobí del Penedès,92.8,16437.0,18148.0
4874,2018.0,Vinyols i els Arcs,89.7,15872.0,32187.0
4875,2018.0,Xerta,82.3,14576.0,16933.0
4876,2018.0,Òdena,90.4,16011.0,58083.0
4877,2019.0,Abrera,100.3,18521.0,229912.0
4878,2019.0,Agramunt,87.0,16066.0,86164.0
4879,2019.0,Aiguafreda,103.5,19110.0,47805.0
4880,2019.0,Aitona,66.1,12212.0,30991.0
4881,2019.0,Albatàrrec,73.5,13571.0,29760.0
4882,2019.0,Albesa,79.9,14761.0,22678.0
4883,2019.0,Albinyana,76.9,14202.0,34648.0
4884,2019.0,Alcanar,73.7,13607.0,129919.0
4885,2019.0,Alcarràs,75.0,13855.0,131033.0
4886,2019.0,Alcoletge,80.5,14855.0,50104.0
4887,2019.0,Alcover,87.7,16184.0,82878.0
4888,2019.0,"Aldea, l'",72.7,13421.0,55564.0
4889,2019.0,Alella,151.0,27873.0,271233.0
4890,2019.0,Alfarràs,80.0,14773.0,40427.0
4891,2019.0,Alforja,81.9,15124.0,27272.0
4892,2019.0,Alguaire,80.7,14906.0,44006.0
4893,2019.0,Almacelles,77.8,14371.0,96279.0
4894,2019.0,Almenar,80.3,14821.0,49258.0
4895,2019.0,Almoster,122.2,22567.0,30565.0
4896,2019.0,Alp,95.7,17673.0,27839.0
4897,2019.0,Alpicat,106.3,19618.0,120859.0
4898,2019.0,Altafulla,106.0,19571.0,103585.0
4899,2019.0,Amer,96.4,17799.0,40407.0
4900,2019.0,"Ametlla de Mar, l'",75.6,13960.0,94995.0
4901,2019.0,"Ametlla del Vallès, l'",137.5,25386.0,216599.0
4902,2019.0,"Ampolla, l'",84.3,15565.0,50286.0
4903,2019.0,Amposta,73.7,13610.0,288494.0
4904,2019.0,Anglesola,85.9,15866.0,21528.0
4905,2019.0,Anglès,84.5,15605.0,86104.0
4906,2019.0,Arbeca,78.5,14487.0,31056.0
4907,2019.0,"Arboç, l'",75.7,13983.0,77359.0
4908,2019.0,Arbúcies,81.7,15076.0,97309.0
4909,2019.0,Arenys de Mar,112.2,20720.0,324532.0
4910,2019.0,Arenys de Munt,101.3,18698.0,166687.0
4911,2019.0,Argentona,104.1,19212.0,237076.0
4912,2019.0,"Armentera, l'",88.4,16312.0,14982.0
4913,2019.0,Artesa de Lleida,83.4,15405.0,23035.0
4914,2019.0,Artesa de Segre,81.0,14955.0,50361.0
4915,2019.0,Artés,94.2,17390.0,98698.0
4916,2019.0,Ascó,84.4,15586.0,25466.0
4917,2019.0,Avinyonet de Puigventós,94.1,17381.0,27590.0
4918,2019.0,Avinyonet del Penedès,90.5,16709.0,28404.0
4919,2019.0,Avinyó,98.3,18146.0,41014.0
4920,2019.0,Avià,100.6,18577.0,41130.0
4921,2019.0,Badalona,92.0,16986.0,3739546.0
4922,2019.0,Badia del Vallès,73.9,13639.0,182473.0
4923,2019.0,Bagà,98.9,18254.0,38887.0
4924,2019.0,Balaguer,77.1,14233.0,242969.0
4925,2019.0,Balenyà,89.4,16509.0,62448.0
4926,2019.0,Balsareny,98.2,18139.0,57053.0
4927,2019.0,Banyeres del Penedès,88.9,16414.0,52051.0
4928,2019.0,Banyoles,93.2,17206.0,340798.0
4929,2019.0,Barberà del Vallès,97.5,17994.0,596803.0
4930,2019.0,Barcelona,121.8,22483.0,36831983.0
4931,2019.0,Batea,73.1,13495.0,25248.0
4932,2019.0,Begues,124.6,23013.0,164355.0
4933,2019.0,Begur,94.7,17481.0,67253.0
4934,2019.0,Bell-lloc d'Urgell,86.3,15934.0,37493.0
4935,2019.0,Bellcaire d'Urgell,84.6,15620.0,18701.0
4936,2019.0,Bellpuig,76.6,14148.0,72846.0
4937,2019.0,Bellvei,76.6,14147.0,31234.0
4938,2019.0,Bellver de Cerdanya,104.9,19366.0,37901.0
4939,2019.0,Bellvís,81.5,15040.0,34360.0
4940,2019.0,Benavent de Segrià,96.3,17775.0,26385.0
4941,2019.0,Benissanet,72.8,13438.0,15292.0
4942,2019.0,Berga,93.3,17225.0,285245.0
4943,2019.0,Besalú,95.1,17557.0,42861.0
4944,2019.0,Bescanó,99.3,18329.0,88624.0
4945,2019.0,Bigues i Riells del Fai,105.8,19535.0,179752.0
4946,2019.0,"Bisbal d'Empordà, la",78.2,14435.0,157259.0
4947,2019.0,"Bisbal del Penedès, la",80.8,14921.0,53117.0
4948,2019.0,Blanes,83.1,15347.0,594057.0
4949,2019.0,Bordils,96.8,17877.0,30750.0
4950,2019.0,"Borges Blanques, les",81.1,14981.0,92209.0
4951,2019.0,"Borges del Camp, les",87.6,16170.0,33298.0
4952,2019.0,Bossòst,97.3,17972.0,19730.0
4953,2019.0,Botarell,99.8,18417.0,19876.0
4954,2019.0,Breda,89.3,16482.0,60628.0
4955,2019.0,"Bruc, el",108.6,20051.0,41739.0
4956,2019.0,Bàscara,89.5,16515.0,16168.0
4957,2019.0,"Cabanyes, les",105.6,19491.0,18945.0
4958,2019.0,Cabra del Camp,75.0,13849.0,16243.0
4959,2019.0,Cabrera d'Anoia,83.8,15471.0,22388.0
4960,2019.0,Cabrera de Mar,142.7,26351.0,122674.0
4961,2019.0,Cabrils,151.1,27890.0,204822.0
4962,2019.0,Cadaqués,82.0,15136.0,39962.0
4963,2019.0,Calaf,83.4,15402.0,55422.0
4964,2019.0,Calafell,80.4,14846.0,399674.0
4965,2019.0,Calders,108.0,19947.0,19922.0
4966,2019.0,Caldes d'Estrac,107.0,19746.0,58537.0
4967,2019.0,Caldes de Malavella,91.7,16934.0,128809.0
4968,2019.0,Caldes de Montbui,102.2,18876.0,332930.0
4969,2019.0,Calella,84.7,15633.0,296028.0
4970,2019.0,Calldetenes,97.4,17977.0,44398.0
4971,2019.0,Callús,90.9,16778.0,35472.0
4972,2019.0,Calonge i Sant Antoni,82.1,15153.0,167248.0
4973,2019.0,Camarles,78.7,14526.0,46462.0
4974,2019.0,Cambrils,87.9,16236.0,560620.0
4975,2019.0,Campdevànol,100.8,18607.0,59638.0
4976,2019.0,Camprodon,96.6,17829.0,40536.0
4977,2019.0,Canet de Mar,93.8,17323.0,251429.0
4978,2019.0,"Canonja, la",79.3,14644.0,87049.0
4979,2019.0,Canovelles,79.7,14723.0,245669.0
4980,2019.0,Canyelles,103.3,19068.0,87374.0
4981,2019.0,Capellades,92.9,17161.0,91325.0
4982,2019.0,Cardedeu,100.9,18631.0,341753.0
4983,2019.0,Cardona,95.3,17600.0,80844.0
4984,2019.0,Casserres,92.1,17013.0,27077.0
4985,2019.0,Cassà de la Selva,93.0,17179.0,173544.0
4986,2019.0,"Castell d'Aro, Platja d'Aro i s'Agaró",78.0,14404.0,155198.0
4987,2019.0,Castellar del Vallès,104.1,19221.0,467143.0
4988,2019.0,Castellbell i el Vilar,94.3,17416.0,63535.0
4989,2019.0,Castellbisbal,98.9,18266.0,227365.0
4990,2019.0,Castelldefels,118.9,21949.0,1463918.0
4991,2019.0,Castellet i la Gornal,92.3,17032.0,39825.0
4992,2019.0,Castellgalí,94.1,17369.0,35965.0
4993,2019.0,Castellnou de Bages,101.0,18654.0,26181.0
4994,2019.0,Castellterçol,94.6,17472.0,43399.0
4995,2019.0,Castellvell del Camp,114.1,21068.0,60260.0
4996,2019.0,Castellví de Rosanes,107.5,19848.0,37579.0
4997,2019.0,Castellví de la Marca,91.1,16814.0,26160.0
4998,2019.0,Castelló d'Empúries,70.7,13056.0,140295.0
4999,2019.0,"Catllar, el",103.5,19112.0,86370.0
5000,2019.0,"Cellera de Ter, la",94.3,17408.0,33256.0
5001,2019.0,Celrà,87.9,16231.0,86854.0
5002,2019.0,Centelles,99.4,18347.0,135131.0
5003,2019.0,Cercs,94.2,17392.0,19877.0
5004,2019.0,Cerdanyola del Vallès,107.2,19799.0,1139430.0
5005,2019.0,Cervelló,111.1,20520.0,184546.0
5006,2019.0,Cervera,76.6,14135.0,128325.0
5007,2019.0,Cervià de Ter,89.7,16564.0,15566.0
5008,2019.0,Collbató,121.3,22391.0,100068.0
5009,2019.0,Constantí,70.9,13091.0,86723.0
5010,2019.0,Corbera d'Ebre,75.5,13946.0,13895.0
5011,2019.0,Corbera de Llobregat,106.1,19589.0,288618.0
5012,2019.0,Corbins,78.3,14454.0,20667.0
5013,2019.0,Cornellà de Llobregat,93.0,17164.0,1519959.0
5014,2019.0,Cornellà del Terri,93.8,17327.0,40991.0
5015,2019.0,Corçà,95.5,17627.0,21995.0
5016,2019.0,Creixell,82.8,15283.0,56739.0
5017,2019.0,"Cruïlles, Monells i Sant Sadurní de l'Heura",97.9,18069.0,22671.0
5018,2019.0,Cubelles,97.5,18001.0,274481.0
5019,2019.0,Cunit,78.8,14547.0,191578.0
5020,2019.0,Cànoves i Samalús,100.5,18562.0,58071.0
5021,2019.0,Deltebre,74.0,13661.0,157005.0
5022,2019.0,Dosrius,99.7,18415.0,101244.0
5023,2019.0,"Escala, l'",84.4,15580.0,156582.0
5024,2019.0,Esparreguera,96.6,17838.0,394203.0
5025,2019.0,"Espluga de Francolí, l'",91.6,16907.0,62809.0
5026,2019.0,Esplugues de Llobregat,122.2,22554.0,1049702.0
5027,2019.0,"Esquirol, l'",101.2,18683.0,40284.0
5028,2019.0,Falset,86.8,16030.0,44411.0
5029,2019.0,Figaró-Montmany,84.5,15592.0,17544.0
5030,2019.0,Figueres,76.9,14205.0,651234.0
5031,2019.0,Flaçà,93.0,17164.0,18540.0
5032,2019.0,Flix,96.9,17887.0,60310.0
5033,2019.0,Fogars de la Selva,92.4,17062.0,24429.0
5034,2019.0,Folgueroles,106.1,19592.0,43839.0
5035,2019.0,Fonollosa,103.5,19117.0,27570.0
5036,2019.0,Font-rubí,91.0,16799.0,23035.0
5037,2019.0,Fontcoberta,98.2,18131.0,26449.0
5038,2019.0,Forallac,99.0,18282.0,30434.0
5039,2019.0,Fornells de la Selva,120.8,22304.0,57655.0
5040,2019.0,"Franqueses del Vallès, les",89.5,16526.0,333443.0
5041,2019.0,"Fuliola, la",73.9,13644.0,16952.0
5042,2019.0,Gandesa,84.1,15518.0,47176.0
5043,2019.0,"Garriga, la",103.8,19156.0,317004.0
5044,2019.0,Gavà,105.1,19411.0,903387.0
5045,2019.0,Gelida,93.4,17250.0,131194.0
5046,2019.0,Gimenells i el Pla de la Font,73.7,13615.0,14945.0
5047,2019.0,Girona,104.5,19288.0,1923339.0
5048,2019.0,Gironella,94.6,17473.0,85030.0
5049,2019.0,Golmés,84.3,15560.0,29092.0
5050,2019.0,"Granada, la",94.8,17500.0,38213.0
5051,2019.0,Granollers,97.2,17954.0,1107560.0
5052,2019.0,Gualba,96.4,17807.0,27069.0
5053,2019.0,Guissona,83.3,15372.0,108331.0
5054,2019.0,Gurb,141.5,26132.0,69595.0
5055,2019.0,Horta de Sant Joan,81.8,15111.0,17116.0
5056,2019.0,"Hospitalet de Llobregat, l'",86.9,16051.0,4256111.0
5057,2019.0,"Hostalets de Pierola, els",91.3,16851.0,50199.0
5058,2019.0,Hostalric,86.5,15968.0,66645.0
5059,2019.0,Igualada,93.3,17223.0,695603.0
5060,2019.0,Isona i Conca Dellà,85.1,15720.0,15989.0
5061,2019.0,Ivars d'Urgell,83.0,15326.0,23793.0
5062,2019.0,"Jonquera, la",71.6,13226.0,42689.0
5063,2019.0,Juneda,77.2,14259.0,49937.0
5064,2019.0,Linyola,73.6,13591.0,37254.0
5065,2019.0,"Llagosta, la",86.4,15947.0,215267.0
5066,2019.0,Llagostera,87.3,16124.0,133975.0
5067,2019.0,Llançà,86.9,16044.0,75295.0
5068,2019.0,Lleida,91.3,16864.0,2318024.0
5069,2019.0,Llers,94.4,17436.0,21080.0
5070,2019.0,Llinars del Vallès,98.7,18225.0,181382.0
5071,2019.0,Lliçà d'Amunt,103.9,19180.0,293899.0
5072,2019.0,Lliçà de Vall,110.9,20471.0,133118.0
5073,2019.0,Llorenç del Penedès,87.7,16200.0,38570.0
5074,2019.0,Lloret de Mar,67.2,12411.0,471405.0
5075,2019.0,Llívia,88.3,16300.0,23047.0
5076,2019.0,Malgrat de Mar,86.5,15965.0,294474.0
5077,2019.0,Manlleu,84.6,15625.0,320052.0
5078,2019.0,Manresa,92.8,17140.0,1323895.0
5079,2019.0,Martorell,87.9,16221.0,458301.0
5080,2019.0,Martorelles,101.9,18819.0,90299.0
5081,2019.0,Masdenverge,75.8,13988.0,15169.0
5082,2019.0,"Masies de Voltregà, les",99.2,18320.0,56742.0
5083,2019.0,"Masnou, el",114.2,21085.0,493002.0
5084,2019.0,Masquefa,88.4,16315.0,151959.0
5085,2019.0,Matadepera,154.1,28451.0,267379.0
5086,2019.0,Mataró,88.0,16256.0,2070524.0
5087,2019.0,Maçanet de la Selva,88.5,16332.0,112692.0
5088,2019.0,Mediona,83.1,15337.0,35990.0
5089,2019.0,Miralcamp,77.4,14290.0,19784.0
5090,2019.0,Moià,87.1,16081.0,100834.0
5091,2019.0,Molins de Rei,111.6,20612.0,529685.0
5092,2019.0,Mollerussa,83.7,15454.0,229369.0
5093,2019.0,Mollet del Vallès,92.3,17045.0,874910.0
5094,2019.0,Monistrol de Montserrat,91.5,16893.0,51645.0
5095,2019.0,Mont-ras,105.8,19541.0,32309.0
5096,2019.0,Mont-roig del Camp,78.8,14555.0,180109.0
5097,2019.0,Montblanc,93.9,17330.0,126711.0
5098,2019.0,Montbrió del Camp,88.9,16420.0,47908.0
5099,2019.0,Montcada i Reixac,90.7,16749.0,610848.0
5100,2019.0,Montesquiu,90.1,16635.0,16656.0
5101,2019.0,Montferrer i Castellbò,71.8,13264.0,13679.0
5102,2019.0,Montgat,107.0,19758.0,236529.0
5103,2019.0,"Montmell, el",73.7,13603.0,20928.0
5104,2019.0,Montmeló,93.0,17177.0,150655.0
5105,2019.0,Montornès del Vallès,91.2,16843.0,277519.0
5106,2019.0,"Morell, el",88.6,16356.0,61099.0
5107,2019.0,Móra d'Ebre,82.5,15234.0,85771.0
5108,2019.0,Móra la Nova,79.0,14577.0,44659.0
5109,2019.0,Naut Aran,97.5,18000.0,32332.0
5110,2019.0,Navarcles,99.2,18315.0,109155.0
5111,2019.0,Navata,98.0,18089.0,24802.0
5112,2019.0,Navàs,95.0,17543.0,104589.0
5113,2019.0,Olesa de Bonesvalls,100.5,18553.0,33876.0
5114,2019.0,Olesa de Montserrat,94.0,17351.0,413527.0
5115,2019.0,Oliana,88.1,16264.0,29525.0
5116,2019.0,Olivella,103.0,19019.0,72121.0
5117,2019.0,Olost,97.7,18045.0,21382.0
5118,2019.0,Olot,94.3,17405.0,607229.0
5119,2019.0,Olèrdola,96.4,17795.0,66408.0
5120,2019.0,Os de Balaguer,77.9,14379.0,13990.0
5121,2019.0,Palafolls,88.3,16297.0,153062.0
5122,2019.0,Palafrugell,78.1,14417.0,327987.0
5123,2019.0,Palamós,88.2,16276.0,288769.0
5124,2019.0,"Palau d'Anglesola, el",92.4,17064.0,37404.0
5125,2019.0,Palau-saverdera,77.2,14248.0,20399.0
5126,2019.0,Palau-solità i Plegamans,102.2,18874.0,279542.0
5127,2019.0,"Pallaresos, els",99.1,18290.0,88334.0
5128,2019.0,Pallejà,110.9,20470.0,234848.0
5129,2019.0,"Palma de Cervelló, la",113.7,20989.0,61904.0
5130,2019.0,Pals,94.8,17495.0,41389.0
5131,2019.0,"Papiol, el",103.7,19138.0,78952.0
5132,2019.0,Parets del Vallès,99.8,18425.0,350586.0
5133,2019.0,Perafort,89.0,16441.0,20826.0
5134,2019.0,Peralada,106.8,19723.0,36096.0
5135,2019.0,"Perelló, el",69.4,12810.0,35728.0
5136,2019.0,Piera,86.5,15963.0,253513.0
5137,2019.0,Pineda de Mar,81.0,14960.0,408233.0
5138,2019.0,"Pinell de Brai, el",81.4,15024.0,15015.0
5139,2019.0,"Pla de Santa Maria, el",84.7,15642.0,36684.0
5140,2019.0,"Pla del Penedès, el",88.7,16376.0,20734.0
5141,2019.0,"Planes d'Hostoles, les",94.7,17482.0,29101.0
5142,2019.0,"Pobla de Claramunt, la",89.8,16585.0,36335.0
5143,2019.0,"Pobla de Lillet, la",99.4,18348.0,19991.0
5144,2019.0,"Pobla de Mafumet, la",70.0,12916.0,51028.0
5145,2019.0,"Pobla de Montornès, la",85.9,15853.0,45516.0
5146,2019.0,"Pobla de Segur, la",87.0,16070.0,47798.0
5147,2019.0,Polinyà,93.4,17247.0,146245.0
5148,2019.0,"Pont de Suert, el",87.4,16145.0,36372.0
5149,2019.0,"Pont de Vilomara i Rocafort, el",85.9,15858.0,60765.0
5150,2019.0,Ponts,86.1,15905.0,41118.0
5151,2019.0,Porqueres,93.3,17224.0,79543.0
5152,2019.0,"Port de la Selva, el",94.3,17415.0,16394.0
5153,2019.0,Portbou,90.6,16718.0,17453.0
5154,2019.0,"Prat de Llobregat, el",97.7,18045.0,1163477.0
5155,2019.0,Prats de Lluçanès,98.8,18250.0,46613.0
5156,2019.0,Premià de Dalt,119.5,22064.0,227603.0
5157,2019.0,Premià de Mar,103.4,19096.0,534241.0
5158,2019.0,"Preses, les",102.8,18981.0,33905.0
5159,2019.0,Puig-reig,93.2,17205.0,72594.0
5160,2019.0,Puigcerdà,76.3,14085.0,131069.0
5161,2019.0,Puigpelat,82.9,15311.0,17759.0
5162,2019.0,Puigverd de Lleida,85.8,15832.0,21064.0
5163,2019.0,Quart,103.1,19034.0,69570.0
5164,2019.0,Reus,86.9,16048.0,1699892.0
5165,2019.0,Riba-roja d'Ebre,73.1,13504.0,14933.0
5166,2019.0,Ribes de Freser,100.0,18456.0,32203.0
5167,2019.0,Riells i Viabrea,92.5,17070.0,69280.0
5168,2019.0,"Riera de Gaià, la",88.5,16341.0,28577.0
5169,2019.0,Ripoll,93.5,17261.0,184172.0
5170,2019.0,Ripollet,88.3,16298.0,633465.0
5171,2019.0,Riudarenes,110.9,20474.0,44032.0
5172,2019.0,Riudecanyes,92.5,17077.0,19504.0
5173,2019.0,Riudecols,98.0,18094.0,21566.0
5174,2019.0,Riudellots de la Selva,99.6,18393.0,37401.0
5175,2019.0,Riudoms,77.5,14304.0,94728.0
5176,2019.0,"Roca del Vallès, la",108.6,20060.0,214131.0
5177,2019.0,Roda de Berà,83.2,15365.0,102922.0
5178,2019.0,Roda de Ter,93.2,17206.0,108665.0
5179,2019.0,Roquetes,79.8,14725.0,117806.0
5180,2019.0,Roses,71.2,13137.0,252453.0
5181,2019.0,Rosselló,83.8,15468.0,48573.0
5182,2019.0,Rubí,90.7,16746.0,1304836.0
5183,2019.0,"Ràpita, la",73.9,13646.0,205557.0
5184,2019.0,Sabadell,97.9,18073.0,3881733.0
5185,2019.0,Sallent,97.6,18029.0,119582.0
5186,2019.0,Salou,75.0,13851.0,389150.0
5187,2019.0,Salt,68.1,12577.0,388069.0
5188,2019.0,Sant Adrià de Besòs,83.3,15385.0,569159.0
5189,2019.0,Sant Andreu de Llavaneres,119.9,22131.0,241545.0
5190,2019.0,Sant Andreu de la Barca,91.6,16913.0,462482.0
5191,2019.0,Sant Antoni de Vilamajor,109.4,20195.0,124313.0
5192,2019.0,Sant Boi de Llobregat,94.8,17505.0,1459620.0
5193,2019.0,Sant Cebrià de Vallalta,97.2,17954.0,60496.0
5194,2019.0,Sant Celoni,91.5,16885.0,303484.0
5195,2019.0,Sant Climent de Llobregat,102.2,18862.0,77552.0
5196,2019.0,Sant Cugat Sesgarrigues,93.3,17217.0,17362.0
5197,2019.0,Sant Cugat del Vallès,141.9,26201.0,2406952.0
5198,2019.0,Sant Esteve Sesrovires,106.8,19711.0,149669.0
5199,2019.0,Sant Esteve de Palautordera,109.0,20122.0,57040.0
5200,2019.0,Sant Feliu de Codines,91.7,16936.0,106613.0
5201,2019.0,Sant Feliu de Guíxols,82.8,15285.0,331203.0
5202,2019.0,Sant Feliu de Llobregat,107.2,19790.0,886663.0
5203,2019.0,Sant Feliu de Pallerols,91.6,16906.0,23277.0
5204,2019.0,Sant Fost de Campsentelles,109.4,20192.0,177135.0
5205,2019.0,Sant Fruitós de Bages,113.5,20960.0,182072.0
5206,2019.0,Sant Gregori,109.9,20284.0,76336.0
5207,2019.0,Sant Guim de Freixenet,87.0,16063.0,16229.0
5208,2019.0,Sant Hilari Sacalm,85.9,15851.0,88058.0
5209,2019.0,Sant Hipòlit de Voltregà,101.5,18740.0,64991.0
5210,2019.0,Sant Iscle de Vallalta,97.2,17949.0,23703.0
5211,2019.0,Sant Jaume d'Enveja,70.9,13085.0,46589.0
5212,2019.0,Sant Jaume dels Domenys,86.9,16052.0,41874.0
5213,2019.0,Sant Joan Despí,110.8,20449.0,693693.0
5214,2019.0,Sant Joan de Vilatorrada,92.4,17069.0,185411.0
5215,2019.0,Sant Joan de les Abadesses,100.0,18464.0,59189.0
5216,2019.0,Sant Joan les Fonts,103.5,19109.0,56687.0
5217,2019.0,Sant Julià de Ramis,109.1,20137.0,69381.0
5218,2019.0,Sant Julià de Vilatorta,118.8,21931.0,67720.0
5219,2019.0,Sant Julià del Llor i Bonmatí,98.5,18190.0,23180.0
5220,2019.0,Sant Just Desvern,163.1,30111.0,544784.0
5221,2019.0,Sant Llorenç Savall,95.4,17621.0,42145.0
5222,2019.0,Sant Llorenç d'Hortons,100.0,18470.0,44728.0
5223,2019.0,Sant Llorenç de Morunys,93.9,17334.0,16791.0
5224,2019.0,Sant Martí Sarroca,84.7,15635.0,51032.0
5225,2019.0,Sant Martí de Centelles,86.9,16043.0,18622.0
5226,2019.0,Sant Martí de Tous,97.8,18056.0,22254.0
5227,2019.0,Sant Pere Pescador,87.0,16067.0,32417.0
5228,2019.0,Sant Pere de Ribes,94.4,17422.0,528157.0
5229,2019.0,Sant Pere de Riudebitlles,93.0,17178.0,40799.0
5230,2019.0,Sant Pere de Torelló,98.3,18141.0,43791.0
5231,2019.0,Sant Pere de Vilamajor,105.0,19387.0,87175.0
5232,2019.0,Sant Pol de Mar,107.3,19815.0,104966.0
5233,2019.0,Sant Quintí de Mediona,77.7,14351.0,32815.0
5234,2019.0,Sant Quirze de Besora,95.4,17610.0,37570.0
5235,2019.0,Sant Quirze del Vallès,127.0,23450.0,472275.0
5236,2019.0,Sant Sadurní d'Anoia,99.0,18287.0,235357.0
5237,2019.0,Sant Salvador de Guardiola,95.5,17626.0,55866.0
5238,2019.0,Sant Vicenç de Castellet,84.5,15597.0,149004.0
5239,2019.0,Sant Vicenç de Montalt,138.7,25617.0,162673.0
5240,2019.0,Sant Vicenç de Torelló,107.9,19921.0,40484.0
5241,2019.0,Sant Vicenç dels Horts,92.5,17071.0,477445.0
5242,2019.0,Santa Bàrbara,71.3,13172.0,49516.0
5243,2019.0,Santa Coloma de Cervelló,106.6,19682.0,160946.0
5244,2019.0,Santa Coloma de Farners,87.7,16195.0,210478.0
5245,2019.0,Santa Coloma de Gramenet,81.1,14965.0,1779926.0
5246,2019.0,Santa Coloma de Queralt,91.4,16883.0,44752.0
5247,2019.0,Santa Cristina d'Aro,92.5,17087.0,88397.0
5248,2019.0,Santa Eugènia de Berga,98.0,18089.0,40424.0
5249,2019.0,Santa Eulàlia de Riuprimer,103.3,19068.0,25683.0
5250,2019.0,Santa Eulàlia de Ronçana,105.9,19552.0,143479.0
5251,2019.0,Santa Margarida de Montbui,70.1,12945.0,130883.0
5252,2019.0,Santa Margarida i els Monjos,90.1,16643.0,127271.0
5253,2019.0,Santa Maria d'Oló,98.3,18150.0,18434.0
5254,2019.0,Santa Maria de Palautordera,96.5,17811.0,169241.0
5255,2019.0,Santa Oliva,77.5,14300.0,47450.0
5256,2019.0,Santa Pau,103.5,19116.0,29797.0
5257,2019.0,Santa Perpètua de Mogoda,93.0,17165.0,443940.0
5258,2019.0,Santa Susanna,89.6,16538.0,57121.0
5259,2019.0,Santpedor,102.0,18839.0,141421.0
5260,2019.0,Sarral,80.2,14806.0,22658.0
5261,2019.0,Sarrià de Ter,98.2,18129.0,91606.0
5262,2019.0,"Secuita, la",96.3,17782.0,30288.0
5263,2019.0,"Selva del Camp, la",86.3,15935.0,90872.0
5264,2019.0,Sentmenat,98.6,18207.0,166482.0
5265,2019.0,Serinyà,90.5,16706.0,18828.0
5266,2019.0,Seròs,70.8,13068.0,24870.0
5267,2019.0,"Seu d'Urgell, la",81.4,15037.0,181560.0
5268,2019.0,Seva,108.1,19956.0,69594.0
5269,2019.0,Sils,86.8,16018.0,96701.0
5270,2019.0,Sitges,123.3,22763.0,656935.0
5271,2019.0,Solsona,83.4,15393.0,142389.0
5272,2019.0,Sort,92.8,17135.0,36695.0
5273,2019.0,Soses,79.1,14606.0,25324.0
5274,2019.0,Subirats,96.1,17736.0,54546.0
5275,2019.0,"Sénia, la",68.7,12676.0,72680.0
5276,2019.0,Súria,98.1,18113.0,106659.0
5277,2019.0,Taradell,105.5,19478.0,126264.0
5278,2019.0,Tarragona,91.5,16886.0,2295826.0
5279,2019.0,Teià,140.0,25846.0,163682.0
5280,2019.0,Terrassa,94.9,17513.0,3884103.0
5281,2019.0,Tiana,133.2,24597.0,216030.0
5282,2019.0,Tivissa,81.9,15119.0,24083.0
5283,2019.0,Tona,96.7,17858.0,146335.0
5284,2019.0,Tordera,80.2,14805.0,253960.0
5285,2019.0,Torelló,98.7,18223.0,258649.0
5286,2019.0,"Torre de Claramunt, la",91.3,16852.0,62867.0
5287,2019.0,Torredembarra,80.2,14804.0,243246.0
5288,2019.0,Torrefarrera,91.1,16811.0,76916.0
5289,2019.0,Torregrossa,72.4,13374.0,29646.0
5290,2019.0,Torrelavit,97.3,17966.0,25533.0
5291,2019.0,Torrelles de Foix,73.2,13524.0,32108.0
5292,2019.0,Torrelles de Llobregat,107.8,19911.0,119641.0
5293,2019.0,Torres de Segre,70.9,13094.0,29913.0
5294,2019.0,Torroella de Montgrí,79.8,14725.0,170197.0
5295,2019.0,Tortosa,83.2,15361.0,511483.0
5296,2019.0,Torà,89.9,16606.0,20275.0
5297,2019.0,Tossa de Mar,77.8,14371.0,81043.0
5298,2019.0,Tremp,88.3,16297.0,94538.0
5299,2019.0,Tàrrega,81.0,14963.0,257099.0
5300,2019.0,Térmens,81.7,15088.0,20027.0
5301,2019.0,Ullastrell,109.1,20144.0,42062.0
5302,2019.0,Ulldecona,66.2,12230.0,79439.0
5303,2019.0,Ullà,74.8,13816.0,15845.0
5304,2019.0,Vacarisses,99.5,18377.0,124055.0
5305,2019.0,"Vall d'en Bas, la",107.1,19775.0,59777.0
5306,2019.0,"Vall de Bianya, la",111.1,20517.0,25543.0
5307,2019.0,"Vall de Boí, la",91.1,16825.0,17272.0
5308,2019.0,Vallbona d'Anoia,95.9,17711.0,24195.0
5309,2019.0,Vallfogona de Balaguer,83.4,15390.0,28689.0
5310,2019.0,Vallgorguina,100.5,18548.0,54383.0
5311,2019.0,Vallirana,103.2,19049.0,286463.0
5312,2019.0,Vallmoll,96.9,17898.0,31695.0
5313,2019.0,Vallromanes,138.9,25636.0,65679.0
5314,2019.0,Valls,90.3,16669.0,408392.0
5315,2019.0,Vandellòs i l'Hospitalet de l'Infant,82.9,15303.0,100746.0
5316,2019.0,"Vendrell, el",85.7,15830.0,598098.0
5317,2019.0,Verges,93.0,17179.0,19787.0
5318,2019.0,Vic,94.7,17489.0,810355.0
5319,2019.0,Vidreres,88.1,16261.0,125567.0
5320,2019.0,Vielha e Mijaran,90.9,16775.0,92491.0
5321,2019.0,Vila-rodona,82.1,15158.0,19246.0
5322,2019.0,Vila-seca,78.9,14567.0,326976.0
5323,2019.0,Vilablareix,110.7,20433.0,59174.0
5324,2019.0,Viladecans,96.2,17767.0,1179213.0
5325,2019.0,Viladecavalls,108.3,20001.0,150371.0
5326,2019.0,Viladrau,99.7,18403.0,18964.0
5327,2019.0,Vilafant,90.2,16649.0,87920.0
5328,2019.0,Vilafranca del Penedès,92.0,16985.0,678863.0
5329,2019.0,Vilajuïga,89.4,16497.0,17883.0
5330,2019.0,Vilallonga del Camp,86.7,16013.0,38513.0
5331,2019.0,Vilamalla,82.6,15245.0,17434.0
5332,2019.0,Vilanova de Bellpuig,78.8,14546.0,17400.0
5333,2019.0,Vilanova de Segrià,81.5,15045.0,14524.0
5334,2019.0,Vilanova de la Barca,86.2,15907.0,16625.0
5335,2019.0,Vilanova del Camí,80.6,14873.0,186469.0
5336,2019.0,Vilanova del Vallès,125.4,23155.0,126279.0
5337,2019.0,Vilanova i la Geltrú,97.2,17951.0,1186605.0
5338,2019.0,Vilassar de Dalt,118.3,21846.0,195427.0
5339,2019.0,Vilassar de Mar,116.7,21541.0,445414.0
5340,2019.0,Vilobí d'Onyar,97.1,17925.0,58220.0
5341,2019.0,Vilobí del Penedès,95.0,17535.0,19377.0
5342,2019.0,Vinyols i els Arcs,84.3,15560.0,32723.0
5343,2019.0,Xerta,82.7,15260.0,17674.0
5344,2019.0,Òdena,88.4,16317.0,59695.0
5345,2020.0,Abrera,102.3,18161.0,226983.0
5346,2020.0,Agramunt,87.6,15541.0,84289.0
5347,2020.0,Aiguafreda,106.7,18930.0,47886.0
5348,2020.0,Aitona,68.4,12137.0,30263.0
5349,2020.0,Albatàrrec,73.5,13036.0,28648.0
5350,2020.0,Albesa,81.7,14494.0,22312.0
5351,2020.0,Albinyana,82.2,14594.0,36114.0
5352,2020.0,Alcanar,75.9,13470.0,129927.0
5353,2020.0,Alcarràs,75.7,13434.0,128320.0
5354,2020.0,Alcoletge,84.4,14974.0,51110.0
5355,2020.0,Alcover,87.7,15568.0,80689.0
5356,2020.0,"Aldea, l'",75.7,13429.0,55823.0
5357,2020.0,Alella,150.0,26625.0,261611.0
5358,2020.0,Alfarràs,82.3,14597.0,39731.0
5359,2020.0,Alforja,86.1,15273.0,27887.0
5360,2020.0,Alguaire,81.5,14462.0,43426.0
5361,2020.0,Almacelles,81.2,14412.0,97295.0
5362,2020.0,Almenar,81.5,14456.0,47882.0
5363,2020.0,Almoster,129.1,22903.0,30711.0
5364,2020.0,Alp,91.8,16295.0,26206.0
5365,2020.0,Alpicat,108.6,19281.0,119138.0
5366,2020.0,Altafulla,106.3,18862.0,102692.0
5367,2020.0,Amer,97.8,17361.0,40130.0
5368,2020.0,"Ametlla de Mar, l'",74.2,13164.0,92207.0
5369,2020.0,"Ametlla del Vallès, l'",130.0,23072.0,200763.0
5370,2020.0,"Ampolla, l'",83.3,14779.0,49708.0
5371,2020.0,Amposta,74.2,13171.0,283519.0
5372,2020.0,Anglesola,84.7,15034.0,20401.0
5373,2020.0,Anglès,86.9,15428.0,85943.0
5374,2020.0,Arbeca,80.0,14204.0,30450.0
5375,2020.0,"Arboç, l'",76.9,13643.0,76278.0
5376,2020.0,Arbúcies,82.0,14544.0,93514.0
5377,2020.0,Arenys de Mar,99.9,17723.0,279595.0
5378,2020.0,Arenys de Munt,102.7,18216.0,165059.0
5379,2020.0,Argentona,104.9,18614.0,231778.0
5380,2020.0,"Armentera, l'",88.2,15652.0,14901.0
5381,2020.0,Artesa de Lleida,84.2,14948.0,22540.0
5382,2020.0,Artesa de Segre,84.7,15030.0,50701.0
5383,2020.0,Artés,94.7,16814.0,96346.0
5384,2020.0,Ascó,87.6,15544.0,25039.0
5385,2020.0,Avinyonet de Puigventós,96.7,17165.0,27652.0
5386,2020.0,Avinyonet del Penedès,93.5,16601.0,28271.0
5387,2020.0,Avinyó,98.2,17423.0,39566.0
5388,2020.0,Avià,102.4,18175.0,40085.0
5389,2020.0,Badalona,93.0,16507.0,3668237.0
5390,2020.0,Badia del Vallès,75.2,13343.0,177725.0
5391,2020.0,Bagà,101.6,18029.0,38557.0
5392,2020.0,Balaguer,76.5,13578.0,233523.0
5393,2020.0,Balenyà,93.1,16525.0,63253.0
5394,2020.0,Balsareny,98.5,17475.0,56123.0
5395,2020.0,Banyeres del Penedès,92.5,16411.0,52985.0
5396,2020.0,Banyoles,96.8,17172.0,343094.0
5397,2020.0,Barberà del Vallès,100.0,17740.0,588441.0
5398,2020.0,Barcelona,119.0,21121.0,34723881.0
5399,2020.0,Batea,73.3,13001.0,24295.0
5400,2020.0,Begues,121.4,21538.0,156819.0
5401,2020.0,Begur,98.3,17439.0,68176.0
5402,2020.0,Bell-lloc d'Urgell,84.9,15069.0,35763.0
5403,2020.0,Bellcaire d'Urgell,87.3,15489.0,18513.0
5404,2020.0,Bellpuig,79.3,14064.0,72726.0
5405,2020.0,Bellvei,78.3,13900.0,31409.0
5406,2020.0,Bellver de Cerdanya,103.6,18386.0,37805.0
5407,2020.0,Bellvís,82.2,14594.0,33553.0
5408,2020.0,Benavent de Segrià,92.6,16431.0,24701.0
5409,2020.0,Benissanet,75.4,13382.0,15027.0
5410,2020.0,Berga,94.6,16797.0,280350.0
5411,2020.0,Besalú,95.9,17016.0,41656.0
5412,2020.0,Bescanó,103.4,18345.0,90021.0
5413,2020.0,Bigues i Riells del Fai,107.1,19012.0,179352.0
5414,2020.0,"Bisbal d'Empordà, la",78.7,13971.0,153923.0
5415,2020.0,"Bisbal del Penedès, la",83.2,14771.0,54852.0
5416,2020.0,Blanes,81.5,14463.0,568565.0
5417,2020.0,Bordils,98.6,17503.0,30293.0
5418,2020.0,"Borges Blanques, les",82.2,14586.0,90633.0
5419,2020.0,"Borges del Camp, les",85.6,15196.0,31831.0
5420,2020.0,Bossòst,90.8,16114.0,17793.0
5421,2020.0,Botarell,94.0,16687.0,18242.0
5422,2020.0,Breda,92.3,16382.0,61022.0
5423,2020.0,"Bruc, el",109.5,19435.0,41724.0
5424,2020.0,Bàscara,91.6,16248.0,16001.0
5425,2020.0,"Cabanyes, les",106.2,18853.0,18746.0
5426,2020.0,Cabra del Camp,80.4,14263.0,17212.0
5427,2020.0,Cabrera d'Anoia,84.4,14977.0,22523.0
5428,2020.0,Cabrera de Mar,137.7,24439.0,115293.0
5429,2020.0,Cabrils,146.0,25912.0,192311.0
5430,2020.0,Cadaqués,74.5,13224.0,35624.0
5431,2020.0,Calaf,83.7,14862.0,53979.0
5432,2020.0,Calafell,81.3,14426.0,402534.0
5433,2020.0,Calders,103.3,18323.0,19140.0
5434,2020.0,Caldes d'Estrac,110.2,19558.0,59207.0
5435,2020.0,Caldes de Malavella,93.3,16552.0,129207.0
5436,2020.0,Caldes de Montbui,102.4,18174.0,323014.0
5437,2020.0,Calella,81.1,14391.0,274236.0
5438,2020.0,Calldetenes,101.8,18067.0,44826.0
5439,2020.0,Callús,93.2,16531.0,34686.0
5440,2020.0,Calonge i Sant Antoni,84.0,14916.0,167760.0
5441,2020.0,Camarles,78.5,13926.0,44699.0
5442,2020.0,Cambrils,86.5,15346.0,539332.0
5443,2020.0,Campdevànol,103.7,18396.0,59068.0
5444,2020.0,Camprodon,95.2,16900.0,39776.0
5445,2020.0,Canet de Mar,95.1,16871.0,247722.0
5446,2020.0,"Canonja, la",80.6,14297.0,85530.0
5447,2020.0,Canovelles,82.6,14660.0,246603.0
5448,2020.0,Canyelles,102.5,18196.0,85868.0
5449,2020.0,Capellades,93.8,16653.0,88866.0
5450,2020.0,Cardedeu,101.9,18089.0,334372.0
5451,2020.0,Cardona,95.4,16926.0,77563.0
5452,2020.0,Casserres,94.6,16790.0,27017.0
5453,2020.0,Cassà de la Selva,96.4,17113.0,174152.0
5454,2020.0,"Castell d'Aro, Platja d'Aro i s'Agaró",76.8,13637.0,151164.0
5455,2020.0,Castellar del Vallès,106.2,18855.0,463272.0
5456,2020.0,Castellbell i el Vilar,92.3,16378.0,61558.0
5457,2020.0,Castellbisbal,102.9,18260.0,229575.0
5458,2020.0,Castelldefels,117.3,20816.0,1392821.0
5459,2020.0,Castellet i la Gornal,94.4,16751.0,40580.0
5460,2020.0,Castellgalí,97.2,17250.0,36802.0
5461,2020.0,Castellnou de Bages,103.9,18434.0,26143.0
5462,2020.0,Castellterçol,97.4,17277.0,44348.0
5463,2020.0,Castellvell del Camp,115.7,20534.0,58948.0
5464,2020.0,Castellví de Rosanes,114.6,20346.0,39713.0
5465,2020.0,Castellví de la Marca,94.0,16673.0,26506.0
5466,2020.0,Castelló d'Empúries,70.1,12447.0,135308.0
5467,2020.0,"Catllar, el",106.2,18843.0,88156.0
5468,2020.0,"Cellera de Ter, la",95.5,16939.0,32577.0
5469,2020.0,Celrà,90.5,16063.0,87276.0
5470,2020.0,Centelles,99.5,17652.0,131890.0
5471,2020.0,Cercs,93.9,16660.0,19458.0
5472,2020.0,Cerdanyola del Vallès,108.3,19227.0,1106089.0
5473,2020.0,Cervelló,111.0,19693.0,179129.0
5474,2020.0,Cervera,80.8,14339.0,131386.0
5475,2020.0,Cervià de Ter,100.9,17910.0,16897.0
5476,2020.0,Collbató,121.9,21633.0,98862.0
5477,2020.0,Constantí,70.3,12477.0,84061.0
5478,2020.0,Corbera d'Ebre,76.6,13588.0,13327.0
5479,2020.0,Corbera de Llobregat,106.8,18949.0,281455.0
5480,2020.0,Corbins,77.0,13661.0,19932.0
5481,2020.0,Cornellà de Llobregat,93.9,16656.0,1483083.0
5482,2020.0,Cornellà del Terri,95.2,16897.0,40466.0
5483,2020.0,Corçà,93.6,16614.0,20828.0
5484,2020.0,Creixell,83.0,14726.0,56836.0
5485,2020.0,"Cruïlles, Monells i Sant Sadurní de l'Heura",107.7,19104.0,24458.0
5486,2020.0,Cubelles,97.8,17365.0,272043.0
5487,2020.0,Cunit,79.8,14169.0,194744.0
5488,2020.0,Cànoves i Samalús,103.3,18324.0,58307.0
5489,2020.0,Deltebre,74.7,13256.0,153346.0
5490,2020.0,Dosrius,100.9,17914.0,100494.0
5491,2020.0,"Escala, l'",82.3,14607.0,147996.0
5492,2020.0,Esparreguera,100.6,17844.0,395901.0
5493,2020.0,"Espluga de Francolí, l'",94.9,16833.0,62337.0
5494,2020.0,Esplugues de Llobregat,116.5,20673.0,964632.0
5495,2020.0,"Esquirol, l'",98.9,17556.0,38063.0
5496,2020.0,Falset,90.1,15989.0,43540.0
5497,2020.0,Figaró-Montmany,85.8,15234.0,17253.0
5498,2020.0,Figueres,75.7,13435.0,618723.0
5499,2020.0,Flaçà,91.5,16233.0,17984.0
5500,2020.0,Flix,97.7,17339.0,58874.0
5501,2020.0,Fogars de la Selva,93.8,16642.0,24550.0
5502,2020.0,Folgueroles,106.3,18866.0,42303.0
5503,2020.0,Fonollosa,106.8,18961.0,27804.0
5504,2020.0,Font-rubí,91.8,16296.0,23308.0
5505,2020.0,Fontcoberta,105.5,18728.0,27323.0
5506,2020.0,Forallac,110.1,19542.0,32783.0
5507,2020.0,Fornells de la Selva,142.9,25350.0,66237.0
5508,2020.0,"Franqueses del Vallès, les",94.7,16803.0,341471.0
5509,2020.0,"Fuliola, la",71.4,12670.0,15778.0
5510,2020.0,Gandesa,78.4,13920.0,42624.0
5511,2020.0,"Garriga, la",107.0,18990.0,316603.0
5512,2020.0,Gavà,107.8,19126.0,893055.0
5513,2020.0,Gelida,95.0,16856.0,130031.0
5514,2020.0,Gimenells i el Pla de la Font,75.1,13335.0,14705.0
5515,2020.0,Girona,99.6,17678.0,1765880.0
5516,2020.0,Gironella,95.3,16904.0,83203.0
5517,2020.0,Golmés,89.0,15803.0,29834.0
5518,2020.0,"Granada, la",98.3,17452.0,38615.0
5519,2020.0,Granollers,101.6,18027.0,1123812.0
5520,2020.0,Gualba,97.4,17291.0,27040.0
5521,2020.0,Guissona,83.7,14860.0,105985.0
5522,2020.0,Gurb,119.2,21160.0,56696.0
5523,2020.0,Horta de Sant Joan,80.7,14314.0,16162.0
5524,2020.0,"Hospitalet de Llobregat, l'",87.4,15507.0,4124568.0
5525,2020.0,"Hostalets de Pierola, els",92.6,16437.0,49751.0
5526,2020.0,Hostalric,88.4,15696.0,66355.0
5527,2020.0,Igualada,92.5,16416.0,670955.0
5528,2020.0,Isona i Conca Dellà,87.0,15436.0,16006.0
5529,2020.0,Ivars d'Urgell,84.9,15071.0,23698.0
5530,2020.0,"Jonquera, la",70.8,12570.0,40893.0
5531,2020.0,Juneda,80.3,14243.0,50590.0
5532,2020.0,Linyola,76.7,13610.0,37682.0
5533,2020.0,"Llagosta, la",88.4,15695.0,210307.0
5534,2020.0,Llagostera,87.9,15595.0,132771.0
5535,2020.0,Llançà,90.1,15990.0,75118.0
5536,2020.0,Lleida,93.0,16511.0,2282009.0
5537,2020.0,Llers,96.7,17160.0,20863.0
5538,2020.0,Llinars del Vallès,99.3,17627.0,177145.0
5539,2020.0,Lliçà d'Amunt,105.4,18700.0,290675.0
5540,2020.0,Lliçà de Vall,122.7,21780.0,142163.0
5541,2020.0,Llorenç del Penedès,90.1,15991.0,38011.0
5542,2020.0,Lloret de Mar,65.1,11548.0,438696.0
5543,2020.0,Llívia,82.5,14648.0,21352.0
5544,2020.0,Malgrat de Mar,85.2,15114.0,282105.0
5545,2020.0,Manlleu,88.2,15655.0,322969.0
5546,2020.0,Manresa,93.2,16531.0,1283658.0
5547,2020.0,Martorell,88.1,15640.0,446294.0
5548,2020.0,Martorelles,104.6,18570.0,89381.0
5549,2020.0,Masdenverge,75.8,13457.0,14882.0
5550,2020.0,"Masies de Voltregà, les",107.4,19065.0,59493.0
5551,2020.0,"Masnou, el",116.6,20690.0,488109.0
5552,2020.0,Masquefa,89.6,15898.0,151460.0
5553,2020.0,Matadepera,159.1,28239.0,270608.0
5554,2020.0,Mataró,88.9,15770.0,2019266.0
5555,2020.0,Maçanet de la Selva,83.6,14833.0,104825.0
5556,2020.0,Mediona,87.3,15494.0,37179.0
5557,2020.0,Miralcamp,76.5,13569.0,18995.0
5558,2020.0,Moià,91.0,16155.0,102925.0
5559,2020.0,Molins de Rei,112.4,19952.0,515855.0
5560,2020.0,Mollerussa,92.2,16361.0,243059.0
5561,2020.0,Mollet del Vallès,94.2,16713.0,857143.0
5562,2020.0,Monistrol de Montserrat,89.6,15898.0,49851.0
5563,2020.0,Mont-ras,100.1,17756.0,29339.0
5564,2020.0,Mont-roig del Camp,77.9,13833.0,175171.0
5565,2020.0,Montblanc,94.4,16747.0,123255.0
5566,2020.0,Montbrió del Camp,89.9,15951.0,47342.0
5567,2020.0,Montcada i Reixac,90.9,16137.0,593753.0
5568,2020.0,Montesquiu,88.0,15611.0,16043.0
5569,2020.0,Montferrer i Castellbò,72.6,12875.0,13470.0
5570,2020.0,Montgat,109.4,19414.0,234965.0
5571,2020.0,"Montmell, el",74.3,13186.0,21738.0
5572,2020.0,Montmeló,95.7,16980.0,149408.0
5573,2020.0,Montornès del Vallès,91.6,16260.0,271458.0
5574,2020.0,"Morell, el",89.4,15859.0,59643.0
5575,2020.0,Móra d'Ebre,94.2,16710.0,93281.0
5576,2020.0,Móra la Nova,81.0,14373.0,44302.0
5577,2020.0,Naut Aran,89.4,15862.0,29602.0
5578,2020.0,Navarcles,99.3,17618.0,106037.0
5579,2020.0,Navata,111.4,19767.0,27626.0
5580,2020.0,Navàs,97.4,17283.0,102868.0
5581,2020.0,Olesa de Bonesvalls,101.7,18039.0,34020.0
5582,2020.0,Olesa de Montserrat,94.7,16812.0,403211.0
5583,2020.0,Oliana,89.4,15857.0,29023.0
5584,2020.0,Olivella,104.1,18471.0,73320.0
5585,2020.0,Olost,101.1,17933.0,21214.0
5586,2020.0,Olot,93.1,16525.0,585681.0
5587,2020.0,Olèrdola,97.9,17365.0,66270.0
5588,2020.0,Os de Balaguer,82.6,14667.0,14319.0
5589,2020.0,Palafolls,87.6,15548.0,148169.0
5590,2020.0,Palafrugell,76.5,13581.0,309907.0
5591,2020.0,Palamós,88.0,15625.0,279846.0
5592,2020.0,"Palau d'Anglesola, el",89.9,15962.0,35503.0
5593,2020.0,Palau-saverdera,75.0,13303.0,19145.0
5594,2020.0,Palau-solità i Plegamans,103.3,18336.0,273252.0
5595,2020.0,"Pallaresos, els",101.7,18039.0,88248.0
5596,2020.0,Pallejà,111.0,19699.0,227610.0
5597,2020.0,"Palma de Cervelló, la",112.2,19913.0,59424.0
5598,2020.0,Pals,91.9,16309.0,39485.0
5599,2020.0,"Papiol, el",101.4,17987.0,75095.0
5600,2020.0,Parets del Vallès,102.4,18181.0,344633.0
5601,2020.0,Perafort,92.4,16401.0,20954.0
5602,2020.0,Peralada,105.7,18759.0,35215.0
5603,2020.0,"Perelló, el",69.8,12392.0,35173.0
5604,2020.0,Piera,88.1,15632.0,254769.0
5605,2020.0,Pineda de Mar,79.8,14160.0,392082.0
5606,2020.0,"Pinell de Brai, el",86.3,15322.0,15194.0
5607,2020.0,"Pla de Santa Maria, el",85.4,15158.0,35658.0
5608,2020.0,"Pla del Penedès, el",87.5,15536.0,20095.0
5609,2020.0,"Planes d'Hostoles, les",92.6,16434.0,27604.0
5610,2020.0,"Pobla de Claramunt, la",93.1,16527.0,36349.0
5611,2020.0,"Pobla de Lillet, la",101.0,17923.0,19285.0
5612,2020.0,"Pobla de Mafumet, la",69.4,12325.0,49589.0
5613,2020.0,"Pobla de Montornès, la",89.4,15860.0,46951.0
5614,2020.0,"Pobla de Segur, la",89.3,15844.0,47626.0
5615,2020.0,Polinyà,95.1,16879.0,143436.0
5616,2020.0,"Pont de Suert, el",85.7,15204.0,35138.0
5617,2020.0,"Pont de Vilomara i Rocafort, el",87.7,15570.0,61234.0
5618,2020.0,Ponts,84.0,14913.0,38775.0
5619,2020.0,Porqueres,98.1,17409.0,81102.0
5620,2020.0,"Port de la Selva, el",106.2,18840.0,18112.0
5621,2020.0,Portbou,89.6,15906.0,16767.0
5622,2020.0,"Prat de Llobregat, el",97.9,17371.0,1129759.0
5623,2020.0,Prats de Lluçanès,100.5,17843.0,46221.0
5624,2020.0,Premià de Dalt,143.3,25437.0,262548.0
5625,2020.0,Premià de Mar,102.2,18133.0,511898.0
5626,2020.0,"Preses, les",102.9,18252.0,33407.0
5627,2020.0,Puig-reig,93.5,16584.0,71051.0
5628,2020.0,Puigcerdà,75.2,13339.0,125896.0
5629,2020.0,Puigpelat,85.6,15189.0,17981.0
5630,2020.0,Puigverd de Lleida,87.9,15599.0,21006.0
5631,2020.0,Quart,107.1,19002.0,70765.0
5632,2020.0,Reus,86.9,15414.0,1647340.0
5633,2020.0,Riba-roja d'Ebre,72.2,12808.0,14116.0
5634,2020.0,Ribes de Freser,101.1,17936.0,31636.0
5635,2020.0,Riells i Viabrea,94.0,16687.0,68890.0
5636,2020.0,"Riera de Gaià, la",92.8,16473.0,28838.0
5637,2020.0,Ripoll,94.4,16759.0,179373.0
5638,2020.0,Ripollet,90.5,16055.0,628631.0
5639,2020.0,Riudarenes,294.0,52168.0,114757.0
5640,2020.0,Riudecanyes,91.7,16277.0,19179.0
5641,2020.0,Riudecols,95.7,16992.0,20654.0
5642,2020.0,Riudellots de la Selva,103.7,18407.0,37422.0
5643,2020.0,Riudoms,79.6,14127.0,93800.0
5644,2020.0,"Roca del Vallès, la",110.7,19653.0,210213.0
5645,2020.0,Roda de Berà,82.8,14694.0,102873.0
5646,2020.0,Roda de Ter,96.2,17063.0,109185.0
5647,2020.0,Roquetes,79.7,14139.0,114892.0
5648,2020.0,Roses,67.8,12033.0,233526.0
5649,2020.0,Rosselló,88.5,15708.0,49714.0
5650,2020.0,Rubí,91.9,16303.0,1280775.0
5651,2020.0,"Ràpita, la",75.9,13461.0,204072.0
5652,2020.0,Sabadell,98.5,17477.0,3780837.0
5653,2020.0,Sallent,99.2,17606.0,117562.0
5654,2020.0,Salou,72.4,12840.0,368515.0
5655,2020.0,Salt,69.0,12252.0,383732.0
5656,2020.0,Sant Adrià de Besòs,84.6,15015.0,558858.0
5657,2020.0,Sant Andreu de Llavaneres,124.9,22164.0,244371.0
5658,2020.0,Sant Andreu de la Barca,93.3,16548.0,450049.0
5659,2020.0,Sant Antoni de Vilamajor,113.7,20179.0,126818.0
5660,2020.0,Sant Boi de Llobregat,96.2,17073.0,1427113.0
5661,2020.0,Sant Cebrià de Vallalta,100.3,17805.0,61742.0
5662,2020.0,Sant Celoni,92.7,16447.0,298102.0
5663,2020.0,Sant Climent de Llobregat,101.2,17966.0,74553.0
5664,2020.0,Sant Cugat Sesgarrigues,95.7,16981.0,17130.0
5665,2020.0,Sant Cugat del Vallès,143.3,25426.0,2376869.0
5666,2020.0,Sant Esteve Sesrovires,112.7,19993.0,153625.0
5667,2020.0,Sant Esteve de Palautordera,101.7,18054.0,52818.0
5668,2020.0,Sant Feliu de Codines,94.8,16815.0,107167.0
5669,2020.0,Sant Feliu de Guíxols,82.7,14679.0,320630.0
5670,2020.0,Sant Feliu de Llobregat,108.7,19285.0,871176.0
5671,2020.0,Sant Feliu de Pallerols,91.4,16214.0,23018.0
5672,2020.0,Sant Fost de Campsentelles,108.5,19257.0,171574.0
5673,2020.0,Sant Fruitós de Bages,106.3,18870.0,166475.0
5674,2020.0,Sant Gregori,113.8,20193.0,78014.0
5675,2020.0,Sant Guim de Freixenet,85.9,15239.0,15670.0
5676,2020.0,Sant Hilari Sacalm,86.7,15386.0,86448.0
5677,2020.0,Sant Hipòlit de Voltregà,111.9,19866.0,69627.0
5678,2020.0,Sant Iscle de Vallalta,97.4,17282.0,23774.0
5679,2020.0,Sant Jaume d'Enveja,73.3,13016.0,46743.0
5680,2020.0,Sant Jaume dels Domenys,88.6,15731.0,41418.0
5681,2020.0,Sant Joan Despí,112.3,19920.0,676870.0
5682,2020.0,Sant Joan de Vilatorrada,94.4,16746.0,181786.0
5683,2020.0,Sant Joan de les Abadesses,100.8,17884.0,57574.0
5684,2020.0,Sant Joan les Fonts,106.1,18823.0,56288.0
5685,2020.0,Sant Julià de Ramis,106.5,18899.0,66097.0
5686,2020.0,Sant Julià de Vilatorta,125.9,22337.0,69504.0
5687,2020.0,Sant Julià del Llor i Bonmatí,98.4,17460.0,22486.0
5688,2020.0,Sant Just Desvern,152.3,27030.0,510941.0
5689,2020.0,Sant Llorenç Savall,93.8,16654.0,41056.0
5690,2020.0,Sant Llorenç d'Hortons,103.1,18304.0,44828.0
5691,2020.0,Sant Llorenç de Morunys,89.3,15842.0,15706.0
5692,2020.0,Sant Martí Sarroca,87.2,15476.0,50778.0
5693,2020.0,Sant Martí de Centelles,89.8,15942.0,18685.0
5694,2020.0,Sant Martí de Tous,100.5,17830.0,22000.0
5695,2020.0,Sant Pere Pescador,79.5,14101.0,28744.0
5696,2020.0,Sant Pere de Ribes,95.4,16933.0,522186.0
5697,2020.0,Sant Pere de Riudebitlles,95.5,16942.0,40677.0
5698,2020.0,Sant Pere de Torelló,99.0,17573.0,43087.0
5699,2020.0,Sant Pere de Vilamajor,104.2,18493.0,85062.0
5700,2020.0,Sant Pol de Mar,108.5,19253.0,104468.0
5701,2020.0,Sant Quintí de Mediona,79.1,14037.0,32950.0
5702,2020.0,Sant Quirze de Besora,98.4,17465.0,37132.0
5703,2020.0,Sant Quirze del Vallès,127.8,22685.0,457627.0
5704,2020.0,Sant Sadurní d'Anoia,102.3,18162.0,233743.0
5705,2020.0,Sant Salvador de Guardiola,97.8,17360.0,55701.0
5706,2020.0,Sant Vicenç de Castellet,84.4,14976.0,145960.0
5707,2020.0,Sant Vicenç de Montalt,128.5,22799.0,146372.0
5708,2020.0,Sant Vicenç de Torelló,106.8,18949.0,38749.0
5709,2020.0,Sant Vicenç dels Horts,93.1,16524.0,462854.0
5710,2020.0,Santa Bàrbara,74.6,13235.0,50200.0
5711,2020.0,Santa Coloma de Cervelló,107.2,19027.0,156350.0
5712,2020.0,Santa Coloma de Farners,88.9,15784.0,207550.0
5713,2020.0,Santa Coloma de Gramenet,81.1,14390.0,1718192.0
5714,2020.0,Santa Coloma de Queralt,95.0,16856.0,45010.0
5715,2020.0,Santa Cristina d'Aro,95.1,16883.0,89014.0
5716,2020.0,Santa Eugènia de Berga,99.8,17713.0,39743.0
5717,2020.0,Santa Eulàlia de Riuprimer,100.0,17738.0,24492.0
5718,2020.0,Santa Eulàlia de Ronçana,104.8,18600.0,138924.0
5719,2020.0,Santa Margarida de Montbui,71.6,12702.0,129863.0
5720,2020.0,Santa Margarida i els Monjos,93.1,16525.0,127037.0
5721,2020.0,Santa Maria d'Oló,98.8,17538.0,18155.0
5722,2020.0,Santa Maria de Palautordera,98.5,17480.0,168359.0
5723,2020.0,Santa Oliva,79.1,14042.0,47545.0
5724,2020.0,Santa Pau,103.8,18421.0,28917.0
5725,2020.0,Santa Perpètua de Mogoda,94.3,16732.0,435249.0
5726,2020.0,Santa Susanna,129.9,23051.0,82101.0
5727,2020.0,Santpedor,105.0,18629.0,140281.0
5728,2020.0,Sarral,83.6,14829.0,22745.0
5729,2020.0,Sarrià de Ter,103.4,18355.0,93414.0
5730,2020.0,"Secuita, la",96.6,17138.0,29632.0
5731,2020.0,"Selva del Camp, la",88.7,15733.0,90129.0
5732,2020.0,Sentmenat,98.4,17467.0,162263.0
5733,2020.0,Serinyà,91.2,16177.0,18289.0
5734,2020.0,Seròs,71.9,12755.0,24317.0
5735,2020.0,"Seu d'Urgell, la",78.9,14008.0,169478.0
5736,2020.0,Seva,109.4,19408.0,69494.0
5737,2020.0,Sils,89.0,15800.0,97350.0
5738,2020.0,Sitges,121.7,21601.0,635665.0
5739,2020.0,Solsona,83.9,14894.0,139015.0
5740,2020.0,Sort,92.5,16420.0,35513.0
5741,2020.0,Soses,83.3,14791.0,25814.0
5742,2020.0,Subirats,97.4,17282.0,54155.0
5743,2020.0,"Sénia, la",70.5,12517.0,70924.0
5744,2020.0,Súria,100.7,17862.0,105254.0
5745,2020.0,Taradell,110.2,19555.0,128880.0
5746,2020.0,Tarragona,90.5,16067.0,2198512.0
5747,2020.0,Teià,134.0,23781.0,152492.0
5748,2020.0,Terrassa,96.4,17100.0,3818347.0
5749,2020.0,Tiana,135.1,23980.0,213034.0
5750,2020.0,Tivissa,79.4,14096.0,22728.0
5751,2020.0,Tona,104.1,18466.0,152729.0
5752,2020.0,Tordera,81.6,14489.0,253130.0
5753,2020.0,Torelló,100.0,17746.0,254099.0
5754,2020.0,"Torre de Claramunt, la",94.2,16724.0,63591.0
5755,2020.0,Torredembarra,80.3,14246.0,241037.0
5756,2020.0,Torrefarrera,92.6,16432.0,76079.0
5757,2020.0,Torregrossa,76.9,13654.0,30125.0
5758,2020.0,Torrelavit,100.3,17800.0,25433.0
5759,2020.0,Torrelles de Foix,74.2,13163.0,32173.0
5760,2020.0,Torrelles de Llobregat,109.5,19426.0,117727.0
5761,2020.0,Torres de Segre,73.0,12957.0,30307.0
5762,2020.0,Torroella de Montgrí,76.4,13552.0,159395.0
5763,2020.0,Tortosa,84.8,15047.0,504579.0
5764,2020.0,Torà,89.9,15961.0,19152.0
5765,2020.0,Tossa de Mar,73.9,13106.0,75484.0
5766,2020.0,Tremp,90.0,15970.0,92998.0
5767,2020.0,Tàrrega,82.7,14667.0,256707.0
5768,2020.0,Térmens,82.5,14649.0,19430.0
5769,2020.0,Ullastrell,109.9,19496.0,40789.0
5770,2020.0,Ulldecona,66.7,11838.0,77117.0
5771,2020.0,Ullà,73.6,13056.0,15086.0
5772,2020.0,Vacarisses,100.9,17900.0,124519.0
5773,2020.0,"Vall d'en Bas, la",109.1,19368.0,59001.0
5774,2020.0,"Vall de Bianya, la",110.7,19651.0,24975.0
5775,2020.0,"Vall de Boí, la",82.0,14543.0,15231.0
5776,2020.0,Vallbona d'Anoia,102.1,18118.0,24787.0
5777,2020.0,Vallfogona de Balaguer,86.5,15353.0,28903.0
5778,2020.0,Vallgorguina,100.7,17869.0,53870.0
5779,2020.0,Vallirana,103.5,18371.0,280642.0
5780,2020.0,Vallmoll,95.3,16919.0,30283.0
5781,2020.0,Vallromanes,140.9,25006.0,64305.0
5782,2020.0,Valls,89.9,15959.0,392641.0
5783,2020.0,Vandellòs i l'Hospitalet de l'Infant,83.3,14785.0,98630.0
5784,2020.0,"Vendrell, el",89.4,15861.0,609914.0
5785,2020.0,Verges,90.3,16027.0,18582.0
5786,2020.0,Vic,94.0,16684.0,783414.0
5787,2020.0,Vidreres,88.8,15753.0,123751.0
5788,2020.0,Vielha e Mijaran,88.9,15769.0,87920.0
5789,2020.0,Vila-rodona,84.2,14937.0,19300.0
5790,2020.0,Vila-seca,77.5,13762.0,312155.0
5791,2020.0,Vilablareix,117.0,20769.0,63545.0
5792,2020.0,Viladecans,97.8,17348.0,1154020.0
5793,2020.0,Viladecavalls,111.4,19774.0,149930.0
5794,2020.0,Viladrau,103.2,18320.0,19470.0
5795,2020.0,Vilafant,91.8,16286.0,86721.0
5796,2020.0,Vilafranca del Penedès,94.0,16685.0,669983.0
5797,2020.0,Vilajuïga,90.1,15985.0,17491.0
5798,2020.0,Vilallonga del Camp,86.8,15402.0,37122.0
5799,2020.0,Vilamalla,85.2,15120.0,17098.0
5800,2020.0,Vilanova de Bellpuig,79.9,14184.0,17041.0
5801,2020.0,Vilanova de Segrià,83.3,14782.0,14459.0
5802,2020.0,Vilanova de la Barca,81.2,14402.0,15719.0
5803,2020.0,Vilanova del Camí,81.3,14422.0,182956.0
5804,2020.0,Vilanova del Vallès,112.3,19928.0,109796.0
5805,2020.0,Vilanova i la Geltrú,98.7,17517.0,1165874.0
5806,2020.0,Vilassar de Dalt,126.1,22372.0,200873.0
5807,2020.0,Vilassar de Mar,119.3,21163.0,439499.0
5808,2020.0,Vilobí d'Onyar,99.6,17672.0,57554.0
5809,2020.0,Vilobí del Penedès,97.6,17314.0,19351.0
5810,2020.0,Vinyols i els Arcs,87.6,15554.0,33811.0
5811,2020.0,Xerta,83.0,14726.0,17045.0
5812,2020.0,Òdena,87.5,15534.0,57169.0
5813,2021.0,Abrera,102.3,19070.0,241196.0
5814,2021.0,Agramunt,87.0,16216.0,88440.0
5815,2021.0,Aiguafreda,107.4,20016.0,51102.0
5816,2021.0,Aitona,68.2,12705.0,31737.0
5817,2021.0,Albatàrrec,75.5,14077.0,30997.0
5818,2021.0,Albesa,81.8,15248.0,23924.0
5819,2021.0,Albinyana,78.3,14595.0,37043.0
5820,2021.0,Alcanar,77.3,14403.0,137708.0
5821,2021.0,Alcarràs,75.4,14057.0,138958.0
5822,2021.0,Alcoletge,81.5,15193.0,53297.0
5823,2021.0,Alcover,89.6,16702.0,87335.0
5824,2021.0,"Aldea, l'",73.4,13672.0,58422.0
5825,2021.0,Alella,136.3,25407.0,254422.0
5826,2021.0,Alfarràs,81.0,15093.0,41972.0
5827,2021.0,Alforja,84.6,15772.0,29825.0
5828,2021.0,Alguaire,81.4,15176.0,46348.0
5829,2021.0,Almacelles,69.4,12926.0,90066.0
5830,2021.0,Almenar,80.5,15002.0,50616.0
5831,2021.0,Almoster,121.0,22546.0,29490.0
5832,2021.0,Alp,90.5,16863.0,28330.0
5833,2021.0,Alpicat,109.0,20306.0,128717.0
5834,2021.0,Altafulla,103.7,19325.0,107156.0
5835,2021.0,Amer,92.8,17287.0,41454.0
5836,2021.0,"Ametlla de Mar, l'",75.7,14102.0,101616.0
5837,2021.0,"Ametlla del Vallès, l'",131.0,24420.0,217293.0
5838,2021.0,"Ampolla, l'",80.8,15050.0,52825.0
5839,2021.0,Amposta,75.8,14118.0,303237.0
5840,2021.0,Anglesola,81.5,15195.0,20513.0
5841,2021.0,Anglès,87.4,16289.0,92797.0
5842,2021.0,Arbeca,86.3,16077.0,34149.0
5843,2021.0,"Arboç, l'",78.4,14603.0,81777.0
5844,2021.0,Arbúcies,81.8,15243.0,99126.0
5845,2021.0,Arenys de Mar,96.9,18059.0,289890.0
5846,2021.0,Arenys de Munt,101.9,18990.0,174940.0
5847,2021.0,Argentona,105.1,19592.0,248520.0
5848,2021.0,"Armentera, l'",84.1,15668.0,16075.0
5849,2021.0,Artesa de Lleida,82.8,15429.0,23700.0
5850,2021.0,Artesa de Segre,79.7,14848.0,51685.0
5851,2021.0,Artés,96.2,17920.0,104435.0
5852,2021.0,Ascó,87.2,16247.0,26288.0
5853,2021.0,Avinyonet de Puigventós,94.9,17683.0,29478.0
5854,2021.0,Avinyonet del Penedès,94.2,17555.0,30072.0
5855,2021.0,Avinyó,95.3,17759.0,40526.0
5856,2021.0,Avià,101.0,18824.0,41751.0
5857,2021.0,Badalona,94.6,17635.0,3916076.0
5858,2021.0,Badia del Vallès,79.5,14825.0,195982.0
5859,2021.0,Bagà,102.2,19039.0,41123.0
5860,2021.0,Balaguer,76.6,14277.0,247700.0
5861,2021.0,Balenyà,89.1,16614.0,64943.0
5862,2021.0,Balsareny,96.5,17985.0,58686.0
5863,2021.0,Banyeres del Penedès,90.8,16913.0,55476.0
5864,2021.0,Banyoles,97.5,18174.0,366219.0
5865,2021.0,Barberà del Vallès,100.5,18726.0,619672.0
5866,2021.0,Barcelona,118.8,22136.0,35889411.0
5867,2021.0,Batea,73.2,13634.0,25619.0
5868,2021.0,Begues,119.6,22281.0,164698.0
5869,2021.0,Begur,93.5,17422.0,71952.0
5870,2021.0,Bell-lloc d'Urgell,90.2,16811.0,39102.0
5871,2021.0,Bellcaire d'Urgell,83.7,15607.0,19056.0
5872,2021.0,Bellpuig,79.2,14759.0,76498.0
5873,2021.0,Bellvei,76.2,14196.0,32794.0
5874,2021.0,Bellver de Cerdanya,94.3,17577.0,38089.0
5875,2021.0,Bellvís,82.2,15319.0,34406.0
5876,2021.0,Benavent de Segrià,89.8,16739.0,25878.0
5877,2021.0,Benissanet,75.3,14034.0,16224.0
5878,2021.0,Berga,95.6,17821.0,298003.0
5879,2021.0,Besalú,93.9,17505.0,43499.0
5880,2021.0,Bescanó,98.5,18364.0,94335.0
5881,2021.0,Bigues i Riells del Fai,110.0,20509.0,197811.0
5882,2021.0,"Bisbal d'Empordà, la",83.1,15495.0,172834.0
5883,2021.0,"Bisbal del Penedès, la",82.1,15296.0,60036.0
5884,2021.0,Blanes,82.5,15373.0,618772.0
5885,2021.0,Bordils,96.9,18063.0,32495.0
5886,2021.0,"Borges Blanques, les",84.2,15685.0,97388.0
5887,2021.0,"Borges del Camp, les",86.7,16151.0,34386.0
5888,2021.0,Bossòst,89.5,16677.0,18728.0
5889,2021.0,Botarell,91.9,17134.0,18744.0
5890,2021.0,Breda,91.6,17067.0,65503.0
5891,2021.0,"Bruc, el",109.3,20379.0,44976.0
5892,2021.0,Bàscara,87.2,16243.0,16535.0
5893,2021.0,"Cabanyes, les",106.3,19806.0,19826.0
5894,2021.0,Cabra del Camp,78.6,14655.0,18245.0
5895,2021.0,Cabrera d'Anoia,86.6,16145.0,25444.0
5896,2021.0,Cabrera de Mar,128.8,24013.0,115958.0
5897,2021.0,Cabrils,131.6,24518.0,187291.0
5898,2021.0,Cadaqués,70.9,13220.0,37544.0
5899,2021.0,Calaf,84.5,15752.0,56488.0
5900,2021.0,Calafell,82.7,15420.0,442153.0
5901,2021.0,Calders,106.6,19858.0,21487.0
5902,2021.0,Caldes d'Estrac,111.3,20737.0,64596.0
5903,2021.0,Caldes de Malavella,96.7,18013.0,146033.0
5904,2021.0,Caldes de Montbui,101.9,18994.0,339101.0
5905,2021.0,Calella,82.0,15273.0,293874.0
5906,2021.0,Calldetenes,100.1,18649.0,46884.0
5907,2021.0,Callús,93.4,17405.0,36743.0
5908,2021.0,Calonge i Sant Antoni,81.4,15164.0,175414.0
5909,2021.0,Camarles,77.9,14511.0,47929.0
5910,2021.0,Cambrils,90.5,16868.0,595450.0
5911,2021.0,Campdevànol,102.2,19046.0,61405.0
5912,2021.0,Camprodon,91.0,16962.0,41455.0
5913,2021.0,Canet de Mar,93.7,17466.0,259123.0
5914,2021.0,"Canonja, la",82.4,15348.0,90951.0
5915,2021.0,Canovelles,81.5,15193.0,255701.0
5916,2021.0,Canyelles,99.1,18475.0,91509.0
5917,2021.0,Capellades,96.2,17923.0,95492.0
5918,2021.0,Cardedeu,103.0,19197.0,359747.0
5919,2021.0,Cardona,95.8,17861.0,81874.0
5920,2021.0,Casserres,92.9,17313.0,28462.0
5921,2021.0,Cassà de la Selva,93.5,17425.0,184251.0
5922,2021.0,"Castell d'Aro, Platja d'Aro i s'Agaró",75.7,14101.0,161194.0
5923,2021.0,Castellar del Vallès,109.2,20358.0,504347.0
5924,2021.0,Castellbell i el Vilar,91.2,16988.0,65694.0
5925,2021.0,Castellbisbal,102.5,19105.0,241894.0
5926,2021.0,Castelldefels,107.3,19991.0,1337427.0
5927,2021.0,Castellet i la Gornal,92.2,17182.0,42232.0
5928,2021.0,Castellgalí,95.8,17850.0,39341.0
5929,2021.0,Castellnou de Bages,100.0,18641.0,26619.0
5930,2021.0,Castellterçol,94.1,17538.0,46161.0
5931,2021.0,Castellvell del Camp,109.6,20422.0,59776.0
5932,2021.0,Castellví de Rosanes,105.6,19684.0,40194.0
5933,2021.0,Castellví de la Marca,95.9,17879.0,28607.0
5934,2021.0,Castelló d'Empúries,66.7,12422.0,139616.0
5935,2021.0,"Catllar, el",104.4,19453.0,94053.0
5936,2021.0,"Cellera de Ter, la",94.9,17681.0,34672.0
5937,2021.0,Celrà,88.8,16542.0,91277.0
5938,2021.0,Centelles,97.5,18176.0,138393.0
5939,2021.0,Cercs,103.1,19215.0,22616.0
5940,2021.0,Cerdanyola del Vallès,111.1,20697.0,1185073.0
5941,2021.0,Cervelló,109.8,20472.0,189613.0
5942,2021.0,Cervera,84.1,15666.0,146759.0
5943,2021.0,Cervià de Ter,99.2,18491.0,18158.0
5944,2021.0,Collbató,120.4,22429.0,105126.0
5945,2021.0,Constantí,73.3,13666.0,92218.0
5946,2021.0,Corbera d'Ebre,72.4,13486.0,13378.0
5947,2021.0,Corbera de Llobregat,109.8,20466.0,309562.0
5948,2021.0,Corbins,78.3,14595.0,21250.0
5949,2021.0,Cornellà de Llobregat,95.4,17774.0,1582740.0
5950,2021.0,Cornellà del Terri,96.2,17928.0,43206.0
5951,2021.0,Corçà,97.3,18141.0,23203.0
5952,2021.0,Creixell,84.5,15753.0,62003.0
5953,2021.0,"Cruïlles, Monells i Sant Sadurní de l'Heura",97.3,18124.0,24160.0
5954,2021.0,Cubelles,96.4,17960.0,292672.0
5955,2021.0,Cunit,80.9,15077.0,215034.0
5956,2021.0,Cànoves i Samalús,104.3,19444.0,63115.0
5957,2021.0,Deltebre,75.6,14085.0,163447.0
5958,2021.0,Dosrius,103.3,19255.0,109866.0
5959,2021.0,"Escala, l'",83.7,15592.0,163029.0
5960,2021.0,Esparreguera,97.6,18184.0,405740.0
5961,2021.0,"Espluga de Francolí, l'",90.3,16837.0,62635.0
5962,2021.0,Esplugues de Llobregat,115.8,21576.0,1006413.0
5963,2021.0,"Esquirol, l'",96.2,17932.0,39882.0
5964,2021.0,Falset,87.8,16364.0,45229.0
5965,2021.0,Figaró-Montmany,93.9,17504.0,19797.0
5966,2021.0,Figueres,74.9,13961.0,652783.0
5967,2021.0,Flaçà,86.9,16202.0,18552.0
5968,2021.0,Flix,96.5,17985.0,61796.0
5969,2021.0,Fogars de la Selva,91.8,17109.0,26519.0
5970,2021.0,Folgueroles,107.5,20027.0,45340.0
5971,2021.0,Fonollosa,98.7,18396.0,28073.0
5972,2021.0,Font-rubí,88.6,16516.0,23733.0
5973,2021.0,Fontcoberta,108.6,20243.0,29737.0
5974,2021.0,Forallac,96.1,17911.0,31005.0
5975,2021.0,Fornells de la Selva,142.9,26634.0,71726.0
5976,2021.0,"Franqueses del Vallès, les",94.4,17602.0,357864.0
5977,2021.0,"Fuliola, la",73.5,13689.0,16919.0
5978,2021.0,Gandesa,78.6,14649.0,45249.0
5979,2021.0,"Garriga, la",107.9,20101.0,336191.0
5980,2021.0,Gavà,105.3,19621.0,919453.0
5981,2021.0,Gelida,98.7,18388.0,142633.0
5982,2021.0,Gimenells i el Pla de la Font,74.0,13789.0,15333.0
5983,2021.0,Girona,98.4,18330.0,1863880.0
5984,2021.0,Gironella,95.8,17854.0,88216.0
5985,2021.0,Golmés,88.7,16535.0,31118.0
5986,2021.0,"Granada, la",99.5,18545.0,40855.0
5987,2021.0,Granollers,101.0,18828.0,1165387.0
5988,2021.0,Gualba,94.7,17649.0,28291.0
5989,2021.0,Guissona,81.7,15228.0,111176.0
5990,2021.0,Gurb,116.2,21658.0,58585.0
5991,2021.0,Horta de Sant Joan,77.4,14429.0,16680.0
5992,2021.0,"Hospitalet de Llobregat, l'",88.9,16560.0,4407164.0
5993,2021.0,"Hostalets de Pierola, els",94.3,17582.0,54452.0
5994,2021.0,Hostalric,88.1,16412.0,71326.0
5995,2021.0,Igualada,94.7,17649.0,721150.0
5996,2021.0,Isona i Conca Dellà,86.6,16132.0,16971.0
5997,2021.0,Ivars d'Urgell,85.7,15978.0,24862.0
5998,2021.0,"Jonquera, la",67.6,12589.0,41494.0
5999,2021.0,Juneda,80.4,14984.0,53884.0
6000,2021.0,Linyola,79.5,14809.0,40487.0
6001,2021.0,"Llagosta, la",90.1,16799.0,221914.0
6002,2021.0,Llagostera,86.3,16087.0,143366.0
6003,2021.0,Llançà,85.6,15946.0,79014.0
6004,2021.0,Lleida,95.2,17744.0,2470527.0
6005,2021.0,Llers,93.7,17457.0,21891.0
6006,2021.0,Llinars del Vallès,102.9,19185.0,194535.0
6007,2021.0,Lliçà d'Amunt,106.5,19844.0,311827.0
6008,2021.0,Lliçà de Vall,112.1,20893.0,139606.0
6009,2021.0,Llorenç del Penedès,94.1,17540.0,41764.0
6010,2021.0,Lloret de Mar,67.5,12581.0,482112.0
6011,2021.0,Llívia,77.8,14493.0,21885.0
6012,2021.0,Malgrat de Mar,85.7,15970.0,303139.0
6013,2021.0,Manlleu,85.6,15955.0,331315.0
6014,2021.0,Manresa,92.7,17278.0,1338964.0
6015,2021.0,Martorell,90.6,16887.0,483149.0
6016,2021.0,Martorelles,101.7,18955.0,92290.0
6017,2021.0,Masdenverge,78.6,14643.0,16517.0
6018,2021.0,"Masies de Voltregà, les",102.3,19071.0,60265.0
6019,2021.0,"Masnou, el",118.5,22083.0,525703.0
6020,2021.0,Masquefa,91.0,16967.0,164153.0
6021,2021.0,Matadepera,165.6,30868.0,300066.0
6022,2021.0,Mataró,89.9,16750.0,2162251.0
6023,2021.0,Maçanet de la Selva,80.5,14999.0,112211.0
6024,2021.0,Mediona,85.9,16002.0,39733.0
6025,2021.0,Miralcamp,77.4,14416.0,19663.0
6026,2021.0,Moià,90.7,16911.0,109754.0
6027,2021.0,Molins de Rei,113.2,21089.0,552559.0
6028,2021.0,Mollerussa,87.5,16305.0,244590.0
6029,2021.0,Mollet del Vallès,95.5,17797.0,909451.0
6030,2021.0,Monistrol de Montserrat,90.9,16936.0,53551.0
6031,2021.0,Mont-ras,94.9,17686.0,29430.0
6032,2021.0,Mont-roig del Camp,77.9,14519.0,188514.0
6033,2021.0,Montblanc,93.6,17445.0,129893.0
6034,2021.0,Montbrió del Camp,90.8,16921.0,51357.0
6035,2021.0,Montcada i Reixac,93.1,17355.0,636985.0
6036,2021.0,Montesquiu,90.8,16928.0,17673.0
6037,2021.0,Montferrer i Castellbò,69.2,12895.0,13914.0
6038,2021.0,Montgat,110.6,20620.0,253402.0
6039,2021.0,"Montmell, el",72.8,13576.0,24478.0
6040,2021.0,Montmeló,97.0,18082.0,158524.0
6041,2021.0,Montornès del Vallès,94.2,17555.0,293106.0
6042,2021.0,"Morell, el",88.4,16482.0,61888.0
6043,2021.0,Móra d'Ebre,86.1,16055.0,90118.0
6044,2021.0,Móra la Nova,80.6,15014.0,47280.0
6045,2021.0,Naut Aran,87.2,16244.0,31415.0
6046,2021.0,Navarcles,99.4,18529.0,112339.0
6047,2021.0,Navata,98.8,18421.0,26342.0
6048,2021.0,Navàs,98.7,18403.0,110654.0
6049,2021.0,Olesa de Bonesvalls,101.0,18831.0,37078.0
6050,2021.0,Olesa de Montserrat,94.9,17690.0,428003.0
6051,2021.0,Oliana,89.4,16669.0,30838.0
6052,2021.0,Olivella,94.9,17682.0,74988.0
6053,2021.0,Olost,101.6,18927.0,22844.0
6054,2021.0,Olot,93.2,17371.0,633064.0
6055,2021.0,Olèrdola,100.6,18750.0,72545.0
6056,2021.0,Os de Balaguer,82.1,15295.0,15677.0
6057,2021.0,Palafolls,88.0,16394.0,158483.0
6058,2021.0,Palafrugell,77.9,14510.0,336710.0
6059,2021.0,Palamós,87.1,16227.0,295149.0
6060,2021.0,"Palau d'Anglesola, el",89.8,16732.0,36810.0
6061,2021.0,Palau-saverdera,78.2,14574.0,21628.0
6062,2021.0,Palau-solità i Plegamans,104.3,19441.0,289773.0
6063,2021.0,"Pallaresos, els",104.0,19385.0,95066.0
6064,2021.0,Pallejà,108.6,20239.0,235599.0
6065,2021.0,"Palma de Cervelló, la",113.5,21154.0,63863.0
6066,2021.0,Pals,88.1,16411.0,41881.0
6067,2021.0,"Papiol, el",101.6,18933.0,80445.0
6068,2021.0,Parets del Vallès,102.8,19157.0,362385.0
6069,2021.0,Perafort,92.5,17243.0,22208.0
6070,2021.0,Peralada,102.0,19006.0,37403.0
6071,2021.0,"Perelló, el",68.6,12789.0,36538.0
6072,2021.0,Piera,88.6,16506.0,273597.0
6073,2021.0,Pineda de Mar,82.2,15323.0,431044.0
6074,2021.0,"Pinell de Brai, el",83.9,15632.0,15617.0
6075,2021.0,"Pla de Santa Maria, el",85.9,16016.0,37397.0
6076,2021.0,"Pla del Penedès, el",87.5,16315.0,21422.0
6077,2021.0,"Planes d'Hostoles, les",91.9,17119.0,29497.0
6078,2021.0,"Pobla de Claramunt, la",92.0,17140.0,38547.0
6079,2021.0,"Pobla de Lillet, la",101.7,18948.0,20237.0
6080,2021.0,"Pobla de Mafumet, la",74.3,13850.0,56201.0
6081,2021.0,"Pobla de Montornès, la",89.7,16716.0,51252.0
6082,2021.0,"Pobla de Segur, la",87.7,16341.0,49743.0
6083,2021.0,Polinyà,95.1,17727.0,150552.0
6084,2021.0,"Pont de Suert, el",83.1,15495.0,36585.0
6085,2021.0,"Pont de Vilomara i Rocafort, el",86.1,16046.0,64666.0
6086,2021.0,Ponts,83.6,15576.0,41090.0
6087,2021.0,Porqueres,97.8,18234.0,85611.0
6088,2021.0,"Port de la Selva, el",88.0,16401.0,16532.0
6089,2021.0,Portbou,87.3,16276.0,17676.0
6090,2021.0,"Prat de Llobregat, el",99.1,18470.0,1203359.0
6091,2021.0,Prats de Lluçanès,97.1,18094.0,47532.0
6092,2021.0,Premià de Dalt,122.4,22803.0,236920.0
6093,2021.0,Premià de Mar,100.8,18781.0,533292.0
6094,2021.0,"Preses, les",99.6,18565.0,34959.0
6095,2021.0,Puig-reig,96.3,17944.0,77286.0
6096,2021.0,Puigcerdà,76.9,14340.0,136145.0
6097,2021.0,Puigpelat,86.3,16077.0,19373.0
6098,2021.0,Puigverd de Lleida,84.7,15786.0,21785.0
6099,2021.0,Quart,110.6,20612.0,80079.0
6100,2021.0,Reus,88.7,16532.0,1758823.0
6101,2021.0,Riba-roja d'Ebre,67.5,12579.0,13963.0
6102,2021.0,Ribes de Freser,95.2,17734.0,31832.0
6103,2021.0,Riells i Viabrea,92.5,17238.0,73433.0
6104,2021.0,"Riera de Gaià, la",89.0,16586.0,29008.0
6105,2021.0,Ripoll,94.3,17568.0,188420.0
6106,2021.0,Ripollet,91.3,17016.0,662872.0
6107,2021.0,Riudarenes,93.0,17330.0,39964.0
6108,2021.0,Riudecanyes,89.5,16682.0,20419.0
6109,2021.0,Riudecols,96.8,18031.0,21710.0
6110,2021.0,Riudellots de la Selva,102.7,19137.0,39728.0
6111,2021.0,Riudoms,80.3,14966.0,100289.0
6112,2021.0,"Roca del Vallès, la",110.8,20652.0,221062.0
6113,2021.0,Roda de Berà,86.5,16125.0,118747.0
6114,2021.0,Roda de Ter,94.9,17684.0,115122.0
6115,2021.0,Roquetes,80.7,15048.0,122957.0
6116,2021.0,Roses,68.5,12774.0,251387.0
6117,2021.0,Rosselló,88.6,16515.0,53475.0
6118,2021.0,Rubí,94.9,17682.0,1391626.0
6119,2021.0,"Ràpita, la",78.2,14578.0,218202.0
6120,2021.0,Sabadell,99.6,18569.0,4009193.0
6121,2021.0,Sallent,100.0,18633.0,125997.0
6122,2021.0,Salou,79.1,14744.0,418189.0
6123,2021.0,Salt,68.6,12789.0,412806.0
6124,2021.0,Sant Adrià de Besòs,86.8,16171.0,598542.0
6125,2021.0,Sant Andreu de Llavaneres,118.3,22048.0,250602.0
6126,2021.0,Sant Andreu de la Barca,94.5,17617.0,476996.0
6127,2021.0,Sant Antoni de Vilamajor,109.5,20401.0,131177.0
6128,2021.0,Sant Boi de Llobregat,97.0,18086.0,1507865.0
6129,2021.0,Sant Cebrià de Vallalta,102.9,19179.0,69043.0
6130,2021.0,Sant Celoni,93.1,17341.0,315598.0
6131,2021.0,Sant Climent de Llobregat,102.0,19017.0,79509.0
6132,2021.0,Sant Cugat Sesgarrigues,97.3,18130.0,18365.0
6133,2021.0,Sant Cugat del Vallès,139.1,25918.0,2459852.0
6134,2021.0,Sant Esteve Sesrovires,114.1,21256.0,166223.0
6135,2021.0,Sant Esteve de Palautordera,103.5,19291.0,57816.0
6136,2021.0,Sant Feliu de Codines,95.0,17709.0,113568.0
6137,2021.0,Sant Feliu de Guíxols,81.9,15255.0,337673.0
6138,2021.0,Sant Feliu de Llobregat,110.5,20588.0,936169.0
6139,2021.0,Sant Feliu de Pallerols,88.4,16484.0,24231.0
6140,2021.0,Sant Fost de Campsentelles,105.7,19694.0,177424.0
6141,2021.0,Sant Fruitós de Bages,108.2,20167.0,181302.0
6142,2021.0,Sant Gregori,110.4,20566.0,83333.0
6143,2021.0,Sant Guim de Freixenet,86.2,16070.0,17355.0
6144,2021.0,Sant Hilari Sacalm,85.5,15931.0,92254.0
6145,2021.0,Sant Hipòlit de Voltregà,101.5,18920.0,67903.0
6146,2021.0,Sant Iscle de Vallalta,91.4,17043.0,24457.0
6147,2021.0,Sant Jaume d'Enveja,73.2,13644.0,49200.0
6148,2021.0,Sant Jaume dels Domenys,87.8,16370.0,44020.0
6149,2021.0,Sant Joan Despí,114.0,21253.0,723051.0
6150,2021.0,Sant Joan de Vilatorrada,96.1,17903.0,193750.0
6151,2021.0,Sant Joan de les Abadesses,98.1,18285.0,59684.0
6152,2021.0,Sant Joan les Fonts,105.6,19685.0,59921.0
6153,2021.0,Sant Julià de Ramis,100.1,18649.0,67248.0
6154,2021.0,Sant Julià de Vilatorta,121.0,22544.0,71486.0
6155,2021.0,Sant Julià del Llor i Bonmatí,96.0,17893.0,23994.0
6156,2021.0,Sant Just Desvern,150.3,28019.0,546655.0
6157,2021.0,Sant Llorenç Savall,92.1,17165.0,43118.0
6158,2021.0,Sant Llorenç d'Hortons,103.8,19346.0,47880.0
6159,2021.0,Sant Llorenç de Morunys,91.8,17104.0,17172.0
6160,2021.0,Sant Martí Sarroca,88.4,16467.0,54292.0
6161,2021.0,Sant Martí de Centelles,88.5,16494.0,19891.0
6162,2021.0,Sant Martí de Tous,99.6,18563.0,23037.0
6163,2021.0,Sant Pere Pescador,80.1,14933.0,30852.0
6164,2021.0,Sant Pere de Ribes,93.9,17504.0,551230.0
6165,2021.0,Sant Pere de Riudebitlles,95.9,17880.0,43091.0
6166,2021.0,Sant Pere de Torelló,99.7,18580.0,46544.0
6167,2021.0,Sant Pere de Vilamajor,103.0,19195.0,90793.0
6168,2021.0,Sant Pol de Mar,107.2,19984.0,111629.0
6169,2021.0,Sant Quintí de Mediona,79.1,14735.0,34893.0
6170,2021.0,Sant Quirze de Besora,97.2,18107.0,38821.0
6171,2021.0,Sant Quirze del Vallès,128.8,23995.0,482594.0
6172,2021.0,Sant Sadurní d'Anoia,103.2,19233.0,246814.0
6173,2021.0,Sant Salvador de Guardiola,92.7,17277.0,56978.0
6174,2021.0,Sant Vicenç de Castellet,85.5,15941.0,157512.0
6175,2021.0,Sant Vicenç de Montalt,121.9,22718.0,150504.0
6176,2021.0,Sant Vicenç de Torelló,104.9,19550.0,40585.0
6177,2021.0,Sant Vicenç dels Horts,93.8,17490.0,491901.0
6178,2021.0,Santa Bàrbara,75.8,14118.0,53210.0
6179,2021.0,Santa Coloma de Cervelló,106.7,19892.0,165182.0
6180,2021.0,Santa Coloma de Farners,85.5,15930.0,215820.0
6181,2021.0,Santa Coloma de Gramenet,82.7,15415.0,1818040.0
6182,2021.0,Santa Coloma de Queralt,93.0,17335.0,47290.0
6183,2021.0,Santa Cristina d'Aro,93.8,17489.0,96102.0
6184,2021.0,Santa Eugènia de Berga,101.1,18833.0,42411.0
6185,2021.0,Santa Eulàlia de Riuprimer,99.3,18503.0,26071.0
6186,2021.0,Santa Eulàlia de Ronçana,102.5,19095.0,145902.0
6187,2021.0,Santa Margarida de Montbui,71.6,13342.0,136479.0
6188,2021.0,Santa Margarida i els Monjos,97.3,18126.0,138245.0
6189,2021.0,Santa Maria d'Oló,96.6,18010.0,19235.0
6190,2021.0,Santa Maria de Palautordera,100.2,18666.0,181176.0
6191,2021.0,Santa Oliva,76.5,14255.0,49892.0
6192,2021.0,Santa Pau,101.0,18828.0,30163.0
6193,2021.0,Santa Perpètua de Mogoda,98.2,18294.0,473888.0
6194,2021.0,Santa Susanna,87.1,16228.0,59720.0
6195,2021.0,Santpedor,101.2,18860.0,143167.0
6196,2021.0,Sarral,81.0,15103.0,23560.0
6197,2021.0,Sarrià de Ter,98.1,18285.0,96452.0
6198,2021.0,"Secuita, la",97.3,18142.0,31640.0
6199,2021.0,"Selva del Camp, la",91.1,16977.0,96936.0
6200,2021.0,Sentmenat,99.8,18608.0,174261.0
6201,2021.0,Serinyà,94.1,17543.0,20104.0
6202,2021.0,Seròs,71.7,13366.0,25275.0
6203,2021.0,"Seu d'Urgell, la",79.6,14827.0,181125.0
6204,2021.0,Seva,103.7,19327.0,71837.0
6205,2021.0,Sils,89.4,16663.0,106841.0
6206,2021.0,Sitges,116.8,21761.0,669438.0
6207,2021.0,Solsona,87.2,16252.0,149353.0
6208,2021.0,Sort,94.5,17620.0,39100.0
6209,2021.0,Soses,81.1,15105.0,26752.0
6210,2021.0,Subirats,96.1,17903.0,57431.0
6211,2021.0,"Sénia, la",73.0,13607.0,75875.0
6212,2021.0,Súria,98.9,18428.0,109130.0
6213,2021.0,Taradell,109.1,20333.0,135923.0
6214,2021.0,Tarragona,92.0,17145.0,2327982.0
6215,2021.0,Teià,125.5,23384.0,153613.0
6216,2021.0,Terrassa,98.2,18309.0,4076207.0
6217,2021.0,Tiana,134.3,25025.0,227206.0
6218,2021.0,Tivissa,80.9,15081.0,24551.0
6219,2021.0,Tona,102.7,19140.0,160031.0
6220,2021.0,Tordera,82.2,15326.0,274833.0
6221,2021.0,Torelló,99.0,18442.0,269936.0
6222,2021.0,"Torre de Claramunt, la",90.9,16935.0,66299.0
6223,2021.0,Torredembarra,82.9,15456.0,264531.0
6224,2021.0,Torrefarrera,93.7,17462.0,83328.0
6225,2021.0,Torregrossa,78.2,14572.0,31782.0
6226,2021.0,Torrelavit,105.6,19687.0,28448.0
6227,2021.0,Torrelles de Foix,71.7,13370.0,33773.0
6228,2021.0,Torrelles de Llobregat,109.3,20368.0,125551.0
6229,2021.0,Torres de Segre,78.6,14648.0,33647.0
6230,2021.0,Torroella de Montgrí,77.9,14521.0,173805.0
6231,2021.0,Tortosa,84.9,15816.0,535977.0
6232,2021.0,Torà,86.0,16023.0,20189.0
6233,2021.0,Tossa de Mar,74.4,13865.0,81900.0
6234,2021.0,Tremp,89.8,16743.0,98467.0
6235,2021.0,Tàrrega,85.3,15902.0,280971.0
6236,2021.0,Térmens,81.1,15106.0,20227.0
6237,2021.0,Ullastrell,107.6,20050.0,42466.0
6238,2021.0,Ulldecona,70.7,13177.0,84083.0
6239,2021.0,Ullà,73.2,13635.0,16143.0
6240,2021.0,Vacarisses,97.2,18107.0,130390.0
6241,2021.0,"Vall d'en Bas, la",106.0,19762.0,61935.0
6242,2021.0,"Vall de Bianya, la",108.4,20203.0,26850.0
6243,2021.0,"Vall de Boí, la",82.6,15386.0,16525.0
6244,2021.0,Vallbona d'Anoia,100.0,18645.0,25880.0
6245,2021.0,Vallfogona de Balaguer,85.8,15988.0,30617.0
6246,2021.0,Vallgorguina,97.5,18166.0,56315.0
6247,2021.0,Vallirana,103.3,19248.0,298829.0
6248,2021.0,Vallmoll,90.6,16880.0,31143.0
6249,2021.0,Vallromanes,127.0,23664.0,62023.0
6250,2021.0,Valls,91.2,16997.0,418468.0
6251,2021.0,Vandellòs i l'Hospitalet de l'Infant,86.9,16189.0,108027.0
6252,2021.0,"Vendrell, el",86.7,16167.0,630236.0
6253,2021.0,Verges,88.5,16491.0,19426.0
6254,2021.0,Vic,94.2,17562.0,829295.0
6255,2021.0,Vidreres,88.4,16480.0,135154.0
6256,2021.0,Vielha e Mijaran,89.8,16732.0,93767.0
6257,2021.0,Vila-rodona,82.2,15321.0,20101.0
6258,2021.0,Vila-seca,80.3,14965.0,342134.0
6259,2021.0,Vilablareix,116.5,21707.0,72002.0
6260,2021.0,Viladecans,98.4,18342.0,1222987.0
6261,2021.0,Viladecavalls,111.6,20803.0,158913.0
6262,2021.0,Viladrau,100.7,18764.0,20678.0
6263,2021.0,Vilafant,91.2,16995.0,93726.0
6264,2021.0,Vilafranca del Penedès,96.3,17951.0,718326.0
6265,2021.0,Vilajuïga,90.4,16848.0,19206.0
6266,2021.0,Vilallonga del Camp,89.6,16698.0,39991.0
6267,2021.0,Vilamalla,80.0,14914.0,17300.0
6268,2021.0,Vilanova de Bellpuig,82.1,15292.0,18335.0
6269,2021.0,Vilanova de Segrià,85.2,15882.0,15978.0
6270,2021.0,Vilanova de la Barca,80.5,14997.0,16706.0
6271,2021.0,Vilanova del Camí,82.7,15413.0,196005.0
6272,2021.0,Vilanova del Vallès,107.1,19955.0,111011.0
6273,2021.0,Vilanova i la Geltrú,99.7,18587.0,1255464.0
6274,2021.0,Vilassar de Dalt,126.0,23473.0,213935.0
6275,2021.0,Vilassar de Mar,116.6,21722.0,456450.0
6276,2021.0,Vilobí d'Onyar,98.8,18408.0,60711.0
6277,2021.0,Vilobí del Penedès,90.4,16850.0,19192.0
6278,2021.0,Vinyols i els Arcs,93.9,17493.0,39150.0
6279,2021.0,Xerta,86.0,16019.0,18437.0
6280,2021.0,Òdena,88.7,16526.0,61294.0
6281,2022.0,Abrera,101.3,19389.0,247265.0
6282,2022.0,Agramunt,86.2,16508.0,90447.0
6283,2022.0,Aiguafreda,106.8,20442.0,52351.0
6284,2022.0,Aitona,72.1,13799.0,34690.0
6285,2022.0,Albatàrrec,76.6,14661.0,32592.0
6286,2022.0,Albesa,81.3,15559.0,24599.0
6287,2022.0,Albinyana,77.1,14762.0,38631.0
6288,2022.0,Alcanar,76.3,14611.0,141117.0
6289,2022.0,Alcarràs,77.2,14767.0,146875.0
6290,2022.0,Alcoletge,80.4,15389.0,54309.0
6291,2022.0,Alcover,87.8,16801.0,88678.0
6292,2022.0,"Aldea, l'",73.3,14032.0,62077.0
6293,2022.0,Alella,137.9,26404.0,266464.0
6294,2022.0,Alfarràs,79.1,15148.0,42201.0
6295,2022.0,Alforja,83.1,15908.0,31228.0
6296,2022.0,Alguaire,82.1,15713.0,47468.0
6297,2022.0,Almacelles,76.8,14696.0,102653.0
6298,2022.0,Almenar,80.6,15427.0,52081.0
6299,2022.0,Almoster,123.9,23710.0,30918.0
6300,2022.0,Alp,95.6,18301.0,31440.0
6301,2022.0,Alpicat,110.4,21135.0,135518.0
6302,2022.0,Altafulla,101.8,19491.0,109870.0
6303,2022.0,Amer,92.2,17643.0,42484.0
6304,2022.0,"Ametlla de Mar, l'",74.1,14187.0,103293.0
6305,2022.0,"Ametlla del Vallès, l'",130.3,24932.0,227880.0
6306,2022.0,"Ampolla, l'",80.9,15484.0,55820.0
6307,2022.0,Amposta,74.1,14186.0,311828.0
6308,2022.0,Anglesola,82.0,15701.0,21260.0
6309,2022.0,Anglès,85.6,16378.0,94498.0
6310,2022.0,Arbeca,91.8,17579.0,36968.0
6311,2022.0,"Arboç, l'",78.4,15012.0,84654.0
6312,2022.0,Arbúcies,82.4,15778.0,102761.0
6313,2022.0,Arenys de Mar,103.2,19760.0,319833.0
6314,2022.0,Arenys de Munt,100.9,19320.0,180156.0
6315,2022.0,Argentona,103.5,19805.0,253352.0
6316,2022.0,"Armentera, l'",79.4,15199.0,16019.0
6317,2022.0,Artesa de Lleida,82.5,15792.0,24194.0
6318,2022.0,Artesa de Segre,81.1,15525.0,54508.0
6319,2022.0,Artés,96.1,18387.0,109016.0
6320,2022.0,Ascó,86.1,16487.0,26676.0
6321,2022.0,Avinyonet de Puigventós,93.3,17861.0,30078.0
6322,2022.0,Avinyonet del Penedès,94.7,18135.0,31338.0
6323,2022.0,Avinyó,95.7,18315.0,41684.0
6324,2022.0,Avià,100.0,19139.0,42947.0
6325,2022.0,Badalona,93.9,17971.0,4013416.0
6326,2022.0,Badia del Vallès,79.7,15259.0,199973.0
6327,2022.0,Bagà,100.5,19231.0,41557.0
6328,2022.0,Balaguer,77.5,14841.0,258889.0
6329,2022.0,Balenyà,90.1,17254.0,68049.0
6330,2022.0,Balsareny,95.8,18343.0,60054.0
6331,2022.0,Banyeres del Penedès,90.2,17260.0,57181.0
6332,2022.0,Banyoles,99.2,18991.0,386120.0
6333,2022.0,Barberà del Vallès,100.2,19180.0,637763.0
6334,2022.0,Barcelona,120.2,23003.0,37622819.0
6335,2022.0,Batea,71.1,13613.0,25387.0
6336,2022.0,Begues,123.5,23630.0,175616.0
6337,2022.0,Begur,97.4,18634.0,78523.0
6338,2022.0,Bell-lloc d'Urgell,90.9,17390.0,40815.0
6339,2022.0,Bellcaire d'Urgell,86.5,16555.0,20313.0
6340,2022.0,Bellpuig,80.9,15481.0,80348.0
6341,2022.0,Bellvei,75.6,14470.0,33903.0
6342,2022.0,Bellver de Cerdanya,93.6,17923.0,39879.0
6343,2022.0,Bellvís,82.1,15712.0,35258.0
6344,2022.0,Benavent de Segrià,90.5,17328.0,27240.0
6345,2022.0,Benissanet,74.3,14227.0,16432.0
6346,2022.0,Berga,93.7,17940.0,302857.0
6347,2022.0,Besalú,94.7,18134.0,45244.0
6348,2022.0,Bescanó,97.6,18675.0,96383.0
6349,2022.0,Bigues i Riells del Fai,108.4,20739.0,204055.0
6350,2022.0,"Bisbal d'Empordà, la",80.7,15454.0,173909.0
6351,2022.0,"Bisbal del Penedès, la",76.8,14705.0,60364.0
6352,2022.0,Blanes,81.9,15669.0,641602.0
6353,2022.0,Bordils,98.2,18804.0,33640.0
6354,2022.0,"Borges Blanques, les",84.6,16200.0,100653.0
6355,2022.0,"Borges del Camp, les",87.8,16805.0,36349.0
6356,2022.0,Bossòst,95.7,18316.0,20716.0
6357,2022.0,Botarell,93.9,17975.0,20384.0
6358,2022.0,Breda,90.6,17337.0,66954.0
6359,2022.0,"Bruc, el",107.4,20548.0,46396.0
6360,2022.0,Bàscara,87.4,16723.0,17342.0
6361,2022.0,"Cabanyes, les",101.7,19466.0,19447.0
6362,2022.0,Cabra del Camp,81.8,15655.0,19866.0
6363,2022.0,Cabrera d'Anoia,83.3,15953.0,26195.0
6364,2022.0,Cabrera de Mar,129.5,24788.0,121561.0
6365,2022.0,Cabrils,128.1,24516.0,190344.0
6366,2022.0,Cadaqués,73.4,14043.0,40710.0
6367,2022.0,Calaf,85.2,16309.0,58127.0
6368,2022.0,Calafell,81.2,15546.0,462513.0
6369,2022.0,Calders,101.4,19407.0,21309.0
6370,2022.0,Caldes d'Estrac,112.9,21610.0,68655.0
6371,2022.0,Caldes de Malavella,92.2,17653.0,146135.0
6372,2022.0,Caldes de Montbui,102.6,19644.0,353841.0
6373,2022.0,Calella,85.3,16319.0,318256.0
6374,2022.0,Calldetenes,102.0,19532.0,49903.0
6375,2022.0,Callús,95.3,18239.0,38448.0
6376,2022.0,Calonge i Sant Antoni,86.2,16501.0,195366.0
6377,2022.0,Camarles,77.3,14805.0,49551.0
6378,2022.0,Cambrils,89.1,17061.0,614725.0
6379,2022.0,Campdevànol,104.0,19909.0,63948.0
6380,2022.0,Camprodon,91.1,17428.0,43046.0
6381,2022.0,Canet de Mar,93.8,17957.0,268324.0
6382,2022.0,"Canonja, la",82.9,15868.0,93746.0
6383,2022.0,Canovelles,83.2,15931.0,269563.0
6384,2022.0,Canyelles,95.9,18350.0,93697.0
6385,2022.0,Capellades,95.8,18346.0,98719.0
6386,2022.0,Cardedeu,102.6,19642.0,372155.0
6387,2022.0,Cardona,97.4,18651.0,85181.0
6388,2022.0,Casserres,98.8,18912.0,31091.0
6389,2022.0,Cassà de la Selva,93.6,17921.0,192505.0
6390,2022.0,"Castell d'Aro, Platja d'Aro i s'Agaró",71.5,13690.0,165469.0
6391,2022.0,Castellar del Vallès,106.7,20422.0,510887.0
6392,2022.0,Castellbell i el Vilar,90.2,17267.0,68600.0
6393,2022.0,Castellbisbal,100.5,19231.0,245426.0
6394,2022.0,Castelldefels,110.5,21142.0,1429857.0
6395,2022.0,Castellet i la Gornal,89.4,17106.0,43123.0
6396,2022.0,Castellgalí,93.3,17855.0,40478.0
6397,2022.0,Castellnou de Bages,103.2,19755.0,28033.0
6398,2022.0,Castellterçol,92.8,17770.0,47606.0
6399,2022.0,Castellvell del Camp,107.0,20481.0,61299.0
6400,2022.0,Castellví de Rosanes,103.1,19726.0,41069.0
6401,2022.0,Castellví de la Marca,88.4,16921.0,27750.0
6402,2022.0,Castelló d'Empúries,69.7,13339.0,153571.0
6403,2022.0,"Catllar, el",103.5,19813.0,99301.0
6404,2022.0,"Cellera de Ter, la",92.4,17693.0,35175.0
6405,2022.0,Celrà,90.0,17221.0,94078.0
6406,2022.0,Centelles,98.3,18807.0,144552.0
6407,2022.0,Cercs,95.2,18223.0,21484.0
6408,2022.0,Cerdanyola del Vallès,109.2,20898.0,1200949.0
6409,2022.0,Cervelló,108.6,20781.0,195030.0
6410,2022.0,Cervera,83.2,15930.0,150283.0
6411,2022.0,Cervià de Ter,105.9,20275.0,20336.0
6412,2022.0,Collbató,117.0,22401.0,106829.0
6413,2022.0,Constantí,73.8,14122.0,96015.0
6414,2022.0,Corbera d'Ebre,80.4,15398.0,15398.0
6415,2022.0,Corbera de Llobregat,110.4,21132.0,324954.0
6416,2022.0,Corbins,80.5,15410.0,22622.0
6417,2022.0,Cornellà de Llobregat,94.6,18101.0,1620159.0
6418,2022.0,Cornellà del Terri,96.1,18386.0,44090.0
6419,2022.0,Corçà,93.2,17843.0,22856.0
6420,2022.0,Creixell,83.2,15929.0,64099.0
6421,2022.0,"Cruïlles, Monells i Sant Sadurní de l'Heura",103.0,19706.0,26170.0
6422,2022.0,Cubelles,94.9,18171.0,303715.0
6423,2022.0,Cunit,79.1,15137.0,225409.0
6424,2022.0,Cànoves i Samalús,96.9,18540.0,61165.0
6425,2022.0,Deltebre,76.3,14602.0,171655.0
6426,2022.0,Dosrius,102.2,19560.0,114013.0
6427,2022.0,"Escala, l'",75.6,14478.0,153939.0
6428,2022.0,Esparreguera,98.7,18887.0,422101.0
6429,2022.0,"Espluga de Francolí, l'",90.5,17316.0,64676.0
6430,2022.0,Esplugues de Llobregat,115.0,22009.0,1028136.0
6431,2022.0,"Esquirol, l'",96.6,18483.0,41697.0
6432,2022.0,Falset,85.2,16304.0,45831.0
6433,2022.0,Figaró-Montmany,95.5,18276.0,20835.0
6434,2022.0,Figueres,75.7,14496.0,685388.0
6435,2022.0,Flaçà,90.8,17371.0,19803.0
6436,2022.0,Flix,93.2,17841.0,60267.0
6437,2022.0,Fogars de la Selva,92.3,17659.0,28237.0
6438,2022.0,Folgueroles,107.8,20634.0,46510.0
6439,2022.0,Fonollosa,99.5,19054.0,29572.0
6440,2022.0,Font-rubí,85.0,16272.0,23497.0
6441,2022.0,Fontcoberta,105.8,20249.0,29442.0
6442,2022.0,Forallac,96.1,18388.0,32271.0
6443,2022.0,Fornells de la Selva,129.8,24840.0,67439.0
6444,2022.0,"Franqueses del Vallès, les",96.5,18472.0,376724.0
6445,2022.0,"Fuliola, la",74.1,14185.0,17533.0
6446,2022.0,Gandesa,77.1,14752.0,45835.0
6447,2022.0,"Garriga, la",109.4,20947.0,353820.0
6448,2022.0,Gavà,105.9,20261.0,956090.0
6449,2022.0,Gelida,96.4,18453.0,145116.0
6450,2022.0,Gimenells i el Pla de la Font,75.4,14432.0,15990.0
6451,2022.0,Girona,98.5,18853.0,1939615.0
6452,2022.0,Gironella,92.8,17765.0,88113.0
6453,2022.0,Golmés,96.6,18480.0,35039.0
6454,2022.0,"Granada, la",99.0,18944.0,41923.0
6455,2022.0,Granollers,100.2,19180.0,1194981.0
6456,2022.0,Gualba,96.6,18489.0,30303.0
6457,2022.0,Guissona,81.9,15676.0,116507.0
6458,2022.0,Gurb,115.7,22148.0,59800.0
6459,2022.0,Horta de Sant Joan,78.7,15054.0,17553.0
6460,2022.0,"Hospitalet de Llobregat, l'",87.5,16747.0,4553956.0
6461,2022.0,"Hostalets de Pierola, els",91.9,17583.0,55456.0
6462,2022.0,Hostalric,88.6,16966.0,74428.0
6463,2022.0,Igualada,94.6,18102.0,743153.0
6464,2022.0,Isona i Conca Dellà,84.9,16257.0,17265.0
6465,2022.0,Ivars d'Urgell,85.7,16395.0,25970.0
6466,2022.0,"Jonquera, la",68.4,13099.0,43463.0
6467,2022.0,Juneda,81.7,15632.0,55776.0
6468,2022.0,Linyola,79.3,15184.0,41558.0
6469,2022.0,"Llagosta, la",89.9,17212.0,226056.0
6470,2022.0,Llagostera,86.4,16539.0,150452.0
6471,2022.0,Llançà,85.1,16282.0,81230.0
6472,2022.0,Lleida,92.3,17672.0,2496326.0
6473,2022.0,Llers,94.6,18105.0,22305.0
6474,2022.0,Llinars del Vallès,103.8,19866.0,205275.0
6475,2022.0,Lliçà d'Amunt,105.5,20186.0,321600.0
6476,2022.0,Lliçà de Vall,112.6,21543.0,145180.0
6477,2022.0,Llorenç del Penedès,93.2,17831.0,42669.0
6478,2022.0,Lloret de Mar,67.6,12941.0,515485.0
6479,2022.0,Llívia,82.9,15859.0,24026.0
6480,2022.0,Malgrat de Mar,85.9,16442.0,314166.0
6481,2022.0,Manlleu,86.1,16479.0,345369.0
6482,2022.0,Manresa,92.2,17645.0,1373119.0
6483,2022.0,Martorell,90.3,17287.0,494861.0
6484,2022.0,Martorelles,100.6,19252.0,93969.0
6485,2022.0,Masdenverge,75.4,14431.0,16336.0
6486,2022.0,"Masies de Voltregà, les",102.6,19645.0,62627.0
6487,2022.0,"Masnou, el",117.4,22480.0,539379.0
6488,2022.0,Masquefa,89.5,17127.0,167516.0
6489,2022.0,Matadepera,152.9,29265.0,287650.0
6490,2022.0,Mataró,91.3,17469.0,2253848.0
6491,2022.0,Maçanet de la Selva,80.2,15356.0,118271.0
6492,2022.0,Mediona,88.6,16956.0,43779.0
6493,2022.0,Miralcamp,78.8,15081.0,20631.0
6494,2022.0,Moià,93.1,17819.0,117269.0
6495,2022.0,Molins de Rei,113.4,21698.0,573293.0
6496,2022.0,Mollerussa,86.0,16470.0,250147.0
6497,2022.0,Mollet del Vallès,94.6,18103.0,930052.0
6498,2022.0,Monistrol de Montserrat,92.0,17608.0,55887.0
6499,2022.0,Mont-ras,116.4,22289.0,37222.0
6500,2022.0,Mont-roig del Camp,76.0,14540.0,195278.0
6501,2022.0,Montblanc,94.7,18131.0,134950.0
6502,2022.0,Montbrió del Camp,90.1,17246.0,53187.0
6503,2022.0,Montcada i Reixac,91.7,17556.0,644115.0
6504,2022.0,Montesquiu,88.4,16917.0,18186.0
6505,2022.0,Montferrer i Castellbò,64.9,12421.0,13577.0
6506,2022.0,Montgat,110.1,21077.0,261228.0
6507,2022.0,"Montmell, el",74.2,14195.0,26430.0
6508,2022.0,Montmeló,97.4,18643.0,163876.0
6509,2022.0,Montornès del Vallès,93.1,17821.0,297684.0
6510,2022.0,"Morell, el",89.3,17087.0,65476.0
6511,2022.0,Móra d'Ebre,84.1,16088.0,90577.0
6512,2022.0,Móra la Nova,77.4,14821.0,47620.0
6513,2022.0,Naut Aran,92.2,17641.0,33942.0
6514,2022.0,Navarcles,100.1,19157.0,116688.0
6515,2022.0,Navata,112.6,21557.0,31279.0
6516,2022.0,Navàs,97.8,18716.0,113982.0
6517,2022.0,Olesa de Bonesvalls,96.4,18461.0,38121.0
6518,2022.0,Olesa de Montserrat,95.1,18211.0,443556.0
6519,2022.0,Oliana,89.5,17124.0,31764.0
6520,2022.0,Olivella,88.7,16985.0,74565.0
6521,2022.0,Olost,106.1,20300.0,24603.0
6522,2022.0,Olot,90.6,17350.0,648051.0
6523,2022.0,Olèrdola,97.8,18711.0,73272.0
6524,2022.0,Os de Balaguer,80.5,15401.0,16340.0
6525,2022.0,Palafolls,89.1,17053.0,166284.0
6526,2022.0,Palafrugell,79.1,15146.0,357259.0
6527,2022.0,Palamós,87.6,16775.0,306104.0
6528,2022.0,"Palau d'Anglesola, el",89.0,17026.0,37184.0
6529,2022.0,Palau-saverdera,83.5,15975.0,23691.0
6530,2022.0,Palau-solità i Plegamans,105.9,20270.0,304145.0
6531,2022.0,"Pallaresos, els",102.4,19595.0,96935.0
6532,2022.0,Pallejà,108.5,20764.0,242523.0
6533,2022.0,"Palma de Cervelló, la",109.9,21032.0,63747.0
6534,2022.0,Pals,92.1,17623.0,45220.0
6535,2022.0,"Papiol, el",106.3,20354.0,87422.0
6536,2022.0,Parets del Vallès,102.9,19700.0,372181.0
6537,2022.0,Perafort,89.1,17054.0,21898.0
6538,2022.0,Peralada,100.6,19248.0,38534.0
6539,2022.0,"Perelló, el",69.3,13261.0,38258.0
6540,2022.0,Piera,87.1,16673.0,283169.0
6541,2022.0,Pineda de Mar,81.6,15624.0,445567.0
6542,2022.0,"Pinell de Brai, el",83.2,15916.0,16059.0
6543,2022.0,"Pla de Santa Maria, el",82.7,15826.0,37398.0
6544,2022.0,"Pla del Penedès, el",89.5,17123.0,22654.0
6545,2022.0,"Planes d'Hostoles, les",89.2,17076.0,29764.0
6546,2022.0,"Pobla de Claramunt, la",91.6,17535.0,40261.0
6547,2022.0,"Pobla de Lillet, la",96.0,18366.0,19927.0
6548,2022.0,"Pobla de Mafumet, la",73.4,14053.0,57278.0
6549,2022.0,"Pobla de Montornès, la",87.1,16678.0,53135.0
6550,2022.0,"Pobla de Segur, la",87.1,16676.0,50863.0
6551,2022.0,Polinyà,96.7,18506.0,156823.0
6552,2022.0,"Pont de Suert, el",83.3,15936.0,38040.0
6553,2022.0,"Pont de Vilomara i Rocafort, el",86.2,16498.0,67081.0
6554,2022.0,Ponts,83.9,16056.0,42838.0
6555,2022.0,Porqueres,98.9,18924.0,89168.0
6556,2022.0,"Port de la Selva, el",91.8,17564.0,18109.0
6557,2022.0,Portbou,82.1,15714.0,16830.0
6558,2022.0,"Prat de Llobregat, el",99.2,18987.0,1236997.0
6559,2022.0,Prats de Lluçanès,95.3,18250.0,48381.0
6560,2022.0,Premià de Dalt,123.1,23552.0,246075.0
6561,2022.0,Premià de Mar,99.8,19107.0,545200.0
6562,2022.0,"Preses, les",103.3,19763.0,37233.0
6563,2022.0,Puig-reig,93.8,17949.0,78221.0
6564,2022.0,Puigcerdà,76.9,14724.0,141730.0
6565,2022.0,Puigpelat,85.6,16378.0,19802.0
6566,2022.0,Puigverd de Lleida,83.1,15897.0,22208.0
6567,2022.0,Quart,106.2,20330.0,80650.0
6568,2022.0,Reus,88.8,16995.0,1829878.0
6569,2022.0,Riba-roja d'Ebre,67.7,12950.0,14685.0
6570,2022.0,Ribes de Freser,100.5,19236.0,35124.0
6571,2022.0,Riells i Viabrea,92.3,17662.0,76883.0
6572,2022.0,"Riera de Gaià, la",89.3,17092.0,30167.0
6573,2022.0,Ripoll,92.8,17770.0,191137.0
6574,2022.0,Ripollet,90.7,17365.0,677783.0
6575,2022.0,Riudarenes,91.5,17512.0,40767.0
6576,2022.0,Riudecanyes,86.4,16541.0,21735.0
6577,2022.0,Riudecols,96.5,18466.0,22251.0
6578,2022.0,Riudellots de la Selva,105.0,20088.0,41723.0
6579,2022.0,Riudoms,82.1,15713.0,107257.0
6580,2022.0,"Roca del Vallès, la",110.0,21049.0,227628.0
6581,2022.0,Roda de Berà,85.0,16275.0,125237.0
6582,2022.0,Roda de Ter,94.1,18015.0,119492.0
6583,2022.0,Roquetes,80.7,15445.0,127162.0
6584,2022.0,Roses,70.0,13396.0,265056.0
6585,2022.0,Rosselló,86.0,16461.0,54504.0
6586,2022.0,Rubí,91.8,17572.0,1396825.0
6587,2022.0,"Ràpita, la",79.2,15151.0,229425.0
6588,2022.0,Sabadell,99.8,19107.0,4136846.0
6589,2022.0,Sallent,97.2,18605.0,126865.0
6590,2022.0,Salou,80.1,15336.0,448527.0
6591,2022.0,Salt,68.3,13079.0,430342.0
6592,2022.0,Sant Adrià de Besòs,86.9,16636.0,622383.0
6593,2022.0,Sant Andreu de Llavaneres,115.5,22108.0,259154.0
6594,2022.0,Sant Andreu de la Barca,95.2,18230.0,490455.0
6595,2022.0,Sant Antoni de Vilamajor,109.3,20921.0,136424.0
6596,2022.0,Sant Boi de Llobregat,97.4,18638.0,1554303.0
6597,2022.0,Sant Cebrià de Vallalta,101.8,19487.0,72355.0
6598,2022.0,Sant Celoni,94.4,18073.0,331337.0
6599,2022.0,Sant Climent de Llobregat,101.1,19350.0,80825.0
6600,2022.0,Sant Cugat Sesgarrigues,98.1,18782.0,19195.0
6601,2022.0,Sant Cugat del Vallès,136.0,26038.0,2518623.0
6602,2022.0,Sant Esteve Sesrovires,111.8,21392.0,168527.0
6603,2022.0,Sant Esteve de Palautordera,100.8,19290.0,58392.0
6604,2022.0,Sant Feliu de Codines,96.3,18436.0,119205.0
6605,2022.0,Sant Feliu de Guíxols,81.1,15523.0,347228.0
6606,2022.0,Sant Feliu de Llobregat,110.1,21081.0,963958.0
6607,2022.0,Sant Feliu de Pallerols,85.3,16323.0,25186.0
6608,2022.0,Sant Fost de Campsentelles,106.2,20327.0,185163.0
6609,2022.0,Sant Fruitós de Bages,109.2,20894.0,190013.0
6610,2022.0,Sant Gregori,108.9,20841.0,86261.0
6611,2022.0,Sant Guim de Freixenet,84.7,16221.0,18346.0
6612,2022.0,Sant Hilari Sacalm,84.9,16242.0,95322.0
6613,2022.0,Sant Hipòlit de Voltregà,99.7,19076.0,70105.0
6614,2022.0,Sant Iscle de Vallalta,94.2,18021.0,25860.0
6615,2022.0,Sant Jaume d'Enveja,72.1,13808.0,50219.0
6616,2022.0,Sant Jaume dels Domenys,87.6,16761.0,46076.0
6617,2022.0,Sant Joan Despí,113.2,21658.0,741980.0
6618,2022.0,Sant Joan de Vilatorrada,95.2,18226.0,198025.0
6619,2022.0,Sant Joan de les Abadesses,98.9,18933.0,62195.0
6620,2022.0,Sant Joan les Fonts,103.0,19714.0,60521.0
6621,2022.0,Sant Julià de Ramis,102.6,19642.0,71870.0
6622,2022.0,Sant Julià de Vilatorta,118.3,22639.0,72605.0
6623,2022.0,Sant Julià del Llor i Bonmatí,94.0,17987.0,24409.0
6624,2022.0,Sant Just Desvern,158.6,30352.0,610256.0
6625,2022.0,Sant Llorenç Savall,90.0,17235.0,43414.0
6626,2022.0,Sant Llorenç d'Hortons,103.2,19755.0,50117.0
6627,2022.0,Sant Llorenç de Morunys,96.0,18378.0,18304.0
6628,2022.0,Sant Martí Sarroca,87.7,16787.0,56186.0
6629,2022.0,Sant Martí de Centelles,87.3,16703.0,20612.0
6630,2022.0,Sant Martí de Tous,100.9,19315.0,24240.0
6631,2022.0,Sant Pere Pescador,83.2,15916.0,33249.0
6632,2022.0,Sant Pere de Ribes,93.9,17972.0,568007.0
6633,2022.0,Sant Pere de Riudebitlles,96.4,18443.0,45056.0
6634,2022.0,Sant Pere de Torelló,98.4,18833.0,48005.0
6635,2022.0,Sant Pere de Vilamajor,101.6,19448.0,93781.0
6636,2022.0,Sant Pol de Mar,108.0,20677.0,118130.0
6637,2022.0,Sant Quintí de Mediona,80.0,15312.0,36703.0
6638,2022.0,Sant Quirze de Besora,98.9,18922.0,40020.0
6639,2022.0,Sant Quirze del Vallès,130.3,24946.0,502755.0
6640,2022.0,Sant Sadurní d'Anoia,102.1,19542.0,251817.0
6641,2022.0,Sant Salvador de Guardiola,94.9,18160.0,61434.0
6642,2022.0,Sant Vicenç de Castellet,85.9,16436.0,164230.0
6643,2022.0,Sant Vicenç de Montalt,123.3,23591.0,157943.0
6644,2022.0,Sant Vicenç de Torelló,107.1,20504.0,42504.0
6645,2022.0,Sant Vicenç dels Horts,93.1,17829.0,504206.0
6646,2022.0,Santa Bàrbara,76.0,14553.0,54677.0
6647,2022.0,Santa Coloma de Cervelló,110.8,21199.0,176923.0
6648,2022.0,Santa Coloma de Farners,87.5,16754.0,229626.0
6649,2022.0,Santa Coloma de Gramenet,83.2,15925.0,1883828.0
6650,2022.0,Santa Coloma de Queralt,90.4,17312.0,48214.0
6651,2022.0,Santa Cristina d'Aro,92.4,17678.0,99229.0
6652,2022.0,Santa Eugènia de Berga,100.8,19296.0,43860.0
6653,2022.0,Santa Eulàlia de Riuprimer,99.5,19040.0,27131.0
6654,2022.0,Santa Eulàlia de Ronçana,101.3,19397.0,151416.0
6655,2022.0,Santa Margarida de Montbui,70.4,13469.0,139407.0
6656,2022.0,Santa Margarida i els Monjos,95.8,18332.0,139323.0
6657,2022.0,Santa Maria d'Oló,95.3,18236.0,19677.0
6658,2022.0,Santa Maria de Palautordera,99.6,19072.0,186942.0
6659,2022.0,Santa Oliva,75.4,14433.0,52276.0
6660,2022.0,Santa Pau,97.9,18736.0,30296.0
6661,2022.0,Santa Perpètua de Mogoda,96.2,18415.0,476519.0
6662,2022.0,Santa Susanna,89.7,17169.0,65328.0
6663,2022.0,Santpedor,103.1,19733.0,150737.0
6664,2022.0,Sarral,82.0,15697.0,25005.0
6665,2022.0,Sarrià de Ter,96.5,18474.0,98208.0
6666,2022.0,"Secuita, la",95.9,18350.0,32535.0
6667,2022.0,"Selva del Camp, la",89.4,17110.0,97800.0
6668,2022.0,Sentmenat,98.0,18756.0,176977.0
6669,2022.0,Serinyà,92.7,17749.0,20483.0
6670,2022.0,Seròs,74.5,14268.0,26467.0
6671,2022.0,"Seu d'Urgell, la",78.8,15080.0,186467.0
6672,2022.0,Seva,105.7,20231.0,76007.0
6673,2022.0,Sils,89.0,17036.0,111365.0
6674,2022.0,Sitges,120.5,23059.0,730337.0
6675,2022.0,Solsona,88.8,16996.0,156295.0
6676,2022.0,Sort,95.2,18213.0,40688.0
6677,2022.0,Soses,77.1,14748.0,26797.0
6678,2022.0,Subirats,94.3,18053.0,58691.0
6679,2022.0,"Sénia, la",73.3,14034.0,78338.0
6680,2022.0,Súria,99.3,19001.0,113663.0
6681,2022.0,Taradell,116.4,22274.0,150304.0
6682,2022.0,Tarragona,91.0,17409.0,2382822.0
6683,2022.0,Teià,136.1,26046.0,173310.0
6684,2022.0,Terrassa,97.6,18684.0,4184775.0
6685,2022.0,Tiana,138.7,26539.0,243605.0
6686,2022.0,Tivissa,81.5,15591.0,25492.0
6687,2022.0,Tona,104.7,20036.0,168264.0
6688,2022.0,Tordera,81.2,15538.0,283554.0
6689,2022.0,Torelló,98.6,18869.0,279828.0
6690,2022.0,"Torre de Claramunt, la",86.3,16516.0,66029.0
6691,2022.0,Torredembarra,82.7,15832.0,275680.0
6692,2022.0,Torrefarrera,94.1,18014.0,86902.0
6693,2022.0,Torregrossa,76.8,14695.0,32447.0
6694,2022.0,Torrelavit,100.6,19258.0,28522.0
6695,2022.0,Torrelles de Foix,71.6,13702.0,35419.0
6696,2022.0,Torrelles de Llobregat,107.2,20515.0,127397.0
6697,2022.0,Torres de Segre,83.0,15892.0,35947.0
6698,2022.0,Torroella de Montgrí,80.1,15327.0,185325.0
6699,2022.0,Tortosa,82.7,15834.0,545911.0
6700,2022.0,Torà,86.2,16505.0,20697.0
6701,2022.0,Tossa de Mar,79.7,15254.0,92285.0
6702,2022.0,Tremp,91.2,17462.0,103739.0
6703,2022.0,Tàrrega,84.4,16155.0,290152.0
6704,2022.0,Térmens,82.5,15793.0,21100.0
6705,2022.0,Ullastrell,108.4,20755.0,44664.0
6706,2022.0,Ulldecona,71.4,13670.0,87720.0
6707,2022.0,Ullà,75.7,14486.0,17441.0
6708,2022.0,Vacarisses,97.0,18570.0,137159.0
6709,2022.0,"Vall d'en Bas, la",113.4,21704.0,68673.0
6710,2022.0,"Vall de Bianya, la",108.8,20822.0,28173.0
6711,2022.0,"Vall de Boí, la",81.4,15580.0,17029.0
6712,2022.0,Vallbona d'Anoia,94.6,18104.0,25545.0
6713,2022.0,Vallfogona de Balaguer,85.5,16370.0,32003.0
6714,2022.0,Vallgorguina,96.4,18459.0,58477.0
6715,2022.0,Vallirana,100.1,19166.0,301113.0
6716,2022.0,Vallmoll,94.3,18051.0,34459.0
6717,2022.0,Vallromanes,120.5,23064.0,61696.0
6718,2022.0,Valls,89.1,17056.0,423182.0
6719,2022.0,Vandellòs i l'Hospitalet de l'Infant,84.9,16245.0,111411.0
6720,2022.0,"Vendrell, el",87.1,16662.0,656206.0
6721,2022.0,Verges,94.4,18062.0,21223.0
6722,2022.0,Vic,92.6,17726.0,846297.0
6723,2022.0,Vidreres,86.8,16605.0,138681.0
6724,2022.0,Vielha e Mijaran,92.9,17777.0,100441.0
6725,2022.0,Vila-rodona,81.0,15509.0,20968.0
6726,2022.0,Vila-seca,81.1,15523.0,360125.0
6727,2022.0,Vilablareix,117.8,22542.0,77861.0
6728,2022.0,Viladecans,98.9,18933.0,1260521.0
6729,2022.0,Viladecavalls,108.7,20806.0,160765.0
6730,2022.0,Viladrau,106.2,20322.0,22679.0
6731,2022.0,Vilafant,89.4,17109.0,95641.0
6732,2022.0,Vilafranca del Penedès,94.0,17997.0,725800.0
6733,2022.0,Vilajuïga,88.7,16981.0,19613.0
6734,2022.0,Vilallonga del Camp,90.0,17223.0,41730.0
6735,2022.0,Vilamalla,85.0,16262.0,19156.0
6736,2022.0,Vilanova de Bellpuig,80.4,15393.0,18102.0
6737,2022.0,Vilanova de Segrià,88.8,16991.0,17518.0
6738,2022.0,Vilanova de la Barca,84.2,16125.0,17608.0
6739,2022.0,Vilanova del Camí,82.2,15730.0,200180.0
6740,2022.0,Vilanova del Vallès,108.9,20847.0,116449.0
6741,2022.0,Vilanova i la Geltrú,99.1,18972.0,1294755.0
6742,2022.0,Vilassar de Dalt,118.8,22733.0,209118.0
6743,2022.0,Vilassar de Mar,119.2,22807.0,480091.0
6744,2022.0,Vilobí d'Onyar,102.6,19647.0,64423.0
6745,2022.0,Vilobí del Penedès,93.3,17866.0,20367.0
6746,2022.0,Vinyols i els Arcs,92.3,17668.0,40972.0
6747,2022.0,Xerta,82.8,15855.0,18296.0
6748,2022.0,Òdena,87.7,16785.0,62289.0
